[Thu Jun 11 08:23:35 UTC 2026] Starting discovery loop
[Thu Jun 11 08:23:35 UTC 2026] No more domains, restarting Tranco
[Thu Jun 11 08:24:49 UTC 2026] Starting discovery loop
[Thu Jun 11 08:24:49 UTC 2026] Batch 1: 5000 domains
[prefilter] input=/tmp/loop_domains_1_3.txt domains=998 concurrency=100
[prefilter] input=/tmp/loop_domains_1_4.txt domains=1000 concurrency=100
[prefilter] input=/tmp/loop_domains_1_2.txt domains=1000 concurrency=100
[prefilter] input=/tmp/loop_domains_1_1.txt domains=1000 concurrency=100
[prefilter] input=/tmp/loop_domains_1_5.txt domains=1000 concurrency=100
[prefilter] worker=68 checked=50/1000 passed=9 failed=41 by_platform={"shopify":2,"woocommerce-html":2,"woocommerce":3,"schema-product":1,"magento":1}
[prefilter] worker=10 checked=50/1000 passed=5 failed=45 by_platform={"shopify-html":3,"schema-product":1,"magento":1}
[prefilter] worker=89 checked=100/1000 passed=11 failed=89 by_platform={"shopify":2,"woocommerce-html":4,"woocommerce":3,"schema-product":1,"magento":1}
[prefilter] worker=67 checked=150/1000 passed=14 failed=136 by_platform={"shopify":2,"woocommerce-html":4,"woocommerce":4,"schema-product":2,"magento":1,"shopify-html":1}
[prefilter] worker=45 checked=200/1000 passed=19 failed=181 by_platform={"shopify":2,"woocommerce-html":7,"woocommerce":5,"schema-product":2,"magento":1,"shopify-html":2}
[prefilter] worker=24 checked=100/1000 passed=9 failed=91 by_platform={"shopify-html":4,"schema-product":2,"magento":1,"shopify":1,"woocommerce":1}
[prefilter] worker=29 checked=50/1000 passed=5 failed=45 by_platform={"woocommerce-html":3,"shopify":1,"shopify-html":1}
[prefilter] worker=46 checked=50/998 passed=2 failed=48 by_platform={"schema-product":1,"shopify-html":1}
[prefilter] worker=83 checked=50/1000 passed=2 failed=48 by_platform={"woocommerce":1,"shopify-html":1}
[prefilter] worker=49 checked=100/1000 passed=2 failed=98 by_platform={"woocommerce":1,"shopify-html":1}
[prefilter] worker=66 checked=100/1000 passed=5 failed=95 by_platform={"woocommerce-html":3,"shopify":1,"shopify-html":1}
[prefilter] worker=86 checked=250/1000 passed=21 failed=229 by_platform={"shopify":2,"woocommerce-html":8,"woocommerce":5,"schema-product":2,"magento":1,"shopify-html":3}
[prefilter] worker=37 checked=100/998 passed=2 failed=98 by_platform={"schema-product":1,"shopify-html":1}
[prefilter] worker=4 checked=150/1000 passed=9 failed=141 by_platform={"shopify-html":4,"schema-product":2,"magento":1,"shopify":1,"woocommerce":1}
[prefilter] worker=82 checked=300/1000 passed=21 failed=279 by_platform={"shopify":2,"woocommerce-html":8,"woocommerce":5,"schema-product":2,"magento":1,"shopify-html":3}
[prefilter] worker=11 checked=200/1000 passed=9 failed=191 by_platform={"shopify-html":4,"schema-product":2,"magento":1,"shopify":1,"woocommerce":1}
[prefilter] worker=41 checked=150/1000 passed=5 failed=145 by_platform={"woocommerce-html":3,"shopify":1,"shopify-html":1}
[prefilter] worker=61 checked=250/1000 passed=11 failed=239 by_platform={"shopify-html":5,"schema-product":2,"magento":1,"shopify":1,"woocommerce":1,"magento-html":1}
[prefilter] worker=46 checked=150/998 passed=2 failed=148 by_platform={"schema-product":1,"shopify-html":1}
[prefilter] worker=97 checked=150/1000 passed=2 failed=148 by_platform={"woocommerce":1,"shopify-html":1}
[prefilter] worker=35 checked=200/998 passed=5 failed=195 by_platform={"schema-product":1,"shopify-html":2,"woocommerce-html":1,"shopify":1}
[prefilter] worker=21 checked=300/1000 passed=17 failed=283 by_platform={"shopify-html":6,"schema-product":6,"magento":1,"shopify":2,"woocommerce":1,"magento-html":1}
[prefilter] worker=48 checked=200/1000 passed=2 failed=198 by_platform={"woocommerce":1,"shopify-html":1}
[prefilter] worker=71 checked=200/1000 passed=5 failed=195 by_platform={"woocommerce-html":3,"shopify":1,"shopify-html":1}
[prefilter] worker=86 checked=350/1000 passed=21 failed=329 by_platform={"shopify":2,"woocommerce-html":8,"woocommerce":5,"schema-product":2,"magento":1,"shopify-html":3}
[prefilter] worker=84 checked=250/998 passed=8 failed=242 by_platform={"schema-product":2,"shopify-html":3,"woocommerce-html":2,"shopify":1}
[prefilter] worker=11 checked=300/998 passed=12 failed=288 by_platform={"schema-product":2,"shopify-html":4,"woocommerce-html":4,"shopify":1,"woocommerce":1}
[prefilter] worker=1 checked=350/1000 passed=18 failed=332 by_platform={"shopify-html":6,"schema-product":6,"magento":1,"shopify":2,"woocommerce":2,"magento-html":1}
[prefilter] worker=59 checked=350/998 passed=17 failed=333 by_platform={"schema-product":3,"shopify-html":5,"woocommerce-html":5,"shopify":2,"woocommerce":2}
[prefilter] worker=87 checked=400/1000 passed=21 failed=379 by_platform={"shopify":2,"woocommerce-html":8,"woocommerce":5,"schema-product":2,"magento":1,"shopify-html":3}
[prefilter] worker=74 checked=400/998 passed=18 failed=382 by_platform={"schema-product":3,"shopify-html":6,"woocommerce-html":5,"shopify":2,"woocommerce":2}
[prefilter] worker=29 checked=250/1000 passed=5 failed=245 by_platform={"woocommerce-html":3,"shopify":1,"shopify-html":1}
[prefilter] worker=83 checked=250/1000 passed=2 failed=248 by_platform={"woocommerce":1,"shopify-html":1}
[prefilter] worker=51 checked=400/1000 passed=18 failed=382 by_platform={"shopify-html":6,"schema-product":6,"magento":1,"shopify":2,"woocommerce":2,"magento-html":1}
[prefilter] worker=49 checked=300/1000 passed=2 failed=298 by_platform={"woocommerce":1,"shopify-html":1}
[prefilter] worker=66 checked=300/1000 passed=5 failed=295 by_platform={"woocommerce-html":3,"shopify":1,"shopify-html":1}
[prefilter] worker=86 checked=450/1000 passed=21 failed=429 by_platform={"shopify":2,"woocommerce-html":8,"woocommerce":5,"schema-product":2,"magento":1,"shopify-html":3}
[prefilter] worker=20 checked=450/1000 passed=18 failed=432 by_platform={"shopify-html":6,"schema-product":6,"magento":1,"shopify":2,"woocommerce":2,"magento-html":1}
[prefilter] worker=77 checked=450/998 passed=18 failed=432 by_platform={"schema-product":3,"shopify-html":6,"woocommerce-html":5,"shopify":2,"woocommerce":2}
[prefilter] worker=82 checked=500/1000 passed=21 failed=479 by_platform={"shopify":2,"woocommerce-html":8,"woocommerce":5,"schema-product":2,"magento":1,"shopify-html":3}
[prefilter] worker=75 checked=500/998 passed=18 failed=482 by_platform={"schema-product":3,"shopify-html":6,"woocommerce-html":5,"shopify":2,"woocommerce":2}
[prefilter] worker=41 checked=350/1000 passed=5 failed=345 by_platform={"woocommerce-html":3,"shopify":1,"shopify-html":1}
[prefilter] worker=12 checked=550/998 passed=19 failed=531 by_platform={"schema-product":3,"shopify-html":6,"woocommerce-html":5,"shopify":3,"woocommerce":2}
[prefilter] worker=85 checked=350/1000 passed=2 failed=348 by_platform={"woocommerce":1,"shopify-html":1}
[prefilter] worker=87 checked=500/1000 passed=18 failed=482 by_platform={"shopify-html":6,"schema-product":6,"magento":1,"shopify":2,"woocommerce":2,"magento-html":1}
[prefilter] worker=48 checked=400/1000 passed=2 failed=398 by_platform={"woocommerce":1,"shopify-html":1}
[prefilter] worker=13 checked=600/998 passed=24 failed=576 by_platform={"schema-product":4,"shopify-html":7,"woocommerce-html":7,"shopify":4,"woocommerce":2}
[prefilter] worker=71 checked=400/1000 passed=5 failed=395 by_platform={"woocommerce-html":3,"shopify":1,"shopify-html":1}
[prefilter] worker=86 checked=550/1000 passed=21 failed=529 by_platform={"shopify":2,"woocommerce-html":8,"woocommerce":5,"schema-product":2,"magento":1,"shopify-html":3}
[prefilter] worker=1 checked=550/1000 passed=18 failed=532 by_platform={"shopify-html":6,"schema-product":6,"magento":1,"shopify":2,"woocommerce":2,"magento-html":1}
[prefilter] worker=33 checked=650/998 passed=27 failed=623 by_platform={"schema-product":4,"shopify-html":7,"woocommerce-html":9,"shopify":4,"woocommerce":2,"magento-html":1}
[prefilter] worker=87 checked=600/1000 passed=21 failed=579 by_platform={"shopify":2,"woocommerce-html":8,"woocommerce":5,"schema-product":2,"magento":1,"shopify-html":3}
[prefilter] worker=29 checked=450/1000 passed=5 failed=445 by_platform={"woocommerce-html":3,"shopify":1,"shopify-html":1}
[prefilter] worker=99 checked=450/1000 passed=2 failed=448 by_platform={"woocommerce":1,"shopify-html":1}
[prefilter] worker=51 checked=600/1000 passed=18 failed=582 by_platform={"shopify-html":6,"schema-product":6,"magento":1,"shopify":2,"woocommerce":2,"magento-html":1}
[prefilter] worker=49 checked=500/1000 passed=2 failed=498 by_platform={"woocommerce":1,"shopify-html":1}
[prefilter] worker=8 checked=700/998 passed=27 failed=673 by_platform={"schema-product":4,"shopify-html":7,"woocommerce-html":9,"shopify":4,"woocommerce":2,"magento-html":1}
[prefilter] worker=66 checked=500/1000 passed=5 failed=495 by_platform={"woocommerce-html":3,"shopify":1,"shopify-html":1}
[prefilter] worker=86 checked=650/1000 passed=21 failed=629 by_platform={"shopify":2,"woocommerce-html":8,"woocommerce":5,"schema-product":2,"magento":1,"shopify-html":3}
[prefilter] worker=20 checked=650/1000 passed=18 failed=632 by_platform={"shopify-html":6,"schema-product":6,"magento":1,"shopify":2,"woocommerce":2,"magento-html":1}
[prefilter] worker=33 checked=750/998 passed=27 failed=723 by_platform={"schema-product":4,"shopify-html":7,"woocommerce-html":9,"shopify":4,"woocommerce":2,"magento-html":1}
[prefilter] worker=82 checked=700/1000 passed=21 failed=679 by_platform={"shopify":2,"woocommerce-html":8,"woocommerce":5,"schema-product":2,"magento":1,"shopify-html":3}
[prefilter] worker=1 checked=700/1000 passed=21 failed=679 by_platform={"shopify-html":6,"schema-product":7,"magento":2,"shopify":2,"woocommerce":2,"magento-html":1,"woocommerce-html":1}
[prefilter] worker=26 checked=750/1000 passed=22 failed=728 by_platform={"shopify-html":7,"schema-product":7,"magento":2,"shopify":2,"woocommerce":2,"magento-html":1,"woocommerce-html":1}
[prefilter] worker=41 checked=550/1000 passed=5 failed=545 by_platform={"woocommerce-html":3,"shopify":1,"shopify-html":1}
[prefilter] worker=70 checked=550/1000 passed=2 failed=548 by_platform={"woocommerce":1,"shopify-html":1}
[prefilter] worker=48 checked=600/1000 passed=2 failed=598 by_platform={"woocommerce":1,"shopify-html":1}
[prefilter] worker=1 checked=800/998 passed=27 failed=773 by_platform={"schema-product":4,"shopify-html":7,"woocommerce-html":9,"shopify":4,"woocommerce":2,"magento-html":1}
[prefilter] worker=71 checked=600/1000 passed=5 failed=595 by_platform={"woocommerce-html":3,"shopify":1,"shopify-html":1}
[prefilter] worker=86 checked=750/1000 passed=21 failed=729 by_platform={"shopify":2,"woocommerce-html":8,"woocommerce":5,"schema-product":2,"magento":1,"shopify-html":3}
[prefilter] worker=14 checked=800/1000 passed=24 failed=776 by_platform={"shopify-html":8,"schema-product":7,"magento":2,"shopify":2,"woocommerce":2,"magento-html":1,"woocommerce-html":2}
[prefilter] worker=33 checked=850/998 passed=27 failed=823 by_platform={"schema-product":4,"shopify-html":7,"woocommerce-html":9,"shopify":4,"woocommerce":2,"magento-html":1}
[prefilter] worker=87 checked=800/1000 passed=21 failed=779 by_platform={"shopify":2,"woocommerce-html":8,"woocommerce":5,"schema-product":2,"magento":1,"shopify-html":3}
[prefilter] worker=40 checked=850/1000 passed=24 failed=826 by_platform={"shopify-html":8,"schema-product":7,"magento":2,"shopify":2,"woocommerce":2,"magento-html":1,"woocommerce-html":2}
[prefilter] worker=29 checked=650/1000 passed=5 failed=645 by_platform={"woocommerce-html":3,"shopify":1,"shopify-html":1}
[prefilter] worker=87 checked=650/1000 passed=2 failed=648 by_platform={"woocommerce":1,"shopify-html":1}
[prefilter] worker=49 checked=700/1000 passed=2 failed=698 by_platform={"woocommerce":1,"shopify-html":1}
[prefilter] worker=8 checked=900/998 passed=27 failed=873 by_platform={"schema-product":4,"shopify-html":7,"woocommerce-html":9,"shopify":4,"woocommerce":2,"magento-html":1}
[prefilter] worker=66 checked=700/1000 passed=5 failed=695 by_platform={"woocommerce-html":3,"shopify":1,"shopify-html":1}
[prefilter] worker=86 checked=850/1000 passed=21 failed=829 by_platform={"shopify":2,"woocommerce-html":8,"woocommerce":5,"schema-product":2,"magento":1,"shopify-html":3}
[prefilter] worker=14 checked=900/1000 passed=24 failed=876 by_platform={"shopify-html":8,"schema-product":7,"magento":2,"shopify":2,"woocommerce":2,"magento-html":1,"woocommerce-html":2}
[prefilter] worker=33 checked=950/998 passed=27 failed=923 by_platform={"schema-product":4,"shopify-html":7,"woocommerce-html":9,"shopify":4,"woocommerce":2,"magento-html":1}
[prefilter] worker=82 checked=900/1000 passed=21 failed=879 by_platform={"shopify":2,"woocommerce-html":8,"woocommerce":5,"schema-product":2,"magento":1,"shopify-html":3}
[prefilter] worker=97 checked=950/1000 passed=24 failed=926 by_platform={"shopify-html":8,"schema-product":7,"magento":2,"shopify":2,"woocommerce":2,"magento-html":1,"woocommerce-html":2}
[prefilter] worker=41 checked=750/1000 passed=5 failed=745 by_platform={"woocommerce-html":3,"shopify":1,"shopify-html":1}
[prefilter] worker=70 checked=750/1000 passed=2 failed=748 by_platform={"woocommerce":1,"shopify-html":1}
[prefilter] worker=48 checked=800/1000 passed=2 failed=798 by_platform={"woocommerce":1,"shopify-html":1}
[prefilter] worker=19 checked=998/998 passed=27 failed=971 by_platform={"schema-product":4,"shopify-html":7,"woocommerce-html":9,"shopify":4,"woocommerce":2,"magento-html":1}
[prefilter] done: {"checked":998,"passed":27,"failed":971,"by_platform":{"schema-product":4,"shopify-html":7,"woocommerce-html":9,"shopify":4,"woocommerce":2,"magento-html":1},"started_at":"2026-06-11T08:24:49.878Z","finished_at":"2026-06-11T08:30:32.943Z","output":"data/discovery_2026-06-11/prefilter_parallel/batch_1/batch3.ndjson","output_rows":27}
[prefilter] worker=71 checked=800/1000 passed=5 failed=795 by_platform={"woocommerce-html":3,"shopify":1,"shopify-html":1}
[prefilter] worker=86 checked=950/1000 passed=21 failed=929 by_platform={"shopify":2,"woocommerce-html":8,"woocommerce":5,"schema-product":2,"magento":1,"shopify-html":3}
[prefilter] worker=14 checked=1000/1000 passed=24 failed=976 by_platform={"shopify-html":8,"schema-product":7,"magento":2,"shopify":2,"woocommerce":2,"magento-html":1,"woocommerce-html":2}
[prefilter] done: {"checked":1000,"passed":24,"failed":976,"by_platform":{"shopify-html":8,"schema-product":7,"magento":2,"shopify":2,"woocommerce":2,"magento-html":1,"woocommerce-html":2},"started_at":"2026-06-11T08:24:49.890Z","finished_at":"2026-06-11T08:30:40.015Z","output":"data/discovery_2026-06-11/prefilter_parallel/batch_1/batch2.ndjson","output_rows":24}
[prefilter] worker=8 checked=1000/1000 passed=21 failed=979 by_platform={"shopify":2,"woocommerce-html":8,"woocommerce":5,"schema-product":2,"magento":1,"shopify-html":3}
[prefilter] done: {"checked":1000,"passed":21,"failed":979,"by_platform":{"shopify":2,"woocommerce-html":8,"woocommerce":5,"schema-product":2,"magento":1,"shopify-html":3},"started_at":"2026-06-11T08:24:49.903Z","finished_at":"2026-06-11T08:30:55.585Z","output":"data/discovery_2026-06-11/prefilter_parallel/batch_1/batch1.ndjson","output_rows":21}
[prefilter] worker=29 checked=850/1000 passed=5 failed=845 by_platform={"woocommerce-html":3,"shopify":1,"shopify-html":1}
[prefilter] worker=83 checked=850/1000 passed=2 failed=848 by_platform={"woocommerce":1,"shopify-html":1}
[prefilter] worker=49 checked=900/1000 passed=2 failed=898 by_platform={"woocommerce":1,"shopify-html":1}
[prefilter] worker=66 checked=900/1000 passed=5 failed=895 by_platform={"woocommerce-html":3,"shopify":1,"shopify-html":1}
[prefilter] worker=34 checked=950/1000 passed=5 failed=945 by_platform={"woocommerce-html":3,"shopify":1,"shopify-html":1}
[prefilter] worker=90 checked=950/1000 passed=2 failed=948 by_platform={"woocommerce":1,"shopify-html":1}
[prefilter] worker=48 checked=1000/1000 passed=2 failed=998 by_platform={"woocommerce":1,"shopify-html":1}
[prefilter] done: {"checked":1000,"passed":2,"failed":998,"by_platform":{"woocommerce":1,"shopify-html":1},"started_at":"2026-06-11T08:24:49.908Z","finished_at":"2026-06-11T08:31:57.052Z","output":"data/discovery_2026-06-11/prefilter_parallel/batch_1/batch5.ndjson","output_rows":2}
[prefilter] worker=66 checked=1000/1000 passed=5 failed=995 by_platform={"woocommerce-html":3,"shopify":1,"shopify-html":1}
[prefilter] done: {"checked":1000,"passed":5,"failed":995,"by_platform":{"woocommerce-html":3,"shopify":1,"shopify-html":1},"started_at":"2026-06-11T08:24:49.881Z","finished_at":"2026-06-11T08:31:58.497Z","output":"data/discovery_2026-06-11/prefilter_parallel/batch_1/batch4.ndjson","output_rows":5}
[Thu Jun 11 08:40:00 UTC 2026] Batch 1: 79 stores passed
[deep-page] input records=79 ecom=79 by_platform={"shopify":9,"woocommerce-html":22,"woocommerce":10,"schema-product":13,"magento":3,"shopify-html":20,"magento-html":2} concurrency=50
[dp] catholiccompany.com page=1 status=429 bodyLen=undefined
[dp] youtooz.com page=1 status=200 bodyLen=879288
[dp] shift.com page=1 status=404 bodyLen=undefined
[dp] flair.co page=1 status=200 bodyLen=157841
[dp] mileiq.com page=1 status=404 bodyLen=undefined
[dp] devolutions.net page=1 status=404 bodyLen=undefined
[dp:wc] tracking.my page=1 status=200 bodyLen=117
[dp] onetreeplanted.org page=1 status=200 bodyLen=312100
[dp:wc] archiwp.com page=1 status=404 bodyLen=undefined
[dp] easycash.id page=1 status=404 bodyLen=undefined
[dp:wc] quicklaunch.io page=1 status=404 bodyLen=undefined
[dp] larian.com page=1 status=404 bodyLen=undefined
[dp] bigseller.com page=1 status=200 bodyLen=64
[dp] bigseller.com no products
[dp] keitaro.io page=1 status=404 bodyLen=undefined
[dp] shopify.io page=1 status=200 bodyLen=422073
[dp] shopify.io parse err: Unexpected token '<', "<!DOCTYPE "... is not valid JSON
[dp:mg] ardhosting.com page=1 status=404 bodyLen=undefined
[dp] melmagazine.com page=1 status=404 bodyLen=undefined
[dp] residenthome.com page=1 status=404 bodyLen=undefined
[dp:wc] revive-adserver.net page=1 status=401 bodyLen=undefined
[dp] tailorbrands.com page=1 status=200 bodyLen=231193
[dp] tailorbrands.com parse err: Unexpected token '<', "<!DOCTYPE "... is not valid JSON
[dp] smart-hub.io page=1 status=404 bodyLen=undefined
[dp:wc] mondaymandala.com page=1 status=404 bodyLen=undefined
[dp:wc] c9.io page=1 status=200 bodyLen=242725
[dp:mg] nomadicmatt.com page=1 status=200 bodyLen=107
[dp] gqjapan.jp page=1 status=404 bodyLen=undefined
[dp] nobullproject.com page=1 status=200 bodyLen=1823002
[dp:wc] vitaflo.com.au page=1 status=200 bodyLen=98344
[deep-page] worker=18 stores=25 failed=0 products=294 by_platform={"schema-product":6,"shopify":2,"woocommerce-html":5,"shopify-html":8,"magento-html":1,"woocommerce":2,"magento":1}
[dp] nova.xyz page=1 status=404 bodyLen=undefined
[dp] trustmate.io page=1 status=404 bodyLen=undefined
[dp:wc] roadtovr.com page=1 status=404 bodyLen=undefined
[dp] affiliatly.com page=1 status=404 bodyLen=undefined
[dp] webyn.ai page=1 status=404 bodyLen=undefined
[dp] upstackified.com page=1 status=404 bodyLen=undefined
[dp] arcadiapublishing.com page=1 status=200 bodyLen=687854
[dp] foundries.io page=1 status=404 bodyLen=undefined
[dp] luvmehair.com page=1 status=200 bodyLen=3236534
[dp:wc] fizzo.org page=1 status=200 bodyLen=108954
[dp:wc] luckypush.pro page=1 status=404 bodyLen=undefined
[dp] adaptiveplanning.com page=1 status=200 bodyLen=335214
[dp] adaptiveplanning.com parse err: Unexpected token '<', "<!doctype "... is not valid JSON
[dp:mg] pravoved.ru page=1 status=200 bodyLen=78
[dp] peppermayo.com page=1 status=200 bodyLen=1939176
[dp:mg] spond.com page=1 status=200 bodyLen=107
[dp] tedbaker.com page=1 status=200 bodyLen=614258
[dp] zappingtv.com page=1 status=404 bodyLen=undefined
[dp:wc] corsematin.com page=1 status=200 bodyLen=1339626
[dp:wc] evernimble.com page=1 status=404 bodyLen=undefined
[dp:wc] serviceautopilot.com page=1 status=404 bodyLen=undefined
[dp] nine.ch page=1 status=404 bodyLen=undefined
[dp] latest-hairstyles.com page=1 status=404 bodyLen=undefined
[dp:wc] autostraddle.com page=1 status=404 bodyLen=undefined
[dp] wired.jp page=1 status=404 bodyLen=undefined
[dp] idealsvdr.com page=1 status=404 bodyLen=undefined
[deep-page] worker=33 stores=50 failed=0 products=1028 by_platform={"schema-product":11,"shopify":6,"woocommerce-html":10,"shopify-html":15,"magento-html":1,"woocommerce":4,"magento":3}
[dp] octadesk.services page=1 status=404 bodyLen=undefined
[dp] crazyrocket.io page=1 status=404 bodyLen=undefined
[dp:mg] joomlart.com page=1 status=404 bodyLen=undefined
[dp:wc] theleague.com page=1 status=404 bodyLen=undefined
[dp:wc] steelersdepot.com page=1 status=404 bodyLen=undefined
[dp:wc] geoedge.com page=1 status=403 bodyLen=undefined
[dp:wc] verfassungsblog.de page=1 status=404 bodyLen=undefined
[dp] prelert.com page=1 status=200 bodyLen=551942
[dp] prelert.com parse err: Unexpected token '<', "<!DOCTYPE "... is not valid JSON
[dp:wc] stylemixthemes.com page=1 status=404 bodyLen=undefined
[dp:wc] uau.edu page=1 status=404 bodyLen=undefined
[dp] orthofeet.com page=1 status=200 bodyLen=4441062
[dp:wc] dot.com page=1 status=200 bodyLen=495309
[dp] myassignmenthelp.com page=1 status=404 bodyLen=undefined
[dp:wc] educationdata.org page=1 status=404 bodyLen=undefined
[dp:wc] findaspring.org page=1 status=401 bodyLen=undefined
[dp:wc] ohiodnr.gov page=1 status=302 bodyLen=undefined
[dp:wc] lumiflex.ru page=1 status=401 bodyLen=undefined
[dp] dvdfab.cn page=1 status=404 bodyLen=undefined
[dp:wc] galeon.com page=1 status=500 bodyLen=undefined
[dp] ankersolix.com page=1 status=404 bodyLen=undefined
[dp:wc] pypestream.com page=1 status=200 bodyLen=374858
[dp:wc] wavebrowser.net page=1 status=200 bodyLen=249491
[dp:wc] binero.se page=1 status=200 bodyLen=300050
[dp:wc] webdrive.ru page=1 status=200 bodyLen=229622
[deep-page] worker=29 stores=75 failed=0 products=1428 by_platform={"schema-product":13,"shopify":8,"woocommerce-html":21,"shopify-html":19,"magento-html":2,"woocommerce":9,"magento":3}
[dp:wc] hmhn.org page=1 status=200 bodyLen=2365095
[dp:wc] pm-srv.co page=1 status=200 bodyLen=220915
[dp] catholiccompany.com page=1 status=429 bodyLen=undefined
[dp] buttercms.com page=1 status=404 bodyLen=undefined
[dp] catholiccompany.com page=1 status=429 bodyLen=undefined
[dp] catholiccompany.com page=1 status=429 bodyLen=undefined
[dp] catholiccompany.com page=1 status=429 bodyLen=undefined
[dp] catholiccompany.com page=1 status=429 bodyLen=undefined
[deep-page] DONE: {"stores_processed":79,"stores_failed":0,"total_products":1428,"by_platform":{"schema-product":13,"shopify":9,"woocommerce-html":22,"shopify-html":20,"magento-html":2,"woocommerce":10,"magento":3},"started_at":"2026-06-11T08:40:00.718Z","finished_at":"2026-06-11T08:41:00.976Z","output_rows":1428}
[Thu Jun 11 08:41:01 UTC 2026] Batch 1: 1428 products extracted
(node:2050868) Warning: SECURITY WARNING: The SSL modes 'prefer', 'require', and 'verify-ca' are treated as aliases for 'verify-full'.
In the next major version (pg-connection-string v3.0.0 and pg v9.0.0), these modes will adopt standard libpq semantics, which have weaker security guarantees.

To prepare for this change:
- If you want the current behavior, explicitly use 'sslmode=verify-full'
- If you want libpq compatibility now, use 'uselibpqcompat=true&sslmode=require'

See https://www.postgresql.org/docs/current/libpq-ssl.html for libpq SSL mode definitions.
(Use `node --trace-warnings ...` to show where the warning was created)
(node:2050868) Warning: Setting the NODE_TLS_REJECT_UNAUTHORIZED environment variable to '0' makes TLS connections and HTTPS requests insecure by disabling certificate verification.
[ingest-daemon] products_batch_1.ndjson.processing.ndjson failed: canceling statement due to statement timeout
[Thu Jun 11 08:42:12 UTC 2026] Batch 1: ingested 1428 (cumulative: 1428)
[Thu Jun 11 08:42:17 UTC 2026] Batch 2: 5000 domains
[prefilter] input=/tmp/loop_domains_2_5.txt domains=1000 concurrency=100
[prefilter] input=/tmp/loop_domains_2_4.txt domains=999 concurrency=100
[prefilter] input=/tmp/loop_domains_2_1.txt domains=999 concurrency=100
[prefilter] input=/tmp/loop_domains_2_3.txt domains=999 concurrency=100
[prefilter] input=/tmp/loop_domains_2_2.txt domains=999 concurrency=100
[prefilter] worker=11 checked=50/1000 passed=7 failed=43 by_platform={"bigcommerce-html":1,"woocommerce-html":2,"shopify-html":3,"schema-product":1}
[prefilter] worker=95 checked=50/999 passed=10 failed=40 by_platform={"shopify":1,"magento":3,"woocommerce":3,"woocommerce-html":1,"shopify-html":1,"magento-html":1}
[prefilter] worker=4 checked=50/999 passed=4 failed=46 by_platform={"woocommerce-html":1,"woocommerce":2,"magento":1}
[prefilter] worker=42 checked=100/999 passed=14 failed=86 by_platform={"shopify":1,"magento":3,"woocommerce":5,"woocommerce-html":2,"shopify-html":2,"magento-html":1}
[prefilter] worker=35 checked=150/999 passed=16 failed=134 by_platform={"shopify":1,"magento":3,"woocommerce":6,"woocommerce-html":2,"shopify-html":2,"magento-html":2}
[prefilter] worker=99 checked=100/1000 passed=9 failed=91 by_platform={"bigcommerce-html":1,"woocommerce-html":3,"shopify-html":3,"schema-product":1,"woocommerce":1}
[prefilter] worker=73 checked=50/999 passed=3 failed=47 by_platform={"schema-product":1,"woocommerce-html":2}
[prefilter] worker=45 checked=100/999 passed=6 failed=94 by_platform={"woocommerce-html":1,"woocommerce":2,"magento":1,"schema-product":1,"shopify-html":1}
[prefilter] worker=71 checked=50/999 passed=1 failed=49 by_platform={"woocommerce-html":1}
[prefilter] worker=59 checked=200/999 passed=18 failed=182 by_platform={"shopify":1,"magento":3,"woocommerce":6,"woocommerce-html":2,"shopify-html":2,"magento-html":4}
[prefilter] worker=41 checked=100/999 passed=3 failed=97 by_platform={"schema-product":1,"woocommerce-html":2}
[prefilter] worker=36 checked=100/999 passed=1 failed=99 by_platform={"woocommerce-html":1}
[prefilter] worker=12 checked=150/1000 passed=9 failed=141 by_platform={"bigcommerce-html":1,"woocommerce-html":3,"shopify-html":3,"schema-product":1,"woocommerce":1}
[prefilter] worker=4 checked=150/999 passed=6 failed=144 by_platform={"woocommerce-html":1,"woocommerce":2,"magento":1,"schema-product":1,"shopify-html":1}
[prefilter] worker=27 checked=250/999 passed=18 failed=232 by_platform={"shopify":1,"magento":3,"woocommerce":6,"woocommerce-html":2,"shopify-html":2,"magento-html":4}
[prefilter] worker=90 checked=200/1000 passed=9 failed=191 by_platform={"bigcommerce-html":1,"woocommerce-html":3,"shopify-html":3,"schema-product":1,"woocommerce":1}
[prefilter] worker=67 checked=150/999 passed=3 failed=147 by_platform={"schema-product":1,"woocommerce-html":2}
[prefilter] worker=11 checked=200/999 passed=6 failed=194 by_platform={"woocommerce-html":1,"woocommerce":2,"magento":1,"schema-product":1,"shopify-html":1}
[prefilter] worker=59 checked=150/999 passed=1 failed=149 by_platform={"woocommerce-html":1}
[prefilter] worker=59 checked=300/999 passed=18 failed=282 by_platform={"shopify":1,"magento":3,"woocommerce":6,"woocommerce-html":2,"shopify-html":2,"magento-html":4}
[prefilter] worker=41 checked=200/999 passed=3 failed=197 by_platform={"schema-product":1,"woocommerce-html":2}
[prefilter] worker=32 checked=200/999 passed=1 failed=199 by_platform={"woocommerce-html":1}
[prefilter] worker=93 checked=250/1000 passed=9 failed=241 by_platform={"bigcommerce-html":1,"woocommerce-html":3,"shopify-html":3,"schema-product":1,"woocommerce":1}
[prefilter] worker=32 checked=250/999 passed=6 failed=244 by_platform={"woocommerce-html":1,"woocommerce":2,"magento":1,"schema-product":1,"shopify-html":1}
[prefilter] worker=73 checked=350/999 passed=18 failed=332 by_platform={"shopify":1,"magento":3,"woocommerce":6,"woocommerce-html":2,"shopify-html":2,"magento-html":4}
[prefilter] worker=99 checked=300/1000 passed=9 failed=291 by_platform={"bigcommerce-html":1,"woocommerce-html":3,"shopify-html":3,"schema-product":1,"woocommerce":1}
[prefilter] worker=21 checked=250/999 passed=4 failed=246 by_platform={"schema-product":1,"woocommerce-html":2,"shopify-html":1}
[prefilter] worker=45 checked=300/999 passed=6 failed=294 by_platform={"woocommerce-html":1,"woocommerce":2,"magento":1,"schema-product":1,"shopify-html":1}
[prefilter] worker=71 checked=250/999 passed=1 failed=249 by_platform={"woocommerce-html":1}
[prefilter] worker=59 checked=400/999 passed=18 failed=382 by_platform={"shopify":1,"magento":3,"woocommerce":6,"woocommerce-html":2,"shopify-html":2,"magento-html":4}
[prefilter] worker=35 checked=300/999 passed=4 failed=296 by_platform={"schema-product":1,"woocommerce-html":2,"shopify-html":1}
[prefilter] worker=36 checked=300/999 passed=1 failed=299 by_platform={"woocommerce-html":1}
[prefilter] worker=47 checked=350/1000 passed=9 failed=341 by_platform={"bigcommerce-html":1,"woocommerce-html":3,"shopify-html":3,"schema-product":1,"woocommerce":1}
[prefilter] worker=32 checked=350/999 passed=6 failed=344 by_platform={"woocommerce-html":1,"woocommerce":2,"magento":1,"schema-product":1,"shopify-html":1}
[prefilter] worker=64 checked=450/999 passed=18 failed=432 by_platform={"shopify":1,"magento":3,"woocommerce":6,"woocommerce-html":2,"shopify-html":2,"magento-html":4}
[prefilter] worker=90 checked=400/1000 passed=9 failed=391 by_platform={"bigcommerce-html":1,"woocommerce-html":3,"shopify-html":3,"schema-product":1,"woocommerce":1}
[prefilter] worker=21 checked=350/999 passed=4 failed=346 by_platform={"schema-product":1,"woocommerce-html":2,"shopify-html":1}
[prefilter] worker=11 checked=400/999 passed=6 failed=394 by_platform={"woocommerce-html":1,"woocommerce":2,"magento":1,"schema-product":1,"shopify-html":1}
[prefilter] worker=60 checked=350/999 passed=1 failed=349 by_platform={"woocommerce-html":1}
[prefilter] worker=59 checked=500/999 passed=18 failed=482 by_platform={"shopify":1,"magento":3,"woocommerce":6,"woocommerce-html":2,"shopify-html":2,"magento-html":4}
[prefilter] worker=23 checked=400/999 passed=4 failed=396 by_platform={"schema-product":1,"woocommerce-html":2,"shopify-html":1}
[prefilter] worker=32 checked=400/999 passed=1 failed=399 by_platform={"woocommerce-html":1}
[prefilter] worker=40 checked=450/1000 passed=9 failed=441 by_platform={"bigcommerce-html":1,"woocommerce-html":3,"shopify-html":3,"schema-product":1,"woocommerce":1}
[prefilter] worker=32 checked=450/999 passed=6 failed=444 by_platform={"woocommerce-html":1,"woocommerce":2,"magento":1,"schema-product":1,"shopify-html":1}
[prefilter] worker=63 checked=550/999 passed=18 failed=532 by_platform={"shopify":1,"magento":3,"woocommerce":6,"woocommerce-html":2,"shopify-html":2,"magento-html":4}
[prefilter] worker=99 checked=500/1000 passed=9 failed=491 by_platform={"bigcommerce-html":1,"woocommerce-html":3,"shopify-html":3,"schema-product":1,"woocommerce":1}
[prefilter] worker=21 checked=450/999 passed=4 failed=446 by_platform={"schema-product":1,"woocommerce-html":2,"shopify-html":1}
[prefilter] worker=45 checked=500/999 passed=6 failed=494 by_platform={"woocommerce-html":1,"woocommerce":2,"magento":1,"schema-product":1,"shopify-html":1}
[prefilter] worker=70 checked=450/999 passed=1 failed=449 by_platform={"woocommerce-html":1}
[prefilter] worker=59 checked=600/999 passed=18 failed=582 by_platform={"shopify":1,"magento":3,"woocommerce":6,"woocommerce-html":2,"shopify-html":2,"magento-html":4}
[prefilter] worker=35 checked=500/999 passed=4 failed=496 by_platform={"schema-product":1,"woocommerce-html":2,"shopify-html":1}
[prefilter] worker=36 checked=500/999 passed=1 failed=499 by_platform={"woocommerce-html":1}
[prefilter] worker=47 checked=550/1000 passed=9 failed=541 by_platform={"bigcommerce-html":1,"woocommerce-html":3,"shopify-html":3,"schema-product":1,"woocommerce":1}
[prefilter] worker=49 checked=550/999 passed=6 failed=544 by_platform={"woocommerce-html":1,"woocommerce":2,"magento":1,"schema-product":1,"shopify-html":1}
[prefilter] worker=64 checked=650/999 passed=18 failed=632 by_platform={"shopify":1,"magento":3,"woocommerce":6,"woocommerce-html":2,"shopify-html":2,"magento-html":4}
[prefilter] worker=90 checked=600/1000 passed=9 failed=591 by_platform={"bigcommerce-html":1,"woocommerce-html":3,"shopify-html":3,"schema-product":1,"woocommerce":1}
[prefilter] worker=21 checked=550/999 passed=4 failed=546 by_platform={"schema-product":1,"woocommerce-html":2,"shopify-html":1}
[prefilter] worker=11 checked=600/999 passed=6 failed=594 by_platform={"woocommerce-html":1,"woocommerce":2,"magento":1,"schema-product":1,"shopify-html":1}
[prefilter] worker=59 checked=550/999 passed=1 failed=549 by_platform={"woocommerce-html":1}
[prefilter] worker=59 checked=700/999 passed=18 failed=682 by_platform={"shopify":1,"magento":3,"woocommerce":6,"woocommerce-html":2,"shopify-html":2,"magento-html":4}
[prefilter] worker=23 checked=600/999 passed=4 failed=596 by_platform={"schema-product":1,"woocommerce-html":2,"shopify-html":1}
[prefilter] worker=32 checked=600/999 passed=1 failed=599 by_platform={"woocommerce-html":1}
[prefilter] worker=40 checked=650/1000 passed=9 failed=641 by_platform={"bigcommerce-html":1,"woocommerce-html":3,"shopify-html":3,"schema-product":1,"woocommerce":1}
[prefilter] worker=32 checked=650/999 passed=6 failed=644 by_platform={"woocommerce-html":1,"woocommerce":2,"magento":1,"schema-product":1,"shopify-html":1}
[prefilter] worker=10 checked=750/999 passed=18 failed=732 by_platform={"shopify":1,"magento":3,"woocommerce":6,"woocommerce-html":2,"shopify-html":2,"magento-html":4}
[prefilter] worker=99 checked=700/1000 passed=9 failed=691 by_platform={"bigcommerce-html":1,"woocommerce-html":3,"shopify-html":3,"schema-product":1,"woocommerce":1}
[prefilter] worker=21 checked=650/999 passed=4 failed=646 by_platform={"schema-product":1,"woocommerce-html":2,"shopify-html":1}
[prefilter] worker=45 checked=700/999 passed=6 failed=694 by_platform={"woocommerce-html":1,"woocommerce":2,"magento":1,"schema-product":1,"shopify-html":1}
[prefilter] worker=72 checked=650/999 passed=1 failed=649 by_platform={"woocommerce-html":1}
[prefilter] worker=59 checked=800/999 passed=18 failed=782 by_platform={"shopify":1,"magento":3,"woocommerce":6,"woocommerce-html":2,"shopify-html":2,"magento-html":4}
[prefilter] worker=35 checked=700/999 passed=4 failed=696 by_platform={"schema-product":1,"woocommerce-html":2,"shopify-html":1}
[prefilter] worker=36 checked=700/999 passed=1 failed=699 by_platform={"woocommerce-html":1}
[prefilter] worker=47 checked=750/1000 passed=9 failed=741 by_platform={"bigcommerce-html":1,"woocommerce-html":3,"shopify-html":3,"schema-product":1,"woocommerce":1}
[prefilter] worker=32 checked=750/999 passed=6 failed=744 by_platform={"woocommerce-html":1,"woocommerce":2,"magento":1,"schema-product":1,"shopify-html":1}
[prefilter] worker=64 checked=850/999 passed=18 failed=832 by_platform={"shopify":1,"magento":3,"woocommerce":6,"woocommerce-html":2,"shopify-html":2,"magento-html":4}
[prefilter] worker=90 checked=800/1000 passed=9 failed=791 by_platform={"bigcommerce-html":1,"woocommerce-html":3,"shopify-html":3,"schema-product":1,"woocommerce":1}
[prefilter] worker=21 checked=750/999 passed=4 failed=746 by_platform={"schema-product":1,"woocommerce-html":2,"shopify-html":1}
[prefilter] worker=11 checked=800/999 passed=6 failed=794 by_platform={"woocommerce-html":1,"woocommerce":2,"magento":1,"schema-product":1,"shopify-html":1}
[prefilter] worker=59 checked=750/999 passed=1 failed=749 by_platform={"woocommerce-html":1}
[prefilter] worker=59 checked=900/999 passed=18 failed=882 by_platform={"shopify":1,"magento":3,"woocommerce":6,"woocommerce-html":2,"shopify-html":2,"magento-html":4}
[prefilter] worker=23 checked=800/999 passed=4 failed=796 by_platform={"schema-product":1,"woocommerce-html":2,"shopify-html":1}
[prefilter] worker=32 checked=800/999 passed=1 failed=799 by_platform={"woocommerce-html":1}
[prefilter] worker=40 checked=850/1000 passed=9 failed=841 by_platform={"bigcommerce-html":1,"woocommerce-html":3,"shopify-html":3,"schema-product":1,"woocommerce":1}
[prefilter] worker=4 checked=850/999 passed=6 failed=844 by_platform={"woocommerce-html":1,"woocommerce":2,"magento":1,"schema-product":1,"shopify-html":1}
[prefilter] worker=64 checked=950/999 passed=18 failed=932 by_platform={"shopify":1,"magento":3,"woocommerce":6,"woocommerce-html":2,"shopify-html":2,"magento-html":4}
[prefilter] worker=99 checked=900/1000 passed=9 failed=891 by_platform={"bigcommerce-html":1,"woocommerce-html":3,"shopify-html":3,"schema-product":1,"woocommerce":1}
[prefilter] worker=21 checked=850/999 passed=4 failed=846 by_platform={"schema-product":1,"woocommerce-html":2,"shopify-html":1}
[prefilter] worker=86 checked=999/999 passed=18 failed=981 by_platform={"shopify":1,"magento":3,"woocommerce":6,"woocommerce-html":2,"shopify-html":2,"magento-html":4}
[prefilter] done: {"checked":999,"passed":18,"failed":981,"by_platform":{"shopify":1,"magento":3,"woocommerce":6,"woocommerce-html":2,"shopify-html":2,"magento-html":4},"started_at":"2026-06-11T08:42:17.869Z","finished_at":"2026-06-11T08:48:39.962Z","output":"data/discovery_2026-06-11/prefilter_parallel/batch_2/batch1.ndjson","output_rows":18}
[prefilter] worker=45 checked=900/999 passed=6 failed=894 by_platform={"woocommerce-html":1,"woocommerce":2,"magento":1,"schema-product":1,"shopify-html":1}
[prefilter] worker=70 checked=850/999 passed=1 failed=849 by_platform={"woocommerce-html":1}
[prefilter] worker=35 checked=900/999 passed=4 failed=896 by_platform={"schema-product":1,"woocommerce-html":2,"shopify-html":1}
[prefilter] worker=36 checked=900/999 passed=1 failed=899 by_platform={"woocommerce-html":1}
[prefilter] worker=93 checked=950/1000 passed=9 failed=941 by_platform={"bigcommerce-html":1,"woocommerce-html":3,"shopify-html":3,"schema-product":1,"woocommerce":1}
[prefilter] worker=49 checked=950/999 passed=6 failed=944 by_platform={"woocommerce-html":1,"woocommerce":2,"magento":1,"schema-product":1,"shopify-html":1}
[prefilter] worker=99 checked=1000/1000 passed=9 failed=991 by_platform={"bigcommerce-html":1,"woocommerce-html":3,"shopify-html":3,"schema-product":1,"woocommerce":1}
[prefilter] done: {"checked":1000,"passed":9,"failed":991,"by_platform":{"bigcommerce-html":1,"woocommerce-html":3,"shopify-html":3,"schema-product":1,"woocommerce":1},"started_at":"2026-06-11T08:42:17.828Z","finished_at":"2026-06-11T08:49:16.393Z","output":"data/discovery_2026-06-11/prefilter_parallel/batch_2/batch5.ndjson","output_rows":9}
[prefilter] worker=21 checked=950/999 passed=4 failed=946 by_platform={"schema-product":1,"woocommerce-html":2,"shopify-html":1}
[prefilter] worker=62 checked=999/999 passed=6 failed=993 by_platform={"woocommerce-html":1,"woocommerce":2,"magento":1,"schema-product":1,"shopify-html":1}
[prefilter] done: {"checked":999,"passed":6,"failed":993,"by_platform":{"woocommerce-html":1,"woocommerce":2,"magento":1,"schema-product":1,"shopify-html":1},"started_at":"2026-06-11T08:42:17.878Z","finished_at":"2026-06-11T08:49:22.493Z","output":"data/discovery_2026-06-11/prefilter_parallel/batch_2/batch3.ndjson","output_rows":6}
[prefilter] worker=72 checked=950/999 passed=1 failed=949 by_platform={"woocommerce-html":1}
[prefilter] worker=49 checked=999/999 passed=4 failed=995 by_platform={"schema-product":1,"woocommerce-html":2,"shopify-html":1}
[prefilter] done: {"checked":999,"passed":4,"failed":995,"by_platform":{"schema-product":1,"woocommerce-html":2,"shopify-html":1},"started_at":"2026-06-11T08:42:17.863Z","finished_at":"2026-06-11T08:49:25.002Z","output":"data/discovery_2026-06-11/prefilter_parallel/batch_2/batch4.ndjson","output_rows":4}
[prefilter] worker=25 checked=999/999 passed=1 failed=998 by_platform={"woocommerce-html":1}
[prefilter] done: {"checked":999,"passed":1,"failed":998,"by_platform":{"woocommerce-html":1},"started_at":"2026-06-11T08:42:17.884Z","finished_at":"2026-06-11T08:49:25.048Z","output":"data/discovery_2026-06-11/prefilter_parallel/batch_2/batch2.ndjson","output_rows":1}
[Thu Jun 11 09:04:46 UTC 2026] Batch 2: 38 stores passed
[deep-page] input records=38 ecom=38 by_platform={"shopify":1,"magento":4,"woocommerce":9,"woocommerce-html":9,"shopify-html":7,"magento-html":4,"schema-product":3,"bigcommerce-html":1} concurrency=50
[dp:mg] instituteforgovernment.org.uk page=1 status=200 bodyLen=107
[dp:mg] tidbits.com page=1 status=200 bodyLen=107
[dp:wc] dedislot.online page=1 status=200 bodyLen=310943
[dp:wc] starity.hu page=1 status=200 bodyLen=106700
[dp] ds-cdn.com page=1 status=404 bodyLen=undefined
[dp:mg] thegadgetflow.com page=1 status=200 bodyLen=107
[dp] ashleystewart.com page=1 status=200 bodyLen=2185319
[dp:wc] paxiegames.com page=1 status=404 bodyLen=undefined
[dp] kesq.com page=1 status=404 bodyLen=undefined
[dp] tldv.io page=1 status=404 bodyLen=undefined
[dp:mg] vebhost.com page=1 status=200 bodyLen=107
[dp:wc] wasmer.app page=1 status=200 bodyLen=348154
[dp:wc] biglots.com page=1 status=503 bodyLen=undefined
[dp] uncrate.com page=1 status=404 bodyLen=undefined
[dp:bc] focusrite.com page=1 status=404 bodyLen=undefined
[dp:mg] quotenet.nl page=1 status=404 bodyLen=undefined
[dp:wc] ananova.com page=1 status=404 bodyLen=undefined
[dp:wc] dreamproxies.com page=1 status=401 bodyLen=undefined
[dp] laam.pk page=1 status=404 bodyLen=undefined
[dp:wc] mmd.net page=1 status=404 bodyLen=undefined
[dp:wc] otelms.com page=1 status=404 bodyLen=undefined
[dp:wc] coinpedia.org page=1 status=403 bodyLen=undefined
[dp:wc] removal.ai page=1 status=200 bodyLen=122230
[dp] bajajallianz.com page=1 status=404 bodyLen=undefined
[dp] roamans.com page=1 status=410 bodyLen=undefined
[deep-page] worker=24 stores=25 failed=0 products=200 by_platform={"magento":4,"woocommerce":3,"shopify-html":6,"woocommerce-html":8,"shopify":1,"bigcommerce-html":1,"magento-html":1,"schema-product":1}
[dp:mg] elotouch.com page=1 status=401 bodyLen=undefined
[dp:wc] quantum.com page=1 status=200 bodyLen=102974
[dp:wc] foodtechconnect.com page=1 status=401 bodyLen=undefined
[dp] bcr.ro page=1 status=404 bodyLen=undefined
[dp:wc] amtrustgroup.com page=1 status=0 bodyLen=undefined
[dp:wc] ultraedit.com page=1 status=200 bodyLen=1125147
[dp:mg] rockler.com page=1 status=401 bodyLen=undefined
[dp:wc] book2look.com page=1 status=200 bodyLen=100311
[dp:wc] softwareag.com page=1 status=200 bodyLen=308897
[dp] asicentral.com page=1 status=404 bodyLen=undefined
[dp] pvamu.edu page=1 status=404 bodyLen=undefined
[dp:mg] dyson.com.tr page=1 status=401 bodyLen=undefined
[dp:wc] zhanfubrowser.com page=1 status=200 bodyLen=100886
[deep-page] DONE: {"stores_processed":38,"stores_failed":0,"total_products":200,"by_platform":{"magento":4,"woocommerce":9,"shopify-html":7,"woocommerce-html":9,"shopify":1,"bigcommerce-html":1,"magento-html":4,"schema-product":3},"started_at":"2026-06-11T09:04:46.196Z","finished_at":"2026-06-11T09:04:56.135Z","output_rows":200}
[Thu Jun 11 09:04:56 UTC 2026] Batch 2: 200 products extracted
(node:2095474) Warning: SECURITY WARNING: The SSL modes 'prefer', 'require', and 'verify-ca' are treated as aliases for 'verify-full'.
In the next major version (pg-connection-string v3.0.0 and pg v9.0.0), these modes will adopt standard libpq semantics, which have weaker security guarantees.

To prepare for this change:
- If you want the current behavior, explicitly use 'sslmode=verify-full'
- If you want libpq compatibility now, use 'uselibpqcompat=true&sslmode=require'

See https://www.postgresql.org/docs/current/libpq-ssl.html for libpq SSL mode definitions.
(Use `node --trace-warnings ...` to show where the warning was created)
(node:2095474) Warning: Setting the NODE_TLS_REJECT_UNAUTHORIZED environment variable to '0' makes TLS connections and HTTPS requests insecure by disabling certificate verification.
[ingest-daemon] {"ts":"2026-06-11T09:05:36.909Z","file":"products_batch_1.ndjson.processing.ndjson","rows":1428,"written":1428,"fabricated":false,"fabrication_share":{"zeroPriceShare":0.004201680672268907,"nullImageShare":0.025210084033613446,"nullSkuShare":0,"emptyTitleShare":0},"elapsed_ms":27829,"rows_per_sec":"51.3"}
[ingest-daemon] {"ts":"2026-06-11T09:05:37.010Z","file":"products_batch_2.ndjson.processing.ndjson","rows":200,"written":200,"fabricated":false,"fabrication_share":{"zeroPriceShare":0,"nullImageShare":0,"nullSkuShare":0,"emptyTitleShare":0},"elapsed_ms":98,"rows_per_sec":"2040.8"}
[Thu Jun 11 09:05:37 UTC 2026] Batch 2: ingested 200 (cumulative: 1628)
[Thu Jun 11 09:05:42 UTC 2026] Batch 3: 5000 domains
[prefilter] input=/tmp/loop_domains_3_4.txt domains=999 concurrency=100
[prefilter] input=/tmp/loop_domains_3_5.txt domains=1000 concurrency=100
[prefilter] input=/tmp/loop_domains_3_1.txt domains=998 concurrency=100
[prefilter] input=/tmp/loop_domains_3_3.txt domains=1000 concurrency=100
[prefilter] input=/tmp/loop_domains_3_2.txt domains=1000 concurrency=100
[prefilter] worker=68 checked=50/999 passed=2 failed=48 by_platform={"shopify-html":1,"woocommerce-html":1}
[prefilter] worker=29 checked=50/1000 passed=3 failed=47 by_platform={"shopify":1,"woocommerce":1,"magento-html":1}
[prefilter] worker=90 checked=100/999 passed=8 failed=92 by_platform={"shopify-html":1,"woocommerce-html":3,"schema-product":2,"shopify":1,"magento":1}
[prefilter] worker=93 checked=100/1000 passed=7 failed=93 by_platform={"shopify":1,"woocommerce":2,"magento-html":1,"woocommerce-html":2,"magento":1}
[prefilter] worker=20 checked=150/999 passed=8 failed=142 by_platform={"shopify-html":1,"woocommerce-html":3,"schema-product":2,"shopify":1,"magento":1}
[prefilter] worker=87 checked=50/998 passed=7 failed=43 by_platform={"shopify":2,"woocommerce-html":3,"schema-product":2}
[prefilter] worker=76 checked=50/1000 passed=3 failed=47 by_platform={"shopify-html":1,"woocommerce":1,"woocommerce-html":1}
[prefilter] worker=73 checked=50/1000 passed=1 failed=49 by_platform={"shopify-html":1}
[prefilter] worker=28 checked=200/999 passed=10 failed=190 by_platform={"shopify-html":1,"woocommerce-html":5,"schema-product":2,"shopify":1,"magento":1}
[prefilter] worker=59 checked=100/998 passed=7 failed=93 by_platform={"shopify":2,"woocommerce-html":3,"schema-product":2}
[prefilter] worker=1 checked=100/1000 passed=1 failed=99 by_platform={"shopify-html":1}
[prefilter] worker=27 checked=100/1000 passed=3 failed=97 by_platform={"shopify-html":1,"woocommerce":1,"woocommerce-html":1}
[prefilter] worker=57 checked=150/1000 passed=10 failed=140 by_platform={"shopify":1,"woocommerce":3,"magento-html":1,"woocommerce-html":3,"magento":1,"bigcommerce-html":1}
[prefilter] worker=39 checked=250/999 passed=12 failed=238 by_platform={"shopify-html":1,"woocommerce-html":5,"schema-product":3,"shopify":1,"magento":1,"woocommerce":1}
[prefilter] worker=93 checked=200/1000 passed=10 failed=190 by_platform={"shopify":1,"woocommerce":3,"magento-html":1,"woocommerce-html":3,"magento":1,"bigcommerce-html":1}
[prefilter] worker=2 checked=150/998 passed=7 failed=143 by_platform={"shopify":2,"woocommerce-html":3,"schema-product":2}
[prefilter] worker=76 checked=150/1000 passed=3 failed=147 by_platform={"shopify-html":1,"woocommerce":1,"woocommerce-html":1}
[prefilter] worker=56 checked=150/1000 passed=1 failed=149 by_platform={"shopify-html":1}
[prefilter] worker=11 checked=300/999 passed=12 failed=288 by_platform={"shopify-html":1,"woocommerce-html":5,"schema-product":3,"shopify":1,"magento":1,"woocommerce":1}
[prefilter] worker=54 checked=200/998 passed=7 failed=193 by_platform={"shopify":2,"woocommerce-html":3,"schema-product":2}
[prefilter] worker=5 checked=200/1000 passed=1 failed=199 by_platform={"shopify-html":1}
[prefilter] worker=27 checked=200/1000 passed=3 failed=197 by_platform={"shopify-html":1,"woocommerce":1,"woocommerce-html":1}
[prefilter] worker=1 checked=250/1000 passed=10 failed=240 by_platform={"shopify":1,"woocommerce":3,"magento-html":1,"woocommerce-html":3,"magento":1,"bigcommerce-html":1}
[prefilter] worker=8 checked=350/999 passed=12 failed=338 by_platform={"shopify-html":1,"woocommerce-html":5,"schema-product":3,"shopify":1,"magento":1,"woocommerce":1}
[prefilter] worker=41 checked=300/1000 passed=10 failed=290 by_platform={"shopify":1,"woocommerce":3,"magento-html":1,"woocommerce-html":3,"magento":1,"bigcommerce-html":1}
[prefilter] worker=87 checked=250/998 passed=7 failed=243 by_platform={"shopify":2,"woocommerce-html":3,"schema-product":2}
[prefilter] worker=76 checked=250/1000 passed=3 failed=247 by_platform={"shopify-html":1,"woocommerce":1,"woocommerce-html":1}
[prefilter] worker=73 checked=250/1000 passed=1 failed=249 by_platform={"shopify-html":1}
[prefilter] worker=84 checked=400/999 passed=12 failed=388 by_platform={"shopify-html":1,"woocommerce-html":5,"schema-product":3,"shopify":1,"magento":1,"woocommerce":1}
[prefilter] worker=58 checked=300/998 passed=7 failed=293 by_platform={"shopify":2,"woocommerce-html":3,"schema-product":2}
[prefilter] worker=1 checked=300/1000 passed=1 failed=299 by_platform={"shopify-html":1}
[prefilter] worker=27 checked=300/1000 passed=3 failed=297 by_platform={"shopify-html":1,"woocommerce":1,"woocommerce-html":1}
[prefilter] worker=57 checked=350/1000 passed=10 failed=340 by_platform={"shopify":1,"woocommerce":3,"magento-html":1,"woocommerce-html":3,"magento":1,"bigcommerce-html":1}
[prefilter] worker=39 checked=450/999 passed=12 failed=438 by_platform={"shopify-html":1,"woocommerce-html":5,"schema-product":3,"shopify":1,"magento":1,"woocommerce":1}
[prefilter] worker=93 checked=400/1000 passed=10 failed=390 by_platform={"shopify":1,"woocommerce":3,"magento-html":1,"woocommerce-html":3,"magento":1,"bigcommerce-html":1}
[prefilter] worker=2 checked=350/998 passed=7 failed=343 by_platform={"shopify":2,"woocommerce-html":3,"schema-product":2}
[prefilter] worker=76 checked=350/1000 passed=3 failed=347 by_platform={"shopify-html":1,"woocommerce":1,"woocommerce-html":1}
[prefilter] worker=56 checked=350/1000 passed=1 failed=349 by_platform={"shopify-html":1}
[prefilter] worker=11 checked=500/999 passed=12 failed=488 by_platform={"shopify-html":1,"woocommerce-html":5,"schema-product":3,"shopify":1,"magento":1,"woocommerce":1}
[prefilter] worker=55 checked=400/998 passed=7 failed=393 by_platform={"shopify":2,"woocommerce-html":3,"schema-product":2}
[prefilter] worker=5 checked=400/1000 passed=1 failed=399 by_platform={"shopify-html":1}
[prefilter] worker=37 checked=400/1000 passed=3 failed=397 by_platform={"shopify-html":1,"woocommerce":1,"woocommerce-html":1}
[prefilter] worker=1 checked=450/1000 passed=10 failed=440 by_platform={"shopify":1,"woocommerce":3,"magento-html":1,"woocommerce-html":3,"magento":1,"bigcommerce-html":1}
[prefilter] worker=8 checked=550/999 passed=12 failed=538 by_platform={"shopify-html":1,"woocommerce-html":5,"schema-product":3,"shopify":1,"magento":1,"woocommerce":1}
[prefilter] worker=41 checked=500/1000 passed=10 failed=490 by_platform={"shopify":1,"woocommerce":3,"magento-html":1,"woocommerce-html":3,"magento":1,"bigcommerce-html":1}
[prefilter] worker=87 checked=450/998 passed=7 failed=443 by_platform={"shopify":2,"woocommerce-html":3,"schema-product":2}
[prefilter] worker=76 checked=450/1000 passed=3 failed=447 by_platform={"shopify-html":1,"woocommerce":1,"woocommerce-html":1}
[prefilter] worker=73 checked=450/1000 passed=1 failed=449 by_platform={"shopify-html":1}
[prefilter] worker=84 checked=600/999 passed=12 failed=588 by_platform={"shopify-html":1,"woocommerce-html":5,"schema-product":3,"shopify":1,"magento":1,"woocommerce":1}
[prefilter] worker=63 checked=500/998 passed=7 failed=493 by_platform={"shopify":2,"woocommerce-html":3,"schema-product":2}
[prefilter] worker=1 checked=500/1000 passed=1 failed=499 by_platform={"shopify-html":1}
[prefilter] worker=37 checked=500/1000 passed=3 failed=497 by_platform={"shopify-html":1,"woocommerce":1,"woocommerce-html":1}
[prefilter] worker=57 checked=550/1000 passed=10 failed=540 by_platform={"shopify":1,"woocommerce":3,"magento-html":1,"woocommerce-html":3,"magento":1,"bigcommerce-html":1}
[prefilter] worker=39 checked=650/999 passed=12 failed=638 by_platform={"shopify-html":1,"woocommerce-html":5,"schema-product":3,"shopify":1,"magento":1,"woocommerce":1}
[prefilter] worker=93 checked=600/1000 passed=10 failed=590 by_platform={"shopify":1,"woocommerce":3,"magento-html":1,"woocommerce-html":3,"magento":1,"bigcommerce-html":1}
[prefilter] worker=2 checked=550/998 passed=7 failed=543 by_platform={"shopify":2,"woocommerce-html":3,"schema-product":2}
[prefilter] worker=76 checked=550/1000 passed=3 failed=547 by_platform={"shopify-html":1,"woocommerce":1,"woocommerce-html":1}
[prefilter] worker=56 checked=550/1000 passed=1 failed=549 by_platform={"shopify-html":1}
[prefilter] worker=11 checked=700/999 passed=12 failed=688 by_platform={"shopify-html":1,"woocommerce-html":5,"schema-product":3,"shopify":1,"magento":1,"woocommerce":1}
[prefilter] worker=54 checked=600/998 passed=7 failed=593 by_platform={"shopify":2,"woocommerce-html":3,"schema-product":2}
[prefilter] worker=5 checked=600/1000 passed=1 failed=599 by_platform={"shopify-html":1}
[prefilter] worker=37 checked=600/1000 passed=3 failed=597 by_platform={"shopify-html":1,"woocommerce":1,"woocommerce-html":1}
[prefilter] worker=1 checked=650/1000 passed=10 failed=640 by_platform={"shopify":1,"woocommerce":3,"magento-html":1,"woocommerce-html":3,"magento":1,"bigcommerce-html":1}
[prefilter] worker=8 checked=750/999 passed=12 failed=738 by_platform={"shopify-html":1,"woocommerce-html":5,"schema-product":3,"shopify":1,"magento":1,"woocommerce":1}
[prefilter] worker=41 checked=700/1000 passed=10 failed=690 by_platform={"shopify":1,"woocommerce":3,"magento-html":1,"woocommerce-html":3,"magento":1,"bigcommerce-html":1}
[prefilter] worker=87 checked=650/998 passed=7 failed=643 by_platform={"shopify":2,"woocommerce-html":3,"schema-product":2}
[prefilter] worker=76 checked=650/1000 passed=3 failed=647 by_platform={"shopify-html":1,"woocommerce":1,"woocommerce-html":1}
[prefilter] worker=73 checked=650/1000 passed=1 failed=649 by_platform={"shopify-html":1}
[prefilter] worker=84 checked=800/999 passed=12 failed=788 by_platform={"shopify-html":1,"woocommerce-html":5,"schema-product":3,"shopify":1,"magento":1,"woocommerce":1}
[prefilter] worker=63 checked=700/998 passed=7 failed=693 by_platform={"shopify":2,"woocommerce-html":3,"schema-product":2}
[prefilter] worker=1 checked=700/1000 passed=1 failed=699 by_platform={"shopify-html":1}
[prefilter] worker=37 checked=700/1000 passed=3 failed=697 by_platform={"shopify-html":1,"woocommerce":1,"woocommerce-html":1}
[prefilter] worker=57 checked=750/1000 passed=10 failed=740 by_platform={"shopify":1,"woocommerce":3,"magento-html":1,"woocommerce-html":3,"magento":1,"bigcommerce-html":1}
[prefilter] worker=34 checked=850/999 passed=12 failed=838 by_platform={"shopify-html":1,"woocommerce-html":5,"schema-product":3,"shopify":1,"magento":1,"woocommerce":1}
[prefilter] worker=93 checked=800/1000 passed=10 failed=790 by_platform={"shopify":1,"woocommerce":3,"magento-html":1,"woocommerce-html":3,"magento":1,"bigcommerce-html":1}
[prefilter] worker=2 checked=750/998 passed=7 failed=743 by_platform={"shopify":2,"woocommerce-html":3,"schema-product":2}
[prefilter] worker=76 checked=750/1000 passed=3 failed=747 by_platform={"shopify-html":1,"woocommerce":1,"woocommerce-html":1}
[prefilter] worker=56 checked=750/1000 passed=1 failed=749 by_platform={"shopify-html":1}
[prefilter] worker=11 checked=900/999 passed=12 failed=888 by_platform={"shopify-html":1,"woocommerce-html":5,"schema-product":3,"shopify":1,"magento":1,"woocommerce":1}
[prefilter] worker=54 checked=800/998 passed=7 failed=793 by_platform={"shopify":2,"woocommerce-html":3,"schema-product":2}
[prefilter] worker=5 checked=800/1000 passed=1 failed=799 by_platform={"shopify-html":1}
[prefilter] worker=37 checked=800/1000 passed=3 failed=797 by_platform={"shopify-html":1,"woocommerce":1,"woocommerce-html":1}
[prefilter] worker=1 checked=850/1000 passed=10 failed=840 by_platform={"shopify":1,"woocommerce":3,"magento-html":1,"woocommerce-html":3,"magento":1,"bigcommerce-html":1}
[prefilter] worker=79 checked=950/999 passed=12 failed=938 by_platform={"shopify-html":1,"woocommerce-html":5,"schema-product":3,"shopify":1,"magento":1,"woocommerce":1}
[prefilter] worker=41 checked=900/1000 passed=10 failed=890 by_platform={"shopify":1,"woocommerce":3,"magento-html":1,"woocommerce-html":3,"magento":1,"bigcommerce-html":1}
[prefilter] worker=87 checked=850/998 passed=7 failed=843 by_platform={"shopify":2,"woocommerce-html":3,"schema-product":2}
[prefilter] worker=76 checked=850/1000 passed=3 failed=847 by_platform={"shopify-html":1,"woocommerce":1,"woocommerce-html":1}
[prefilter] worker=73 checked=850/1000 passed=1 failed=849 by_platform={"shopify-html":1}
[prefilter] worker=16 checked=999/999 passed=12 failed=987 by_platform={"shopify-html":1,"woocommerce-html":5,"schema-product":3,"shopify":1,"magento":1,"woocommerce":1}
[prefilter] done: {"checked":999,"passed":12,"failed":987,"by_platform":{"shopify-html":1,"woocommerce-html":5,"schema-product":3,"shopify":1,"magento":1,"woocommerce":1},"started_at":"2026-06-11T09:05:42.165Z","finished_at":"2026-06-11T09:12:07.245Z","output":"data/discovery_2026-06-11/prefilter_parallel/batch_3/batch4.ndjson","output_rows":12}
[prefilter] worker=63 checked=900/998 passed=7 failed=893 by_platform={"shopify":2,"woocommerce-html":3,"schema-product":2}
[prefilter] worker=1 checked=900/1000 passed=1 failed=899 by_platform={"shopify-html":1}
[prefilter] worker=37 checked=900/1000 passed=3 failed=897 by_platform={"shopify-html":1,"woocommerce":1,"woocommerce-html":1}
[prefilter] worker=57 checked=950/1000 passed=10 failed=940 by_platform={"shopify":1,"woocommerce":3,"magento-html":1,"woocommerce-html":3,"magento":1,"bigcommerce-html":1}
[prefilter] worker=44 checked=1000/1000 passed=10 failed=990 by_platform={"shopify":1,"woocommerce":3,"magento-html":1,"woocommerce-html":3,"magento":1,"bigcommerce-html":1}
[prefilter] done: {"checked":1000,"passed":10,"failed":990,"by_platform":{"shopify":1,"woocommerce":3,"magento-html":1,"woocommerce-html":3,"magento":1,"bigcommerce-html":1},"started_at":"2026-06-11T09:05:42.180Z","finished_at":"2026-06-11T09:12:25.332Z","output":"data/discovery_2026-06-11/prefilter_parallel/batch_3/batch3.ndjson","output_rows":10}
[prefilter] worker=2 checked=950/998 passed=7 failed=943 by_platform={"shopify":2,"woocommerce-html":3,"schema-product":2}
[prefilter] worker=76 checked=950/1000 passed=3 failed=947 by_platform={"shopify-html":1,"woocommerce":1,"woocommerce-html":1}
[prefilter] worker=72 checked=950/1000 passed=1 failed=949 by_platform={"shopify-html":1}
[prefilter] worker=65 checked=998/998 passed=7 failed=991 by_platform={"shopify":2,"woocommerce-html":3,"schema-product":2}
[prefilter] done: {"checked":998,"passed":7,"failed":991,"by_platform":{"shopify":2,"woocommerce-html":3,"schema-product":2},"started_at":"2026-06-11T09:05:42.175Z","finished_at":"2026-06-11T09:12:50.271Z","output":"data/discovery_2026-06-11/prefilter_parallel/batch_3/batch1.ndjson","output_rows":7}
[prefilter] worker=1 checked=1000/1000 passed=1 failed=999 by_platform={"shopify-html":1}
[prefilter] done: {"checked":1000,"passed":1,"failed":999,"by_platform":{"shopify-html":1},"started_at":"2026-06-11T09:05:42.172Z","finished_at":"2026-06-11T09:12:50.360Z","output":"data/discovery_2026-06-11/prefilter_parallel/batch_3/batch5.ndjson","output_rows":1}
[prefilter] worker=37 checked=1000/1000 passed=3 failed=997 by_platform={"shopify-html":1,"woocommerce":1,"woocommerce-html":1}
[prefilter] done: {"checked":1000,"passed":3,"failed":997,"by_platform":{"shopify-html":1,"woocommerce":1,"woocommerce-html":1},"started_at":"2026-06-11T09:05:42.192Z","finished_at":"2026-06-11T09:12:50.800Z","output":"data/discovery_2026-06-11/prefilter_parallel/batch_3/batch2.ndjson","output_rows":3}
[Thu Jun 11 09:19:47 UTC 2026] Batch 3: 33 stores passed
[deep-page] input records=33 ecom=33 by_platform={"shopify":4,"woocommerce-html":12,"schema-product":5,"shopify-html":3,"woocommerce":5,"magento-html":1,"magento":2,"bigcommerce-html":1} concurrency=50
[dp] microperfumes.com page=1 status=200 bodyLen=571422
[dp:wc] vyaparapp.in page=1 status=404 bodyLen=undefined
[dp] homestarrunner.com page=1 status=404 bodyLen=undefined
[dp] chatfuel.com page=1 status=404 bodyLen=undefined
[dp:wc] keporn.com page=1 status=200 bodyLen=21579
[dp:wc] dreadcentral.com page=1 status=404 bodyLen=undefined
[dp:wc] themehunk.com page=1 status=404 bodyLen=undefined
[dp:mg] pnina.ps page=1 status=200 bodyLen=107
[dp:mg] pinetools.com page=1 status=200 bodyLen=107
[dp] clinikally.com page=1 status=200 bodyLen=1124494
[dp] valorantesports.com page=1 status=404 bodyLen=undefined
[dp:mg] my-jewellery.com page=1 status=401 bodyLen=undefined
[dp] terranovastyle.com page=1 status=200 bodyLen=1176679
[dp] nequi.com page=1 status=404 bodyLen=undefined
[dp] guidde.com page=1 status=404 bodyLen=undefined
[dp] robotshop.com page=1 status=200 bodyLen=2852925
[dp] rcrcq.ca page=1 status=404 bodyLen=undefined
[dp:wc] blackporn.tube page=1 status=200 bodyLen=35375
[dp:wc] arktimes.com page=1 status=401 bodyLen=undefined
[dp:bc] foxycart.com page=1 status=200 bodyLen=207283
[dp:wc] diariodorio.com page=1 status=404 bodyLen=undefined
[dp:wc] homeandsmart.de page=1 status=401 bodyLen=undefined
[dp:wc] movistar.com.mx page=1 status=200 bodyLen=200166
[dp:wc] becomingminimalist.com page=1 status=404 bodyLen=undefined
[dp:wc] kenic.or.ke page=1 status=404 bodyLen=undefined
[deep-page] worker=21 stores=25 failed=0 products=800 by_platform={"woocommerce-html":8,"shopify":4,"shopify-html":3,"woocommerce":3,"magento":2,"magento-html":1,"schema-product":3,"bigcommerce-html":1}
[dp] gleim.com page=1 status=404 bodyLen=undefined
[dp:wc] raidboxes.net page=1 status=404 bodyLen=undefined
[dp:wc] rdb.rw page=1 status=404 bodyLen=undefined
[dp:wc] radiusnetworks.com page=1 status=404 bodyLen=undefined
[dp:wc] parlament.ch page=1 status=200 bodyLen=159102
[dp:wc] russia.tv page=1 status=200 bodyLen=436892
[dp] niointernet.com.br page=1 status=404 bodyLen=undefined
[dp:wc] positivr.fr page=1 status=401 bodyLen=undefined
[deep-page] DONE: {"stores_processed":33,"stores_failed":0,"total_products":800,"by_platform":{"woocommerce-html":12,"shopify":4,"shopify-html":3,"woocommerce":5,"magento":2,"magento-html":1,"schema-product":5,"bigcommerce-html":1},"started_at":"2026-06-11T09:19:47.807Z","finished_at":"2026-06-11T09:20:01.518Z","output_rows":800}
[Thu Jun 11 09:20:01 UTC 2026] Batch 3: 800 products extracted
(node:2123094) Warning: SECURITY WARNING: The SSL modes 'prefer', 'require', and 'verify-ca' are treated as aliases for 'verify-full'.
In the next major version (pg-connection-string v3.0.0 and pg v9.0.0), these modes will adopt standard libpq semantics, which have weaker security guarantees.

To prepare for this change:
- If you want the current behavior, explicitly use 'sslmode=verify-full'
- If you want libpq compatibility now, use 'uselibpqcompat=true&sslmode=require'

See https://www.postgresql.org/docs/current/libpq-ssl.html for libpq SSL mode definitions.
(Use `node --trace-warnings ...` to show where the warning was created)
(node:2123094) Warning: Setting the NODE_TLS_REJECT_UNAUTHORIZED environment variable to '0' makes TLS connections and HTTPS requests insecure by disabling certificate verification.
[ingest-daemon] {"ts":"2026-06-11T09:20:10.047Z","file":"products_batch_3.ndjson.processing.ndjson","rows":800,"written":800,"fabricated":false,"fabrication_share":{"zeroPriceShare":0,"nullImageShare":0.00125,"nullSkuShare":0,"emptyTitleShare":0},"elapsed_ms":7784,"rows_per_sec":"102.8"}
[Thu Jun 11 09:20:10 UTC 2026] Batch 3: ingested 800 (cumulative: 2428)
[Thu Jun 11 09:20:15 UTC 2026] Batch 4: 5000 domains
[prefilter] input=/tmp/loop_domains_4_3.txt domains=1000 concurrency=100
[prefilter] input=/tmp/loop_domains_4_4.txt domains=1000 concurrency=100
[prefilter] input=/tmp/loop_domains_4_5.txt domains=1000 concurrency=100
[prefilter] input=/tmp/loop_domains_4_1.txt domains=1000 concurrency=100
[prefilter] input=/tmp/loop_domains_4_2.txt domains=999 concurrency=100
[prefilter] worker=91 checked=50/1000 passed=1 failed=49 by_platform={"shopify-html":1}
[prefilter] worker=38 checked=50/1000 passed=3 failed=47 by_platform={"shopify-html":1,"shopify":1,"woocommerce":1}
[prefilter] worker=62 checked=50/1000 passed=2 failed=48 by_platform={"schema-product":1,"woocommerce-html":1}
[prefilter] worker=31 checked=50/1000 passed=5 failed=45 by_platform={"shopify":1,"woocommerce":1,"woocommerce-html":3}
[prefilter] worker=36 checked=100/1000 passed=9 failed=91 by_platform={"shopify-html":3,"woocommerce-html":5,"schema-product":1}
[prefilter] worker=98 checked=150/1000 passed=15 failed=135 by_platform={"shopify-html":6,"woocommerce-html":5,"schema-product":1,"magento":2,"shopify":1}
[prefilter] worker=72 checked=100/1000 passed=9 failed=91 by_platform={"shopify":1,"woocommerce":2,"woocommerce-html":4,"magento-html":1,"schema-product":1}
[prefilter] worker=53 checked=100/1000 passed=7 failed=93 by_platform={"shopify-html":2,"shopify":1,"woocommerce":2,"woocommerce-html":2}
[prefilter] worker=78 checked=50/999 passed=0 failed=50 by_platform={}
[prefilter] worker=16 checked=100/999 passed=0 failed=100 by_platform={}
[prefilter] worker=30 checked=100/1000 passed=3 failed=97 by_platform={"schema-product":1,"woocommerce-html":2}
[prefilter] worker=86 checked=150/1000 passed=7 failed=143 by_platform={"shopify-html":2,"shopify":1,"woocommerce":2,"woocommerce-html":2}
[prefilter] worker=62 checked=150/1000 passed=3 failed=147 by_platform={"schema-product":1,"woocommerce-html":2}
[prefilter] worker=22 checked=150/1000 passed=9 failed=141 by_platform={"shopify":1,"woocommerce":2,"woocommerce-html":4,"magento-html":1,"schema-product":1}
[prefilter] worker=44 checked=200/1000 passed=17 failed=183 by_platform={"shopify-html":6,"woocommerce-html":6,"schema-product":1,"magento":2,"shopify":1,"woocommerce":1}
[prefilter] worker=5 checked=250/1000 passed=17 failed=233 by_platform={"shopify-html":6,"woocommerce-html":6,"schema-product":1,"magento":2,"shopify":1,"woocommerce":1}
[prefilter] worker=74 checked=200/1000 passed=9 failed=191 by_platform={"shopify":1,"woocommerce":2,"woocommerce-html":4,"magento-html":1,"schema-product":1}
[prefilter] worker=8 checked=200/1000 passed=7 failed=193 by_platform={"shopify-html":2,"shopify":1,"woocommerce":2,"woocommerce-html":2}
[prefilter] worker=57 checked=150/999 passed=0 failed=150 by_platform={}
[prefilter] worker=22 checked=200/999 passed=0 failed=200 by_platform={}
[prefilter] worker=74 checked=200/1000 passed=3 failed=197 by_platform={"schema-product":1,"woocommerce-html":2}
[prefilter] worker=86 checked=250/1000 passed=7 failed=243 by_platform={"shopify-html":2,"shopify":1,"woocommerce":2,"woocommerce-html":2}
[prefilter] worker=62 checked=250/1000 passed=3 failed=247 by_platform={"schema-product":1,"woocommerce-html":2}
[prefilter] worker=33 checked=250/1000 passed=9 failed=241 by_platform={"shopify":1,"woocommerce":2,"woocommerce-html":4,"magento-html":1,"schema-product":1}
[prefilter] worker=44 checked=300/1000 passed=17 failed=283 by_platform={"shopify-html":6,"woocommerce-html":6,"schema-product":1,"magento":2,"shopify":1,"woocommerce":1}
[prefilter] worker=68 checked=350/1000 passed=17 failed=333 by_platform={"shopify-html":6,"woocommerce-html":6,"schema-product":1,"magento":2,"shopify":1,"woocommerce":1}
[prefilter] worker=7 checked=300/1000 passed=10 failed=290 by_platform={"shopify":1,"woocommerce":2,"woocommerce-html":4,"magento-html":1,"schema-product":1,"shopify-html":1}
[prefilter] worker=11 checked=300/1000 passed=7 failed=293 by_platform={"shopify-html":2,"shopify":1,"woocommerce":2,"woocommerce-html":2}
[prefilter] worker=79 checked=250/999 passed=0 failed=250 by_platform={}
[prefilter] worker=16 checked=300/999 passed=0 failed=300 by_platform={}
[prefilter] worker=30 checked=300/1000 passed=3 failed=297 by_platform={"schema-product":1,"woocommerce-html":2}
[prefilter] worker=15 checked=350/1000 passed=7 failed=343 by_platform={"shopify-html":2,"shopify":1,"woocommerce":2,"woocommerce-html":2}
[prefilter] worker=62 checked=350/1000 passed=3 failed=347 by_platform={"schema-product":1,"woocommerce-html":2}
[prefilter] worker=40 checked=350/1000 passed=11 failed=339 by_platform={"shopify":1,"woocommerce":2,"woocommerce-html":5,"magento-html":1,"schema-product":1,"shopify-html":1}
[prefilter] worker=44 checked=400/1000 passed=17 failed=383 by_platform={"shopify-html":6,"woocommerce-html":6,"schema-product":1,"magento":2,"shopify":1,"woocommerce":1}
[prefilter] worker=5 checked=450/1000 passed=17 failed=433 by_platform={"shopify-html":6,"woocommerce-html":6,"schema-product":1,"magento":2,"shopify":1,"woocommerce":1}
[prefilter] worker=65 checked=400/1000 passed=11 failed=389 by_platform={"shopify":1,"woocommerce":2,"woocommerce-html":5,"magento-html":1,"schema-product":1,"shopify-html":1}
[prefilter] worker=66 checked=450/1000 passed=11 failed=439 by_platform={"shopify":1,"woocommerce":2,"woocommerce-html":5,"magento-html":1,"schema-product":1,"shopify-html":1}
[prefilter] worker=8 checked=400/1000 passed=7 failed=393 by_platform={"shopify-html":2,"shopify":1,"woocommerce":2,"woocommerce-html":2}
[prefilter] worker=56 checked=350/999 passed=0 failed=350 by_platform={}
[prefilter] worker=22 checked=400/999 passed=0 failed=400 by_platform={}
[prefilter] worker=74 checked=400/1000 passed=3 failed=397 by_platform={"schema-product":1,"woocommerce-html":2}
[prefilter] worker=31 checked=500/1000 passed=16 failed=484 by_platform={"shopify":2,"woocommerce":2,"woocommerce-html":7,"magento-html":1,"schema-product":3,"shopify-html":1}
[prefilter] worker=15 checked=450/1000 passed=7 failed=443 by_platform={"shopify-html":2,"shopify":1,"woocommerce":2,"woocommerce-html":2}
[prefilter] worker=62 checked=450/1000 passed=3 failed=447 by_platform={"schema-product":1,"woocommerce-html":2}
[prefilter] worker=44 checked=500/1000 passed=17 failed=483 by_platform={"shopify-html":6,"woocommerce-html":6,"schema-product":1,"magento":2,"shopify":1,"woocommerce":1}
[prefilter] worker=68 checked=550/1000 passed=17 failed=533 by_platform={"shopify-html":6,"woocommerce-html":6,"schema-product":1,"magento":2,"shopify":1,"woocommerce":1}
[prefilter] worker=54 checked=550/1000 passed=17 failed=533 by_platform={"shopify":2,"woocommerce":2,"woocommerce-html":7,"magento-html":1,"schema-product":4,"shopify-html":1}
[prefilter] worker=19 checked=600/1000 passed=18 failed=582 by_platform={"shopify":2,"woocommerce":3,"woocommerce-html":7,"magento-html":1,"schema-product":4,"shopify-html":1}
[prefilter] worker=11 checked=500/1000 passed=7 failed=493 by_platform={"shopify-html":2,"shopify":1,"woocommerce":2,"woocommerce-html":2}
[prefilter] worker=78 checked=450/999 passed=0 failed=450 by_platform={}
[prefilter] worker=16 checked=500/999 passed=0 failed=500 by_platform={}
[prefilter] worker=30 checked=500/1000 passed=3 failed=497 by_platform={"schema-product":1,"woocommerce-html":2}
[prefilter] worker=30 checked=650/1000 passed=18 failed=632 by_platform={"shopify":2,"woocommerce":3,"woocommerce-html":7,"magento-html":1,"schema-product":4,"shopify-html":1}
[prefilter] worker=36 checked=550/1000 passed=7 failed=543 by_platform={"shopify-html":2,"shopify":1,"woocommerce":2,"woocommerce-html":2}
[prefilter] worker=62 checked=550/1000 passed=3 failed=547 by_platform={"schema-product":1,"woocommerce-html":2}
[prefilter] worker=44 checked=600/1000 passed=17 failed=583 by_platform={"shopify-html":6,"woocommerce-html":6,"schema-product":1,"magento":2,"shopify":1,"woocommerce":1}
[prefilter] worker=5 checked=650/1000 passed=17 failed=633 by_platform={"shopify-html":6,"woocommerce-html":6,"schema-product":1,"magento":2,"shopify":1,"woocommerce":1}
[prefilter] worker=33 checked=700/1000 passed=18 failed=682 by_platform={"shopify":2,"woocommerce":3,"woocommerce-html":7,"magento-html":1,"schema-product":4,"shopify-html":1}
[prefilter] worker=8 checked=600/1000 passed=7 failed=593 by_platform={"shopify-html":2,"shopify":1,"woocommerce":2,"woocommerce-html":2}
[prefilter] worker=55 checked=550/999 passed=0 failed=550 by_platform={}
[prefilter] worker=22 checked=600/999 passed=0 failed=600 by_platform={}
[prefilter] worker=74 checked=600/1000 passed=3 failed=597 by_platform={"schema-product":1,"woocommerce-html":2}
[prefilter] worker=9 checked=750/1000 passed=18 failed=732 by_platform={"shopify":2,"woocommerce":3,"woocommerce-html":7,"magento-html":1,"schema-product":4,"shopify-html":1}
[prefilter] worker=36 checked=650/1000 passed=7 failed=643 by_platform={"shopify-html":2,"shopify":1,"woocommerce":2,"woocommerce-html":2}
[prefilter] worker=62 checked=650/1000 passed=3 failed=647 by_platform={"schema-product":1,"woocommerce-html":2}
[prefilter] worker=44 checked=700/1000 passed=17 failed=683 by_platform={"shopify-html":6,"woocommerce-html":6,"schema-product":1,"magento":2,"shopify":1,"woocommerce":1}
[prefilter] worker=68 checked=750/1000 passed=17 failed=733 by_platform={"shopify-html":6,"woocommerce-html":6,"schema-product":1,"magento":2,"shopify":1,"woocommerce":1}
[prefilter] worker=11 checked=800/1000 passed=18 failed=782 by_platform={"shopify":2,"woocommerce":3,"woocommerce-html":7,"magento-html":1,"schema-product":4,"shopify-html":1}
[prefilter] worker=11 checked=700/1000 passed=7 failed=693 by_platform={"shopify-html":2,"shopify":1,"woocommerce":2,"woocommerce-html":2}
[prefilter] worker=78 checked=650/999 passed=0 failed=650 by_platform={}
[prefilter] worker=16 checked=700/999 passed=0 failed=700 by_platform={}
[prefilter] worker=30 checked=700/1000 passed=3 failed=697 by_platform={"schema-product":1,"woocommerce-html":2}
[prefilter] worker=30 checked=850/1000 passed=18 failed=832 by_platform={"shopify":2,"woocommerce":3,"woocommerce-html":7,"magento-html":1,"schema-product":4,"shopify-html":1}
[prefilter] worker=36 checked=750/1000 passed=7 failed=743 by_platform={"shopify-html":2,"shopify":1,"woocommerce":2,"woocommerce-html":2}
[prefilter] worker=62 checked=750/1000 passed=3 failed=747 by_platform={"schema-product":1,"woocommerce-html":2}
[prefilter] worker=44 checked=800/1000 passed=17 failed=783 by_platform={"shopify-html":6,"woocommerce-html":6,"schema-product":1,"magento":2,"shopify":1,"woocommerce":1}
[prefilter] worker=5 checked=850/1000 passed=17 failed=833 by_platform={"shopify-html":6,"woocommerce-html":6,"schema-product":1,"magento":2,"shopify":1,"woocommerce":1}
[prefilter] worker=33 checked=900/1000 passed=18 failed=882 by_platform={"shopify":2,"woocommerce":3,"woocommerce-html":7,"magento-html":1,"schema-product":4,"shopify-html":1}
[prefilter] worker=8 checked=800/1000 passed=7 failed=793 by_platform={"shopify-html":2,"shopify":1,"woocommerce":2,"woocommerce-html":2}
[prefilter] worker=56 checked=750/999 passed=0 failed=750 by_platform={}
[prefilter] worker=22 checked=800/999 passed=0 failed=800 by_platform={}
[prefilter] worker=74 checked=800/1000 passed=3 failed=797 by_platform={"schema-product":1,"woocommerce-html":2}
[prefilter] worker=30 checked=950/1000 passed=18 failed=932 by_platform={"shopify":2,"woocommerce":3,"woocommerce-html":7,"magento-html":1,"schema-product":4,"shopify-html":1}
[prefilter] worker=36 checked=850/1000 passed=7 failed=843 by_platform={"shopify-html":2,"shopify":1,"woocommerce":2,"woocommerce-html":2}
[prefilter] worker=62 checked=850/1000 passed=3 failed=847 by_platform={"schema-product":1,"woocommerce-html":2}
[prefilter] worker=44 checked=900/1000 passed=17 failed=883 by_platform={"shopify-html":6,"woocommerce-html":6,"schema-product":1,"magento":2,"shopify":1,"woocommerce":1}
[prefilter] worker=68 checked=950/1000 passed=17 failed=933 by_platform={"shopify-html":6,"woocommerce-html":6,"schema-product":1,"magento":2,"shopify":1,"woocommerce":1}
[prefilter] worker=11 checked=1000/1000 passed=18 failed=982 by_platform={"shopify":2,"woocommerce":3,"woocommerce-html":7,"magento-html":1,"schema-product":4,"shopify-html":1}
[prefilter] done: {"checked":1000,"passed":18,"failed":982,"by_platform":{"shopify":2,"woocommerce":3,"woocommerce-html":7,"magento-html":1,"schema-product":4,"shopify-html":1},"started_at":"2026-06-11T09:20:15.267Z","finished_at":"2026-06-11T09:26:32.264Z","output":"data/discovery_2026-06-11/prefilter_parallel/batch_4/batch1.ndjson","output_rows":18}
[prefilter] worker=11 checked=900/1000 passed=7 failed=893 by_platform={"shopify-html":2,"shopify":1,"woocommerce":2,"woocommerce-html":2}
[prefilter] worker=79 checked=850/999 passed=0 failed=850 by_platform={}
[prefilter] worker=16 checked=900/999 passed=0 failed=900 by_platform={}
[prefilter] worker=30 checked=900/1000 passed=3 failed=897 by_platform={"schema-product":1,"woocommerce-html":2}
[prefilter] worker=86 checked=950/1000 passed=7 failed=943 by_platform={"shopify-html":2,"shopify":1,"woocommerce":2,"woocommerce-html":2}
[prefilter] worker=62 checked=950/1000 passed=3 failed=947 by_platform={"schema-product":1,"woocommerce-html":2}
[prefilter] worker=44 checked=1000/1000 passed=17 failed=983 by_platform={"shopify-html":6,"woocommerce-html":6,"schema-product":1,"magento":2,"shopify":1,"woocommerce":1}
[prefilter] done: {"checked":1000,"passed":17,"failed":983,"by_platform":{"shopify-html":6,"woocommerce-html":6,"schema-product":1,"magento":2,"shopify":1,"woocommerce":1},"started_at":"2026-06-11T09:20:15.234Z","finished_at":"2026-06-11T09:26:51.845Z","output":"data/discovery_2026-06-11/prefilter_parallel/batch_4/batch5.ndjson","output_rows":17}
[prefilter] worker=48 checked=1000/1000 passed=7 failed=993 by_platform={"shopify-html":2,"shopify":1,"woocommerce":2,"woocommerce-html":2}
[prefilter] done: {"checked":1000,"passed":7,"failed":993,"by_platform":{"shopify-html":2,"shopify":1,"woocommerce":2,"woocommerce-html":2},"started_at":"2026-06-11T09:20:15.228Z","finished_at":"2026-06-11T09:27:19.774Z","output":"data/discovery_2026-06-11/prefilter_parallel/batch_4/batch4.ndjson","output_rows":7}
[prefilter] worker=80 checked=950/999 passed=0 failed=950 by_platform={}
[prefilter] worker=13 checked=999/999 passed=0 failed=999 by_platform={}
[prefilter] done: {"checked":999,"passed":0,"failed":999,"by_platform":{},"started_at":"2026-06-11T09:20:15.275Z","finished_at":"2026-06-11T09:27:21.875Z","output":"data/discovery_2026-06-11/prefilter_parallel/batch_4/batch2.ndjson","output_rows":0}
[prefilter] worker=30 checked=1000/1000 passed=3 failed=997 by_platform={"schema-product":1,"woocommerce-html":2}
[prefilter] done: {"checked":1000,"passed":3,"failed":997,"by_platform":{"schema-product":1,"woocommerce-html":2},"started_at":"2026-06-11T09:20:15.227Z","finished_at":"2026-06-11T09:27:23.311Z","output":"data/discovery_2026-06-11/prefilter_parallel/batch_4/batch3.ndjson","output_rows":3}
[Thu Jun 11 09:38:01 UTC 2026] Batch 4: 45 stores passed
[deep-page] input records=45 ecom=45 by_platform={"shopify":4,"woocommerce":6,"woocommerce-html":17,"magento-html":1,"schema-product":6,"shopify-html":9,"magento":2} concurrency=50
[dp:wc] collshp.com page=1 status=200 bodyLen=225537
[dp:wc] webhostbd.net page=1 status=404 bodyLen=undefined
[dp:mg] lillydrogerie.bg page=1 status=401 bodyLen=undefined
[dp] threebirdnest.com page=1 status=200 bodyLen=956387
[dp] mdaemon.com page=1 status=200 bodyLen=130984
[dp:wc] mansourlawyers.com.au page=1 status=404 bodyLen=undefined
[dp] instant.so page=1 status=404 bodyLen=undefined
[dp:wc] ipax.at page=1 status=404 bodyLen=undefined
[dp:wc] newlinesmag.com page=1 status=401 bodyLen=undefined
[dp] blaze.today page=1 status=404 bodyLen=undefined
[dp] verabradleyoutlet.com page=1 status=200 bodyLen=861909
[dp:wc] exeideas.com page=1 status=404 bodyLen=undefined
[dp] facturama.mx page=1 status=404 bodyLen=undefined
[dp:mg] otonanswer.jp page=1 status=200 bodyLen=107
[dp:wc] webramz.com page=1 status=401 bodyLen=undefined
[dp:wc] mangaforfree.com page=1 status=404 bodyLen=undefined
[dp] mandalascrubs.com page=1 status=200 bodyLen=5774357
[dp] adit.com page=1 status=404 bodyLen=undefined
[dp] nearmap.com page=1 status=404 bodyLen=undefined
[dp] ryviu.com page=1 status=404 bodyLen=undefined
[dp:wc] sakuhentai.net page=1 status=404 bodyLen=undefined
[dp:wc] archweb.com page=1 status=404 bodyLen=undefined
[dp] kustom.co page=1 status=404 bodyLen=undefined
[dp:wc] labusinessjournal.com page=1 status=404 bodyLen=undefined
[dp] abstractapi.com page=1 status=404 bodyLen=undefined
[deep-page] worker=34 stores=25 failed=0 products=625 by_platform={"woocommerce":1,"woocommerce-html":10,"magento-html":1,"shopify":3,"shopify-html":5,"schema-product":4,"magento":1}
[dp:mg] ex2.com page=1 status=200 bodyLen=107
[dp:wc] itexamanswers.net page=1 status=404 bodyLen=undefined
[dp:wc] detroitaxle.com page=1 status=401 bodyLen=undefined
[dp] ruggable.com page=1 status=404 bodyLen=undefined
[dp:wc] elsol.com.ar page=1 status=404 bodyLen=undefined
[dp] clym.io page=1 status=404 bodyLen=undefined
[dp:wc] yucatan.com.mx page=1 status=401 bodyLen=undefined
[dp:wc] 1password.ca page=1 status=200 bodyLen=369857
[dp] ordertracker.com page=1 status=404 bodyLen=undefined
[dp] teleos.ru page=1 status=404 bodyLen=undefined
[dp:wc] unoeste.br page=1 status=200 bodyLen=87471
[dp] xometry.com page=1 status=404 bodyLen=undefined
[dp:wc] veromoda.com page=1 status=200 bodyLen=538922
[dp:wc] exibart.com page=1 status=404 bodyLen=undefined
[dp:wc] coolhunting.com page=1 status=401 bodyLen=undefined
[dp] theautopian.com page=1 status=404 bodyLen=undefined
[dp] revibe.co.za page=1 status=200 bodyLen=9890134
[dp:wc] shenasname.ir page=1 status=404 bodyLen=undefined
[dp:wc] regonline.com page=1 status=200 bodyLen=193216
[dp:wc] livingsocial.com page=1 status=503 bodyLen=undefined
[deep-page] DONE: {"stores_processed":45,"stores_failed":0,"total_products":825,"by_platform":{"woocommerce":6,"woocommerce-html":17,"magento-html":1,"shopify":4,"shopify-html":9,"schema-product":6,"magento":2},"started_at":"2026-06-11T09:38:01.736Z","finished_at":"2026-06-11T09:38:07.653Z","output_rows":825}
[Thu Jun 11 09:38:07 UTC 2026] Batch 4: 825 products extracted
[ingest-daemon] dedup: 825 -> 821 (removed 4 duplicate skus)
(node:2181524) Warning: SECURITY WARNING: The SSL modes 'prefer', 'require', and 'verify-ca' are treated as aliases for 'verify-full'.
In the next major version (pg-connection-string v3.0.0 and pg v9.0.0), these modes will adopt standard libpq semantics, which have weaker security guarantees.

To prepare for this change:
- If you want the current behavior, explicitly use 'sslmode=verify-full'
- If you want libpq compatibility now, use 'uselibpqcompat=true&sslmode=require'

See https://www.postgresql.org/docs/current/libpq-ssl.html for libpq SSL mode definitions.
(Use `node --trace-warnings ...` to show where the warning was created)
(node:2181524) Warning: Setting the NODE_TLS_REJECT_UNAUTHORIZED environment variable to '0' makes TLS connections and HTTPS requests insecure by disabling certificate verification.
[ingest-daemon] {"ts":"2026-06-11T09:38:08.814Z","file":"products_batch_4.ndjson.processing.ndjson","rows":825,"written":821,"fabricated":false,"fabrication_share":{"zeroPriceShare":0.04263093788063337,"nullImageShare":0,"nullSkuShare":0,"emptyTitleShare":0},"elapsed_ms":903,"rows_per_sec":"909.2"}
[Thu Jun 11 09:38:08 UTC 2026] Batch 4: ingested 825 (cumulative: 3253)
[Thu Jun 11 09:38:13 UTC 2026] Batch 5: 5000 domains
[prefilter] input=/tmp/loop_domains_5_3.txt domains=1000 concurrency=100
[prefilter] input=/tmp/loop_domains_5_5.txt domains=999 concurrency=100
[prefilter] input=/tmp/loop_domains_5_2.txt domains=1000 concurrency=100
[prefilter] input=/tmp/loop_domains_5_1.txt domains=1000 concurrency=100
[prefilter] input=/tmp/loop_domains_5_4.txt domains=1000 concurrency=100
[prefilter] worker=63 checked=50/1000 passed=7 failed=43 by_platform={"shopify":4,"schema-product":1,"woocommerce-html":1,"shopify-html":1}
[prefilter] worker=62 checked=50/1000 passed=4 failed=46 by_platform={"magento":1,"woocommerce-html":1,"shopify":1,"shopify-html":1}
[prefilter] worker=8 checked=50/999 passed=2 failed=48 by_platform={"shopify":1,"woocommerce-html":1}
[prefilter] worker=93 checked=50/1000 passed=2 failed=48 by_platform={"woocommerce-html":1,"shopify":1}
[prefilter] worker=83 checked=50/1000 passed=2 failed=48 by_platform={"schema-product":1,"shopify":1}
[prefilter] worker=47 checked=100/1000 passed=7 failed=93 by_platform={"shopify":4,"schema-product":1,"woocommerce-html":1,"shopify-html":1}
[prefilter] worker=72 checked=100/999 passed=3 failed=97 by_platform={"shopify":1,"woocommerce-html":2}
[prefilter] worker=39 checked=100/1000 passed=2 failed=98 by_platform={"schema-product":1,"shopify":1}
[prefilter] worker=15 checked=100/1000 passed=4 failed=96 by_platform={"magento":1,"woocommerce-html":1,"shopify":1,"shopify-html":1}
[prefilter] worker=43 checked=100/1000 passed=2 failed=98 by_platform={"woocommerce-html":1,"shopify":1}
[prefilter] worker=69 checked=150/999 passed=9 failed=141 by_platform={"shopify":1,"woocommerce-html":3,"magento-html":3,"schema-product":1,"woocommerce":1}
[prefilter] worker=88 checked=150/1000 passed=7 failed=143 by_platform={"shopify":4,"schema-product":1,"woocommerce-html":1,"shopify-html":1}
[prefilter] worker=58 checked=150/1000 passed=4 failed=146 by_platform={"magento":1,"woocommerce-html":1,"shopify":1,"shopify-html":1}
[prefilter] worker=0 checked=150/1000 passed=2 failed=148 by_platform={"woocommerce-html":1,"shopify":1}
[prefilter] worker=85 checked=150/1000 passed=2 failed=148 by_platform={"schema-product":1,"shopify":1}
[prefilter] worker=47 checked=200/1000 passed=7 failed=193 by_platform={"shopify":4,"schema-product":1,"woocommerce-html":1,"shopify-html":1}
[prefilter] worker=39 checked=200/1000 passed=2 failed=198 by_platform={"schema-product":1,"shopify":1}
[prefilter] worker=40 checked=200/1000 passed=4 failed=196 by_platform={"magento":1,"woocommerce-html":1,"shopify":1,"shopify-html":1}
[prefilter] worker=94 checked=200/999 passed=9 failed=191 by_platform={"shopify":1,"woocommerce-html":3,"magento-html":3,"schema-product":1,"woocommerce":1}
[prefilter] worker=23 checked=200/1000 passed=2 failed=198 by_platform={"woocommerce-html":1,"shopify":1}
[prefilter] worker=49 checked=250/999 passed=9 failed=241 by_platform={"shopify":1,"woocommerce-html":3,"magento-html":3,"schema-product":1,"woocommerce":1}
[prefilter] worker=31 checked=250/1000 passed=7 failed=243 by_platform={"shopify":4,"schema-product":1,"woocommerce-html":1,"shopify-html":1}
[prefilter] worker=62 checked=250/1000 passed=4 failed=246 by_platform={"magento":1,"woocommerce-html":1,"shopify":1,"shopify-html":1}
[prefilter] worker=91 checked=250/1000 passed=2 failed=248 by_platform={"woocommerce-html":1,"shopify":1}
[prefilter] worker=84 checked=250/1000 passed=2 failed=248 by_platform={"schema-product":1,"shopify":1}
[prefilter] worker=47 checked=300/1000 passed=7 failed=293 by_platform={"shopify":4,"schema-product":1,"woocommerce-html":1,"shopify-html":1}
[prefilter] worker=15 checked=300/1000 passed=2 failed=298 by_platform={"schema-product":1,"shopify":1}
[prefilter] worker=15 checked=300/1000 passed=4 failed=296 by_platform={"magento":1,"woocommerce-html":1,"shopify":1,"shopify-html":1}
[prefilter] worker=2 checked=300/999 passed=9 failed=291 by_platform={"shopify":1,"woocommerce-html":3,"magento-html":3,"schema-product":1,"woocommerce":1}
[prefilter] worker=43 checked=300/1000 passed=2 failed=298 by_platform={"woocommerce-html":1,"shopify":1}
[prefilter] worker=69 checked=350/999 passed=9 failed=341 by_platform={"shopify":1,"woocommerce-html":3,"magento-html":3,"schema-product":1,"woocommerce":1}
[prefilter] worker=88 checked=350/1000 passed=7 failed=343 by_platform={"shopify":4,"schema-product":1,"woocommerce-html":1,"shopify-html":1}
[prefilter] worker=58 checked=350/1000 passed=4 failed=346 by_platform={"magento":1,"woocommerce-html":1,"shopify":1,"shopify-html":1}
[prefilter] worker=97 checked=350/1000 passed=2 failed=348 by_platform={"woocommerce-html":1,"shopify":1}
[prefilter] worker=41 checked=350/1000 passed=2 failed=348 by_platform={"schema-product":1,"shopify":1}
[prefilter] worker=47 checked=400/1000 passed=7 failed=393 by_platform={"shopify":4,"schema-product":1,"woocommerce-html":1,"shopify-html":1}
[prefilter] worker=15 checked=400/1000 passed=2 failed=398 by_platform={"schema-product":1,"shopify":1}
[prefilter] worker=40 checked=400/1000 passed=4 failed=396 by_platform={"magento":1,"woocommerce-html":1,"shopify":1,"shopify-html":1}
[prefilter] worker=2 checked=400/999 passed=9 failed=391 by_platform={"shopify":1,"woocommerce-html":3,"magento-html":3,"schema-product":1,"woocommerce":1}
[prefilter] worker=23 checked=400/1000 passed=2 failed=398 by_platform={"woocommerce-html":1,"shopify":1}
[prefilter] worker=49 checked=450/999 passed=9 failed=441 by_platform={"shopify":1,"woocommerce-html":3,"magento-html":3,"schema-product":1,"woocommerce":1}
[prefilter] worker=31 checked=450/1000 passed=7 failed=443 by_platform={"shopify":4,"schema-product":1,"woocommerce-html":1,"shopify-html":1}
[prefilter] worker=62 checked=450/1000 passed=4 failed=446 by_platform={"magento":1,"woocommerce-html":1,"shopify":1,"shopify-html":1}
[prefilter] worker=73 checked=450/1000 passed=2 failed=448 by_platform={"woocommerce-html":1,"shopify":1}
[prefilter] worker=84 checked=450/1000 passed=2 failed=448 by_platform={"schema-product":1,"shopify":1}
[prefilter] worker=47 checked=500/1000 passed=7 failed=493 by_platform={"shopify":4,"schema-product":1,"woocommerce-html":1,"shopify-html":1}
[prefilter] worker=15 checked=500/1000 passed=2 failed=498 by_platform={"schema-product":1,"shopify":1}
[prefilter] worker=15 checked=500/1000 passed=4 failed=496 by_platform={"magento":1,"woocommerce-html":1,"shopify":1,"shopify-html":1}
[prefilter] worker=2 checked=500/999 passed=9 failed=491 by_platform={"shopify":1,"woocommerce-html":3,"magento-html":3,"schema-product":1,"woocommerce":1}
[prefilter] worker=43 checked=500/1000 passed=2 failed=498 by_platform={"woocommerce-html":1,"shopify":1}
[prefilter] worker=69 checked=550/999 passed=9 failed=541 by_platform={"shopify":1,"woocommerce-html":3,"magento-html":3,"schema-product":1,"woocommerce":1}
[prefilter] worker=88 checked=550/1000 passed=7 failed=543 by_platform={"shopify":4,"schema-product":1,"woocommerce-html":1,"shopify-html":1}
[prefilter] worker=58 checked=550/1000 passed=4 failed=546 by_platform={"magento":1,"woocommerce-html":1,"shopify":1,"shopify-html":1}
[prefilter] worker=35 checked=550/1000 passed=2 failed=548 by_platform={"woocommerce-html":1,"shopify":1}
[prefilter] worker=87 checked=550/1000 passed=2 failed=548 by_platform={"schema-product":1,"shopify":1}
[prefilter] worker=47 checked=600/1000 passed=7 failed=593 by_platform={"shopify":4,"schema-product":1,"woocommerce-html":1,"shopify-html":1}
[prefilter] worker=15 checked=600/1000 passed=2 failed=598 by_platform={"schema-product":1,"shopify":1}
[prefilter] worker=40 checked=600/1000 passed=4 failed=596 by_platform={"magento":1,"woocommerce-html":1,"shopify":1,"shopify-html":1}
[prefilter] worker=2 checked=600/999 passed=9 failed=591 by_platform={"shopify":1,"woocommerce-html":3,"magento-html":3,"schema-product":1,"woocommerce":1}
[prefilter] worker=23 checked=600/1000 passed=2 failed=598 by_platform={"woocommerce-html":1,"shopify":1}
[prefilter] worker=49 checked=650/999 passed=9 failed=641 by_platform={"shopify":1,"woocommerce-html":3,"magento-html":3,"schema-product":1,"woocommerce":1}
[prefilter] worker=31 checked=650/1000 passed=7 failed=643 by_platform={"shopify":4,"schema-product":1,"woocommerce-html":1,"shopify-html":1}
[prefilter] worker=62 checked=650/1000 passed=4 failed=646 by_platform={"magento":1,"woocommerce-html":1,"shopify":1,"shopify-html":1}
[prefilter] worker=99 checked=650/1000 passed=2 failed=648 by_platform={"woocommerce-html":1,"shopify":1}
[prefilter] worker=83 checked=650/1000 passed=2 failed=648 by_platform={"schema-product":1,"shopify":1}
[prefilter] worker=47 checked=700/1000 passed=7 failed=693 by_platform={"shopify":4,"schema-product":1,"woocommerce-html":1,"shopify-html":1}
[prefilter] worker=15 checked=700/1000 passed=2 failed=698 by_platform={"schema-product":1,"shopify":1}
[prefilter] worker=15 checked=700/1000 passed=4 failed=696 by_platform={"magento":1,"woocommerce-html":1,"shopify":1,"shopify-html":1}
[prefilter] worker=2 checked=700/999 passed=9 failed=691 by_platform={"shopify":1,"woocommerce-html":3,"magento-html":3,"schema-product":1,"woocommerce":1}
[prefilter] worker=43 checked=700/1000 passed=2 failed=698 by_platform={"woocommerce-html":1,"shopify":1}
[prefilter] worker=69 checked=750/999 passed=9 failed=741 by_platform={"shopify":1,"woocommerce-html":3,"magento-html":3,"schema-product":1,"woocommerce":1}
[prefilter] worker=88 checked=750/1000 passed=7 failed=743 by_platform={"shopify":4,"schema-product":1,"woocommerce-html":1,"shopify-html":1}
[prefilter] worker=58 checked=750/1000 passed=4 failed=746 by_platform={"magento":1,"woocommerce-html":1,"shopify":1,"shopify-html":1}
[prefilter] worker=71 checked=750/1000 passed=2 failed=748 by_platform={"woocommerce-html":1,"shopify":1}
[prefilter] worker=41 checked=750/1000 passed=2 failed=748 by_platform={"schema-product":1,"shopify":1}
[prefilter] worker=47 checked=800/1000 passed=7 failed=793 by_platform={"shopify":4,"schema-product":1,"woocommerce-html":1,"shopify-html":1}
[prefilter] worker=15 checked=800/1000 passed=2 failed=798 by_platform={"schema-product":1,"shopify":1}
[prefilter] worker=40 checked=800/1000 passed=4 failed=796 by_platform={"magento":1,"woocommerce-html":1,"shopify":1,"shopify-html":1}
[prefilter] worker=2 checked=800/999 passed=9 failed=791 by_platform={"shopify":1,"woocommerce-html":3,"magento-html":3,"schema-product":1,"woocommerce":1}
[prefilter] worker=23 checked=800/1000 passed=2 failed=798 by_platform={"woocommerce-html":1,"shopify":1}
[prefilter] worker=49 checked=850/999 passed=9 failed=841 by_platform={"shopify":1,"woocommerce-html":3,"magento-html":3,"schema-product":1,"woocommerce":1}
[prefilter] worker=31 checked=850/1000 passed=7 failed=843 by_platform={"shopify":4,"schema-product":1,"woocommerce-html":1,"shopify-html":1}
[prefilter] worker=62 checked=850/1000 passed=4 failed=846 by_platform={"magento":1,"woocommerce-html":1,"shopify":1,"shopify-html":1}
[prefilter] worker=95 checked=850/1000 passed=2 failed=848 by_platform={"woocommerce-html":1,"shopify":1}
[prefilter] worker=86 checked=850/1000 passed=2 failed=848 by_platform={"schema-product":1,"shopify":1}
[prefilter] worker=47 checked=900/1000 passed=7 failed=893 by_platform={"shopify":4,"schema-product":1,"woocommerce-html":1,"shopify-html":1}
[prefilter] worker=15 checked=900/1000 passed=2 failed=898 by_platform={"schema-product":1,"shopify":1}
[prefilter] worker=15 checked=900/1000 passed=4 failed=896 by_platform={"magento":1,"woocommerce-html":1,"shopify":1,"shopify-html":1}
[prefilter] worker=2 checked=900/999 passed=9 failed=891 by_platform={"shopify":1,"woocommerce-html":3,"magento-html":3,"schema-product":1,"woocommerce":1}
[prefilter] worker=43 checked=900/1000 passed=2 failed=898 by_platform={"woocommerce-html":1,"shopify":1}
[prefilter] worker=49 checked=950/999 passed=9 failed=941 by_platform={"shopify":1,"woocommerce-html":3,"magento-html":3,"schema-product":1,"woocommerce":1}
[prefilter] worker=88 checked=950/1000 passed=7 failed=943 by_platform={"shopify":4,"schema-product":1,"woocommerce-html":1,"shopify-html":1}
[prefilter] worker=58 checked=950/1000 passed=4 failed=946 by_platform={"magento":1,"woocommerce-html":1,"shopify":1,"shopify-html":1}
[prefilter] worker=77 checked=950/1000 passed=2 failed=948 by_platform={"woocommerce-html":1,"shopify":1}
[prefilter] worker=79 checked=950/1000 passed=2 failed=948 by_platform={"schema-product":1,"shopify":1}
[prefilter] worker=47 checked=1000/1000 passed=7 failed=993 by_platform={"shopify":4,"schema-product":1,"woocommerce-html":1,"shopify-html":1}
[prefilter] done: {"checked":1000,"passed":7,"failed":993,"by_platform":{"shopify":4,"schema-product":1,"woocommerce-html":1,"shopify-html":1},"started_at":"2026-06-11T09:38:14.022Z","finished_at":"2026-06-11T09:45:19.123Z","output":"data/discovery_2026-06-11/prefilter_parallel/batch_5/batch4.ndjson","output_rows":7}
[prefilter] worker=15 checked=1000/1000 passed=2 failed=998 by_platform={"schema-product":1,"shopify":1}
[prefilter] done: {"checked":1000,"passed":2,"failed":998,"by_platform":{"schema-product":1,"shopify":1},"started_at":"2026-06-11T09:38:14.013Z","finished_at":"2026-06-11T09:45:21.629Z","output":"data/discovery_2026-06-11/prefilter_parallel/batch_5/batch1.ndjson","output_rows":2}
[prefilter] worker=7 checked=1000/1000 passed=4 failed=996 by_platform={"magento":1,"woocommerce-html":1,"shopify":1,"shopify-html":1}
[prefilter] done: {"checked":1000,"passed":4,"failed":996,"by_platform":{"magento":1,"woocommerce-html":1,"shopify":1,"shopify-html":1},"started_at":"2026-06-11T09:38:13.998Z","finished_at":"2026-06-11T09:45:22.105Z","output":"data/discovery_2026-06-11/prefilter_parallel/batch_5/batch2.ndjson","output_rows":4}
[prefilter] worker=93 checked=999/999 passed=9 failed=990 by_platform={"shopify":1,"woocommerce-html":3,"magento-html":3,"schema-product":1,"woocommerce":1}
[prefilter] done: {"checked":999,"passed":9,"failed":990,"by_platform":{"shopify":1,"woocommerce-html":3,"magento-html":3,"schema-product":1,"woocommerce":1},"started_at":"2026-06-11T09:38:13.985Z","finished_at":"2026-06-11T09:45:22.517Z","output":"data/discovery_2026-06-11/prefilter_parallel/batch_5/batch5.ndjson","output_rows":9}
[prefilter] worker=36 checked=1000/1000 passed=2 failed=998 by_platform={"woocommerce-html":1,"shopify":1}
[prefilter] done: {"checked":1000,"passed":2,"failed":998,"by_platform":{"woocommerce-html":1,"shopify":1},"started_at":"2026-06-11T09:38:13.981Z","finished_at":"2026-06-11T09:45:22.573Z","output":"data/discovery_2026-06-11/prefilter_parallel/batch_5/batch3.ndjson","output_rows":2}
[Thu Jun 11 09:51:08 UTC 2026] Batch 5: 24 stores passed
[deep-page] input records=24 ecom=24 by_platform={"schema-product":3,"shopify":8,"magento":1,"woocommerce-html":6,"shopify-html":2,"magento-html":3,"woocommerce":1} concurrency=50
[dp] scentsnstories.pk page=1 status=200 bodyLen=737057
[dp] pothys.com page=1 status=200 bodyLen=610939
[dp] nestasia.in page=1 status=200 bodyLen=1565377
[dp:mg] bebodywise.com page=1 status=404 bodyLen=undefined
[dp] slazzer.com page=1 status=404 bodyLen=undefined
[dp:wc] saaslio.com page=1 status=200 bodyLen=293783
[dp] colourpop.com page=1 status=200 bodyLen=1022182
[dp] supertails.com page=1 status=200 bodyLen=2206245
[dp:wc] glenmarkpharma.com page=1 status=404 bodyLen=undefined
[dp:wc] floranext.com page=1 status=404 bodyLen=undefined
[dp] foursixty.com page=1 status=404 bodyLen=undefined
[dp] voltareninfo.com page=1 status=404 bodyLen=undefined
[dp:wc] fpif.org page=1 status=404 bodyLen=undefined
[dp] putzperle.de page=1 status=404 bodyLen=undefined
[dp:wc] klopotenko.com page=1 status=404 bodyLen=undefined
[dp] spellbee.org page=1 status=404 bodyLen=undefined
[dp] urban-planet.com page=1 status=200 bodyLen=3931647
[dp:mg] oficialfarma.com.br page=1 status=401 bodyLen=undefined
[dp:wc] memberpress.com page=1 status=404 bodyLen=undefined
[dp] harpercollins.co.uk page=1 status=200 bodyLen=1203052
[dp:mg] leapfrog.com page=1 status=404 bodyLen=undefined
[dp] sorellasthebrand.com page=1 status=200 bodyLen=887500
[dp:wc] kriptomat.io page=1 status=404 bodyLen=undefined
[dp:mg] jqueryscript.net page=1 status=0 bodyLen=undefined
[deep-page] DONE: {"stores_processed":24,"stores_failed":0,"total_products":1588,"by_platform":{"shopify":8,"magento-html":3,"shopify-html":2,"woocommerce":1,"woocommerce-html":6,"schema-product":3,"magento":1},"started_at":"2026-06-11T09:51:09.015Z","finished_at":"2026-06-11T09:51:24.122Z","output_rows":1588}
[Thu Jun 11 09:51:24 UTC 2026] Batch 5: 1588 products extracted
[ingest-daemon] dedup: 1588 -> 1586 (removed 2 duplicate skus)
(node:2210876) Warning: SECURITY WARNING: The SSL modes 'prefer', 'require', and 'verify-ca' are treated as aliases for 'verify-full'.
In the next major version (pg-connection-string v3.0.0 and pg v9.0.0), these modes will adopt standard libpq semantics, which have weaker security guarantees.

To prepare for this change:
- If you want the current behavior, explicitly use 'sslmode=verify-full'
- If you want libpq compatibility now, use 'uselibpqcompat=true&sslmode=require'

See https://www.postgresql.org/docs/current/libpq-ssl.html for libpq SSL mode definitions.
(Use `node --trace-warnings ...` to show where the warning was created)
(node:2210876) Warning: Setting the NODE_TLS_REJECT_UNAUTHORIZED environment variable to '0' makes TLS connections and HTTPS requests insecure by disabling certificate verification.
[ingest-daemon] {"ts":"2026-06-11T09:51:59.049Z","file":"products_batch_5.ndjson.processing.ndjson","rows":1588,"written":1586,"fabricated":false,"fabrication_share":{"zeroPriceShare":0.0006305170239596469,"nullImageShare":0.0006305170239596469,"nullSkuShare":0,"emptyTitleShare":0},"elapsed_ms":28516,"rows_per_sec":"55.6"}
[Thu Jun 11 09:51:59 UTC 2026] Batch 5: ingested 1588 (cumulative: 4841)
[Thu Jun 11 09:52:04 UTC 2026] Batch 6: 5000 domains
[prefilter] input=/tmp/loop_domains_6_2.txt domains=1000 concurrency=100
[prefilter] input=/tmp/loop_domains_6_5.txt domains=1000 concurrency=100
[prefilter] input=/tmp/loop_domains_6_3.txt domains=1000 concurrency=100
[prefilter] input=/tmp/loop_domains_6_4.txt domains=1000 concurrency=100
[prefilter] input=/tmp/loop_domains_6_1.txt domains=1000 concurrency=100
[prefilter] worker=48 checked=50/1000 passed=3 failed=47 by_platform={"shopify":1,"woocommerce":1,"schema-product":1}
[prefilter] worker=0 checked=50/1000 passed=5 failed=45 by_platform={"shopify":2,"woocommerce-html":2,"magento":1}
[prefilter] worker=2 checked=50/1000 passed=4 failed=46 by_platform={"magento-html":1,"shopify":1,"shopify-html":1,"schema-product":1}
[prefilter] worker=45 checked=100/1000 passed=3 failed=97 by_platform={"shopify":1,"woocommerce":1,"schema-product":1}
[prefilter] worker=82 checked=50/1000 passed=0 failed=50 by_platform={}
[prefilter] worker=69 checked=50/1000 passed=0 failed=50 by_platform={}
[prefilter] worker=24 checked=100/1000 passed=0 failed=100 by_platform={}
[prefilter] worker=30 checked=100/1000 passed=8 failed=92 by_platform={"shopify":3,"woocommerce-html":3,"magento":1,"schema-product":1}
[prefilter] worker=47 checked=100/1000 passed=4 failed=96 by_platform={"magento-html":1,"shopify":1,"shopify-html":1,"schema-product":1}
[prefilter] worker=18 checked=150/1000 passed=3 failed=147 by_platform={"shopify":1,"woocommerce":1,"schema-product":1}
[prefilter] worker=33 checked=100/1000 passed=0 failed=100 by_platform={}
[prefilter] worker=0 checked=150/1000 passed=8 failed=142 by_platform={"shopify":3,"woocommerce-html":3,"magento":1,"schema-product":1}
[prefilter] worker=18 checked=150/1000 passed=4 failed=146 by_platform={"magento-html":1,"shopify":1,"shopify-html":1,"schema-product":1}
[prefilter] worker=2 checked=150/1000 passed=1 failed=149 by_platform={"woocommerce-html":1}
[prefilter] worker=10 checked=200/1000 passed=3 failed=197 by_platform={"shopify":1,"woocommerce":1,"schema-product":1}
[prefilter] worker=63 checked=200/1000 passed=5 failed=195 by_platform={"woocommerce-html":2,"magento":1,"shopify-html":2}
[prefilter] worker=53 checked=150/1000 passed=0 failed=150 by_platform={}
[prefilter] worker=14 checked=200/1000 passed=0 failed=200 by_platform={}
[prefilter] worker=51 checked=200/1000 passed=8 failed=192 by_platform={"shopify":3,"woocommerce-html":3,"magento":1,"schema-product":1}
[prefilter] worker=48 checked=200/1000 passed=4 failed=196 by_platform={"magento-html":1,"shopify":1,"shopify-html":1,"schema-product":1}
[prefilter] worker=60 checked=250/1000 passed=10 failed=240 by_platform={"woocommerce-html":3,"magento":1,"shopify-html":3,"woocommerce":1,"schema-product":1,"shopify":1}
[prefilter] worker=54 checked=250/1000 passed=3 failed=247 by_platform={"shopify":1,"woocommerce":1,"schema-product":1}
[prefilter] worker=6 checked=250/1000 passed=8 failed=242 by_platform={"shopify":3,"woocommerce-html":3,"magento":1,"schema-product":1}
[prefilter] worker=2 checked=250/1000 passed=4 failed=246 by_platform={"magento-html":1,"shopify":1,"shopify-html":1,"schema-product":1}
[prefilter] worker=45 checked=300/1000 passed=3 failed=297 by_platform={"shopify":1,"woocommerce":1,"schema-product":1}
[prefilter] worker=26 checked=300/1000 passed=10 failed=290 by_platform={"woocommerce-html":3,"magento":1,"shopify-html":3,"woocommerce":1,"schema-product":1,"shopify":1}
[prefilter] worker=69 checked=250/1000 passed=0 failed=250 by_platform={}
[prefilter] worker=24 checked=300/1000 passed=0 failed=300 by_platform={}
[prefilter] worker=30 checked=300/1000 passed=8 failed=292 by_platform={"shopify":3,"woocommerce-html":3,"magento":1,"schema-product":1}
[prefilter] worker=47 checked=300/1000 passed=4 failed=296 by_platform={"magento-html":1,"shopify":1,"shopify-html":1,"schema-product":1}
[prefilter] worker=32 checked=350/1000 passed=10 failed=340 by_platform={"woocommerce-html":3,"magento":1,"shopify-html":3,"woocommerce":1,"schema-product":1,"shopify":1}
[prefilter] worker=18 checked=350/1000 passed=3 failed=347 by_platform={"shopify":1,"woocommerce":1,"schema-product":1}
[prefilter] worker=89 checked=350/1000 passed=8 failed=342 by_platform={"shopify":3,"woocommerce-html":3,"magento":1,"schema-product":1}
[prefilter] worker=18 checked=350/1000 passed=4 failed=346 by_platform={"magento-html":1,"shopify":1,"shopify-html":1,"schema-product":1}
[prefilter] worker=10 checked=400/1000 passed=3 failed=397 by_platform={"shopify":1,"woocommerce":1,"schema-product":1}
[prefilter] worker=55 checked=400/1000 passed=10 failed=390 by_platform={"woocommerce-html":3,"magento":1,"shopify-html":3,"woocommerce":1,"schema-product":1,"shopify":1}
[prefilter] worker=52 checked=350/1000 passed=0 failed=350 by_platform={}
[prefilter] worker=14 checked=400/1000 passed=0 failed=400 by_platform={}
[prefilter] worker=51 checked=400/1000 passed=8 failed=392 by_platform={"shopify":3,"woocommerce-html":3,"magento":1,"schema-product":1}
[prefilter] worker=48 checked=400/1000 passed=4 failed=396 by_platform={"magento-html":1,"shopify":1,"shopify-html":1,"schema-product":1}
[prefilter] worker=60 checked=450/1000 passed=10 failed=440 by_platform={"woocommerce-html":3,"magento":1,"shopify-html":3,"woocommerce":1,"schema-product":1,"shopify":1}
[prefilter] worker=54 checked=450/1000 passed=3 failed=447 by_platform={"shopify":1,"woocommerce":1,"schema-product":1}
[prefilter] worker=6 checked=450/1000 passed=8 failed=442 by_platform={"shopify":3,"woocommerce-html":3,"magento":1,"schema-product":1}
[prefilter] worker=2 checked=450/1000 passed=4 failed=446 by_platform={"magento-html":1,"shopify":1,"shopify-html":1,"schema-product":1}
[prefilter] worker=45 checked=500/1000 passed=3 failed=497 by_platform={"shopify":1,"woocommerce":1,"schema-product":1}
[prefilter] worker=26 checked=500/1000 passed=10 failed=490 by_platform={"woocommerce-html":3,"magento":1,"shopify-html":3,"woocommerce":1,"schema-product":1,"shopify":1}
[prefilter] worker=68 checked=450/1000 passed=0 failed=450 by_platform={}
[prefilter] worker=24 checked=500/1000 passed=0 failed=500 by_platform={}
[prefilter] worker=30 checked=500/1000 passed=8 failed=492 by_platform={"shopify":3,"woocommerce-html":3,"magento":1,"schema-product":1}
[prefilter] worker=47 checked=500/1000 passed=4 failed=496 by_platform={"magento-html":1,"shopify":1,"shopify-html":1,"schema-product":1}
[prefilter] worker=32 checked=550/1000 passed=10 failed=540 by_platform={"woocommerce-html":3,"magento":1,"shopify-html":3,"woocommerce":1,"schema-product":1,"shopify":1}
[prefilter] worker=18 checked=550/1000 passed=3 failed=547 by_platform={"shopify":1,"woocommerce":1,"schema-product":1}
[prefilter] worker=89 checked=550/1000 passed=8 failed=542 by_platform={"shopify":3,"woocommerce-html":3,"magento":1,"schema-product":1}
[prefilter] worker=18 checked=550/1000 passed=4 failed=546 by_platform={"magento-html":1,"shopify":1,"shopify-html":1,"schema-product":1}
[prefilter] worker=10 checked=600/1000 passed=3 failed=597 by_platform={"shopify":1,"woocommerce":1,"schema-product":1}
[prefilter] worker=55 checked=600/1000 passed=10 failed=590 by_platform={"woocommerce-html":3,"magento":1,"shopify-html":3,"woocommerce":1,"schema-product":1,"shopify":1}
[prefilter] worker=52 checked=550/1000 passed=0 failed=550 by_platform={}
[prefilter] worker=14 checked=600/1000 passed=0 failed=600 by_platform={}
[prefilter] worker=51 checked=600/1000 passed=8 failed=592 by_platform={"shopify":3,"woocommerce-html":3,"magento":1,"schema-product":1}
[prefilter] worker=48 checked=600/1000 passed=4 failed=596 by_platform={"magento-html":1,"shopify":1,"shopify-html":1,"schema-product":1}
[prefilter] worker=60 checked=650/1000 passed=10 failed=640 by_platform={"woocommerce-html":3,"magento":1,"shopify-html":3,"woocommerce":1,"schema-product":1,"shopify":1}
[prefilter] worker=54 checked=650/1000 passed=3 failed=647 by_platform={"shopify":1,"woocommerce":1,"schema-product":1}
[prefilter] worker=6 checked=650/1000 passed=8 failed=642 by_platform={"shopify":3,"woocommerce-html":3,"magento":1,"schema-product":1}
[prefilter] worker=2 checked=650/1000 passed=4 failed=646 by_platform={"magento-html":1,"shopify":1,"shopify-html":1,"schema-product":1}
[prefilter] worker=45 checked=700/1000 passed=3 failed=697 by_platform={"shopify":1,"woocommerce":1,"schema-product":1}
[prefilter] worker=26 checked=700/1000 passed=10 failed=690 by_platform={"woocommerce-html":3,"magento":1,"shopify-html":3,"woocommerce":1,"schema-product":1,"shopify":1}
[prefilter] worker=69 checked=650/1000 passed=0 failed=650 by_platform={}
[prefilter] worker=24 checked=700/1000 passed=0 failed=700 by_platform={}
[prefilter] worker=30 checked=700/1000 passed=8 failed=692 by_platform={"shopify":3,"woocommerce-html":3,"magento":1,"schema-product":1}
[prefilter] worker=47 checked=700/1000 passed=4 failed=696 by_platform={"magento-html":1,"shopify":1,"shopify-html":1,"schema-product":1}
[prefilter] worker=32 checked=750/1000 passed=10 failed=740 by_platform={"woocommerce-html":3,"magento":1,"shopify-html":3,"woocommerce":1,"schema-product":1,"shopify":1}
[prefilter] worker=18 checked=750/1000 passed=3 failed=747 by_platform={"shopify":1,"woocommerce":1,"schema-product":1}
[prefilter] worker=89 checked=750/1000 passed=8 failed=742 by_platform={"shopify":3,"woocommerce-html":3,"magento":1,"schema-product":1}
[prefilter] worker=18 checked=750/1000 passed=4 failed=746 by_platform={"magento-html":1,"shopify":1,"shopify-html":1,"schema-product":1}
[prefilter] worker=10 checked=800/1000 passed=3 failed=797 by_platform={"shopify":1,"woocommerce":1,"schema-product":1}
[prefilter] worker=55 checked=800/1000 passed=10 failed=790 by_platform={"woocommerce-html":3,"magento":1,"shopify-html":3,"woocommerce":1,"schema-product":1,"shopify":1}
[prefilter] worker=53 checked=750/1000 passed=0 failed=750 by_platform={}
[prefilter] worker=14 checked=800/1000 passed=0 failed=800 by_platform={}
[prefilter] worker=51 checked=800/1000 passed=8 failed=792 by_platform={"shopify":3,"woocommerce-html":3,"magento":1,"schema-product":1}
[prefilter] worker=48 checked=800/1000 passed=4 failed=796 by_platform={"magento-html":1,"shopify":1,"shopify-html":1,"schema-product":1}
[prefilter] worker=60 checked=850/1000 passed=10 failed=840 by_platform={"woocommerce-html":3,"magento":1,"shopify-html":3,"woocommerce":1,"schema-product":1,"shopify":1}
[prefilter] worker=54 checked=850/1000 passed=3 failed=847 by_platform={"shopify":1,"woocommerce":1,"schema-product":1}
[prefilter] worker=6 checked=850/1000 passed=8 failed=842 by_platform={"shopify":3,"woocommerce-html":3,"magento":1,"schema-product":1}
[prefilter] worker=2 checked=850/1000 passed=4 failed=846 by_platform={"magento-html":1,"shopify":1,"shopify-html":1,"schema-product":1}
[prefilter] worker=45 checked=900/1000 passed=3 failed=897 by_platform={"shopify":1,"woocommerce":1,"schema-product":1}
[prefilter] worker=26 checked=900/1000 passed=10 failed=890 by_platform={"woocommerce-html":3,"magento":1,"shopify-html":3,"woocommerce":1,"schema-product":1,"shopify":1}
[prefilter] worker=69 checked=850/1000 passed=0 failed=850 by_platform={}
[prefilter] worker=24 checked=900/1000 passed=0 failed=900 by_platform={}
[prefilter] worker=30 checked=900/1000 passed=8 failed=892 by_platform={"shopify":3,"woocommerce-html":3,"magento":1,"schema-product":1}
[prefilter] worker=47 checked=900/1000 passed=4 failed=896 by_platform={"magento-html":1,"shopify":1,"shopify-html":1,"schema-product":1}
[prefilter] worker=32 checked=950/1000 passed=10 failed=940 by_platform={"woocommerce-html":3,"magento":1,"shopify-html":3,"woocommerce":1,"schema-product":1,"shopify":1}
[prefilter] worker=18 checked=950/1000 passed=3 failed=947 by_platform={"shopify":1,"woocommerce":1,"schema-product":1}
[prefilter] worker=0 checked=950/1000 passed=8 failed=942 by_platform={"shopify":3,"woocommerce-html":3,"magento":1,"schema-product":1}
[prefilter] worker=2 checked=950/1000 passed=4 failed=946 by_platform={"magento-html":1,"shopify":1,"shopify-html":1,"schema-product":1}
[prefilter] worker=45 checked=1000/1000 passed=3 failed=997 by_platform={"shopify":1,"woocommerce":1,"schema-product":1}
[prefilter] done: {"checked":1000,"passed":3,"failed":997,"by_platform":{"shopify":1,"woocommerce":1,"schema-product":1},"started_at":"2026-06-11T09:52:04.238Z","finished_at":"2026-06-11T09:59:05.352Z","output":"data/discovery_2026-06-11/prefilter_parallel/batch_6/batch2.ndjson","output_rows":3}
[prefilter] worker=26 checked=1000/1000 passed=10 failed=990 by_platform={"woocommerce-html":3,"magento":1,"shopify-html":3,"woocommerce":1,"schema-product":1,"shopify":1}
[prefilter] done: {"checked":1000,"passed":10,"failed":990,"by_platform":{"woocommerce-html":3,"magento":1,"shopify-html":3,"woocommerce":1,"schema-product":1,"shopify":1},"started_at":"2026-06-11T09:52:04.256Z","finished_at":"2026-06-11T09:59:08.269Z","output":"data/discovery_2026-06-11/prefilter_parallel/batch_6/batch5.ndjson","output_rows":10}
[prefilter] worker=69 checked=950/1000 passed=0 failed=950 by_platform={}
[prefilter] worker=24 checked=1000/1000 passed=0 failed=1000 by_platform={}
[prefilter] done: {"checked":1000,"passed":0,"failed":1000,"by_platform":{},"started_at":"2026-06-11T09:52:04.275Z","finished_at":"2026-06-11T09:59:09.921Z","output":"data/discovery_2026-06-11/prefilter_parallel/batch_6/batch1.ndjson","output_rows":0}
[prefilter] worker=51 checked=1000/1000 passed=8 failed=992 by_platform={"shopify":3,"woocommerce-html":3,"magento":1,"schema-product":1}
[prefilter] done: {"checked":1000,"passed":8,"failed":992,"by_platform":{"shopify":3,"woocommerce-html":3,"magento":1,"schema-product":1},"started_at":"2026-06-11T09:52:04.270Z","finished_at":"2026-06-11T09:59:10.389Z","output":"data/discovery_2026-06-11/prefilter_parallel/batch_6/batch3.ndjson","output_rows":8}
[prefilter] worker=48 checked=1000/1000 passed=4 failed=996 by_platform={"magento-html":1,"shopify":1,"shopify-html":1,"schema-product":1}
[prefilter] done: {"checked":1000,"passed":4,"failed":996,"by_platform":{"magento-html":1,"shopify":1,"shopify-html":1,"schema-product":1},"started_at":"2026-06-11T09:52:04.270Z","finished_at":"2026-06-11T09:59:10.876Z","output":"data/discovery_2026-06-11/prefilter_parallel/batch_6/batch4.ndjson","output_rows":4}
[Thu Jun 11 10:06:26 UTC 2026] Batch 6: 25 stores passed
[deep-page] input records=25 ecom=25 by_platform={"shopify":6,"woocommerce":2,"schema-product":4,"woocommerce-html":6,"magento":2,"magento-html":1,"shopify-html":4} concurrency=50
[dp] cloudlift.app page=1 status=200 bodyLen=82427
[dp] nutrifactor.com.pk page=1 status=200 bodyLen=848366
[dp:wc] wwr-stardom.com page=1 status=404 bodyLen=undefined
[dp:wc] webtoonhatti.club page=1 status=404 bodyLen=undefined
[dp:wc] rekhtadictionary.com page=1 status=403 bodyLen=undefined
[dp:mg] traidsoft.net page=1 status=200 bodyLen=107
[dp] omadanetworks.com page=1 status=404 bodyLen=undefined
[dp] poppyandpeonies.com page=1 status=200 bodyLen=1374339
[dp] tupperware.com page=1 status=200 bodyLen=1244482
[dp:mg] scoresinlive.com page=1 status=200 bodyLen=107
[dp] messagemedia.com page=1 status=404 bodyLen=undefined
[dp] mooncat.com page=1 status=200 bodyLen=1138717
[dp:mg] giftee.biz page=1 status=404 bodyLen=undefined
[dp:wc] dicodusport.fr page=1 status=404 bodyLen=undefined
[dp:wc] capsolver.com page=1 status=200 bodyLen=421155
[dp] yoc.com page=1 status=404 bodyLen=undefined
[dp:wc] indyweek.com page=1 status=401 bodyLen=undefined
[dp] cloudradial.com page=1 status=404 bodyLen=undefined
[dp] usealphaco.com.br page=1 status=200 bodyLen=1294084
[dp] entera.pro page=1 status=404 bodyLen=undefined
[dp] stroilioro.com page=1 status=404 bodyLen=undefined
[dp] subscribers.com page=1 status=404 bodyLen=undefined
[dp:wc] faveni.edu.br page=1 status=404 bodyLen=undefined
[dp:wc] acbl.org page=1 status=401 bodyLen=undefined
[dp] 009.am page=1 status=404 bodyLen=undefined
[deep-page] worker=10 stores=25 failed=0 products=970 by_platform={"shopify":6,"woocommerce-html":6,"woocommerce":2,"magento":2,"shopify-html":4,"magento-html":1,"schema-product":4}
[deep-page] DONE: {"stores_processed":25,"stores_failed":0,"total_products":970,"by_platform":{"shopify":6,"woocommerce-html":6,"woocommerce":2,"magento":2,"shopify-html":4,"magento-html":1,"schema-product":4},"started_at":"2026-06-11T10:06:26.978Z","finished_at":"2026-06-11T10:06:32.451Z","output_rows":970}
[Thu Jun 11 10:06:32 UTC 2026] Batch 6: 970 products extracted
[ingest-daemon] dedup: 970 -> 954 (removed 16 duplicate skus)
(node:2258564) Warning: SECURITY WARNING: The SSL modes 'prefer', 'require', and 'verify-ca' are treated as aliases for 'verify-full'.
In the next major version (pg-connection-string v3.0.0 and pg v9.0.0), these modes will adopt standard libpq semantics, which have weaker security guarantees.

To prepare for this change:
- If you want the current behavior, explicitly use 'sslmode=verify-full'
- If you want libpq compatibility now, use 'uselibpqcompat=true&sslmode=require'

See https://www.postgresql.org/docs/current/libpq-ssl.html for libpq SSL mode definitions.
(Use `node --trace-warnings ...` to show where the warning was created)
(node:2258564) Warning: Setting the NODE_TLS_REJECT_UNAUTHORIZED environment variable to '0' makes TLS connections and HTTPS requests insecure by disabling certificate verification.
[ingest-daemon] {"ts":"2026-06-11T10:06:50.284Z","file":"products_batch_6.ndjson.processing.ndjson","rows":970,"written":954,"fabricated":false,"fabrication_share":{"zeroPriceShare":0.015723270440251572,"nullImageShare":0.0010482180293501049,"nullSkuShare":0,"emptyTitleShare":0},"elapsed_ms":17392,"rows_per_sec":"54.9"}
[Thu Jun 11 10:06:50 UTC 2026] Batch 6: ingested 970 (cumulative: 5811)
[Thu Jun 11 10:06:55 UTC 2026] Batch 7: 5000 domains
[prefilter] input=/tmp/loop_domains_7_1.txt domains=1000 concurrency=100
[prefilter] input=/tmp/loop_domains_7_2.txt domains=1000 concurrency=100
[prefilter] input=/tmp/loop_domains_7_5.txt domains=1000 concurrency=100
[prefilter] input=/tmp/loop_domains_7_4.txt domains=1000 concurrency=100
[prefilter] input=/tmp/loop_domains_7_3.txt domains=1000 concurrency=100
[prefilter] worker=52 checked=50/1000 passed=7 failed=43 by_platform={"bigcommerce-html":1,"shopify":3,"magento":1,"woocommerce-html":2}
[prefilter] worker=16 checked=50/1000 passed=7 failed=43 by_platform={"shopify":2,"magento":1,"schema-product":1,"shopify-html":1,"woocommerce-html":2}
[prefilter] worker=57 checked=50/1000 passed=2 failed=48 by_platform={"shopify":1,"magento":1}
[prefilter] worker=52 checked=50/1000 passed=4 failed=46 by_platform={"shopify-html":3,"woocommerce-html":1}
[prefilter] worker=84 checked=100/1000 passed=11 failed=89 by_platform={"shopify":2,"magento":3,"schema-product":1,"shopify-html":1,"woocommerce-html":3,"woocommerce":1}
[prefilter] worker=55 checked=100/1000 passed=12 failed=88 by_platform={"shopify-html":4,"woocommerce-html":1,"magento":2,"magento-html":2,"shopify":3}
[prefilter] worker=38 checked=100/1000 passed=10 failed=90 by_platform={"shopify":3,"magento":1,"woocommerce-html":3,"woocommerce":1,"magento-html":2}
[prefilter] worker=48 checked=100/1000 passed=11 failed=89 by_platform={"bigcommerce-html":1,"shopify":3,"magento":1,"woocommerce-html":5,"magento-html":1}
[prefilter] worker=78 checked=150/1000 passed=14 failed=136 by_platform={"shopify":3,"magento":3,"schema-product":1,"shopify-html":1,"woocommerce-html":5,"woocommerce":1}
[prefilter] worker=70 checked=50/1000 passed=3 failed=47 by_platform={"shopify":2,"woocommerce":1}
[prefilter] worker=16 checked=100/1000 passed=3 failed=97 by_platform={"shopify":2,"woocommerce":1}
[prefilter] worker=8 checked=150/1000 passed=11 failed=139 by_platform={"bigcommerce-html":1,"shopify":3,"magento":1,"woocommerce-html":5,"magento-html":1}
[prefilter] worker=44 checked=150/1000 passed=12 failed=138 by_platform={"shopify-html":4,"woocommerce-html":1,"magento":2,"magento-html":2,"shopify":3}
[prefilter] worker=20 checked=150/1000 passed=10 failed=140 by_platform={"shopify":3,"magento":1,"woocommerce-html":3,"woocommerce":1,"magento-html":2}
[prefilter] worker=29 checked=200/1000 passed=14 failed=186 by_platform={"shopify":3,"magento":3,"schema-product":1,"shopify-html":1,"woocommerce-html":5,"woocommerce":1}
[prefilter] worker=24 checked=200/1000 passed=12 failed=188 by_platform={"shopify-html":4,"woocommerce-html":1,"magento":2,"magento-html":2,"shopify":3}
[prefilter] worker=38 checked=200/1000 passed=10 failed=190 by_platform={"shopify":3,"magento":1,"woocommerce-html":3,"woocommerce":1,"magento-html":2}
[prefilter] worker=48 checked=200/1000 passed=11 failed=189 by_platform={"bigcommerce-html":1,"shopify":3,"magento":1,"woocommerce-html":5,"magento-html":1}
[prefilter] worker=78 checked=250/1000 passed=14 failed=236 by_platform={"shopify":3,"magento":3,"schema-product":1,"shopify-html":1,"woocommerce-html":5,"woocommerce":1}
[prefilter] worker=60 checked=150/1000 passed=3 failed=147 by_platform={"shopify":2,"woocommerce":1}
[prefilter] worker=49 checked=300/1000 passed=18 failed=282 by_platform={"shopify":3,"magento":5,"schema-product":1,"shopify-html":3,"woocommerce-html":5,"woocommerce":1}
[prefilter] worker=33 checked=200/1000 passed=3 failed=197 by_platform={"shopify":2,"woocommerce":1}
[prefilter] worker=37 checked=350/1000 passed=19 failed=331 by_platform={"shopify":3,"magento":5,"schema-product":1,"shopify-html":3,"woocommerce-html":5,"woocommerce":1,"magento-html":1}
[prefilter] worker=0 checked=250/1000 passed=11 failed=239 by_platform={"bigcommerce-html":1,"shopify":3,"magento":1,"woocommerce-html":5,"magento-html":1}
[prefilter] worker=18 checked=250/1000 passed=12 failed=238 by_platform={"shopify-html":4,"woocommerce-html":1,"magento":2,"magento-html":2,"shopify":3}
[prefilter] worker=43 checked=400/1000 passed=23 failed=377 by_platform={"shopify":5,"magento":6,"schema-product":1,"shopify-html":3,"woocommerce-html":5,"woocommerce":2,"magento-html":1}
[prefilter] worker=47 checked=250/1000 passed=10 failed=240 by_platform={"shopify":3,"magento":1,"woocommerce-html":3,"woocommerce":1,"magento-html":2}
[prefilter] worker=88 checked=450/1000 passed=31 failed=419 by_platform={"shopify":6,"magento":7,"schema-product":1,"shopify-html":5,"woocommerce-html":7,"woocommerce":3,"magento-html":2}
[prefilter] worker=39 checked=300/1000 passed=12 failed=288 by_platform={"shopify-html":4,"woocommerce-html":1,"magento":2,"magento-html":2,"shopify":3}
[prefilter] worker=38 checked=300/1000 passed=10 failed=290 by_platform={"shopify":3,"magento":1,"woocommerce-html":3,"woocommerce":1,"magento-html":2}
[prefilter] worker=48 checked=300/1000 passed=11 failed=289 by_platform={"bigcommerce-html":1,"shopify":3,"magento":1,"woocommerce-html":5,"magento-html":1}
[prefilter] worker=70 checked=250/1000 passed=3 failed=247 by_platform={"shopify":2,"woocommerce":1}
[prefilter] worker=16 checked=300/1000 passed=3 failed=297 by_platform={"shopify":2,"woocommerce":1}
[prefilter] worker=83 checked=500/1000 passed=32 failed=468 by_platform={"shopify":6,"magento":7,"schema-product":1,"shopify-html":5,"woocommerce-html":7,"woocommerce":3,"magento-html":3}
[prefilter] worker=8 checked=350/1000 passed=11 failed=339 by_platform={"bigcommerce-html":1,"shopify":3,"magento":1,"woocommerce-html":5,"magento-html":1}
[prefilter] worker=44 checked=350/1000 passed=12 failed=338 by_platform={"shopify-html":4,"woocommerce-html":1,"magento":2,"magento-html":2,"shopify":3}
[prefilter] worker=20 checked=350/1000 passed=10 failed=340 by_platform={"shopify":3,"magento":1,"woocommerce-html":3,"woocommerce":1,"magento-html":2}
[prefilter] worker=62 checked=550/1000 passed=32 failed=518 by_platform={"shopify":6,"magento":7,"schema-product":1,"shopify-html":5,"woocommerce-html":7,"woocommerce":3,"magento-html":3}
[prefilter] worker=24 checked=400/1000 passed=12 failed=388 by_platform={"shopify-html":4,"woocommerce-html":1,"magento":2,"magento-html":2,"shopify":3}
[prefilter] worker=38 checked=400/1000 passed=10 failed=390 by_platform={"shopify":3,"magento":1,"woocommerce-html":3,"woocommerce":1,"magento-html":2}
[prefilter] worker=48 checked=400/1000 passed=11 failed=389 by_platform={"bigcommerce-html":1,"shopify":3,"magento":1,"woocommerce-html":5,"magento-html":1}
[prefilter] worker=60 checked=350/1000 passed=3 failed=347 by_platform={"shopify":2,"woocommerce":1}
[prefilter] worker=33 checked=400/1000 passed=3 failed=397 by_platform={"shopify":2,"woocommerce":1}
[prefilter] worker=46 checked=600/1000 passed=32 failed=568 by_platform={"shopify":6,"magento":7,"schema-product":1,"shopify-html":5,"woocommerce-html":7,"woocommerce":3,"magento-html":3}
[prefilter] worker=0 checked=450/1000 passed=11 failed=439 by_platform={"bigcommerce-html":1,"shopify":3,"magento":1,"woocommerce-html":5,"magento-html":1}
[prefilter] worker=18 checked=450/1000 passed=12 failed=438 by_platform={"shopify-html":4,"woocommerce-html":1,"magento":2,"magento-html":2,"shopify":3}
[prefilter] worker=47 checked=450/1000 passed=10 failed=440 by_platform={"shopify":3,"magento":1,"woocommerce-html":3,"woocommerce":1,"magento-html":2}
[prefilter] worker=88 checked=650/1000 passed=32 failed=618 by_platform={"shopify":6,"magento":7,"schema-product":1,"shopify-html":5,"woocommerce-html":7,"woocommerce":3,"magento-html":3}
[prefilter] worker=39 checked=500/1000 passed=12 failed=488 by_platform={"shopify-html":4,"woocommerce-html":1,"magento":2,"magento-html":2,"shopify":3}
[prefilter] worker=46 checked=450/1000 passed=3 failed=447 by_platform={"shopify":2,"woocommerce":1}
[prefilter] worker=38 checked=500/1000 passed=10 failed=490 by_platform={"shopify":3,"magento":1,"woocommerce-html":3,"woocommerce":1,"magento-html":2}
[prefilter] worker=13 checked=500/1000 passed=6 failed=494 by_platform={"shopify":4,"woocommerce":1,"shopify-html":1}
[prefilter] worker=48 checked=500/1000 passed=11 failed=489 by_platform={"bigcommerce-html":1,"shopify":3,"magento":1,"woocommerce-html":5,"magento-html":1}
[prefilter] worker=84 checked=550/1000 passed=7 failed=543 by_platform={"shopify":4,"woocommerce":1,"shopify-html":1,"magento":1}
[prefilter] worker=41 checked=600/1000 passed=12 failed=588 by_platform={"shopify":5,"woocommerce":1,"shopify-html":2,"magento":2,"schema-product":1,"woocommerce-html":1}
[prefilter] worker=89 checked=650/1000 passed=21 failed=629 by_platform={"shopify":6,"woocommerce":2,"shopify-html":2,"magento":2,"schema-product":1,"woocommerce-html":6,"magento-html":2}
[prefilter] worker=80 checked=700/1000 passed=24 failed=676 by_platform={"shopify":6,"woocommerce":2,"shopify-html":4,"magento":3,"schema-product":1,"woocommerce-html":6,"magento-html":2}
[prefilter] worker=83 checked=700/1000 passed=32 failed=668 by_platform={"shopify":6,"magento":7,"schema-product":1,"shopify-html":5,"woocommerce-html":7,"woocommerce":3,"magento-html":3}
[prefilter] worker=8 checked=550/1000 passed=11 failed=539 by_platform={"bigcommerce-html":1,"shopify":3,"magento":1,"woocommerce-html":5,"magento-html":1}
[prefilter] worker=44 checked=550/1000 passed=12 failed=538 by_platform={"shopify-html":4,"woocommerce-html":1,"magento":2,"magento-html":2,"shopify":3}
[prefilter] worker=20 checked=550/1000 passed=10 failed=540 by_platform={"shopify":3,"magento":1,"woocommerce-html":3,"woocommerce":1,"magento-html":2}
[prefilter] worker=76 checked=750/1000 passed=28 failed=722 by_platform={"shopify":6,"woocommerce":2,"shopify-html":5,"magento":4,"schema-product":1,"woocommerce-html":8,"magento-html":2}
[prefilter] worker=62 checked=750/1000 passed=32 failed=718 by_platform={"shopify":6,"magento":7,"schema-product":1,"shopify-html":5,"woocommerce-html":7,"woocommerce":3,"magento-html":3}
[prefilter] worker=24 checked=600/1000 passed=12 failed=588 by_platform={"shopify-html":4,"woocommerce-html":1,"magento":2,"magento-html":2,"shopify":3}
[prefilter] worker=38 checked=600/1000 passed=10 failed=590 by_platform={"shopify":3,"magento":1,"woocommerce-html":3,"woocommerce":1,"magento-html":2}
[prefilter] worker=48 checked=600/1000 passed=11 failed=589 by_platform={"bigcommerce-html":1,"shopify":3,"magento":1,"woocommerce-html":5,"magento-html":1}
[prefilter] worker=53 checked=800/1000 passed=29 failed=771 by_platform={"shopify":6,"woocommerce":2,"shopify-html":6,"magento":4,"schema-product":1,"woocommerce-html":8,"magento-html":2}
[prefilter] worker=46 checked=800/1000 passed=32 failed=768 by_platform={"shopify":6,"magento":7,"schema-product":1,"shopify-html":5,"woocommerce-html":7,"woocommerce":3,"magento-html":3}
[prefilter] worker=0 checked=650/1000 passed=11 failed=639 by_platform={"bigcommerce-html":1,"shopify":3,"magento":1,"woocommerce-html":5,"magento-html":1}
[prefilter] worker=18 checked=650/1000 passed=12 failed=638 by_platform={"shopify-html":4,"woocommerce-html":1,"magento":2,"magento-html":2,"shopify":3}
[prefilter] worker=47 checked=650/1000 passed=10 failed=640 by_platform={"shopify":3,"magento":1,"woocommerce-html":3,"woocommerce":1,"magento-html":2}
[prefilter] worker=14 checked=850/1000 passed=30 failed=820 by_platform={"shopify":6,"woocommerce":2,"shopify-html":6,"magento":4,"schema-product":1,"woocommerce-html":9,"magento-html":2}
[prefilter] worker=88 checked=850/1000 passed=32 failed=818 by_platform={"shopify":6,"magento":7,"schema-product":1,"shopify-html":5,"woocommerce-html":7,"woocommerce":3,"magento-html":3}
[prefilter] worker=39 checked=700/1000 passed=12 failed=688 by_platform={"shopify-html":4,"woocommerce-html":1,"magento":2,"magento-html":2,"shopify":3}
[prefilter] worker=38 checked=700/1000 passed=10 failed=690 by_platform={"shopify":3,"magento":1,"woocommerce-html":3,"woocommerce":1,"magento-html":2}
[prefilter] worker=48 checked=700/1000 passed=11 failed=689 by_platform={"bigcommerce-html":1,"shopify":3,"magento":1,"woocommerce-html":5,"magento-html":1}
[prefilter] worker=65 checked=900/1000 passed=30 failed=870 by_platform={"shopify":6,"woocommerce":2,"shopify-html":6,"magento":4,"schema-product":1,"woocommerce-html":9,"magento-html":2}
[prefilter] worker=68 checked=900/1000 passed=33 failed=867 by_platform={"shopify":6,"magento":7,"schema-product":1,"shopify-html":6,"woocommerce-html":7,"woocommerce":3,"magento-html":3}
[prefilter] worker=8 checked=750/1000 passed=11 failed=739 by_platform={"bigcommerce-html":1,"shopify":3,"magento":1,"woocommerce-html":5,"magento-html":1}
[prefilter] worker=44 checked=750/1000 passed=12 failed=738 by_platform={"shopify-html":4,"woocommerce-html":1,"magento":2,"magento-html":2,"shopify":3}
[prefilter] worker=81 checked=950/1000 passed=38 failed=912 by_platform={"shopify":6,"magento":7,"schema-product":2,"shopify-html":9,"woocommerce-html":8,"woocommerce":3,"magento-html":3}
[prefilter] worker=20 checked=750/1000 passed=10 failed=740 by_platform={"shopify":3,"magento":1,"woocommerce-html":3,"woocommerce":1,"magento-html":2}
[prefilter] worker=57 checked=950/1000 passed=30 failed=920 by_platform={"shopify":6,"woocommerce":2,"shopify-html":6,"magento":4,"schema-product":1,"woocommerce-html":9,"magento-html":2}
[prefilter] worker=24 checked=800/1000 passed=12 failed=788 by_platform={"shopify-html":4,"woocommerce-html":1,"magento":2,"magento-html":2,"shopify":3}
[prefilter] worker=38 checked=800/1000 passed=10 failed=790 by_platform={"shopify":3,"magento":1,"woocommerce-html":3,"woocommerce":1,"magento-html":2}
[prefilter] worker=48 checked=800/1000 passed=11 failed=789 by_platform={"bigcommerce-html":1,"shopify":3,"magento":1,"woocommerce-html":5,"magento-html":1}
[prefilter] worker=65 checked=1000/1000 passed=30 failed=970 by_platform={"shopify":6,"woocommerce":2,"shopify-html":6,"magento":4,"schema-product":1,"woocommerce-html":9,"magento-html":2}
[prefilter] done: {"checked":1000,"passed":30,"failed":970,"by_platform":{"shopify":6,"woocommerce":2,"shopify-html":6,"magento":4,"schema-product":1,"woocommerce-html":9,"magento-html":2},"started_at":"2026-06-11T10:06:55.575Z","finished_at":"2026-06-11T10:12:30.861Z","output":"data/discovery_2026-06-11/prefilter_parallel/batch_7/batch5.ndjson","output_rows":30}
[prefilter] worker=19 checked=1000/1000 passed=43 failed=957 by_platform={"shopify":6,"magento":7,"schema-product":2,"shopify-html":10,"woocommerce-html":10,"woocommerce":5,"magento-html":3}
[prefilter] done: {"checked":1000,"passed":43,"failed":957,"by_platform":{"shopify":6,"magento":7,"schema-product":2,"shopify-html":10,"woocommerce-html":10,"woocommerce":5,"magento-html":3},"started_at":"2026-06-11T10:06:55.557Z","finished_at":"2026-06-11T10:12:34.713Z","output":"data/discovery_2026-06-11/prefilter_parallel/batch_7/batch2.ndjson","output_rows":43}
[prefilter] worker=0 checked=850/1000 passed=11 failed=839 by_platform={"bigcommerce-html":1,"shopify":3,"magento":1,"woocommerce-html":5,"magento-html":1}
[prefilter] worker=18 checked=850/1000 passed=12 failed=838 by_platform={"shopify-html":4,"woocommerce-html":1,"magento":2,"magento-html":2,"shopify":3}
[prefilter] worker=47 checked=850/1000 passed=10 failed=840 by_platform={"shopify":3,"magento":1,"woocommerce-html":3,"woocommerce":1,"magento-html":2}
[prefilter] worker=39 checked=900/1000 passed=12 failed=888 by_platform={"shopify-html":4,"woocommerce-html":1,"magento":2,"magento-html":2,"shopify":3}
[prefilter] worker=38 checked=900/1000 passed=10 failed=890 by_platform={"shopify":3,"magento":1,"woocommerce-html":3,"woocommerce":1,"magento-html":2}
[prefilter] worker=48 checked=900/1000 passed=11 failed=889 by_platform={"bigcommerce-html":1,"shopify":3,"magento":1,"woocommerce-html":5,"magento-html":1}
[prefilter] worker=0 checked=950/1000 passed=11 failed=939 by_platform={"bigcommerce-html":1,"shopify":3,"magento":1,"woocommerce-html":5,"magento-html":1}
[prefilter] worker=18 checked=950/1000 passed=12 failed=938 by_platform={"shopify-html":4,"woocommerce-html":1,"magento":2,"magento-html":2,"shopify":3}
[prefilter] worker=47 checked=950/1000 passed=10 failed=940 by_platform={"shopify":3,"magento":1,"woocommerce-html":3,"woocommerce":1,"magento-html":2}
[prefilter] worker=39 checked=1000/1000 passed=12 failed=988 by_platform={"shopify-html":4,"woocommerce-html":1,"magento":2,"magento-html":2,"shopify":3}
[prefilter] done: {"checked":1000,"passed":12,"failed":988,"by_platform":{"shopify-html":4,"woocommerce-html":1,"magento":2,"magento-html":2,"shopify":3},"started_at":"2026-06-11T10:06:55.554Z","finished_at":"2026-06-11T10:13:39.223Z","output":"data/discovery_2026-06-11/prefilter_parallel/batch_7/batch1.ndjson","output_rows":12}
[prefilter] worker=38 checked=1000/1000 passed=10 failed=990 by_platform={"shopify":3,"magento":1,"woocommerce-html":3,"woocommerce":1,"magento-html":2}
[prefilter] done: {"checked":1000,"passed":10,"failed":990,"by_platform":{"shopify":3,"magento":1,"woocommerce-html":3,"woocommerce":1,"magento-html":2},"started_at":"2026-06-11T10:06:55.595Z","finished_at":"2026-06-11T10:13:43.381Z","output":"data/discovery_2026-06-11/prefilter_parallel/batch_7/batch3.ndjson","output_rows":10}
[prefilter] worker=48 checked=1000/1000 passed=11 failed=989 by_platform={"bigcommerce-html":1,"shopify":3,"magento":1,"woocommerce-html":5,"magento-html":1}
[prefilter] done: {"checked":1000,"passed":11,"failed":989,"by_platform":{"bigcommerce-html":1,"shopify":3,"magento":1,"woocommerce-html":5,"magento-html":1},"started_at":"2026-06-11T10:06:55.592Z","finished_at":"2026-06-11T10:13:44.860Z","output":"data/discovery_2026-06-11/prefilter_parallel/batch_7/batch4.ndjson","output_rows":11}
[Thu Jun 11 10:20:26 UTC 2026] Batch 7: 106 stores passed
[deep-page] input records=106 ecom=106 by_platform={"shopify-html":20,"woocommerce-html":28,"magento":15,"magento-html":10,"shopify":21,"schema-product":3,"woocommerce":8,"bigcommerce-html":1} concurrency=50
[dp] airtame.com page=1 status=404 bodyLen=undefined
[dp] hentaicop.com page=1 status=404 bodyLen=undefined
[dp] onecommerce.io page=1 status=404 bodyLen=undefined
[dp:mg] bike-news.jp page=1 status=200 bodyLen=107
[dp:wc] saamana.com page=1 status=403 bodyLen=undefined
[dp] xyxxcrew.com page=1 status=200 bodyLen=1113873
[dp] duroflexworld.com page=1 status=200 bodyLen=1170558
[dp:wc] gadget.ro page=1 status=404 bodyLen=undefined
[dp] metronome.com page=1 status=404 bodyLen=undefined
[dp:mg] globalsouthopportunities.com page=1 status=200 bodyLen=107
[dp] oziva.in page=1 status=200 bodyLen=535439
[dp:mg] melmod.com page=1 status=200 bodyLen=107
[dp:mg] vague.style page=1 status=200 bodyLen=107
[dp] nomads.com page=1 status=404 bodyLen=undefined
[dp] bellavitaorganic.com page=1 status=200 bodyLen=1119188
[dp] saeedghani.pk page=1 status=200 bodyLen=551466
[dp] triveniworld.com page=1 status=200 bodyLen=2214086
[dp:wc] romslab.com page=1 status=404 bodyLen=undefined
[dp] ndure.com page=1 status=200 bodyLen=1381705
[dp] eveline.pl page=1 status=200 bodyLen=1241656
[dp] dkny.com page=1 status=200 bodyLen=1374739
[dp:wc] cidnet.net page=1 status=404 bodyLen=undefined
[dp] thedermaco.com page=1 status=200 bodyLen=1047893
[dp:mg] plantasdecasas.com page=1 status=200 bodyLen=107
[dp] metorik.com page=1 status=404 bodyLen=undefined
[dp:wc] tanjung-899.com page=1 status=200 bodyLen=171987
[dp] farmacorp.com page=1 status=200 bodyLen=425467
[dp:wc] francuskie.pl page=1 status=404 bodyLen=undefined
[dp:mg] wimhofmethod.com page=1 status=200 bodyLen=107
[dp:mg] kasanova.com page=1 status=401 bodyLen=undefined
[deep-page] worker=6 stores=25 failed=0 products=1090 by_platform={"shopify-html":6,"magento":6,"woocommerce-html":5,"schema-product":1,"shopify":5,"woocommerce":1,"magento-html":1}
[dp:bc] noticeable.io page=1 status=404 bodyLen=undefined
[dp:wc] fakaza.com page=1 status=404 bodyLen=undefined
[dp:wc] ryte.com page=1 status=200 bodyLen=214795
[dp:wc] tiktokoa.com page=1 status=404 bodyLen=undefined
[dp] drsheths.com page=1 status=200 bodyLen=1726963
[dp] patentlyapple.com page=1 status=404 bodyLen=undefined
[dp] guardian.in page=1 status=200 bodyLen=4689764
[dp] mariab.pk page=1 status=200 bodyLen=1328137
[dp:mg] aviamovie.online page=1 status=200 bodyLen=51
[dp:mg] lampy.pl page=1 status=401 bodyLen=undefined
[dp] track718.us page=1 status=200 bodyLen=4604
[dp] track718.us parse err: Unexpected token '<', "<!DOCTYPE "... is not valid JSON
[dp] lexer.io page=1 status=404 bodyLen=undefined
[dp:wc] upde.cc page=1 status=200 bodyLen=182122
[dp] igli.me page=1 status=404 bodyLen=undefined
[dp:mg] caasimada.net page=1 status=200 bodyLen=107
[dp:wc] elle.com.au page=1 status=404 bodyLen=undefined
[dp:wc] xjav.tube page=1 status=200 bodyLen=34083
[dp:wc] nig.ac.jp page=1 status=403 bodyLen=undefined
[dp:wc] blizzboygames.net page=1 status=404 bodyLen=undefined
[dp:mg] naijauncut.com page=1 status=200 bodyLen=107
[dp:wc] aprenderfotografia.online page=1 status=401 bodyLen=undefined
[dp:wc] nextory.com page=1 status=200 bodyLen=256700
[deep-page] worker=41 stores=50 failed=0 products=2215 by_platform={"shopify-html":12,"magento":9,"woocommerce-html":11,"schema-product":1,"shopify":9,"woocommerce":5,"magento-html":2,"bigcommerce-html":1}
[dp:mg] fridayparts.com page=1 status=401 bodyLen=undefined
[dp] karakubuy.com page=1 status=200 bodyLen=4535039
[dp:wc] t2blive.com page=1 status=404 bodyLen=undefined
[dp:wc] lendirqu.in page=1 status=200 bodyLen=127259
[dp] highfy.pk page=1 status=200 bodyLen=979302
[dp:mg] bestflashcard.com page=1 status=200 bodyLen=107
[dp:mg] anticafarmaciaorlandi.it page=1 status=401 bodyLen=undefined
[dp:mg] lu24.com.ar page=1 status=200 bodyLen=107
[dp] legit.co.za page=1 status=200 bodyLen=1102853
[dp] woflow.com page=1 status=404 bodyLen=undefined
[dp:wc] showroomprive.pt page=1 status=200 bodyLen=143688
[dp] dmifinance.in page=1 status=404 bodyLen=undefined
[dp] mgmotor.fr page=1 status=404 bodyLen=undefined
[dp:mg] minodusud.com page=1 status=401 bodyLen=undefined
[dp:wc] ceskeduchody.cz page=1 status=404 bodyLen=undefined
[dp:mg] simonetti.com.br page=1 status=401 bodyLen=undefined
[dp] opaycheckout.com page=1 status=404 bodyLen=undefined
[dp:wc] dat.bike page=1 status=401 bodyLen=undefined
[dp] beardo.in page=1 status=200 bodyLen=1540088
[dp:wc] krc.co.ke page=1 status=404 bodyLen=undefined
[dp] shopecs.com page=1 status=200 bodyLen=2278334
[dp:wc] shaukatkhanum.org.pk page=1 status=401 bodyLen=undefined
[dp:wc] siikomik.net page=1 status=404 bodyLen=undefined
[dp:wc] leakdad.com page=1 status=404 bodyLen=undefined
[dp:wc] beewebs.com page=1 status=404 bodyLen=undefined
[deep-page] worker=2 stores=75 failed=0 products=3215 by_platform={"shopify-html":16,"magento":11,"woocommerce-html":19,"schema-product":2,"shopify":13,"woocommerce":7,"magento-html":6,"bigcommerce-html":1}
[dp:wc] extra.cw page=1 status=401 bodyLen=undefined
[dp:wc] speakol.com page=1 status=404 bodyLen=undefined
[dp:mg] anti-zapret.com page=1 status=200 bodyLen=151
[dp:wc] trucs-et-astuces.co page=1 status=403 bodyLen=undefined
[dp] shellshock.io page=1 status=404 bodyLen=undefined
[dp:mg] puravidaclothes.com page=1 status=200 bodyLen=107
[dp] leonisa.co page=1 status=200 bodyLen=2876893
[dp] conceptkart.com page=1 status=200 bodyLen=1914861
[dp:mg] marvimundo.com page=1 status=401 bodyLen=undefined
[dp:wc] alia.ge page=1 status=404 bodyLen=undefined
[dp] limonada.cl page=1 status=200 bodyLen=1125740
[dp:wc] dspace.org page=1 status=404 bodyLen=undefined
[dp:mg] electrodepot.be page=1 status=401 bodyLen=undefined
[dp:wc] sahomashop.com page=1 status=401 bodyLen=undefined
[dp] thoughtmetric.io page=1 status=404 bodyLen=undefined
[dp] naoko-store.pl page=1 status=200 bodyLen=1648908
[dp] disneystore.co.uk page=1 status=404 bodyLen=undefined
[dp:wc] mangaonline.red page=1 status=404 bodyLen=undefined
[dp] nobero.com page=1 status=200 bodyLen=7459981
[dp] ragno.com page=1 status=200 bodyLen=2324483
[dp:wc] mangalivre.to page=1 status=404 bodyLen=undefined
[dp] mmporns.com page=1 status=200 bodyLen=75707
[dp] mmporns.com parse err: Unexpected token '<', "<!DOCTYPE "... is not valid JSON
[dp:wc] dns-dc.net page=1 status=200 bodyLen=229622
[deep-page] worker=14 stores=100 failed=0 products=4815 by_platform={"shopify-html":19,"magento":13,"woocommerce-html":27,"schema-product":3,"shopify":21,"woocommerce":8,"magento-html":8,"bigcommerce-html":1}
[dp:mg] eurovps.com page=1 status=200 bodyLen=92541
[dp] feedify.net page=1 status=200 bodyLen=2444804
[dp] feedify.net parse err: Unexpected token '<', "<!DOCTYPE "... is not valid JSON
[dp:mg] kaisan.com.br page=1 status=404 bodyLen=undefined
[dp:wc] cweb.hu page=1 status=404 bodyLen=undefined
[dp:mg] comicsflix.com page=1 status=200 bodyLen=107
[dp:mg] dellstore.com page=1 status=200 bodyLen=782686
[deep-page] DONE: {"stores_processed":106,"stores_failed":0,"total_products":4884,"by_platform":{"shopify-html":20,"magento":15,"woocommerce-html":28,"schema-product":3,"shopify":21,"woocommerce":8,"magento-html":10,"bigcommerce-html":1},"started_at":"2026-06-11T10:20:27.115Z","finished_at":"2026-06-11T10:20:39.544Z","output_rows":4884}
[Thu Jun 11 10:20:39 UTC 2026] Batch 7: 4884 products extracted
[ingest-daemon] dedup: 4884 -> 4835 (removed 49 duplicate skus)
(node:2320086) Warning: SECURITY WARNING: The SSL modes 'prefer', 'require', and 'verify-ca' are treated as aliases for 'verify-full'.
In the next major version (pg-connection-string v3.0.0 and pg v9.0.0), these modes will adopt standard libpq semantics, which have weaker security guarantees.

To prepare for this change:
- If you want the current behavior, explicitly use 'sslmode=verify-full'
- If you want libpq compatibility now, use 'uselibpqcompat=true&sslmode=require'

See https://www.postgresql.org/docs/current/libpq-ssl.html for libpq SSL mode definitions.
(Use `node --trace-warnings ...` to show where the warning was created)
(node:2320086) Warning: Setting the NODE_TLS_REJECT_UNAUTHORIZED environment variable to '0' makes TLS connections and HTTPS requests insecure by disabling certificate verification.
[ingest-daemon] products_batch_7.ndjson.processing.ndjson failed: bind message has 26329 parameter formats but 0 parameters
[Thu Jun 11 10:20:48 UTC 2026] Batch 7: ingested 4884 (cumulative: 10695)
[Thu Jun 11 10:20:53 UTC 2026] Batch 8: 5000 domains
[prefilter] input=/tmp/loop_domains_8_4.txt domains=1000 concurrency=100
[prefilter] input=/tmp/loop_domains_8_5.txt domains=999 concurrency=100
[prefilter] input=/tmp/loop_domains_8_2.txt domains=1000 concurrency=100
[prefilter] input=/tmp/loop_domains_8_1.txt domains=999 concurrency=100
[prefilter] input=/tmp/loop_domains_8_3.txt domains=998 concurrency=100
[prefilter] worker=53 checked=50/999 passed=4 failed=46 by_platform={"shopify":1,"magento":2,"woocommerce-html":1}
[prefilter] worker=2 checked=50/1000 passed=4 failed=46 by_platform={"shopify":4}
[prefilter] worker=64 checked=50/1000 passed=4 failed=46 by_platform={"shopify":2,"woocommerce-html":2}
[prefilter] worker=63 checked=100/999 passed=9 failed=91 by_platform={"shopify":2,"magento":3,"woocommerce-html":1,"woocommerce":2,"schema-product":1}
[prefilter] worker=7 checked=100/1000 passed=11 failed=89 by_platform={"shopify":2,"woocommerce-html":2,"shopify-html":2,"woocommerce":2,"magento":1,"magento-html":1,"schema-product":1}
[prefilter] worker=0 checked=150/999 passed=14 failed=136 by_platform={"shopify":3,"magento":3,"woocommerce-html":2,"woocommerce":2,"schema-product":2,"shopify-html":2}
[prefilter] worker=13 checked=150/1000 passed=16 failed=134 by_platform={"shopify":2,"woocommerce-html":4,"shopify-html":4,"woocommerce":3,"magento":1,"magento-html":1,"schema-product":1}
[prefilter] worker=49 checked=50/998 passed=3 failed=47 by_platform={"magento-html":1,"shopify-html":1,"woocommerce-html":1}
[prefilter] worker=90 checked=50/999 passed=1 failed=49 by_platform={"magento":1}
[prefilter] worker=23 checked=100/999 passed=1 failed=99 by_platform={"magento":1}
[prefilter] worker=56 checked=100/998 passed=3 failed=97 by_platform={"magento-html":1,"shopify-html":1,"woocommerce-html":1}
[prefilter] worker=60 checked=100/1000 passed=5 failed=95 by_platform={"shopify":4,"woocommerce":1}
[prefilter] worker=2 checked=150/1000 passed=5 failed=145 by_platform={"shopify":4,"woocommerce":1}
[prefilter] worker=97 checked=200/999 passed=15 failed=185 by_platform={"shopify":3,"magento":3,"woocommerce-html":2,"woocommerce":2,"schema-product":3,"shopify-html":2}
[prefilter] worker=51 checked=200/1000 passed=18 failed=182 by_platform={"shopify":2,"woocommerce-html":6,"shopify-html":4,"woocommerce":3,"magento":1,"magento-html":1,"schema-product":1}
[prefilter] worker=91 checked=250/1000 passed=18 failed=232 by_platform={"shopify":2,"woocommerce-html":6,"shopify-html":4,"woocommerce":3,"magento":1,"magento-html":1,"schema-product":1}
[prefilter] worker=4 checked=250/999 passed=15 failed=235 by_platform={"shopify":3,"magento":3,"woocommerce-html":2,"woocommerce":2,"schema-product":3,"shopify-html":2}
[prefilter] worker=49 checked=150/998 passed=3 failed=147 by_platform={"magento-html":1,"shopify-html":1,"woocommerce-html":1}
[prefilter] worker=65 checked=150/999 passed=1 failed=149 by_platform={"magento":1}
[prefilter] worker=35 checked=200/999 passed=1 failed=199 by_platform={"magento":1}
[prefilter] worker=50 checked=200/998 passed=3 failed=197 by_platform={"magento-html":1,"shopify-html":1,"woocommerce-html":1}
[prefilter] worker=58 checked=200/1000 passed=5 failed=195 by_platform={"shopify":4,"woocommerce":1}
[prefilter] worker=19 checked=250/1000 passed=5 failed=245 by_platform={"shopify":4,"woocommerce":1}
[prefilter] worker=97 checked=300/999 passed=15 failed=285 by_platform={"shopify":3,"magento":3,"woocommerce-html":2,"woocommerce":2,"schema-product":3,"shopify-html":2}
[prefilter] worker=51 checked=300/1000 passed=18 failed=282 by_platform={"shopify":2,"woocommerce-html":6,"shopify-html":4,"woocommerce":3,"magento":1,"magento-html":1,"schema-product":1}
[prefilter] worker=57 checked=350/1000 passed=18 failed=332 by_platform={"shopify":2,"woocommerce-html":6,"shopify-html":4,"woocommerce":3,"magento":1,"magento-html":1,"schema-product":1}
[prefilter] worker=76 checked=350/999 passed=15 failed=335 by_platform={"shopify":3,"magento":3,"woocommerce-html":2,"woocommerce":2,"schema-product":3,"shopify-html":2}
[prefilter] worker=49 checked=250/998 passed=3 failed=247 by_platform={"magento-html":1,"shopify-html":1,"woocommerce-html":1}
[prefilter] worker=39 checked=400/999 passed=15 failed=385 by_platform={"shopify":3,"magento":3,"woocommerce-html":2,"woocommerce":2,"schema-product":3,"shopify-html":2}
[prefilter] worker=90 checked=250/999 passed=1 failed=249 by_platform={"magento":1}
[prefilter] worker=23 checked=300/999 passed=1 failed=299 by_platform={"magento":1}
[prefilter] worker=56 checked=300/998 passed=3 failed=297 by_platform={"magento-html":1,"shopify-html":1,"woocommerce-html":1}
[prefilter] worker=60 checked=300/1000 passed=5 failed=295 by_platform={"shopify":4,"woocommerce":1}
[prefilter] worker=66 checked=450/999 passed=19 failed=431 by_platform={"shopify":4,"magento":3,"woocommerce-html":3,"woocommerce":2,"schema-product":4,"shopify-html":3}
[prefilter] worker=2 checked=350/1000 passed=5 failed=345 by_platform={"shopify":4,"woocommerce":1}
[prefilter] worker=72 checked=500/999 passed=24 failed=476 by_platform={"shopify":6,"magento":4,"woocommerce-html":4,"woocommerce":2,"schema-product":4,"shopify-html":3,"magento-html":1}
[prefilter] worker=69 checked=550/999 passed=27 failed=523 by_platform={"shopify":7,"magento":4,"woocommerce-html":6,"woocommerce":2,"schema-product":4,"shopify-html":3,"magento-html":1}
[prefilter] worker=51 checked=400/1000 passed=18 failed=382 by_platform={"shopify":2,"woocommerce-html":6,"shopify-html":4,"woocommerce":3,"magento":1,"magento-html":1,"schema-product":1}
[prefilter] worker=64 checked=450/1000 passed=18 failed=432 by_platform={"shopify":2,"woocommerce-html":6,"shopify-html":4,"woocommerce":3,"magento":1,"magento-html":1,"schema-product":1}
[prefilter] worker=49 checked=350/998 passed=3 failed=347 by_platform={"magento-html":1,"shopify-html":1,"woocommerce-html":1}
[prefilter] worker=95 checked=600/999 passed=33 failed=567 by_platform={"shopify":7,"magento":4,"woocommerce-html":10,"woocommerce":2,"schema-product":4,"shopify-html":4,"magento-html":2}
[prefilter] worker=65 checked=350/999 passed=1 failed=349 by_platform={"magento":1}
[prefilter] worker=35 checked=400/999 passed=1 failed=399 by_platform={"magento":1}
[prefilter] worker=50 checked=400/998 passed=3 failed=397 by_platform={"magento-html":1,"shopify-html":1,"woocommerce-html":1}
[prefilter] worker=58 checked=400/1000 passed=5 failed=395 by_platform={"shopify":4,"woocommerce":1}
[prefilter] worker=19 checked=450/1000 passed=5 failed=445 by_platform={"shopify":4,"woocommerce":1}
[prefilter] worker=96 checked=650/999 passed=34 failed=616 by_platform={"shopify":7,"magento":4,"woocommerce-html":10,"woocommerce":2,"schema-product":5,"shopify-html":4,"magento-html":2}
[prefilter] worker=51 checked=500/1000 passed=18 failed=482 by_platform={"shopify":2,"woocommerce-html":6,"shopify-html":4,"woocommerce":3,"magento":1,"magento-html":1,"schema-product":1}
[prefilter] worker=57 checked=550/1000 passed=18 failed=532 by_platform={"shopify":2,"woocommerce-html":6,"shopify-html":4,"woocommerce":3,"magento":1,"magento-html":1,"schema-product":1}
[prefilter] worker=49 checked=450/998 passed=3 failed=447 by_platform={"magento-html":1,"shopify-html":1,"woocommerce-html":1}
[prefilter] worker=95 checked=700/999 passed=34 failed=666 by_platform={"shopify":7,"magento":4,"woocommerce-html":10,"woocommerce":2,"schema-product":5,"shopify-html":4,"magento-html":2}
[prefilter] worker=90 checked=450/999 passed=1 failed=449 by_platform={"magento":1}
[prefilter] worker=23 checked=500/999 passed=1 failed=499 by_platform={"magento":1}
[prefilter] worker=56 checked=500/998 passed=3 failed=497 by_platform={"magento-html":1,"shopify-html":1,"woocommerce-html":1}
[prefilter] worker=60 checked=500/1000 passed=5 failed=495 by_platform={"shopify":4,"woocommerce":1}
[prefilter] worker=2 checked=550/1000 passed=5 failed=545 by_platform={"shopify":4,"woocommerce":1}
[prefilter] worker=46 checked=750/999 passed=34 failed=716 by_platform={"shopify":7,"magento":4,"woocommerce-html":10,"woocommerce":2,"schema-product":5,"shopify-html":4,"magento-html":2}
[prefilter] worker=51 checked=600/1000 passed=18 failed=582 by_platform={"shopify":2,"woocommerce-html":6,"shopify-html":4,"woocommerce":3,"magento":1,"magento-html":1,"schema-product":1}
[prefilter] worker=64 checked=650/1000 passed=18 failed=632 by_platform={"shopify":2,"woocommerce-html":6,"shopify-html":4,"woocommerce":3,"magento":1,"magento-html":1,"schema-product":1}
[prefilter] worker=49 checked=550/998 passed=3 failed=547 by_platform={"magento-html":1,"shopify-html":1,"woocommerce-html":1}
[prefilter] worker=95 checked=800/999 passed=34 failed=766 by_platform={"shopify":7,"magento":4,"woocommerce-html":10,"woocommerce":2,"schema-product":5,"shopify-html":4,"magento-html":2}
[prefilter] worker=65 checked=550/999 passed=1 failed=549 by_platform={"magento":1}
[prefilter] worker=35 checked=600/999 passed=1 failed=599 by_platform={"magento":1}
[prefilter] worker=50 checked=600/998 passed=3 failed=597 by_platform={"magento-html":1,"shopify-html":1,"woocommerce-html":1}
[prefilter] worker=58 checked=600/1000 passed=5 failed=595 by_platform={"shopify":4,"woocommerce":1}
[prefilter] worker=19 checked=650/1000 passed=5 failed=645 by_platform={"shopify":4,"woocommerce":1}
[prefilter] worker=96 checked=850/999 passed=34 failed=816 by_platform={"shopify":7,"magento":4,"woocommerce-html":10,"woocommerce":2,"schema-product":5,"shopify-html":4,"magento-html":2}
[prefilter] worker=51 checked=700/1000 passed=18 failed=682 by_platform={"shopify":2,"woocommerce-html":6,"shopify-html":4,"woocommerce":3,"magento":1,"magento-html":1,"schema-product":1}
[prefilter] worker=57 checked=750/1000 passed=18 failed=732 by_platform={"shopify":2,"woocommerce-html":6,"shopify-html":4,"woocommerce":3,"magento":1,"magento-html":1,"schema-product":1}
[prefilter] worker=49 checked=650/998 passed=3 failed=647 by_platform={"magento-html":1,"shopify-html":1,"woocommerce-html":1}
[prefilter] worker=95 checked=900/999 passed=34 failed=866 by_platform={"shopify":7,"magento":4,"woocommerce-html":10,"woocommerce":2,"schema-product":5,"shopify-html":4,"magento-html":2}
[prefilter] worker=90 checked=650/999 passed=1 failed=649 by_platform={"magento":1}
[prefilter] worker=23 checked=700/999 passed=1 failed=699 by_platform={"magento":1}
[prefilter] worker=56 checked=700/998 passed=3 failed=697 by_platform={"magento-html":1,"shopify-html":1,"woocommerce-html":1}
[prefilter] worker=60 checked=700/1000 passed=5 failed=695 by_platform={"shopify":4,"woocommerce":1}
[prefilter] worker=2 checked=750/1000 passed=5 failed=745 by_platform={"shopify":4,"woocommerce":1}
[prefilter] worker=69 checked=950/999 passed=34 failed=916 by_platform={"shopify":7,"magento":4,"woocommerce-html":10,"woocommerce":2,"schema-product":5,"shopify-html":4,"magento-html":2}
[prefilter] worker=51 checked=800/1000 passed=18 failed=782 by_platform={"shopify":2,"woocommerce-html":6,"shopify-html":4,"woocommerce":3,"magento":1,"magento-html":1,"schema-product":1}
[prefilter] worker=64 checked=850/1000 passed=18 failed=832 by_platform={"shopify":2,"woocommerce-html":6,"shopify-html":4,"woocommerce":3,"magento":1,"magento-html":1,"schema-product":1}
[prefilter] worker=49 checked=750/998 passed=3 failed=747 by_platform={"magento-html":1,"shopify-html":1,"woocommerce-html":1}
[prefilter] worker=80 checked=999/999 passed=34 failed=965 by_platform={"shopify":7,"magento":4,"woocommerce-html":10,"woocommerce":2,"schema-product":5,"shopify-html":4,"magento-html":2}
[prefilter] done: {"checked":999,"passed":34,"failed":965,"by_platform":{"shopify":7,"magento":4,"woocommerce-html":10,"woocommerce":2,"schema-product":5,"shopify-html":4,"magento-html":2},"started_at":"2026-06-11T10:20:53.993Z","finished_at":"2026-06-11T10:26:32.208Z","output":"data/discovery_2026-06-11/prefilter_parallel/batch_8/batch1.ndjson","output_rows":34}
[prefilter] worker=65 checked=750/999 passed=1 failed=749 by_platform={"magento":1}
[prefilter] worker=35 checked=800/999 passed=1 failed=799 by_platform={"magento":1}
[prefilter] worker=50 checked=800/998 passed=3 failed=797 by_platform={"magento-html":1,"shopify-html":1,"woocommerce-html":1}
[prefilter] worker=58 checked=800/1000 passed=5 failed=795 by_platform={"shopify":4,"woocommerce":1}
[prefilter] worker=19 checked=850/1000 passed=5 failed=845 by_platform={"shopify":4,"woocommerce":1}
[prefilter] worker=51 checked=900/1000 passed=18 failed=882 by_platform={"shopify":2,"woocommerce-html":6,"shopify-html":4,"woocommerce":3,"magento":1,"magento-html":1,"schema-product":1}
[prefilter] worker=57 checked=950/1000 passed=18 failed=932 by_platform={"shopify":2,"woocommerce-html":6,"shopify-html":4,"woocommerce":3,"magento":1,"magento-html":1,"schema-product":1}
[prefilter] worker=49 checked=850/998 passed=3 failed=847 by_platform={"magento-html":1,"shopify-html":1,"woocommerce-html":1}
[prefilter] worker=90 checked=850/999 passed=1 failed=849 by_platform={"magento":1}
[prefilter] worker=23 checked=900/999 passed=1 failed=899 by_platform={"magento":1}
[prefilter] worker=56 checked=900/998 passed=3 failed=897 by_platform={"magento-html":1,"shopify-html":1,"woocommerce-html":1}
[prefilter] worker=60 checked=900/1000 passed=5 failed=895 by_platform={"shopify":4,"woocommerce":1}
[prefilter] worker=2 checked=950/1000 passed=5 failed=945 by_platform={"shopify":4,"woocommerce":1}
[prefilter] worker=51 checked=1000/1000 passed=18 failed=982 by_platform={"shopify":2,"woocommerce-html":6,"shopify-html":4,"woocommerce":3,"magento":1,"magento-html":1,"schema-product":1}
[prefilter] done: {"checked":1000,"passed":18,"failed":982,"by_platform":{"shopify":2,"woocommerce-html":6,"shopify-html":4,"woocommerce":3,"magento":1,"magento-html":1,"schema-product":1},"started_at":"2026-06-11T10:20:53.979Z","finished_at":"2026-06-11T10:27:32.714Z","output":"data/discovery_2026-06-11/prefilter_parallel/batch_8/batch2.ndjson","output_rows":18}
[prefilter] worker=49 checked=950/998 passed=3 failed=947 by_platform={"magento-html":1,"shopify-html":1,"woocommerce-html":1}
[prefilter] worker=65 checked=950/999 passed=1 failed=949 by_platform={"magento":1}
[prefilter] worker=19 checked=999/999 passed=1 failed=998 by_platform={"magento":1}
[prefilter] done: {"checked":999,"passed":1,"failed":998,"by_platform":{"magento":1},"started_at":"2026-06-11T10:20:53.978Z","finished_at":"2026-06-11T10:28:00.259Z","output":"data/discovery_2026-06-11/prefilter_parallel/batch_8/batch5.ndjson","output_rows":1}
[prefilter] worker=64 checked=998/998 passed=3 failed=995 by_platform={"magento-html":1,"shopify-html":1,"woocommerce-html":1}
[prefilter] done: {"checked":998,"passed":3,"failed":995,"by_platform":{"magento-html":1,"shopify-html":1,"woocommerce-html":1},"started_at":"2026-06-11T10:20:54.006Z","finished_at":"2026-06-11T10:28:01.732Z","output":"data/discovery_2026-06-11/prefilter_parallel/batch_8/batch3.ndjson","output_rows":3}
[prefilter] worker=45 checked=1000/1000 passed=5 failed=995 by_platform={"shopify":4,"woocommerce":1}
[prefilter] done: {"checked":1000,"passed":5,"failed":995,"by_platform":{"shopify":4,"woocommerce":1},"started_at":"2026-06-11T10:20:53.969Z","finished_at":"2026-06-11T10:28:02.265Z","output":"data/discovery_2026-06-11/prefilter_parallel/batch_8/batch4.ndjson","output_rows":5}
[Thu Jun 11 10:32:39 UTC 2026] Batch 8: 61 stores passed
[deep-page] input records=61 ecom=61 by_platform={"shopify":13,"magento":6,"woocommerce-html":17,"woocommerce":6,"schema-product":6,"shopify-html":9,"magento-html":4} concurrency=50
[dp:mg] aileen-novel.online page=1 status=200 bodyLen=107
[dp] loudcrowd.com page=1 status=404 bodyLen=undefined
[dp:mg] chikubi.jp page=1 status=200 bodyLen=107
[dp:wc] blueberryfunded.com page=1 status=401 bodyLen=undefined
[dp] buykud.com page=1 status=200 bodyLen=2707422
[dp] mistore.pk page=1 status=200 bodyLen=1350410
[dp] aachho.com page=1 status=200 bodyLen=1366366
[dp] lifeinsys.com page=1 status=404 bodyLen=undefined
[dp] crocs.com.mx page=1 status=200 bodyLen=940491
[dp:mg] receitas2.com page=1 status=200 bodyLen=107
[dp] neerus.com page=1 status=200 bodyLen=1468017
[dp:mg] mundodonghua.com page=1 status=200 bodyLen=107
[dp] sefam.com page=1 status=200 bodyLen=1351123
[dp:wc] onlineupdatestm.in page=1 status=404 bodyLen=undefined
[dp:wc] nandico.in page=1 status=404 bodyLen=undefined
[dp] cyproheptadine24w.com page=1 status=404 bodyLen=undefined
[dp:wc] lokalec.si page=1 status=404 bodyLen=undefined
[dp] baroque.pk page=1 status=200 bodyLen=1151825
[dp] engine.com.pk page=1 status=200 bodyLen=1510564
[dp:wc] 100cuci.asia page=1 status=200 bodyLen=989517
[dp] maryumnmaria.com page=1 status=200 bodyLen=1085670
[dp] americanmeadows.com page=1 status=200 bodyLen=964307
[dp:wc] shineray.com.br page=1 status=404 bodyLen=undefined
[dp:wc] eestinen.fi page=1 status=404 bodyLen=undefined
[dp] alhena.ai page=1 status=404 bodyLen=undefined
[dp:wc] crotorrents.com page=1 status=404 bodyLen=undefined
[dp] retailwire.com page=1 status=404 bodyLen=undefined
[deep-page] worker=27 stores=25 failed=0 products=1600 by_platform={"magento":4,"shopify-html":5,"woocommerce-html":7,"shopify":7,"schema-product":1,"woocommerce":1}
[dp:wc] bbbserver.de page=1 status=200 bodyLen=1476976
[dp:wc] mof.gov.bt page=1 status=404 bodyLen=undefined
[dp:mg] vidaworld.com page=1 status=404 bodyLen=undefined
[dp] zingbus.com page=1 status=404 bodyLen=undefined
[dp] robinpowered.com page=1 status=404 bodyLen=undefined
[dp:mg] zadig-et-voltaire.com page=1 status=404 bodyLen=undefined
[dp] arihantbooks.com page=1 status=200 bodyLen=1060101
[dp] manymaps.com page=1 status=404 bodyLen=undefined
[dp] 99wholesale.com page=1 status=200 bodyLen=1580150
[dp] trackingmore.com page=1 status=404 bodyLen=undefined
[dp:wc] beton.win page=1 status=200 bodyLen=218167
[dp] paceap.com page=1 status=403 bodyLen=undefined
[dp:wc] kitguru.net page=1 status=404 bodyLen=undefined
[dp] hostkey.ru page=1 status=404 bodyLen=undefined
[dp:wc] klikni.hr page=1 status=404 bodyLen=undefined
[dp:wc] goldbullioneg.com page=1 status=403 bodyLen=undefined
[dp] gameball.co page=1 status=404 bodyLen=undefined
[dp:wc] cederj.edu.br page=1 status=404 bodyLen=undefined
[dp:wc] jun888e.ren page=1 status=200 bodyLen=82541
[dp:mg] victorraulrr.info page=1 status=200 bodyLen=107
[dp] boulangerlabs.com page=1 status=404 bodyLen=undefined
[dp] bruntworkwear.com page=1 status=200 bodyLen=7346153
[dp] cyrillus.fr page=1 status=200 bodyLen=1059659
[dp] tmu.ac.in page=1 status=404 bodyLen=undefined
[deep-page] worker=5 stores=50 failed=0 products=2600 by_platform={"magento":5,"shopify-html":9,"woocommerce-html":12,"shopify":12,"schema-product":6,"woocommerce":4,"magento-html":2}
[dp:wc] kitehurghada.ru page=1 status=403 bodyLen=undefined
[dp:mg] themart.gr page=1 status=401 bodyLen=undefined
[dp:mg] aufbau-verlage.de page=1 status=404 bodyLen=undefined
[dp:wc] streamon.fm page=1 status=200 bodyLen=286626
[dp:wc] searacon.nl page=1 status=404 bodyLen=undefined
[dp:wc] pehub.com page=1 status=401 bodyLen=undefined
[dp:mg] prune.com.ar page=1 status=200 bodyLen=502781
[dp:wc] hosting-nation.net page=1 status=404 bodyLen=undefined
[dp:wc] igel.com page=1 status=404 bodyLen=undefined
[dp:wc] superbid.net page=1 status=200 bodyLen=102719
[dp:mg] prune.com.ar page=2 status=200 bodyLen=467382
[deep-page] DONE: {"stores_processed":61,"stores_failed":0,"total_products":3000,"by_platform":{"magento":6,"shopify-html":9,"woocommerce-html":17,"shopify":13,"schema-product":6,"woocommerce":6,"magento-html":4},"started_at":"2026-06-11T10:32:39.634Z","finished_at":"2026-06-11T10:32:50.010Z","output_rows":3000}
[Thu Jun 11 10:32:50 UTC 2026] Batch 8: 3000 products extracted
[ingest-daemon] dedup: 4884 -> 4835 (removed 49 duplicate skus)
(node:2363508) Warning: SECURITY WARNING: The SSL modes 'prefer', 'require', and 'verify-ca' are treated as aliases for 'verify-full'.
In the next major version (pg-connection-string v3.0.0 and pg v9.0.0), these modes will adopt standard libpq semantics, which have weaker security guarantees.

To prepare for this change:
- If you want the current behavior, explicitly use 'sslmode=verify-full'
- If you want libpq compatibility now, use 'uselibpqcompat=true&sslmode=require'

See https://www.postgresql.org/docs/current/libpq-ssl.html for libpq SSL mode definitions.
(Use `node --trace-warnings ...` to show where the warning was created)
(node:2363508) Warning: Setting the NODE_TLS_REJECT_UNAUTHORIZED environment variable to '0' makes TLS connections and HTTPS requests insecure by disabling certificate verification.
[ingest-daemon] products_batch_7.ndjson.processing.ndjson failed: bind message has 26329 parameter formats but 0 parameters
[ingest-daemon] dedup: 3000 -> 2999 (removed 1 duplicate skus)
[ingest-daemon] products_batch_8.ndjson.processing.ndjson failed: null value in column "url" of relation "products" violates not-null constraint
[Thu Jun 11 10:33:01 UTC 2026] Batch 8: ingested 3000 (cumulative: 13695)
[Thu Jun 11 10:33:06 UTC 2026] Batch 9: 5000 domains
[prefilter] input=/tmp/loop_domains_9_3.txt domains=1000 concurrency=100
[prefilter] input=/tmp/loop_domains_9_2.txt domains=1000 concurrency=100
[prefilter] input=/tmp/loop_domains_9_1.txt domains=999 concurrency=100
[prefilter] input=/tmp/loop_domains_9_5.txt domains=999 concurrency=100
[prefilter] input=/tmp/loop_domains_9_4.txt domains=1000 concurrency=100
[prefilter] worker=1 checked=50/1000 passed=6 failed=44 by_platform={"shopify":2,"woocommerce":2,"woocommerce-html":1,"magento":1}
[prefilter] worker=42 checked=50/1000 passed=7 failed=43 by_platform={"bigcommerce":1,"shopify-html":2,"schema-product":1,"shopify":1,"woocommerce":1,"magento-html":1}
[prefilter] worker=31 checked=50/999 passed=11 failed=39 by_platform={"magento":3,"shopify":1,"bigcommerce-html":1,"woocommerce":1,"woocommerce-html":2,"schema-product":1,"shopify-html":2}
[prefilter] worker=73 checked=100/1000 passed=9 failed=91 by_platform={"shopify":3,"woocommerce":2,"woocommerce-html":3,"magento":1}
[prefilter] worker=83 checked=100/1000 passed=13 failed=87 by_platform={"bigcommerce":1,"shopify-html":2,"schema-product":1,"shopify":2,"woocommerce":2,"magento-html":1,"woocommerce-html":4}
[prefilter] worker=43 checked=150/1000 passed=16 failed=134 by_platform={"bigcommerce":1,"shopify-html":2,"schema-product":2,"shopify":2,"woocommerce":2,"magento-html":1,"woocommerce-html":5,"bigcommerce-html":1}
[prefilter] worker=60 checked=200/1000 passed=17 failed=183 by_platform={"bigcommerce":1,"shopify-html":2,"schema-product":2,"shopify":2,"woocommerce":2,"magento-html":1,"woocommerce-html":6,"bigcommerce-html":1}
[prefilter] worker=9 checked=50/1000 passed=3 failed=47 by_platform={"woocommerce-html":1,"shopify":1,"shopify-html":1}
[prefilter] worker=95 checked=50/999 passed=3 failed=47 by_platform={"woocommerce-html":3}
[prefilter] worker=10 checked=100/999 passed=3 failed=97 by_platform={"woocommerce-html":3}
[prefilter] worker=6 checked=100/1000 passed=3 failed=97 by_platform={"woocommerce-html":1,"shopify":1,"shopify-html":1}
[prefilter] worker=81 checked=100/999 passed=12 failed=88 by_platform={"magento":3,"shopify":1,"bigcommerce-html":1,"woocommerce":2,"woocommerce-html":2,"schema-product":1,"shopify-html":2}
[prefilter] worker=14 checked=150/1000 passed=10 failed=140 by_platform={"shopify":3,"woocommerce":2,"woocommerce-html":4,"magento":1}
[prefilter] worker=98 checked=150/999 passed=12 failed=138 by_platform={"magento":3,"shopify":1,"bigcommerce-html":1,"woocommerce":2,"woocommerce-html":2,"schema-product":1,"shopify-html":2}
[prefilter] worker=59 checked=200/1000 passed=10 failed=190 by_platform={"shopify":3,"woocommerce":2,"woocommerce-html":4,"magento":1}
[prefilter] worker=82 checked=250/1000 passed=17 failed=233 by_platform={"bigcommerce":1,"shopify-html":2,"schema-product":2,"shopify":2,"woocommerce":2,"magento-html":1,"woocommerce-html":6,"bigcommerce-html":1}
[prefilter] worker=32 checked=300/1000 passed=17 failed=283 by_platform={"bigcommerce":1,"shopify-html":2,"schema-product":2,"shopify":2,"woocommerce":2,"magento-html":1,"woocommerce-html":6,"bigcommerce-html":1}
[prefilter] worker=89 checked=150/1000 passed=3 failed=147 by_platform={"woocommerce-html":1,"shopify":1,"shopify-html":1}
[prefilter] worker=99 checked=150/999 passed=3 failed=147 by_platform={"woocommerce-html":3}
[prefilter] worker=23 checked=200/999 passed=3 failed=197 by_platform={"woocommerce-html":3}
[prefilter] worker=10 checked=200/1000 passed=3 failed=197 by_platform={"woocommerce-html":1,"shopify":1,"shopify-html":1}
[prefilter] worker=49 checked=200/999 passed=12 failed=188 by_platform={"magento":3,"shopify":1,"bigcommerce-html":1,"woocommerce":2,"woocommerce-html":2,"schema-product":1,"shopify-html":2}
[prefilter] worker=96 checked=250/1000 passed=10 failed=240 by_platform={"shopify":3,"woocommerce":2,"woocommerce-html":4,"magento":1}
[prefilter] worker=45 checked=250/999 passed=12 failed=238 by_platform={"magento":3,"shopify":1,"bigcommerce-html":1,"woocommerce":2,"woocommerce-html":2,"schema-product":1,"shopify-html":2}
[prefilter] worker=73 checked=300/1000 passed=10 failed=290 by_platform={"shopify":3,"woocommerce":2,"woocommerce-html":4,"magento":1}
[prefilter] worker=73 checked=350/1000 passed=17 failed=333 by_platform={"bigcommerce":1,"shopify-html":2,"schema-product":2,"shopify":2,"woocommerce":2,"magento-html":1,"woocommerce-html":6,"bigcommerce-html":1}
[prefilter] worker=86 checked=400/1000 passed=17 failed=383 by_platform={"bigcommerce":1,"shopify-html":2,"schema-product":2,"shopify":2,"woocommerce":2,"magento-html":1,"woocommerce-html":6,"bigcommerce-html":1}
[prefilter] worker=40 checked=250/1000 passed=3 failed=247 by_platform={"woocommerce-html":1,"shopify":1,"shopify-html":1}
[prefilter] worker=87 checked=250/999 passed=3 failed=247 by_platform={"woocommerce-html":3}
[prefilter] worker=10 checked=300/999 passed=3 failed=297 by_platform={"woocommerce-html":3}
[prefilter] worker=30 checked=300/1000 passed=3 failed=297 by_platform={"woocommerce-html":1,"shopify":1,"shopify-html":1}
[prefilter] worker=81 checked=300/999 passed=12 failed=288 by_platform={"magento":3,"shopify":1,"bigcommerce-html":1,"woocommerce":2,"woocommerce-html":2,"schema-product":1,"shopify-html":2}
[prefilter] worker=14 checked=350/1000 passed=10 failed=340 by_platform={"shopify":3,"woocommerce":2,"woocommerce-html":4,"magento":1}
[prefilter] worker=98 checked=350/999 passed=12 failed=338 by_platform={"magento":3,"shopify":1,"bigcommerce-html":1,"woocommerce":2,"woocommerce-html":2,"schema-product":1,"shopify-html":2}
[prefilter] worker=59 checked=400/1000 passed=10 failed=390 by_platform={"shopify":3,"woocommerce":2,"woocommerce-html":4,"magento":1}
[prefilter] worker=82 checked=450/1000 passed=17 failed=433 by_platform={"bigcommerce":1,"shopify-html":2,"schema-product":2,"shopify":2,"woocommerce":2,"magento-html":1,"woocommerce-html":6,"bigcommerce-html":1}
[prefilter] worker=86 checked=500/1000 passed=17 failed=483 by_platform={"bigcommerce":1,"shopify-html":2,"schema-product":2,"shopify":2,"woocommerce":2,"magento-html":1,"woocommerce-html":6,"bigcommerce-html":1}
[prefilter] worker=3 checked=350/1000 passed=3 failed=347 by_platform={"woocommerce-html":1,"shopify":1,"shopify-html":1}
[prefilter] worker=95 checked=350/999 passed=3 failed=347 by_platform={"woocommerce-html":3}
[prefilter] worker=23 checked=400/999 passed=3 failed=397 by_platform={"woocommerce-html":3}
[prefilter] worker=10 checked=400/1000 passed=3 failed=397 by_platform={"woocommerce-html":1,"shopify":1,"shopify-html":1}
[prefilter] worker=49 checked=400/999 passed=12 failed=388 by_platform={"magento":3,"shopify":1,"bigcommerce-html":1,"woocommerce":2,"woocommerce-html":2,"schema-product":1,"shopify-html":2}
[prefilter] worker=96 checked=450/1000 passed=10 failed=440 by_platform={"shopify":3,"woocommerce":2,"woocommerce-html":4,"magento":1}
[prefilter] worker=31 checked=450/999 passed=12 failed=438 by_platform={"magento":3,"shopify":1,"bigcommerce-html":1,"woocommerce":2,"woocommerce-html":2,"schema-product":1,"shopify-html":2}
[prefilter] worker=73 checked=500/1000 passed=10 failed=490 by_platform={"shopify":3,"woocommerce":2,"woocommerce-html":4,"magento":1}
[prefilter] worker=73 checked=550/1000 passed=17 failed=533 by_platform={"bigcommerce":1,"shopify-html":2,"schema-product":2,"shopify":2,"woocommerce":2,"magento-html":1,"woocommerce-html":6,"bigcommerce-html":1}
[prefilter] worker=86 checked=600/1000 passed=17 failed=583 by_platform={"bigcommerce":1,"shopify-html":2,"schema-product":2,"shopify":2,"woocommerce":2,"magento-html":1,"woocommerce-html":6,"bigcommerce-html":1}
[prefilter] worker=92 checked=450/1000 passed=3 failed=447 by_platform={"woocommerce-html":1,"shopify":1,"shopify-html":1}
[prefilter] worker=60 checked=450/999 passed=3 failed=447 by_platform={"woocommerce-html":3}
[prefilter] worker=10 checked=500/999 passed=3 failed=497 by_platform={"woocommerce-html":3}
[prefilter] worker=6 checked=500/1000 passed=3 failed=497 by_platform={"woocommerce-html":1,"shopify":1,"shopify-html":1}
[prefilter] worker=81 checked=500/999 passed=12 failed=488 by_platform={"magento":3,"shopify":1,"bigcommerce-html":1,"woocommerce":2,"woocommerce-html":2,"schema-product":1,"shopify-html":2}
[prefilter] worker=14 checked=550/1000 passed=10 failed=540 by_platform={"shopify":3,"woocommerce":2,"woocommerce-html":4,"magento":1}
[prefilter] worker=98 checked=550/999 passed=12 failed=538 by_platform={"magento":3,"shopify":1,"bigcommerce-html":1,"woocommerce":2,"woocommerce-html":2,"schema-product":1,"shopify-html":2}
[prefilter] worker=59 checked=600/1000 passed=10 failed=590 by_platform={"shopify":3,"woocommerce":2,"woocommerce-html":4,"magento":1}
[prefilter] worker=82 checked=650/1000 passed=17 failed=633 by_platform={"bigcommerce":1,"shopify-html":2,"schema-product":2,"shopify":2,"woocommerce":2,"magento-html":1,"woocommerce-html":6,"bigcommerce-html":1}
[prefilter] worker=86 checked=700/1000 passed=17 failed=683 by_platform={"bigcommerce":1,"shopify-html":2,"schema-product":2,"shopify":2,"woocommerce":2,"magento-html":1,"woocommerce-html":6,"bigcommerce-html":1}
[prefilter] worker=87 checked=550/1000 passed=3 failed=547 by_platform={"woocommerce-html":1,"shopify":1,"shopify-html":1}
[prefilter] worker=36 checked=550/999 passed=3 failed=547 by_platform={"woocommerce-html":3}
[prefilter] worker=23 checked=600/999 passed=3 failed=597 by_platform={"woocommerce-html":3}
[prefilter] worker=10 checked=600/1000 passed=3 failed=597 by_platform={"woocommerce-html":1,"shopify":1,"shopify-html":1}
[prefilter] worker=49 checked=600/999 passed=12 failed=588 by_platform={"magento":3,"shopify":1,"bigcommerce-html":1,"woocommerce":2,"woocommerce-html":2,"schema-product":1,"shopify-html":2}
[prefilter] worker=96 checked=650/1000 passed=10 failed=640 by_platform={"shopify":3,"woocommerce":2,"woocommerce-html":4,"magento":1}
[prefilter] worker=32 checked=650/999 passed=12 failed=638 by_platform={"magento":3,"shopify":1,"bigcommerce-html":1,"woocommerce":2,"woocommerce-html":2,"schema-product":1,"shopify-html":2}
[prefilter] worker=73 checked=700/1000 passed=10 failed=690 by_platform={"shopify":3,"woocommerce":2,"woocommerce-html":4,"magento":1}
[prefilter] worker=73 checked=750/1000 passed=17 failed=733 by_platform={"bigcommerce":1,"shopify-html":2,"schema-product":2,"shopify":2,"woocommerce":2,"magento-html":1,"woocommerce-html":6,"bigcommerce-html":1}
[prefilter] worker=86 checked=800/1000 passed=17 failed=783 by_platform={"bigcommerce":1,"shopify-html":2,"schema-product":2,"shopify":2,"woocommerce":2,"magento-html":1,"woocommerce-html":6,"bigcommerce-html":1}
[prefilter] worker=95 checked=650/1000 passed=3 failed=647 by_platform={"woocommerce-html":1,"shopify":1,"shopify-html":1}
[prefilter] worker=7 checked=650/999 passed=3 failed=647 by_platform={"woocommerce-html":3}
[prefilter] worker=10 checked=700/999 passed=3 failed=697 by_platform={"woocommerce-html":3}
[prefilter] worker=6 checked=700/1000 passed=3 failed=697 by_platform={"woocommerce-html":1,"shopify":1,"shopify-html":1}
[prefilter] worker=81 checked=700/999 passed=12 failed=688 by_platform={"magento":3,"shopify":1,"bigcommerce-html":1,"woocommerce":2,"woocommerce-html":2,"schema-product":1,"shopify-html":2}
[prefilter] worker=14 checked=750/1000 passed=10 failed=740 by_platform={"shopify":3,"woocommerce":2,"woocommerce-html":4,"magento":1}
[prefilter] worker=98 checked=750/999 passed=12 failed=738 by_platform={"magento":3,"shopify":1,"bigcommerce-html":1,"woocommerce":2,"woocommerce-html":2,"schema-product":1,"shopify-html":2}
[prefilter] worker=59 checked=800/1000 passed=10 failed=790 by_platform={"shopify":3,"woocommerce":2,"woocommerce-html":4,"magento":1}
[prefilter] worker=82 checked=850/1000 passed=17 failed=833 by_platform={"bigcommerce":1,"shopify-html":2,"schema-product":2,"shopify":2,"woocommerce":2,"magento-html":1,"woocommerce-html":6,"bigcommerce-html":1}
[prefilter] worker=86 checked=900/1000 passed=17 failed=883 by_platform={"bigcommerce":1,"shopify-html":2,"schema-product":2,"shopify":2,"woocommerce":2,"magento-html":1,"woocommerce-html":6,"bigcommerce-html":1}
[prefilter] worker=92 checked=750/1000 passed=3 failed=747 by_platform={"woocommerce-html":1,"shopify":1,"shopify-html":1}
[prefilter] worker=59 checked=750/999 passed=3 failed=747 by_platform={"woocommerce-html":3}
[prefilter] worker=23 checked=800/999 passed=3 failed=797 by_platform={"woocommerce-html":3}
[prefilter] worker=30 checked=800/1000 passed=3 failed=797 by_platform={"woocommerce-html":1,"shopify":1,"shopify-html":1}
[prefilter] worker=49 checked=800/999 passed=12 failed=788 by_platform={"magento":3,"shopify":1,"bigcommerce-html":1,"woocommerce":2,"woocommerce-html":2,"schema-product":1,"shopify-html":2}
[prefilter] worker=96 checked=850/1000 passed=10 failed=840 by_platform={"shopify":3,"woocommerce":2,"woocommerce-html":4,"magento":1}
[prefilter] worker=45 checked=850/999 passed=12 failed=838 by_platform={"magento":3,"shopify":1,"bigcommerce-html":1,"woocommerce":2,"woocommerce-html":2,"schema-product":1,"shopify-html":2}
[prefilter] worker=73 checked=900/1000 passed=10 failed=890 by_platform={"shopify":3,"woocommerce":2,"woocommerce-html":4,"magento":1}
[prefilter] worker=70 checked=950/1000 passed=17 failed=933 by_platform={"bigcommerce":1,"shopify-html":2,"schema-product":2,"shopify":2,"woocommerce":2,"magento-html":1,"woocommerce-html":6,"bigcommerce-html":1}
[prefilter] worker=32 checked=1000/1000 passed=17 failed=983 by_platform={"bigcommerce":1,"shopify-html":2,"schema-product":2,"shopify":2,"woocommerce":2,"magento-html":1,"woocommerce-html":6,"bigcommerce-html":1}
[prefilter] done: {"checked":1000,"passed":17,"failed":983,"by_platform":{"bigcommerce":1,"shopify-html":2,"schema-product":2,"shopify":2,"woocommerce":2,"magento-html":1,"woocommerce-html":6,"bigcommerce-html":1},"started_at":"2026-06-11T10:33:06.718Z","finished_at":"2026-06-11T10:39:28.843Z","output":"data/discovery_2026-06-11/prefilter_parallel/batch_9/batch2.ndjson","output_rows":17}
[prefilter] worker=88 checked=850/1000 passed=3 failed=847 by_platform={"woocommerce-html":1,"shopify":1,"shopify-html":1}
[prefilter] worker=86 checked=850/999 passed=3 failed=847 by_platform={"woocommerce-html":3}
[prefilter] worker=10 checked=900/999 passed=3 failed=897 by_platform={"woocommerce-html":3}
[prefilter] worker=6 checked=900/1000 passed=3 failed=897 by_platform={"woocommerce-html":1,"shopify":1,"shopify-html":1}
[prefilter] worker=81 checked=900/999 passed=12 failed=888 by_platform={"magento":3,"shopify":1,"bigcommerce-html":1,"woocommerce":2,"woocommerce-html":2,"schema-product":1,"shopify-html":2}
[prefilter] worker=56 checked=950/1000 passed=10 failed=940 by_platform={"shopify":3,"woocommerce":2,"woocommerce-html":4,"magento":1}
[prefilter] worker=98 checked=950/999 passed=12 failed=938 by_platform={"magento":3,"shopify":1,"bigcommerce-html":1,"woocommerce":2,"woocommerce-html":2,"schema-product":1,"shopify-html":2}
[prefilter] worker=73 checked=1000/1000 passed=10 failed=990 by_platform={"shopify":3,"woocommerce":2,"woocommerce-html":4,"magento":1}
[prefilter] done: {"checked":1000,"passed":10,"failed":990,"by_platform":{"shopify":3,"woocommerce":2,"woocommerce-html":4,"magento":1},"started_at":"2026-06-11T10:33:06.811Z","finished_at":"2026-06-11T10:39:43.056Z","output":"data/discovery_2026-06-11/prefilter_parallel/batch_9/batch4.ndjson","output_rows":10}
[prefilter] worker=87 checked=950/1000 passed=3 failed=947 by_platform={"woocommerce-html":1,"shopify":1,"shopify-html":1}
[prefilter] worker=14 checked=950/999 passed=3 failed=947 by_platform={"woocommerce-html":3}
[prefilter] worker=21 checked=999/999 passed=3 failed=996 by_platform={"woocommerce-html":3}
[prefilter] done: {"checked":999,"passed":3,"failed":996,"by_platform":{"woocommerce-html":3},"started_at":"2026-06-11T10:33:06.792Z","finished_at":"2026-06-11T10:40:13.012Z","output":"data/discovery_2026-06-11/prefilter_parallel/batch_9/batch5.ndjson","output_rows":3}
[prefilter] worker=6 checked=1000/1000 passed=3 failed=997 by_platform={"woocommerce-html":1,"shopify":1,"shopify-html":1}
[prefilter] done: {"checked":1000,"passed":3,"failed":997,"by_platform":{"woocommerce-html":1,"shopify":1,"shopify-html":1},"started_at":"2026-06-11T10:33:06.713Z","finished_at":"2026-06-11T10:40:14.366Z","output":"data/discovery_2026-06-11/prefilter_parallel/batch_9/batch3.ndjson","output_rows":3}
[prefilter] worker=58 checked=999/999 passed=12 failed=987 by_platform={"magento":3,"shopify":1,"bigcommerce-html":1,"woocommerce":2,"woocommerce-html":2,"schema-product":1,"shopify-html":2}
[prefilter] done: {"checked":999,"passed":12,"failed":987,"by_platform":{"magento":3,"shopify":1,"bigcommerce-html":1,"woocommerce":2,"woocommerce-html":2,"schema-product":1,"shopify-html":2},"started_at":"2026-06-11T10:33:06.753Z","finished_at":"2026-06-11T10:40:14.426Z","output":"data/discovery_2026-06-11/prefilter_parallel/batch_9/batch1.ndjson","output_rows":12}
[Thu Jun 11 10:46:58 UTC 2026] Batch 9: 45 stores passed
[deep-page] input records=45 ecom=45 by_platform={"magento":4,"shopify":7,"bigcommerce-html":2,"woocommerce":6,"woocommerce-html":16,"schema-product":3,"shopify-html":5,"bigcommerce":1,"magento-html":1} concurrency=50
[dp:mg] emulatorgamesx.net page=1 status=200 bodyLen=107
[dp] deskin.io page=1 status=404 bodyLen=undefined
[dp] smooche.com page=1 status=200 bodyLen=128946
[dp] roxybrowser.com page=1 status=404 bodyLen=undefined
[dp:wc] gempak99.shop page=1 status=200 bodyLen=745965
[dp:wc] gmp99.fun page=1 status=200 bodyLen=745965
[dp] zudio.com page=1 status=200 bodyLen=153482
[dp] hostinger.fr page=1 status=404 bodyLen=undefined
[dp:wc] thefinancialincome.com page=1 status=404 bodyLen=undefined
[dp] tangem.com page=1 status=404 bodyLen=undefined
[dp:mg] goldentechconsulting.com page=1 status=200 bodyLen=107
[dp:wc] childhelp.org page=1 status=401 bodyLen=undefined
[dp:bc] peasisoft.com page=1 status=404 bodyLen=undefined
[dp:wc] providence.edu page=1 status=200 bodyLen=123147
[dp:bc] mountainroseherbs.com page=1 status=404 bodyLen=undefined
[dp:mg] passionandcar.fr page=1 status=200 bodyLen=107
[dp:mg] hoptodesk.com page=1 status=404 bodyLen=undefined
[dp] fulltimestore.in page=1 status=200 bodyLen=898503
[dp] sreeleathersonline.com page=1 status=200 bodyLen=2249748
[dp:mg] lksfy.com page=1 status=200 bodyLen=107
[dp:wc] geminiaiprompt.in page=1 status=404 bodyLen=undefined
[dp:bc] bestjapan.ru page=1 status=200 bodyLen=178
[dp:wc] ringtonesnew.com page=1 status=404 bodyLen=undefined
[dp] gfhcollections.com page=1 status=200 bodyLen=1541078
[dp] asklayer.io page=1 status=404 bodyLen=undefined
[dp:wc] rojgarkikhoj.com page=1 status=404 bodyLen=undefined
[dp] wiserreview.com page=1 status=404 bodyLen=undefined
[deep-page] worker=32 stores=25 failed=0 products=427 by_platform={"magento":4,"schema-product":2,"shopify":3,"shopify-html":4,"woocommerce":3,"woocommerce-html":5,"bigcommerce-html":2,"magento-html":1,"bigcommerce":1}
[dp:wc] go5pm.shop page=1 status=404 bodyLen=undefined
[dp:wc] wpmanageninja.com page=1 status=404 bodyLen=undefined
[dp] harishprojects.com page=1 status=200 bodyLen=1063101
[dp] ocabare.com page=1 status=410 bodyLen=undefined
[dp:wc] winteriscoming.net page=1 status=404 bodyLen=undefined
[dp:wc] lyoncapitale.fr page=1 status=401 bodyLen=undefined
[dp:wc] chancescolombia.com page=1 status=200 bodyLen=582745
[dp:wc] rojgar.live page=1 status=404 bodyLen=undefined
[dp:wc] musically.com page=1 status=401 bodyLen=undefined
[dp:wc] expandedramblings.com page=1 status=404 bodyLen=undefined
[dp:wc] hclips.vip page=1 status=200 bodyLen=38241
[dp:wc] gdtaller.com page=1 status=404 bodyLen=undefined
[dp:wc] spinomenal.com page=1 status=404 bodyLen=undefined
[dp:wc] yonaber.com page=1 status=404 bodyLen=undefined
[dp:wc] globho.com page=1 status=404 bodyLen=undefined
[dp] sitemana.com page=1 status=404 bodyLen=undefined
[dp] blissclub.com page=1 status=200 bodyLen=15145664
[dp:wc] wy.sk page=1 status=200 bodyLen=827538
[deep-page] DONE: {"stores_processed":45,"stores_failed":0,"total_products":1224,"by_platform":{"magento":4,"schema-product":3,"shopify":7,"shopify-html":5,"woocommerce":6,"woocommerce-html":16,"bigcommerce-html":2,"magento-html":1,"bigcommerce":1},"started_at":"2026-06-11T10:46:58.329Z","finished_at":"2026-06-11T10:47:02.325Z","output_rows":1224}
[Thu Jun 11 10:47:02 UTC 2026] Batch 9: 1224 products extracted
[ingest-daemon] dedup: 1224 -> 1215 (removed 9 duplicate skus)
(node:2404533) Warning: SECURITY WARNING: The SSL modes 'prefer', 'require', and 'verify-ca' are treated as aliases for 'verify-full'.
In the next major version (pg-connection-string v3.0.0 and pg v9.0.0), these modes will adopt standard libpq semantics, which have weaker security guarantees.

To prepare for this change:
- If you want the current behavior, explicitly use 'sslmode=verify-full'
- If you want libpq compatibility now, use 'uselibpqcompat=true&sslmode=require'

See https://www.postgresql.org/docs/current/libpq-ssl.html for libpq SSL mode definitions.
(Use `node --trace-warnings ...` to show where the warning was created)
(node:2404533) Warning: Setting the NODE_TLS_REJECT_UNAUTHORIZED environment variable to '0' makes TLS connections and HTTPS requests insecure by disabling certificate verification.
[ingest-daemon] {"ts":"2026-06-11T10:47:07.412Z","file":"products_batch_9.ndjson.processing.ndjson","rows":1224,"written":1215,"fabricated":false,"fabrication_share":{"zeroPriceShare":0.1654320987654321,"nullImageShare":0.18271604938271604,"nullSkuShare":0,"emptyTitleShare":0},"elapsed_ms":4729,"rows_per_sec":"256.9"}
[Thu Jun 11 10:47:07 UTC 2026] Batch 9: ingested 1224 (cumulative: 14919)
[Thu Jun 11 10:47:12 UTC 2026] Batch 10: 4999 domains
[prefilter] input=/tmp/loop_domains_10_3.txt domains=998 concurrency=100
[prefilter] input=/tmp/loop_domains_10_2.txt domains=999 concurrency=100
[prefilter] input=/tmp/loop_domains_10_5.txt domains=1000 concurrency=100
[prefilter] input=/tmp/loop_domains_10_4.txt domains=998 concurrency=100
[prefilter] input=/tmp/loop_domains_10_1.txt domains=999 concurrency=100
[prefilter] worker=48 checked=50/999 passed=6 failed=44 by_platform={"shopify":1,"schema-product":2,"shopify-html":2,"woocommerce-html":1}
[prefilter] worker=40 checked=50/998 passed=4 failed=46 by_platform={"schema-product":1,"shopify-html":2,"woocommerce":1}
[prefilter] worker=48 checked=50/1000 passed=4 failed=46 by_platform={"woocommerce-html":1,"magento":2,"shopify-html":1}
[prefilter] worker=86 checked=100/998 passed=10 failed=90 by_platform={"schema-product":2,"shopify-html":2,"woocommerce":2,"magento":1,"woocommerce-html":3}
[prefilter] worker=81 checked=100/999 passed=10 failed=90 by_platform={"shopify":1,"schema-product":2,"shopify-html":2,"woocommerce-html":2,"woocommerce":2,"magento-html":1}
[prefilter] worker=54 checked=50/998 passed=3 failed=47 by_platform={"shopify":1,"shopify-html":1,"woocommerce-html":1}
[prefilter] worker=96 checked=50/999 passed=6 failed=44 by_platform={"shopify-html":2,"magento-html":1,"magento":1,"woocommerce":1,"woocommerce-html":1}
[prefilter] worker=20 checked=100/999 passed=6 failed=94 by_platform={"shopify-html":2,"magento-html":1,"magento":1,"woocommerce":1,"woocommerce-html":1}
[prefilter] worker=65 checked=100/1000 passed=4 failed=96 by_platform={"woocommerce-html":1,"magento":2,"shopify-html":1}
[prefilter] worker=25 checked=100/998 passed=3 failed=97 by_platform={"shopify":1,"shopify-html":1,"woocommerce-html":1}
[prefilter] worker=91 checked=150/999 passed=10 failed=140 by_platform={"shopify":1,"schema-product":2,"shopify-html":2,"woocommerce-html":2,"woocommerce":2,"magento-html":1}
[prefilter] worker=64 checked=150/998 passed=10 failed=140 by_platform={"schema-product":2,"shopify-html":2,"woocommerce":2,"magento":1,"woocommerce-html":3}
[prefilter] worker=48 checked=150/1000 passed=4 failed=146 by_platform={"woocommerce-html":1,"magento":2,"shopify-html":1}
[prefilter] worker=77 checked=200/998 passed=10 failed=190 by_platform={"schema-product":2,"shopify-html":2,"woocommerce":2,"magento":1,"woocommerce-html":3}
[prefilter] worker=61 checked=200/999 passed=10 failed=190 by_platform={"shopify":1,"schema-product":2,"shopify-html":2,"woocommerce-html":2,"woocommerce":2,"magento-html":1}
[prefilter] worker=45 checked=150/998 passed=3 failed=147 by_platform={"shopify":1,"shopify-html":1,"woocommerce-html":1}
[prefilter] worker=5 checked=150/999 passed=6 failed=144 by_platform={"shopify-html":2,"magento-html":1,"magento":1,"woocommerce":1,"woocommerce-html":1}
[prefilter] worker=13 checked=200/999 passed=6 failed=194 by_platform={"shopify-html":2,"magento-html":1,"magento":1,"woocommerce":1,"woocommerce-html":1}
[prefilter] worker=69 checked=200/1000 passed=4 failed=196 by_platform={"woocommerce-html":1,"magento":2,"shopify-html":1}
[prefilter] worker=25 checked=200/998 passed=3 failed=197 by_platform={"shopify":1,"shopify-html":1,"woocommerce-html":1}
[prefilter] worker=91 checked=250/999 passed=10 failed=240 by_platform={"shopify":1,"schema-product":2,"shopify-html":2,"woocommerce-html":2,"woocommerce":2,"magento-html":1}
[prefilter] worker=64 checked=250/998 passed=10 failed=240 by_platform={"schema-product":2,"shopify-html":2,"woocommerce":2,"magento":1,"woocommerce-html":3}
[prefilter] worker=48 checked=250/1000 passed=4 failed=246 by_platform={"woocommerce-html":1,"magento":2,"shopify-html":1}
[prefilter] worker=77 checked=300/998 passed=10 failed=290 by_platform={"schema-product":2,"shopify-html":2,"woocommerce":2,"magento":1,"woocommerce-html":3}
[prefilter] worker=4 checked=300/999 passed=10 failed=290 by_platform={"shopify":1,"schema-product":2,"shopify-html":2,"woocommerce-html":2,"woocommerce":2,"magento-html":1}
[prefilter] worker=54 checked=250/998 passed=3 failed=247 by_platform={"shopify":1,"shopify-html":1,"woocommerce-html":1}
[prefilter] worker=84 checked=250/999 passed=6 failed=244 by_platform={"shopify-html":2,"magento-html":1,"magento":1,"woocommerce":1,"woocommerce-html":1}
[prefilter] worker=20 checked=300/999 passed=6 failed=294 by_platform={"shopify-html":2,"magento-html":1,"magento":1,"woocommerce":1,"woocommerce-html":1}
[prefilter] worker=65 checked=300/1000 passed=4 failed=296 by_platform={"woocommerce-html":1,"magento":2,"shopify-html":1}
[prefilter] worker=25 checked=300/998 passed=3 failed=297 by_platform={"shopify":1,"shopify-html":1,"woocommerce-html":1}
[prefilter] worker=46 checked=350/999 passed=10 failed=340 by_platform={"shopify":1,"schema-product":2,"shopify-html":2,"woocommerce-html":2,"woocommerce":2,"magento-html":1}
[prefilter] worker=9 checked=350/998 passed=10 failed=340 by_platform={"schema-product":2,"shopify-html":2,"woocommerce":2,"magento":1,"woocommerce-html":3}
[prefilter] worker=48 checked=350/1000 passed=4 failed=346 by_platform={"woocommerce-html":1,"magento":2,"shopify-html":1}
[prefilter] worker=87 checked=400/998 passed=10 failed=390 by_platform={"schema-product":2,"shopify-html":2,"woocommerce":2,"magento":1,"woocommerce-html":3}
[prefilter] worker=4 checked=400/999 passed=10 failed=390 by_platform={"shopify":1,"schema-product":2,"shopify-html":2,"woocommerce-html":2,"woocommerce":2,"magento-html":1}
[prefilter] worker=45 checked=350/998 passed=3 failed=347 by_platform={"shopify":1,"shopify-html":1,"woocommerce-html":1}
[prefilter] worker=99 checked=350/999 passed=6 failed=344 by_platform={"shopify-html":2,"magento-html":1,"magento":1,"woocommerce":1,"woocommerce-html":1}
[prefilter] worker=13 checked=400/999 passed=6 failed=394 by_platform={"shopify-html":2,"magento-html":1,"magento":1,"woocommerce":1,"woocommerce-html":1}
[prefilter] worker=69 checked=400/1000 passed=4 failed=396 by_platform={"woocommerce-html":1,"magento":2,"shopify-html":1}
[prefilter] worker=25 checked=400/998 passed=3 failed=397 by_platform={"shopify":1,"shopify-html":1,"woocommerce-html":1}
[prefilter] worker=91 checked=450/999 passed=10 failed=440 by_platform={"shopify":1,"schema-product":2,"shopify-html":2,"woocommerce-html":2,"woocommerce":2,"magento-html":1}
[prefilter] worker=64 checked=450/998 passed=10 failed=440 by_platform={"schema-product":2,"shopify-html":2,"woocommerce":2,"magento":1,"woocommerce-html":3}
[prefilter] worker=48 checked=450/1000 passed=4 failed=446 by_platform={"woocommerce-html":1,"magento":2,"shopify-html":1}
[prefilter] worker=77 checked=500/998 passed=10 failed=490 by_platform={"schema-product":2,"shopify-html":2,"woocommerce":2,"magento":1,"woocommerce-html":3}
[prefilter] worker=84 checked=500/999 passed=10 failed=490 by_platform={"shopify":1,"schema-product":2,"shopify-html":2,"woocommerce-html":2,"woocommerce":2,"magento-html":1}
[prefilter] worker=54 checked=450/998 passed=3 failed=447 by_platform={"shopify":1,"shopify-html":1,"woocommerce-html":1}
[prefilter] worker=81 checked=450/999 passed=6 failed=444 by_platform={"shopify-html":2,"magento-html":1,"magento":1,"woocommerce":1,"woocommerce-html":1}
[prefilter] worker=20 checked=500/999 passed=6 failed=494 by_platform={"shopify-html":2,"magento-html":1,"magento":1,"woocommerce":1,"woocommerce-html":1}
[prefilter] worker=65 checked=500/1000 passed=4 failed=496 by_platform={"woocommerce-html":1,"magento":2,"shopify-html":1}
[prefilter] worker=25 checked=500/998 passed=3 failed=497 by_platform={"shopify":1,"shopify-html":1,"woocommerce-html":1}
[prefilter] worker=46 checked=550/999 passed=10 failed=540 by_platform={"shopify":1,"schema-product":2,"shopify-html":2,"woocommerce-html":2,"woocommerce":2,"magento-html":1}
[prefilter] worker=9 checked=550/998 passed=10 failed=540 by_platform={"schema-product":2,"shopify-html":2,"woocommerce":2,"magento":1,"woocommerce-html":3}
[prefilter] worker=48 checked=550/1000 passed=4 failed=546 by_platform={"woocommerce-html":1,"magento":2,"shopify-html":1}
[prefilter] worker=87 checked=600/998 passed=10 failed=590 by_platform={"schema-product":2,"shopify-html":2,"woocommerce":2,"magento":1,"woocommerce-html":3}
[prefilter] worker=4 checked=600/999 passed=10 failed=590 by_platform={"shopify":1,"schema-product":2,"shopify-html":2,"woocommerce-html":2,"woocommerce":2,"magento-html":1}
[prefilter] worker=45 checked=550/998 passed=3 failed=547 by_platform={"shopify":1,"shopify-html":1,"woocommerce-html":1}
[prefilter] worker=83 checked=550/999 passed=6 failed=544 by_platform={"shopify-html":2,"magento-html":1,"magento":1,"woocommerce":1,"woocommerce-html":1}
[prefilter] worker=13 checked=600/999 passed=6 failed=594 by_platform={"shopify-html":2,"magento-html":1,"magento":1,"woocommerce":1,"woocommerce-html":1}
[prefilter] worker=69 checked=600/1000 passed=4 failed=596 by_platform={"woocommerce-html":1,"magento":2,"shopify-html":1}
[prefilter] worker=25 checked=600/998 passed=3 failed=597 by_platform={"shopify":1,"shopify-html":1,"woocommerce-html":1}
[prefilter] worker=91 checked=650/999 passed=10 failed=640 by_platform={"shopify":1,"schema-product":2,"shopify-html":2,"woocommerce-html":2,"woocommerce":2,"magento-html":1}
[prefilter] worker=64 checked=650/998 passed=10 failed=640 by_platform={"schema-product":2,"shopify-html":2,"woocommerce":2,"magento":1,"woocommerce-html":3}
[prefilter] worker=48 checked=650/1000 passed=4 failed=646 by_platform={"woocommerce-html":1,"magento":2,"shopify-html":1}
[prefilter] worker=77 checked=700/998 passed=10 failed=690 by_platform={"schema-product":2,"shopify-html":2,"woocommerce":2,"magento":1,"woocommerce-html":3}
[prefilter] worker=84 checked=700/999 passed=10 failed=690 by_platform={"shopify":1,"schema-product":2,"shopify-html":2,"woocommerce-html":2,"woocommerce":2,"magento-html":1}
[prefilter] worker=54 checked=650/998 passed=3 failed=647 by_platform={"shopify":1,"shopify-html":1,"woocommerce-html":1}
[prefilter] worker=98 checked=650/999 passed=6 failed=644 by_platform={"shopify-html":2,"magento-html":1,"magento":1,"woocommerce":1,"woocommerce-html":1}
[prefilter] worker=20 checked=700/999 passed=6 failed=694 by_platform={"shopify-html":2,"magento-html":1,"magento":1,"woocommerce":1,"woocommerce-html":1}
[prefilter] worker=65 checked=700/1000 passed=4 failed=696 by_platform={"woocommerce-html":1,"magento":2,"shopify-html":1}
[prefilter] worker=25 checked=700/998 passed=3 failed=697 by_platform={"shopify":1,"shopify-html":1,"woocommerce-html":1}
[prefilter] worker=46 checked=750/999 passed=10 failed=740 by_platform={"shopify":1,"schema-product":2,"shopify-html":2,"woocommerce-html":2,"woocommerce":2,"magento-html":1}
[prefilter] worker=9 checked=750/998 passed=10 failed=740 by_platform={"schema-product":2,"shopify-html":2,"woocommerce":2,"magento":1,"woocommerce-html":3}
[prefilter] worker=48 checked=750/1000 passed=4 failed=746 by_platform={"woocommerce-html":1,"magento":2,"shopify-html":1}
[prefilter] worker=87 checked=800/998 passed=10 failed=790 by_platform={"schema-product":2,"shopify-html":2,"woocommerce":2,"magento":1,"woocommerce-html":3}
[prefilter] worker=4 checked=800/999 passed=10 failed=790 by_platform={"shopify":1,"schema-product":2,"shopify-html":2,"woocommerce-html":2,"woocommerce":2,"magento-html":1}
[prefilter] worker=45 checked=750/998 passed=3 failed=747 by_platform={"shopify":1,"shopify-html":1,"woocommerce-html":1}
[prefilter] worker=32 checked=750/999 passed=6 failed=744 by_platform={"shopify-html":2,"magento-html":1,"magento":1,"woocommerce":1,"woocommerce-html":1}
[prefilter] worker=13 checked=800/999 passed=6 failed=794 by_platform={"shopify-html":2,"magento-html":1,"magento":1,"woocommerce":1,"woocommerce-html":1}
[prefilter] worker=69 checked=800/1000 passed=4 failed=796 by_platform={"woocommerce-html":1,"magento":2,"shopify-html":1}
[prefilter] worker=25 checked=800/998 passed=3 failed=797 by_platform={"shopify":1,"shopify-html":1,"woocommerce-html":1}
[prefilter] worker=91 checked=850/999 passed=10 failed=840 by_platform={"shopify":1,"schema-product":2,"shopify-html":2,"woocommerce-html":2,"woocommerce":2,"magento-html":1}
[prefilter] worker=64 checked=850/998 passed=10 failed=840 by_platform={"schema-product":2,"shopify-html":2,"woocommerce":2,"magento":1,"woocommerce-html":3}
[prefilter] worker=48 checked=850/1000 passed=4 failed=846 by_platform={"woocommerce-html":1,"magento":2,"shopify-html":1}
[prefilter] worker=77 checked=900/998 passed=10 failed=890 by_platform={"schema-product":2,"shopify-html":2,"woocommerce":2,"magento":1,"woocommerce-html":3}
[prefilter] worker=84 checked=900/999 passed=10 failed=890 by_platform={"shopify":1,"schema-product":2,"shopify-html":2,"woocommerce-html":2,"woocommerce":2,"magento-html":1}
[prefilter] worker=54 checked=850/998 passed=3 failed=847 by_platform={"shopify":1,"shopify-html":1,"woocommerce-html":1}
[prefilter] worker=95 checked=850/999 passed=6 failed=844 by_platform={"shopify-html":2,"magento-html":1,"magento":1,"woocommerce":1,"woocommerce-html":1}
[prefilter] worker=20 checked=900/999 passed=6 failed=894 by_platform={"shopify-html":2,"magento-html":1,"magento":1,"woocommerce":1,"woocommerce-html":1}
[prefilter] worker=65 checked=900/1000 passed=4 failed=896 by_platform={"woocommerce-html":1,"magento":2,"shopify-html":1}
[prefilter] worker=25 checked=900/998 passed=3 failed=897 by_platform={"shopify":1,"shopify-html":1,"woocommerce-html":1}
[prefilter] worker=46 checked=950/999 passed=10 failed=940 by_platform={"shopify":1,"schema-product":2,"shopify-html":2,"woocommerce-html":2,"woocommerce":2,"magento-html":1}
[prefilter] worker=9 checked=950/998 passed=10 failed=940 by_platform={"schema-product":2,"shopify-html":2,"woocommerce":2,"magento":1,"woocommerce-html":3}
[prefilter] worker=48 checked=950/1000 passed=4 failed=946 by_platform={"woocommerce-html":1,"magento":2,"shopify-html":1}
[prefilter] worker=32 checked=998/998 passed=10 failed=988 by_platform={"schema-product":2,"shopify-html":2,"woocommerce":2,"magento":1,"woocommerce-html":3}
[prefilter] done: {"checked":998,"passed":10,"failed":988,"by_platform":{"schema-product":2,"shopify-html":2,"woocommerce":2,"magento":1,"woocommerce-html":3},"started_at":"2026-06-11T10:47:12.645Z","finished_at":"2026-06-11T10:54:03.416Z","output":"data/discovery_2026-06-11/prefilter_parallel/batch_10/batch4.ndjson","output_rows":10}
[prefilter] worker=4 checked=999/999 passed=10 failed=989 by_platform={"shopify":1,"schema-product":2,"shopify-html":2,"woocommerce-html":2,"woocommerce":2,"magento-html":1}
[prefilter] done: {"checked":999,"passed":10,"failed":989,"by_platform":{"shopify":1,"schema-product":2,"shopify-html":2,"woocommerce-html":2,"woocommerce":2,"magento-html":1},"started_at":"2026-06-11T10:47:12.646Z","finished_at":"2026-06-11T10:54:09.773Z","output":"data/discovery_2026-06-11/prefilter_parallel/batch_10/batch1.ndjson","output_rows":10}
[prefilter] worker=54 checked=950/998 passed=3 failed=947 by_platform={"shopify":1,"shopify-html":1,"woocommerce-html":1}
[prefilter] worker=90 checked=950/999 passed=6 failed=944 by_platform={"shopify-html":2,"magento-html":1,"magento":1,"woocommerce":1,"woocommerce-html":1}
[prefilter] worker=47 checked=999/999 passed=6 failed=993 by_platform={"shopify-html":2,"magento-html":1,"magento":1,"woocommerce":1,"woocommerce-html":1}
[prefilter] done: {"checked":999,"passed":6,"failed":993,"by_platform":{"shopify-html":2,"magento-html":1,"magento":1,"woocommerce":1,"woocommerce-html":1},"started_at":"2026-06-11T10:47:12.597Z","finished_at":"2026-06-11T10:54:19.318Z","output":"data/discovery_2026-06-11/prefilter_parallel/batch_10/batch2.ndjson","output_rows":6}
[prefilter] worker=63 checked=1000/1000 passed=4 failed=996 by_platform={"woocommerce-html":1,"magento":2,"shopify-html":1}
[prefilter] done: {"checked":1000,"passed":4,"failed":996,"by_platform":{"woocommerce-html":1,"magento":2,"shopify-html":1},"started_at":"2026-06-11T10:47:12.628Z","finished_at":"2026-06-11T10:54:20.289Z","output":"data/discovery_2026-06-11/prefilter_parallel/batch_10/batch5.ndjson","output_rows":4}
[prefilter] worker=27 checked=998/998 passed=3 failed=995 by_platform={"shopify":1,"shopify-html":1,"woocommerce-html":1}
[prefilter] done: {"checked":998,"passed":3,"failed":995,"by_platform":{"shopify":1,"shopify-html":1,"woocommerce-html":1},"started_at":"2026-06-11T10:47:12.596Z","finished_at":"2026-06-11T10:54:21.393Z","output":"data/discovery_2026-06-11/prefilter_parallel/batch_10/batch3.ndjson","output_rows":3}
[Thu Jun 11 11:03:41 UTC 2026] Batch 10: 33 stores passed
[deep-page] input records=33 ecom=33 by_platform={"shopify":2,"schema-product":4,"shopify-html":8,"woocommerce-html":8,"woocommerce":5,"magento-html":2,"magento":4} concurrency=50
[dp] collect.chat page=1 status=200 bodyLen=205085
[dp] collect.chat parse err: Unexpected token '<', "<!DOCTYPE "... is not valid JSON
[dp] digits.com page=1 status=404 bodyLen=undefined
[dp:mg] avc.com page=1 status=200 bodyLen=107
[dp] blenderseyewear.com page=1 status=200 bodyLen=994499
[dp:mg] magpul.com page=1 status=401 bodyLen=undefined
[dp] ishorts.com.br page=1 status=404 bodyLen=undefined
[dp] graphis.com page=1 status=404 bodyLen=undefined
[dp:mg] tormach.com page=1 status=401 bodyLen=undefined
[dp:wc] fudzilla.com page=1 status=403 bodyLen=undefined
[dp:mg] tmoney.co.kr page=1 status=200 bodyLen=206
[dp] teatr-dndz.com page=1 status=404 bodyLen=undefined
[dp] koalendar.com page=1 status=404 bodyLen=undefined
[dp:wc] energizer.com page=1 status=401 bodyLen=undefined
[dp:wc] bitsum.com page=1 status=404 bodyLen=undefined
[dp] beautymarket.ma page=1 status=200 bodyLen=993524
[dp:wc] myeducator.com page=1 status=404 bodyLen=undefined
[dp:wc] jiocommerce.io page=1 status=200 bodyLen=375798
[dp:mg] wishlistr.com page=1 status=200 bodyLen=107
[dp] prohoster.info page=1 status=404 bodyLen=undefined
[dp:wc] wpthemespace.com page=1 status=401 bodyLen=undefined
[dp:wc] imagicaaworld.com page=1 status=404 bodyLen=undefined
[dp] mydukaan.io page=1 status=404 bodyLen=undefined
[dp] mochishoes.com page=1 status=404 bodyLen=undefined
[dp:wc] stipjakarta.ac.id page=1 status=200 bodyLen=55396
[dp] mwcradio.com page=1 status=200 bodyLen=232640
[dp] mwcradio.com parse err: Unexpected token '<', "<!DOCTYPE "... is not valid JSON
[deep-page] worker=14 stores=25 failed=0 products=400 by_platform={"shopify-html":7,"schema-product":3,"magento":3,"magento-html":2,"shopify":2,"woocommerce-html":6,"woocommerce":2}
[dp:wc] visitutah.com page=1 status=200 bodyLen=72393
[dp:wc] bricsys.com page=1 status=200 bodyLen=314626
[dp:wc] serconsrus.com page=1 status=404 bodyLen=undefined
[dp] trusteeglobal.com page=1 status=404 bodyLen=undefined
[dp:wc] globalworkplaceanalytics.com page=1 status=404 bodyLen=undefined
[dp] work-zilla.com page=1 status=404 bodyLen=undefined
[dp:wc] linetv.tw page=1 status=200 bodyLen=567988
[dp:mg] smartcity.com page=1 status=200 bodyLen=107
[deep-page] DONE: {"stores_processed":33,"stores_failed":0,"total_products":400,"by_platform":{"shopify-html":8,"schema-product":4,"magento":4,"magento-html":2,"shopify":2,"woocommerce-html":8,"woocommerce":5},"started_at":"2026-06-11T11:03:41.921Z","finished_at":"2026-06-11T11:03:45.938Z","output_rows":400}
[Thu Jun 11 11:03:45 UTC 2026] Batch 10: 400 products extracted
(node:2515272) Warning: SECURITY WARNING: The SSL modes 'prefer', 'require', and 'verify-ca' are treated as aliases for 'verify-full'.
In the next major version (pg-connection-string v3.0.0 and pg v9.0.0), these modes will adopt standard libpq semantics, which have weaker security guarantees.

To prepare for this change:
- If you want the current behavior, explicitly use 'sslmode=verify-full'
- If you want libpq compatibility now, use 'uselibpqcompat=true&sslmode=require'

See https://www.postgresql.org/docs/current/libpq-ssl.html for libpq SSL mode definitions.
(Use `node --trace-warnings ...` to show where the warning was created)
(node:2515272) Warning: Setting the NODE_TLS_REJECT_UNAUTHORIZED environment variable to '0' makes TLS connections and HTTPS requests insecure by disabling certificate verification.
[ingest-daemon] {"ts":"2026-06-11T11:04:30.400Z","file":"products_batch_10.ndjson.processing.ndjson","rows":400,"written":400,"fabricated":false,"fabrication_share":{"zeroPriceShare":0,"nullImageShare":0.0025,"nullSkuShare":0,"emptyTitleShare":0},"elapsed_ms":39496,"rows_per_sec":"10.1"}
[Thu Jun 11 11:04:30 UTC 2026] Batch 10: ingested 400 (cumulative: 15319)
[Thu Jun 11 11:04:35 UTC 2026] No more domains, restarting Tranco
[Thu Jun 11 11:04:42 UTC 2026] Starting discovery loop v2 (total domains: 995136)
[Thu Jun 11 11:04:42 UTC 2026] Cursor 0 batch 1: 5000 domains (lines 1-5000)
[prefilter] input=/tmp/loop_split_0_1.txt domains=883 concurrency=100
[prefilter] input=/tmp/loop_split_0_5.txt domains=993 concurrency=100
[prefilter] input=/tmp/loop_split_0_2.txt domains=990 concurrency=100
[prefilter] input=/tmp/loop_split_0_3.txt domains=975 concurrency=100
[prefilter] input=/tmp/loop_split_0_4.txt domains=992 concurrency=100
[prefilter] worker=77 checked=50/992 passed=5 failed=45 by_platform={"magento":1,"shopify-html":1,"woocommerce":2,"magento-html":1}
[prefilter] worker=12 checked=50/990 passed=4 failed=46 by_platform={"shopify-html":2,"woocommerce-html":1,"magento-html":1}
[prefilter] worker=33 checked=50/975 passed=4 failed=46 by_platform={"shopify":1,"shopify-html":1,"woocommerce":2}
[prefilter] worker=68 checked=50/883 passed=3 failed=47 by_platform={"shopify":1,"woocommerce":1,"woocommerce-html":1}
[prefilter] worker=40 checked=100/992 passed=6 failed=94 by_platform={"magento":1,"shopify-html":2,"woocommerce":2,"magento-html":1}
[prefilter] worker=70 checked=100/975 passed=6 failed=94 by_platform={"shopify":1,"shopify-html":1,"woocommerce":2,"schema-product":1,"woocommerce-html":1}
[prefilter] worker=72 checked=100/883 passed=3 failed=97 by_platform={"shopify":1,"woocommerce":1,"woocommerce-html":1}
[prefilter] worker=36 checked=50/993 passed=2 failed=48 by_platform={"magento":1,"shopify-html":1}
[prefilter] worker=68 checked=100/990 passed=6 failed=94 by_platform={"shopify-html":3,"woocommerce-html":1,"magento-html":1,"schema-product":1}
[prefilter] worker=31 checked=150/883 passed=8 failed=142 by_platform={"shopify":1,"woocommerce":2,"woocommerce-html":3,"shopify-html":1,"schema-product":1}
[prefilter] worker=15 checked=150/975 passed=10 failed=140 by_platform={"shopify":1,"shopify-html":2,"woocommerce":3,"schema-product":2,"woocommerce-html":2}
[prefilter] worker=22 checked=150/992 passed=10 failed=140 by_platform={"magento":1,"shopify-html":3,"woocommerce":2,"magento-html":1,"woocommerce-html":1,"schema-product":2}
[prefilter] worker=43 checked=200/883 passed=11 failed=189 by_platform={"shopify":1,"woocommerce":3,"woocommerce-html":3,"shopify-html":1,"schema-product":1,"magento":2}
[prefilter] worker=65 checked=200/975 passed=13 failed=187 by_platform={"shopify":1,"shopify-html":3,"woocommerce":3,"schema-product":4,"woocommerce-html":2}
[prefilter] worker=82 checked=150/990 passed=8 failed=142 by_platform={"shopify-html":4,"woocommerce-html":1,"magento-html":1,"schema-product":2}
[prefilter] worker=30 checked=200/992 passed=13 failed=187 by_platform={"magento":1,"shopify-html":3,"woocommerce":2,"magento-html":1,"woocommerce-html":2,"schema-product":3,"bigcommerce-html":1}
[prefilter] worker=22 checked=250/883 passed=14 failed=236 by_platform={"shopify":1,"woocommerce":5,"woocommerce-html":4,"shopify-html":1,"schema-product":1,"magento":2}
[prefilter] worker=74 checked=100/993 passed=4 failed=96 by_platform={"magento":1,"shopify-html":2,"woocommerce-html":1}
[prefilter] worker=55 checked=250/992 passed=16 failed=234 by_platform={"magento":2,"shopify-html":3,"woocommerce":4,"magento-html":1,"woocommerce-html":2,"schema-product":3,"bigcommerce-html":1}
[prefilter] worker=89 checked=250/975 passed=17 failed=233 by_platform={"shopify":1,"shopify-html":5,"woocommerce":4,"schema-product":4,"woocommerce-html":3}
[prefilter] worker=14 checked=300/883 passed=15 failed=285 by_platform={"shopify":1,"woocommerce":6,"woocommerce-html":4,"shopify-html":1,"schema-product":1,"magento":2}
[prefilter] worker=11 checked=300/992 passed=19 failed=281 by_platform={"magento":2,"shopify-html":5,"woocommerce":5,"magento-html":1,"woocommerce-html":2,"schema-product":3,"bigcommerce-html":1}
[prefilter] worker=57 checked=350/992 passed=22 failed=328 by_platform={"magento":2,"shopify-html":6,"woocommerce":5,"magento-html":2,"woocommerce-html":2,"schema-product":4,"bigcommerce-html":1}
[prefilter] worker=59 checked=350/883 passed=16 failed=334 by_platform={"shopify":1,"woocommerce":7,"woocommerce-html":4,"shopify-html":1,"schema-product":1,"magento":2}
[prefilter] worker=24 checked=300/975 passed=20 failed=280 by_platform={"shopify":1,"shopify-html":7,"woocommerce":4,"schema-product":4,"woocommerce-html":4}
[prefilter] worker=70 checked=400/992 passed=25 failed=375 by_platform={"magento":2,"shopify-html":7,"woocommerce":5,"magento-html":2,"woocommerce-html":2,"schema-product":6,"bigcommerce-html":1}
[prefilter] worker=26 checked=200/990 passed=8 failed=192 by_platform={"shopify-html":4,"woocommerce-html":1,"magento-html":1,"schema-product":2}
[prefilter] worker=69 checked=350/975 passed=23 failed=327 by_platform={"shopify":1,"shopify-html":7,"woocommerce":5,"schema-product":4,"woocommerce-html":6}
[prefilter] worker=63 checked=450/992 passed=31 failed=419 by_platform={"magento":3,"shopify-html":7,"woocommerce":8,"magento-html":3,"woocommerce-html":2,"schema-product":7,"bigcommerce-html":1}
[prefilter] worker=21 checked=400/975 passed=26 failed=374 by_platform={"shopify":1,"shopify-html":9,"woocommerce":5,"schema-product":4,"woocommerce-html":7}
[prefilter] worker=78 checked=150/993 passed=4 failed=146 by_platform={"magento":1,"shopify-html":2,"woocommerce-html":1}
[prefilter] worker=72 checked=450/975 passed=29 failed=421 by_platform={"shopify":1,"shopify-html":9,"woocommerce":7,"schema-product":5,"woocommerce-html":7}
[prefilter] worker=18 checked=500/992 passed=37 failed=463 by_platform={"magento":3,"shopify-html":8,"woocommerce":10,"magento-html":3,"woocommerce-html":4,"schema-product":8,"bigcommerce-html":1}
[prefilter] worker=36 checked=250/990 passed=10 failed=240 by_platform={"shopify-html":4,"woocommerce-html":2,"magento-html":1,"schema-product":3}
[prefilter] worker=62 checked=400/883 passed=17 failed=383 by_platform={"shopify":1,"woocommerce":7,"woocommerce-html":4,"shopify-html":2,"schema-product":1,"magento":2}
[prefilter] worker=64 checked=200/993 passed=4 failed=196 by_platform={"magento":1,"shopify-html":2,"woocommerce-html":1}
[prefilter] worker=36 checked=500/975 passed=30 failed=470 by_platform={"shopify":1,"shopify-html":9,"woocommerce":8,"schema-product":5,"woocommerce-html":7}
[prefilter] worker=21 checked=450/883 passed=17 failed=433 by_platform={"shopify":1,"woocommerce":7,"woocommerce-html":4,"shopify-html":2,"schema-product":1,"magento":2}
[prefilter] worker=15 checked=550/975 passed=36 failed=514 by_platform={"shopify":1,"shopify-html":10,"woocommerce":9,"schema-product":7,"woocommerce-html":9}
[prefilter] worker=73 checked=550/992 passed=37 failed=513 by_platform={"magento":3,"shopify-html":8,"woocommerce":10,"magento-html":3,"woocommerce-html":4,"schema-product":8,"bigcommerce-html":1}
[prefilter] worker=26 checked=300/990 passed=10 failed=290 by_platform={"shopify-html":4,"woocommerce-html":2,"magento-html":1,"schema-product":3}
[prefilter] worker=94 checked=600/975 passed=38 failed=562 by_platform={"shopify":1,"shopify-html":11,"woocommerce":9,"schema-product":7,"woocommerce-html":10}
[prefilter] worker=19 checked=250/993 passed=4 failed=246 by_platform={"magento":1,"shopify-html":2,"woocommerce-html":1}
[prefilter] worker=94 checked=300/993 passed=6 failed=294 by_platform={"magento":1,"shopify-html":3,"woocommerce-html":2}
[prefilter] worker=51 checked=650/975 passed=42 failed=608 by_platform={"shopify":1,"shopify-html":12,"woocommerce":10,"schema-product":9,"woocommerce-html":10}
[prefilter] worker=18 checked=350/993 passed=7 failed=343 by_platform={"magento":1,"shopify-html":3,"woocommerce-html":2,"schema-product":1}
[prefilter] worker=0 checked=700/975 passed=45 failed=655 by_platform={"shopify":1,"shopify-html":14,"woocommerce":10,"schema-product":9,"woocommerce-html":11}
[prefilter] worker=60 checked=600/992 passed=39 failed=561 by_platform={"magento":3,"shopify-html":9,"woocommerce":10,"magento-html":3,"woocommerce-html":5,"schema-product":8,"bigcommerce-html":1}
[prefilter] worker=92 checked=400/993 passed=10 failed=390 by_platform={"magento":1,"shopify-html":5,"woocommerce-html":2,"schema-product":1,"woocommerce":1}
[prefilter] worker=3 checked=750/975 passed=49 failed=701 by_platform={"shopify":1,"shopify-html":15,"woocommerce":11,"schema-product":10,"woocommerce-html":12}
[prefilter] worker=67 checked=350/990 passed=10 failed=340 by_platform={"shopify-html":4,"woocommerce-html":2,"magento-html":1,"schema-product":3}
[prefilter] worker=83 checked=650/992 passed=41 failed=609 by_platform={"magento":3,"shopify-html":9,"woocommerce":11,"magento-html":4,"woocommerce-html":5,"schema-product":8,"bigcommerce-html":1}
[prefilter] worker=41 checked=800/975 passed=56 failed=744 by_platform={"shopify":1,"shopify-html":15,"woocommerce":15,"schema-product":11,"woocommerce-html":14}
[prefilter] worker=33 checked=500/883 passed=17 failed=483 by_platform={"shopify":1,"woocommerce":7,"woocommerce-html":4,"shopify-html":2,"schema-product":1,"magento":2}
[prefilter] worker=58 checked=850/975 passed=58 failed=792 by_platform={"shopify":1,"shopify-html":15,"woocommerce":15,"schema-product":12,"woocommerce-html":14,"magento-html":1}
[prefilter] worker=95 checked=700/992 passed=43 failed=657 by_platform={"magento":3,"shopify-html":10,"woocommerce":12,"magento-html":4,"woocommerce-html":5,"schema-product":8,"bigcommerce-html":1}
[prefilter] worker=87 checked=900/975 passed=65 failed=835 by_platform={"shopify":1,"shopify-html":17,"woocommerce":17,"schema-product":13,"woocommerce-html":15,"magento-html":2}
[prefilter] worker=30 checked=450/993 passed=15 failed=435 by_platform={"magento":1,"shopify-html":6,"woocommerce-html":2,"schema-product":2,"woocommerce":4}
[prefilter] worker=82 checked=750/992 passed=43 failed=707 by_platform={"magento":3,"shopify-html":10,"woocommerce":12,"magento-html":4,"woocommerce-html":5,"schema-product":8,"bigcommerce-html":1}
[prefilter] worker=36 checked=550/883 passed=17 failed=533 by_platform={"shopify":1,"woocommerce":7,"woocommerce-html":4,"shopify-html":2,"schema-product":1,"magento":2}
[prefilter] worker=35 checked=800/992 passed=46 failed=754 by_platform={"magento":3,"shopify-html":11,"woocommerce":13,"magento-html":4,"woocommerce-html":5,"schema-product":9,"bigcommerce-html":1}
[prefilter] worker=31 checked=400/990 passed=10 failed=390 by_platform={"shopify-html":4,"woocommerce-html":2,"magento-html":1,"schema-product":3}
[prefilter] worker=79 checked=850/992 passed=48 failed=802 by_platform={"magento":3,"shopify-html":13,"woocommerce":13,"magento-html":4,"woocommerce-html":5,"schema-product":9,"bigcommerce-html":1}
[prefilter] worker=11 checked=950/975 passed=70 failed=880 by_platform={"shopify":1,"shopify-html":18,"woocommerce":18,"schema-product":15,"woocommerce-html":15,"magento-html":3}
[prefilter] worker=35 checked=500/993 passed=15 failed=485 by_platform={"magento":1,"shopify-html":6,"woocommerce-html":2,"schema-product":2,"woocommerce":4}
[prefilter] worker=65 checked=900/992 passed=48 failed=852 by_platform={"magento":3,"shopify-html":13,"woocommerce":13,"magento-html":4,"woocommerce-html":5,"schema-product":9,"bigcommerce-html":1}
[prefilter] worker=36 checked=450/990 passed=10 failed=440 by_platform={"shopify-html":4,"woocommerce-html":2,"magento-html":1,"schema-product":3}
[prefilter] worker=65 checked=600/883 passed=17 failed=583 by_platform={"shopify":1,"woocommerce":7,"woocommerce-html":4,"shopify-html":2,"schema-product":1,"magento":2}
[prefilter] worker=45 checked=950/992 passed=51 failed=899 by_platform={"magento":3,"shopify-html":14,"woocommerce":13,"magento-html":5,"woocommerce-html":5,"schema-product":10,"bigcommerce-html":1}
[prefilter] worker=30 checked=550/993 passed=15 failed=535 by_platform={"magento":1,"shopify-html":6,"woocommerce-html":2,"schema-product":2,"woocommerce":4}
[prefilter] worker=7 checked=975/975 passed=70 failed=905 by_platform={"shopify":1,"shopify-html":18,"woocommerce":18,"schema-product":15,"woocommerce-html":15,"magento-html":3}
[prefilter] done: {"checked":975,"passed":70,"failed":905,"by_platform":{"shopify":1,"shopify-html":18,"woocommerce":18,"schema-product":15,"woocommerce-html":15,"magento-html":3},"started_at":"2026-06-11T11:04:42.879Z","finished_at":"2026-06-11T11:07:24.287Z","output":"data/discovery_2026-06-11/prefilter_parallel/cursor_0/split3.ndjson","output_rows":70}
[prefilter] worker=35 checked=650/883 passed=17 failed=633 by_platform={"shopify":1,"woocommerce":7,"woocommerce-html":4,"shopify-html":2,"schema-product":1,"magento":2}
[prefilter] worker=23 checked=500/990 passed=10 failed=490 by_platform={"shopify-html":4,"woocommerce-html":2,"magento-html":1,"schema-product":3}
[prefilter] worker=42 checked=992/992 passed=53 failed=939 by_platform={"magento":3,"shopify-html":15,"woocommerce":13,"magento-html":5,"woocommerce-html":6,"schema-product":10,"bigcommerce-html":1}
[prefilter] done: {"checked":992,"passed":53,"failed":939,"by_platform":{"magento":3,"shopify-html":15,"woocommerce":13,"magento-html":5,"woocommerce-html":6,"schema-product":10,"bigcommerce-html":1},"started_at":"2026-06-11T11:04:42.911Z","finished_at":"2026-06-11T11:07:40.351Z","output":"data/discovery_2026-06-11/prefilter_parallel/cursor_0/split4.ndjson","output_rows":53}
[prefilter] worker=34 checked=600/993 passed=15 failed=585 by_platform={"magento":1,"shopify-html":6,"woocommerce-html":2,"schema-product":2,"woocommerce":4}
[prefilter] worker=67 checked=550/990 passed=10 failed=540 by_platform={"shopify-html":4,"woocommerce-html":2,"magento-html":1,"schema-product":3}
[prefilter] worker=65 checked=700/883 passed=17 failed=683 by_platform={"shopify":1,"woocommerce":7,"woocommerce-html":4,"shopify-html":2,"schema-product":1,"magento":2}
[prefilter] worker=84 checked=750/883 passed=18 failed=732 by_platform={"shopify":1,"woocommerce":7,"woocommerce-html":4,"shopify-html":3,"schema-product":1,"magento":2}
[prefilter] worker=49 checked=800/883 passed=19 failed=781 by_platform={"shopify":1,"woocommerce":7,"woocommerce-html":4,"shopify-html":4,"schema-product":1,"magento":2}
[prefilter] worker=34 checked=850/883 passed=23 failed=827 by_platform={"shopify":1,"woocommerce":8,"woocommerce-html":4,"shopify-html":5,"schema-product":3,"magento":2}
[prefilter] worker=30 checked=650/993 passed=15 failed=635 by_platform={"magento":1,"shopify-html":6,"woocommerce-html":2,"schema-product":2,"woocommerce":4}
[prefilter] worker=31 checked=600/990 passed=10 failed=590 by_platform={"shopify-html":4,"woocommerce-html":2,"magento-html":1,"schema-product":3}
[prefilter] worker=20 checked=700/993 passed=16 failed=684 by_platform={"magento":1,"shopify-html":6,"woocommerce-html":2,"schema-product":3,"woocommerce":4}
[prefilter] worker=36 checked=650/990 passed=10 failed=640 by_platform={"shopify-html":4,"woocommerce-html":2,"magento-html":1,"schema-product":3}
[prefilter] worker=52 checked=883/883 passed=23 failed=860 by_platform={"shopify":1,"woocommerce":8,"woocommerce-html":4,"shopify-html":5,"schema-product":3,"magento":2}
[prefilter] done: {"checked":883,"passed":23,"failed":860,"by_platform":{"shopify":1,"woocommerce":8,"woocommerce-html":4,"shopify-html":5,"schema-product":3,"magento":2},"started_at":"2026-06-11T11:04:42.873Z","finished_at":"2026-06-11T11:08:41.742Z","output":"data/discovery_2026-06-11/prefilter_parallel/cursor_0/split1.ndjson","output_rows":23}
[prefilter] worker=63 checked=750/993 passed=16 failed=734 by_platform={"magento":1,"shopify-html":6,"woocommerce-html":2,"schema-product":3,"woocommerce":4}
[prefilter] worker=23 checked=700/990 passed=10 failed=690 by_platform={"shopify-html":4,"woocommerce-html":2,"magento-html":1,"schema-product":3}
[prefilter] worker=57 checked=800/993 passed=16 failed=784 by_platform={"magento":1,"shopify-html":6,"woocommerce-html":2,"schema-product":3,"woocommerce":4}
[prefilter] worker=67 checked=750/990 passed=10 failed=740 by_platform={"shopify-html":4,"woocommerce-html":2,"magento-html":1,"schema-product":3}
[prefilter] worker=63 checked=850/993 passed=16 failed=834 by_platform={"magento":1,"shopify-html":6,"woocommerce-html":2,"schema-product":3,"woocommerce":4}
[prefilter] worker=31 checked=800/990 passed=10 failed=790 by_platform={"shopify-html":4,"woocommerce-html":2,"magento-html":1,"schema-product":3}
[prefilter] worker=20 checked=900/993 passed=16 failed=884 by_platform={"magento":1,"shopify-html":6,"woocommerce-html":2,"schema-product":3,"woocommerce":4}
[prefilter] worker=36 checked=850/990 passed=10 failed=840 by_platform={"shopify-html":4,"woocommerce-html":2,"magento-html":1,"schema-product":3}
[prefilter] worker=63 checked=950/993 passed=16 failed=934 by_platform={"magento":1,"shopify-html":6,"woocommerce-html":2,"schema-product":3,"woocommerce":4}
[prefilter] worker=23 checked=900/990 passed=10 failed=890 by_platform={"shopify-html":4,"woocommerce-html":2,"magento-html":1,"schema-product":3}
[prefilter] worker=8 checked=993/993 passed=16 failed=977 by_platform={"magento":1,"shopify-html":6,"woocommerce-html":2,"schema-product":3,"woocommerce":4}
[prefilter] done: {"checked":993,"passed":16,"failed":977,"by_platform":{"magento":1,"shopify-html":6,"woocommerce-html":2,"schema-product":3,"woocommerce":4},"started_at":"2026-06-11T11:04:42.875Z","finished_at":"2026-06-11T11:10:37.024Z","output":"data/discovery_2026-06-11/prefilter_parallel/cursor_0/split5.ndjson","output_rows":16}
[prefilter] worker=67 checked=950/990 passed=10 failed=940 by_platform={"shopify-html":4,"woocommerce-html":2,"magento-html":1,"schema-product":3}
[prefilter] worker=7 checked=990/990 passed=10 failed=980 by_platform={"shopify-html":4,"woocommerce-html":2,"magento-html":1,"schema-product":3}
[prefilter] done: {"checked":990,"passed":10,"failed":980,"by_platform":{"shopify-html":4,"woocommerce-html":2,"magento-html":1,"schema-product":3},"started_at":"2026-06-11T11:04:42.875Z","finished_at":"2026-06-11T11:11:03.069Z","output":"data/discovery_2026-06-11/prefilter_parallel/cursor_0/split2.ndjson","output_rows":10}
[Thu Jun 11 11:11:06 UTC 2026] Cursor 0: 172 stores passed prefilter
[deep-page] input records=172 ecom=172 by_platform={"shopify":2,"woocommerce":43,"woocommerce-html":29,"shopify-html":48,"schema-product":34,"magento":6,"magento-html":9,"bigcommerce-html":1} concurrency=50
[dp] themeforest.net page=1 status=404 bodyLen=undefined
[dp:wc] wise.com page=1 status=404 bodyLen=undefined
[dp] ahrefs.com page=1 status=404 bodyLen=undefined
[dp] letsencrypt.org page=1 status=404 bodyLen=undefined
[dp] pendo.io page=1 status=404 bodyLen=undefined
[dp] hostinger.com page=1 status=404 bodyLen=undefined
[dp] nypost.com page=1 status=404 bodyLen=undefined
[dp] barnesandnoble.com page=1 status=200 bodyLen=354552
[dp] statcounter.com page=1 status=404 bodyLen=undefined
[dp:mg] meethue.com page=1 status=200 bodyLen=86659
[dp] ui.com page=1 status=200 bodyLen=107137
[dp:wc] mzstatic.com page=1 status=200 bodyLen=258465
[dp] x.com page=1 status=404 bodyLen=undefined
[dp:wc] virtualearth.net page=1 status=200 bodyLen=203034
[dp:wc] yahoo.co.jp page=1 status=200 bodyLen=32521
[dp:wc] cloud.microsoft page=1 status=200 bodyLen=1241854
[dp] smh.com.au page=1 status=404 bodyLen=undefined
[dp] abc.net.au page=1 status=404 bodyLen=undefined
[dp:wc] crashlytics.com page=1 status=200 bodyLen=522591
[dp] gallup.com page=1 status=404 bodyLen=undefined
[dp] wired.com page=1 status=404 bodyLen=undefined
[dp:wc] onelink.me page=1 status=200 bodyLen=412209
[dp] lge.com page=1 status=404 bodyLen=undefined
[dp] usercentrics.eu page=1 status=404 bodyLen=undefined
[dp] nginx.com page=1 status=200 bodyLen=382115
[dp] nginx.com parse err: Unexpected token '<', "<!DOCTYPE "... is not valid JSON
[deep-page] worker=5 stores=25 failed=0 products=368 by_platform={"shopify-html":9,"woocommerce-html":1,"schema-product":6,"magento-html":1,"shopify":2,"woocommerce":6}
[dp:wc] wpengine.com page=1 status=404 bodyLen=undefined
[dp] sharethis.com page=1 status=404 bodyLen=undefined
[dp] bunny.net page=1 status=404 bodyLen=undefined
[dp] elastic.co page=1 status=404 bodyLen=undefined
[dp:wc] axon.ai page=1 status=200 bodyLen=181080
[dp:wc] gravatar.com page=1 status=404 bodyLen=undefined
[dp:wc] cpanel.net page=1 status=404 bodyLen=undefined
[dp:wc] meraki.com page=1 status=401 bodyLen=undefined
[dp] useinsider.com page=1 status=404 bodyLen=undefined
[dp:wc] go.com page=1 status=200 bodyLen=355379
[dp:wc] peacocktv.com page=1 status=200 bodyLen=186648
[dp] cookiebot.com page=1 status=404 bodyLen=undefined
[dp:wc] admatic.de page=1 status=404 bodyLen=undefined
[dp:wc] webs.com page=1 status=200 bodyLen=887602
[dp] onrender.com page=1 status=200 bodyLen=369373
[dp] onrender.com parse err: Unexpected token '<', "<!DOCTYPE "... is not valid JSON
[dp:wc] home.pl page=1 status=404 bodyLen=undefined
[dp:wc] spamhaus.org page=1 status=200 bodyLen=721566
[dp] brevo.com page=1 status=404 bodyLen=undefined
[dp:mg] weibo.com page=1 status=200 bodyLen=9152
[dp:wc] cpanel.com page=1 status=404 bodyLen=undefined
[dp] rudderstack.com page=1 status=404 bodyLen=undefined
[dp:wc] matomo.org page=1 status=404 bodyLen=undefined
[dp:wc] adswizz.com page=1 status=401 bodyLen=undefined
[dp:wc] suno.com page=1 status=200 bodyLen=225828
[dp:wc] one.one page=1 status=404 bodyLen=undefined
[deep-page] worker=4 stores=50 failed=0 products=368 by_platform={"shopify-html":16,"woocommerce-html":11,"schema-product":7,"magento-html":1,"shopify":2,"woocommerce":12,"magento":1}
[dp] lg.com page=1 status=404 bodyLen=undefined
[dp] haberler.com page=1 status=404 bodyLen=undefined
[dp] visualwebsiteoptimizer.com page=1 status=404 bodyLen=undefined
[dp:wc] shopee.ph page=1 status=200 bodyLen=165795
[dp:wc] mystrikingly.com page=1 status=200 bodyLen=123584
[dp] bybit.com page=1 status=0 bodyLen=undefined
[dp] hollywoodreporter.com page=1 status=404 bodyLen=undefined
[dp:wc] poshvine.com page=1 status=200 bodyLen=1339526
[dp] lastpass.com page=1 status=404 bodyLen=undefined
[dp] zapier.com page=1 status=404 bodyLen=undefined
[dp:wc] vidazoo.com page=1 status=200 bodyLen=612647
[dp:wc] paramountplus.com page=1 status=200 bodyLen=166760
[dp] acronis.com page=1 status=301 bodyLen=undefined
[dp:wc] mgid.com page=1 status=200 bodyLen=226717
[dp] trustindex.io page=1 status=200 bodyLen=91192
[dp] trustindex.io parse err: Unexpected token '<', "<!DOCTYPE "... is not valid JSON
[dp:wc] elementor.com page=1 status=404 bodyLen=undefined
[dp:wc] one.com page=1 status=404 bodyLen=undefined
[dp] sectigo.com page=1 status=503 bodyLen=undefined
[dp] mountain.com page=1 status=404 bodyLen=undefined
[dp:wc] ventraip.net.au page=1 status=404 bodyLen=undefined
[dp:wc] evergage.com page=1 status=200 bodyLen=570292
[dp:wc] web.app page=1 status=200 bodyLen=517185
[dp] cookieyes.com page=1 status=404 bodyLen=undefined
[dp:wc] amazonalexa.com page=1 status=200 bodyLen=839552
[dp] wistia.com page=1 status=404 bodyLen=undefined
[deep-page] worker=48 stores=75 failed=0 products=368 by_platform={"shopify-html":23,"woocommerce-html":14,"schema-product":13,"magento-html":1,"shopify":2,"woocommerce":21,"magento":1}
[dp:mg] elle.com page=1 status=404 bodyLen=undefined
[dp] intercomcdn.com page=1 status=404 bodyLen=undefined
[dp:wc] singular.net page=1 status=404 bodyLen=undefined
[dp:wc] flashbots.net page=1 status=200 bodyLen=195705
[dp:wc] hatena.ne.jp page=1 status=200 bodyLen=292670
[dp:mg] pavietnam.vn page=1 status=200 bodyLen=107
[dp:mg] cosmopolitan.com page=1 status=404 bodyLen=undefined
[dp:mg] esquire.com page=1 status=404 bodyLen=undefined
[dp:mg] mysecurecloudhost.com page=1 status=200 bodyLen=107
[dp:wc] guard.io page=1 status=200 bodyLen=354390
[dp] billboard.com page=1 status=404 bodyLen=undefined
[dp:wc] undertone.com page=1 status=200 bodyLen=612647
[dp:mg] goodhousekeeping.com page=1 status=404 bodyLen=undefined
[dp:wc] carnet.hr page=1 status=404 bodyLen=undefined
[dp] heise.de page=1 status=404 bodyLen=undefined
[dp] vanityfair.com page=1 status=404 bodyLen=undefined
[dp:wc] jb.gg page=1 status=200 bodyLen=47249
[dp] sephora.com page=1 status=403 bodyLen=undefined
[dp] vogue.com page=1 status=404 bodyLen=undefined
[dp] onlinepbx.ru page=1 status=404 bodyLen=undefined
[dp] crealitycloud.com page=1 status=404 bodyLen=undefined
[dp:wc] si.com page=1 status=404 bodyLen=undefined
[dp] hubspot.net page=1 status=404 bodyLen=undefined
[dp:wc] zemanta.com page=1 status=404 bodyLen=undefined
[dp:wc] vistarsagency.com page=1 status=404 bodyLen=undefined
[deep-page] worker=3 stores=100 failed=0 products=368 by_platform={"shopify-html":28,"woocommerce-html":19,"schema-product":17,"magento-html":5,"shopify":2,"woocommerce":26,"magento":3}
[dp] parallels.com page=1 status=301 bodyLen=undefined
[dp] demandbase.com page=1 status=404 bodyLen=undefined
[dp] mux.com page=1 status=404 bodyLen=undefined
[dp] malwarebytes.com page=1 status=404 bodyLen=undefined
[dp] razorpay.com page=1 status=404 bodyLen=undefined
[dp:wc] inmotionhosting.com page=1 status=401 bodyLen=undefined
[dp] claude.com page=1 status=404 bodyLen=undefined
[dp:wc] lazada.co.id page=1 status=200 bodyLen=81278
[dp] postman.com page=1 status=404 bodyLen=undefined
[dp:bc] digitaltrends.com page=1 status=404 bodyLen=undefined
[dp] comodoca.com page=1 status=404 bodyLen=undefined
[dp] dashlane.com page=1 status=404 bodyLen=undefined
[dp:wc] newsbreak.com page=1 status=200 bodyLen=602382
[dp:wc] honor.com page=1 status=200 bodyLen=511440
[dp] economictimes.com page=1 status=404 bodyLen=undefined
[dp:mg] popularmechanics.com page=1 status=404 bodyLen=undefined
[dp:wc] lazada.com.ph page=1 status=200 bodyLen=77850
[dp:wc] permutive.com page=1 status=404 bodyLen=undefined
[dp:wc] shawcable.net page=1 status=200 bodyLen=269657
[dp:wc] ampproject.net page=1 status=200 bodyLen=137586
[dp] zimperium.com page=1 status=404 bodyLen=undefined
[dp] honeywell.com page=1 status=404 bodyLen=undefined
[dp:mg] stashaway.com page=1 status=200 bodyLen=15
[dp] ipapi.co page=1 status=200 bodyLen=104469
[dp] ipapi.co parse err: Unexpected token '<', "

<!DOCTYPE "... is not valid JSON
[dp] isc.org page=1 status=404 bodyLen=undefined
[deep-page] worker=41 stores=125 failed=0 products=368 by_platform={"shopify-html":32,"woocommerce-html":21,"schema-product":27,"magento-html":6,"shopify":2,"woocommerce":32,"magento":4,"bigcommerce-html":1}
[dp:wc] webgo.de page=1 status=404 bodyLen=undefined
[dp] ninjarmm.com page=1 status=200 bodyLen=392226
[dp] ninjarmm.com parse err: Unexpected token '<', "<!doctype "... is not valid JSON
[dp:wc] chrome.com page=1 status=200 bodyLen=464298
[dp:wc] loopia.se page=1 status=404 bodyLen=undefined
[dp:wc] ktalk.ru page=1 status=403 bodyLen=undefined
[dp:wc] lazada.sg page=1 status=200 bodyLen=77634
[dp] estadao.com.br page=1 status=403 bodyLen=undefined
[dp] buymeacoffee.com page=1 status=404 bodyLen=undefined
[dp] alltrails.com page=1 status=403 bodyLen=undefined
[dp] livechat.com page=1 status=404 bodyLen=undefined
[dp:mg] hoster.ru page=1 status=404 bodyLen=undefined
[dp] zscaler.com page=1 status=404 bodyLen=undefined
[dp:wc] ionos.de page=1 status=404 bodyLen=undefined
[dp:mg] menshealth.com page=1 status=404 bodyLen=undefined
[dp] xero.com page=1 status=404 bodyLen=undefined
[dp:wc] sueddeutsche.de page=1 status=200 bodyLen=2176535
[dp:mg] doxygen.org page=1 status=200 bodyLen=107
[dp] lovable.dev page=1 status=404 bodyLen=undefined
[dp] sproutsocial.com page=1 status=404 bodyLen=undefined
[dp] vistaprint.com page=1 status=404 bodyLen=undefined
[dp] adspower.net page=1 status=200 bodyLen=24527
[dp] adspower.net parse err: Unexpected token '<', "<!DOCTYPE "... is not valid JSON
[dp] pushwoosh.com page=1 status=404 bodyLen=undefined
[dp:wc] a2hosting.com page=1 status=200 bodyLen=286815
[dp:wc] dinahosting.com page=1 status=404 bodyLen=undefined
[dp:wc] strato.de page=1 status=404 bodyLen=undefined
[deep-page] worker=37 stores=150 failed=0 products=368 by_platform={"shopify-html":40,"woocommerce-html":26,"schema-product":31,"magento-html":8,"shopify":2,"woocommerce":37,"magento":5,"bigcommerce-html":1}
[dp] growthbook.io page=1 status=404 bodyLen=undefined
[dp] gq.com page=1 status=404 bodyLen=undefined
[dp:mg] caranddriver.com page=1 status=404 bodyLen=undefined
[dp:wc] foxsports.com page=1 status=200 bodyLen=1052093
[dp:wc] travelaudience.com page=1 status=404 bodyLen=undefined
[dp] etrade.com page=1 status=200 bodyLen=14525
[dp] etrade.com parse err: Unexpected token '<', "<!doctype "... is not valid JSON
[dp:wc] tradedoubler.com page=1 status=200 bodyLen=1790538
[dp] complianz.io page=1 status=404 bodyLen=undefined
[dp:wc] 4shared.com page=1 status=200 bodyLen=51132
[dp] tomsguide.com page=1 status=301 bodyLen=undefined
[dp] sapphireonline.pk page=1 status=404 bodyLen=undefined
[dp:wc] wetteronline.de page=1 status=200 bodyLen=41552
[dp:wc] lovable.app page=1 status=200 bodyLen=402382
[dp:wc] zazzle.com page=1 status=200 bodyLen=1238268
[dp] xe.com page=1 status=404 bodyLen=undefined
[dp:wc] servidoresdns.net page=1 status=404 bodyLen=undefined
[dp] consentmanager.net page=1 status=200 bodyLen=259945
[dp] consentmanager.net parse err: Unexpected token '<', "<!DOCTYPE "... is not valid JSON
[dp] evidon.com page=1 status=200 bodyLen=40992
[dp] evidon.com parse err: Unexpected token '<', "<!doctype "... is not valid JSON
[dp:wc] register.it page=1 status=200 bodyLen=87464
[dp:mg] alidns.com page=1 status=0 bodyLen=undefined
[dp] mailchi.mp page=1 status=0 bodyLen=undefined
[dp] urbandictionary.com page=1 status=404 bodyLen=undefined
[deep-page] DONE: {"stores_processed":172,"stores_failed":0,"total_products":368,"by_platform":{"shopify-html":48,"woocommerce-html":29,"schema-product":34,"magento-html":9,"shopify":2,"woocommerce":43,"magento":6,"bigcommerce-html":1},"started_at":"2026-06-11T11:11:06.731Z","finished_at":"2026-06-11T11:11:26.105Z","output_rows":368}
[Thu Jun 11 11:11:26 UTC 2026] Cursor 5000: 368 products extracted
[ingest-daemon] {"ts":"2026-06-11T11:11:27.820Z","file":"products_cursor_5000.ndjson.processing.ndjson","rows":368,"written":0,"fabricated":true,"fabrication_share":{"zeroPriceShare":0.45652173913043476,"nullImageShare":0.6440217391304348,"nullSkuShare":0,"emptyTitleShare":0},"elapsed_ms":10,"rows_per_sec":0}
[Thu Jun 11 11:11:27 UTC 2026] Cursor 5000: ingested 368 (session cumulative: 368)
[Thu Jun 11 11:11:29 UTC 2026] Cursor 5000 batch 2: 5000 domains (lines 5001-10000)
[prefilter] input=/tmp/loop_split_5000_5.txt domains=1000 concurrency=100
[prefilter] input=/tmp/loop_split_5000_4.txt domains=999 concurrency=100
[prefilter] input=/tmp/loop_split_5000_1.txt domains=990 concurrency=100
[prefilter] input=/tmp/loop_split_5000_2.txt domains=998 concurrency=100
[prefilter] input=/tmp/loop_split_5000_3.txt domains=999 concurrency=100
[prefilter] worker=95 checked=50/1000 passed=2 failed=48 by_platform={"woocommerce":1,"woocommerce-html":1}
[prefilter] worker=32 checked=100/1000 passed=4 failed=96 by_platform={"woocommerce":2,"woocommerce-html":1,"magento":1}
[prefilter] worker=93 checked=50/999 passed=2 failed=48 by_platform={"woocommerce-html":1,"woocommerce":1}
[prefilter] worker=82 checked=50/990 passed=3 failed=47 by_platform={"shopify":1,"woocommerce-html":1,"woocommerce":1}
[prefilter] worker=37 checked=150/1000 passed=5 failed=145 by_platform={"woocommerce":3,"woocommerce-html":1,"magento":1}
[prefilter] worker=47 checked=50/998 passed=2 failed=48 by_platform={"shopify-html":1,"schema-product":1}
[prefilter] worker=16 checked=100/990 passed=5 failed=95 by_platform={"shopify":1,"woocommerce-html":2,"woocommerce":1,"shopify-html":1}
[prefilter] worker=38 checked=100/999 passed=6 failed=94 by_platform={"woocommerce-html":1,"woocommerce":3,"shopify-html":1,"schema-product":1}
[prefilter] worker=38 checked=150/990 passed=9 failed=141 by_platform={"shopify":1,"woocommerce-html":2,"woocommerce":2,"shopify-html":3,"magento-html":1}
[prefilter] worker=71 checked=150/999 passed=8 failed=142 by_platform={"woocommerce-html":3,"woocommerce":3,"shopify-html":1,"schema-product":1}
[prefilter] worker=33 checked=200/990 passed=11 failed=189 by_platform={"shopify":1,"woocommerce-html":2,"woocommerce":2,"shopify-html":3,"magento-html":1,"schema-product":2}
[prefilter] worker=88 checked=250/990 passed=16 failed=234 by_platform={"shopify":1,"woocommerce-html":2,"woocommerce":5,"shopify-html":3,"magento-html":1,"schema-product":4}
[prefilter] worker=25 checked=50/999 passed=0 failed=50 by_platform={}
[prefilter] worker=43 checked=200/999 passed=10 failed=190 by_platform={"woocommerce-html":3,"woocommerce":3,"shopify-html":3,"schema-product":1}
[prefilter] worker=27 checked=100/999 passed=0 failed=100 by_platform={}
[prefilter] worker=9 checked=200/1000 passed=7 failed=193 by_platform={"woocommerce":3,"woocommerce-html":1,"magento":1,"magento-html":2}
[prefilter] worker=48 checked=300/990 passed=19 failed=281 by_platform={"shopify":1,"woocommerce-html":2,"woocommerce":7,"shopify-html":3,"magento-html":1,"schema-product":4,"magento":1}
[prefilter] worker=79 checked=100/998 passed=2 failed=98 by_platform={"shopify-html":1,"schema-product":1}
[prefilter] worker=93 checked=250/1000 passed=7 failed=243 by_platform={"woocommerce":3,"woocommerce-html":1,"magento":1,"magento-html":2}
[prefilter] worker=47 checked=150/998 passed=2 failed=148 by_platform={"shopify-html":1,"schema-product":1}
[prefilter] worker=28 checked=250/999 passed=10 failed=240 by_platform={"woocommerce-html":3,"woocommerce":3,"shopify-html":3,"schema-product":1}
[prefilter] worker=28 checked=350/990 passed=19 failed=331 by_platform={"shopify":1,"woocommerce-html":2,"woocommerce":7,"shopify-html":3,"magento-html":1,"schema-product":4,"magento":1}
[prefilter] worker=67 checked=400/990 passed=22 failed=378 by_platform={"shopify":1,"woocommerce-html":3,"woocommerce":8,"shopify-html":4,"magento-html":1,"schema-product":4,"magento":1}
[prefilter] worker=93 checked=150/999 passed=0 failed=150 by_platform={}
[prefilter] worker=26 checked=300/999 passed=10 failed=290 by_platform={"woocommerce-html":3,"woocommerce":3,"shopify-html":3,"schema-product":1}
[prefilter] worker=6 checked=200/999 passed=0 failed=200 by_platform={}
[prefilter] worker=39 checked=300/1000 passed=7 failed=293 by_platform={"woocommerce":3,"woocommerce-html":1,"magento":1,"magento-html":2}
[prefilter] worker=8 checked=450/990 passed=26 failed=424 by_platform={"shopify":1,"woocommerce-html":4,"woocommerce":8,"shopify-html":7,"magento-html":1,"schema-product":4,"magento":1}
[prefilter] worker=90 checked=200/998 passed=2 failed=198 by_platform={"shopify-html":1,"schema-product":1}
[prefilter] worker=37 checked=350/1000 passed=7 failed=343 by_platform={"woocommerce":3,"woocommerce-html":1,"magento":1,"magento-html":2}
[prefilter] worker=52 checked=250/998 passed=2 failed=248 by_platform={"shopify-html":1,"schema-product":1}
[prefilter] worker=28 checked=350/999 passed=10 failed=340 by_platform={"woocommerce-html":3,"woocommerce":3,"shopify-html":3,"schema-product":1}
[prefilter] worker=91 checked=250/999 passed=1 failed=249 by_platform={"woocommerce-html":1}
[prefilter] worker=45 checked=500/990 passed=27 failed=473 by_platform={"shopify":1,"woocommerce-html":4,"woocommerce":9,"shopify-html":7,"magento-html":1,"schema-product":4,"magento":1}
[prefilter] worker=21 checked=300/999 passed=1 failed=299 by_platform={"woocommerce-html":1}
[prefilter] worker=99 checked=300/998 passed=3 failed=297 by_platform={"shopify-html":2,"schema-product":1}
[prefilter] worker=78 checked=350/999 passed=2 failed=348 by_platform={"woocommerce-html":1,"magento-html":1}
[prefilter] worker=14 checked=400/999 passed=10 failed=390 by_platform={"woocommerce-html":3,"woocommerce":3,"shopify-html":3,"schema-product":1}
[prefilter] worker=9 checked=400/1000 passed=7 failed=393 by_platform={"woocommerce":3,"woocommerce-html":1,"magento":1,"magento-html":2}
[prefilter] worker=86 checked=550/990 passed=27 failed=523 by_platform={"shopify":1,"woocommerce-html":4,"woocommerce":9,"shopify-html":7,"magento-html":1,"schema-product":4,"magento":1}
[prefilter] worker=50 checked=400/999 passed=7 failed=393 by_platform={"woocommerce-html":1,"magento-html":1,"shopify-html":2,"shopify":1,"schema-product":1,"woocommerce":1}
[prefilter] worker=74 checked=350/998 passed=8 failed=342 by_platform={"shopify-html":6,"schema-product":1,"woocommerce-html":1}
[prefilter] worker=21 checked=450/999 passed=12 failed=438 by_platform={"woocommerce-html":2,"magento-html":1,"shopify-html":3,"shopify":1,"schema-product":1,"woocommerce":4}
[prefilter] worker=8 checked=450/1000 passed=7 failed=443 by_platform={"woocommerce":3,"woocommerce-html":1,"magento":1,"magento-html":2}
[prefilter] worker=50 checked=500/999 passed=14 failed=486 by_platform={"woocommerce-html":3,"magento-html":1,"shopify-html":4,"shopify":1,"schema-product":1,"woocommerce":4}
[prefilter] worker=73 checked=500/1000 passed=9 failed=491 by_platform={"woocommerce":3,"woocommerce-html":2,"magento":1,"magento-html":2,"shopify-html":1}
[prefilter] worker=83 checked=400/998 passed=10 failed=390 by_platform={"shopify-html":7,"schema-product":1,"woocommerce-html":1,"bigcommerce-html":1}
[prefilter] worker=28 checked=450/999 passed=10 failed=440 by_platform={"woocommerce-html":3,"woocommerce":3,"shopify-html":3,"schema-product":1}
[prefilter] worker=6 checked=550/999 passed=17 failed=533 by_platform={"woocommerce-html":4,"magento-html":1,"shopify-html":4,"shopify":1,"schema-product":2,"woocommerce":5}
[prefilter] worker=73 checked=450/998 passed=13 failed=437 by_platform={"shopify-html":8,"schema-product":1,"woocommerce-html":2,"bigcommerce-html":1,"woocommerce":1}
[prefilter] worker=45 checked=600/990 passed=27 failed=573 by_platform={"shopify":1,"woocommerce-html":4,"woocommerce":9,"shopify-html":7,"magento-html":1,"schema-product":4,"magento":1}
[prefilter] worker=67 checked=600/999 passed=18 failed=582 by_platform={"woocommerce-html":5,"magento-html":1,"shopify-html":4,"shopify":1,"schema-product":2,"woocommerce":5}
[prefilter] worker=26 checked=500/999 passed=10 failed=490 by_platform={"woocommerce-html":3,"woocommerce":3,"shopify-html":3,"schema-product":1}
[prefilter] worker=3 checked=650/999 passed=18 failed=632 by_platform={"woocommerce-html":5,"magento-html":1,"shopify-html":4,"shopify":1,"schema-product":2,"woocommerce":5}
[prefilter] worker=13 checked=650/990 passed=27 failed=623 by_platform={"shopify":1,"woocommerce-html":4,"woocommerce":9,"shopify-html":7,"magento-html":1,"schema-product":4,"magento":1}
[prefilter] worker=72 checked=500/998 passed=13 failed=487 by_platform={"shopify-html":8,"schema-product":1,"woocommerce-html":2,"bigcommerce-html":1,"woocommerce":1}
[prefilter] worker=34 checked=700/999 passed=19 failed=681 by_platform={"woocommerce-html":5,"magento-html":1,"shopify-html":4,"shopify":1,"schema-product":2,"woocommerce":6}
[prefilter] worker=64 checked=550/1000 passed=11 failed=539 by_platform={"woocommerce":4,"woocommerce-html":3,"magento":1,"magento-html":2,"shopify-html":1}
[prefilter] worker=50 checked=750/999 passed=22 failed=728 by_platform={"woocommerce-html":5,"magento-html":2,"shopify-html":4,"shopify":3,"schema-product":2,"woocommerce":6}
[prefilter] worker=40 checked=700/990 passed=27 failed=673 by_platform={"shopify":1,"woocommerce-html":4,"woocommerce":9,"shopify-html":7,"magento-html":1,"schema-product":4,"magento":1}
[prefilter] worker=15 checked=600/1000 passed=11 failed=589 by_platform={"woocommerce":4,"woocommerce-html":3,"magento":1,"magento-html":2,"shopify-html":1}
[prefilter] worker=22 checked=800/999 passed=22 failed=778 by_platform={"woocommerce-html":5,"magento-html":2,"shopify-html":4,"shopify":3,"schema-product":2,"woocommerce":6}
[prefilter] worker=28 checked=550/999 passed=10 failed=540 by_platform={"woocommerce-html":3,"woocommerce":3,"shopify-html":3,"schema-product":1}
[prefilter] worker=32 checked=550/998 passed=13 failed=537 by_platform={"shopify-html":8,"schema-product":1,"woocommerce-html":2,"bigcommerce-html":1,"woocommerce":1}
[prefilter] worker=76 checked=750/990 passed=27 failed=723 by_platform={"shopify":1,"woocommerce-html":4,"woocommerce":9,"shopify-html":7,"magento-html":1,"schema-product":4,"magento":1}
[prefilter] worker=25 checked=800/990 passed=28 failed=772 by_platform={"shopify":1,"woocommerce-html":4,"woocommerce":9,"shopify-html":8,"magento-html":1,"schema-product":4,"magento":1}
[prefilter] worker=86 checked=850/999 passed=23 failed=827 by_platform={"woocommerce-html":5,"magento-html":2,"shopify-html":4,"shopify":3,"schema-product":3,"woocommerce":6}
[prefilter] worker=34 checked=600/998 passed=13 failed=587 by_platform={"shopify-html":8,"schema-product":1,"woocommerce-html":2,"bigcommerce-html":1,"woocommerce":1}
[prefilter] worker=14 checked=600/999 passed=10 failed=590 by_platform={"woocommerce-html":3,"woocommerce":3,"shopify-html":3,"schema-product":1}
[prefilter] worker=81 checked=650/998 passed=18 failed=632 by_platform={"shopify-html":10,"schema-product":3,"woocommerce-html":2,"bigcommerce-html":1,"woocommerce":1,"magento":1}
[prefilter] worker=33 checked=700/998 passed=22 failed=678 by_platform={"shopify-html":10,"schema-product":3,"woocommerce-html":5,"bigcommerce-html":1,"woocommerce":1,"magento":1,"magento-html":1}
[prefilter] worker=24 checked=850/990 passed=28 failed=822 by_platform={"shopify":1,"woocommerce-html":4,"woocommerce":9,"shopify-html":8,"magento-html":1,"schema-product":4,"magento":1}
[prefilter] worker=88 checked=900/999 passed=23 failed=877 by_platform={"woocommerce-html":5,"magento-html":2,"shopify-html":4,"shopify":3,"schema-product":3,"woocommerce":6}
[prefilter] worker=64 checked=650/1000 passed=11 failed=639 by_platform={"woocommerce":4,"woocommerce-html":3,"magento":1,"magento-html":2,"shopify-html":1}
[prefilter] worker=36 checked=750/998 passed=24 failed=726 by_platform={"shopify-html":12,"schema-product":3,"woocommerce-html":5,"bigcommerce-html":1,"woocommerce":1,"magento":1,"magento-html":1}
[prefilter] worker=11 checked=950/999 passed=26 failed=924 by_platform={"woocommerce-html":6,"magento-html":2,"shopify-html":4,"shopify":3,"schema-product":4,"woocommerce":6,"magento":1}
[prefilter] worker=90 checked=900/990 passed=28 failed=872 by_platform={"shopify":1,"woocommerce-html":4,"woocommerce":9,"shopify-html":8,"magento-html":1,"schema-product":4,"magento":1}
[prefilter] worker=31 checked=800/998 passed=25 failed=775 by_platform={"shopify-html":12,"schema-product":3,"woocommerce-html":5,"bigcommerce-html":1,"woocommerce":2,"magento":1,"magento-html":1}
[prefilter] worker=15 checked=700/1000 passed=11 failed=689 by_platform={"woocommerce":4,"woocommerce-html":3,"magento":1,"magento-html":2,"shopify-html":1}
[prefilter] worker=28 checked=650/999 passed=10 failed=640 by_platform={"woocommerce-html":3,"woocommerce":3,"shopify-html":3,"schema-product":1}
[prefilter] worker=77 checked=850/998 passed=27 failed=823 by_platform={"shopify-html":13,"schema-product":3,"woocommerce-html":5,"bigcommerce-html":1,"woocommerce":3,"magento":1,"magento-html":1}
[prefilter] worker=70 checked=900/998 passed=29 failed=871 by_platform={"shopify-html":14,"schema-product":3,"woocommerce-html":5,"bigcommerce-html":1,"woocommerce":3,"magento":1,"magento-html":2}
[prefilter] worker=5 checked=950/998 passed=32 failed=918 by_platform={"shopify-html":16,"schema-product":4,"woocommerce-html":5,"bigcommerce-html":1,"woocommerce":3,"magento":1,"magento-html":2}
[prefilter] worker=29 checked=950/990 passed=32 failed=918 by_platform={"shopify":1,"woocommerce-html":4,"woocommerce":9,"shopify-html":10,"magento-html":1,"schema-product":6,"magento":1}
[prefilter] worker=83 checked=700/999 passed=10 failed=690 by_platform={"woocommerce-html":3,"woocommerce":3,"shopify-html":3,"schema-product":1}
[prefilter] worker=58 checked=999/999 passed=28 failed=971 by_platform={"woocommerce-html":7,"magento-html":3,"shopify-html":4,"shopify":3,"schema-product":4,"woocommerce":6,"magento":1}
[prefilter] done: {"checked":999,"passed":28,"failed":971,"by_platform":{"woocommerce-html":7,"magento-html":3,"shopify-html":4,"shopify":3,"schema-product":4,"woocommerce":6,"magento":1},"started_at":"2026-06-11T11:11:30.109Z","finished_at":"2026-06-11T11:15:54.899Z","output":"data/discovery_2026-06-11/prefilter_parallel/cursor_5000/split4.ndjson","output_rows":28}
[prefilter] worker=64 checked=750/1000 passed=11 failed=739 by_platform={"woocommerce":4,"woocommerce-html":3,"magento":1,"magento-html":2,"shopify-html":1}
[prefilter] worker=77 checked=800/1000 passed=11 failed=789 by_platform={"woocommerce":4,"woocommerce-html":3,"magento":1,"magento-html":2,"shopify-html":1}
[prefilter] worker=1 checked=990/990 passed=32 failed=958 by_platform={"shopify":1,"woocommerce-html":4,"woocommerce":9,"shopify-html":10,"magento-html":1,"schema-product":6,"magento":1}
[prefilter] done: {"checked":990,"passed":32,"failed":958,"by_platform":{"shopify":1,"woocommerce-html":4,"woocommerce":9,"shopify-html":10,"magento-html":1,"schema-product":6,"magento":1},"started_at":"2026-06-11T11:11:30.112Z","finished_at":"2026-06-11T11:16:06.963Z","output":"data/discovery_2026-06-11/prefilter_parallel/cursor_5000/split1.ndjson","output_rows":32}
[prefilter] worker=28 checked=750/999 passed=10 failed=740 by_platform={"woocommerce-html":3,"woocommerce":3,"shopify-html":3,"schema-product":1}
[prefilter] worker=63 checked=998/998 passed=32 failed=966 by_platform={"shopify-html":16,"schema-product":4,"woocommerce-html":5,"bigcommerce-html":1,"woocommerce":3,"magento":1,"magento-html":2}
[prefilter] done: {"checked":998,"passed":32,"failed":966,"by_platform":{"shopify-html":16,"schema-product":4,"woocommerce-html":5,"bigcommerce-html":1,"woocommerce":3,"magento":1,"magento-html":2},"started_at":"2026-06-11T11:11:30.121Z","finished_at":"2026-06-11T11:16:17.396Z","output":"data/discovery_2026-06-11/prefilter_parallel/cursor_5000/split2.ndjson","output_rows":32}
[prefilter] worker=14 checked=800/999 passed=10 failed=790 by_platform={"woocommerce-html":3,"woocommerce":3,"shopify-html":3,"schema-product":1}
[prefilter] worker=64 checked=850/1000 passed=11 failed=839 by_platform={"woocommerce":4,"woocommerce-html":3,"magento":1,"magento-html":2,"shopify-html":1}
[prefilter] worker=96 checked=900/1000 passed=11 failed=889 by_platform={"woocommerce":4,"woocommerce-html":3,"magento":1,"magento-html":2,"shopify-html":1}
[prefilter] worker=28 checked=850/999 passed=10 failed=840 by_platform={"woocommerce-html":3,"woocommerce":3,"shopify-html":3,"schema-product":1}
[prefilter] worker=26 checked=900/999 passed=10 failed=890 by_platform={"woocommerce-html":3,"woocommerce":3,"shopify-html":3,"schema-product":1}
[prefilter] worker=64 checked=950/1000 passed=11 failed=939 by_platform={"woocommerce":4,"woocommerce-html":3,"magento":1,"magento-html":2,"shopify-html":1}
[prefilter] worker=15 checked=1000/1000 passed=11 failed=989 by_platform={"woocommerce":4,"woocommerce-html":3,"magento":1,"magento-html":2,"shopify-html":1}
[prefilter] done: {"checked":1000,"passed":11,"failed":989,"by_platform":{"woocommerce":4,"woocommerce-html":3,"magento":1,"magento-html":2,"shopify-html":1},"started_at":"2026-06-11T11:11:30.105Z","finished_at":"2026-06-11T11:17:29.384Z","output":"data/discovery_2026-06-11/prefilter_parallel/cursor_5000/split5.ndjson","output_rows":11}
[prefilter] worker=28 checked=950/999 passed=10 failed=940 by_platform={"woocommerce-html":3,"woocommerce":3,"shopify-html":3,"schema-product":1}
[prefilter] worker=43 checked=999/999 passed=10 failed=989 by_platform={"woocommerce-html":3,"woocommerce":3,"shopify-html":3,"schema-product":1}
[prefilter] done: {"checked":999,"passed":10,"failed":989,"by_platform":{"woocommerce-html":3,"woocommerce":3,"shopify-html":3,"schema-product":1},"started_at":"2026-06-11T11:11:30.159Z","finished_at":"2026-06-11T11:17:52.408Z","output":"data/discovery_2026-06-11/prefilter_parallel/cursor_5000/split3.ndjson","output_rows":10}
[Thu Jun 11 11:18:03 UTC 2026] Cursor 5000: 113 stores passed prefilter
[deep-page] input records=113 ecom=113 by_platform={"shopify":4,"woocommerce-html":22,"woocommerce":25,"shopify-html":34,"magento-html":8,"schema-product":15,"magento":4,"bigcommerce-html":1} concurrency=50
[dp] jbhifi.com.au page=1 status=429 bodyLen=undefined
[dp] wyze.com page=1 status=429 bodyLen=undefined
[dp:wc] codecanyon.net page=1 status=403 bodyLen=undefined
[dp] salesmartly.com page=1 status=404 bodyLen=undefined
[dp:wc] itunes.com page=1 status=200 bodyLen=135676
[dp] framer.com page=1 status=404 bodyLen=undefined
[dp:mg] imunify360.com page=1 status=200 bodyLen=107
[dp] bambuser.com page=1 status=404 bodyLen=undefined
[dp] wired.co.uk page=1 status=404 bodyLen=undefined
[dp] shareasale.com page=1 status=200 bodyLen=147674
[dp] shareasale.com parse err: Unexpected token '<', "<!DOCTYPE "... is not valid JSON
[dp] karte.io page=1 status=404 bodyLen=undefined
[dp] sniffies.com page=1 status=200 bodyLen=230564
[dp] sniffies.com parse err: Unexpected token '<', "<!doctype "... is not valid JSON
[dp:wc] apple.co page=1 status=200 bodyLen=258465
[dp:wc] jetbrains.ai page=1 status=200 bodyLen=44720
[dp:wc] go-vip.net page=1 status=200 bodyLen=247572
[dp:wc] codedish.co page=1 status=404 bodyLen=undefined
[dp:wc] qodeinteractive.com page=1 status=404 bodyLen=undefined
[dp:bc] contentful.com page=1 status=404 bodyLen=undefined
[dp:wc] puma.com page=1 status=200 bodyLen=1102657
[dp] tally.so page=1 status=404 bodyLen=undefined
[dp] tailwindcss.com page=1 status=404 bodyLen=undefined
[dp:mg] womenshealthmag.com page=1 status=404 bodyLen=undefined
[dp] frontapp.com page=1 status=404 bodyLen=undefined
[dp] stripecdn.com page=1 status=200 bodyLen=0
[dp] stripecdn.com parse err: Unexpected end of JSON input
[dp] sumup.com page=1 status=404 bodyLen=undefined
[dp] cntraveler.com page=1 status=404 bodyLen=undefined
[dp] architecturaldigest.com page=1 status=404 bodyLen=undefined
[deep-page] worker=3 stores=25 failed=0 products=0 by_platform={"woocommerce-html":4,"shopify-html":11,"woocommerce":4,"magento":1,"bigcommerce-html":1,"schema-product":3,"magento-html":1}
[dp:wc] ngrok.io page=1 status=200 bodyLen=321098
[dp] athemes.com page=1 status=404 bodyLen=undefined
[dp:wc] steamrip.com page=1 status=403 bodyLen=undefined
[dp:wc] halodoc.com page=1 status=200 bodyLen=166451
[dp:mg] delish.com page=1 status=404 bodyLen=undefined
[dp:wc] threatdown.com page=1 status=404 bodyLen=undefined
[dp] aihelp.net page=1 status=404 bodyLen=undefined
[dp] vanityfair.it page=1 status=404 bodyLen=undefined
[dp] daisonet.com page=1 status=429 bodyLen=undefined
[dp:wc] ipsos.com page=1 status=200 bodyLen=51843
[dp] datagrail.io page=1 status=404 bodyLen=undefined
[dp:wc] catchthemes.com page=1 status=404 bodyLen=undefined
[dp:wc] amarujala.com page=1 status=200 bodyLen=740588
[dp] glamour.com page=1 status=404 bodyLen=undefined
[dp:wc] matomo.cloud page=1 status=200 bodyLen=154002
[dp:mg] biography.com page=1 status=404 bodyLen=undefined
[dp] pitchfork.com page=1 status=404 bodyLen=undefined
[dp:wc] theonion.com page=1 status=404 bodyLen=undefined
[dp:wc] avs.io page=1 status=200 bodyLen=740040
[dp:wc] websitedemos.net page=1 status=404 bodyLen=undefined
[dp] mango-office.ru page=1 status=404 bodyLen=undefined
[dp] boat-lifestyle.com page=1 status=429 bodyLen=undefined
[dp] vhx.tv page=1 status=404 bodyLen=undefined
[dp] uline.com page=1 status=404 bodyLen=undefined
[dp:wc] bom.gov.au page=1 status=403 bodyLen=undefined
[dp] fineartamerica.com page=1 status=404 bodyLen=undefined
[dp] hextom.com page=1 status=403 bodyLen=undefined
[deep-page] worker=13 stores=50 failed=0 products=0 by_platform={"woocommerce-html":9,"shopify-html":19,"woocommerce":11,"magento":1,"bigcommerce-html":1,"schema-product":6,"magento-html":3}
[dp:wc] polyspeak.ai page=1 status=200 bodyLen=142912
[dp] ves.io page=1 status=200 bodyLen=553958
[dp] ves.io parse err: Unexpected token '<', "<!DOCTYPE "... is not valid JSON
[dp] linksys.com page=1 status=200 bodyLen=15
[dp] linksys.com no products
[dp] flexport.com page=1 status=404 bodyLen=undefined
[dp:wc] singaporeair.com page=1 status=404 bodyLen=undefined
[dp:wc] liquidweb.com page=1 status=404 bodyLen=undefined
[dp:wc] lazada.com.my page=1 status=200 bodyLen=82020
[dp] igvita.com page=1 status=404 bodyLen=undefined
[dp] usmagazine.com page=1 status=404 bodyLen=undefined
[dp:mg] apollopharmacy.in page=1 status=404 bodyLen=undefined
[dp:mg] wordstream.com page=1 status=200 bodyLen=107
[dp] blueconic.net page=1 status=404 bodyLen=undefined
[dp:mg] learncbse.in page=1 status=200 bodyLen=107
[dp] but.fr page=1 status=403 bodyLen=undefined
[dp:wc] d21.team page=1 status=200 bodyLen=10192
[dp:wc] erothots1.com page=1 status=429 bodyLen=undefined
[dp] rudderlabs.com page=1 status=404 bodyLen=undefined
[dp] ecobee.com page=1 status=404 bodyLen=undefined
[dp] syndigo.com page=1 status=404 bodyLen=undefined
[dp:wc] pornhits.com page=1 status=200 bodyLen=882445
[dp] powerreviews.com page=1 status=404 bodyLen=undefined
[dp:wc] turbify.com page=1 status=200 bodyLen=18416
[dp:wc] pair.com page=1 status=404 bodyLen=undefined
[dp:wc] rnp.br page=1 status=404 bodyLen=undefined
[dp] sleepfoundation.org page=1 status=404 bodyLen=undefined
[dp:wc] spiceworks.com page=1 status=401 bodyLen=undefined
[deep-page] worker=15 stores=75 failed=0 products=0 by_platform={"woocommerce-html":15,"shopify-html":25,"woocommerce":15,"magento":3,"bigcommerce-html":1,"schema-product":11,"magento-html":4,"shopify":1}
[dp:wc] lek-manga.net page=1 status=404 bodyLen=undefined
[dp:wc] xskt.com.vn page=1 status=200 bodyLen=24859
[dp:wc] mobizil.com page=1 status=404 bodyLen=undefined
[dp] saya.pk page=1 status=200 bodyLen=1851381
[dp] anker.com page=1 status=404 bodyLen=undefined
[dp] piwik.pro page=1 status=200 bodyLen=200020
[dp] piwik.pro parse err: Unexpected token '<', "<!DOCTYPE "... is not valid JSON
[dp:wc] storysaver.net page=1 status=200 bodyLen=13630
[dp] provenexpert.com page=1 status=410 bodyLen=undefined
[dp] vlr.gg page=1 status=404 bodyLen=undefined
[dp:wc] dan.com page=1 status=200 bodyLen=127016
[dp] minepi.com page=1 status=200 bodyLen=170504
[dp] minepi.com parse err: Unexpected token '<', "<!doctype "... is not valid JSON
[dp] evri.com page=1 status=200 bodyLen=360360
[dp] evri.com parse err: Unexpected token '<', "<!DOCTYPE "... is not valid JSON
[dp:wc] erothots.co page=1 status=429 bodyLen=undefined
[dp:mg] druni.es page=1 status=406 bodyLen=undefined
[dp:wc] thenkiri.com page=1 status=404 bodyLen=undefined
[dp:wc] fnn.jp page=1 status=200 bodyLen=148833
[dp:mg] brstej.com page=1 status=200 bodyLen=1043524
[dp:wc] seaart.ai page=1 status=200 bodyLen=450854
[dp:wc] 8888.bg page=1 status=200 bodyLen=347140
[dp:mg] gpb.ru page=1 status=200 bodyLen=74
[dp:wc] boomtrain.com page=1 status=200 bodyLen=157841
[dp] sendinblue.com page=1 status=404 bodyLen=undefined
[dp] parismatch.com page=1 status=404 bodyLen=undefined
[dp:wc] hostnet.nl page=1 status=404 bodyLen=undefined
[dp] jbhifi.com.au page=1 status=429 bodyLen=undefined
[dp] wyze.com page=1 status=429 bodyLen=undefined
[dp:wc] mywellness.com page=1 status=200 bodyLen=842043
[dp] techsmith.com page=1 status=200 bodyLen=391385
[dp] techsmith.com parse err: Unexpected token '<', "<!DOCTYPE "... is not valid JSON
[deep-page] worker=31 stores=100 failed=0 products=200 by_platform={"woocommerce-html":19,"shopify-html":31,"woocommerce":23,"magento":4,"bigcommerce-html":1,"schema-product":15,"magento-html":6,"shopify":1}
[dp:wc] namirial.it page=1 status=401 bodyLen=undefined
[dp] daisonet.com page=1 status=429 bodyLen=undefined
[dp:mg] truper.com page=1 status=200 bodyLen=36558
[dp] boat-lifestyle.com page=1 status=429 bodyLen=undefined
[dp:mg] net-empregos.com page=1 status=200 bodyLen=129449
[dp:wc] erothots1.com page=1 status=429 bodyLen=undefined
[dp] leadsquared.com page=1 status=200 bodyLen=358848
[dp] leadsquared.com parse err: Unexpected token '<', "<!DOCTYPE "... is not valid JSON
[dp:wc] erothots.co page=1 status=429 bodyLen=undefined
[dp] jbhifi.com.au page=1 status=429 bodyLen=undefined
[dp] wyze.com page=1 status=429 bodyLen=undefined
[dp] daisonet.com page=1 status=429 bodyLen=undefined
[dp] boat-lifestyle.com page=1 status=429 bodyLen=undefined
[dp:wc] sift.com page=1 status=401 bodyLen=undefined
[dp:wc] erothots1.com page=1 status=429 bodyLen=undefined
[dp:wc] siftscience.com page=1 status=401 bodyLen=undefined
[dp:wc] erothots.co page=1 status=429 bodyLen=undefined
[dp] podscribe.com page=1 status=404 bodyLen=undefined
[dp] jbhifi.com.au page=1 status=429 bodyLen=undefined
[dp] wyze.com page=1 status=429 bodyLen=undefined
[dp] daisonet.com page=1 status=429 bodyLen=undefined
[dp] boat-lifestyle.com page=1 status=429 bodyLen=undefined
[dp:wc] erothots1.com page=1 status=429 bodyLen=undefined
[dp:wc] erothots.co page=1 status=429 bodyLen=undefined
[dp] jbhifi.com.au page=1 status=429 bodyLen=undefined
[dp] wyze.com page=1 status=429 bodyLen=undefined
[dp] daisonet.com page=1 status=429 bodyLen=undefined
[dp] boat-lifestyle.com page=1 status=429 bodyLen=undefined
[dp:wc] erothots1.com page=1 status=429 bodyLen=undefined
[dp:wc] erothots.co page=1 status=429 bodyLen=undefined
[dp] jbhifi.com.au page=1 status=429 bodyLen=undefined
[dp] wyze.com page=1 status=429 bodyLen=undefined
[dp] daisonet.com page=1 status=429 bodyLen=undefined
[dp] boat-lifestyle.com page=1 status=429 bodyLen=undefined
[dp:wc] erothots1.com page=1 status=429 bodyLen=undefined
[dp:wc] erothots.co page=1 status=429 bodyLen=undefined
[deep-page] DONE: {"stores_processed":113,"stores_failed":0,"total_products":200,"by_platform":{"woocommerce-html":22,"shopify-html":34,"woocommerce":25,"magento":4,"bigcommerce-html":1,"schema-product":15,"magento-html":8,"shopify":4},"started_at":"2026-06-11T11:18:04.010Z","finished_at":"2026-06-11T11:19:12.082Z","output_rows":200}
[Thu Jun 11 11:19:12 UTC 2026] Cursor 10000: 200 products extracted
(node:2560439) Warning: SECURITY WARNING: The SSL modes 'prefer', 'require', and 'verify-ca' are treated as aliases for 'verify-full'.
In the next major version (pg-connection-string v3.0.0 and pg v9.0.0), these modes will adopt standard libpq semantics, which have weaker security guarantees.

To prepare for this change:
- If you want the current behavior, explicitly use 'sslmode=verify-full'
- If you want libpq compatibility now, use 'uselibpqcompat=true&sslmode=require'

See https://www.postgresql.org/docs/current/libpq-ssl.html for libpq SSL mode definitions.
(Use `node --trace-warnings ...` to show where the warning was created)
(node:2560439) Warning: Setting the NODE_TLS_REJECT_UNAUTHORIZED environment variable to '0' makes TLS connections and HTTPS requests insecure by disabling certificate verification.
[ingest-daemon] {"ts":"2026-06-11T11:19:15.443Z","file":"products_cursor_10000.ndjson.processing.ndjson","rows":200,"written":200,"fabricated":false,"fabrication_share":{"zeroPriceShare":0,"nullImageShare":0,"nullSkuShare":0,"emptyTitleShare":0},"elapsed_ms":2902,"rows_per_sec":"68.9"}
[Thu Jun 11 11:19:15 UTC 2026] Cursor 10000: ingested 200 (session cumulative: 568)
[Thu Jun 11 11:19:17 UTC 2026] Cursor 10000 batch 3: 5000 domains (lines 10001-15000)
[prefilter] input=/tmp/loop_split_10000_5.txt domains=999 concurrency=100
[prefilter] input=/tmp/loop_split_10000_3.txt domains=996 concurrency=100
[prefilter] input=/tmp/loop_split_10000_1.txt domains=1000 concurrency=100
[prefilter] input=/tmp/loop_split_10000_4.txt domains=998 concurrency=100
[prefilter] input=/tmp/loop_split_10000_2.txt domains=997 concurrency=100
[prefilter] worker=7 checked=50/998 passed=3 failed=47 by_platform={"schema-product":2,"woocommerce":1}
[prefilter] worker=0 checked=50/1000 passed=8 failed=42 by_platform={"schema-product":3,"shopify-html":3,"woocommerce-html":1,"woocommerce":1}
[prefilter] worker=11 checked=50/996 passed=3 failed=47 by_platform={"shopify-html":1,"woocommerce":1,"magento-html":1}
[prefilter] worker=30 checked=100/998 passed=4 failed=96 by_platform={"schema-product":2,"woocommerce":1,"shopify-html":1}
[prefilter] worker=53 checked=100/1000 passed=15 failed=85 by_platform={"schema-product":4,"shopify-html":5,"woocommerce-html":3,"woocommerce":2,"magento":1}
[prefilter] worker=77 checked=50/999 passed=3 failed=47 by_platform={"schema-product":1,"woocommerce-html":2}
[prefilter] worker=99 checked=100/996 passed=8 failed=92 by_platform={"shopify-html":3,"woocommerce":1,"magento-html":1,"schema-product":3}
[prefilter] worker=63 checked=50/997 passed=0 failed=50 by_platform={}
[prefilter] worker=7 checked=100/997 passed=0 failed=100 by_platform={}
[prefilter] worker=30 checked=100/999 passed=3 failed=97 by_platform={"schema-product":1,"woocommerce-html":2}
[prefilter] worker=98 checked=150/1000 passed=16 failed=134 by_platform={"schema-product":5,"shopify-html":5,"woocommerce-html":3,"woocommerce":2,"magento":1}
[prefilter] worker=41 checked=150/998 passed=4 failed=146 by_platform={"schema-product":2,"woocommerce":1,"shopify-html":1}
[prefilter] worker=9 checked=200/1000 passed=21 failed=179 by_platform={"schema-product":5,"shopify-html":9,"woocommerce-html":4,"woocommerce":2,"magento":1}
[prefilter] worker=5 checked=150/996 passed=8 failed=142 by_platform={"shopify-html":3,"woocommerce":1,"magento-html":1,"schema-product":3}
[prefilter] worker=35 checked=250/1000 passed=25 failed=225 by_platform={"schema-product":9,"shopify-html":9,"woocommerce-html":4,"woocommerce":2,"magento":1}
[prefilter] worker=30 checked=200/998 passed=4 failed=196 by_platform={"schema-product":2,"woocommerce":1,"shopify-html":1}
[prefilter] worker=86 checked=300/1000 passed=27 failed=273 by_platform={"schema-product":9,"shopify-html":9,"woocommerce-html":6,"woocommerce":2,"magento":1}
[prefilter] worker=77 checked=350/1000 passed=29 failed=321 by_platform={"schema-product":9,"shopify-html":11,"woocommerce-html":6,"woocommerce":2,"magento":1}
[prefilter] worker=55 checked=150/999 passed=3 failed=147 by_platform={"schema-product":1,"woocommerce-html":2}
[prefilter] worker=81 checked=200/996 passed=8 failed=192 by_platform={"shopify-html":3,"woocommerce":1,"magento-html":1,"schema-product":3}
[prefilter] worker=48 checked=150/997 passed=0 failed=150 by_platform={}
[prefilter] worker=13 checked=200/997 passed=0 failed=200 by_platform={}
[prefilter] worker=37 checked=200/999 passed=3 failed=197 by_platform={"schema-product":1,"woocommerce-html":2}
[prefilter] worker=9 checked=400/1000 passed=35 failed=365 by_platform={"schema-product":10,"shopify-html":13,"woocommerce-html":7,"woocommerce":4,"magento":1}
[prefilter] worker=71 checked=450/1000 passed=39 failed=411 by_platform={"schema-product":10,"shopify-html":15,"woocommerce-html":8,"woocommerce":5,"magento":1}
[prefilter] worker=0 checked=250/998 passed=4 failed=246 by_platform={"schema-product":2,"woocommerce":1,"shopify-html":1}
[prefilter] worker=49 checked=250/996 passed=8 failed=242 by_platform={"shopify-html":3,"woocommerce":1,"magento-html":1,"schema-product":3}
[prefilter] worker=8 checked=500/1000 passed=40 failed=460 by_platform={"schema-product":10,"shopify-html":15,"woocommerce-html":9,"woocommerce":5,"magento":1}
[prefilter] worker=30 checked=300/998 passed=4 failed=296 by_platform={"schema-product":2,"woocommerce":1,"shopify-html":1}
[prefilter] worker=16 checked=550/1000 passed=44 failed=506 by_platform={"schema-product":10,"shopify-html":18,"woocommerce-html":10,"woocommerce":5,"magento":1}
[prefilter] worker=92 checked=600/1000 passed=47 failed=553 by_platform={"schema-product":11,"shopify-html":19,"woocommerce-html":10,"woocommerce":6,"magento":1}
[prefilter] worker=81 checked=650/1000 passed=51 failed=599 by_platform={"schema-product":13,"shopify-html":20,"woocommerce-html":11,"woocommerce":6,"magento":1}
[prefilter] worker=78 checked=250/999 passed=3 failed=247 by_platform={"schema-product":1,"woocommerce-html":2}
[prefilter] worker=99 checked=300/996 passed=8 failed=292 by_platform={"shopify-html":3,"woocommerce":1,"magento-html":1,"schema-product":3}
[prefilter] worker=62 checked=250/997 passed=0 failed=250 by_platform={}
[prefilter] worker=92 checked=300/997 passed=0 failed=300 by_platform={}
[prefilter] worker=30 checked=300/999 passed=3 failed=297 by_platform={"schema-product":1,"woocommerce-html":2}
[prefilter] worker=41 checked=350/998 passed=4 failed=346 by_platform={"schema-product":2,"woocommerce":1,"shopify-html":1}
[prefilter] worker=47 checked=350/996 passed=8 failed=342 by_platform={"shopify-html":3,"woocommerce":1,"magento-html":1,"schema-product":3}
[prefilter] worker=30 checked=400/998 passed=4 failed=396 by_platform={"schema-product":2,"woocommerce":1,"shopify-html":1}
[prefilter] worker=1 checked=700/1000 passed=54 failed=646 by_platform={"schema-product":13,"shopify-html":22,"woocommerce-html":12,"woocommerce":6,"magento":1}
[prefilter] worker=82 checked=750/1000 passed=54 failed=696 by_platform={"schema-product":13,"shopify-html":22,"woocommerce-html":12,"woocommerce":6,"magento":1}
[prefilter] worker=55 checked=350/999 passed=3 failed=347 by_platform={"schema-product":1,"woocommerce-html":2}
[prefilter] worker=81 checked=400/996 passed=8 failed=392 by_platform={"shopify-html":3,"woocommerce":1,"magento-html":1,"schema-product":3}
[prefilter] worker=48 checked=350/997 passed=0 failed=350 by_platform={}
[prefilter] worker=92 checked=400/997 passed=0 failed=400 by_platform={}
[prefilter] worker=37 checked=400/999 passed=3 failed=397 by_platform={"schema-product":1,"woocommerce-html":2}
[prefilter] worker=0 checked=450/998 passed=4 failed=446 by_platform={"schema-product":2,"woocommerce":1,"shopify-html":1}
[prefilter] worker=49 checked=450/996 passed=8 failed=442 by_platform={"shopify-html":3,"woocommerce":1,"magento-html":1,"schema-product":3}
[prefilter] worker=30 checked=500/998 passed=4 failed=496 by_platform={"schema-product":2,"woocommerce":1,"shopify-html":1}
[prefilter] worker=12 checked=800/1000 passed=54 failed=746 by_platform={"schema-product":13,"shopify-html":22,"woocommerce-html":12,"woocommerce":6,"magento":1}
[prefilter] worker=82 checked=850/1000 passed=54 failed=796 by_platform={"schema-product":13,"shopify-html":22,"woocommerce-html":12,"woocommerce":6,"magento":1}
[prefilter] worker=76 checked=450/999 passed=3 failed=447 by_platform={"schema-product":1,"woocommerce-html":2}
[prefilter] worker=99 checked=500/996 passed=8 failed=492 by_platform={"shopify-html":3,"woocommerce":1,"magento-html":1,"schema-product":3}
[prefilter] worker=63 checked=450/997 passed=0 failed=450 by_platform={}
[prefilter] worker=4 checked=500/997 passed=0 failed=500 by_platform={}
[prefilter] worker=30 checked=500/999 passed=3 failed=497 by_platform={"schema-product":1,"woocommerce-html":2}
[prefilter] worker=41 checked=550/998 passed=4 failed=546 by_platform={"schema-product":2,"woocommerce":1,"shopify-html":1}
[prefilter] worker=5 checked=550/996 passed=8 failed=542 by_platform={"shopify-html":3,"woocommerce":1,"magento-html":1,"schema-product":3}
[prefilter] worker=30 checked=600/998 passed=4 failed=596 by_platform={"schema-product":2,"woocommerce":1,"shopify-html":1}
[prefilter] worker=1 checked=900/1000 passed=54 failed=846 by_platform={"schema-product":13,"shopify-html":22,"woocommerce-html":12,"woocommerce":6,"magento":1}
[prefilter] worker=82 checked=950/1000 passed=54 failed=896 by_platform={"schema-product":13,"shopify-html":22,"woocommerce-html":12,"woocommerce":6,"magento":1}
[prefilter] worker=53 checked=550/999 passed=3 failed=547 by_platform={"schema-product":1,"woocommerce-html":2}
[prefilter] worker=81 checked=600/996 passed=8 failed=592 by_platform={"shopify-html":3,"woocommerce":1,"magento-html":1,"schema-product":3}
[prefilter] worker=48 checked=550/997 passed=0 failed=550 by_platform={}
[prefilter] worker=91 checked=600/997 passed=0 failed=600 by_platform={}
[prefilter] worker=37 checked=600/999 passed=3 failed=597 by_platform={"schema-product":1,"woocommerce-html":2}
[prefilter] worker=0 checked=650/998 passed=4 failed=646 by_platform={"schema-product":2,"woocommerce":1,"shopify-html":1}
[prefilter] worker=47 checked=650/996 passed=8 failed=642 by_platform={"shopify-html":3,"woocommerce":1,"magento-html":1,"schema-product":3}
[prefilter] worker=30 checked=700/998 passed=4 failed=696 by_platform={"schema-product":2,"woocommerce":1,"shopify-html":1}
[prefilter] worker=1 checked=1000/1000 passed=54 failed=946 by_platform={"schema-product":13,"shopify-html":22,"woocommerce-html":12,"woocommerce":6,"magento":1}
[prefilter] done: {"checked":1000,"passed":54,"failed":946,"by_platform":{"schema-product":13,"shopify-html":22,"woocommerce-html":12,"woocommerce":6,"magento":1},"started_at":"2026-06-11T11:19:17.954Z","finished_at":"2026-06-11T11:23:58.690Z","output":"data/discovery_2026-06-11/prefilter_parallel/cursor_10000/split1.ndjson","output_rows":54}
[prefilter] worker=76 checked=650/999 passed=3 failed=647 by_platform={"schema-product":1,"woocommerce-html":2}
[prefilter] worker=99 checked=700/996 passed=8 failed=692 by_platform={"shopify-html":3,"woocommerce":1,"magento-html":1,"schema-product":3}
[prefilter] worker=63 checked=650/997 passed=0 failed=650 by_platform={}
[prefilter] worker=91 checked=700/997 passed=0 failed=700 by_platform={}
[prefilter] worker=30 checked=700/999 passed=3 failed=697 by_platform={"schema-product":1,"woocommerce-html":2}
[prefilter] worker=41 checked=750/998 passed=4 failed=746 by_platform={"schema-product":2,"woocommerce":1,"shopify-html":1}
[prefilter] worker=47 checked=750/996 passed=8 failed=742 by_platform={"shopify-html":3,"woocommerce":1,"magento-html":1,"schema-product":3}
[prefilter] worker=30 checked=800/998 passed=4 failed=796 by_platform={"schema-product":2,"woocommerce":1,"shopify-html":1}
[prefilter] worker=54 checked=750/999 passed=3 failed=747 by_platform={"schema-product":1,"woocommerce-html":2}
[prefilter] worker=81 checked=800/996 passed=8 failed=792 by_platform={"shopify-html":3,"woocommerce":1,"magento-html":1,"schema-product":3}
[prefilter] worker=48 checked=750/997 passed=0 failed=750 by_platform={}
[prefilter] worker=7 checked=800/997 passed=0 failed=800 by_platform={}
[prefilter] worker=37 checked=800/999 passed=3 failed=797 by_platform={"schema-product":1,"woocommerce-html":2}
[prefilter] worker=0 checked=850/998 passed=4 failed=846 by_platform={"schema-product":2,"woocommerce":1,"shopify-html":1}
[prefilter] worker=47 checked=850/996 passed=8 failed=842 by_platform={"shopify-html":3,"woocommerce":1,"magento-html":1,"schema-product":3}
[prefilter] worker=30 checked=900/998 passed=4 failed=896 by_platform={"schema-product":2,"woocommerce":1,"shopify-html":1}
[prefilter] worker=77 checked=850/999 passed=3 failed=847 by_platform={"schema-product":1,"woocommerce-html":2}
[prefilter] worker=99 checked=900/996 passed=8 failed=892 by_platform={"shopify-html":3,"woocommerce":1,"magento-html":1,"schema-product":3}
[prefilter] worker=63 checked=850/997 passed=0 failed=850 by_platform={}
[prefilter] worker=13 checked=900/997 passed=0 failed=900 by_platform={}
[prefilter] worker=30 checked=900/999 passed=3 failed=897 by_platform={"schema-product":1,"woocommerce-html":2}
[prefilter] worker=41 checked=950/998 passed=4 failed=946 by_platform={"schema-product":2,"woocommerce":1,"shopify-html":1}
[prefilter] worker=5 checked=950/996 passed=8 failed=942 by_platform={"shopify-html":3,"woocommerce":1,"magento-html":1,"schema-product":3}
[prefilter] worker=6 checked=998/998 passed=4 failed=994 by_platform={"schema-product":2,"woocommerce":1,"shopify-html":1}
[prefilter] done: {"checked":998,"passed":4,"failed":994,"by_platform":{"schema-product":2,"woocommerce":1,"shopify-html":1},"started_at":"2026-06-11T11:19:17.975Z","finished_at":"2026-06-11T11:25:57.752Z","output":"data/discovery_2026-06-11/prefilter_parallel/cursor_10000/split4.ndjson","output_rows":4}
[prefilter] worker=74 checked=950/999 passed=3 failed=947 by_platform={"schema-product":1,"woocommerce-html":2}
[prefilter] worker=32 checked=996/996 passed=8 failed=988 by_platform={"shopify-html":3,"woocommerce":1,"magento-html":1,"schema-product":3}
[prefilter] done: {"checked":996,"passed":8,"failed":988,"by_platform":{"shopify-html":3,"woocommerce":1,"magento-html":1,"schema-product":3},"started_at":"2026-06-11T11:19:17.861Z","finished_at":"2026-06-11T11:26:22.615Z","output":"data/discovery_2026-06-11/prefilter_parallel/cursor_10000/split3.ndjson","output_rows":8}
[prefilter] worker=61 checked=950/997 passed=0 failed=950 by_platform={}
[prefilter] worker=19 checked=997/997 passed=0 failed=997 by_platform={}
[prefilter] done: {"checked":997,"passed":0,"failed":997,"by_platform":{},"started_at":"2026-06-11T11:19:18.044Z","finished_at":"2026-06-11T11:26:22.785Z","output":"data/discovery_2026-06-11/prefilter_parallel/cursor_10000/split2.ndjson","output_rows":0}
[prefilter] worker=37 checked=999/999 passed=3 failed=996 by_platform={"schema-product":1,"woocommerce-html":2}
[prefilter] done: {"checked":999,"passed":3,"failed":996,"by_platform":{"schema-product":1,"woocommerce-html":2},"started_at":"2026-06-11T11:19:17.808Z","finished_at":"2026-06-11T11:26:24.000Z","output":"data/discovery_2026-06-11/prefilter_parallel/cursor_10000/split5.ndjson","output_rows":3}
[Thu Jun 11 11:26:41 UTC 2026] Cursor 10000: 69 stores passed prefilter
[deep-page] input records=69 ecom=69 by_platform={"schema-product":19,"shopify-html":26,"woocommerce-html":14,"woocommerce":8,"magento":1,"magento-html":1} concurrency=50
[dp] bio.site page=1 status=404 bodyLen=undefined
[dp:wc] nitrocdn.com page=1 status=404 bodyLen=undefined
[dp:wc] fatmakaryaindah.co.id page=1 status=404 bodyLen=undefined
[dp] framerusercontent.com page=1 status=403 bodyLen=undefined
[dp] ifttt.com page=1 status=200 bodyLen=88578
[dp] ifttt.com parse err: Unexpected token '<', "<!DOCTYPE "... is not valid JSON
[dp] hyros.com page=1 status=404 bodyLen=undefined
[dp] pingdom.net page=1 status=525 bodyLen=undefined
[dp] linear.app page=1 status=200 bodyLen=20760
[dp] linear.app parse err: Unexpected token '<', "<!doctype "... is not valid JSON
[dp] postscript.io page=1 status=404 bodyLen=undefined
[dp] loox.io page=1 status=404 bodyLen=undefined
[dp] phonepe.com page=1 status=404 bodyLen=undefined
[dp:wc] tcl.com page=1 status=200 bodyLen=284129
[dp] krisp.ai page=1 status=404 bodyLen=undefined
[dp] cookie-script.com page=1 status=404 bodyLen=undefined
[dp] airwallex.com page=1 status=404 bodyLen=undefined
[dp:wc] ultahost.com page=1 status=404 bodyLen=undefined
[dp:wc] theme-fusion.com page=1 status=200 bodyLen=493807
[dp:wc] ngrok-free.app page=1 status=200 bodyLen=321098
[dp:wc] wizards.com page=1 status=200 bodyLen=201412
[dp] lolesports.com page=1 status=404 bodyLen=undefined
[dp] stayfreeapps.com page=1 status=404 bodyLen=undefined
[dp:wc] advancedmd.com page=1 status=404 bodyLen=undefined
[dp] reviews.io page=1 status=404 bodyLen=undefined
[dp] ul.com page=1 status=404 bodyLen=undefined
[dp] hsappstatic.net page=1 status=200 bodyLen=622540
[dp] hsappstatic.net parse err: Unexpected token '<', "<!doctype "... is not valid JSON
[deep-page] worker=34 stores=25 failed=0 products=0 by_platform={"schema-product":5,"woocommerce-html":5,"shopify-html":12,"woocommerce":3}
[dp:wc] 9jarocks.net page=1 status=404 bodyLen=undefined
[dp] vogue.co.uk page=1 status=404 bodyLen=undefined
[dp:wc] apptimize.com page=1 status=200 bodyLen=452080
[dp] esputnik.com page=1 status=404 bodyLen=undefined
[dp] imagekit.io page=1 status=404 bodyLen=undefined
[dp:wc] livejasmin.com page=1 status=200 bodyLen=401770
[dp] remitly.com page=1 status=404 bodyLen=undefined
[dp:wc] moonactive.net page=1 status=200 bodyLen=110467
[dp] cutout.pro page=1 status=404 bodyLen=undefined
[dp] okendo.io page=1 status=404 bodyLen=undefined
[dp:wc] vpweb.com page=1 status=200 bodyLen=887602
[dp] speedcurve.com page=1 status=302 bodyLen=undefined
[dp] adapty.io page=1 status=404 bodyLen=undefined
[dp] weglot.com page=1 status=404 bodyLen=undefined
[dp] monica.im page=1 status=404 bodyLen=undefined
[dp:wc] colibriwp.com page=1 status=404 bodyLen=undefined
[dp] optimonk.com page=1 status=404 bodyLen=undefined
[dp] cricut.com page=1 status=404 bodyLen=undefined
[dp:wc] wpml.org page=1 status=401 bodyLen=undefined
[dp] alidropship.com page=1 status=404 bodyLen=undefined
[dp:wc] cgood.ru page=1 status=404 bodyLen=undefined
[dp] indusappstore.com page=1 status=404 bodyLen=undefined
[dp:wc] coolors.co page=1 status=200 bodyLen=553238
[dp] tutorialspoint.com page=1 status=404 bodyLen=undefined
[dp] tanki.su page=1 status=404 bodyLen=undefined
[deep-page] worker=6 stores=50 failed=0 products=0 by_platform={"schema-product":11,"woocommerce-html":9,"shopify-html":22,"woocommerce":8}
[dp] bose.com page=1 status=404 bodyLen=undefined
[dp] which.co.uk page=1 status=404 bodyLen=undefined
[dp:mg] thepioneerwoman.com page=1 status=404 bodyLen=undefined
[dp] pymnts.com page=1 status=404 bodyLen=undefined
[dp:wc] ccavenue.com page=1 status=404 bodyLen=undefined
[dp:wc] xtemos.com page=1 status=401 bodyLen=undefined
[dp:wc] bangmod.cloud page=1 status=401 bodyLen=undefined
[dp] gptzero.me page=1 status=404 bodyLen=undefined
[dp] altium.com page=1 status=404 bodyLen=undefined
[dp:wc] planethoster.net page=1 status=200 bodyLen=317966
[dp] bonappetit.com page=1 status=404 bodyLen=undefined
[dp] salsify.com page=1 status=404 bodyLen=undefined
[dp:wc] superawesome.tv page=1 status=404 bodyLen=undefined
[dp:mg] umu.se page=1 status=200 bodyLen=4199
[dp] juniper.net page=1 status=404 bodyLen=undefined
[dp] teenvogue.com page=1 status=404 bodyLen=undefined
[dp] transip.eu page=1 status=404 bodyLen=undefined
[dp] studyisland.com page=1 status=200 bodyLen=181999
[dp] studyisland.com parse err: Unexpected token '<', "    


<!DOCTYPE "... is not valid JSON
[dp] trevenque.es page=1 status=200 bodyLen=669811
[dp] trevenque.es parse err: Unexpected token '<', "<!doctype "... is not valid JSON
[deep-page] DONE: {"stores_processed":69,"stores_failed":0,"total_products":0,"by_platform":{"schema-product":19,"woocommerce-html":14,"shopify-html":26,"woocommerce":8,"magento-html":1,"magento":1},"started_at":"2026-06-11T11:26:42.067Z","finished_at":"2026-06-11T11:26:48.389Z","output_rows":0}
[Thu Jun 11 11:26:48 UTC 2026] Cursor 15000: 0 products extracted
[Thu Jun 11 11:26:48 UTC 2026] No products extracted
[Thu Jun 11 11:26:58 UTC 2026] Cursor 15000 batch 4: 5000 domains (lines 15001-20000)
[prefilter] input=/tmp/loop_split_15000_2.txt domains=1000 concurrency=100
[prefilter] input=/tmp/loop_split_15000_3.txt domains=997 concurrency=100
[prefilter] input=/tmp/loop_split_15000_5.txt domains=999 concurrency=100
[prefilter] input=/tmp/loop_split_15000_1.txt domains=1000 concurrency=100
[prefilter] input=/tmp/loop_split_15000_4.txt domains=1000 concurrency=100
[prefilter] worker=49 checked=50/1000 passed=1 failed=49 by_platform={"schema-product":1}
[prefilter] worker=58 checked=50/1000 passed=6 failed=44 by_platform={"shopify":1,"woocommerce-html":1,"woocommerce":2,"shopify-html":1,"schema-product":1}
[prefilter] worker=85 checked=50/999 passed=1 failed=49 by_platform={"woocommerce":1}
[prefilter] worker=11 checked=50/997 passed=3 failed=47 by_platform={"woocommerce":3}
[prefilter] worker=71 checked=50/1000 passed=5 failed=45 by_platform={"woocommerce":2,"magento-html":1,"magento":1,"shopify-html":1}
[prefilter] worker=38 checked=100/1000 passed=8 failed=92 by_platform={"shopify":1,"woocommerce-html":2,"woocommerce":3,"shopify-html":1,"schema-product":1}
[prefilter] worker=2 checked=100/1000 passed=6 failed=94 by_platform={"schema-product":4,"shopify-html":1,"magento-html":1}
[prefilter] worker=56 checked=100/997 passed=9 failed=91 by_platform={"woocommerce":4,"woocommerce-html":2,"schema-product":1,"shopify-html":2}
[prefilter] worker=38 checked=150/1000 passed=11 failed=139 by_platform={"shopify":1,"woocommerce-html":3,"woocommerce":5,"shopify-html":1,"schema-product":1}
[prefilter] worker=48 checked=100/999 passed=9 failed=91 by_platform={"woocommerce":4,"woocommerce-html":1,"shopify-html":2,"shopify":1,"magento":1}
[prefilter] worker=52 checked=200/1000 passed=16 failed=184 by_platform={"shopify":1,"woocommerce-html":5,"woocommerce":5,"shopify-html":3,"schema-product":2}
[prefilter] worker=28 checked=150/1000 passed=7 failed=143 by_platform={"schema-product":4,"shopify-html":2,"magento-html":1}
[prefilter] worker=3 checked=150/997 passed=13 failed=137 by_platform={"woocommerce":5,"woocommerce-html":2,"schema-product":2,"shopify-html":4}
[prefilter] worker=71 checked=250/1000 passed=19 failed=231 by_platform={"shopify":1,"woocommerce-html":7,"woocommerce":5,"shopify-html":3,"schema-product":2,"magento-html":1}
[prefilter] worker=27 checked=150/999 passed=10 failed=140 by_platform={"woocommerce":4,"woocommerce-html":1,"shopify-html":3,"shopify":1,"magento":1}
[prefilter] worker=81 checked=300/1000 passed=25 failed=275 by_platform={"shopify":1,"woocommerce-html":7,"woocommerce":6,"shopify-html":6,"schema-product":3,"magento-html":1,"magento":1}
[prefilter] worker=17 checked=200/997 passed=13 failed=187 by_platform={"woocommerce":5,"woocommerce-html":2,"schema-product":2,"shopify-html":4}
[prefilter] worker=6 checked=200/999 passed=13 failed=187 by_platform={"woocommerce":7,"woocommerce-html":1,"shopify-html":3,"shopify":1,"magento":1}
[prefilter] worker=93 checked=350/1000 passed=26 failed=324 by_platform={"shopify":1,"woocommerce-html":7,"woocommerce":6,"shopify-html":7,"schema-product":3,"magento-html":1,"magento":1}
[prefilter] worker=52 checked=400/1000 passed=27 failed=373 by_platform={"shopify":1,"woocommerce-html":8,"woocommerce":6,"shopify-html":7,"schema-product":3,"magento-html":1,"magento":1}
[prefilter] worker=0 checked=100/1000 passed=7 failed=93 by_platform={"woocommerce":2,"magento-html":1,"magento":1,"shopify-html":2,"schema-product":1}
[prefilter] worker=26 checked=200/1000 passed=9 failed=191 by_platform={"schema-product":4,"shopify-html":2,"magento-html":1,"woocommerce-html":1,"woocommerce":1}
[prefilter] worker=27 checked=250/999 passed=18 failed=232 by_platform={"woocommerce":7,"woocommerce-html":2,"shopify-html":4,"shopify":1,"magento":2,"schema-product":2}
[prefilter] worker=45 checked=450/1000 passed=29 failed=421 by_platform={"shopify":1,"woocommerce-html":8,"woocommerce":6,"shopify-html":9,"schema-product":3,"magento-html":1,"magento":1}
[prefilter] worker=22 checked=150/1000 passed=7 failed=143 by_platform={"woocommerce":2,"magento-html":1,"magento":1,"shopify-html":2,"schema-product":1}
[prefilter] worker=74 checked=300/999 passed=21 failed=279 by_platform={"woocommerce":7,"woocommerce-html":2,"shopify-html":5,"shopify":1,"magento":3,"schema-product":2,"magento-html":1}
[prefilter] worker=21 checked=250/1000 passed=9 failed=241 by_platform={"schema-product":4,"shopify-html":2,"magento-html":1,"woocommerce-html":1,"woocommerce":1}
[prefilter] worker=98 checked=250/997 passed=15 failed=235 by_platform={"woocommerce":6,"woocommerce-html":3,"schema-product":2,"shopify-html":4}
[prefilter] worker=5 checked=300/997 passed=15 failed=285 by_platform={"woocommerce":6,"woocommerce-html":3,"schema-product":2,"shopify-html":4}
[prefilter] worker=87 checked=200/1000 passed=7 failed=193 by_platform={"woocommerce":2,"magento-html":1,"magento":1,"shopify-html":2,"schema-product":1}
[prefilter] worker=35 checked=500/1000 passed=29 failed=471 by_platform={"shopify":1,"woocommerce-html":8,"woocommerce":6,"shopify-html":9,"schema-product":3,"magento-html":1,"magento":1}
[prefilter] worker=26 checked=300/1000 passed=9 failed=291 by_platform={"schema-product":4,"shopify-html":2,"magento-html":1,"woocommerce-html":1,"woocommerce":1}
[prefilter] worker=14 checked=350/999 passed=21 failed=329 by_platform={"woocommerce":7,"woocommerce-html":2,"shopify-html":5,"shopify":1,"magento":3,"schema-product":2,"magento-html":1}
[prefilter] worker=46 checked=350/997 passed=16 failed=334 by_platform={"woocommerce":6,"woocommerce-html":3,"schema-product":2,"shopify-html":5}
[prefilter] worker=45 checked=550/1000 passed=29 failed=521 by_platform={"shopify":1,"woocommerce-html":8,"woocommerce":6,"shopify-html":9,"schema-product":3,"magento-html":1,"magento":1}
[prefilter] worker=35 checked=250/1000 passed=7 failed=243 by_platform={"woocommerce":2,"magento-html":1,"magento":1,"shopify-html":2,"schema-product":1}
[prefilter] worker=67 checked=400/997 passed=16 failed=384 by_platform={"woocommerce":6,"woocommerce-html":3,"schema-product":2,"shopify-html":5}
[prefilter] worker=67 checked=450/997 passed=19 failed=431 by_platform={"woocommerce":7,"woocommerce-html":4,"schema-product":2,"shopify-html":6}
[prefilter] worker=62 checked=400/999 passed=21 failed=379 by_platform={"woocommerce":7,"woocommerce-html":2,"shopify-html":5,"shopify":1,"magento":3,"schema-product":2,"magento-html":1}
[prefilter] worker=96 checked=350/1000 passed=9 failed=341 by_platform={"schema-product":4,"shopify-html":2,"magento-html":1,"woocommerce-html":1,"woocommerce":1}
[prefilter] worker=29 checked=500/997 passed=21 failed=479 by_platform={"woocommerce":8,"woocommerce-html":5,"schema-product":2,"shopify-html":6}
[prefilter] worker=0 checked=300/1000 passed=7 failed=293 by_platform={"woocommerce":2,"magento-html":1,"magento":1,"shopify-html":2,"schema-product":1}
[prefilter] worker=35 checked=600/1000 passed=29 failed=571 by_platform={"shopify":1,"woocommerce-html":8,"woocommerce":6,"shopify-html":9,"schema-product":3,"magento-html":1,"magento":1}
[prefilter] worker=26 checked=400/1000 passed=9 failed=391 by_platform={"schema-product":4,"shopify-html":2,"magento-html":1,"woocommerce-html":1,"woocommerce":1}
[prefilter] worker=14 checked=450/999 passed=21 failed=429 by_platform={"woocommerce":7,"woocommerce-html":2,"shopify-html":5,"shopify":1,"magento":3,"schema-product":2,"magento-html":1}
[prefilter] worker=45 checked=650/1000 passed=29 failed=621 by_platform={"shopify":1,"woocommerce-html":8,"woocommerce":6,"shopify-html":9,"schema-product":3,"magento-html":1,"magento":1}
[prefilter] worker=52 checked=550/997 passed=21 failed=529 by_platform={"woocommerce":8,"woocommerce-html":5,"schema-product":2,"shopify-html":6}
[prefilter] worker=22 checked=350/1000 passed=7 failed=343 by_platform={"woocommerce":2,"magento-html":1,"magento":1,"shopify-html":2,"schema-product":1}
[prefilter] worker=40 checked=600/997 passed=23 failed=577 by_platform={"woocommerce":8,"woocommerce-html":5,"schema-product":2,"shopify-html":7,"magento":1}
[prefilter] worker=60 checked=500/999 passed=21 failed=479 by_platform={"woocommerce":7,"woocommerce-html":2,"shopify-html":5,"shopify":1,"magento":3,"schema-product":2,"magento-html":1}
[prefilter] worker=21 checked=450/1000 passed=9 failed=441 by_platform={"schema-product":4,"shopify-html":2,"magento-html":1,"woocommerce-html":1,"woocommerce":1}
[prefilter] worker=45 checked=650/997 passed=27 failed=623 by_platform={"woocommerce":8,"woocommerce-html":6,"schema-product":2,"shopify-html":10,"magento":1}
[prefilter] worker=33 checked=400/1000 passed=7 failed=393 by_platform={"woocommerce":2,"magento-html":1,"magento":1,"shopify-html":2,"schema-product":1}
[prefilter] worker=35 checked=700/1000 passed=29 failed=671 by_platform={"shopify":1,"woocommerce-html":8,"woocommerce":6,"shopify-html":9,"schema-product":3,"magento-html":1,"magento":1}
[prefilter] worker=26 checked=500/1000 passed=9 failed=491 by_platform={"schema-product":4,"shopify-html":2,"magento-html":1,"woocommerce-html":1,"woocommerce":1}
[prefilter] worker=14 checked=550/999 passed=21 failed=529 by_platform={"woocommerce":7,"woocommerce-html":2,"shopify-html":5,"shopify":1,"magento":3,"schema-product":2,"magento-html":1}
[prefilter] worker=45 checked=750/1000 passed=29 failed=721 by_platform={"shopify":1,"woocommerce-html":8,"woocommerce":6,"shopify-html":9,"schema-product":3,"magento-html":1,"magento":1}
[prefilter] worker=35 checked=450/1000 passed=7 failed=443 by_platform={"woocommerce":2,"magento-html":1,"magento":1,"shopify-html":2,"schema-product":1}
[prefilter] worker=20 checked=700/997 passed=27 failed=673 by_platform={"woocommerce":8,"woocommerce-html":6,"schema-product":2,"shopify-html":10,"magento":1}
[prefilter] worker=62 checked=600/999 passed=21 failed=579 by_platform={"woocommerce":7,"woocommerce-html":2,"shopify-html":5,"shopify":1,"magento":3,"schema-product":2,"magento-html":1}
[prefilter] worker=96 checked=550/1000 passed=9 failed=541 by_platform={"schema-product":4,"shopify-html":2,"magento-html":1,"woocommerce-html":1,"woocommerce":1}
[prefilter] worker=45 checked=750/997 passed=27 failed=723 by_platform={"woocommerce":8,"woocommerce-html":6,"schema-product":2,"shopify-html":10,"magento":1}
[prefilter] worker=14 checked=650/999 passed=22 failed=628 by_platform={"woocommerce":7,"woocommerce-html":2,"shopify-html":6,"shopify":1,"magento":3,"schema-product":2,"magento-html":1}
[prefilter] worker=0 checked=500/1000 passed=7 failed=493 by_platform={"woocommerce":2,"magento-html":1,"magento":1,"shopify-html":2,"schema-product":1}
[prefilter] worker=35 checked=800/1000 passed=29 failed=771 by_platform={"shopify":1,"woocommerce-html":8,"woocommerce":6,"shopify-html":9,"schema-product":3,"magento-html":1,"magento":1}
[prefilter] worker=47 checked=700/999 passed=24 failed=676 by_platform={"woocommerce":8,"woocommerce-html":3,"shopify-html":6,"shopify":1,"magento":3,"schema-product":2,"magento-html":1}
[prefilter] worker=26 checked=600/1000 passed=9 failed=591 by_platform={"schema-product":4,"shopify-html":2,"magento-html":1,"woocommerce-html":1,"woocommerce":1}
[prefilter] worker=45 checked=850/1000 passed=29 failed=821 by_platform={"shopify":1,"woocommerce-html":8,"woocommerce":6,"shopify-html":9,"schema-product":3,"magento-html":1,"magento":1}
[prefilter] worker=22 checked=550/1000 passed=7 failed=543 by_platform={"woocommerce":2,"magento-html":1,"magento":1,"shopify-html":2,"schema-product":1}
[prefilter] worker=46 checked=800/997 passed=27 failed=773 by_platform={"woocommerce":8,"woocommerce-html":6,"schema-product":2,"shopify-html":10,"magento":1}
[prefilter] worker=21 checked=650/1000 passed=9 failed=641 by_platform={"schema-product":4,"shopify-html":2,"magento-html":1,"woocommerce-html":1,"woocommerce":1}
[prefilter] worker=45 checked=850/997 passed=27 failed=823 by_platform={"woocommerce":8,"woocommerce-html":6,"schema-product":2,"shopify-html":10,"magento":1}
[prefilter] worker=17 checked=750/999 passed=24 failed=726 by_platform={"woocommerce":8,"woocommerce-html":3,"shopify-html":6,"shopify":1,"magento":3,"schema-product":2,"magento-html":1}
[prefilter] worker=33 checked=600/1000 passed=7 failed=593 by_platform={"woocommerce":2,"magento-html":1,"magento":1,"shopify-html":2,"schema-product":1}
[prefilter] worker=35 checked=900/1000 passed=29 failed=871 by_platform={"shopify":1,"woocommerce-html":8,"woocommerce":6,"shopify-html":9,"schema-product":3,"magento-html":1,"magento":1}
[prefilter] worker=53 checked=800/999 passed=24 failed=776 by_platform={"woocommerce":8,"woocommerce-html":3,"shopify-html":6,"shopify":1,"magento":3,"schema-product":2,"magento-html":1}
[prefilter] worker=26 checked=700/1000 passed=9 failed=691 by_platform={"schema-product":4,"shopify-html":2,"magento-html":1,"woocommerce-html":1,"woocommerce":1}
[prefilter] worker=45 checked=950/1000 passed=29 failed=921 by_platform={"shopify":1,"woocommerce-html":8,"woocommerce":6,"shopify-html":9,"schema-product":3,"magento-html":1,"magento":1}
[prefilter] worker=35 checked=650/1000 passed=7 failed=643 by_platform={"woocommerce":2,"magento-html":1,"magento":1,"shopify-html":2,"schema-product":1}
[prefilter] worker=20 checked=900/997 passed=27 failed=873 by_platform={"woocommerce":8,"woocommerce-html":6,"schema-product":2,"shopify-html":10,"magento":1}
[prefilter] worker=96 checked=750/1000 passed=9 failed=741 by_platform={"schema-product":4,"shopify-html":2,"magento-html":1,"woocommerce-html":1,"woocommerce":1}
[prefilter] worker=45 checked=950/997 passed=27 failed=923 by_platform={"woocommerce":8,"woocommerce-html":6,"schema-product":2,"shopify-html":10,"magento":1}
[prefilter] worker=26 checked=850/999 passed=24 failed=826 by_platform={"woocommerce":8,"woocommerce-html":3,"shopify-html":6,"shopify":1,"magento":3,"schema-product":2,"magento-html":1}
[prefilter] worker=0 checked=700/1000 passed=7 failed=693 by_platform={"woocommerce":2,"magento-html":1,"magento":1,"shopify-html":2,"schema-product":1}
[prefilter] worker=35 checked=1000/1000 passed=29 failed=971 by_platform={"shopify":1,"woocommerce-html":8,"woocommerce":6,"shopify-html":9,"schema-product":3,"magento-html":1,"magento":1}
[prefilter] done: {"checked":1000,"passed":29,"failed":971,"by_platform":{"shopify":1,"woocommerce-html":8,"woocommerce":6,"shopify-html":9,"schema-product":3,"magento-html":1,"magento":1},"started_at":"2026-06-11T11:26:58.824Z","finished_at":"2026-06-11T11:31:57.104Z","output":"data/discovery_2026-06-11/prefilter_parallel/cursor_15000/split1.ndjson","output_rows":29}
[prefilter] worker=47 checked=900/999 passed=24 failed=876 by_platform={"woocommerce":8,"woocommerce-html":3,"shopify-html":6,"shopify":1,"magento":3,"schema-product":2,"magento-html":1}
[prefilter] worker=26 checked=800/1000 passed=9 failed=791 by_platform={"schema-product":4,"shopify-html":2,"magento-html":1,"woocommerce-html":1,"woocommerce":1}
[prefilter] worker=22 checked=750/1000 passed=7 failed=743 by_platform={"woocommerce":2,"magento-html":1,"magento":1,"shopify-html":2,"schema-product":1}
[prefilter] worker=46 checked=997/997 passed=27 failed=970 by_platform={"woocommerce":8,"woocommerce-html":6,"schema-product":2,"shopify-html":10,"magento":1}
[prefilter] done: {"checked":997,"passed":27,"failed":970,"by_platform":{"woocommerce":8,"woocommerce-html":6,"schema-product":2,"shopify-html":10,"magento":1},"started_at":"2026-06-11T11:26:58.788Z","finished_at":"2026-06-11T11:32:17.397Z","output":"data/discovery_2026-06-11/prefilter_parallel/cursor_15000/split3.ndjson","output_rows":27}
[prefilter] worker=21 checked=850/1000 passed=9 failed=841 by_platform={"schema-product":4,"shopify-html":2,"magento-html":1,"woocommerce-html":1,"woocommerce":1}
[prefilter] worker=32 checked=950/999 passed=24 failed=926 by_platform={"woocommerce":8,"woocommerce-html":3,"shopify-html":6,"shopify":1,"magento":3,"schema-product":2,"magento-html":1}
[prefilter] worker=87 checked=800/1000 passed=7 failed=793 by_platform={"woocommerce":2,"magento-html":1,"magento":1,"shopify-html":2,"schema-product":1}
[prefilter] worker=53 checked=999/999 passed=24 failed=975 by_platform={"woocommerce":8,"woocommerce-html":3,"shopify-html":6,"shopify":1,"magento":3,"schema-product":2,"magento-html":1}
[prefilter] done: {"checked":999,"passed":24,"failed":975,"by_platform":{"woocommerce":8,"woocommerce-html":3,"shopify-html":6,"shopify":1,"magento":3,"schema-product":2,"magento-html":1},"started_at":"2026-06-11T11:26:58.807Z","finished_at":"2026-06-11T11:32:41.984Z","output":"data/discovery_2026-06-11/prefilter_parallel/cursor_15000/split5.ndjson","output_rows":24}
[prefilter] worker=26 checked=900/1000 passed=9 failed=891 by_platform={"schema-product":4,"shopify-html":2,"magento-html":1,"woocommerce-html":1,"woocommerce":1}
[prefilter] worker=35 checked=850/1000 passed=7 failed=843 by_platform={"woocommerce":2,"magento-html":1,"magento":1,"shopify-html":2,"schema-product":1}
[prefilter] worker=96 checked=950/1000 passed=9 failed=941 by_platform={"schema-product":4,"shopify-html":2,"magento-html":1,"woocommerce-html":1,"woocommerce":1}
[prefilter] worker=0 checked=900/1000 passed=7 failed=893 by_platform={"woocommerce":2,"magento-html":1,"magento":1,"shopify-html":2,"schema-product":1}
[prefilter] worker=26 checked=1000/1000 passed=9 failed=991 by_platform={"schema-product":4,"shopify-html":2,"magento-html":1,"woocommerce-html":1,"woocommerce":1}
[prefilter] done: {"checked":1000,"passed":9,"failed":991,"by_platform":{"schema-product":4,"shopify-html":2,"magento-html":1,"woocommerce-html":1,"woocommerce":1},"started_at":"2026-06-11T11:26:58.771Z","finished_at":"2026-06-11T11:33:24.960Z","output":"data/discovery_2026-06-11/prefilter_parallel/cursor_15000/split2.ndjson","output_rows":9}
[prefilter] worker=22 checked=950/1000 passed=7 failed=943 by_platform={"woocommerce":2,"magento-html":1,"magento":1,"shopify-html":2,"schema-product":1}
[prefilter] worker=0 checked=1000/1000 passed=7 failed=993 by_platform={"woocommerce":2,"magento-html":1,"magento":1,"shopify-html":2,"schema-product":1}
[prefilter] done: {"checked":1000,"passed":7,"failed":993,"by_platform":{"woocommerce":2,"magento-html":1,"magento":1,"shopify-html":2,"schema-product":1},"started_at":"2026-06-11T11:26:58.831Z","finished_at":"2026-06-11T11:34:03.547Z","output":"data/discovery_2026-06-11/prefilter_parallel/cursor_15000/split4.ndjson","output_rows":7}
[Thu Jun 11 11:34:07 UTC 2026] Cursor 15000: 96 stores passed prefilter
[deep-page] input records=96 ecom=96 by_platform={"shopify":2,"woocommerce-html":18,"woocommerce":25,"shopify-html":29,"schema-product":12,"magento-html":4,"magento":6} concurrency=50
[dp:wc] doteasy.com page=1 status=200 bodyLen=4123
[dp] useamp.com page=1 status=404 bodyLen=undefined
[dp] db.tt page=1 status=404 bodyLen=undefined
[dp] adsinteractive.com page=1 status=404 bodyLen=undefined
[dp:wc] faphouse4k.com page=1 status=200 bodyLen=269028
[dp] morenutrition.de page=1 status=200 bodyLen=1005766
[dp] fivetran.com page=1 status=404 bodyLen=undefined
[dp:wc] positivepsychology.com page=1 status=404 bodyLen=undefined
[dp:wc] mobolize.com page=1 status=404 bodyLen=undefined
[dp] birdeye.com page=1 status=404 bodyLen=undefined
[dp] qualaroo.com page=1 status=404 bodyLen=undefined
[dp:wc] toshiba.com page=1 status=404 bodyLen=undefined
[dp:wc] htc.com page=1 status=200 bodyLen=47387
[dp] builtwith.com page=1 status=200 bodyLen=414
[dp] builtwith.com parse err: Unexpected token '<', "
<!DOCTYPE "... is not valid JSON
[dp] intercom.help page=1 status=404 bodyLen=undefined
[dp] aircall.io page=1 status=404 bodyLen=undefined
[dp] packagecloud.io page=1 status=404 bodyLen=undefined
[dp:wc] shangri-la.com page=1 status=200 bodyLen=130102
[dp:wc] jezebel.com page=1 status=404 bodyLen=undefined
[dp:wc] vjav.com page=1 status=200 bodyLen=33679
[dp] heygen.com page=1 status=404 bodyLen=undefined
[dp:wc] screamingfrog.co.uk page=1 status=401 bodyLen=undefined
[dp] skorozvon.ru page=1 status=404 bodyLen=undefined
[dp:mg] carrier.com page=1 status=200 bodyLen=58371
[dp] hugoboss.com page=1 status=403 bodyLen=undefined
[deep-page] worker=11 stores=25 failed=0 products=100 by_platform={"woocommerce-html":6,"shopify-html":10,"schema-product":3,"woocommerce":4,"shopify":1,"magento":1}
[dp] wunderkind.co page=1 status=404 bodyLen=undefined
[dp] realpage.com page=1 status=404 bodyLen=undefined
[dp:wc] abc7news.com page=1 status=200 bodyLen=76350
[dp:wc] pinkoi.com page=1 status=200 bodyLen=53176
[dp] runconverge.com page=1 status=404 bodyLen=undefined
[dp:wc] footlocker.com page=1 status=200 bodyLen=861963
[dp] talentlms.com page=1 status=404 bodyLen=undefined
[dp] printful.com page=1 status=404 bodyLen=undefined
[dp] lifelock.com page=1 status=404 bodyLen=undefined
[dp:wc] schlund.de page=1 status=404 bodyLen=undefined
[dp] dimensions.ai page=1 status=200 bodyLen=106266
[dp] dimensions.ai parse err: Unexpected token '<', "
    <!doctype "... is not valid JSON
[dp] logbase.io page=1 status=404 bodyLen=undefined
[dp:wc] wordpressfoundation.org page=1 status=404 bodyLen=undefined
[dp:wc] prospect.org page=1 status=401 bodyLen=undefined
[dp:mg] premierbetzone.co.ao page=1 status=200 bodyLen=225
[dp] textexpander.com page=1 status=404 bodyLen=undefined
[dp:mg] clickn.co.kr page=1 status=404 bodyLen=undefined
[dp:wc] eiu.com page=1 status=200 bodyLen=91356
[dp] messagebird.com page=1 status=404 bodyLen=undefined
[dp:wc] abc7ny.com page=1 status=200 bodyLen=75997
[dp:wc] whop.com page=1 status=200 bodyLen=1689163
[dp:wc] 6abc.com page=1 status=200 bodyLen=76257
[dp:wc] jofogas.hu page=1 status=200 bodyLen=545082
[dp:wc] cloud86.nl page=1 status=404 bodyLen=undefined
[dp:wc] folkd.com page=1 status=404 bodyLen=undefined
[deep-page] worker=20 stores=50 failed=0 products=100 by_platform={"woocommerce-html":11,"shopify-html":16,"schema-product":7,"woocommerce":12,"shopify":1,"magento":2,"magento-html":1}
[dp:wc] premid.app page=1 status=200 bodyLen=59068
[dp] zadarma.com page=1 status=404 bodyLen=undefined
[dp:mg] redbackinternet.net page=1 status=404 bodyLen=undefined
[dp] housecallpro.com page=1 status=404 bodyLen=undefined
[dp] answerthepublic.com page=1 status=200 bodyLen=478708
[dp] answerthepublic.com parse err: Unexpected token '<', "<!DOCTYPE "... is not valid JSON
[dp:mg] fitchratings.com page=1 status=200 bodyLen=911703
[dp:wc] upornia.tube page=1 status=200 bodyLen=40648
[dp:wc] roonlabs.net page=1 status=200 bodyLen=256176
[dp:wc] hosting.de page=1 status=404 bodyLen=undefined
[dp] algolia.com page=1 status=404 bodyLen=undefined
[dp:wc] counterpunch.org page=1 status=401 bodyLen=undefined
[dp:mg] niezalezna.pl page=1 status=200 bodyLen=107
[dp] junglescout.com page=1 status=200 bodyLen=261937
[dp] junglescout.com parse err: Unexpected token '<', "<!doctype "... is not valid JSON
[dp] vibe.co page=1 status=404 bodyLen=undefined
[dp] midea.com page=1 status=404 bodyLen=undefined
[dp:wc] abjav.com page=1 status=200 bodyLen=59700
[dp:wc] framer.app page=1 status=200 bodyLen=3085759
[dp:mg] movember.com page=1 status=200 bodyLen=154
[dp:wc] is.co.za page=1 status=200 bodyLen=339306
[dp] zacks.com page=1 status=404 bodyLen=undefined
[dp] cin7.com page=1 status=404 bodyLen=undefined
[dp:wc] portalinmobiliario.com page=1 status=200 bodyLen=18358
[dp:wc] rioseo.com page=1 status=200 bodyLen=556047
[dp:wc] burberry.com page=1 status=200 bodyLen=165016
[dp:wc] zougla.gr page=1 status=404 bodyLen=undefined
[deep-page] worker=36 stores=75 failed=0 products=100 by_platform={"woocommerce-html":14,"shopify-html":23,"schema-product":9,"woocommerce":21,"shopify":1,"magento":4,"magento-html":3}
[dp] wisepops.com page=1 status=404 bodyLen=undefined
[dp] trustedsite.com page=1 status=404 bodyLen=undefined
[dp] fullview.io page=1 status=404 bodyLen=undefined
[dp] meross.com page=1 status=200 bodyLen=870689
[dp] meross.com parse err: Unexpected token '<', "<!DOCTYPE "... is not valid JSON
[dp:wc] eventsair.com page=1 status=401 bodyLen=undefined
[dp:mg] benq.com page=1 status=404 bodyLen=undefined
[dp:wc] wpconsent.com page=1 status=404 bodyLen=undefined
[dp:mg] travis-ci.com page=1 status=200 bodyLen=107
[dp:wc] wpxhosting.com page=1 status=404 bodyLen=undefined
[dp:wc] section.io page=1 status=200 bodyLen=270039
[dp] lexware.de page=1 status=404 bodyLen=undefined
[dp] society6.com page=1 status=200 bodyLen=13350972
[dp] sravni.ru page=1 status=404 bodyLen=undefined
[dp] asaas.com page=1 status=200 bodyLen=25365
[dp] asaas.com parse err: Unexpected token '<', "<!DOCTYPE "... is not valid JSON
[dp] privado.io page=1 status=404 bodyLen=undefined
[dp] optinmonster.com page=1 status=404 bodyLen=undefined
[dp:wc] online.no page=1 status=200 bodyLen=191470
[dp:wc] tporn.xxx page=1 status=200 bodyLen=44757
[dp:wc] youla.ru page=1 status=200 bodyLen=5197192
[dp:wc] tinkoffinsurance.ru page=1 status=200 bodyLen=1748511
[dp:mg] zr.ru page=1 status=0 bodyLen=undefined
[deep-page] DONE: {"stores_processed":96,"stores_failed":0,"total_products":300,"by_platform":{"woocommerce-html":18,"shopify-html":29,"schema-product":12,"woocommerce":25,"shopify":2,"magento":6,"magento-html":4},"started_at":"2026-06-11T11:34:07.541Z","finished_at":"2026-06-11T11:34:25.789Z","output_rows":300}
[Thu Jun 11 11:34:25 UTC 2026] Cursor 20000: 300 products extracted
(node:2607716) Warning: SECURITY WARNING: The SSL modes 'prefer', 'require', and 'verify-ca' are treated as aliases for 'verify-full'.
In the next major version (pg-connection-string v3.0.0 and pg v9.0.0), these modes will adopt standard libpq semantics, which have weaker security guarantees.

To prepare for this change:
- If you want the current behavior, explicitly use 'sslmode=verify-full'
- If you want libpq compatibility now, use 'uselibpqcompat=true&sslmode=require'

See https://www.postgresql.org/docs/current/libpq-ssl.html for libpq SSL mode definitions.
(Use `node --trace-warnings ...` to show where the warning was created)
(node:2607716) Warning: Setting the NODE_TLS_REJECT_UNAUTHORIZED environment variable to '0' makes TLS connections and HTTPS requests insecure by disabling certificate verification.
[ingest-daemon] {"ts":"2026-06-11T11:34:44.962Z","file":"products_cursor_20000.ndjson.processing.ndjson","rows":300,"written":300,"fabricated":false,"fabrication_share":{"zeroPriceShare":0,"nullImageShare":0,"nullSkuShare":0,"emptyTitleShare":0},"elapsed_ms":6205,"rows_per_sec":"48.3"}
[Thu Jun 11 11:34:44 UTC 2026] Cursor 20000: ingested 300 (session cumulative: 868)
[Thu Jun 11 11:34:47 UTC 2026] Cursor 20000 batch 5: 5000 domains (lines 20001-25000)
[prefilter] input=/tmp/loop_split_20000_1.txt domains=999 concurrency=100
[prefilter] input=/tmp/loop_split_20000_4.txt domains=998 concurrency=100
[prefilter] input=/tmp/loop_split_20000_3.txt domains=999 concurrency=100
[prefilter] input=/tmp/loop_split_20000_2.txt domains=999 concurrency=100
[prefilter] input=/tmp/loop_split_20000_5.txt domains=1000 concurrency=100
[prefilter] worker=65 checked=50/999 passed=4 failed=46 by_platform={"shopify":1,"woocommerce-html":2,"magento-html":1}
[prefilter] worker=76 checked=50/999 passed=3 failed=47 by_platform={"shopify":1,"shopify-html":2}
[prefilter] worker=59 checked=50/999 passed=2 failed=48 by_platform={"woocommerce-html":1,"woocommerce":1}
[prefilter] worker=60 checked=100/999 passed=7 failed=93 by_platform={"woocommerce-html":2,"woocommerce":3,"shopify-html":2}
[prefilter] worker=60 checked=100/999 passed=5 failed=95 by_platform={"shopify":1,"shopify-html":2,"woocommerce-html":2}
[prefilter] worker=64 checked=50/998 passed=1 failed=49 by_platform={"shopify-html":1}
[prefilter] worker=91 checked=100/999 passed=8 failed=92 by_platform={"shopify":1,"woocommerce-html":4,"magento-html":1,"woocommerce":1,"shopify-html":1}
[prefilter] worker=95 checked=50/1000 passed=2 failed=48 by_platform={"shopify-html":1,"magento-html":1}
[prefilter] worker=17 checked=100/998 passed=1 failed=99 by_platform={"shopify-html":1}
[prefilter] worker=38 checked=100/1000 passed=2 failed=98 by_platform={"shopify-html":1,"magento-html":1}
[prefilter] worker=93 checked=150/999 passed=7 failed=143 by_platform={"woocommerce-html":2,"woocommerce":3,"shopify-html":2}
[prefilter] worker=12 checked=150/999 passed=5 failed=145 by_platform={"shopify":1,"shopify-html":2,"woocommerce-html":2}
[prefilter] worker=18 checked=150/999 passed=8 failed=142 by_platform={"shopify":1,"woocommerce-html":4,"magento-html":1,"woocommerce":1,"shopify-html":1}
[prefilter] worker=51 checked=200/999 passed=7 failed=193 by_platform={"woocommerce-html":2,"woocommerce":3,"shopify-html":2}
[prefilter] worker=8 checked=200/999 passed=5 failed=195 by_platform={"shopify":1,"shopify-html":2,"woocommerce-html":2}
[prefilter] worker=64 checked=150/998 passed=1 failed=149 by_platform={"shopify-html":1}
[prefilter] worker=87 checked=200/999 passed=8 failed=192 by_platform={"shopify":1,"woocommerce-html":4,"magento-html":1,"woocommerce":1,"shopify-html":1}
[prefilter] worker=7 checked=150/1000 passed=2 failed=148 by_platform={"shopify-html":1,"magento-html":1}
[prefilter] worker=22 checked=200/998 passed=1 failed=199 by_platform={"shopify-html":1}
[prefilter] worker=3 checked=200/1000 passed=2 failed=198 by_platform={"shopify-html":1,"magento-html":1}
[prefilter] worker=43 checked=250/999 passed=8 failed=242 by_platform={"shopify":1,"woocommerce-html":4,"magento-html":1,"woocommerce":1,"shopify-html":1}
[prefilter] worker=93 checked=250/999 passed=7 failed=243 by_platform={"woocommerce-html":2,"woocommerce":3,"shopify-html":2}
[prefilter] worker=0 checked=250/999 passed=5 failed=245 by_platform={"shopify":1,"shopify-html":2,"woocommerce-html":2}
[prefilter] worker=67 checked=300/999 passed=10 failed=290 by_platform={"shopify":1,"woocommerce-html":5,"magento-html":1,"woocommerce":1,"shopify-html":2}
[prefilter] worker=60 checked=300/999 passed=7 failed=293 by_platform={"woocommerce-html":2,"woocommerce":3,"shopify-html":2}
[prefilter] worker=60 checked=300/999 passed=5 failed=295 by_platform={"shopify":1,"shopify-html":2,"woocommerce-html":2}
[prefilter] worker=46 checked=350/999 passed=13 failed=337 by_platform={"shopify":1,"woocommerce-html":5,"magento-html":1,"woocommerce":3,"shopify-html":3}
[prefilter] worker=64 checked=250/998 passed=1 failed=249 by_platform={"shopify-html":1}
[prefilter] worker=99 checked=250/1000 passed=2 failed=248 by_platform={"shopify-html":1,"magento-html":1}
[prefilter] worker=17 checked=300/998 passed=1 failed=299 by_platform={"shopify-html":1}
[prefilter] worker=38 checked=300/1000 passed=2 failed=298 by_platform={"shopify-html":1,"magento-html":1}
[prefilter] worker=93 checked=350/999 passed=7 failed=343 by_platform={"woocommerce-html":2,"woocommerce":3,"shopify-html":2}
[prefilter] worker=12 checked=350/999 passed=5 failed=345 by_platform={"shopify":1,"shopify-html":2,"woocommerce-html":2}
[prefilter] worker=44 checked=400/999 passed=15 failed=385 by_platform={"shopify":1,"woocommerce-html":5,"magento-html":2,"woocommerce":3,"shopify-html":3,"schema-product":1}
[prefilter] worker=51 checked=400/999 passed=7 failed=393 by_platform={"woocommerce-html":2,"woocommerce":3,"shopify-html":2}
[prefilter] worker=8 checked=400/999 passed=5 failed=395 by_platform={"shopify":1,"shopify-html":2,"woocommerce-html":2}
[prefilter] worker=46 checked=450/999 passed=15 failed=435 by_platform={"shopify":1,"woocommerce-html":5,"magento-html":2,"woocommerce":3,"shopify-html":3,"schema-product":1}
[prefilter] worker=64 checked=350/998 passed=1 failed=349 by_platform={"shopify-html":1}
[prefilter] worker=92 checked=350/1000 passed=2 failed=348 by_platform={"shopify-html":1,"magento-html":1}
[prefilter] worker=22 checked=400/998 passed=1 failed=399 by_platform={"shopify-html":1}
[prefilter] worker=3 checked=400/1000 passed=2 failed=398 by_platform={"shopify-html":1,"magento-html":1}
[prefilter] worker=75 checked=450/999 passed=5 failed=445 by_platform={"shopify":1,"shopify-html":2,"woocommerce-html":2}
[prefilter] worker=93 checked=450/999 passed=7 failed=443 by_platform={"woocommerce-html":2,"woocommerce":3,"shopify-html":2}
[prefilter] worker=22 checked=500/999 passed=6 failed=494 by_platform={"shopify":1,"shopify-html":2,"woocommerce-html":3}
[prefilter] worker=53 checked=550/999 passed=9 failed=541 by_platform={"shopify":1,"shopify-html":2,"woocommerce-html":3,"bigcommerce-html":1,"woocommerce":1,"schema-product":1}
[prefilter] worker=44 checked=500/999 passed=15 failed=485 by_platform={"shopify":1,"woocommerce-html":5,"magento-html":2,"woocommerce":3,"shopify-html":3,"schema-product":1}
[prefilter] worker=87 checked=600/999 passed=9 failed=591 by_platform={"shopify":1,"shopify-html":2,"woocommerce-html":3,"bigcommerce-html":1,"woocommerce":1,"schema-product":1}
[prefilter] worker=12 checked=650/999 passed=15 failed=635 by_platform={"shopify":1,"shopify-html":2,"woocommerce-html":6,"bigcommerce-html":1,"woocommerce":2,"schema-product":2,"magento-html":1}
[prefilter] worker=51 checked=500/999 passed=7 failed=493 by_platform={"woocommerce-html":2,"woocommerce":3,"shopify-html":2}
[prefilter] worker=90 checked=700/999 passed=18 failed=682 by_platform={"shopify":1,"shopify-html":2,"woocommerce-html":7,"bigcommerce-html":1,"woocommerce":3,"schema-product":2,"magento-html":1,"magento":1}
[prefilter] worker=35 checked=550/999 passed=15 failed=535 by_platform={"shopify":1,"woocommerce-html":5,"magento-html":2,"woocommerce":3,"shopify-html":3,"schema-product":1}
[prefilter] worker=37 checked=750/999 passed=23 failed=727 by_platform={"shopify":1,"shopify-html":2,"woocommerce-html":7,"bigcommerce-html":1,"woocommerce":3,"schema-product":6,"magento-html":1,"magento":2}
[prefilter] worker=37 checked=800/999 passed=25 failed=775 by_platform={"shopify":1,"shopify-html":2,"woocommerce-html":8,"bigcommerce-html":1,"woocommerce":3,"schema-product":7,"magento-html":1,"magento":2}
[prefilter] worker=64 checked=450/998 passed=1 failed=449 by_platform={"shopify-html":1}
[prefilter] worker=91 checked=450/1000 passed=2 failed=448 by_platform={"shopify-html":1,"magento-html":1}
[prefilter] worker=17 checked=500/998 passed=1 failed=499 by_platform={"shopify-html":1}
[prefilter] worker=38 checked=500/1000 passed=2 failed=498 by_platform={"shopify-html":1,"magento-html":1}
[prefilter] worker=68 checked=850/999 passed=26 failed=824 by_platform={"shopify":1,"shopify-html":2,"woocommerce-html":9,"bigcommerce-html":1,"woocommerce":3,"schema-product":7,"magento-html":1,"magento":2}
[prefilter] worker=93 checked=550/999 passed=7 failed=543 by_platform={"woocommerce-html":2,"woocommerce":3,"shopify-html":2}
[prefilter] worker=44 checked=600/999 passed=15 failed=585 by_platform={"shopify":1,"woocommerce-html":5,"magento-html":2,"woocommerce":3,"shopify-html":3,"schema-product":1}
[prefilter] worker=51 checked=600/999 passed=7 failed=593 by_platform={"woocommerce-html":2,"woocommerce":3,"shopify-html":2}
[prefilter] worker=46 checked=650/999 passed=15 failed=635 by_platform={"shopify":1,"woocommerce-html":5,"magento-html":2,"woocommerce":3,"shopify-html":3,"schema-product":1}
[prefilter] worker=64 checked=550/998 passed=1 failed=549 by_platform={"shopify-html":1}
[prefilter] worker=14 checked=900/999 passed=26 failed=874 by_platform={"shopify":1,"shopify-html":2,"woocommerce-html":9,"bigcommerce-html":1,"woocommerce":3,"schema-product":7,"magento-html":1,"magento":2}
[prefilter] worker=67 checked=550/1000 passed=2 failed=548 by_platform={"shopify-html":1,"magento-html":1}
[prefilter] worker=22 checked=600/998 passed=1 failed=599 by_platform={"shopify-html":1}
[prefilter] worker=3 checked=600/1000 passed=2 failed=598 by_platform={"shopify-html":1,"magento-html":1}
[prefilter] worker=81 checked=950/999 passed=26 failed=924 by_platform={"shopify":1,"shopify-html":2,"woocommerce-html":9,"bigcommerce-html":1,"woocommerce":3,"schema-product":7,"magento-html":1,"magento":2}
[prefilter] worker=93 checked=650/999 passed=7 failed=643 by_platform={"woocommerce-html":2,"woocommerce":3,"shopify-html":2}
[prefilter] worker=44 checked=700/999 passed=15 failed=685 by_platform={"shopify":1,"woocommerce-html":5,"magento-html":2,"woocommerce":3,"shopify-html":3,"schema-product":1}
[prefilter] worker=51 checked=700/999 passed=7 failed=693 by_platform={"woocommerce-html":2,"woocommerce":3,"shopify-html":2}
[prefilter] worker=35 checked=750/999 passed=15 failed=735 by_platform={"shopify":1,"woocommerce-html":5,"magento-html":2,"woocommerce":3,"shopify-html":3,"schema-product":1}
[prefilter] worker=64 checked=650/998 passed=1 failed=649 by_platform={"shopify-html":1}
[prefilter] worker=62 checked=999/999 passed=26 failed=973 by_platform={"shopify":1,"shopify-html":2,"woocommerce-html":9,"bigcommerce-html":1,"woocommerce":3,"schema-product":7,"magento-html":1,"magento":2}
[prefilter] done: {"checked":999,"passed":26,"failed":973,"by_platform":{"shopify":1,"shopify-html":2,"woocommerce-html":9,"bigcommerce-html":1,"woocommerce":3,"schema-product":7,"magento-html":1,"magento":2},"started_at":"2026-06-11T11:34:47.235Z","finished_at":"2026-06-11T11:39:39.979Z","output":"data/discovery_2026-06-11/prefilter_parallel/cursor_20000/split2.ndjson","output_rows":26}
[prefilter] worker=99 checked=650/1000 passed=2 failed=648 by_platform={"shopify-html":1,"magento-html":1}
[prefilter] worker=17 checked=700/998 passed=1 failed=699 by_platform={"shopify-html":1}
[prefilter] worker=38 checked=700/1000 passed=2 failed=698 by_platform={"shopify-html":1,"magento-html":1}
[prefilter] worker=93 checked=750/999 passed=7 failed=743 by_platform={"woocommerce-html":2,"woocommerce":3,"shopify-html":2}
[prefilter] worker=44 checked=800/999 passed=15 failed=785 by_platform={"shopify":1,"woocommerce-html":5,"magento-html":2,"woocommerce":3,"shopify-html":3,"schema-product":1}
[prefilter] worker=51 checked=800/999 passed=7 failed=793 by_platform={"woocommerce-html":2,"woocommerce":3,"shopify-html":2}
[prefilter] worker=46 checked=850/999 passed=15 failed=835 by_platform={"shopify":1,"woocommerce-html":5,"magento-html":2,"woocommerce":3,"shopify-html":3,"schema-product":1}
[prefilter] worker=64 checked=750/998 passed=1 failed=749 by_platform={"shopify-html":1}
[prefilter] worker=90 checked=750/1000 passed=2 failed=748 by_platform={"shopify-html":1,"magento-html":1}
[prefilter] worker=22 checked=800/998 passed=1 failed=799 by_platform={"shopify-html":1}
[prefilter] worker=3 checked=800/1000 passed=2 failed=798 by_platform={"shopify-html":1,"magento-html":1}
[prefilter] worker=93 checked=850/999 passed=7 failed=843 by_platform={"woocommerce-html":2,"woocommerce":3,"shopify-html":2}
[prefilter] worker=44 checked=900/999 passed=15 failed=885 by_platform={"shopify":1,"woocommerce-html":5,"magento-html":2,"woocommerce":3,"shopify-html":3,"schema-product":1}
[prefilter] worker=51 checked=900/999 passed=7 failed=893 by_platform={"woocommerce-html":2,"woocommerce":3,"shopify-html":2}
[prefilter] worker=46 checked=950/999 passed=15 failed=935 by_platform={"shopify":1,"woocommerce-html":5,"magento-html":2,"woocommerce":3,"shopify-html":3,"schema-product":1}
[prefilter] worker=64 checked=850/998 passed=1 failed=849 by_platform={"shopify-html":1}
[prefilter] worker=98 checked=850/1000 passed=2 failed=848 by_platform={"shopify-html":1,"magento-html":1}
[prefilter] worker=17 checked=900/998 passed=1 failed=899 by_platform={"shopify-html":1}
[prefilter] worker=16 checked=900/1000 passed=2 failed=898 by_platform={"shopify-html":1,"magento-html":1}
[prefilter] worker=93 checked=950/999 passed=7 failed=943 by_platform={"woocommerce-html":2,"woocommerce":3,"shopify-html":2}
[prefilter] worker=83 checked=999/999 passed=15 failed=984 by_platform={"shopify":1,"woocommerce-html":5,"magento-html":2,"woocommerce":3,"shopify-html":3,"schema-product":1}
[prefilter] done: {"checked":999,"passed":15,"failed":984,"by_platform":{"shopify":1,"woocommerce-html":5,"magento-html":2,"woocommerce":3,"shopify-html":3,"schema-product":1},"started_at":"2026-06-11T11:34:47.203Z","finished_at":"2026-06-11T11:41:25.766Z","output":"data/discovery_2026-06-11/prefilter_parallel/cursor_20000/split1.ndjson","output_rows":15}
[prefilter] worker=60 checked=999/999 passed=7 failed=992 by_platform={"woocommerce-html":2,"woocommerce":3,"shopify-html":2}
[prefilter] done: {"checked":999,"passed":7,"failed":992,"by_platform":{"woocommerce-html":2,"woocommerce":3,"shopify-html":2},"started_at":"2026-06-11T11:34:47.234Z","finished_at":"2026-06-11T11:41:33.858Z","output":"data/discovery_2026-06-11/prefilter_parallel/cursor_20000/split3.ndjson","output_rows":7}
[prefilter] worker=64 checked=950/998 passed=1 failed=949 by_platform={"shopify-html":1}
[prefilter] worker=23 checked=950/1000 passed=2 failed=948 by_platform={"shopify-html":1,"magento-html":1}
[prefilter] worker=30 checked=998/998 passed=1 failed=997 by_platform={"shopify-html":1}
[prefilter] done: {"checked":998,"passed":1,"failed":997,"by_platform":{"shopify-html":1},"started_at":"2026-06-11T11:34:47.204Z","finished_at":"2026-06-11T11:41:52.884Z","output":"data/discovery_2026-06-11/prefilter_parallel/cursor_20000/split4.ndjson","output_rows":1}
[prefilter] worker=16 checked=1000/1000 passed=2 failed=998 by_platform={"shopify-html":1,"magento-html":1}
[prefilter] done: {"checked":1000,"passed":2,"failed":998,"by_platform":{"shopify-html":1,"magento-html":1},"started_at":"2026-06-11T11:34:47.239Z","finished_at":"2026-06-11T11:41:55.898Z","output":"data/discovery_2026-06-11/prefilter_parallel/cursor_20000/split5.ndjson","output_rows":2}
[Thu Jun 11 11:42:15 UTC 2026] Cursor 20000: 51 stores passed prefilter
[deep-page] input records=51 ecom=51 by_platform={"shopify":2,"woocommerce-html":16,"magento-html":4,"woocommerce":9,"shopify-html":9,"schema-product":8,"bigcommerce-html":1,"magento":2} concurrency=50
[dp] gymshark.com page=1 status=429 bodyLen=undefined
[dp] westside.com page=1 status=429 bodyLen=undefined
[dp:wc] seesaw.me page=1 status=404 bodyLen=undefined
[dp] writesonic.com page=1 status=404 bodyLen=undefined
[dp:wc] teamup.com page=1 status=404 bodyLen=undefined
[dp:mg] soccertvhd.com page=1 status=200 bodyLen=107
[dp:wc] idmap.ai page=1 status=404 bodyLen=undefined
[dp:wc] pivigames.blog page=1 status=404 bodyLen=undefined
[dp:mg] roadandtrack.com page=1 status=404 bodyLen=undefined
[dp:wc] traveltowngame.net page=1 status=200 bodyLen=110467
[dp:wc] ksrtc.in page=1 status=200 bodyLen=200598
[dp:mg] tractive.com page=1 status=404 bodyLen=undefined
[dp:wc] forzamotorsport.net page=1 status=200 bodyLen=77317
[dp:wc] bnc.lt page=1 status=200 bodyLen=1229832
[dp] bitcoinmagazine.com page=1 status=404 bodyLen=undefined
[dp:mg] oprahdaily.com page=1 status=404 bodyLen=undefined
[dp:wc] opalstack.com page=1 status=404 bodyLen=undefined
[dp:wc] hiper.cool page=1 status=404 bodyLen=undefined
[dp] vogue.fr page=1 status=404 bodyLen=undefined
[dp:wc] kosmo.com.my page=1 status=401 bodyLen=undefined
[dp] thoughtcatalog.com page=1 status=404 bodyLen=undefined
[dp:wc] neurosciencenews.com page=1 status=403 bodyLen=undefined
[dp] zipify.com page=1 status=404 bodyLen=undefined
[dp:wc] zapvi.in page=1 status=401 bodyLen=undefined
[dp:wc] ngrok-free.dev page=1 status=200 bodyLen=321098
[deep-page] worker=30 stores=25 failed=0 products=2 by_platform={"woocommerce-html":9,"shopify-html":5,"magento":1,"schema-product":2,"magento-html":3,"woocommerce":5}
[dp:wc] manga-lc.net page=1 status=404 bodyLen=undefined
[dp] omnisend.com page=1 status=404 bodyLen=undefined
[dp:wc] focusschoolsoftware.com page=1 status=401 bodyLen=undefined
[dp:mg] latinoamericahosting.com page=1 status=200 bodyLen=107
[dp] zwift.com page=1 status=404 bodyLen=undefined
[dp:wc] superguidatv.it page=1 status=404 bodyLen=undefined
[dp:wc] tiamanhwa.com page=1 status=404 bodyLen=undefined
[dp:wc] catholicnewsagency.com page=1 status=200 bodyLen=710455
[dp:wc] psypost.org page=1 status=404 bodyLen=undefined
[dp:wc] seabank.co.id page=1 status=200 bodyLen=11447
[dp:bc] pop-os.org page=1 status=404 bodyLen=undefined
[dp:wc] cert.ee page=1 status=200 bodyLen=117554
[dp:wc] um.edu.my page=1 status=404 bodyLen=undefined
[dp:wc] facer.io page=1 status=200 bodyLen=16341
[dp:wc] zmescience.com page=1 status=404 bodyLen=undefined
[dp:mg] likuid.com page=1 status=404 bodyLen=undefined
[dp] embedsocial.com page=1 status=200 bodyLen=397012
[dp] embedsocial.com parse err: Unexpected token '<', "<!doctype "... is not valid JSON
[dp] lumenlearning.com page=1 status=404 bodyLen=undefined
[dp] gymshark.com page=1 status=429 bodyLen=undefined
[dp] westside.com page=1 status=429 bodyLen=undefined
[dp] gymshark.com page=1 status=429 bodyLen=undefined
[dp] westside.com page=1 status=429 bodyLen=undefined
[dp] gymshark.com page=1 status=429 bodyLen=undefined
[dp] westside.com page=1 status=429 bodyLen=undefined
[dp] gymshark.com page=1 status=429 bodyLen=undefined
[dp] westside.com page=1 status=429 bodyLen=undefined
[dp] gymshark.com page=1 status=429 bodyLen=undefined
[deep-page] worker=0 stores=50 failed=0 products=60 by_platform={"woocommerce-html":16,"shopify-html":9,"magento":2,"schema-product":8,"magento-html":4,"woocommerce":9,"bigcommerce-html":1,"shopify":1}
[dp] westside.com page=1 status=429 bodyLen=undefined
[deep-page] DONE: {"stores_processed":51,"stores_failed":0,"total_products":60,"by_platform":{"woocommerce-html":16,"shopify-html":9,"magento":2,"schema-product":8,"magento-html":4,"woocommerce":9,"bigcommerce-html":1,"shopify":2},"started_at":"2026-06-11T11:42:15.517Z","finished_at":"2026-06-11T11:43:15.808Z","output_rows":60}
[Thu Jun 11 11:43:15 UTC 2026] Cursor 25000: 60 products extracted
(node:2633264) Warning: SECURITY WARNING: The SSL modes 'prefer', 'require', and 'verify-ca' are treated as aliases for 'verify-full'.
In the next major version (pg-connection-string v3.0.0 and pg v9.0.0), these modes will adopt standard libpq semantics, which have weaker security guarantees.

To prepare for this change:
- If you want the current behavior, explicitly use 'sslmode=verify-full'
- If you want libpq compatibility now, use 'uselibpqcompat=true&sslmode=require'

See https://www.postgresql.org/docs/current/libpq-ssl.html for libpq SSL mode definitions.
(Use `node --trace-warnings ...` to show where the warning was created)
(node:2633264) Warning: Setting the NODE_TLS_REJECT_UNAUTHORIZED environment variable to '0' makes TLS connections and HTTPS requests insecure by disabling certificate verification.
[ingest-daemon] {"ts":"2026-06-11T11:43:25.459Z","file":"products_cursor_25000.ndjson.processing.ndjson","rows":60,"written":60,"fabricated":false,"fabrication_share":{"zeroPriceShare":0.13333333333333333,"nullImageShare":0.15,"nullSkuShare":0,"emptyTitleShare":0},"elapsed_ms":7595,"rows_per_sec":"7.9"}
[Thu Jun 11 11:43:25 UTC 2026] Cursor 25000: ingested 60 (session cumulative: 928)
[Thu Jun 11 11:43:27 UTC 2026] Cursor 25000 batch 6: 5000 domains (lines 25001-30000)
[prefilter] input=/tmp/loop_split_25000_5.txt domains=1000 concurrency=100
[prefilter] input=/tmp/loop_split_25000_3.txt domains=999 concurrency=100
[prefilter] input=/tmp/loop_split_25000_4.txt domains=997 concurrency=100
[prefilter] input=/tmp/loop_split_25000_1.txt domains=999 concurrency=100
[prefilter] input=/tmp/loop_split_25000_2.txt domains=999 concurrency=100
[prefilter] worker=4 checked=50/1000 passed=6 failed=44 by_platform={"shopify-html":1,"magento":2,"woocommerce":1,"schema-product":2}
[prefilter] worker=38 checked=50/999 passed=2 failed=48 by_platform={"woocommerce":1,"shopify-html":1}
[prefilter] worker=79 checked=50/997 passed=0 failed=50 by_platform={}
[prefilter] worker=56 checked=50/999 passed=0 failed=50 by_platform={}
[prefilter] worker=63 checked=50/999 passed=0 failed=50 by_platform={}
[prefilter] worker=13 checked=100/999 passed=0 failed=100 by_platform={}
[prefilter] worker=3 checked=100/999 passed=0 failed=100 by_platform={}
[prefilter] worker=33 checked=100/1000 passed=11 failed=89 by_platform={"shopify-html":1,"magento":2,"woocommerce":2,"schema-product":3,"woocommerce-html":3}
[prefilter] worker=71 checked=100/999 passed=2 failed=98 by_platform={"woocommerce":1,"shopify-html":1}
[prefilter] worker=64 checked=100/997 passed=0 failed=100 by_platform={}
[prefilter] worker=10 checked=150/1000 passed=12 failed=138 by_platform={"shopify-html":2,"magento":2,"woocommerce":2,"schema-product":3,"woocommerce-html":3}
[prefilter] worker=99 checked=200/1000 passed=15 failed=185 by_platform={"shopify-html":3,"magento":2,"woocommerce":2,"schema-product":3,"woocommerce-html":5}
[prefilter] worker=36 checked=250/1000 passed=18 failed=232 by_platform={"shopify-html":4,"magento":2,"woocommerce":2,"schema-product":4,"woocommerce-html":6}
[prefilter] worker=38 checked=150/999 passed=2 failed=148 by_platform={"woocommerce":1,"shopify-html":1}
[prefilter] worker=57 checked=150/997 passed=0 failed=150 by_platform={}
[prefilter] worker=49 checked=150/999 passed=0 failed=150 by_platform={}
[prefilter] worker=44 checked=150/999 passed=0 failed=150 by_platform={}
[prefilter] worker=94 checked=200/999 passed=0 failed=200 by_platform={}
[prefilter] worker=3 checked=200/999 passed=0 failed=200 by_platform={}
[prefilter] worker=44 checked=200/999 passed=2 failed=198 by_platform={"woocommerce":1,"shopify-html":1}
[prefilter] worker=74 checked=200/997 passed=0 failed=200 by_platform={}
[prefilter] worker=47 checked=300/1000 passed=19 failed=281 by_platform={"shopify-html":4,"magento":2,"woocommerce":3,"schema-product":4,"woocommerce-html":6}
[prefilter] worker=30 checked=350/1000 passed=19 failed=331 by_platform={"shopify-html":4,"magento":2,"woocommerce":3,"schema-product":4,"woocommerce-html":6}
[prefilter] worker=38 checked=250/999 passed=2 failed=248 by_platform={"woocommerce":1,"shopify-html":1}
[prefilter] worker=47 checked=250/997 passed=2 failed=248 by_platform={"woocommerce-html":1,"woocommerce":1}
[prefilter] worker=56 checked=250/999 passed=0 failed=250 by_platform={}
[prefilter] worker=63 checked=250/999 passed=0 failed=250 by_platform={}
[prefilter] worker=13 checked=300/999 passed=0 failed=300 by_platform={}
[prefilter] worker=3 checked=300/999 passed=0 failed=300 by_platform={}
[prefilter] worker=71 checked=300/999 passed=2 failed=298 by_platform={"woocommerce":1,"shopify-html":1}
[prefilter] worker=64 checked=300/997 passed=2 failed=298 by_platform={"woocommerce-html":1,"woocommerce":1}
[prefilter] worker=5 checked=400/1000 passed=19 failed=381 by_platform={"shopify-html":4,"magento":2,"woocommerce":3,"schema-product":4,"woocommerce-html":6}
[prefilter] worker=67 checked=450/1000 passed=19 failed=431 by_platform={"shopify-html":4,"magento":2,"woocommerce":3,"schema-product":4,"woocommerce-html":6}
[prefilter] worker=38 checked=350/999 passed=2 failed=348 by_platform={"woocommerce":1,"shopify-html":1}
[prefilter] worker=48 checked=350/997 passed=2 failed=348 by_platform={"woocommerce-html":1,"woocommerce":1}
[prefilter] worker=49 checked=350/999 passed=0 failed=350 by_platform={}
[prefilter] worker=44 checked=350/999 passed=0 failed=350 by_platform={}
[prefilter] worker=94 checked=400/999 passed=0 failed=400 by_platform={}
[prefilter] worker=3 checked=400/999 passed=0 failed=400 by_platform={}
[prefilter] worker=57 checked=400/999 passed=2 failed=398 by_platform={"woocommerce":1,"shopify-html":1}
[prefilter] worker=38 checked=400/997 passed=2 failed=398 by_platform={"woocommerce-html":1,"woocommerce":1}
[prefilter] worker=47 checked=500/1000 passed=19 failed=481 by_platform={"shopify-html":4,"magento":2,"woocommerce":3,"schema-product":4,"woocommerce-html":6}
[prefilter] worker=30 checked=550/1000 passed=19 failed=531 by_platform={"shopify-html":4,"magento":2,"woocommerce":3,"schema-product":4,"woocommerce-html":6}
[prefilter] worker=38 checked=450/999 passed=2 failed=448 by_platform={"woocommerce":1,"shopify-html":1}
[prefilter] worker=47 checked=450/997 passed=2 failed=448 by_platform={"woocommerce-html":1,"woocommerce":1}
[prefilter] worker=56 checked=450/999 passed=0 failed=450 by_platform={}
[prefilter] worker=63 checked=450/999 passed=0 failed=450 by_platform={}
[prefilter] worker=13 checked=500/999 passed=0 failed=500 by_platform={}
[prefilter] worker=3 checked=500/999 passed=0 failed=500 by_platform={}
[prefilter] worker=71 checked=500/999 passed=2 failed=498 by_platform={"woocommerce":1,"shopify-html":1}
[prefilter] worker=64 checked=500/997 passed=2 failed=498 by_platform={"woocommerce-html":1,"woocommerce":1}
[prefilter] worker=5 checked=600/1000 passed=19 failed=581 by_platform={"shopify-html":4,"magento":2,"woocommerce":3,"schema-product":4,"woocommerce-html":6}
[prefilter] worker=67 checked=650/1000 passed=19 failed=631 by_platform={"shopify-html":4,"magento":2,"woocommerce":3,"schema-product":4,"woocommerce-html":6}
[prefilter] worker=38 checked=550/999 passed=2 failed=548 by_platform={"woocommerce":1,"shopify-html":1}
[prefilter] worker=48 checked=550/997 passed=2 failed=548 by_platform={"woocommerce-html":1,"woocommerce":1}
[prefilter] worker=49 checked=550/999 passed=0 failed=550 by_platform={}
[prefilter] worker=44 checked=550/999 passed=0 failed=550 by_platform={}
[prefilter] worker=94 checked=600/999 passed=0 failed=600 by_platform={}
[prefilter] worker=3 checked=600/999 passed=0 failed=600 by_platform={}
[prefilter] worker=57 checked=600/999 passed=2 failed=598 by_platform={"woocommerce":1,"shopify-html":1}
[prefilter] worker=50 checked=600/997 passed=2 failed=598 by_platform={"woocommerce-html":1,"woocommerce":1}
[prefilter] worker=47 checked=700/1000 passed=19 failed=681 by_platform={"shopify-html":4,"magento":2,"woocommerce":3,"schema-product":4,"woocommerce-html":6}
[prefilter] worker=30 checked=750/1000 passed=19 failed=731 by_platform={"shopify-html":4,"magento":2,"woocommerce":3,"schema-product":4,"woocommerce-html":6}
[prefilter] worker=38 checked=650/999 passed=2 failed=648 by_platform={"woocommerce":1,"shopify-html":1}
[prefilter] worker=47 checked=650/997 passed=2 failed=648 by_platform={"woocommerce-html":1,"woocommerce":1}
[prefilter] worker=56 checked=650/999 passed=0 failed=650 by_platform={}
[prefilter] worker=63 checked=650/999 passed=0 failed=650 by_platform={}
[prefilter] worker=13 checked=700/999 passed=0 failed=700 by_platform={}
[prefilter] worker=3 checked=700/999 passed=0 failed=700 by_platform={}
[prefilter] worker=71 checked=700/999 passed=2 failed=698 by_platform={"woocommerce":1,"shopify-html":1}
[prefilter] worker=38 checked=700/997 passed=2 failed=698 by_platform={"woocommerce-html":1,"woocommerce":1}
[prefilter] worker=5 checked=800/1000 passed=19 failed=781 by_platform={"shopify-html":4,"magento":2,"woocommerce":3,"schema-product":4,"woocommerce-html":6}
[prefilter] worker=67 checked=850/1000 passed=19 failed=831 by_platform={"shopify-html":4,"magento":2,"woocommerce":3,"schema-product":4,"woocommerce-html":6}
[prefilter] worker=38 checked=750/999 passed=2 failed=748 by_platform={"woocommerce":1,"shopify-html":1}
[prefilter] worker=48 checked=750/997 passed=2 failed=748 by_platform={"woocommerce-html":1,"woocommerce":1}
[prefilter] worker=49 checked=750/999 passed=0 failed=750 by_platform={}
[prefilter] worker=44 checked=750/999 passed=0 failed=750 by_platform={}
[prefilter] worker=94 checked=800/999 passed=0 failed=800 by_platform={}
[prefilter] worker=3 checked=800/999 passed=0 failed=800 by_platform={}
[prefilter] worker=57 checked=800/999 passed=2 failed=798 by_platform={"woocommerce":1,"shopify-html":1}
[prefilter] worker=64 checked=800/997 passed=2 failed=798 by_platform={"woocommerce-html":1,"woocommerce":1}
[prefilter] worker=47 checked=900/1000 passed=19 failed=881 by_platform={"shopify-html":4,"magento":2,"woocommerce":3,"schema-product":4,"woocommerce-html":6}
[prefilter] worker=12 checked=950/1000 passed=19 failed=931 by_platform={"shopify-html":4,"magento":2,"woocommerce":3,"schema-product":4,"woocommerce-html":6}
[prefilter] worker=38 checked=850/999 passed=2 failed=848 by_platform={"woocommerce":1,"shopify-html":1}
[prefilter] worker=47 checked=850/997 passed=2 failed=848 by_platform={"woocommerce-html":1,"woocommerce":1}
[prefilter] worker=63 checked=850/999 passed=0 failed=850 by_platform={}
[prefilter] worker=56 checked=850/999 passed=0 failed=850 by_platform={}
[prefilter] worker=13 checked=900/999 passed=0 failed=900 by_platform={}
[prefilter] worker=3 checked=900/999 passed=0 failed=900 by_platform={}
[prefilter] worker=71 checked=900/999 passed=2 failed=898 by_platform={"woocommerce":1,"shopify-html":1}
[prefilter] worker=38 checked=900/997 passed=2 failed=898 by_platform={"woocommerce-html":1,"woocommerce":1}
[prefilter] worker=5 checked=1000/1000 passed=19 failed=981 by_platform={"shopify-html":4,"magento":2,"woocommerce":3,"schema-product":4,"woocommerce-html":6}
[prefilter] done: {"checked":1000,"passed":19,"failed":981,"by_platform":{"shopify-html":4,"magento":2,"woocommerce":3,"schema-product":4,"woocommerce-html":6},"started_at":"2026-06-11T11:43:27.676Z","finished_at":"2026-06-11T11:50:01.365Z","output":"data/discovery_2026-06-11/prefilter_parallel/cursor_25000/split5.ndjson","output_rows":19}
[prefilter] worker=38 checked=950/999 passed=2 failed=948 by_platform={"woocommerce":1,"shopify-html":1}
[prefilter] worker=48 checked=950/997 passed=2 failed=948 by_platform={"woocommerce-html":1,"woocommerce":1}
[prefilter] worker=56 checked=950/999 passed=0 failed=950 by_platform={}
[prefilter] worker=17 checked=999/999 passed=0 failed=999 by_platform={}
[prefilter] done: {"checked":999,"passed":0,"failed":999,"by_platform":{},"started_at":"2026-06-11T11:43:27.736Z","finished_at":"2026-06-11T11:50:32.536Z","output":"data/discovery_2026-06-11/prefilter_parallel/cursor_25000/split2.ndjson","output_rows":0}
[prefilter] worker=53 checked=950/999 passed=0 failed=950 by_platform={}
[prefilter] worker=99 checked=999/999 passed=0 failed=999 by_platform={}
[prefilter] done: {"checked":999,"passed":0,"failed":999,"by_platform":{},"started_at":"2026-06-11T11:43:27.699Z","finished_at":"2026-06-11T11:50:32.553Z","output":"data/discovery_2026-06-11/prefilter_parallel/cursor_25000/split3.ndjson","output_rows":0}
[prefilter] worker=60 checked=999/999 passed=2 failed=997 by_platform={"woocommerce":1,"shopify-html":1}
[prefilter] done: {"checked":999,"passed":2,"failed":997,"by_platform":{"woocommerce":1,"shopify-html":1},"started_at":"2026-06-11T11:43:27.732Z","finished_at":"2026-06-11T11:50:34.980Z","output":"data/discovery_2026-06-11/prefilter_parallel/cursor_25000/split1.ndjson","output_rows":2}
[prefilter] worker=61 checked=997/997 passed=2 failed=995 by_platform={"woocommerce-html":1,"woocommerce":1}
[prefilter] done: {"checked":997,"passed":2,"failed":995,"by_platform":{"woocommerce-html":1,"woocommerce":1},"started_at":"2026-06-11T11:43:27.721Z","finished_at":"2026-06-11T11:50:35.917Z","output":"data/discovery_2026-06-11/prefilter_parallel/cursor_25000/split4.ndjson","output_rows":2}
[Thu Jun 11 11:50:57 UTC 2026] Cursor 25000: 23 stores passed prefilter
[deep-page] input records=23 ecom=23 by_platform={"woocommerce":5,"shopify-html":5,"woocommerce-html":7,"magento":2,"schema-product":4} concurrency=50
[dp:wc] azarlive.com page=1 status=200 bodyLen=8139
[dp:mg] cyberfolks.ro page=1 status=200 bodyLen=107
[dp] maestra.io page=1 status=404 bodyLen=undefined
[dp:mg] maxim.com page=1 status=200 bodyLen=107
[dp] hengam.io page=1 status=404 bodyLen=undefined
[dp:wc] wmflabs.org page=1 status=200 bodyLen=77900
[dp:wc] benchmarkemail.com page=1 status=404 bodyLen=undefined
[dp:wc] volkswagen.com page=1 status=200 bodyLen=688961
[dp] a24films.com page=1 status=404 bodyLen=undefined
[dp] avalara.com page=1 status=404 bodyLen=undefined
[dp:wc] target-video.com page=1 status=404 bodyLen=undefined
[dp:wc] parsvds.com page=1 status=401 bodyLen=undefined
[dp:wc] concentrix.com page=1 status=200 bodyLen=804497
[dp:wc] megasoft.ru page=1 status=200 bodyLen=63111
[dp:wc] nvaccess.org page=1 status=401 bodyLen=undefined
[dp:wc] spalla.io page=1 status=404 bodyLen=undefined
[dp:wc] hostgator.co page=1 status=404 bodyLen=undefined
[dp:wc] louhi.fi page=1 status=404 bodyLen=undefined
[dp] ultimateclassicrock.com page=1 status=404 bodyLen=undefined
[deep-page] DONE: {"stores_processed":22,"stores_failed":1,"total_products":1,"by_platform":{"woocommerce":5,"magento":2,"shopify-html":5,"woocommerce-html":7,"schema-product":3},"started_at":"2026-06-11T11:50:57.393Z","finished_at":"2026-06-11T11:51:02.074Z","output_rows":1}
[Thu Jun 11 11:51:02 UTC 2026] Cursor 30000: 1 products extracted
[ingest-daemon] {"ts":"2026-06-11T11:51:06.873Z","file":"products_cursor_30000.ndjson.processing.ndjson","rows":1,"written":0,"fabricated":true,"fabrication_share":{"zeroPriceShare":1,"nullImageShare":1,"nullSkuShare":0,"emptyTitleShare":0},"elapsed_ms":1,"rows_per_sec":0}
[Thu Jun 11 11:51:06 UTC 2026] Cursor 30000: ingested 1 (session cumulative: 929)
[Thu Jun 11 11:51:08 UTC 2026] Cursor 30000 batch 7: 5000 domains (lines 30001-35000)
[prefilter] input=/tmp/loop_split_30000_3.txt domains=1000 concurrency=100
[prefilter] input=/tmp/loop_split_30000_1.txt domains=1000 concurrency=100
[prefilter] input=/tmp/loop_split_30000_5.txt domains=999 concurrency=100
[prefilter] input=/tmp/loop_split_30000_2.txt domains=1000 concurrency=100
[prefilter] input=/tmp/loop_split_30000_4.txt domains=1000 concurrency=100
[prefilter] worker=68 checked=50/1000 passed=5 failed=45 by_platform={"shopify":2,"woocommerce":3}
[prefilter] worker=82 checked=50/1000 passed=5 failed=45 by_platform={"shopify-html":2,"woocommerce":1,"schema-product":2}
[prefilter] worker=74 checked=100/1000 passed=9 failed=91 by_platform={"shopify":3,"woocommerce":3,"shopify-html":2,"woocommerce-html":1}
[prefilter] worker=70 checked=100/1000 passed=8 failed=92 by_platform={"shopify-html":2,"woocommerce":1,"schema-product":4,"woocommerce-html":1}
[prefilter] worker=47 checked=150/1000 passed=14 failed=136 by_platform={"shopify":3,"woocommerce":3,"shopify-html":2,"woocommerce-html":6}
[prefilter] worker=33 checked=50/1000 passed=7 failed=43 by_platform={"shopify-html":6,"schema-product":1}
[prefilter] worker=61 checked=50/1000 passed=5 failed=45 by_platform={"shopify-html":5}
[prefilter] worker=30 checked=150/1000 passed=8 failed=142 by_platform={"shopify-html":2,"woocommerce":1,"schema-product":4,"woocommerce-html":1}
[prefilter] worker=87 checked=50/999 passed=4 failed=46 by_platform={"shopify":1,"woocommerce-html":2,"shopify-html":1}
[prefilter] worker=1 checked=100/999 passed=4 failed=96 by_platform={"shopify":1,"woocommerce-html":2,"shopify-html":1}
[prefilter] worker=4 checked=100/1000 passed=5 failed=95 by_platform={"shopify-html":5}
[prefilter] worker=87 checked=100/1000 passed=7 failed=93 by_platform={"shopify-html":6,"schema-product":1}
[prefilter] worker=78 checked=200/1000 passed=14 failed=186 by_platform={"shopify":3,"woocommerce":3,"shopify-html":2,"woocommerce-html":6}
[prefilter] worker=36 checked=200/1000 passed=8 failed=192 by_platform={"shopify-html":2,"woocommerce":1,"schema-product":4,"woocommerce-html":1}
[prefilter] worker=20 checked=250/1000 passed=14 failed=236 by_platform={"shopify":3,"woocommerce":3,"shopify-html":2,"woocommerce-html":6}
[prefilter] worker=87 checked=300/1000 passed=18 failed=282 by_platform={"shopify":3,"woocommerce":3,"shopify-html":3,"woocommerce-html":7,"schema-product":1,"magento":1}
[prefilter] worker=12 checked=150/1000 passed=7 failed=143 by_platform={"shopify-html":6,"schema-product":1}
[prefilter] worker=57 checked=150/1000 passed=5 failed=145 by_platform={"shopify-html":5}
[prefilter] worker=30 checked=250/1000 passed=8 failed=242 by_platform={"shopify-html":2,"woocommerce":1,"schema-product":4,"woocommerce-html":1}
[prefilter] worker=63 checked=150/999 passed=4 failed=146 by_platform={"shopify":1,"woocommerce-html":2,"shopify-html":1}
[prefilter] worker=0 checked=350/1000 passed=22 failed=328 by_platform={"shopify":3,"woocommerce":3,"shopify-html":5,"woocommerce-html":8,"schema-product":1,"magento":2}
[prefilter] worker=44 checked=200/999 passed=4 failed=196 by_platform={"shopify":1,"woocommerce-html":2,"shopify-html":1}
[prefilter] worker=69 checked=200/1000 passed=5 failed=195 by_platform={"shopify-html":5}
[prefilter] worker=42 checked=200/1000 passed=7 failed=193 by_platform={"shopify-html":6,"schema-product":1}
[prefilter] worker=83 checked=300/1000 passed=8 failed=292 by_platform={"shopify-html":2,"woocommerce":1,"schema-product":4,"woocommerce-html":1}
[prefilter] worker=91 checked=400/1000 passed=26 failed=374 by_platform={"shopify":3,"woocommerce":3,"shopify-html":8,"woocommerce-html":9,"schema-product":1,"magento":2}
[prefilter] worker=18 checked=250/1000 passed=7 failed=243 by_platform={"shopify-html":6,"schema-product":1}
[prefilter] worker=61 checked=250/1000 passed=5 failed=245 by_platform={"shopify-html":5}
[prefilter] worker=30 checked=350/1000 passed=8 failed=342 by_platform={"shopify-html":2,"woocommerce":1,"schema-product":4,"woocommerce-html":1}
[prefilter] worker=87 checked=250/999 passed=4 failed=246 by_platform={"shopify":1,"woocommerce-html":2,"shopify-html":1}
[prefilter] worker=26 checked=450/1000 passed=26 failed=424 by_platform={"shopify":3,"woocommerce":3,"shopify-html":8,"woocommerce-html":9,"schema-product":1,"magento":2}
[prefilter] worker=1 checked=300/999 passed=4 failed=296 by_platform={"shopify":1,"woocommerce-html":2,"shopify-html":1}
[prefilter] worker=4 checked=300/1000 passed=5 failed=295 by_platform={"shopify-html":5}
[prefilter] worker=87 checked=300/1000 passed=7 failed=293 by_platform={"shopify-html":6,"schema-product":1}
[prefilter] worker=36 checked=400/1000 passed=8 failed=392 by_platform={"shopify-html":2,"woocommerce":1,"schema-product":4,"woocommerce-html":1}
[prefilter] worker=19 checked=500/1000 passed=26 failed=474 by_platform={"shopify":3,"woocommerce":3,"shopify-html":8,"woocommerce-html":9,"schema-product":1,"magento":2}
[prefilter] worker=12 checked=350/1000 passed=7 failed=343 by_platform={"shopify-html":6,"schema-product":1}
[prefilter] worker=57 checked=350/1000 passed=5 failed=345 by_platform={"shopify-html":5}
[prefilter] worker=30 checked=450/1000 passed=8 failed=442 by_platform={"shopify-html":2,"woocommerce":1,"schema-product":4,"woocommerce-html":1}
[prefilter] worker=63 checked=350/999 passed=4 failed=346 by_platform={"shopify":1,"woocommerce-html":2,"shopify-html":1}
[prefilter] worker=26 checked=550/1000 passed=26 failed=524 by_platform={"shopify":3,"woocommerce":3,"shopify-html":8,"woocommerce-html":9,"schema-product":1,"magento":2}
[prefilter] worker=44 checked=400/999 passed=4 failed=396 by_platform={"shopify":1,"woocommerce-html":2,"shopify-html":1}
[prefilter] worker=69 checked=400/1000 passed=5 failed=395 by_platform={"shopify-html":5}
[prefilter] worker=42 checked=400/1000 passed=7 failed=393 by_platform={"shopify-html":6,"schema-product":1}
[prefilter] worker=12 checked=500/1000 passed=8 failed=492 by_platform={"shopify-html":2,"woocommerce":1,"schema-product":4,"woocommerce-html":1}
[prefilter] worker=91 checked=600/1000 passed=26 failed=574 by_platform={"shopify":3,"woocommerce":3,"shopify-html":8,"woocommerce-html":9,"schema-product":1,"magento":2}
[prefilter] worker=28 checked=450/1000 passed=7 failed=443 by_platform={"shopify-html":6,"schema-product":1}
[prefilter] worker=61 checked=450/1000 passed=5 failed=445 by_platform={"shopify-html":5}
[prefilter] worker=30 checked=550/1000 passed=8 failed=542 by_platform={"shopify-html":2,"woocommerce":1,"schema-product":4,"woocommerce-html":1}
[prefilter] worker=86 checked=450/999 passed=4 failed=446 by_platform={"shopify":1,"woocommerce-html":2,"shopify-html":1}
[prefilter] worker=17 checked=650/1000 passed=26 failed=624 by_platform={"shopify":3,"woocommerce":3,"shopify-html":8,"woocommerce-html":9,"schema-product":1,"magento":2}
[prefilter] worker=1 checked=500/999 passed=4 failed=496 by_platform={"shopify":1,"woocommerce-html":2,"shopify-html":1}
[prefilter] worker=4 checked=500/1000 passed=5 failed=495 by_platform={"shopify-html":5}
[prefilter] worker=87 checked=500/1000 passed=7 failed=493 by_platform={"shopify-html":6,"schema-product":1}
[prefilter] worker=36 checked=600/1000 passed=8 failed=592 by_platform={"shopify-html":2,"woocommerce":1,"schema-product":4,"woocommerce-html":1}
[prefilter] worker=19 checked=700/1000 passed=26 failed=674 by_platform={"shopify":3,"woocommerce":3,"shopify-html":8,"woocommerce-html":9,"schema-product":1,"magento":2}
[prefilter] worker=12 checked=550/1000 passed=7 failed=543 by_platform={"shopify-html":6,"schema-product":1}
[prefilter] worker=57 checked=550/1000 passed=5 failed=545 by_platform={"shopify-html":5}
[prefilter] worker=30 checked=650/1000 passed=8 failed=642 by_platform={"shopify-html":2,"woocommerce":1,"schema-product":4,"woocommerce-html":1}
[prefilter] worker=62 checked=550/999 passed=4 failed=546 by_platform={"shopify":1,"woocommerce-html":2,"shopify-html":1}
[prefilter] worker=17 checked=750/1000 passed=26 failed=724 by_platform={"shopify":3,"woocommerce":3,"shopify-html":8,"woocommerce-html":9,"schema-product":1,"magento":2}
[prefilter] worker=44 checked=600/999 passed=4 failed=596 by_platform={"shopify":1,"woocommerce-html":2,"shopify-html":1}
[prefilter] worker=69 checked=600/1000 passed=5 failed=595 by_platform={"shopify-html":5}
[prefilter] worker=42 checked=600/1000 passed=7 failed=593 by_platform={"shopify-html":6,"schema-product":1}
[prefilter] worker=12 checked=700/1000 passed=8 failed=692 by_platform={"shopify-html":2,"woocommerce":1,"schema-product":4,"woocommerce-html":1}
[prefilter] worker=91 checked=800/1000 passed=26 failed=774 by_platform={"shopify":3,"woocommerce":3,"shopify-html":8,"woocommerce-html":9,"schema-product":1,"magento":2}
[prefilter] worker=28 checked=650/1000 passed=7 failed=643 by_platform={"shopify-html":6,"schema-product":1}
[prefilter] worker=57 checked=650/1000 passed=5 failed=645 by_platform={"shopify-html":5}
[prefilter] worker=30 checked=750/1000 passed=8 failed=742 by_platform={"shopify-html":2,"woocommerce":1,"schema-product":4,"woocommerce-html":1}
[prefilter] worker=86 checked=650/999 passed=4 failed=646 by_platform={"shopify":1,"woocommerce-html":2,"shopify-html":1}
[prefilter] worker=73 checked=850/1000 passed=26 failed=824 by_platform={"shopify":3,"woocommerce":3,"shopify-html":8,"woocommerce-html":9,"schema-product":1,"magento":2}
[prefilter] worker=1 checked=700/999 passed=4 failed=696 by_platform={"shopify":1,"woocommerce-html":2,"shopify-html":1}
[prefilter] worker=4 checked=700/1000 passed=5 failed=695 by_platform={"shopify-html":5}
[prefilter] worker=87 checked=700/1000 passed=7 failed=693 by_platform={"shopify-html":6,"schema-product":1}
[prefilter] worker=36 checked=800/1000 passed=8 failed=792 by_platform={"shopify-html":2,"woocommerce":1,"schema-product":4,"woocommerce-html":1}
[prefilter] worker=19 checked=900/1000 passed=26 failed=874 by_platform={"shopify":3,"woocommerce":3,"shopify-html":8,"woocommerce-html":9,"schema-product":1,"magento":2}
[prefilter] worker=12 checked=750/1000 passed=7 failed=743 by_platform={"shopify-html":6,"schema-product":1}
[prefilter] worker=61 checked=750/1000 passed=5 failed=745 by_platform={"shopify-html":5}
[prefilter] worker=30 checked=850/1000 passed=8 failed=842 by_platform={"shopify-html":2,"woocommerce":1,"schema-product":4,"woocommerce-html":1}
[prefilter] worker=63 checked=750/999 passed=4 failed=746 by_platform={"shopify":1,"woocommerce-html":2,"shopify-html":1}
[prefilter] worker=17 checked=950/1000 passed=26 failed=924 by_platform={"shopify":3,"woocommerce":3,"shopify-html":8,"woocommerce-html":9,"schema-product":1,"magento":2}
[prefilter] worker=44 checked=800/999 passed=4 failed=796 by_platform={"shopify":1,"woocommerce-html":2,"shopify-html":1}
[prefilter] worker=69 checked=800/1000 passed=5 failed=795 by_platform={"shopify-html":5}
[prefilter] worker=42 checked=800/1000 passed=7 failed=793 by_platform={"shopify-html":6,"schema-product":1}
[prefilter] worker=12 checked=900/1000 passed=8 failed=892 by_platform={"shopify-html":2,"woocommerce":1,"schema-product":4,"woocommerce-html":1}
[prefilter] worker=19 checked=1000/1000 passed=26 failed=974 by_platform={"shopify":3,"woocommerce":3,"shopify-html":8,"woocommerce-html":9,"schema-product":1,"magento":2}
[prefilter] done: {"checked":1000,"passed":26,"failed":974,"by_platform":{"shopify":3,"woocommerce":3,"shopify-html":8,"woocommerce-html":9,"schema-product":1,"magento":2},"started_at":"2026-06-11T11:51:09.099Z","finished_at":"2026-06-11T11:57:11.372Z","output":"data/discovery_2026-06-11/prefilter_parallel/cursor_30000/split1.ndjson","output_rows":26}
[prefilter] worker=28 checked=850/1000 passed=7 failed=843 by_platform={"shopify-html":6,"schema-product":1}
[prefilter] worker=57 checked=850/1000 passed=5 failed=845 by_platform={"shopify-html":5}
[prefilter] worker=30 checked=950/1000 passed=8 failed=942 by_platform={"shopify-html":2,"woocommerce":1,"schema-product":4,"woocommerce-html":1}
[prefilter] worker=87 checked=850/999 passed=4 failed=846 by_platform={"shopify":1,"woocommerce-html":2,"shopify-html":1}
[prefilter] worker=1 checked=900/999 passed=4 failed=896 by_platform={"shopify":1,"woocommerce-html":2,"shopify-html":1}
[prefilter] worker=4 checked=900/1000 passed=5 failed=895 by_platform={"shopify-html":5}
[prefilter] worker=87 checked=900/1000 passed=7 failed=893 by_platform={"shopify-html":6,"schema-product":1}
[prefilter] worker=12 checked=1000/1000 passed=8 failed=992 by_platform={"shopify-html":2,"woocommerce":1,"schema-product":4,"woocommerce-html":1}
[prefilter] done: {"checked":1000,"passed":8,"failed":992,"by_platform":{"shopify-html":2,"woocommerce":1,"schema-product":4,"woocommerce-html":1},"started_at":"2026-06-11T11:51:09.149Z","finished_at":"2026-06-11T11:57:49.499Z","output":"data/discovery_2026-06-11/prefilter_parallel/cursor_30000/split2.ndjson","output_rows":8}
[prefilter] worker=26 checked=950/1000 passed=7 failed=943 by_platform={"shopify-html":6,"schema-product":1}
[prefilter] worker=57 checked=950/1000 passed=5 failed=945 by_platform={"shopify-html":5}
[prefilter] worker=91 checked=950/999 passed=4 failed=946 by_platform={"shopify":1,"woocommerce-html":2,"shopify-html":1}
[prefilter] worker=22 checked=999/999 passed=4 failed=995 by_platform={"shopify":1,"woocommerce-html":2,"shopify-html":1}
[prefilter] done: {"checked":999,"passed":4,"failed":995,"by_platform":{"shopify":1,"woocommerce-html":2,"shopify-html":1},"started_at":"2026-06-11T11:51:09.112Z","finished_at":"2026-06-11T11:58:15.950Z","output":"data/discovery_2026-06-11/prefilter_parallel/cursor_30000/split5.ndjson","output_rows":4}
[prefilter] worker=4 checked=1000/1000 passed=5 failed=995 by_platform={"shopify-html":5}
[prefilter] done: {"checked":1000,"passed":5,"failed":995,"by_platform":{"shopify-html":5},"started_at":"2026-06-11T11:51:09.151Z","finished_at":"2026-06-11T11:58:17.951Z","output":"data/discovery_2026-06-11/prefilter_parallel/cursor_30000/split4.ndjson","output_rows":5}
[prefilter] worker=87 checked=1000/1000 passed=7 failed=993 by_platform={"shopify-html":6,"schema-product":1}
[prefilter] done: {"checked":1000,"passed":7,"failed":993,"by_platform":{"shopify-html":6,"schema-product":1},"started_at":"2026-06-11T11:51:09.097Z","finished_at":"2026-06-11T11:58:18.341Z","output":"data/discovery_2026-06-11/prefilter_parallel/cursor_30000/split3.ndjson","output_rows":7}
[Thu Jun 11 11:58:38 UTC 2026] Cursor 30000: 50 stores passed prefilter
[deep-page] input records=50 ecom=50 by_platform={"shopify":4,"woocommerce":4,"shopify-html":22,"woocommerce-html":12,"schema-product":6,"magento":2} concurrency=50
[dp] mida.so page=1 status=404 bodyLen=undefined
[dp:wc] dailypost.ng page=1 status=404 bodyLen=undefined
[dp] hyperx.com page=1 status=200 bodyLen=1952642
[dp] everlane.com page=1 status=200 bodyLen=1190415
[dp] coros.com page=1 status=404 bodyLen=undefined
[dp:wc] futureoflife.org page=1 status=404 bodyLen=undefined
[dp] firstthings.com page=1 status=404 bodyLen=undefined
[dp:wc] potok.io page=1 status=404 bodyLen=undefined
[dp] minmaxify.com page=1 status=404 bodyLen=undefined
[dp] popupsmart.com page=1 status=404 bodyLen=undefined
[dp] logrocket.com page=1 status=404 bodyLen=undefined
[dp:wc] anchor.host page=1 status=401 bodyLen=undefined
[dp:mg] netnut.net page=1 status=200 bodyLen=107
[dp] bigscoots.com page=1 status=404 bodyLen=undefined
[dp:wc] zumper.com page=1 status=200 bodyLen=179969
[dp:wc] securenetsystems.net page=1 status=401 bodyLen=undefined
[dp:mg] localiq.com page=1 status=200 bodyLen=107
[dp] voguebusiness.com page=1 status=503 bodyLen=undefined
[dp:wc] screenpal.com page=1 status=404 bodyLen=undefined
[dp] uppromote.com page=1 status=404 bodyLen=undefined
[dp] fromsmash.com page=1 status=403 bodyLen=undefined
[dp] greatergood.com page=1 status=200 bodyLen=4215086
[dp] hallow.com page=1 status=403 bodyLen=undefined
[deep-page] worker=38 stores=25 failed=0 products=401 by_platform={"shopify-html":11,"woocommerce-html":6,"schema-product":3,"shopify":2,"magento":2,"woocommerce":1}
[dp] polaranalytics.com page=1 status=404 bodyLen=undefined
[dp] parcel2go.com page=1 status=404 bodyLen=undefined
[dp:wc] anti-captcha.com page=1 status=200 bodyLen=60497
[dp:wc] tixr.com page=1 status=403 bodyLen=undefined
[dp] klei.com page=1 status=404 bodyLen=undefined
[dp] giantitp.com page=1 status=404 bodyLen=undefined
[dp:wc] america.net page=1 status=404 bodyLen=undefined
[dp:wc] ascendoor.com page=1 status=404 bodyLen=undefined
[dp:wc] aafa.org page=1 status=404 bodyLen=undefined
[dp] skims.com page=1 status=404 bodyLen=undefined
[dp] thimpress.com page=1 status=404 bodyLen=undefined
[dp] rdstation.com page=1 status=404 bodyLen=undefined
[dp] architecturaldigest.in page=1 status=404 bodyLen=undefined
[dp:wc] swiftinter.net page=1 status=401 bodyLen=undefined
[dp] aldoshoes.com page=1 status=200 bodyLen=1172445
[dp] dengage.com page=1 status=200 bodyLen=146617
[dp] dengage.com parse err: Unexpected token '<', "<!DOCTYPE "... is not valid JSON
[dp:wc] nexicom.net page=1 status=404 bodyLen=undefined
[dp] v0.app page=1 status=200 bodyLen=1026431
[dp] v0.app parse err: Unexpected token '<', "<!DOCTYPE "... is not valid JSON
[dp:wc] mediaxchange.co page=1 status=404 bodyLen=undefined
[dp] wpbrigade.com page=1 status=404 bodyLen=undefined
[dp:wc] gu-global.com page=1 status=0 bodyLen=undefined
[deep-page] worker=3 stores=50 failed=0 products=802 by_platform={"shopify-html":22,"woocommerce-html":12,"schema-product":6,"shopify":4,"magento":2,"woocommerce":4}
[deep-page] DONE: {"stores_processed":50,"stores_failed":0,"total_products":802,"by_platform":{"shopify-html":22,"woocommerce-html":12,"schema-product":6,"shopify":4,"magento":2,"woocommerce":4},"started_at":"2026-06-11T11:58:38.825Z","finished_at":"2026-06-11T11:58:55.439Z","output_rows":802}
[Thu Jun 11 11:58:55 UTC 2026] Cursor 35000: 802 products extracted
[ingest-daemon] dedup: 802 -> 714 (removed 88 duplicate skus)
(node:2690099) Warning: SECURITY WARNING: The SSL modes 'prefer', 'require', and 'verify-ca' are treated as aliases for 'verify-full'.
In the next major version (pg-connection-string v3.0.0 and pg v9.0.0), these modes will adopt standard libpq semantics, which have weaker security guarantees.

To prepare for this change:
- If you want the current behavior, explicitly use 'sslmode=verify-full'
- If you want libpq compatibility now, use 'uselibpqcompat=true&sslmode=require'

See https://www.postgresql.org/docs/current/libpq-ssl.html for libpq SSL mode definitions.
(Use `node --trace-warnings ...` to show where the warning was created)
(node:2690099) Warning: Setting the NODE_TLS_REJECT_UNAUTHORIZED environment variable to '0' makes TLS connections and HTTPS requests insecure by disabling certificate verification.
[ingest-daemon] {"ts":"2026-06-11T11:59:57.941Z","file":"products_cursor_35000.ndjson.processing.ndjson","rows":802,"written":714,"fabricated":false,"fabrication_share":{"zeroPriceShare":0.0028011204481792717,"nullImageShare":0.04341736694677871,"nullSkuShare":0,"emptyTitleShare":0},"elapsed_ms":60084,"rows_per_sec":"11.9"}
[Thu Jun 11 11:59:57 UTC 2026] Cursor 35000: ingested 802 (session cumulative: 1731)
[Thu Jun 11 12:00:00 UTC 2026] Cursor 35000 batch 8: 5000 domains (lines 35001-40000)
[prefilter] input=/tmp/loop_split_35000_5.txt domains=999 concurrency=100
[prefilter] input=/tmp/loop_split_35000_3.txt domains=999 concurrency=100
[prefilter] input=/tmp/loop_split_35000_2.txt domains=1000 concurrency=100
[prefilter] input=/tmp/loop_split_35000_4.txt domains=1000 concurrency=100
[prefilter] input=/tmp/loop_split_35000_1.txt domains=998 concurrency=100
[prefilter] worker=8 checked=50/999 passed=3 failed=47 by_platform={"shopify-html":2,"magento":1}
[prefilter] worker=53 checked=50/998 passed=5 failed=45 by_platform={"woocommerce-html":3,"woocommerce":1,"shopify-html":1}
[prefilter] worker=65 checked=50/999 passed=2 failed=48 by_platform={"magento":1,"woocommerce-html":1}
[prefilter] worker=67 checked=50/1000 passed=1 failed=49 by_platform={"woocommerce-html":1}
[prefilter] worker=73 checked=50/1000 passed=0 failed=50 by_platform={}
[prefilter] worker=17 checked=100/1000 passed=1 failed=99 by_platform={"woocommerce-html":1}
[prefilter] worker=47 checked=100/998 passed=5 failed=95 by_platform={"woocommerce-html":3,"woocommerce":1,"shopify-html":1}
[prefilter] worker=37 checked=100/999 passed=3 failed=97 by_platform={"shopify-html":2,"magento":1}
[prefilter] worker=17 checked=100/1000 passed=0 failed=100 by_platform={}
[prefilter] worker=42 checked=100/999 passed=2 failed=98 by_platform={"magento":1,"woocommerce-html":1}
[prefilter] worker=8 checked=150/999 passed=3 failed=147 by_platform={"shopify-html":2,"magento":1}
[prefilter] worker=34 checked=150/998 passed=5 failed=145 by_platform={"woocommerce-html":3,"woocommerce":1,"shopify-html":1}
[prefilter] worker=65 checked=150/999 passed=2 failed=148 by_platform={"magento":1,"woocommerce-html":1}
[prefilter] worker=62 checked=150/1000 passed=0 failed=150 by_platform={}
[prefilter] worker=54 checked=150/1000 passed=1 failed=149 by_platform={"woocommerce-html":1}
[prefilter] worker=11 checked=200/1000 passed=1 failed=199 by_platform={"woocommerce-html":1}
[prefilter] worker=47 checked=200/998 passed=5 failed=195 by_platform={"woocommerce-html":3,"woocommerce":1,"shopify-html":1}
[prefilter] worker=33 checked=200/999 passed=3 failed=197 by_platform={"shopify-html":2,"magento":1}
[prefilter] worker=17 checked=200/1000 passed=0 failed=200 by_platform={}
[prefilter] worker=52 checked=200/999 passed=2 failed=198 by_platform={"magento":1,"woocommerce-html":1}
[prefilter] worker=23 checked=250/999 passed=2 failed=248 by_platform={"magento":1,"woocommerce-html":1}
[prefilter] worker=8 checked=250/999 passed=3 failed=247 by_platform={"shopify-html":2,"magento":1}
[prefilter] worker=24 checked=300/999 passed=7 failed=293 by_platform={"magento":1,"woocommerce-html":3,"shopify-html":2,"magento-html":1}
[prefilter] worker=49 checked=250/998 passed=5 failed=245 by_platform={"woocommerce-html":3,"woocommerce":1,"shopify-html":1}
[prefilter] worker=66 checked=350/999 passed=9 failed=341 by_platform={"magento":1,"woocommerce-html":3,"shopify-html":3,"magento-html":2}
[prefilter] worker=67 checked=250/1000 passed=1 failed=249 by_platform={"woocommerce-html":1}
[prefilter] worker=73 checked=250/1000 passed=0 failed=250 by_platform={}
[prefilter] worker=17 checked=300/1000 passed=1 failed=299 by_platform={"woocommerce-html":1}
[prefilter] worker=35 checked=300/998 passed=5 failed=295 by_platform={"woocommerce-html":3,"woocommerce":1,"shopify-html":1}
[prefilter] worker=49 checked=300/999 passed=3 failed=297 by_platform={"shopify-html":2,"magento":1}
[prefilter] worker=17 checked=300/1000 passed=0 failed=300 by_platform={}
[prefilter] worker=71 checked=400/999 passed=12 failed=388 by_platform={"magento":2,"woocommerce-html":4,"shopify-html":3,"magento-html":2,"woocommerce":1}
[prefilter] worker=8 checked=350/999 passed=3 failed=347 by_platform={"shopify-html":2,"magento":1}
[prefilter] worker=34 checked=350/998 passed=5 failed=345 by_platform={"woocommerce-html":3,"woocommerce":1,"shopify-html":1}
[prefilter] worker=37 checked=450/999 passed=12 failed=438 by_platform={"magento":2,"woocommerce-html":4,"shopify-html":3,"magento-html":2,"woocommerce":1}
[prefilter] worker=54 checked=350/1000 passed=1 failed=349 by_platform={"woocommerce-html":1}
[prefilter] worker=62 checked=350/1000 passed=0 failed=350 by_platform={}
[prefilter] worker=11 checked=400/1000 passed=1 failed=399 by_platform={"woocommerce-html":1}
[prefilter] worker=47 checked=400/998 passed=5 failed=395 by_platform={"woocommerce-html":3,"woocommerce":1,"shopify-html":1}
[prefilter] worker=33 checked=400/999 passed=3 failed=397 by_platform={"shopify-html":2,"magento":1}
[prefilter] worker=17 checked=400/1000 passed=0 failed=400 by_platform={}
[prefilter] worker=44 checked=450/999 passed=3 failed=447 by_platform={"shopify-html":2,"magento":1}
[prefilter] worker=24 checked=450/998 passed=5 failed=445 by_platform={"woocommerce-html":3,"woocommerce":1,"shopify-html":1}
[prefilter] worker=71 checked=500/999 passed=12 failed=488 by_platform={"magento":2,"woocommerce-html":4,"shopify-html":3,"magento-html":2,"woocommerce":1}
[prefilter] worker=94 checked=500/999 passed=4 failed=496 by_platform={"shopify-html":3,"magento":1}
[prefilter] worker=89 checked=500/998 passed=6 failed=494 by_platform={"woocommerce-html":4,"woocommerce":1,"shopify-html":1}
[prefilter] worker=42 checked=550/999 passed=12 failed=538 by_platform={"magento":2,"woocommerce-html":4,"shopify-html":3,"magento-html":2,"woocommerce":1}
[prefilter] worker=67 checked=450/1000 passed=1 failed=449 by_platform={"woocommerce-html":1}
[prefilter] worker=73 checked=450/1000 passed=0 failed=450 by_platform={}
[prefilter] worker=17 checked=500/1000 passed=1 failed=499 by_platform={"woocommerce-html":1}
[prefilter] worker=30 checked=550/999 passed=5 failed=545 by_platform={"shopify-html":3,"magento":1,"woocommerce-html":1}
[prefilter] worker=17 checked=500/1000 passed=0 failed=500 by_platform={}
[prefilter] worker=65 checked=550/998 passed=8 failed=542 by_platform={"woocommerce-html":4,"woocommerce":1,"shopify-html":3}
[prefilter] worker=82 checked=600/999 passed=6 failed=594 by_platform={"shopify-html":3,"magento":1,"woocommerce-html":1,"schema-product":1}
[prefilter] worker=71 checked=600/999 passed=12 failed=588 by_platform={"magento":2,"woocommerce-html":4,"shopify-html":3,"magento-html":2,"woocommerce":1}
[prefilter] worker=89 checked=600/998 passed=9 failed=591 by_platform={"woocommerce-html":5,"woocommerce":1,"shopify-html":3}
[prefilter] worker=37 checked=650/999 passed=12 failed=638 by_platform={"magento":2,"woocommerce-html":4,"shopify-html":3,"magento-html":2,"woocommerce":1}
[prefilter] worker=54 checked=550/1000 passed=1 failed=549 by_platform={"woocommerce-html":1}
[prefilter] worker=62 checked=550/1000 passed=0 failed=550 by_platform={}
[prefilter] worker=74 checked=650/999 passed=6 failed=644 by_platform={"shopify-html":3,"magento":1,"woocommerce-html":1,"schema-product":1}
[prefilter] worker=11 checked=600/1000 passed=1 failed=599 by_platform={"woocommerce-html":1}
[prefilter] worker=17 checked=600/1000 passed=0 failed=600 by_platform={}
[prefilter] worker=65 checked=650/998 passed=9 failed=641 by_platform={"woocommerce-html":5,"woocommerce":1,"shopify-html":3}
[prefilter] worker=82 checked=700/999 passed=6 failed=694 by_platform={"shopify-html":3,"magento":1,"woocommerce-html":1,"schema-product":1}
[prefilter] worker=71 checked=700/999 passed=12 failed=688 by_platform={"magento":2,"woocommerce-html":4,"shopify-html":3,"magento-html":2,"woocommerce":1}
[prefilter] worker=89 checked=700/998 passed=9 failed=691 by_platform={"woocommerce-html":5,"woocommerce":1,"shopify-html":3}
[prefilter] worker=42 checked=750/999 passed=12 failed=738 by_platform={"magento":2,"woocommerce-html":4,"shopify-html":3,"magento-html":2,"woocommerce":1}
[prefilter] worker=67 checked=650/1000 passed=1 failed=649 by_platform={"woocommerce-html":1}
[prefilter] worker=73 checked=650/1000 passed=0 failed=650 by_platform={}
[prefilter] worker=98 checked=750/999 passed=6 failed=744 by_platform={"shopify-html":3,"magento":1,"woocommerce-html":1,"schema-product":1}
[prefilter] worker=17 checked=700/1000 passed=1 failed=699 by_platform={"woocommerce-html":1}
[prefilter] worker=17 checked=700/1000 passed=0 failed=700 by_platform={}
[prefilter] worker=58 checked=800/999 passed=13 failed=787 by_platform={"magento":2,"woocommerce-html":4,"shopify-html":3,"magento-html":2,"woocommerce":2}
[prefilter] worker=65 checked=750/998 passed=9 failed=741 by_platform={"woocommerce-html":5,"woocommerce":1,"shopify-html":3}
[prefilter] worker=3 checked=850/999 passed=14 failed=836 by_platform={"magento":2,"woocommerce-html":4,"shopify-html":4,"magento-html":2,"woocommerce":2}
[prefilter] worker=82 checked=800/999 passed=6 failed=794 by_platform={"shopify-html":3,"magento":1,"woocommerce-html":1,"schema-product":1}
[prefilter] worker=11 checked=900/999 passed=18 failed=882 by_platform={"magento":3,"woocommerce-html":4,"shopify-html":5,"magento-html":3,"woocommerce":2,"schema-product":1}
[prefilter] worker=83 checked=950/999 passed=22 failed=928 by_platform={"magento":3,"woocommerce-html":5,"shopify-html":7,"magento-html":3,"woocommerce":3,"schema-product":1}
[prefilter] worker=89 checked=800/998 passed=9 failed=791 by_platform={"woocommerce-html":5,"woocommerce":1,"shopify-html":3}
[prefilter] worker=54 checked=750/1000 passed=1 failed=749 by_platform={"woocommerce-html":1}
[prefilter] worker=62 checked=750/1000 passed=0 failed=750 by_platform={}
[prefilter] worker=74 checked=850/999 passed=6 failed=844 by_platform={"shopify-html":3,"magento":1,"woocommerce-html":1,"schema-product":1}
[prefilter] worker=11 checked=800/1000 passed=1 failed=799 by_platform={"woocommerce-html":1}
[prefilter] worker=17 checked=800/1000 passed=0 failed=800 by_platform={}
[prefilter] worker=65 checked=850/998 passed=9 failed=841 by_platform={"woocommerce-html":5,"woocommerce":1,"shopify-html":3}
[prefilter] worker=82 checked=900/999 passed=6 failed=894 by_platform={"shopify-html":3,"magento":1,"woocommerce-html":1,"schema-product":1}
[prefilter] worker=49 checked=999/999 passed=23 failed=976 by_platform={"magento":3,"woocommerce-html":5,"shopify-html":7,"magento-html":3,"woocommerce":3,"schema-product":2}
[prefilter] done: {"checked":999,"passed":23,"failed":976,"by_platform":{"magento":3,"woocommerce-html":5,"shopify-html":7,"magento-html":3,"woocommerce":3,"schema-product":2},"started_at":"2026-06-11T12:00:00.419Z","finished_at":"2026-06-11T12:06:04.659Z","output":"data/discovery_2026-06-11/prefilter_parallel/cursor_35000/split5.ndjson","output_rows":23}
[prefilter] worker=89 checked=900/998 passed=9 failed=891 by_platform={"woocommerce-html":5,"woocommerce":1,"shopify-html":3}
[prefilter] worker=67 checked=850/1000 passed=1 failed=849 by_platform={"woocommerce-html":1}
[prefilter] worker=73 checked=850/1000 passed=0 failed=850 by_platform={}
[prefilter] worker=4 checked=950/999 passed=6 failed=944 by_platform={"shopify-html":3,"magento":1,"woocommerce-html":1,"schema-product":1}
[prefilter] worker=17 checked=900/1000 passed=1 failed=899 by_platform={"woocommerce-html":1}
[prefilter] worker=17 checked=900/1000 passed=0 failed=900 by_platform={}
[prefilter] worker=65 checked=950/998 passed=9 failed=941 by_platform={"woocommerce-html":5,"woocommerce":1,"shopify-html":3}
[prefilter] worker=93 checked=999/999 passed=6 failed=993 by_platform={"shopify-html":3,"magento":1,"woocommerce-html":1,"schema-product":1}
[prefilter] done: {"checked":999,"passed":6,"failed":993,"by_platform":{"shopify-html":3,"magento":1,"woocommerce-html":1,"schema-product":1},"started_at":"2026-06-11T12:00:00.466Z","finished_at":"2026-06-11T12:06:43.688Z","output":"data/discovery_2026-06-11/prefilter_parallel/cursor_35000/split3.ndjson","output_rows":6}
[prefilter] worker=79 checked=998/998 passed=9 failed=989 by_platform={"woocommerce-html":5,"woocommerce":1,"shopify-html":3}
[prefilter] done: {"checked":998,"passed":9,"failed":989,"by_platform":{"woocommerce-html":5,"woocommerce":1,"shopify-html":3},"started_at":"2026-06-11T12:00:00.495Z","finished_at":"2026-06-11T12:06:59.734Z","output":"data/discovery_2026-06-11/prefilter_parallel/cursor_35000/split1.ndjson","output_rows":9}
[prefilter] worker=66 checked=950/1000 passed=1 failed=949 by_platform={"woocommerce-html":1}
[prefilter] worker=77 checked=950/1000 passed=0 failed=950 by_platform={}
[prefilter] worker=17 checked=1000/1000 passed=1 failed=999 by_platform={"woocommerce-html":1}
[prefilter] done: {"checked":1000,"passed":1,"failed":999,"by_platform":{"woocommerce-html":1},"started_at":"2026-06-11T12:00:00.492Z","finished_at":"2026-06-11T12:07:06.306Z","output":"data/discovery_2026-06-11/prefilter_parallel/cursor_35000/split4.ndjson","output_rows":1}
[prefilter] worker=22 checked=1000/1000 passed=0 failed=1000 by_platform={}
[prefilter] done: {"checked":1000,"passed":0,"failed":1000,"by_platform":{},"started_at":"2026-06-11T12:00:00.475Z","finished_at":"2026-06-11T12:07:09.809Z","output":"data/discovery_2026-06-11/prefilter_parallel/cursor_35000/split2.ndjson","output_rows":0}
[Thu Jun 11 12:07:20 UTC 2026] Cursor 35000: 39 stores passed prefilter
[deep-page] input records=39 ecom=39 by_platform={"woocommerce-html":12,"woocommerce":4,"shopify-html":13,"magento":4,"schema-product":3,"magento-html":3} concurrency=50
[dp] fluorescent.co page=1 status=404 bodyLen=undefined
[dp:mg] nettigritty.com page=1 status=200 bodyLen=107
[dp:wc] sundayguardianlive.com page=1 status=404 bodyLen=undefined
[dp] recart.com page=1 status=404 bodyLen=undefined
[dp:wc] inc42.com page=1 status=401 bodyLen=undefined
[dp] impactradius.com page=1 status=200 bodyLen=144466
[dp] impactradius.com parse err: Unexpected token '<', "    <!DOCTYPE "... is not valid JSON
[dp:wc] clym-widget.net page=1 status=200 bodyLen=370349
[dp:wc] netmera.com page=1 status=404 bodyLen=undefined
[dp] sitesearch360.com page=1 status=404 bodyLen=undefined
[dp:wc] signin.aws page=1 status=200 bodyLen=336398
[dp:mg] quickheal.com page=1 status=401 bodyLen=undefined
[dp:wc] tradepending.com page=1 status=404 bodyLen=undefined
[dp:mg] theecologist.org page=1 status=200 bodyLen=107
[dp] frase.io page=1 status=404 bodyLen=undefined
[dp] assembledhq.com page=1 status=404 bodyLen=undefined
[dp] revy.io page=1 status=404 bodyLen=undefined
[dp:wc] windowslatest.com page=1 status=404 bodyLen=undefined
[dp] getbutton.io page=1 status=404 bodyLen=undefined
[dp:wc] hashthemes.com page=1 status=404 bodyLen=undefined
[dp:wc] websim.com page=1 status=200 bodyLen=12145
[dp:wc] ancorathemes.com page=1 status=404 bodyLen=undefined
[dp:wc] gocache.com.br page=1 status=404 bodyLen=undefined
[dp:mg] mddservices.com page=1 status=200 bodyLen=107
[deep-page] worker=25 stores=25 failed=0 products=0 by_platform={"shopify-html":8,"magento":3,"woocommerce-html":8,"schema-product":2,"woocommerce":3,"magento-html":1}
[dp:wc] mailpoet.com page=1 status=404 bodyLen=undefined
[dp:wc] hechingerreport.org page=1 status=401 bodyLen=undefined
[dp:mg] ukvpshosting.com page=1 status=404 bodyLen=undefined
[dp] bruker.com page=1 status=404 bodyLen=undefined
[dp:wc] spiked-online.com page=1 status=401 bodyLen=undefined
[dp:mg] enphase.com page=1 status=404 bodyLen=undefined
[dp:wc] quadlayers.com page=1 status=401 bodyLen=undefined
[dp] vitals.co page=1 status=404 bodyLen=undefined
[dp] zoovu.com page=1 status=200 bodyLen=308529
[dp] zoovu.com parse err: Unexpected token '<', "<!doctype "... is not valid JSON
[dp:wc] itworld.com page=1 status=200 bodyLen=316518
[dp:mg] bhosted.nl page=1 status=404 bodyLen=undefined
[dp] uniuni.com page=1 status=404 bodyLen=undefined
[dp] sitevibes.com page=1 status=404 bodyLen=undefined
[deep-page] DONE: {"stores_processed":39,"stores_failed":0,"total_products":1,"by_platform":{"shopify-html":13,"magento":4,"woocommerce-html":12,"schema-product":3,"woocommerce":4,"magento-html":3},"started_at":"2026-06-11T12:07:20.683Z","finished_at":"2026-06-11T12:07:27.513Z","output_rows":1}
[Thu Jun 11 12:07:27 UTC 2026] Cursor 40000: 1 products extracted
(node:2729299) Warning: SECURITY WARNING: The SSL modes 'prefer', 'require', and 'verify-ca' are treated as aliases for 'verify-full'.
In the next major version (pg-connection-string v3.0.0 and pg v9.0.0), these modes will adopt standard libpq semantics, which have weaker security guarantees.

To prepare for this change:
- If you want the current behavior, explicitly use 'sslmode=verify-full'
- If you want libpq compatibility now, use 'uselibpqcompat=true&sslmode=require'

See https://www.postgresql.org/docs/current/libpq-ssl.html for libpq SSL mode definitions.
(Use `node --trace-warnings ...` to show where the warning was created)
(node:2729299) Warning: Setting the NODE_TLS_REJECT_UNAUTHORIZED environment variable to '0' makes TLS connections and HTTPS requests insecure by disabling certificate verification.
[ingest-daemon] {"ts":"2026-06-11T12:07:28.232Z","file":"products_cursor_40000.ndjson.processing.ndjson","rows":1,"written":1,"fabricated":false,"fabrication_share":{"zeroPriceShare":1,"nullImageShare":0,"nullSkuShare":0,"emptyTitleShare":0},"elapsed_ms":384,"rows_per_sec":"2.6"}
[Thu Jun 11 12:07:28 UTC 2026] Cursor 40000: ingested 1 (session cumulative: 1732)
[Thu Jun 11 12:07:30 UTC 2026] Cursor 40000 batch 9: 5000 domains (lines 40001-45000)
[prefilter] input=/tmp/loop_split_40000_4.txt domains=1000 concurrency=100
[prefilter] input=/tmp/loop_split_40000_1.txt domains=1000 concurrency=100
[prefilter] input=/tmp/loop_split_40000_2.txt domains=1000 concurrency=100
[prefilter] input=/tmp/loop_split_40000_3.txt domains=999 concurrency=100
[prefilter] input=/tmp/loop_split_40000_5.txt domains=1000 concurrency=100
[prefilter] worker=96 checked=50/1000 passed=0 failed=50 by_platform={}
[prefilter] worker=27 checked=50/999 passed=6 failed=44 by_platform={"shopify-html":2,"shopify":1,"magento":1,"woocommerce-html":2}
[prefilter] worker=46 checked=50/1000 passed=1 failed=49 by_platform={"shopify-html":1}
[prefilter] worker=16 checked=100/1000 passed=7 failed=93 by_platform={"shopify-html":3,"woocommerce-html":2,"woocommerce":2}
[prefilter] worker=32 checked=100/1000 passed=3 failed=97 by_platform={"shopify-html":2,"woocommerce-html":1}
[prefilter] worker=9 checked=150/1000 passed=7 failed=143 by_platform={"shopify-html":4,"woocommerce-html":2,"woocommerce":1}
[prefilter] worker=24 checked=100/999 passed=8 failed=92 by_platform={"shopify-html":3,"shopify":1,"magento":2,"woocommerce-html":2}
[prefilter] worker=86 checked=50/1000 passed=0 failed=50 by_platform={}
[prefilter] worker=63 checked=50/1000 passed=0 failed=50 by_platform={}
[prefilter] worker=58 checked=200/1000 passed=11 failed=189 by_platform={"shopify-html":7,"woocommerce-html":3,"woocommerce":1}
[prefilter] worker=10 checked=100/1000 passed=0 failed=100 by_platform={}
[prefilter] worker=37 checked=100/1000 passed=0 failed=100 by_platform={}
[prefilter] worker=96 checked=150/1000 passed=8 failed=142 by_platform={"shopify-html":4,"woocommerce-html":2,"woocommerce":2}
[prefilter] worker=68 checked=150/999 passed=8 failed=142 by_platform={"shopify-html":3,"shopify":1,"magento":2,"woocommerce-html":2}
[prefilter] worker=16 checked=200/1000 passed=8 failed=192 by_platform={"shopify-html":4,"woocommerce-html":2,"woocommerce":2}
[prefilter] worker=68 checked=250/1000 passed=11 failed=239 by_platform={"shopify-html":7,"woocommerce-html":3,"woocommerce":1}
[prefilter] worker=24 checked=200/999 passed=8 failed=192 by_platform={"shopify-html":3,"shopify":1,"magento":2,"woocommerce-html":2}
[prefilter] worker=95 checked=150/1000 passed=0 failed=150 by_platform={}
[prefilter] worker=35 checked=300/1000 passed=11 failed=289 by_platform={"shopify-html":7,"woocommerce-html":3,"woocommerce":1}
[prefilter] worker=49 checked=150/1000 passed=0 failed=150 by_platform={}
[prefilter] worker=0 checked=200/1000 passed=0 failed=200 by_platform={}
[prefilter] worker=46 checked=200/1000 passed=0 failed=200 by_platform={}
[prefilter] worker=96 checked=250/1000 passed=8 failed=242 by_platform={"shopify-html":4,"woocommerce-html":2,"woocommerce":2}
[prefilter] worker=60 checked=250/999 passed=8 failed=242 by_platform={"shopify-html":3,"shopify":1,"magento":2,"woocommerce-html":2}
[prefilter] worker=16 checked=300/1000 passed=8 failed=292 by_platform={"shopify-html":4,"woocommerce-html":2,"woocommerce":2}
[prefilter] worker=66 checked=250/1000 passed=0 failed=250 by_platform={}
[prefilter] worker=10 checked=300/1000 passed=1 failed=299 by_platform={"woocommerce-html":1}
[prefilter] worker=71 checked=350/1000 passed=11 failed=339 by_platform={"shopify-html":7,"woocommerce-html":3,"woocommerce":1}
[prefilter] worker=91 checked=300/999 passed=8 failed=292 by_platform={"shopify-html":3,"shopify":1,"magento":2,"woocommerce-html":2}
[prefilter] worker=58 checked=400/1000 passed=11 failed=389 by_platform={"shopify-html":7,"woocommerce-html":3,"woocommerce":1}
[prefilter] worker=63 checked=250/1000 passed=0 failed=250 by_platform={}
[prefilter] worker=10 checked=300/1000 passed=0 failed=300 by_platform={}
[prefilter] worker=8 checked=350/1000 passed=5 failed=345 by_platform={"woocommerce-html":2,"shopify-html":2,"schema-product":1}
[prefilter] worker=66 checked=350/1000 passed=8 failed=342 by_platform={"shopify-html":4,"woocommerce-html":2,"woocommerce":2}
[prefilter] worker=68 checked=350/999 passed=8 failed=342 by_platform={"shopify-html":3,"shopify":1,"magento":2,"woocommerce-html":2}
[prefilter] worker=56 checked=400/1000 passed=7 failed=393 by_platform={"woocommerce-html":3,"shopify-html":2,"schema-product":1,"woocommerce":1}
[prefilter] worker=16 checked=400/1000 passed=8 failed=392 by_platform={"shopify-html":4,"woocommerce-html":2,"woocommerce":2}
[prefilter] worker=26 checked=450/1000 passed=9 failed=441 by_platform={"woocommerce-html":3,"shopify-html":3,"schema-product":2,"woocommerce":1}
[prefilter] worker=68 checked=450/1000 passed=11 failed=439 by_platform={"shopify-html":7,"woocommerce-html":3,"woocommerce":1}
[prefilter] worker=71 checked=500/1000 passed=11 failed=489 by_platform={"woocommerce-html":3,"shopify-html":4,"schema-product":2,"woocommerce":1,"shopify":1}
[prefilter] worker=24 checked=400/999 passed=8 failed=392 by_platform={"shopify-html":3,"shopify":1,"magento":2,"woocommerce-html":2}
[prefilter] worker=90 checked=500/1000 passed=11 failed=489 by_platform={"shopify-html":7,"woocommerce-html":3,"woocommerce":1}
[prefilter] worker=50 checked=350/1000 passed=0 failed=350 by_platform={}
[prefilter] worker=0 checked=400/1000 passed=0 failed=400 by_platform={}
[prefilter] worker=85 checked=550/1000 passed=15 failed=535 by_platform={"woocommerce-html":4,"shopify-html":5,"schema-product":2,"woocommerce":2,"shopify":2}
[prefilter] worker=96 checked=450/1000 passed=8 failed=442 by_platform={"shopify-html":4,"woocommerce-html":2,"woocommerce":2}
[prefilter] worker=60 checked=450/999 passed=8 failed=442 by_platform={"shopify-html":3,"shopify":1,"magento":2,"woocommerce-html":2}
[prefilter] worker=16 checked=500/1000 passed=8 failed=492 by_platform={"shopify-html":4,"woocommerce-html":2,"woocommerce":2}
[prefilter] worker=71 checked=550/1000 passed=11 failed=539 by_platform={"shopify-html":7,"woocommerce-html":3,"woocommerce":1}
[prefilter] worker=3 checked=600/1000 passed=15 failed=585 by_platform={"woocommerce-html":4,"shopify-html":5,"schema-product":2,"woocommerce":2,"shopify":2}
[prefilter] worker=24 checked=500/999 passed=8 failed=492 by_platform={"shopify-html":3,"shopify":1,"magento":2,"woocommerce-html":2}
[prefilter] worker=58 checked=600/1000 passed=11 failed=589 by_platform={"shopify-html":7,"woocommerce-html":3,"woocommerce":1}
[prefilter] worker=62 checked=450/1000 passed=0 failed=450 by_platform={}
[prefilter] worker=10 checked=500/1000 passed=0 failed=500 by_platform={}
[prefilter] worker=85 checked=650/1000 passed=15 failed=635 by_platform={"woocommerce-html":4,"shopify-html":5,"schema-product":2,"woocommerce":2,"shopify":2}
[prefilter] worker=66 checked=550/1000 passed=8 failed=542 by_platform={"shopify-html":4,"woocommerce-html":2,"woocommerce":2}
[prefilter] worker=68 checked=550/999 passed=8 failed=542 by_platform={"shopify-html":3,"shopify":1,"magento":2,"woocommerce-html":2}
[prefilter] worker=16 checked=600/1000 passed=8 failed=592 by_platform={"shopify-html":4,"woocommerce-html":2,"woocommerce":2}
[prefilter] worker=68 checked=650/1000 passed=11 failed=639 by_platform={"shopify-html":7,"woocommerce-html":3,"woocommerce":1}
[prefilter] worker=79 checked=700/1000 passed=15 failed=685 by_platform={"woocommerce-html":4,"shopify-html":5,"schema-product":2,"woocommerce":2,"shopify":2}
[prefilter] worker=91 checked=600/999 passed=8 failed=592 by_platform={"shopify-html":3,"shopify":1,"magento":2,"woocommerce-html":2}
[prefilter] worker=90 checked=700/1000 passed=11 failed=689 by_platform={"shopify-html":7,"woocommerce-html":3,"woocommerce":1}
[prefilter] worker=50 checked=550/1000 passed=0 failed=550 by_platform={}
[prefilter] worker=0 checked=600/1000 passed=0 failed=600 by_platform={}
[prefilter] worker=85 checked=750/1000 passed=15 failed=735 by_platform={"woocommerce-html":4,"shopify-html":5,"schema-product":2,"woocommerce":2,"shopify":2}
[prefilter] worker=96 checked=650/1000 passed=8 failed=642 by_platform={"shopify-html":4,"woocommerce-html":2,"woocommerce":2}
[prefilter] worker=60 checked=650/999 passed=8 failed=642 by_platform={"shopify-html":3,"shopify":1,"magento":2,"woocommerce-html":2}
[prefilter] worker=16 checked=700/1000 passed=8 failed=692 by_platform={"shopify-html":4,"woocommerce-html":2,"woocommerce":2}
[prefilter] worker=71 checked=750/1000 passed=11 failed=739 by_platform={"shopify-html":7,"woocommerce-html":3,"woocommerce":1}
[prefilter] worker=3 checked=800/1000 passed=15 failed=785 by_platform={"woocommerce-html":4,"shopify-html":5,"schema-product":2,"woocommerce":2,"shopify":2}
[prefilter] worker=91 checked=700/999 passed=8 failed=692 by_platform={"shopify-html":3,"shopify":1,"magento":2,"woocommerce-html":2}
[prefilter] worker=58 checked=800/1000 passed=11 failed=789 by_platform={"shopify-html":7,"woocommerce-html":3,"woocommerce":1}
[prefilter] worker=62 checked=650/1000 passed=0 failed=650 by_platform={}
[prefilter] worker=10 checked=700/1000 passed=0 failed=700 by_platform={}
[prefilter] worker=85 checked=850/1000 passed=15 failed=835 by_platform={"woocommerce-html":4,"shopify-html":5,"schema-product":2,"woocommerce":2,"shopify":2}
[prefilter] worker=66 checked=750/1000 passed=8 failed=742 by_platform={"shopify-html":4,"woocommerce-html":2,"woocommerce":2}
[prefilter] worker=68 checked=750/999 passed=8 failed=742 by_platform={"shopify-html":3,"shopify":1,"magento":2,"woocommerce-html":2}
[prefilter] worker=16 checked=800/1000 passed=8 failed=792 by_platform={"shopify-html":4,"woocommerce-html":2,"woocommerce":2}
[prefilter] worker=68 checked=850/1000 passed=11 failed=839 by_platform={"shopify-html":7,"woocommerce-html":3,"woocommerce":1}
[prefilter] worker=79 checked=900/1000 passed=15 failed=885 by_platform={"woocommerce-html":4,"shopify-html":5,"schema-product":2,"woocommerce":2,"shopify":2}
[prefilter] worker=24 checked=800/999 passed=8 failed=792 by_platform={"shopify-html":3,"shopify":1,"magento":2,"woocommerce-html":2}
[prefilter] worker=90 checked=900/1000 passed=11 failed=889 by_platform={"shopify-html":7,"woocommerce-html":3,"woocommerce":1}
[prefilter] worker=49 checked=750/1000 passed=0 failed=750 by_platform={}
[prefilter] worker=0 checked=800/1000 passed=0 failed=800 by_platform={}
[prefilter] worker=45 checked=950/1000 passed=15 failed=935 by_platform={"woocommerce-html":4,"shopify-html":5,"schema-product":2,"woocommerce":2,"shopify":2}
[prefilter] worker=96 checked=850/1000 passed=8 failed=842 by_platform={"shopify-html":4,"woocommerce-html":2,"woocommerce":2}
[prefilter] worker=60 checked=850/999 passed=8 failed=842 by_platform={"shopify-html":3,"shopify":1,"magento":2,"woocommerce-html":2}
[prefilter] worker=16 checked=900/1000 passed=8 failed=892 by_platform={"shopify-html":4,"woocommerce-html":2,"woocommerce":2}
[prefilter] worker=3 checked=950/1000 passed=11 failed=939 by_platform={"shopify-html":7,"woocommerce-html":3,"woocommerce":1}
[prefilter] worker=3 checked=1000/1000 passed=15 failed=985 by_platform={"woocommerce-html":4,"shopify-html":5,"schema-product":2,"woocommerce":2,"shopify":2}
[prefilter] done: {"checked":1000,"passed":15,"failed":985,"by_platform":{"woocommerce-html":4,"shopify-html":5,"schema-product":2,"woocommerce":2,"shopify":2},"started_at":"2026-06-11T12:07:30.702Z","finished_at":"2026-06-11T12:13:48.980Z","output":"data/discovery_2026-06-11/prefilter_parallel/cursor_40000/split4.ndjson","output_rows":15}
[prefilter] worker=91 checked=900/999 passed=8 failed=892 by_platform={"shopify-html":3,"shopify":1,"magento":2,"woocommerce-html":2}
[prefilter] worker=13 checked=1000/1000 passed=11 failed=989 by_platform={"shopify-html":7,"woocommerce-html":3,"woocommerce":1}
[prefilter] done: {"checked":1000,"passed":11,"failed":989,"by_platform":{"shopify-html":7,"woocommerce-html":3,"woocommerce":1},"started_at":"2026-06-11T12:07:30.811Z","finished_at":"2026-06-11T12:13:53.079Z","output":"data/discovery_2026-06-11/prefilter_parallel/cursor_40000/split5.ndjson","output_rows":11}
[prefilter] worker=63 checked=850/1000 passed=0 failed=850 by_platform={}
[prefilter] worker=10 checked=900/1000 passed=0 failed=900 by_platform={}
[prefilter] worker=66 checked=950/1000 passed=8 failed=942 by_platform={"shopify-html":4,"woocommerce-html":2,"woocommerce":2}
[prefilter] worker=68 checked=950/999 passed=8 failed=942 by_platform={"shopify-html":3,"shopify":1,"magento":2,"woocommerce-html":2}
[prefilter] worker=16 checked=1000/1000 passed=8 failed=992 by_platform={"shopify-html":4,"woocommerce-html":2,"woocommerce":2}
[prefilter] done: {"checked":1000,"passed":8,"failed":992,"by_platform":{"shopify-html":4,"woocommerce-html":2,"woocommerce":2},"started_at":"2026-06-11T12:07:30.730Z","finished_at":"2026-06-11T12:14:14.535Z","output":"data/discovery_2026-06-11/prefilter_parallel/cursor_40000/split1.ndjson","output_rows":8}
[prefilter] worker=32 checked=999/999 passed=8 failed=991 by_platform={"shopify-html":3,"shopify":1,"magento":2,"woocommerce-html":2}
[prefilter] done: {"checked":999,"passed":8,"failed":991,"by_platform":{"shopify-html":3,"shopify":1,"magento":2,"woocommerce-html":2},"started_at":"2026-06-11T12:07:30.799Z","finished_at":"2026-06-11T12:14:29.617Z","output":"data/discovery_2026-06-11/prefilter_parallel/cursor_40000/split3.ndjson","output_rows":8}
[prefilter] worker=56 checked=950/1000 passed=0 failed=950 by_platform={}
[prefilter] worker=10 checked=1000/1000 passed=0 failed=1000 by_platform={}
[prefilter] done: {"checked":1000,"passed":0,"failed":1000,"by_platform":{},"started_at":"2026-06-11T12:07:30.734Z","finished_at":"2026-06-11T12:14:36.098Z","output":"data/discovery_2026-06-11/prefilter_parallel/cursor_40000/split2.ndjson","output_rows":0}
[Thu Jun 11 12:14:56 UTC 2026] Cursor 40000: 42 stores passed prefilter
[deep-page] input records=42 ecom=42 by_platform={"shopify-html":19,"woocommerce-html":11,"woocommerce":5,"shopify":3,"magento":2,"schema-product":2} concurrency=50
[dp] glossier.com page=1 status=429 bodyLen=undefined
[dp] casper.com page=1 status=429 bodyLen=undefined
[dp] trueprofit.io page=1 status=404 bodyLen=undefined
[dp] izotope.com page=1 status=429 bodyLen=undefined
[dp] simplelocalize.io page=1 status=404 bodyLen=undefined
[dp:wc] storables.com page=1 status=401 bodyLen=undefined
[dp] americangirl.com page=1 status=429 bodyLen=undefined
[dp] commslayer.com page=1 status=404 bodyLen=undefined
[dp:wc] hyrox.com page=1 status=401 bodyLen=undefined
[dp:wc] dataremote.com page=1 status=404 bodyLen=undefined
[dp] goshippo.com page=1 status=404 bodyLen=undefined
[dp] freedomfi.com page=1 status=200 bodyLen=433769
[dp] freedomfi.com parse err: Unexpected token '<', "<!doctype "... is not valid JSON
[dp] fal.ai page=1 status=404 bodyLen=undefined
[dp] photogrid.app page=1 status=404 bodyLen=undefined
[dp:wc] eflorist.com page=1 status=404 bodyLen=undefined
[dp:wc] nic.blog page=1 status=404 bodyLen=undefined
[dp] gocertify.me page=1 status=404 bodyLen=undefined
[dp:wc] msmagazine.com page=1 status=401 bodyLen=undefined
[dp] starapps.studio page=1 status=200 bodyLen=60578
[dp] starapps.studio parse err: Unexpected token '', "�      "... is not valid JSON
[dp:mg] anjouangaming.org page=1 status=200 bodyLen=107
[dp] getguru.com page=1 status=404 bodyLen=undefined
[dp:wc] themearile.com page=1 status=404 bodyLen=undefined
[dp:mg] gaviaspreview.com page=1 status=200 bodyLen=107
[dp:wc] uep24.ru page=1 status=404 bodyLen=undefined
[dp:wc] 10best.com page=1 status=200 bodyLen=157684
[dp] hiworks.com page=1 status=200 bodyLen=7856
[dp] hiworks.com parse err: Unexpected token '<', "<!--HEADER"... is not valid JSON
[dp] admagazine.fr page=1 status=404 bodyLen=undefined
[dp:wc] businesstoday.com.tw page=1 status=200 bodyLen=141014
[deep-page] worker=34 stores=25 failed=0 products=12 by_platform={"shopify-html":12,"woocommerce-html":8,"schema-product":1,"magento":2,"woocommerce":2}
[dp] adsmurai.com page=1 status=404 bodyLen=undefined
[dp:wc] nic.bi page=1 status=404 bodyLen=undefined
[dp:wc] nusa.net.id page=1 status=401 bodyLen=undefined
[dp] openpanel.dev page=1 status=404 bodyLen=undefined
[dp:wc] xpeng.com page=1 status=200 bodyLen=323490
[dp:wc] veltra.com page=1 status=200 bodyLen=220379
[dp] thermaltake.com page=1 status=404 bodyLen=undefined
[dp:wc] tecalliance.services page=1 status=200 bodyLen=184625
[dp] soreto.com page=1 status=404 bodyLen=undefined
[dp:wc] weatherflow.com page=1 status=404 bodyLen=undefined
[dp] glossier.com page=1 status=429 bodyLen=undefined
[dp] casper.com page=1 status=429 bodyLen=undefined
[dp] izotope.com page=1 status=429 bodyLen=undefined
[dp] americangirl.com page=1 status=429 bodyLen=undefined
[dp] hiverhq.com page=1 status=200 bodyLen=635274
[dp] hiverhq.com parse err: Unexpected token '<', "<!doctype "... is not valid JSON
[dp] glossier.com page=1 status=429 bodyLen=undefined
[dp] casper.com page=1 status=429 bodyLen=undefined
[dp] izotope.com page=1 status=429 bodyLen=undefined
[dp] americangirl.com page=1 status=429 bodyLen=undefined
[dp] xxlmag.com page=1 status=0 bodyLen=undefined
[dp] glossier.com page=1 status=429 bodyLen=undefined
[dp] casper.com page=1 status=429 bodyLen=undefined
[dp] izotope.com page=1 status=429 bodyLen=undefined
[dp] americangirl.com page=1 status=429 bodyLen=undefined
[dp] glossier.com page=1 status=429 bodyLen=undefined
[dp] casper.com page=1 status=429 bodyLen=undefined
[dp] izotope.com page=1 status=429 bodyLen=undefined
[dp] americangirl.com page=1 status=429 bodyLen=undefined
[dp] glossier.com page=1 status=429 bodyLen=undefined
[dp] casper.com page=1 status=429 bodyLen=undefined
[dp] izotope.com page=1 status=429 bodyLen=undefined
[dp] americangirl.com page=1 status=429 bodyLen=undefined
[deep-page] DONE: {"stores_processed":42,"stores_failed":0,"total_products":13,"by_platform":{"shopify-html":19,"woocommerce-html":11,"schema-product":2,"magento":2,"woocommerce":5,"shopify":3},"started_at":"2026-06-11T12:14:56.282Z","finished_at":"2026-06-11T12:15:56.942Z","output_rows":13}
[Thu Jun 11 12:15:56 UTC 2026] Cursor 45000: 13 products extracted
(node:2771029) Warning: SECURITY WARNING: The SSL modes 'prefer', 'require', and 'verify-ca' are treated as aliases for 'verify-full'.
In the next major version (pg-connection-string v3.0.0 and pg v9.0.0), these modes will adopt standard libpq semantics, which have weaker security guarantees.

To prepare for this change:
- If you want the current behavior, explicitly use 'sslmode=verify-full'
- If you want libpq compatibility now, use 'uselibpqcompat=true&sslmode=require'

See https://www.postgresql.org/docs/current/libpq-ssl.html for libpq SSL mode definitions.
(Use `node --trace-warnings ...` to show where the warning was created)
(node:2771029) Warning: Setting the NODE_TLS_REJECT_UNAUTHORIZED environment variable to '0' makes TLS connections and HTTPS requests insecure by disabling certificate verification.
[ingest-daemon] {"ts":"2026-06-11T12:16:00.990Z","file":"products_cursor_45000.ndjson.processing.ndjson","rows":13,"written":13,"fabricated":false,"fabrication_share":{"zeroPriceShare":0.07692307692307693,"nullImageShare":0,"nullSkuShare":0,"emptyTitleShare":0},"elapsed_ms":3717,"rows_per_sec":"3.5"}
[Thu Jun 11 12:16:01 UTC 2026] Cursor 45000: ingested 13 (session cumulative: 1745)
[Thu Jun 11 12:16:03 UTC 2026] Cursor 45000 batch 10: 5000 domains (lines 45001-50000)
[prefilter] input=/tmp/loop_split_45000_3.txt domains=1000 concurrency=100
[prefilter] input=/tmp/loop_split_45000_5.txt domains=1000 concurrency=100
[prefilter] input=/tmp/loop_split_45000_1.txt domains=1000 concurrency=100
[prefilter] input=/tmp/loop_split_45000_2.txt domains=998 concurrency=100
[prefilter] input=/tmp/loop_split_45000_4.txt domains=1000 concurrency=100
[prefilter] worker=77 checked=50/1000 passed=4 failed=46 by_platform={"magento":1,"shopify-html":1,"shopify":1,"woocommerce-html":1}
[prefilter] worker=70 checked=50/1000 passed=5 failed=45 by_platform={"schema-product":1,"shopify":2,"magento-html":1,"shopify-html":1}
[prefilter] worker=81 checked=100/1000 passed=5 failed=95 by_platform={"magento":1,"shopify-html":1,"shopify":1,"woocommerce-html":2}
[prefilter] worker=49 checked=50/1000 passed=2 failed=48 by_platform={"shopify":1,"schema-product":1}
[prefilter] worker=87 checked=50/998 passed=1 failed=49 by_platform={"shopify":1}
[prefilter] worker=88 checked=50/1000 passed=0 failed=50 by_platform={}
[prefilter] worker=54 checked=100/998 passed=1 failed=99 by_platform={"shopify":1}
[prefilter] worker=13 checked=100/1000 passed=2 failed=98 by_platform={"shopify":1,"schema-product":1}
[prefilter] worker=23 checked=100/1000 passed=5 failed=95 by_platform={"schema-product":1,"shopify":2,"magento-html":1,"shopify-html":1}
[prefilter] worker=40 checked=100/1000 passed=0 failed=100 by_platform={}
[prefilter] worker=64 checked=150/1000 passed=5 failed=145 by_platform={"magento":1,"shopify-html":1,"shopify":1,"woocommerce-html":2}
[prefilter] worker=70 checked=150/1000 passed=5 failed=145 by_platform={"schema-product":1,"shopify":2,"magento-html":1,"shopify-html":1}
[prefilter] worker=79 checked=200/1000 passed=5 failed=195 by_platform={"magento":1,"shopify-html":1,"shopify":1,"woocommerce-html":2}
[prefilter] worker=49 checked=150/1000 passed=2 failed=148 by_platform={"shopify":1,"schema-product":1}
[prefilter] worker=94 checked=150/998 passed=1 failed=149 by_platform={"shopify":1}
[prefilter] worker=68 checked=150/1000 passed=0 failed=150 by_platform={}
[prefilter] worker=46 checked=200/998 passed=1 failed=199 by_platform={"shopify":1}
[prefilter] worker=22 checked=200/1000 passed=2 failed=198 by_platform={"shopify":1,"schema-product":1}
[prefilter] worker=39 checked=200/1000 passed=5 failed=195 by_platform={"schema-product":1,"shopify":2,"magento-html":1,"shopify-html":1}
[prefilter] worker=29 checked=200/1000 passed=0 failed=200 by_platform={}
[prefilter] worker=69 checked=250/1000 passed=2 failed=248 by_platform={"shopify":1,"schema-product":1}
[prefilter] worker=16 checked=250/1000 passed=5 failed=245 by_platform={"magento":1,"shopify-html":1,"shopify":1,"woocommerce-html":2}
[prefilter] worker=70 checked=250/1000 passed=5 failed=245 by_platform={"schema-product":1,"shopify":2,"magento-html":1,"shopify-html":1}
[prefilter] worker=30 checked=300/1000 passed=7 failed=293 by_platform={"shopify":1,"schema-product":1,"shopify-html":3,"woocommerce-html":2}
[prefilter] worker=81 checked=300/1000 passed=5 failed=295 by_platform={"magento":1,"shopify-html":1,"shopify":1,"woocommerce-html":2}
[prefilter] worker=83 checked=250/998 passed=1 failed=249 by_platform={"shopify":1}
[prefilter] worker=87 checked=250/1000 passed=0 failed=250 by_platform={}
[prefilter] worker=54 checked=300/998 passed=1 failed=299 by_platform={"shopify":1}
[prefilter] worker=41 checked=300/1000 passed=5 failed=295 by_platform={"schema-product":1,"shopify":2,"magento-html":1,"shopify-html":1}
[prefilter] worker=40 checked=300/1000 passed=0 failed=300 by_platform={}
[prefilter] worker=64 checked=350/1000 passed=5 failed=345 by_platform={"magento":1,"shopify-html":1,"shopify":1,"woocommerce-html":2}
[prefilter] worker=75 checked=350/1000 passed=7 failed=343 by_platform={"shopify":1,"schema-product":1,"shopify-html":3,"woocommerce-html":2}
[prefilter] worker=70 checked=350/1000 passed=5 failed=345 by_platform={"schema-product":1,"shopify":2,"magento-html":1,"shopify-html":1}
[prefilter] worker=77 checked=400/1000 passed=7 failed=393 by_platform={"shopify":1,"schema-product":1,"shopify-html":3,"woocommerce-html":2}
[prefilter] worker=79 checked=400/1000 passed=5 failed=395 by_platform={"magento":1,"shopify-html":1,"shopify":1,"woocommerce-html":2}
[prefilter] worker=0 checked=350/998 passed=1 failed=349 by_platform={"shopify":1}
[prefilter] worker=67 checked=350/1000 passed=0 failed=350 by_platform={}
[prefilter] worker=46 checked=400/998 passed=1 failed=399 by_platform={"shopify":1}
[prefilter] worker=39 checked=400/1000 passed=5 failed=395 by_platform={"schema-product":1,"shopify":2,"magento-html":1,"shopify-html":1}
[prefilter] worker=29 checked=400/1000 passed=0 failed=400 by_platform={}
[prefilter] worker=16 checked=450/1000 passed=5 failed=445 by_platform={"magento":1,"shopify-html":1,"shopify":1,"woocommerce-html":2}
[prefilter] worker=3 checked=450/1000 passed=7 failed=443 by_platform={"shopify":1,"schema-product":1,"shopify-html":3,"woocommerce-html":2}
[prefilter] worker=70 checked=450/1000 passed=5 failed=445 by_platform={"schema-product":1,"shopify":2,"magento-html":1,"shopify-html":1}
[prefilter] worker=24 checked=500/1000 passed=7 failed=493 by_platform={"shopify":1,"schema-product":1,"shopify-html":3,"woocommerce-html":2}
[prefilter] worker=81 checked=500/1000 passed=5 failed=495 by_platform={"magento":1,"shopify-html":1,"shopify":1,"woocommerce-html":2}
[prefilter] worker=90 checked=450/998 passed=1 failed=449 by_platform={"shopify":1}
[prefilter] worker=86 checked=450/1000 passed=0 failed=450 by_platform={}
[prefilter] worker=54 checked=500/998 passed=1 failed=499 by_platform={"shopify":1}
[prefilter] worker=41 checked=500/1000 passed=5 failed=495 by_platform={"schema-product":1,"shopify":2,"magento-html":1,"shopify-html":1}
[prefilter] worker=40 checked=500/1000 passed=0 failed=500 by_platform={}
[prefilter] worker=64 checked=550/1000 passed=5 failed=545 by_platform={"magento":1,"shopify-html":1,"shopify":1,"woocommerce-html":2}
[prefilter] worker=39 checked=550/1000 passed=7 failed=543 by_platform={"shopify":1,"schema-product":1,"shopify-html":3,"woocommerce-html":2}
[prefilter] worker=70 checked=550/1000 passed=5 failed=545 by_platform={"schema-product":1,"shopify":2,"magento-html":1,"shopify-html":1}
[prefilter] worker=77 checked=600/1000 passed=7 failed=593 by_platform={"shopify":1,"schema-product":1,"shopify-html":3,"woocommerce-html":2}
[prefilter] worker=79 checked=600/1000 passed=5 failed=595 by_platform={"magento":1,"shopify-html":1,"shopify":1,"woocommerce-html":2}
[prefilter] worker=97 checked=550/998 passed=1 failed=549 by_platform={"shopify":1}
[prefilter] worker=68 checked=550/1000 passed=0 failed=550 by_platform={}
[prefilter] worker=46 checked=600/998 passed=1 failed=599 by_platform={"shopify":1}
[prefilter] worker=39 checked=600/1000 passed=5 failed=595 by_platform={"schema-product":1,"shopify":2,"magento-html":1,"shopify-html":1}
[prefilter] worker=29 checked=600/1000 passed=0 failed=600 by_platform={}
[prefilter] worker=16 checked=650/1000 passed=5 failed=645 by_platform={"magento":1,"shopify-html":1,"shopify":1,"woocommerce-html":2}
[prefilter] worker=66 checked=650/1000 passed=7 failed=643 by_platform={"shopify":1,"schema-product":1,"shopify-html":3,"woocommerce-html":2}
[prefilter] worker=70 checked=650/1000 passed=5 failed=645 by_platform={"schema-product":1,"shopify":2,"magento-html":1,"shopify-html":1}
[prefilter] worker=24 checked=700/1000 passed=7 failed=693 by_platform={"shopify":1,"schema-product":1,"shopify-html":3,"woocommerce-html":2}
[prefilter] worker=81 checked=700/1000 passed=5 failed=695 by_platform={"magento":1,"shopify-html":1,"shopify":1,"woocommerce-html":2}
[prefilter] worker=94 checked=650/998 passed=1 failed=649 by_platform={"shopify":1}
[prefilter] worker=87 checked=650/1000 passed=0 failed=650 by_platform={}
[prefilter] worker=54 checked=700/998 passed=1 failed=699 by_platform={"shopify":1}
[prefilter] worker=41 checked=700/1000 passed=5 failed=695 by_platform={"schema-product":1,"shopify":2,"magento-html":1,"shopify-html":1}
[prefilter] worker=40 checked=700/1000 passed=0 failed=700 by_platform={}
[prefilter] worker=64 checked=750/1000 passed=5 failed=745 by_platform={"magento":1,"shopify-html":1,"shopify":1,"woocommerce-html":2}
[prefilter] worker=58 checked=750/1000 passed=7 failed=743 by_platform={"shopify":1,"schema-product":1,"shopify-html":3,"woocommerce-html":2}
[prefilter] worker=70 checked=750/1000 passed=5 failed=745 by_platform={"schema-product":1,"shopify":2,"magento-html":1,"shopify-html":1}
[prefilter] worker=30 checked=800/1000 passed=7 failed=793 by_platform={"shopify":1,"schema-product":1,"shopify-html":3,"woocommerce-html":2}
[prefilter] worker=79 checked=800/1000 passed=5 failed=795 by_platform={"magento":1,"shopify-html":1,"shopify":1,"woocommerce-html":2}
[prefilter] worker=89 checked=750/998 passed=1 failed=749 by_platform={"shopify":1}
[prefilter] worker=69 checked=750/1000 passed=0 failed=750 by_platform={}
[prefilter] worker=46 checked=800/998 passed=1 failed=799 by_platform={"shopify":1}
[prefilter] worker=39 checked=800/1000 passed=5 failed=795 by_platform={"schema-product":1,"shopify":2,"magento-html":1,"shopify-html":1}
[prefilter] worker=29 checked=800/1000 passed=0 failed=800 by_platform={}
[prefilter] worker=16 checked=850/1000 passed=5 failed=845 by_platform={"magento":1,"shopify-html":1,"shopify":1,"woocommerce-html":2}
[prefilter] worker=66 checked=850/1000 passed=7 failed=843 by_platform={"shopify":1,"schema-product":1,"shopify-html":3,"woocommerce-html":2}
[prefilter] worker=70 checked=850/1000 passed=5 failed=845 by_platform={"schema-product":1,"shopify":2,"magento-html":1,"shopify-html":1}
[prefilter] worker=24 checked=900/1000 passed=7 failed=893 by_platform={"shopify":1,"schema-product":1,"shopify-html":3,"woocommerce-html":2}
[prefilter] worker=81 checked=900/1000 passed=5 failed=895 by_platform={"magento":1,"shopify-html":1,"shopify":1,"woocommerce-html":2}
[prefilter] worker=0 checked=850/998 passed=1 failed=849 by_platform={"shopify":1}
[prefilter] worker=87 checked=850/1000 passed=0 failed=850 by_platform={}
[prefilter] worker=54 checked=900/998 passed=1 failed=899 by_platform={"shopify":1}
[prefilter] worker=41 checked=900/1000 passed=5 failed=895 by_platform={"schema-product":1,"shopify":2,"magento-html":1,"shopify-html":1}
[prefilter] worker=40 checked=900/1000 passed=0 failed=900 by_platform={}
[prefilter] worker=77 checked=950/1000 passed=5 failed=945 by_platform={"magento":1,"shopify-html":1,"shopify":1,"woocommerce-html":2}
[prefilter] worker=75 checked=950/1000 passed=7 failed=943 by_platform={"shopify":1,"schema-product":1,"shopify-html":3,"woocommerce-html":2}
[prefilter] worker=70 checked=950/1000 passed=5 failed=945 by_platform={"schema-product":1,"shopify":2,"magento-html":1,"shopify-html":1}
[prefilter] worker=24 checked=1000/1000 passed=7 failed=993 by_platform={"shopify":1,"schema-product":1,"shopify-html":3,"woocommerce-html":2}
[prefilter] done: {"checked":1000,"passed":7,"failed":993,"by_platform":{"shopify":1,"schema-product":1,"shopify-html":3,"woocommerce-html":2},"started_at":"2026-06-11T12:16:03.498Z","finished_at":"2026-06-11T12:23:01.625Z","output":"data/discovery_2026-06-11/prefilter_parallel/cursor_45000/split5.ndjson","output_rows":7}
[prefilter] worker=82 checked=1000/1000 passed=5 failed=995 by_platform={"magento":1,"shopify-html":1,"shopify":1,"woocommerce-html":2}
[prefilter] done: {"checked":1000,"passed":5,"failed":995,"by_platform":{"magento":1,"shopify-html":1,"shopify":1,"woocommerce-html":2},"started_at":"2026-06-11T12:16:03.490Z","finished_at":"2026-06-11T12:23:03.562Z","output":"data/discovery_2026-06-11/prefilter_parallel/cursor_45000/split3.ndjson","output_rows":5}
[prefilter] worker=40 checked=950/998 passed=1 failed=949 by_platform={"shopify":1}
[prefilter] worker=93 checked=950/1000 passed=0 failed=950 by_platform={}
[prefilter] worker=45 checked=998/998 passed=1 failed=997 by_platform={"shopify":1}
[prefilter] done: {"checked":998,"passed":1,"failed":997,"by_platform":{"shopify":1},"started_at":"2026-06-11T12:16:03.549Z","finished_at":"2026-06-11T12:23:11.223Z","output":"data/discovery_2026-06-11/prefilter_parallel/cursor_45000/split2.ndjson","output_rows":1}
[prefilter] worker=41 checked=1000/1000 passed=5 failed=995 by_platform={"schema-product":1,"shopify":2,"magento-html":1,"shopify-html":1}
[prefilter] done: {"checked":1000,"passed":5,"failed":995,"by_platform":{"schema-product":1,"shopify":2,"magento-html":1,"shopify-html":1},"started_at":"2026-06-11T12:16:03.503Z","finished_at":"2026-06-11T12:23:11.575Z","output":"data/discovery_2026-06-11/prefilter_parallel/cursor_45000/split1.ndjson","output_rows":5}
[prefilter] worker=38 checked=1000/1000 passed=0 failed=1000 by_platform={}
[prefilter] done: {"checked":1000,"passed":0,"failed":1000,"by_platform":{},"started_at":"2026-06-11T12:16:03.557Z","finished_at":"2026-06-11T12:23:14.788Z","output":"data/discovery_2026-06-11/prefilter_parallel/cursor_45000/split4.ndjson","output_rows":0}
[Thu Jun 11 12:23:35 UTC 2026] Cursor 45000: 18 stores passed prefilter
[deep-page] input records=18 ecom=18 by_platform={"schema-product":2,"shopify":5,"magento-html":1,"shopify-html":5,"magento":1,"woocommerce-html":4} concurrency=50
[dp] bigseller.com page=1 status=200 bodyLen=64
[dp] bigseller.com no products
[dp] nooie.com page=1 status=200 bodyLen=94551
[dp] woodcraft.com page=1 status=200 bodyLen=1145999
[dp] dollskill.com page=1 status=200 bodyLen=1299106
[dp:mg] azehosting.net page=1 status=200 bodyLen=107
[dp] tartecosmetics.com page=1 status=200 bodyLen=2057266
[dp] solakon.de page=1 status=200 bodyLen=536221
[dp] rybbit.com page=1 status=404 bodyLen=undefined
[dp:mg] moosend.com page=1 status=404 bodyLen=undefined
[dp:wc] roadtovr.com page=1 status=404 bodyLen=undefined
[dp] glamour.es page=1 status=404 bodyLen=undefined
[dp:wc] stylemixthemes.com page=1 status=404 bodyLen=undefined
[dp:wc] natera.com page=1 status=401 bodyLen=undefined
[dp] geckoboard.com page=1 status=404 bodyLen=undefined
[dp:wc] envysion.com page=1 status=404 bodyLen=undefined
[dp] ankersolix.com page=1 status=404 bodyLen=undefined
[deep-page] DONE: {"stores_processed":18,"stores_failed":0,"total_products":651,"by_platform":{"shopify-html":5,"shopify":5,"schema-product":2,"magento":1,"magento-html":1,"woocommerce-html":4},"started_at":"2026-06-11T12:23:35.335Z","finished_at":"2026-06-11T12:23:39.415Z","output_rows":651}
[Thu Jun 11 12:23:39 UTC 2026] Cursor 50000: 651 products extracted
[ingest-daemon] dedup: 651 -> 650 (removed 1 duplicate skus)
(node:2814017) Warning: SECURITY WARNING: The SSL modes 'prefer', 'require', and 'verify-ca' are treated as aliases for 'verify-full'.
In the next major version (pg-connection-string v3.0.0 and pg v9.0.0), these modes will adopt standard libpq semantics, which have weaker security guarantees.

To prepare for this change:
- If you want the current behavior, explicitly use 'sslmode=verify-full'
- If you want libpq compatibility now, use 'uselibpqcompat=true&sslmode=require'

See https://www.postgresql.org/docs/current/libpq-ssl.html for libpq SSL mode definitions.
(Use `node --trace-warnings ...` to show where the warning was created)
(node:2814017) Warning: Setting the NODE_TLS_REJECT_UNAUTHORIZED environment variable to '0' makes TLS connections and HTTPS requests insecure by disabling certificate verification.
[ingest-daemon] {"ts":"2026-06-11T12:23:51.042Z","file":"products_cursor_50000.ndjson.processing.ndjson","rows":651,"written":650,"fabricated":false,"fabrication_share":{"zeroPriceShare":0.0015384615384615385,"nullImageShare":0,"nullSkuShare":0,"emptyTitleShare":0},"elapsed_ms":11335,"rows_per_sec":"57.3"}
[Thu Jun 11 12:23:51 UTC 2026] Cursor 50000: ingested 651 (session cumulative: 2396)
[Thu Jun 11 12:23:53 UTC 2026] Cursor 50000 batch 11: 5000 domains (lines 50001-55000)
[prefilter] input=/tmp/loop_split_50000_5.txt domains=999 concurrency=100
[prefilter] input=/tmp/loop_split_50000_4.txt domains=1000 concurrency=100
[prefilter] input=/tmp/loop_split_50000_3.txt domains=1000 concurrency=100
[prefilter] input=/tmp/loop_split_50000_2.txt domains=998 concurrency=100
[prefilter] input=/tmp/loop_split_50000_1.txt domains=1000 concurrency=100
[prefilter] worker=57 checked=50/1000 passed=4 failed=46 by_platform={"shopify-html":3,"woocommerce":1}
[prefilter] worker=21 checked=50/1000 passed=3 failed=47 by_platform={"shopify-html":1,"woocommerce-html":2}
[prefilter] worker=22 checked=50/999 passed=7 failed=43 by_platform={"shopify":1,"magento":3,"woocommerce-html":1,"woocommerce":2}
[prefilter] worker=43 checked=50/998 passed=2 failed=48 by_platform={"schema-product":1,"woocommerce-html":1}
[prefilter] worker=89 checked=100/999 passed=13 failed=87 by_platform={"shopify":1,"magento":3,"woocommerce-html":2,"woocommerce":5,"magento-html":1,"shopify-html":1}
[prefilter] worker=37 checked=100/1000 passed=7 failed=93 by_platform={"shopify-html":4,"woocommerce":1,"magento":1,"schema-product":1}
[prefilter] worker=93 checked=150/999 passed=15 failed=135 by_platform={"shopify":1,"magento":3,"woocommerce-html":2,"woocommerce":6,"magento-html":1,"shopify-html":2}
[prefilter] worker=0 checked=50/1000 passed=3 failed=47 by_platform={"shopify":1,"woocommerce":1,"shopify-html":1}
[prefilter] worker=24 checked=100/998 passed=3 failed=97 by_platform={"schema-product":1,"woocommerce-html":1,"magento-html":1}
[prefilter] worker=64 checked=150/1000 passed=7 failed=143 by_platform={"shopify-html":4,"woocommerce":1,"magento":1,"schema-product":1}
[prefilter] worker=81 checked=100/1000 passed=4 failed=96 by_platform={"shopify-html":2,"woocommerce-html":2}
[prefilter] worker=40 checked=100/1000 passed=3 failed=97 by_platform={"shopify":1,"woocommerce":1,"shopify-html":1}
[prefilter] worker=44 checked=200/999 passed=17 failed=183 by_platform={"shopify":1,"magento":3,"woocommerce-html":2,"woocommerce":6,"magento-html":3,"shopify-html":2}
[prefilter] worker=21 checked=150/1000 passed=4 failed=146 by_platform={"shopify-html":2,"woocommerce-html":2}
[prefilter] worker=43 checked=150/998 passed=3 failed=147 by_platform={"schema-product":1,"woocommerce-html":1,"magento-html":1}
[prefilter] worker=78 checked=200/1000 passed=7 failed=193 by_platform={"shopify-html":4,"woocommerce":1,"magento":1,"schema-product":1}
[prefilter] worker=47 checked=250/999 passed=17 failed=233 by_platform={"shopify":1,"magento":3,"woocommerce-html":2,"woocommerce":6,"magento-html":3,"shopify-html":2}
[prefilter] worker=8 checked=150/1000 passed=3 failed=147 by_platform={"shopify":1,"woocommerce":1,"shopify-html":1}
[prefilter] worker=5 checked=200/998 passed=3 failed=197 by_platform={"schema-product":1,"woocommerce-html":1,"magento-html":1}
[prefilter] worker=19 checked=250/1000 passed=7 failed=243 by_platform={"shopify-html":4,"woocommerce":1,"magento":1,"schema-product":1}
[prefilter] worker=48 checked=200/1000 passed=4 failed=196 by_platform={"shopify-html":2,"woocommerce-html":2}
[prefilter] worker=32 checked=200/1000 passed=3 failed=197 by_platform={"shopify":1,"woocommerce":1,"shopify-html":1}
[prefilter] worker=44 checked=300/999 passed=17 failed=283 by_platform={"shopify":1,"magento":3,"woocommerce-html":2,"woocommerce":6,"magento-html":3,"shopify-html":2}
[prefilter] worker=36 checked=250/1000 passed=4 failed=246 by_platform={"shopify-html":2,"woocommerce-html":2}
[prefilter] worker=82 checked=250/998 passed=3 failed=247 by_platform={"schema-product":1,"woocommerce-html":1,"magento-html":1}
[prefilter] worker=34 checked=300/1000 passed=9 failed=291 by_platform={"shopify-html":5,"woocommerce":1,"magento":1,"schema-product":1,"magento-html":1}
[prefilter] worker=17 checked=350/1000 passed=12 failed=338 by_platform={"shopify-html":6,"woocommerce":1,"magento":1,"schema-product":3,"magento-html":1}
[prefilter] worker=87 checked=350/999 passed=17 failed=333 by_platform={"shopify":1,"magento":3,"woocommerce-html":2,"woocommerce":6,"magento-html":3,"shopify-html":2}
[prefilter] worker=23 checked=400/1000 passed=15 failed=385 by_platform={"shopify-html":6,"woocommerce":1,"magento":1,"schema-product":5,"magento-html":1,"shopify":1}
[prefilter] worker=0 checked=250/1000 passed=3 failed=247 by_platform={"shopify":1,"woocommerce":1,"shopify-html":1}
[prefilter] worker=24 checked=300/998 passed=3 failed=297 by_platform={"schema-product":1,"woocommerce-html":1,"magento-html":1}
[prefilter] worker=81 checked=300/1000 passed=4 failed=296 by_platform={"shopify-html":2,"woocommerce-html":2}
[prefilter] worker=40 checked=300/1000 passed=3 failed=297 by_platform={"shopify":1,"woocommerce":1,"shopify-html":1}
[prefilter] worker=44 checked=400/999 passed=17 failed=383 by_platform={"shopify":1,"magento":3,"woocommerce-html":2,"woocommerce":6,"magento-html":3,"shopify-html":2}
[prefilter] worker=21 checked=350/1000 passed=4 failed=346 by_platform={"shopify-html":2,"woocommerce-html":2}
[prefilter] worker=43 checked=350/998 passed=3 failed=347 by_platform={"schema-product":1,"woocommerce-html":1,"magento-html":1}
[prefilter] worker=76 checked=450/1000 passed=15 failed=435 by_platform={"shopify-html":6,"woocommerce":1,"magento":1,"schema-product":5,"magento-html":1,"shopify":1}
[prefilter] worker=47 checked=450/999 passed=17 failed=433 by_platform={"shopify":1,"magento":3,"woocommerce-html":2,"woocommerce":6,"magento-html":3,"shopify-html":2}
[prefilter] worker=23 checked=500/1000 passed=15 failed=485 by_platform={"shopify-html":6,"woocommerce":1,"magento":1,"schema-product":5,"magento-html":1,"shopify":1}
[prefilter] worker=8 checked=350/1000 passed=3 failed=347 by_platform={"shopify":1,"woocommerce":1,"shopify-html":1}
[prefilter] worker=5 checked=400/998 passed=3 failed=397 by_platform={"schema-product":1,"woocommerce-html":1,"magento-html":1}
[prefilter] worker=48 checked=400/1000 passed=4 failed=396 by_platform={"shopify-html":2,"woocommerce-html":2}
[prefilter] worker=48 checked=400/1000 passed=3 failed=397 by_platform={"shopify":1,"woocommerce":1,"shopify-html":1}
[deep-page] input records=12 ecom=12 by_platform={"shopify":12} concurrency=50
[dp] allbirds.com page=1 status=200 bodyLen=1577657
[dp] frankandoak.com page=1 status=200 bodyLen=939759
[dp] bando.com page=1 status=200 bodyLen=807848
[dp] fashionnova.com page=1 status=200 bodyLen=960038
[dp] chubbiesshorts.com page=1 status=200 bodyLen=1411980
[dp] gymshark.com page=1 status=200 bodyLen=1698661
[dp] puravidabracelets.com page=1 status=200 bodyLen=1873076
[dp] cultgaia.com page=1 status=200 bodyLen=1276081
[dp] birdwell.com page=1 status=200 bodyLen=1944929
[dp] spongelle.com page=1 status=200 bodyLen=1542442
[dp] allbirds.com page=2 status=200 bodyLen=1679091
[dp] cuyana.com page=1 status=200 bodyLen=3245029
[dp] bando.com page=2 status=200 bodyLen=861983
[dp] fashionnova.com page=2 status=200 bodyLen=1126053
[dp] rothys.com page=1 status=200 bodyLen=2245359
[dp] chubbiesshorts.com page=2 status=200 bodyLen=1444138
[dp] gymshark.com page=2 status=200 bodyLen=1788263
[dp] spongelle.com page=2 status=200 bodyLen=629845
[dp] puravidabracelets.com page=2 status=200 bodyLen=1546019
[dp] birdwell.com page=2 status=200 bodyLen=653382
[prefilter] worker=44 checked=500/999 passed=17 failed=483 by_platform={"shopify":1,"magento":3,"woocommerce-html":2,"woocommerce":6,"magento-html":3,"shopify-html":2}
[dp] cultgaia.com page=2 status=200 bodyLen=1387924
[dp] cuyana.com page=2 status=200 bodyLen=2872227
[dp] rothys.com page=2 status=200 bodyLen=2728025
[prefilter] worker=21 checked=450/1000 passed=4 failed=446 by_platform={"shopify-html":2,"woocommerce-html":2}
[prefilter] worker=43 checked=450/998 passed=3 failed=447 by_platform={"schema-product":1,"woocommerce-html":1,"magento-html":1}
[deep-page] DONE: {"stores_processed":12,"stores_failed":0,"total_products":5266,"by_platform":{"shopify":12},"started_at":"2026-06-11T12:26:48.653Z","finished_at":"2026-06-11T12:26:54.173Z","output_rows":5266}
[prefilter] worker=53 checked=550/1000 passed=15 failed=535 by_platform={"shopify-html":6,"woocommerce":1,"magento":1,"schema-product":5,"magento-html":1,"shopify":1}
[prefilter] worker=87 checked=550/999 passed=17 failed=533 by_platform={"shopify":1,"magento":3,"woocommerce-html":2,"woocommerce":6,"magento-html":3,"shopify-html":2}
[prefilter] worker=23 checked=600/1000 passed=15 failed=585 by_platform={"shopify-html":6,"woocommerce":1,"magento":1,"schema-product":5,"magento-html":1,"shopify":1}
[prefilter] worker=8 checked=450/1000 passed=3 failed=447 by_platform={"shopify":1,"woocommerce":1,"shopify-html":1}
[prefilter] worker=24 checked=500/998 passed=3 failed=497 by_platform={"schema-product":1,"woocommerce-html":1,"magento-html":1}
[prefilter] worker=81 checked=500/1000 passed=4 failed=496 by_platform={"shopify-html":2,"woocommerce-html":2}
[prefilter] worker=40 checked=500/1000 passed=3 failed=497 by_platform={"shopify":1,"woocommerce":1,"shopify-html":1}
[prefilter] worker=44 checked=600/999 passed=17 failed=583 by_platform={"shopify":1,"magento":3,"woocommerce-html":2,"woocommerce":6,"magento-html":3,"shopify-html":2}
[prefilter] worker=36 checked=550/1000 passed=4 failed=546 by_platform={"shopify-html":2,"woocommerce-html":2}
[prefilter] worker=72 checked=550/998 passed=3 failed=547 by_platform={"schema-product":1,"woocommerce-html":1,"magento-html":1}
[prefilter] worker=76 checked=650/1000 passed=15 failed=635 by_platform={"shopify-html":6,"woocommerce":1,"magento":1,"schema-product":5,"magento-html":1,"shopify":1}
[prefilter] worker=47 checked=650/999 passed=17 failed=633 by_platform={"shopify":1,"magento":3,"woocommerce-html":2,"woocommerce":6,"magento-html":3,"shopify-html":2}
[prefilter] worker=23 checked=700/1000 passed=15 failed=685 by_platform={"shopify-html":6,"woocommerce":1,"magento":1,"schema-product":5,"magento-html":1,"shopify":1}
[prefilter] worker=10 checked=550/1000 passed=3 failed=547 by_platform={"shopify":1,"woocommerce":1,"shopify-html":1}
[prefilter] worker=5 checked=600/998 passed=3 failed=597 by_platform={"schema-product":1,"woocommerce-html":1,"magento-html":1}
[prefilter] worker=48 checked=600/1000 passed=4 failed=596 by_platform={"shopify-html":2,"woocommerce-html":2}
[prefilter] worker=32 checked=600/1000 passed=3 failed=597 by_platform={"shopify":1,"woocommerce":1,"shopify-html":1}
[prefilter] worker=44 checked=700/999 passed=17 failed=683 by_platform={"shopify":1,"magento":3,"woocommerce-html":2,"woocommerce":6,"magento-html":3,"shopify-html":2}
[prefilter] worker=21 checked=650/1000 passed=4 failed=646 by_platform={"shopify-html":2,"woocommerce-html":2}
[prefilter] worker=43 checked=650/998 passed=3 failed=647 by_platform={"schema-product":1,"woocommerce-html":1,"magento-html":1}
[prefilter] worker=53 checked=750/1000 passed=15 failed=735 by_platform={"shopify-html":6,"woocommerce":1,"magento":1,"schema-product":5,"magento-html":1,"shopify":1}
[prefilter] worker=87 checked=750/999 passed=17 failed=733 by_platform={"shopify":1,"magento":3,"woocommerce-html":2,"woocommerce":6,"magento-html":3,"shopify-html":2}
[prefilter] worker=23 checked=800/1000 passed=15 failed=785 by_platform={"shopify-html":6,"woocommerce":1,"magento":1,"schema-product":5,"magento-html":1,"shopify":1}
[prefilter] worker=8 checked=650/1000 passed=3 failed=647 by_platform={"shopify":1,"woocommerce":1,"shopify-html":1}
[deep-page] input records=673 ecom=673 by_platform={"shopify":22,"woocommerce":128,"woocommerce-html":145,"shopify-html":210,"schema-product":105,"magento":30,"magento-html":30,"bigcommerce-html":3} concurrency=60
[dp] x.com page=1 status=404 bodyLen=undefined
[prefilter] worker=24 checked=700/998 passed=3 failed=697 by_platform={"schema-product":1,"woocommerce-html":1,"magento-html":1}
[dp] mailchi.mp page=1 status=200 bodyLen=2702
[dp] mailchi.mp parse err: Unexpected token '<', "<!DOCTYPE "... is not valid JSON
[dp:wc] wise.com page=1 status=404 bodyLen=undefined
[dp] themeforest.net page=1 status=404 bodyLen=undefined
[dp] ahrefs.com page=1 status=404 bodyLen=undefined
[dp] ui.com page=1 status=200 bodyLen=107137
[dp] statcounter.com page=1 status=404 bodyLen=undefined
[dp] nypost.com page=1 status=404 bodyLen=undefined
[dp] letsencrypt.org page=1 status=404 bodyLen=undefined
[dp] hostinger.com page=1 status=404 bodyLen=undefined
[dp:wc] mzstatic.com page=1 status=200 bodyLen=258465
[dp] bunny.net page=1 status=404 bodyLen=undefined
[dp] barnesandnoble.com page=1 status=200 bodyLen=584418
[dp:wc] admatic.de page=1 status=404 bodyLen=undefined
[dp:mg] meethue.com page=1 status=200 bodyLen=86660
[dp:wc] cloud.microsoft page=1 status=200 bodyLen=213509
[dp:wc] yahoo.co.jp page=1 status=200 bodyLen=32525
[dp:wc] crashlytics.com page=1 status=200 bodyLen=522587
[dp:wc] virtualearth.net page=1 status=200 bodyLen=203332
[dp:wc] wpengine.com page=1 status=404 bodyLen=undefined
[dp] sharethis.com page=1 status=404 bodyLen=undefined
[dp:wc] meraki.com page=1 status=401 bodyLen=undefined
[dp] elastic.co page=1 status=404 bodyLen=undefined
[deep-page] worker=48 stores=25 failed=0 products=168 by_platform={"shopify-html":11,"woocommerce-html":4,"shopify":1,"woocommerce":5,"schema-product":3,"magento-html":1}
[dp:wc] spamhaus.org page=1 status=200 bodyLen=721566
[dp:wc] onelink.me page=1 status=200 bodyLen=412209
[dp] wired.com page=1 status=404 bodyLen=undefined
[dp:wc] gravatar.com page=1 status=404 bodyLen=undefined
[dp] usercentrics.eu page=1 status=404 bodyLen=undefined
[dp] trustindex.io page=1 status=200 bodyLen=91192
[dp] trustindex.io parse err: Unexpected token '<', "<!DOCTYPE "... is not valid JSON
[dp:wc] home.pl page=1 status=404 bodyLen=undefined
[dp] barnesandnoble.com page=2 status=200 bodyLen=499004
[dp:wc] adswizz.com page=1 status=401 bodyLen=undefined
[dp:wc] webs.com page=1 status=200 bodyLen=888692
[dp] visualwebsiteoptimizer.com page=1 status=404 bodyLen=undefined
[dp:wc] matomo.org page=1 status=404 bodyLen=undefined
[dp:wc] go.com page=1 status=200 bodyLen=355379
[dp] hollywoodreporter.com page=1 status=404 bodyLen=undefined
[dp:wc] cpanel.net page=1 status=404 bodyLen=undefined
[dp:wc] peacocktv.com page=1 status=200 bodyLen=186648
[dp] brevo.com page=1 status=404 bodyLen=undefined
[dp:wc] mgid.com page=1 status=200 bodyLen=226717
[dp:wc] suno.com page=1 status=200 bodyLen=225828
[dp] cookiebot.com page=1 status=404 bodyLen=undefined
[dp:mg] weibo.com page=1 status=200 bodyLen=9152
[dp:wc] axon.ai page=1 status=200 bodyLen=181080
[dp] useinsider.com page=1 status=404 bodyLen=undefined
[deep-page] worker=45 stores=50 failed=0 products=668 by_platform={"shopify-html":19,"woocommerce-html":9,"shopify":2,"woocommerce":13,"schema-product":5,"magento-html":1,"magento":1}
[dp:wc] evergage.com page=1 status=200 bodyLen=570336
[dp] zapier.com page=1 status=404 bodyLen=undefined
[dp:wc] shopee.ph page=1 status=200 bodyLen=165795
[dp:wc] one.one page=1 status=404 bodyLen=undefined
[dp:wc] cpanel.com page=1 status=404 bodyLen=undefined
[dp:wc] elementor.com page=1 status=404 bodyLen=undefined
[dp:wc] poshvine.com page=1 status=200 bodyLen=1339241
[dp:wc] mystrikingly.com page=1 status=200 bodyLen=123584
[dp] mountain.com page=1 status=404 bodyLen=undefined
[dp:wc] hatena.ne.jp page=1 status=200 bodyLen=290504
[dp:wc] amazonalexa.com page=1 status=200 bodyLen=839566
[dp:wc] ventraip.net.au page=1 status=404 bodyLen=undefined
[dp:wc] paramountplus.com page=1 status=200 bodyLen=166760
[dp:wc] one.com page=1 status=404 bodyLen=undefined
[dp:wc] web.app page=1 status=200 bodyLen=517185
[dp:wc] vidazoo.com page=1 status=200 bodyLen=612647
[prefilter] worker=81 checked=700/1000 passed=4 failed=696 by_platform={"shopify-html":2,"woocommerce-html":2}
[dp] wistia.com page=1 status=404 bodyLen=undefined
[dp:wc] guard.io page=1 status=200 bodyLen=354390
[dp:mg] mysecurecloudhost.com page=1 status=200 bodyLen=107
[deep-page] worker=29 stores=75 failed=0 products=669 by_platform={"shopify-html":22,"woocommerce-html":14,"shopify":2,"woocommerce":23,"schema-product":11,"magento-html":1,"magento":2}
[dp] cookieyes.com page=1 status=404 bodyLen=undefined
[dp:mg] esquire.com page=1 status=404 bodyLen=undefined
[dp:wc] singular.net page=1 status=404 bodyLen=undefined
[dp:mg] pavietnam.vn page=1 status=200 bodyLen=107
[dp:wc] flashbots.net page=1 status=200 bodyLen=195705
[dp] vogue.com page=1 status=404 bodyLen=undefined
[dp:wc] undertone.com page=1 status=200 bodyLen=612647
[dp] onrender.com page=1 status=200 bodyLen=369417
[dp] onrender.com parse err: Unexpected token '<', "<!DOCTYPE "... is not valid JSON
[dp:mg] alidns.com page=1 status=200 bodyLen=64
[dp:mg] elle.com page=1 status=404 bodyLen=undefined
[prefilter] worker=40 checked=700/1000 passed=3 failed=697 by_platform={"shopify":1,"woocommerce":1,"shopify-html":1}
[dp:wc] jb.gg page=1 status=200 bodyLen=47249
[dp] crealitycloud.com page=1 status=404 bodyLen=undefined
[dp:mg] cosmopolitan.com page=1 status=404 bodyLen=undefined
[dp:mg] goodhousekeeping.com page=1 status=404 bodyLen=undefined
[dp:wc] carnet.hr page=1 status=404 bodyLen=undefined
[dp] razorpay.com page=1 status=404 bodyLen=undefined
[dp] vanityfair.com page=1 status=404 bodyLen=undefined
[dp] billboard.com page=1 status=404 bodyLen=undefined
[dp:wc] vistarsagency.com page=1 status=404 bodyLen=undefined
[dp:wc] zemanta.com page=1 status=404 bodyLen=undefined
[dp] hubspot.net page=1 status=404 bodyLen=undefined
[dp] mux.com page=1 status=404 bodyLen=undefined
[deep-page] worker=54 stores=100 failed=0 products=670 by_platform={"shopify-html":31,"woocommerce-html":18,"shopify":2,"woocommerce":26,"schema-product":14,"magento-html":5,"magento":4}
[dp:mg] stashaway.com page=1 status=200 bodyLen=15
[dp:wc] newsbreak.com page=1 status=200 bodyLen=594520
[dp:wc] si.com page=1 status=404 bodyLen=undefined
[dp:wc] lazada.co.id page=1 status=200 bodyLen=81278
[dp:wc] ionos.de page=1 status=404 bodyLen=undefined
[dp:wc] honor.com page=1 status=200 bodyLen=511440
[dp] ipapi.co page=1 status=200 bodyLen=104469
[dp] ipapi.co parse err: Unexpected token '<', "

<!DOCTYPE "... is not valid JSON
[dp:wc] webgo.de page=1 status=404 bodyLen=undefined
[dp] isc.org page=1 status=404 bodyLen=undefined
[dp:wc] lazada.com.ph page=1 status=200 bodyLen=77850
[dp] urbandictionary.com page=1 status=404 bodyLen=undefined
[dp:bc] digitaltrends.com page=1 status=404 bodyLen=undefined
[dp:wc] inmotionhosting.com page=1 status=401 bodyLen=undefined
[dp:wc] chrome.com page=1 status=200 bodyLen=464298
[dp:wc] ampproject.net page=1 status=200 bodyLen=137586
[dp:wc] ktalk.ru page=1 status=403 bodyLen=undefined
[dp:wc] lazada.sg page=1 status=200 bodyLen=77634
[dp:mg] popularmechanics.com page=1 status=404 bodyLen=undefined
[dp:mg] hoster.ru page=1 status=404 bodyLen=undefined
[deep-page] worker=58 stores=125 failed=0 products=670 by_platform={"shopify-html":34,"woocommerce-html":22,"shopify":2,"woocommerce":34,"schema-product":20,"magento-html":7,"magento":5,"bigcommerce-html":1}
[dp] sproutsocial.com page=1 status=404 bodyLen=undefined
[dp:wc] shawcable.net page=1 status=200 bodyLen=254076
[dp:mg] doxygen.org page=1 status=200 bodyLen=107
[dp] buymeacoffee.com page=1 status=404 bodyLen=undefined
[dp] xero.com page=1 status=404 bodyLen=undefined
[dp] alltrails.com page=1 status=403 bodyLen=undefined
[dp:wc] permutive.com page=1 status=404 bodyLen=undefined
[dp:mg] caranddriver.com page=1 status=404 bodyLen=undefined
[dp:wc] loopia.se page=1 status=404 bodyLen=undefined
[dp] vistaprint.com page=1 status=404 bodyLen=undefined
[dp:wc] nitrocdn.com page=1 status=404 bodyLen=undefined
[dp:wc] dinahosting.com page=1 status=404 bodyLen=undefined
[dp:wc] sueddeutsche.de page=1 status=200 bodyLen=2163744
[dp:mg] menshealth.com page=1 status=404 bodyLen=undefined
[dp:wc] strato.de page=1 status=404 bodyLen=undefined
[dp] complianz.io page=1 status=404 bodyLen=undefined
[dp] pushwoosh.com page=1 status=404 bodyLen=undefined
[deep-page] worker=45 stores=150 failed=0 products=672 by_platform={"shopify-html":41,"woocommerce-html":27,"shopify":2,"woocommerce":36,"schema-product":28,"magento-html":9,"magento":6,"bigcommerce-html":1}
[dp] adspower.net page=1 status=200 bodyLen=24527
[dp] adspower.net parse err: Unexpected token '<', "<!DOCTYPE "... is not valid JSON
[dp:wc] foxsports.com page=1 status=200 bodyLen=1052093
[prefilter] worker=44 checked=800/999 passed=17 failed=783 by_platform={"shopify":1,"magento":3,"woocommerce-html":2,"woocommerce":6,"magento-html":3,"shopify-html":2}
[dp:wc] a2hosting.com page=1 status=200 bodyLen=286815
[dp] livechat.com page=1 status=404 bodyLen=undefined
[dp] phonepe.com page=1 status=404 bodyLen=undefined
[dp] gq.com page=1 status=404 bodyLen=undefined
[dp:wc] fatmakaryaindah.co.id page=1 status=404 bodyLen=undefined
[dp] framerusercontent.com page=1 status=403 bodyLen=undefined
[dp:wc] wetteronline.de page=1 status=200 bodyLen=41552
[dp] loox.io page=1 status=404 bodyLen=undefined
[dp] cookie-script.com page=1 status=404 bodyLen=undefined
[dp] hyros.com page=1 status=404 bodyLen=undefined
[dp] bonappetit.com page=1 status=404 bodyLen=undefined
[dp:wc] livejasmin.com page=1 status=200 bodyLen=401850
[dp:wc] ultahost.com page=1 status=404 bodyLen=undefined
[dp:wc] lovable.app page=1 status=200 bodyLen=402382
[dp] okendo.io page=1 status=404 bodyLen=undefined
[dp:wc] 4shared.com page=1 status=200 bodyLen=51132
[dp:wc] servidoresdns.net page=1 status=404 bodyLen=undefined
[dp] pingdom.net page=1 status=525 bodyLen=undefined
[dp:wc] tradedoubler.com page=1 status=200 bodyLen=1790584
[dp] reviews.io page=1 status=404 bodyLen=undefined
[deep-page] worker=6 stores=175 failed=0 products=673 by_platform={"shopify-html":53,"woocommerce-html":30,"shopify":2,"woocommerce":43,"schema-product":31,"magento-html":9,"magento":6,"bigcommerce-html":1}
[dp] speedcurve.com page=1 status=302 bodyLen=undefined
[dp:wc] tcl.com page=1 status=200 bodyLen=284129
[dp] teenvogue.com page=1 status=404 bodyLen=undefined
[dp:wc] 9jarocks.net page=1 status=404 bodyLen=undefined
[dp:wc] zazzle.com page=1 status=200 bodyLen=1239069
[dp:wc] wizards.com page=1 status=200 bodyLen=201412
[dp] vogue.co.uk page=1 status=404 bodyLen=undefined
[dp] lolesports.com page=1 status=404 bodyLen=undefined
[dp] imagekit.io page=1 status=404 bodyLen=undefined
[dp] postscript.io page=1 status=404 bodyLen=undefined
[dp] linear.app page=1 status=200 bodyLen=20760
[dp] linear.app parse err: Unexpected token '<', "<!doctype "... is not valid JSON
[dp:wc] ngrok-free.app page=1 status=200 bodyLen=321098
[dp:wc] moonactive.net page=1 status=200 bodyLen=110467
[dp] sapphireonline.pk page=1 status=404 bodyLen=undefined
[dp] airwallex.com page=1 status=404 bodyLen=undefined
[dp] cutout.pro page=1 status=404 bodyLen=undefined
[dp:wc] theme-fusion.com page=1 status=200 bodyLen=493807
[deep-page] worker=1 stores=200 failed=0 products=675 by_platform={"shopify-html":63,"woocommerce-html":32,"shopify":2,"woocommerce":48,"schema-product":39,"magento-html":9,"magento":6,"bigcommerce-html":1}
[dp:wc] vpweb.com page=1 status=200 bodyLen=888692
[dp] xe.com page=1 status=404 bodyLen=undefined
[dp:wc] apptimize.com page=1 status=200 bodyLen=452080
[dp] weglot.com page=1 status=404 bodyLen=undefined
[dp] alidropship.com page=1 status=404 bodyLen=undefined
[dp:wc] doteasy.com page=1 status=200 bodyLen=4123
[dp] hsappstatic.net page=1 status=200 bodyLen=622540
[dp] hsappstatic.net parse err: Unexpected token '<', "<!doctype "... is not valid JSON
[dp:wc] wpml.org page=1 status=401 bodyLen=undefined
[dp:wc] advancedmd.com page=1 status=404 bodyLen=undefined
[dp] consentmanager.net page=1 status=200 bodyLen=259945
[dp] consentmanager.net parse err: Unexpected token '<', "<!DOCTYPE "... is not valid JSON
[dp:wc] travelaudience.com page=1 status=200 bodyLen=472086
[dp:mg] thepioneerwoman.com page=1 status=404 bodyLen=undefined
[dp] cricut.com page=1 status=404 bodyLen=undefined
[dp] optimonk.com page=1 status=404 bodyLen=undefined
[dp:wc] colibriwp.com page=1 status=404 bodyLen=undefined
[dp:wc] cgood.ru page=1 status=404 bodyLen=undefined
[dp:wc] ccavenue.com page=1 status=404 bodyLen=undefined
[dp] esputnik.com page=1 status=404 bodyLen=undefined
[dp] useamp.com page=1 status=404 bodyLen=undefined
[prefilter] worker=21 checked=750/1000 passed=4 failed=746 by_platform={"shopify-html":2,"woocommerce-html":2}
[dp:wc] htc.com page=1 status=200 bodyLen=47387
[dp:wc] faphouse4k.com page=1 status=200 bodyLen=152761
[dp] adsinteractive.com page=1 status=404 bodyLen=undefined
[dp:wc] bangmod.cloud page=1 status=401 bodyLen=undefined
[deep-page] worker=10 stores=225 failed=0 products=675 by_platform={"shopify-html":73,"woocommerce-html":40,"shopify":2,"woocommerce":52,"schema-product":41,"magento-html":10,"magento":6,"bigcommerce-html":1}
[dp:wc] superawesome.tv page=1 status=404 bodyLen=undefined
[dp:wc] positivepsychology.com page=1 status=404 bodyLen=undefined
[dp] morenutrition.de page=1 status=200 bodyLen=1004402
[dp:wc] xtemos.com page=1 status=401 bodyLen=undefined
[dp] fivetran.com page=1 status=404 bodyLen=undefined
[dp:wc] shangri-la.com page=1 status=200 bodyLen=130102
[dp] pymnts.com page=1 status=404 bodyLen=undefined
[dp:wc] jezebel.com page=1 status=404 bodyLen=undefined
[dp:wc] planethoster.net page=1 status=200 bodyLen=317966
[dp] evidon.com page=1 status=200 bodyLen=40992
[dp] evidon.com parse err: Unexpected token '<', "<!doctype "... is not valid JSON
[dp:wc] toshiba.com page=1 status=404 bodyLen=undefined
[dp] qualaroo.com page=1 status=404 bodyLen=undefined
[dp] wunderkind.co page=1 status=404 bodyLen=undefined
[dp] birdeye.com page=1 status=404 bodyLen=undefined
[prefilter] worker=72 checked=750/998 passed=3 failed=747 by_platform={"schema-product":1,"woocommerce-html":1,"magento-html":1}
[dp:wc] mobolize.com page=1 status=404 bodyLen=undefined
[dp] builtwith.com page=1 status=200 bodyLen=414
[dp] builtwith.com parse err: Unexpected token '<', "
<!DOCTYPE "... is not valid JSON
[dp:wc] coolors.co page=1 status=200 bodyLen=553301
[dp] printful.com page=1 status=404 bodyLen=undefined
[dp] hugoboss.com page=1 status=403 bodyLen=undefined
[deep-page] worker=25 stores=250 failed=0 products=777 by_platform={"shopify-html":82,"woocommerce-html":47,"shopify":3,"woocommerce":54,"schema-product":47,"magento-html":10,"magento":6,"bigcommerce-html":1}
[dp:wc] abc7ny.com page=1 status=200 bodyLen=75951
[dp:wc] abc7news.com page=1 status=200 bodyLen=76393
[dp:wc] pinkoi.com page=1 status=200 bodyLen=53131
[dp] heygen.com page=1 status=404 bodyLen=undefined
[dp] packagecloud.io page=1 status=404 bodyLen=undefined
[dp:wc] footlocker.com page=1 status=200 bodyLen=861963
[dp:wc] 6abc.com page=1 status=200 bodyLen=76212
[dp:mg] umu.se page=1 status=200 bodyLen=4199
[dp:wc] screamingfrog.co.uk page=1 status=401 bodyLen=undefined
[dp:wc] vjav.com page=1 status=200 bodyLen=33679
[dp] runconverge.com page=1 status=404 bodyLen=undefined
[dp] aircall.io page=1 status=404 bodyLen=undefined
[dp:mg] clickn.co.kr page=1 status=404 bodyLen=undefined
[dp] textexpander.com page=1 status=404 bodyLen=undefined
[dp:mg] premierbetzone.co.ao page=1 status=200 bodyLen=225
[dp:wc] wordpressfoundation.org page=1 status=404 bodyLen=undefined
[dp:wc] schlund.de page=1 status=404 bodyLen=undefined
[dp:mg] carrier.com page=1 status=200 bodyLen=58371
[dp:wc] eiu.com page=1 status=200 bodyLen=91356
[deep-page] worker=32 stores=275 failed=0 products=778 by_platform={"shopify-html":87,"woocommerce-html":50,"shopify":3,"woocommerce":61,"schema-product":53,"magento-html":11,"magento":9,"bigcommerce-html":1}
[dp:wc] prospect.org page=1 status=401 bodyLen=undefined
[dp:wc] cloud86.nl page=1 status=404 bodyLen=undefined
[dp] logbase.io page=1 status=404 bodyLen=undefined
[dp] messagebird.com page=1 status=404 bodyLen=undefined
[dp:wc] whop.com page=1 status=200 bodyLen=1689306
[dp:mg] fitchratings.com page=1 status=200 bodyLen=911703
[dp:wc] roonlabs.net page=1 status=200 bodyLen=256176
[dp:wc] folkd.com page=1 status=404 bodyLen=undefined
[dp:wc] rioseo.com page=1 status=200 bodyLen=556047
[dp:wc] premid.app page=1 status=200 bodyLen=59068
[dp] zadarma.com page=1 status=404 bodyLen=undefined
[dp:wc] jofogas.hu page=1 status=200 bodyLen=511605
[dp:mg] redbackinternet.net page=1 status=404 bodyLen=undefined
[dp:wc] upornia.tube page=1 status=200 bodyLen=40648
[dp] answerthepublic.com page=1 status=200 bodyLen=478708
[dp] answerthepublic.com parse err: Unexpected token '<', "<!DOCTYPE "... is not valid JSON
[dp:wc] register.it page=1 status=200 bodyLen=87464
[dp:wc] counterpunch.org page=1 status=401 bodyLen=undefined
[dp:mg] movember.com page=1 status=200 bodyLen=154
[dp] vibe.co page=1 status=404 bodyLen=undefined
[dp:wc] burberry.com page=1 status=200 bodyLen=165016
[dp] trevenque.es page=1 status=200 bodyLen=669811
[dp] trevenque.es parse err: Unexpected token '<', "<!doctype "... is not valid JSON
[dp:mg] niezalezna.pl page=1 status=200 bodyLen=107
[dp:wc] hosting.de page=1 status=404 bodyLen=undefined
[dp:wc] eventsair.com page=1 status=401 bodyLen=undefined
[deep-page] worker=46 stores=300 failed=0 products=778 by_platform={"shopify-html":93,"woocommerce-html":57,"shopify":3,"woocommerce":68,"schema-product":54,"magento-html":13,"magento":11,"bigcommerce-html":1}
[dp:wc] framer.app page=1 status=200 bodyLen=3085747
[dp] cin7.com page=1 status=404 bodyLen=undefined
[dp] gymshark.com page=1 status=200 bodyLen=1698661
[dp] writesonic.com page=1 status=404 bodyLen=undefined
[dp] algolia.com page=1 status=404 bodyLen=undefined
[dp:wc] teamup.com page=1 status=404 bodyLen=undefined
[dp:wc] wpconsent.com page=1 status=404 bodyLen=undefined
[dp] wisepops.com page=1 status=404 bodyLen=undefined
[dp:wc] portalinmobiliario.com page=1 status=200 bodyLen=18353
[dp:wc] abjav.com page=1 status=200 bodyLen=59700
[dp:wc] neurosciencenews.com page=1 status=403 bodyLen=undefined
[dp] westside.com page=1 status=200 bodyLen=982846
[dp:wc] kosmo.com.my page=1 status=401 bodyLen=undefined
[dp:mg] travis-ci.com page=1 status=200 bodyLen=107
[dp:wc] zougla.gr page=1 status=404 bodyLen=undefined
[dp] zipify.com page=1 status=404 bodyLen=undefined
[dp] gymshark.com page=2 status=200 bodyLen=1788263
[dp:mg] zr.ru page=1 status=200 bodyLen=547240
[dp] meross.com page=1 status=200 bodyLen=870689
[dp] meross.com parse err: Unexpected token '<', "<!DOCTYPE "... is not valid JSON
[dp] optinmonster.com page=1 status=404 bodyLen=undefined
[dp:wc] wpxhosting.com page=1 status=404 bodyLen=undefined
[dp] lexware.de page=1 status=404 bodyLen=undefined
[dp:wc] tporn.xxx page=1 status=200 bodyLen=44757
[dp] westside.com page=2 status=200 bodyLen=1055182
[dp:wc] um.edu.my page=1 status=404 bodyLen=undefined
[deep-page] worker=53 stores=325 failed=0 products=1780 by_platform={"shopify-html":101,"woocommerce-html":64,"shopify":5,"woocommerce":72,"schema-product":56,"magento-html":13,"magento":13,"bigcommerce-html":1}
[dp:mg] roadandtrack.com page=1 status=404 bodyLen=undefined
[dp:wc] seesaw.me page=1 status=404 bodyLen=undefined
[dp] society6.com page=1 status=200 bodyLen=13415744
[dp] zacks.com page=1 status=404 bodyLen=undefined
[dp] midea.com page=1 status=404 bodyLen=undefined
[dp:mg] oprahdaily.com page=1 status=404 bodyLen=undefined
[dp:mg] soccertvhd.com page=1 status=200 bodyLen=107
[dp:wc] forzamotorsport.net page=1 status=200 bodyLen=77317
[dp] trustedsite.com page=1 status=404 bodyLen=undefined
[dp:wc] is.co.za page=1 status=200 bodyLen=339306
[dp] bitcoinmagazine.com page=1 status=404 bodyLen=undefined
[dp:wc] traveltowngame.net page=1 status=200 bodyLen=110467
[dp:wc] azarlive.com page=1 status=200 bodyLen=8139
[dp:wc] idmap.ai page=1 status=404 bodyLen=undefined
[dp:wc] ksrtc.in page=1 status=200 bodyLen=200598
[dp:wc] manga-lc.net page=1 status=404 bodyLen=undefined
[dp:mg] tractive.com page=1 status=404 bodyLen=undefined
[dp:wc] tiamanhwa.com page=1 status=404 bodyLen=undefined
[dp] zwift.com page=1 status=404 bodyLen=undefined
[dp:wc] opalstack.com page=1 status=404 bodyLen=undefined
[dp] vogue.fr page=1 status=404 bodyLen=undefined
[dp] thoughtcatalog.com page=1 status=404 bodyLen=undefined
[dp:wc] hiper.cool page=1 status=404 bodyLen=undefined
[deep-page] worker=3 stores=350 failed=0 products=1782 by_platform={"shopify-html":108,"woocommerce-html":70,"shopify":5,"woocommerce":77,"schema-product":59,"magento-html":16,"magento":14,"bigcommerce-html":1}
[dp:wc] ngrok-free.dev page=1 status=200 bodyLen=321098
[dp:wc] focusschoolsoftware.com page=1 status=401 bodyLen=undefined
[dp:wc] pivigames.blog page=1 status=404 bodyLen=undefined
[dp] embedsocial.com page=1 status=200 bodyLen=397012
[dp] embedsocial.com parse err: Unexpected token '<', "<!doctype "... is not valid JSON
[dp:wc] zapvi.in page=1 status=401 bodyLen=undefined
[dp:wc] bnc.lt page=1 status=200 bodyLen=1229876
[dp:mg] benq.com page=1 status=404 bodyLen=undefined
[dp:mg] cyberfolks.ro page=1 status=200 bodyLen=107
[dp:mg] latinoamericahosting.com page=1 status=200 bodyLen=107
[dp:wc] section.io page=1 status=200 bodyLen=270039
[dp] maestra.io page=1 status=404 bodyLen=undefined
[dp:wc] facer.io page=1 status=200 bodyLen=16341
[dp:wc] superguidatv.it page=1 status=404 bodyLen=undefined
[dp:wc] tinkoffinsurance.ru page=1 status=200 bodyLen=1748539
[dp:wc] catholicnewsagency.com page=1 status=200 bodyLen=711032
[dp:bc] pop-os.org page=1 status=404 bodyLen=undefined
[dp] asaas.com page=1 status=200 bodyLen=25365
[dp] asaas.com parse err: Unexpected token '<', "<!DOCTYPE "... is not valid JSON
[dp:wc] zmescience.com page=1 status=404 bodyLen=undefined
[dp:wc] seabank.co.id page=1 status=200 bodyLen=11447
[dp] mida.so page=1 status=404 bodyLen=undefined
[dp] ultimateclassicrock.com page=1 status=404 bodyLen=undefined
[dp:mg] maxim.com page=1 status=200 bodyLen=107
[dp:wc] dailypost.ng page=1 status=404 bodyLen=undefined
[deep-page] worker=16 stores=375 failed=0 products=1785 by_platform={"shopify-html":113,"woocommerce-html":77,"shopify":5,"woocommerce":83,"schema-product":61,"magento-html":17,"magento":17,"bigcommerce-html":2}
[dp:wc] target-video.com page=1 status=404 bodyLen=undefined
[dp:wc] wmflabs.org page=1 status=200 bodyLen=77900
[dp:wc] louhi.fi page=1 status=404 bodyLen=undefined
[dp:mg] likuid.com page=1 status=404 bodyLen=undefined
[dp] voguebusiness.com page=1 status=503 bodyLen=undefined
[dp] hengam.io page=1 status=404 bodyLen=undefined
[dp] coros.com page=1 status=404 bodyLen=undefined
[dp:wc] volkswagen.com page=1 status=200 bodyLen=689047
[dp] everlane.com page=1 status=200 bodyLen=1190398
[dp] a24films.com page=1 status=404 bodyLen=undefined
[dp] hyperx.com page=1 status=200 bodyLen=1952589
[dp:wc] psypost.org page=1 status=404 bodyLen=undefined
[dp] firstthings.com page=1 status=404 bodyLen=undefined
[dp:wc] benchmarkemail.com page=1 status=404 bodyLen=undefined
[dp:wc] nvaccess.org page=1 status=401 bodyLen=undefined
[dp] logrocket.com page=1 status=404 bodyLen=undefined
[prefilter] worker=76 checked=850/1000 passed=15 failed=835 by_platform={"shopify-html":6,"woocommerce":1,"magento":1,"schema-product":5,"magento-html":1,"shopify":1}
[dp:wc] megasoft.ru page=1 status=200 bodyLen=63111
[dp] bigscoots.com page=1 status=404 bodyLen=undefined
[dp:wc] parsvds.com page=1 status=401 bodyLen=undefined
[dp:wc] cert.ee page=1 status=200 bodyLen=117554
[dp] minmaxify.com page=1 status=404 bodyLen=undefined
[dp] popupsmart.com page=1 status=404 bodyLen=undefined
[deep-page] worker=28 stores=400 failed=1 products=1788 by_platform={"shopify-html":122,"woocommerce-html":83,"shopify":5,"woocommerce":87,"schema-product":66,"magento-html":18,"magento":17,"bigcommerce-html":2}
[dp:wc] futureoflife.org page=1 status=404 bodyLen=undefined
[dp] greatergood.com page=1 status=200 bodyLen=4215086
[dp] architecturaldigest.in page=1 status=404 bodyLen=undefined
[dp:wc] anchor.host page=1 status=401 bodyLen=undefined
[dp] giantitp.com page=1 status=404 bodyLen=undefined
[dp:mg] netnut.net page=1 status=200 bodyLen=107
[dp] avalara.com page=1 status=404 bodyLen=undefined
[dp] hyperx.com page=2 status=200 bodyLen=208558
[dp:wc] securenetsystems.net page=1 status=401 bodyLen=undefined
[dp:wc] zumper.com page=1 status=200 bodyLen=179926
[dp] fluorescent.co page=1 status=404 bodyLen=undefined
[dp] polaranalytics.com page=1 status=404 bodyLen=undefined
[dp:mg] localiq.com page=1 status=200 bodyLen=107
[dp] thimpress.com page=1 status=404 bodyLen=undefined
[dp] fromsmash.com page=1 status=403 bodyLen=undefined
[dp] recart.com page=1 status=404 bodyLen=undefined
[dp] uppromote.com page=1 status=404 bodyLen=undefined
[dp] hallow.com page=1 status=403 bodyLen=undefined
[dp:wc] concentrix.com page=1 status=200 bodyLen=804497
[dp:wc] screenpal.com page=1 status=404 bodyLen=undefined
[dp:wc] spalla.io page=1 status=404 bodyLen=undefined
[deep-page] worker=38 stores=425 failed=1 products=2123 by_platform={"shopify-html":132,"woocommerce-html":88,"shopify":6,"woocommerce":89,"schema-product":71,"magento-html":18,"magento":19,"bigcommerce-html":2}
[dp] v0.app page=1 status=200 bodyLen=1043649
[dp] v0.app parse err: Unexpected token '<', "<!DOCTYPE "... is not valid JSON
[dp] frase.io page=1 status=404 bodyLen=undefined
[dp:wc] america.net page=1 status=404 bodyLen=undefined
[dp:mg] nettigritty.com page=1 status=200 bodyLen=107
[dp] everlane.com page=2 status=200 bodyLen=1402357
[dp:wc] online.no page=1 status=200 bodyLen=191470
[dp:wc] anti-captcha.com page=1 status=200 bodyLen=60497
[dp:wc] tixr.com page=1 status=403 bodyLen=undefined
[dp:wc] sundayguardianlive.com page=1 status=404 bodyLen=undefined
[dp:wc] inc42.com page=1 status=401 bodyLen=undefined
[dp:wc] ascendoor.com page=1 status=404 bodyLen=undefined
[dp] klei.com page=1 status=404 bodyLen=undefined
[dp] lumenlearning.com page=1 status=404 bodyLen=undefined
[dp:mg] enphase.com page=1 status=404 bodyLen=undefined
[dp:wc] potok.io page=1 status=404 bodyLen=undefined
[dp:wc] netmera.com page=1 status=404 bodyLen=undefined
[dp] revy.io page=1 status=404 bodyLen=undefined
[dp] sitesearch360.com page=1 status=404 bodyLen=undefined
[dp:wc] hashthemes.com page=1 status=404 bodyLen=undefined
[dp] skims.com page=1 status=404 bodyLen=undefined
[dp] parcel2go.com page=1 status=404 bodyLen=undefined
[deep-page] worker=0 stores=450 failed=1 products=2624 by_platform={"shopify-html":140,"woocommerce-html":95,"shopify":7,"woocommerce":92,"schema-product":75,"magento-html":19,"magento":20,"bigcommerce-html":2}
[dp:wc] hostgator.co page=1 status=404 bodyLen=undefined
[dp] impactradius.com page=1 status=200 bodyLen=144466
[dp] impactradius.com parse err: Unexpected token '<', "    <!DOCTYPE "... is not valid JSON
[dp:wc] aafa.org page=1 status=404 bodyLen=undefined
[dp] assembledhq.com page=1 status=404 bodyLen=undefined
[dp] society6.com page=2 status=200 bodyLen=13345074
[dp] glossier.com page=1 status=429 bodyLen=undefined
[dp:wc] signin.aws page=1 status=200 bodyLen=336398
[dp:wc] tradepending.com page=1 status=404 bodyLen=undefined
[dp:mg] theecologist.org page=1 status=200 bodyLen=107
[dp] simplelocalize.io page=1 status=404 bodyLen=undefined
[dp:wc] windowslatest.com page=1 status=404 bodyLen=undefined
[dp:wc] youla.ru page=1 status=200 bodyLen=5583780
[dp] trueprofit.io page=1 status=404 bodyLen=undefined
[dp:wc] swiftinter.net page=1 status=401 bodyLen=undefined
[dp:wc] itworld.com page=1 status=200 bodyLen=316518
[dp:wc] clym-widget.net page=1 status=200 bodyLen=370349
[dp] aldoshoes.com page=1 status=200 bodyLen=1172445
[dp] casper.com page=1 status=429 bodyLen=undefined
[dp:mg] quickheal.com page=1 status=401 bodyLen=undefined
[dp] gocertify.me page=1 status=404 bodyLen=undefined
[dp:wc] websim.com page=1 status=200 bodyLen=12145
[dp] starapps.studio page=1 status=200 bodyLen=60578
[dp] starapps.studio parse err: Unexpected token '', "�      "... is not valid JSON
[dp:wc] ancorathemes.com page=1 status=404 bodyLen=undefined
[dp] izotope.com page=1 status=429 bodyLen=undefined
[dp] greatergood.com page=2 status=200 bodyLen=4437864
[dp] getbutton.io page=1 status=404 bodyLen=undefined
[dp] freedomfi.com page=1 status=200 bodyLen=433769
[dp] freedomfi.com parse err: Unexpected token '<', "<!doctype "... is not valid JSON
[dp:mg] mddservices.com page=1 status=200 bodyLen=107
[dp] commslayer.com page=1 status=404 bodyLen=undefined
[deep-page] worker=9 stores=475 failed=1 products=3124 by_platform={"shopify-html":149,"woocommerce-html":101,"shopify":8,"woocommerce":97,"schema-product":76,"magento-html":20,"magento":22,"bigcommerce-html":2}
[dp:wc] storables.com page=1 status=401 bodyLen=undefined
[dp:wc] hechingerreport.org page=1 status=401 bodyLen=undefined
[dp:wc] dataremote.com page=1 status=404 bodyLen=undefined
[dp] goshippo.com page=1 status=404 bodyLen=undefined
[dp] dengage.com page=1 status=200 bodyLen=146617
[dp] dengage.com parse err: Unexpected token '<', "<!DOCTYPE "... is not valid JSON
[dp:wc] eflorist.com page=1 status=404 bodyLen=undefined
[dp:wc] gocache.com.br page=1 status=404 bodyLen=undefined
[dp:wc] nexicom.net page=1 status=404 bodyLen=undefined
[dp:wc] quadlayers.com page=1 status=401 bodyLen=undefined
[dp:wc] msmagazine.com page=1 status=401 bodyLen=undefined
[dp] rdstation.com page=1 status=404 bodyLen=undefined
[dp:mg] ukvpshosting.com page=1 status=404 bodyLen=undefined
[dp] fal.ai page=1 status=404 bodyLen=undefined
[dp] americangirl.com page=1 status=429 bodyLen=undefined
[dp] zoovu.com page=1 status=200 bodyLen=308529
[dp] zoovu.com parse err: Unexpected token '<', "<!doctype "... is not valid JSON
[dp:wc] hyrox.com page=1 status=401 bodyLen=undefined
[dp] wpbrigade.com page=1 status=404 bodyLen=undefined
[dp:wc] spiked-online.com page=1 status=401 bodyLen=undefined
[dp] photogrid.app page=1 status=404 bodyLen=undefined
[dp:mg] anjouangaming.org page=1 status=200 bodyLen=107
[dp:wc] mailpoet.com page=1 status=404 bodyLen=undefined
[dp:wc] nic.blog page=1 status=404 bodyLen=undefined
[dp] bruker.com page=1 status=404 bodyLen=undefined
[dp] nooie.com page=1 status=200 bodyLen=94551
[deep-page] worker=55 stores=500 failed=1 products=3644 by_platform={"shopify-html":157,"woocommerce-html":113,"shopify":10,"woocommerce":97,"schema-product":77,"magento-html":21,"magento":23,"bigcommerce-html":2}
[dp:wc] themearile.com page=1 status=404 bodyLen=undefined
[dp:mg] gaviaspreview.com page=1 status=404 bodyLen=undefined
[dp] vitals.co page=1 status=404 bodyLen=undefined
[dp:wc] mediaxchange.co page=1 status=404 bodyLen=undefined
[dp:wc] nusa.net.id page=1 status=401 bodyLen=undefined
[dp:wc] xpeng.com page=1 status=200 bodyLen=324247
[dp:wc] qodeinteractive.com page=1 status=404 bodyLen=undefined
[dp] getguru.com page=1 status=404 bodyLen=undefined
[dp] bigseller.com page=1 status=200 bodyLen=64
[dp] bigseller.com no products
[dp] glamour.es page=1 status=404 bodyLen=undefined
[dp] adsmurai.com page=1 status=404 bodyLen=undefined
[dp:wc] businesstoday.com.tw page=1 status=200 bodyLen=140991
[dp] woodcraft.com page=1 status=200 bodyLen=1145999
[dp:wc] nic.bi page=1 status=404 bodyLen=undefined
[dp:mg] moosend.com page=1 status=404 bodyLen=undefined
[dp] admagazine.fr page=1 status=404 bodyLen=undefined
[dp] jbhifi.com.au page=1 status=200 bodyLen=1136092
[dp:wc] uep24.ru page=1 status=404 bodyLen=undefined
[dp] framer.com page=1 status=404 bodyLen=undefined
[dp:wc] 10best.com page=1 status=200 bodyLen=157671
[dp:wc] apple.co page=1 status=200 bodyLen=258465
[dp] solakon.de page=1 status=200 bodyLen=536221
[dp] salesmartly.com page=1 status=404 bodyLen=undefined
[deep-page] worker=47 stores=525 failed=1 products=3689 by_platform={"shopify-html":165,"woocommerce-html":119,"shopify":11,"woocommerce":101,"schema-product":81,"magento-html":22,"magento":24,"bigcommerce-html":2}
[dp:mg] azehosting.net page=1 status=200 bodyLen=107
[dp:wc] puma.com page=1 status=200 bodyLen=1102657
[dp] dollskill.com page=1 status=200 bodyLen=1299106
[dp] tailwindcss.com page=1 status=404 bodyLen=undefined
[dp] hiworks.com page=1 status=200 bodyLen=7856
[dp] hiworks.com parse err: Unexpected token '<', "<!--HEADER"... is not valid JSON
[dp:wc] codecanyon.net page=1 status=403 bodyLen=undefined
[dp:wc] itunes.com page=1 status=200 bodyLen=135676
[dp] tartecosmetics.com page=1 status=200 bodyLen=2057266
[dp] architecturaldigest.com page=1 status=404 bodyLen=undefined
[dp:mg] imunify360.com page=1 status=200 bodyLen=107
[dp] rybbit.com page=1 status=404 bodyLen=undefined
[dp:wc] natera.com page=1 status=401 bodyLen=undefined
[dp] bambuser.com page=1 status=404 bodyLen=undefined
[dp:wc] avs.io page=1 status=200 bodyLen=741686
[dp] aldoshoes.com page=2 status=200 bodyLen=1091381
[dp:wc] jetbrains.ai page=1 status=200 bodyLen=44720
[dp] wired.co.uk page=1 status=404 bodyLen=undefined
[dp] karte.io page=1 status=404 bodyLen=undefined
[dp] jbhifi.com.au page=2 status=200 bodyLen=945046
[dp] shareasale.com page=1 status=200 bodyLen=147674
[dp] shareasale.com parse err: Unexpected token '<', "<!DOCTYPE "... is not valid JSON
[dp] woodcraft.com page=2 status=200 bodyLen=1268519
[dp:wc] ipsos.com page=1 status=200 bodyLen=51905
[dp] athemes.com page=1 status=404 bodyLen=undefined
[dp:mg] bhosted.nl page=1 status=404 bodyLen=undefined
[dp] stripecdn.com page=1 status=200 bodyLen=0
[dp] stripecdn.com parse err: Unexpected end of JSON input
[dp:wc] codedish.co page=1 status=404 bodyLen=undefined
[dp] openpanel.dev page=1 status=404 bodyLen=undefined
[deep-page] worker=19 stores=550 failed=1 products=4438 by_platform={"shopify-html":176,"woocommerce-html":122,"shopify":13,"woocommerce":106,"schema-product":82,"magento-html":22,"magento":27,"bigcommerce-html":2}
[dp] omnisend.com page=1 status=404 bodyLen=undefined
[dp:wc] liquidweb.com page=1 status=404 bodyLen=undefined
[dp:wc] roadtovr.com page=1 status=404 bodyLen=undefined
[dp] hiverhq.com page=1 status=200 bodyLen=635274
[dp] hiverhq.com parse err: Unexpected token '<', "<!doctype "... is not valid JSON
[dp:wc] matomo.cloud page=1 status=200 bodyLen=154002
[dp] sniffies.com page=1 status=200 bodyLen=230564
[dp] sniffies.com parse err: Unexpected token '<', "<!doctype "... is not valid JSON
[dp:wc] envysion.com page=1 status=404 bodyLen=undefined
[dp] dollskill.com page=2 status=200 bodyLen=1277344
[dp:wc] veltra.com page=1 status=200 bodyLen=220402
[dp:wc] go-vip.net page=1 status=200 bodyLen=247739
[dp:wc] ngrok.io page=1 status=200 bodyLen=321098
[dp] wyze.com page=1 status=200 bodyLen=1133191
[dp:mg] biography.com page=1 status=404 bodyLen=undefined
[dp:wc] stylemixthemes.com page=1 status=404 bodyLen=undefined
[dp] datagrail.io page=1 status=404 bodyLen=undefined
[dp] vanityfair.it page=1 status=404 bodyLen=undefined
[dp:mg] womenshealthmag.com page=1 status=404 bodyLen=undefined
[dp] powerreviews.com page=1 status=404 bodyLen=undefined
[dp:wc] websitedemos.net page=1 status=404 bodyLen=undefined
[dp] pitchfork.com page=1 status=404 bodyLen=undefined
[deep-page] worker=43 stores=575 failed=1 products=5645 by_platform={"shopify-html":184,"woocommerce-html":128,"shopify":15,"woocommerce":109,"schema-product":86,"magento-html":24,"magento":27,"bigcommerce-html":2}
[dp:wc] halodoc.com page=1 status=200 bodyLen=166452
[dp] thermaltake.com page=1 status=404 bodyLen=undefined
[dp] ankersolix.com page=1 status=404 bodyLen=undefined
[dp:wc] tecalliance.services page=1 status=200 bodyLen=184625
[dp:wc] catchthemes.com page=1 status=404 bodyLen=undefined
[dp:wc] steamrip.com page=1 status=403 bodyLen=undefined
[dp] xxlmag.com page=1 status=404 bodyLen=undefined
[dp:mg] apollopharmacy.in page=1 status=404 bodyLen=undefined
[dp:wc] theonion.com page=1 status=404 bodyLen=undefined
[dp] igvita.com page=1 status=404 bodyLen=undefined
[dp:wc] threatdown.com page=1 status=404 bodyLen=undefined
[dp:wc] d21.team page=1 status=200 bodyLen=10192
[dp:wc] bom.gov.au page=1 status=403 bodyLen=undefined
[dp:wc] amarujala.com page=1 status=200 bodyLen=743065
[dp] hextom.com page=1 status=403 bodyLen=undefined
[dp] fineartamerica.com page=1 status=404 bodyLen=undefined
[dp] blueconic.net page=1 status=404 bodyLen=undefined
[dp:bc] contentful.com page=1 status=404 bodyLen=undefined
[dp] glamour.com page=1 status=404 bodyLen=undefined
[dp] daisonet.com page=1 status=200 bodyLen=345174
[dp] uniuni.com page=1 status=404 bodyLen=undefined
[dp:wc] polyspeak.ai page=1 status=200 bodyLen=143146
[deep-page] worker=15 stores=600 failed=1 products=6145 by_platform={"shopify-html":193,"woocommerce-html":132,"shopify":16,"woocommerce":115,"schema-product":89,"magento-html":25,"magento":27,"bigcommerce-html":3}
[dp] vhx.tv page=1 status=404 bodyLen=undefined
[dp] cntraveler.com page=1 status=404 bodyLen=undefined
[dp] geckoboard.com page=1 status=404 bodyLen=undefined
[dp:mg] delish.com page=1 status=404 bodyLen=undefined
[dp:wc] spiceworks.com page=1 status=401 bodyLen=undefined
[dp] linksys.com page=1 status=429 bodyLen=undefined
[dp:wc] singaporeair.com page=1 status=404 bodyLen=undefined
[dp] flexport.com page=1 status=404 bodyLen=undefined
[dp] glossier.com page=1 status=429 bodyLen=undefined
[dp:mg] wordstream.com page=1 status=200 bodyLen=107
[dp] usmagazine.com page=1 status=404 bodyLen=undefined
[dp:wc] lazada.com.my page=1 status=200 bodyLen=82020
[dp] boat-lifestyle.com page=1 status=200 bodyLen=2691022
[dp] saya.pk page=1 status=429 bodyLen=undefined
[dp] daisonet.com page=2 status=200 bodyLen=350350
[dp:wc] xskt.com.vn page=1 status=200 bodyLen=50139
[dp:mg] learncbse.in page=1 status=200 bodyLen=107
[dp] ecobee.com page=1 status=404 bodyLen=undefined
[dp:wc] boomtrain.com page=1 status=200 bodyLen=157841
[dp] anker.com page=1 status=404 bodyLen=undefined
[dp:wc] pornhits.com page=1 status=200 bodyLen=877868
[dp:wc] seaart.ai page=1 status=200 bodyLen=450862
[dp] casper.com page=1 status=429 bodyLen=undefined
[dp] izotope.com page=1 status=429 bodyLen=undefined
[dp] soreto.com page=1 status=404 bodyLen=undefined
[dp:wc] erothots1.com page=1 status=429 bodyLen=undefined
[dp] sitevibes.com page=1 status=404 bodyLen=undefined
[dp:wc] turbify.com page=1 status=200 bodyLen=18416
[deep-page] worker=41 stores=625 failed=1 products=6646 by_platform={"shopify-html":202,"woocommerce-html":135,"shopify":17,"woocommerce":120,"schema-product":93,"magento-html":26,"magento":29,"bigcommerce-html":3}
[dp:wc] lek-manga.net page=1 status=404 bodyLen=undefined
[dp:wc] mywellness.com page=1 status=200 bodyLen=842043
[dp] leadsquared.com page=1 status=200 bodyLen=358847
[dp] leadsquared.com parse err: Unexpected token '<', "<!DOCTYPE "... is not valid JSON
[dp:wc] weatherflow.com page=1 status=404 bodyLen=undefined
[dp:wc] rnp.br page=1 status=404 bodyLen=undefined
[dp:wc] sift.com page=1 status=401 bodyLen=undefined
[prefilter] worker=47 checked=850/999 passed=17 failed=833 by_platform={"shopify":1,"magento":3,"woocommerce-html":2,"woocommerce":6,"magento-html":3,"shopify-html":2}
[dp:wc] fnn.jp page=1 status=200 bodyLen=148719
[dp] americangirl.com page=1 status=429 bodyLen=undefined
[dp] piwik.pro page=1 status=200 bodyLen=200020
[dp] piwik.pro parse err: Unexpected token '<', "<!DOCTYPE "... is not valid JSON
[dp:wc] storysaver.net page=1 status=200 bodyLen=13630
[dp] vlr.gg page=1 status=404 bodyLen=undefined
[dp:wc] siftscience.com page=1 status=401 bodyLen=undefined
[dp:wc] dan.com page=1 status=200 bodyLen=125526
[dp:wc] erothots.co page=1 status=429 bodyLen=undefined
[dp:mg] druni.es page=1 status=406 bodyLen=undefined
[dp:wc] mobizil.com page=1 status=404 bodyLen=undefined
[dp] boat-lifestyle.com page=2 status=200 bodyLen=4229921
[dp:mg] brstej.com page=1 status=200 bodyLen=1028456
[dp:mg] gpb.ru page=1 status=200 bodyLen=74
[dp:wc] 8888.bg page=1 status=200 bodyLen=357754
[dp:wc] pair.com page=1 status=404 bodyLen=undefined
[deep-page] worker=19 stores=650 failed=1 products=7149 by_platform={"shopify-html":205,"woocommerce-html":142,"shopify":18,"woocommerce":125,"schema-product":99,"magento-html":28,"magento":30,"bigcommerce-html":3}
[dp] sendinblue.com page=1 status=404 bodyLen=undefined
[dp:wc] thenkiri.com page=1 status=404 bodyLen=undefined
[dp] evri.com page=1 status=200 bodyLen=360360
[dp] evri.com parse err: Unexpected token '<', "<!DOCTYPE "... is not valid JSON
[dp:wc] hostnet.nl page=1 status=404 bodyLen=undefined
[dp:mg] truper.com page=1 status=200 bodyLen=36558
[dp:wc] namirial.it page=1 status=401 bodyLen=undefined
[dp] podscribe.com page=1 status=404 bodyLen=undefined
[dp] linksys.com page=1 status=429 bodyLen=undefined
[dp:mg] net-empregos.com page=1 status=200 bodyLen=129497
[dp] saya.pk page=1 status=429 bodyLen=undefined
[dp:wc] erothots1.com page=1 status=429 bodyLen=undefined
[dp:wc] erothots.co page=1 status=429 bodyLen=undefined
[prefilter] worker=23 checked=900/1000 passed=15 failed=885 by_platform={"shopify-html":6,"woocommerce":1,"magento":1,"schema-product":5,"magento-html":1,"shopify":1}
[dp] glossier.com page=1 status=429 bodyLen=undefined
[dp] casper.com page=1 status=429 bodyLen=undefined
[dp] izotope.com page=1 status=429 bodyLen=undefined
[dp] americangirl.com page=1 status=429 bodyLen=undefined
[dp:wc] gu-global.com page=1 status=0 bodyLen=undefined
[prefilter] worker=0 checked=750/1000 passed=3 failed=747 by_platform={"shopify":1,"woocommerce":1,"shopify-html":1}
[dp] linksys.com page=1 status=429 bodyLen=undefined
[dp] saya.pk page=1 status=429 bodyLen=undefined
[dp:wc] erothots1.com page=1 status=429 bodyLen=undefined
[dp:wc] erothots.co page=1 status=429 bodyLen=undefined
[prefilter] worker=5 checked=800/998 passed=3 failed=797 by_platform={"schema-product":1,"woocommerce-html":1,"magento-html":1}
[prefilter] worker=48 checked=800/1000 passed=4 failed=796 by_platform={"shopify-html":2,"woocommerce-html":2}
[prefilter] worker=48 checked=800/1000 passed=3 failed=797 by_platform={"shopify":1,"woocommerce":1,"shopify-html":1}
[dp] glossier.com page=1 status=429 bodyLen=undefined
[dp] casper.com page=1 status=429 bodyLen=undefined
[dp] izotope.com page=1 status=429 bodyLen=undefined
[dp] americangirl.com page=1 status=429 bodyLen=undefined
[prefilter] worker=44 checked=900/999 passed=17 failed=883 by_platform={"shopify":1,"magento":3,"woocommerce-html":2,"woocommerce":6,"magento-html":3,"shopify-html":2}
[prefilter] worker=36 checked=850/1000 passed=4 failed=846 by_platform={"shopify-html":2,"woocommerce-html":2}
[dp] linksys.com page=1 status=429 bodyLen=undefined
[dp] saya.pk page=1 status=429 bodyLen=undefined
[prefilter] worker=43 checked=850/998 passed=3 failed=847 by_platform={"schema-product":1,"woocommerce-html":1,"magento-html":1}
[dp:wc] erothots1.com page=1 status=429 bodyLen=undefined
[dp:wc] erothots.co page=1 status=429 bodyLen=undefined
[prefilter] worker=53 checked=950/1000 passed=15 failed=935 by_platform={"shopify-html":6,"woocommerce":1,"magento":1,"schema-product":5,"magento-html":1,"shopify":1}
[dp] glossier.com page=1 status=429 bodyLen=undefined
[dp] casper.com page=1 status=429 bodyLen=undefined
[dp] izotope.com page=1 status=429 bodyLen=undefined
[dp] americangirl.com page=1 status=429 bodyLen=undefined
[prefilter] worker=87 checked=950/999 passed=17 failed=933 by_platform={"shopify":1,"magento":3,"woocommerce-html":2,"woocommerce":6,"magento-html":3,"shopify-html":2}
[dp] linksys.com page=1 status=429 bodyLen=undefined
[dp] saya.pk page=1 status=429 bodyLen=undefined
[dp:wc] erothots1.com page=1 status=429 bodyLen=undefined
[dp:wc] erothots.co page=1 status=429 bodyLen=undefined
[prefilter] worker=23 checked=1000/1000 passed=15 failed=985 by_platform={"shopify-html":6,"woocommerce":1,"magento":1,"schema-product":5,"magento-html":1,"shopify":1}
[prefilter] done: {"checked":1000,"passed":15,"failed":985,"by_platform":{"shopify-html":6,"woocommerce":1,"magento":1,"schema-product":5,"magento-html":1,"shopify":1},"started_at":"2026-06-11T12:23:53.418Z","finished_at":"2026-06-11T12:30:05.377Z","output":"data/discovery_2026-06-11/prefilter_parallel/cursor_50000/split1.ndjson","output_rows":15}
[prefilter] worker=8 checked=850/1000 passed=3 failed=847 by_platform={"shopify":1,"woocommerce":1,"shopify-html":1}
[dp] glossier.com page=1 status=429 bodyLen=undefined
[dp] casper.com page=1 status=429 bodyLen=undefined
[dp] izotope.com page=1 status=429 bodyLen=undefined
[dp] americangirl.com page=1 status=429 bodyLen=undefined
[dp] linksys.com page=1 status=429 bodyLen=undefined
[dp] saya.pk page=1 status=429 bodyLen=undefined
[prefilter] worker=24 checked=900/998 passed=3 failed=897 by_platform={"schema-product":1,"woocommerce-html":1,"magento-html":1}
[prefilter] worker=81 checked=900/1000 passed=4 failed=896 by_platform={"shopify-html":2,"woocommerce-html":2}
[dp:wc] erothots1.com page=1 status=429 bodyLen=undefined
[prefilter] worker=40 checked=900/1000 passed=3 failed=897 by_platform={"shopify":1,"woocommerce":1,"shopify-html":1}
[dp:wc] erothots.co page=1 status=429 bodyLen=undefined
[deep-page] DONE: {"stores_processed":672,"stores_failed":1,"total_products":7153,"by_platform":{"shopify-html":210,"woocommerce-html":145,"shopify":22,"woocommerce":128,"schema-product":104,"magento-html":30,"magento":30,"bigcommerce-html":3},"started_at":"2026-06-11T12:28:50.472Z","finished_at":"2026-06-11T12:30:21.501Z","output_rows":7153}
[prefilter] worker=46 checked=999/999 passed=17 failed=982 by_platform={"shopify":1,"magento":3,"woocommerce-html":2,"woocommerce":6,"magento-html":3,"shopify-html":2}
[prefilter] done: {"checked":999,"passed":17,"failed":982,"by_platform":{"shopify":1,"magento":3,"woocommerce-html":2,"woocommerce":6,"magento-html":3,"shopify-html":2},"started_at":"2026-06-11T12:23:53.359Z","finished_at":"2026-06-11T12:30:22.871Z","output":"data/discovery_2026-06-11/prefilter_parallel/cursor_50000/split5.ndjson","output_rows":17}
[prefilter] worker=21 checked=950/1000 passed=4 failed=946 by_platform={"shopify-html":2,"woocommerce-html":2}
[prefilter] worker=82 checked=950/998 passed=3 failed=947 by_platform={"schema-product":1,"woocommerce-html":1,"magento-html":1}
[prefilter] worker=8 checked=950/1000 passed=3 failed=947 by_platform={"shopify":1,"woocommerce":1,"shopify-html":1}
[prefilter] worker=56 checked=998/998 passed=3 failed=995 by_platform={"schema-product":1,"woocommerce-html":1,"magento-html":1}
[prefilter] done: {"checked":998,"passed":3,"failed":995,"by_platform":{"schema-product":1,"woocommerce-html":1,"magento-html":1},"started_at":"2026-06-11T12:23:53.381Z","finished_at":"2026-06-11T12:30:57.967Z","output":"data/discovery_2026-06-11/prefilter_parallel/cursor_50000/split2.ndjson","output_rows":3}
[prefilter] worker=82 checked=1000/1000 passed=4 failed=996 by_platform={"shopify-html":2,"woocommerce-html":2}
[prefilter] done: {"checked":1000,"passed":4,"failed":996,"by_platform":{"shopify-html":2,"woocommerce-html":2},"started_at":"2026-06-11T12:23:53.379Z","finished_at":"2026-06-11T12:31:02.040Z","output":"data/discovery_2026-06-11/prefilter_parallel/cursor_50000/split3.ndjson","output_rows":4}
[prefilter] worker=67 checked=1000/1000 passed=3 failed=997 by_platform={"shopify":1,"woocommerce":1,"shopify-html":1}
[prefilter] done: {"checked":1000,"passed":3,"failed":997,"by_platform":{"shopify":1,"woocommerce":1,"shopify-html":1},"started_at":"2026-06-11T12:23:53.368Z","finished_at":"2026-06-11T12:31:02.973Z","output":"data/discovery_2026-06-11/prefilter_parallel/cursor_50000/split4.ndjson","output_rows":3}
[Thu Jun 11 12:31:20 UTC 2026] Cursor 50000: 42 stores passed prefilter
[deep-page] input records=42 ecom=42 by_platform={"shopify-html":11,"woocommerce":8,"magento":4,"schema-product":6,"magento-html":5,"shopify":3,"woocommerce-html":5} concurrency=50
[dp:wc] fizzo.org page=1 status=200 bodyLen=108954
[dp:mg] ardhosting.com page=1 status=404 bodyLen=undefined
[dp] kesq.com page=1 status=404 bodyLen=undefined
[dp] onetreeplanted.org page=1 status=200 bodyLen=312100
[dp:wc] dedislot.online page=1 status=200 bodyLen=310903
[dp:wc] hering.com.br page=1 status=200 bodyLen=149456
[dp:mg] instituteforgovernment.org.uk page=1 status=200 bodyLen=107
[dp] tailorbrands.com page=1 status=200 bodyLen=231193
[dp] tailorbrands.com parse err: Unexpected token '<', "<!DOCTYPE "... is not valid JSON
[dp:mg] tidbits.com page=1 status=200 bodyLen=107
[dp:wc] wasmer.app page=1 status=200 bodyLen=348154
[dp] keitaro.io page=1 status=404 bodyLen=undefined
[dp] affiliatly.com page=1 status=404 bodyLen=undefined
[dp] ashleystewart.com page=1 status=200 bodyLen=2300332
[dp:wc] steelersdepot.com page=1 status=404 bodyLen=undefined
[dp] iamfy.co page=1 status=200 bodyLen=384808
[dp:mg] thegadgetflow.com page=1 status=200 bodyLen=107
[dp] ds-cdn.com page=1 status=404 bodyLen=undefined
[dp:mg] quotenet.nl page=1 status=404 bodyLen=undefined
[dp] nobullproject.com page=1 status=200 bodyLen=1822974
[dp:wc] findaspring.org page=1 status=401 bodyLen=undefined
[dp:wc] removal.ai page=1 status=200 bodyLen=122230
[dp:mg] spond.com page=1 status=200 bodyLen=107
[deep-page] worker=4 stores=25 failed=0 products=475 by_platform={"woocommerce":4,"magento-html":2,"shopify-html":6,"magento":4,"schema-product":4,"woocommerce-html":3,"shopify":2}
[dp:wc] paxiegames.com page=1 status=404 bodyLen=undefined
[dp:wc] starity.hu page=1 status=200 bodyLen=106003
[dp] gqjapan.jp page=1 status=404 bodyLen=undefined
[dp] appstle.com page=1 status=200 bodyLen=327541
[dp] appstle.com parse err: Unexpected token '<', "<!DOCTYPE "... is not valid JSON
[dp:mg] gosupps.com page=1 status=200 bodyLen=82644
[dp] bluettipower.com page=1 status=200 bodyLen=204434
[dp] bluettipower.com parse err: Unexpected token '<', "<!DOCTYPE "... is not valid JSON
[dp:wc] softwareag.com page=1 status=200 bodyLen=308897
[dp:mg] elotouch.com page=1 status=401 bodyLen=undefined
[dp:wc] cri.it page=1 status=404 bodyLen=undefined
[dp:wc] quantum.com page=1 status=200 bodyLen=102974
[dp:wc] amtrustgroup.com page=1 status=0 bodyLen=undefined
[dp] buttercms.com page=1 status=404 bodyLen=undefined
[dp:mg] dyson.com.tr page=1 status=401 bodyLen=undefined
[dp] simpletix.com page=1 status=404 bodyLen=undefined
[deep-page] DONE: {"stores_processed":42,"stores_failed":0,"total_products":677,"by_platform":{"woocommerce":8,"magento-html":5,"shopify-html":11,"magento":4,"schema-product":6,"woocommerce-html":5,"shopify":3},"started_at":"2026-06-11T12:31:20.491Z","finished_at":"2026-06-11T12:31:24.830Z","output_rows":677}
[Thu Jun 11 12:31:24 UTC 2026] Cursor 55000: 677 products extracted
(node:2853761) Warning: SECURITY WARNING: The SSL modes 'prefer', 'require', and 'verify-ca' are treated as aliases for 'verify-full'.
In the next major version (pg-connection-string v3.0.0 and pg v9.0.0), these modes will adopt standard libpq semantics, which have weaker security guarantees.

To prepare for this change:
- If you want the current behavior, explicitly use 'sslmode=verify-full'
- If you want libpq compatibility now, use 'uselibpqcompat=true&sslmode=require'

See https://www.postgresql.org/docs/current/libpq-ssl.html for libpq SSL mode definitions.
(Use `node --trace-warnings ...` to show where the warning was created)
(node:2853761) Warning: Setting the NODE_TLS_REJECT_UNAUTHORIZED environment variable to '0' makes TLS connections and HTTPS requests insecure by disabling certificate verification.
[ingest-daemon] {"ts":"2026-06-11T12:31:38.900Z","file":"products_cursor_55000.ndjson.processing.ndjson","rows":677,"written":677,"fabricated":false,"fabrication_share":{"zeroPriceShare":0.2968980797636632,"nullImageShare":0.0029542097488921715,"nullSkuShare":0,"emptyTitleShare":0},"elapsed_ms":13631,"rows_per_sec":"49.7"}
[Thu Jun 11 12:31:38 UTC 2026] Cursor 55000: ingested 677 (session cumulative: 3073)
[Thu Jun 11 12:31:41 UTC 2026] Cursor 55000 batch 12: 5000 domains (lines 55001-60000)
[prefilter] input=/tmp/loop_split_55000_1.txt domains=999 concurrency=100
[prefilter] input=/tmp/loop_split_55000_2.txt domains=999 concurrency=100
[prefilter] input=/tmp/loop_split_55000_3.txt domains=999 concurrency=100
[prefilter] input=/tmp/loop_split_55000_4.txt domains=1000 concurrency=100
[prefilter] input=/tmp/loop_split_55000_5.txt domains=998 concurrency=100
[prefilter] worker=10 checked=50/999 passed=5 failed=45 by_platform={"schema-product":1,"woocommerce-html":4}
[prefilter] worker=50 checked=50/1000 passed=4 failed=46 by_platform={"shopify-html":2,"bigcommerce-html":1,"woocommerce-html":1}
[prefilter] worker=74 checked=50/998 passed=3 failed=47 by_platform={"shopify":1,"woocommerce-html":1,"schema-product":1}
[prefilter] worker=86 checked=50/999 passed=2 failed=48 by_platform={"woocommerce-html":1,"woocommerce":1}
[prefilter] worker=78 checked=50/999 passed=1 failed=49 by_platform={"woocommerce-html":1}
[prefilter] worker=35 checked=100/998 passed=3 failed=97 by_platform={"shopify":1,"woocommerce-html":1,"schema-product":1}
[prefilter] worker=68 checked=100/1000 passed=4 failed=96 by_platform={"shopify-html":2,"bigcommerce-html":1,"woocommerce-html":1}
[prefilter] worker=51 checked=100/999 passed=5 failed=95 by_platform={"schema-product":1,"woocommerce-html":4}
[prefilter] worker=38 checked=100/999 passed=1 failed=99 by_platform={"woocommerce-html":1}
[prefilter] worker=4 checked=100/999 passed=2 failed=98 by_platform={"woocommerce-html":1,"woocommerce":1}
[prefilter] worker=10 checked=150/999 passed=5 failed=145 by_platform={"schema-product":1,"woocommerce-html":4}
[prefilter] worker=35 checked=150/1000 passed=4 failed=146 by_platform={"shopify-html":2,"bigcommerce-html":1,"woocommerce-html":1}
[prefilter] worker=74 checked=150/998 passed=3 failed=147 by_platform={"shopify":1,"woocommerce-html":1,"schema-product":1}
[prefilter] worker=67 checked=150/999 passed=1 failed=149 by_platform={"woocommerce-html":1}
[prefilter] worker=59 checked=150/999 passed=2 failed=148 by_platform={"woocommerce-html":1,"woocommerce":1}
[prefilter] worker=60 checked=200/998 passed=3 failed=197 by_platform={"shopify":1,"woocommerce-html":1,"schema-product":1}
[prefilter] worker=43 checked=200/1000 passed=4 failed=196 by_platform={"shopify-html":2,"bigcommerce-html":1,"woocommerce-html":1}
[prefilter] worker=19 checked=200/999 passed=5 failed=195 by_platform={"schema-product":1,"woocommerce-html":4}
[prefilter] worker=37 checked=200/999 passed=1 failed=199 by_platform={"woocommerce-html":1}
[prefilter] worker=39 checked=200/999 passed=2 failed=198 by_platform={"woocommerce-html":1,"woocommerce":1}
[prefilter] worker=97 checked=250/999 passed=7 failed=243 by_platform={"schema-product":1,"woocommerce-html":4,"shopify-html":2}
[prefilter] worker=47 checked=250/1000 passed=4 failed=246 by_platform={"shopify-html":2,"bigcommerce-html":1,"woocommerce-html":1}
[prefilter] worker=74 checked=250/998 passed=3 failed=247 by_platform={"shopify":1,"woocommerce-html":1,"schema-product":1}
[prefilter] worker=78 checked=250/999 passed=1 failed=249 by_platform={"woocommerce-html":1}
[prefilter] worker=83 checked=250/999 passed=2 failed=248 by_platform={"woocommerce-html":1,"woocommerce":1}
[prefilter] worker=56 checked=300/998 passed=3 failed=297 by_platform={"shopify":1,"woocommerce-html":1,"schema-product":1}
[prefilter] worker=68 checked=300/1000 passed=4 failed=296 by_platform={"shopify-html":2,"bigcommerce-html":1,"woocommerce-html":1}
[prefilter] worker=38 checked=300/999 passed=1 failed=299 by_platform={"woocommerce-html":1}
[prefilter] worker=4 checked=300/999 passed=2 failed=298 by_platform={"woocommerce-html":1,"woocommerce":1}
[prefilter] worker=65 checked=300/999 passed=7 failed=293 by_platform={"schema-product":1,"woocommerce-html":4,"shopify-html":2}
[prefilter] worker=23 checked=350/999 passed=7 failed=343 by_platform={"schema-product":1,"woocommerce-html":4,"shopify-html":2}
[prefilter] worker=54 checked=350/1000 passed=4 failed=346 by_platform={"shopify-html":2,"bigcommerce-html":1,"woocommerce-html":1}
[prefilter] worker=74 checked=350/998 passed=3 failed=347 by_platform={"shopify":1,"woocommerce-html":1,"schema-product":1}
[prefilter] worker=65 checked=350/999 passed=1 failed=349 by_platform={"woocommerce-html":1}
[prefilter] worker=59 checked=350/999 passed=2 failed=348 by_platform={"woocommerce-html":1,"woocommerce":1}
[prefilter] worker=60 checked=400/998 passed=3 failed=397 by_platform={"shopify":1,"woocommerce-html":1,"schema-product":1}
[prefilter] worker=43 checked=400/1000 passed=4 failed=396 by_platform={"shopify-html":2,"bigcommerce-html":1,"woocommerce-html":1}
[prefilter] worker=37 checked=400/999 passed=1 failed=399 by_platform={"woocommerce-html":1}
[prefilter] worker=39 checked=400/999 passed=2 failed=398 by_platform={"woocommerce-html":1,"woocommerce":1}
[prefilter] worker=5 checked=400/999 passed=7 failed=393 by_platform={"schema-product":1,"woocommerce-html":4,"shopify-html":2}
[prefilter] worker=97 checked=450/999 passed=7 failed=443 by_platform={"schema-product":1,"woocommerce-html":4,"shopify-html":2}
[prefilter] worker=47 checked=450/1000 passed=4 failed=446 by_platform={"shopify-html":2,"bigcommerce-html":1,"woocommerce-html":1}
[prefilter] worker=74 checked=450/998 passed=3 failed=447 by_platform={"shopify":1,"woocommerce-html":1,"schema-product":1}
[prefilter] worker=75 checked=450/999 passed=1 failed=449 by_platform={"woocommerce-html":1}
[prefilter] worker=86 checked=450/999 passed=2 failed=448 by_platform={"woocommerce-html":1,"woocommerce":1}
[prefilter] worker=56 checked=500/998 passed=3 failed=497 by_platform={"shopify":1,"woocommerce-html":1,"schema-product":1}
[prefilter] worker=68 checked=500/1000 passed=4 failed=496 by_platform={"shopify-html":2,"bigcommerce-html":1,"woocommerce-html":1}
[prefilter] worker=38 checked=500/999 passed=1 failed=499 by_platform={"woocommerce-html":1}
[prefilter] worker=4 checked=500/999 passed=2 failed=498 by_platform={"woocommerce-html":1,"woocommerce":1}
[prefilter] worker=65 checked=500/999 passed=7 failed=493 by_platform={"schema-product":1,"woocommerce-html":4,"shopify-html":2}
[prefilter] worker=23 checked=550/999 passed=7 failed=543 by_platform={"schema-product":1,"woocommerce-html":4,"shopify-html":2}
[prefilter] worker=54 checked=550/1000 passed=4 failed=546 by_platform={"shopify-html":2,"bigcommerce-html":1,"woocommerce-html":1}
[prefilter] worker=74 checked=550/998 passed=3 failed=547 by_platform={"shopify":1,"woocommerce-html":1,"schema-product":1}
[prefilter] worker=64 checked=550/999 passed=1 failed=549 by_platform={"woocommerce-html":1}
[prefilter] worker=63 checked=550/999 passed=2 failed=548 by_platform={"woocommerce-html":1,"woocommerce":1}
[prefilter] worker=60 checked=600/998 passed=3 failed=597 by_platform={"shopify":1,"woocommerce-html":1,"schema-product":1}
[prefilter] worker=43 checked=600/1000 passed=4 failed=596 by_platform={"shopify-html":2,"bigcommerce-html":1,"woocommerce-html":1}
[prefilter] worker=37 checked=600/999 passed=1 failed=599 by_platform={"woocommerce-html":1}
[prefilter] worker=39 checked=600/999 passed=2 failed=598 by_platform={"woocommerce-html":1,"woocommerce":1}
[prefilter] worker=5 checked=600/999 passed=7 failed=593 by_platform={"schema-product":1,"woocommerce-html":4,"shopify-html":2}
[prefilter] worker=97 checked=650/999 passed=7 failed=643 by_platform={"schema-product":1,"woocommerce-html":4,"shopify-html":2}
[prefilter] worker=47 checked=650/1000 passed=4 failed=646 by_platform={"shopify-html":2,"bigcommerce-html":1,"woocommerce-html":1}
[prefilter] worker=74 checked=650/998 passed=3 failed=647 by_platform={"shopify":1,"woocommerce-html":1,"schema-product":1}
[prefilter] worker=86 checked=650/999 passed=2 failed=648 by_platform={"woocommerce-html":1,"woocommerce":1}
[prefilter] worker=76 checked=650/999 passed=1 failed=649 by_platform={"woocommerce-html":1}
[prefilter] worker=56 checked=700/998 passed=3 failed=697 by_platform={"shopify":1,"woocommerce-html":1,"schema-product":1}
[prefilter] worker=68 checked=700/1000 passed=4 failed=696 by_platform={"shopify-html":2,"bigcommerce-html":1,"woocommerce-html":1}
[prefilter] worker=38 checked=700/999 passed=1 failed=699 by_platform={"woocommerce-html":1}
[prefilter] worker=4 checked=700/999 passed=2 failed=698 by_platform={"woocommerce-html":1,"woocommerce":1}
[prefilter] worker=65 checked=700/999 passed=7 failed=693 by_platform={"schema-product":1,"woocommerce-html":4,"shopify-html":2}
[prefilter] worker=23 checked=750/999 passed=7 failed=743 by_platform={"schema-product":1,"woocommerce-html":4,"shopify-html":2}
[prefilter] worker=54 checked=750/1000 passed=4 failed=746 by_platform={"shopify-html":2,"bigcommerce-html":1,"woocommerce-html":1}
[prefilter] worker=74 checked=750/998 passed=3 failed=747 by_platform={"shopify":1,"woocommerce-html":1,"schema-product":1}
[prefilter] worker=59 checked=750/999 passed=2 failed=748 by_platform={"woocommerce-html":1,"woocommerce":1}
[prefilter] worker=67 checked=750/999 passed=1 failed=749 by_platform={"woocommerce-html":1}
[prefilter] worker=60 checked=800/998 passed=3 failed=797 by_platform={"shopify":1,"woocommerce-html":1,"schema-product":1}
[prefilter] worker=43 checked=800/1000 passed=4 failed=796 by_platform={"shopify-html":2,"bigcommerce-html":1,"woocommerce-html":1}
[prefilter] worker=39 checked=800/999 passed=2 failed=798 by_platform={"woocommerce-html":1,"woocommerce":1}
[prefilter] worker=37 checked=800/999 passed=1 failed=799 by_platform={"woocommerce-html":1}
[prefilter] worker=5 checked=800/999 passed=7 failed=793 by_platform={"schema-product":1,"woocommerce-html":4,"shopify-html":2}
[prefilter] worker=97 checked=850/999 passed=7 failed=843 by_platform={"schema-product":1,"woocommerce-html":4,"shopify-html":2}
[prefilter] worker=47 checked=850/1000 passed=4 failed=846 by_platform={"shopify-html":2,"bigcommerce-html":1,"woocommerce-html":1}
[prefilter] worker=74 checked=850/998 passed=3 failed=847 by_platform={"shopify":1,"woocommerce-html":1,"schema-product":1}
[prefilter] worker=83 checked=850/999 passed=2 failed=848 by_platform={"woocommerce-html":1,"woocommerce":1}
[prefilter] worker=78 checked=850/999 passed=1 failed=849 by_platform={"woocommerce-html":1}
[prefilter] worker=56 checked=900/998 passed=3 failed=897 by_platform={"shopify":1,"woocommerce-html":1,"schema-product":1}
[prefilter] worker=68 checked=900/1000 passed=4 failed=896 by_platform={"shopify-html":2,"bigcommerce-html":1,"woocommerce-html":1}
[prefilter] worker=4 checked=900/999 passed=2 failed=898 by_platform={"woocommerce-html":1,"woocommerce":1}
[prefilter] worker=38 checked=900/999 passed=1 failed=899 by_platform={"woocommerce-html":1}
[prefilter] worker=65 checked=900/999 passed=7 failed=893 by_platform={"schema-product":1,"woocommerce-html":4,"shopify-html":2}
[prefilter] worker=23 checked=950/999 passed=7 failed=943 by_platform={"schema-product":1,"woocommerce-html":4,"shopify-html":2}
[prefilter] worker=63 checked=950/1000 passed=4 failed=946 by_platform={"shopify-html":2,"bigcommerce-html":1,"woocommerce-html":1}
[prefilter] worker=78 checked=950/998 passed=3 failed=947 by_platform={"shopify":1,"woocommerce-html":1,"schema-product":1}
[prefilter] worker=74 checked=950/999 passed=2 failed=948 by_platform={"woocommerce-html":1,"woocommerce":1}
[prefilter] worker=87 checked=950/999 passed=1 failed=949 by_platform={"woocommerce-html":1}
[prefilter] worker=58 checked=998/998 passed=3 failed=995 by_platform={"shopify":1,"woocommerce-html":1,"schema-product":1}
[prefilter] done: {"checked":998,"passed":3,"failed":995,"by_platform":{"shopify":1,"woocommerce-html":1,"schema-product":1},"started_at":"2026-06-11T12:31:41.529Z","finished_at":"2026-06-11T12:38:48.256Z","output":"data/discovery_2026-06-11/prefilter_parallel/cursor_55000/split5.ndjson","output_rows":3}
[prefilter] worker=60 checked=1000/1000 passed=4 failed=996 by_platform={"shopify-html":2,"bigcommerce-html":1,"woocommerce-html":1}
[prefilter] done: {"checked":1000,"passed":4,"failed":996,"by_platform":{"shopify-html":2,"bigcommerce-html":1,"woocommerce-html":1},"started_at":"2026-06-11T12:31:41.419Z","finished_at":"2026-06-11T12:38:48.720Z","output":"data/discovery_2026-06-11/prefilter_parallel/cursor_55000/split4.ndjson","output_rows":4}
[prefilter] worker=21 checked=999/999 passed=2 failed=997 by_platform={"woocommerce-html":1,"woocommerce":1}
[prefilter] done: {"checked":999,"passed":2,"failed":997,"by_platform":{"woocommerce-html":1,"woocommerce":1},"started_at":"2026-06-11T12:31:41.404Z","finished_at":"2026-06-11T12:38:49.177Z","output":"data/discovery_2026-06-11/prefilter_parallel/cursor_55000/split2.ndjson","output_rows":2}
[prefilter] worker=37 checked=999/999 passed=1 failed=998 by_platform={"woocommerce-html":1}
[prefilter] done: {"checked":999,"passed":1,"failed":998,"by_platform":{"woocommerce-html":1},"started_at":"2026-06-11T12:31:41.404Z","finished_at":"2026-06-11T12:38:49.227Z","output":"data/discovery_2026-06-11/prefilter_parallel/cursor_55000/split1.ndjson","output_rows":1}
[prefilter] worker=5 checked=999/999 passed=7 failed=992 by_platform={"schema-product":1,"woocommerce-html":4,"shopify-html":2}
[prefilter] done: {"checked":999,"passed":7,"failed":992,"by_platform":{"schema-product":1,"woocommerce-html":4,"shopify-html":2},"started_at":"2026-06-11T12:31:41.409Z","finished_at":"2026-06-11T12:38:49.238Z","output":"data/discovery_2026-06-11/prefilter_parallel/cursor_55000/split3.ndjson","output_rows":7}
[Thu Jun 11 12:39:10 UTC 2026] Cursor 55000: 17 stores passed prefilter
[deep-page] input records=17 ecom=17 by_platform={"woocommerce-html":8,"woocommerce":1,"schema-product":2,"shopify-html":4,"bigcommerce-html":1,"shopify":1} concurrency=50
[dp] microperfumes.com page=1 status=429 bodyLen=undefined
[dp] uncrate.com page=1 status=404 bodyLen=undefined
[dp] tldv.io page=1 status=404 bodyLen=undefined
[dp:wc] ananova.com page=1 status=404 bodyLen=undefined
[dp] laam.pk page=1 status=404 bodyLen=undefined
[dp:wc] vyaparapp.in page=1 status=404 bodyLen=undefined
[dp:bc] focusrite.com page=1 status=404 bodyLen=undefined
[dp:wc] webo.hosting page=1 status=404 bodyLen=undefined
[dp] kissmetrics.io page=1 status=404 bodyLen=undefined
[dp:wc] biglots.com page=1 status=503 bodyLen=undefined
[dp:wc] eastbayexpress.com page=1 status=404 bodyLen=undefined
[dp:wc] mmd.net page=1 status=404 bodyLen=undefined
[dp:wc] book2look.com page=1 status=200 bodyLen=100311
[dp:wc] foodtechconnect.com page=1 status=401 bodyLen=undefined
[dp:wc] coinpedia.org page=1 status=403 bodyLen=undefined
[dp] microperfumes.com page=1 status=429 bodyLen=undefined
[dp] microperfumes.com page=1 status=429 bodyLen=undefined
[dp] microperfumes.com page=1 status=429 bodyLen=undefined
[dp] microperfumes.com page=1 status=429 bodyLen=undefined
[dp] microperfumes.com page=1 status=429 bodyLen=undefined
[deep-page] DONE: {"stores_processed":17,"stores_failed":0,"total_products":1,"by_platform":{"shopify-html":4,"woocommerce-html":8,"bigcommerce-html":1,"schema-product":2,"woocommerce":1,"shopify":1},"started_at":"2026-06-11T12:39:11.041Z","finished_at":"2026-06-11T12:40:11.672Z","output_rows":1}
[Thu Jun 11 12:40:11 UTC 2026] Cursor 60000: 1 products extracted
(node:2952974) Warning: SECURITY WARNING: The SSL modes 'prefer', 'require', and 'verify-ca' are treated as aliases for 'verify-full'.
In the next major version (pg-connection-string v3.0.0 and pg v9.0.0), these modes will adopt standard libpq semantics, which have weaker security guarantees.

To prepare for this change:
- If you want the current behavior, explicitly use 'sslmode=verify-full'
- If you want libpq compatibility now, use 'uselibpqcompat=true&sslmode=require'

See https://www.postgresql.org/docs/current/libpq-ssl.html for libpq SSL mode definitions.
(Use `node --trace-warnings ...` to show where the warning was created)
(node:2952974) Warning: Setting the NODE_TLS_REJECT_UNAUTHORIZED environment variable to '0' makes TLS connections and HTTPS requests insecure by disabling certificate verification.
[ingest-daemon] {"ts":"2026-06-11T12:40:15.641Z","file":"products_cursor_60000.ndjson.processing.ndjson","rows":1,"written":1,"fabricated":false,"fabrication_share":{"zeroPriceShare":1,"nullImageShare":0,"nullSkuShare":0,"emptyTitleShare":0},"elapsed_ms":3633,"rows_per_sec":"0.3"}
[Thu Jun 11 12:40:15 UTC 2026] Cursor 60000: ingested 1 (session cumulative: 3074)
[Thu Jun 11 12:40:17 UTC 2026] Cursor 60000 batch 13: 5000 domains (lines 60001-65000)
[prefilter] input=/tmp/loop_split_60000_3.txt domains=999 concurrency=100
[prefilter] input=/tmp/loop_split_60000_4.txt domains=1000 concurrency=100
[prefilter] input=/tmp/loop_split_60000_2.txt domains=1000 concurrency=100
[prefilter] input=/tmp/loop_split_60000_5.txt domains=1000 concurrency=100
[prefilter] input=/tmp/loop_split_60000_1.txt domains=1000 concurrency=100
[prefilter] worker=34 checked=50/999 passed=3 failed=47 by_platform={"woocommerce-html":1,"shopify-html":1,"magento":1}
[prefilter] worker=50 checked=50/1000 passed=3 failed=47 by_platform={"woocommerce":1,"magento":1,"woocommerce-html":1}
[prefilter] worker=86 checked=100/999 passed=4 failed=96 by_platform={"woocommerce-html":2,"shopify-html":1,"magento":1}
[prefilter] worker=37 checked=150/999 passed=7 failed=143 by_platform={"woocommerce-html":4,"shopify-html":1,"magento":1,"schema-product":1}
[prefilter] worker=1 checked=50/1000 passed=2 failed=48 by_platform={"magento-html":1,"woocommerce-html":1}
[prefilter] worker=71 checked=50/1000 passed=0 failed=50 by_platform={}
[prefilter] worker=74 checked=50/1000 passed=0 failed=50 by_platform={}
[prefilter] worker=32 checked=100/1000 passed=4 failed=96 by_platform={"woocommerce":2,"magento":1,"woocommerce-html":1}
[prefilter] worker=17 checked=100/1000 passed=0 failed=100 by_platform={}
[prefilter] worker=14 checked=100/1000 passed=0 failed=100 by_platform={}
[prefilter] worker=46 checked=100/1000 passed=2 failed=98 by_platform={"magento-html":1,"woocommerce-html":1}
[prefilter] worker=28 checked=150/1000 passed=4 failed=146 by_platform={"woocommerce":2,"magento":1,"woocommerce-html":1}
[prefilter] worker=68 checked=200/999 passed=7 failed=193 by_platform={"woocommerce-html":4,"shopify-html":1,"magento":1,"schema-product":1}
[prefilter] worker=83 checked=250/999 passed=7 failed=243 by_platform={"woocommerce-html":4,"shopify-html":1,"magento":1,"schema-product":1}
[prefilter] worker=18 checked=150/1000 passed=3 failed=147 by_platform={"magento-html":1,"woocommerce-html":1,"schema-product":1}
[prefilter] worker=52 checked=200/1000 passed=4 failed=196 by_platform={"magento-html":1,"woocommerce-html":1,"schema-product":1,"shopify-html":1}
[prefilter] worker=56 checked=150/1000 passed=0 failed=150 by_platform={}
[prefilter] worker=61 checked=150/1000 passed=0 failed=150 by_platform={}
[prefilter] worker=79 checked=200/1000 passed=4 failed=196 by_platform={"woocommerce":2,"magento":1,"woocommerce-html":1}
[prefilter] worker=38 checked=200/1000 passed=0 failed=200 by_platform={}
[prefilter] worker=14 checked=200/1000 passed=0 failed=200 by_platform={}
[prefilter] worker=7 checked=250/1000 passed=8 failed=242 by_platform={"magento-html":1,"woocommerce-html":3,"schema-product":1,"shopify-html":1,"magento":1,"bigcommerce-html":1}
[prefilter] worker=67 checked=250/1000 passed=4 failed=246 by_platform={"woocommerce":2,"magento":1,"woocommerce-html":1}
[prefilter] worker=68 checked=300/999 passed=7 failed=293 by_platform={"woocommerce-html":4,"shopify-html":1,"magento":1,"schema-product":1}
[prefilter] worker=93 checked=350/999 passed=7 failed=343 by_platform={"woocommerce-html":4,"shopify-html":1,"magento":1,"schema-product":1}
[prefilter] worker=29 checked=300/1000 passed=8 failed=292 by_platform={"magento-html":1,"woocommerce-html":3,"schema-product":1,"shopify-html":1,"magento":1,"bigcommerce-html":1}
[prefilter] worker=71 checked=250/1000 passed=0 failed=250 by_platform={}
[prefilter] worker=74 checked=250/1000 passed=0 failed=250 by_platform={}
[prefilter] worker=32 checked=300/1000 passed=4 failed=296 by_platform={"woocommerce":2,"magento":1,"woocommerce-html":1}
[prefilter] worker=17 checked=300/1000 passed=0 failed=300 by_platform={}
[prefilter] worker=14 checked=300/1000 passed=0 failed=300 by_platform={}
[prefilter] worker=2 checked=350/1000 passed=8 failed=342 by_platform={"magento-html":1,"woocommerce-html":3,"schema-product":1,"shopify-html":1,"magento":1,"bigcommerce-html":1}
[prefilter] worker=63 checked=400/1000 passed=11 failed=389 by_platform={"magento-html":1,"woocommerce-html":5,"schema-product":2,"shopify-html":1,"magento":1,"bigcommerce-html":1}
[prefilter] worker=28 checked=350/1000 passed=4 failed=346 by_platform={"woocommerce":2,"magento":1,"woocommerce-html":1}
[prefilter] worker=68 checked=400/999 passed=7 failed=393 by_platform={"woocommerce-html":4,"shopify-html":1,"magento":1,"schema-product":1}
[prefilter] worker=50 checked=450/1000 passed=13 failed=437 by_platform={"magento-html":1,"woocommerce-html":5,"schema-product":3,"shopify-html":1,"magento":1,"bigcommerce-html":1,"woocommerce":1}
[prefilter] worker=37 checked=450/999 passed=7 failed=443 by_platform={"woocommerce-html":4,"shopify-html":1,"magento":1,"schema-product":1}
[prefilter] worker=28 checked=500/1000 passed=16 failed=484 by_platform={"magento-html":1,"woocommerce-html":6,"schema-product":3,"shopify-html":1,"magento":1,"bigcommerce-html":1,"woocommerce":3}
[prefilter] worker=56 checked=350/1000 passed=0 failed=350 by_platform={}
[prefilter] worker=59 checked=350/1000 passed=0 failed=350 by_platform={}
[prefilter] worker=79 checked=400/1000 passed=4 failed=396 by_platform={"woocommerce":2,"magento":1,"woocommerce-html":1}
[prefilter] worker=36 checked=550/1000 passed=16 failed=534 by_platform={"magento-html":1,"woocommerce-html":6,"schema-product":3,"shopify-html":1,"magento":1,"bigcommerce-html":1,"woocommerce":3}
[prefilter] worker=38 checked=400/1000 passed=0 failed=400 by_platform={}
[prefilter] worker=14 checked=400/1000 passed=0 failed=400 by_platform={}
[prefilter] worker=67 checked=450/1000 passed=4 failed=446 by_platform={"woocommerce":2,"magento":1,"woocommerce-html":1}
[prefilter] worker=68 checked=500/999 passed=7 failed=493 by_platform={"woocommerce-html":4,"shopify-html":1,"magento":1,"schema-product":1}
[prefilter] worker=93 checked=550/999 passed=7 failed=543 by_platform={"woocommerce-html":4,"shopify-html":1,"magento":1,"schema-product":1}
[prefilter] worker=72 checked=600/1000 passed=16 failed=584 by_platform={"magento-html":1,"woocommerce-html":6,"schema-product":3,"shopify-html":1,"magento":1,"bigcommerce-html":1,"woocommerce":3}
[prefilter] worker=71 checked=450/1000 passed=0 failed=450 by_platform={}
[prefilter] worker=72 checked=450/1000 passed=0 failed=450 by_platform={}
[prefilter] worker=32 checked=500/1000 passed=4 failed=496 by_platform={"woocommerce":2,"magento":1,"woocommerce-html":1}
[prefilter] worker=77 checked=650/1000 passed=16 failed=634 by_platform={"magento-html":1,"woocommerce-html":6,"schema-product":3,"shopify-html":1,"magento":1,"bigcommerce-html":1,"woocommerce":3}
[prefilter] worker=17 checked=500/1000 passed=0 failed=500 by_platform={}
[prefilter] worker=14 checked=500/1000 passed=0 failed=500 by_platform={}
[prefilter] worker=27 checked=550/1000 passed=4 failed=546 by_platform={"woocommerce":2,"magento":1,"woocommerce-html":1}
[prefilter] worker=68 checked=600/999 passed=7 failed=593 by_platform={"woocommerce-html":4,"shopify-html":1,"magento":1,"schema-product":1}
[prefilter] worker=83 checked=650/999 passed=7 failed=643 by_platform={"woocommerce-html":4,"shopify-html":1,"magento":1,"schema-product":1}
[prefilter] worker=83 checked=700/1000 passed=16 failed=684 by_platform={"magento-html":1,"woocommerce-html":6,"schema-product":3,"shopify-html":1,"magento":1,"bigcommerce-html":1,"woocommerce":3}
[prefilter] worker=59 checked=550/1000 passed=0 failed=550 by_platform={}
[prefilter] worker=56 checked=550/1000 passed=0 failed=550 by_platform={}
[prefilter] worker=79 checked=600/1000 passed=4 failed=596 by_platform={"woocommerce":2,"magento":1,"woocommerce-html":1}
[prefilter] worker=77 checked=750/1000 passed=16 failed=734 by_platform={"magento-html":1,"woocommerce-html":6,"schema-product":3,"shopify-html":1,"magento":1,"bigcommerce-html":1,"woocommerce":3}
[prefilter] worker=38 checked=600/1000 passed=0 failed=600 by_platform={}
[prefilter] worker=14 checked=600/1000 passed=0 failed=600 by_platform={}
[prefilter] worker=67 checked=650/1000 passed=4 failed=646 by_platform={"woocommerce":2,"magento":1,"woocommerce-html":1}
[prefilter] worker=68 checked=700/999 passed=7 failed=693 by_platform={"woocommerce-html":4,"shopify-html":1,"magento":1,"schema-product":1}
[prefilter] worker=93 checked=750/999 passed=7 failed=743 by_platform={"woocommerce-html":4,"shopify-html":1,"magento":1,"schema-product":1}
[prefilter] worker=72 checked=800/1000 passed=16 failed=784 by_platform={"magento-html":1,"woocommerce-html":6,"schema-product":3,"shopify-html":1,"magento":1,"bigcommerce-html":1,"woocommerce":3}
[prefilter] worker=74 checked=650/1000 passed=0 failed=650 by_platform={}
[prefilter] worker=71 checked=650/1000 passed=0 failed=650 by_platform={}
[prefilter] worker=32 checked=700/1000 passed=4 failed=696 by_platform={"woocommerce":2,"magento":1,"woocommerce-html":1}
[prefilter] worker=36 checked=850/1000 passed=16 failed=834 by_platform={"magento-html":1,"woocommerce-html":6,"schema-product":3,"shopify-html":1,"magento":1,"bigcommerce-html":1,"woocommerce":3}
[prefilter] worker=17 checked=700/1000 passed=0 failed=700 by_platform={}
[prefilter] worker=14 checked=700/1000 passed=0 failed=700 by_platform={}
[prefilter] worker=50 checked=750/1000 passed=4 failed=746 by_platform={"woocommerce":2,"magento":1,"woocommerce-html":1}
[prefilter] worker=68 checked=800/999 passed=7 failed=793 by_platform={"woocommerce-html":4,"shopify-html":1,"magento":1,"schema-product":1}
[prefilter] worker=37 checked=850/999 passed=7 failed=843 by_platform={"woocommerce-html":4,"shopify-html":1,"magento":1,"schema-product":1}
[prefilter] worker=83 checked=900/1000 passed=16 failed=884 by_platform={"magento-html":1,"woocommerce-html":6,"schema-product":3,"shopify-html":1,"magento":1,"bigcommerce-html":1,"woocommerce":3}
[prefilter] worker=61 checked=750/1000 passed=0 failed=750 by_platform={}
[prefilter] worker=56 checked=750/1000 passed=0 failed=750 by_platform={}
[prefilter] worker=79 checked=800/1000 passed=4 failed=796 by_platform={"woocommerce":2,"magento":1,"woocommerce-html":1}
[prefilter] worker=36 checked=950/1000 passed=16 failed=934 by_platform={"magento-html":1,"woocommerce-html":6,"schema-product":3,"shopify-html":1,"magento":1,"bigcommerce-html":1,"woocommerce":3}
[prefilter] worker=38 checked=800/1000 passed=0 failed=800 by_platform={}
[prefilter] worker=14 checked=800/1000 passed=0 failed=800 by_platform={}
[prefilter] worker=67 checked=850/1000 passed=4 failed=846 by_platform={"woocommerce":2,"magento":1,"woocommerce-html":1}
[prefilter] worker=68 checked=900/999 passed=7 failed=893 by_platform={"woocommerce-html":4,"shopify-html":1,"magento":1,"schema-product":1}
[prefilter] worker=99 checked=950/999 passed=7 failed=943 by_platform={"woocommerce-html":4,"shopify-html":1,"magento":1,"schema-product":1}
[prefilter] worker=83 checked=1000/1000 passed=16 failed=984 by_platform={"magento-html":1,"woocommerce-html":6,"schema-product":3,"shopify-html":1,"magento":1,"bigcommerce-html":1,"woocommerce":3}
[prefilter] done: {"checked":1000,"passed":16,"failed":984,"by_platform":{"magento-html":1,"woocommerce-html":6,"schema-product":3,"shopify-html":1,"magento":1,"bigcommerce-html":1,"woocommerce":3},"started_at":"2026-06-11T12:40:17.999Z","finished_at":"2026-06-11T12:46:32.143Z","output":"data/discovery_2026-06-11/prefilter_parallel/cursor_60000/split5.ndjson","output_rows":16}
[prefilter] worker=74 checked=850/1000 passed=0 failed=850 by_platform={}
[prefilter] worker=71 checked=850/1000 passed=0 failed=850 by_platform={}
[prefilter] worker=32 checked=900/1000 passed=4 failed=896 by_platform={"woocommerce":2,"magento":1,"woocommerce-html":1}
[prefilter] worker=17 checked=900/1000 passed=0 failed=900 by_platform={}
[prefilter] worker=14 checked=900/1000 passed=0 failed=900 by_platform={}
[prefilter] worker=27 checked=950/1000 passed=4 failed=946 by_platform={"woocommerce":2,"magento":1,"woocommerce-html":1}
[prefilter] worker=77 checked=999/999 passed=7 failed=992 by_platform={"woocommerce-html":4,"shopify-html":1,"magento":1,"schema-product":1}
[prefilter] done: {"checked":999,"passed":7,"failed":992,"by_platform":{"woocommerce-html":4,"shopify-html":1,"magento":1,"schema-product":1},"started_at":"2026-06-11T12:40:17.960Z","finished_at":"2026-06-11T12:46:54.195Z","output":"data/discovery_2026-06-11/prefilter_parallel/cursor_60000/split3.ndjson","output_rows":7}
[prefilter] worker=78 checked=950/1000 passed=0 failed=950 by_platform={}
[prefilter] worker=72 checked=950/1000 passed=0 failed=950 by_platform={}
[prefilter] worker=32 checked=1000/1000 passed=4 failed=996 by_platform={"woocommerce":2,"magento":1,"woocommerce-html":1}
[prefilter] done: {"checked":1000,"passed":4,"failed":996,"by_platform":{"woocommerce":2,"magento":1,"woocommerce-html":1},"started_at":"2026-06-11T12:40:17.997Z","finished_at":"2026-06-11T12:47:23.674Z","output":"data/discovery_2026-06-11/prefilter_parallel/cursor_60000/split2.ndjson","output_rows":4}
[prefilter] worker=16 checked=1000/1000 passed=0 failed=1000 by_platform={}
[prefilter] done: {"checked":1000,"passed":0,"failed":1000,"by_platform":{},"started_at":"2026-06-11T12:40:18.001Z","finished_at":"2026-06-11T12:47:24.680Z","output":"data/discovery_2026-06-11/prefilter_parallel/cursor_60000/split1.ndjson","output_rows":0}
[prefilter] worker=14 checked=1000/1000 passed=0 failed=1000 by_platform={}
[prefilter] done: {"checked":1000,"passed":0,"failed":1000,"by_platform":{},"started_at":"2026-06-11T12:40:17.974Z","finished_at":"2026-06-11T12:47:25.250Z","output":"data/discovery_2026-06-11/prefilter_parallel/cursor_60000/split4.ndjson","output_rows":0}
[Thu Jun 11 12:47:36 UTC 2026] Cursor 60000: 27 stores passed prefilter
[deep-page] input records=27 ecom=27 by_platform={"woocommerce":5,"magento":3,"woocommerce-html":11,"shopify-html":2,"schema-product":4,"magento-html":1,"bigcommerce-html":1} concurrency=50
[dp:mg] lillydrogerie.bg page=1 status=401 bodyLen=undefined
[dp:mg] pinetools.com page=1 status=200 bodyLen=107
[dp:bc] its.co.uk page=1 status=404 bodyLen=undefined
[dp:wc] collshp.com page=1 status=200 bodyLen=225537
[dp:wc] radiusnetworks.com page=1 status=404 bodyLen=undefined
[dp:mg] gettingthingsdone.com page=1 status=200 bodyLen=107
[dp] chatfuel.com page=1 status=404 bodyLen=undefined
[dp:mg] pnina.ps page=1 status=200 bodyLen=107
[dp:wc] arktimes.com page=1 status=401 bodyLen=undefined
[dp] thehalara.au page=1 status=404 bodyLen=undefined
[dp:wc] exeideas.com page=1 status=404 bodyLen=undefined
[dp:wc] webramz.com page=1 status=401 bodyLen=undefined
[dp:wc] uts.edu.co page=1 status=404 bodyLen=undefined
[dp:wc] gettranny.com page=1 status=200 bodyLen=31767
[dp:wc] detroitaxle.com page=1 status=401 bodyLen=undefined
[dp:wc] homeandsmart.de page=1 status=401 bodyLen=undefined
[dp:wc] becomingminimalist.com page=1 status=404 bodyLen=undefined
[dp:wc] movistar.com.mx page=1 status=200 bodyLen=200166
[dp:wc] ooxxx.com page=1 status=200 bodyLen=40307
[dp:wc] raidboxes.net page=1 status=404 bodyLen=undefined
[dp:wc] wp-events-plugin.com page=1 status=404 bodyLen=undefined
[deep-page] worker=20 stores=25 failed=0 products=18 by_platform={"magento-html":1,"magento":3,"bigcommerce-html":1,"woocommerce":4,"woocommerce-html":10,"shopify-html":2,"schema-product":4}
[dp:wc] btc.bw page=1 status=401 bodyLen=undefined
[dp:wc] parlament.ch page=1 status=200 bodyLen=159102
[deep-page] DONE: {"stores_processed":27,"stores_failed":0,"total_products":18,"by_platform":{"magento-html":1,"magento":3,"bigcommerce-html":1,"woocommerce":5,"woocommerce-html":11,"shopify-html":2,"schema-product":4},"started_at":"2026-06-11T12:47:37.227Z","finished_at":"2026-06-11T12:47:45.690Z","output_rows":18}
[Thu Jun 11 12:47:45 UTC 2026] Cursor 65000: 18 products extracted
(node:2999225) Warning: SECURITY WARNING: The SSL modes 'prefer', 'require', and 'verify-ca' are treated as aliases for 'verify-full'.
In the next major version (pg-connection-string v3.0.0 and pg v9.0.0), these modes will adopt standard libpq semantics, which have weaker security guarantees.

To prepare for this change:
- If you want the current behavior, explicitly use 'sslmode=verify-full'
- If you want libpq compatibility now, use 'uselibpqcompat=true&sslmode=require'

See https://www.postgresql.org/docs/current/libpq-ssl.html for libpq SSL mode definitions.
(Use `node --trace-warnings ...` to show where the warning was created)
(node:2999225) Warning: Setting the NODE_TLS_REJECT_UNAUTHORIZED environment variable to '0' makes TLS connections and HTTPS requests insecure by disabling certificate verification.
[ingest-daemon] {"ts":"2026-06-11T12:47:46.046Z","file":"products_cursor_65000.ndjson.processing.ndjson","rows":18,"written":18,"fabricated":false,"fabrication_share":{"zeroPriceShare":0,"nullImageShare":0,"nullSkuShare":0,"emptyTitleShare":0},"elapsed_ms":153,"rows_per_sec":"117.6"}
[Thu Jun 11 12:47:46 UTC 2026] Cursor 65000: ingested 18 (session cumulative: 3092)
[Thu Jun 11 12:47:48 UTC 2026] Cursor 65000 batch 14: 5000 domains (lines 65001-70000)
[prefilter] input=/tmp/loop_split_65000_2.txt domains=1000 concurrency=100
[prefilter] input=/tmp/loop_split_65000_3.txt domains=1000 concurrency=100
[prefilter] input=/tmp/loop_split_65000_1.txt domains=999 concurrency=100
[prefilter] input=/tmp/loop_split_65000_5.txt domains=1000 concurrency=100
[prefilter] input=/tmp/loop_split_65000_4.txt domains=1000 concurrency=100
[prefilter] worker=1 checked=50/1000 passed=3 failed=47 by_platform={"magento":1,"shopify-html":2}
[prefilter] worker=51 checked=50/1000 passed=5 failed=45 by_platform={"shopify":2,"woocommerce-html":1,"shopify-html":1,"woocommerce":1}
[prefilter] worker=6 checked=50/999 passed=7 failed=43 by_platform={"magento":1,"woocommerce-html":1,"woocommerce":2,"shopify-html":1,"shopify":1,"schema-product":1}
[prefilter] worker=4 checked=50/1000 passed=5 failed=45 by_platform={"magento":2,"shopify":1,"woocommerce-html":1,"shopify-html":1}
[prefilter] worker=62 checked=50/1000 passed=1 failed=49 by_platform={"woocommerce-html":1}
[prefilter] worker=14 checked=100/1000 passed=1 failed=99 by_platform={"woocommerce-html":1}
[prefilter] worker=51 checked=100/1000 passed=6 failed=94 by_platform={"magento":1,"shopify-html":2,"shopify":1,"magento-html":1,"woocommerce-html":1}
[prefilter] worker=12 checked=100/1000 passed=5 failed=95 by_platform={"magento":2,"shopify":1,"woocommerce-html":1,"shopify-html":1}
[prefilter] worker=51 checked=100/999 passed=9 failed=91 by_platform={"magento":1,"woocommerce-html":1,"woocommerce":2,"shopify-html":2,"shopify":1,"schema-product":2}
[prefilter] worker=74 checked=100/1000 passed=5 failed=95 by_platform={"shopify":2,"woocommerce-html":1,"shopify-html":1,"woocommerce":1}
[prefilter] worker=1 checked=150/1000 passed=6 failed=144 by_platform={"magento":1,"shopify-html":2,"shopify":1,"magento-html":1,"woocommerce-html":1}
[prefilter] worker=51 checked=150/1000 passed=5 failed=145 by_platform={"shopify":2,"woocommerce-html":1,"shopify-html":1,"woocommerce":1}
[prefilter] worker=6 checked=150/999 passed=9 failed=141 by_platform={"magento":1,"woocommerce-html":1,"woocommerce":2,"shopify-html":2,"shopify":1,"schema-product":2}
[prefilter] worker=51 checked=150/1000 passed=1 failed=149 by_platform={"woocommerce-html":1}
[prefilter] worker=49 checked=150/1000 passed=5 failed=145 by_platform={"magento":2,"shopify":1,"woocommerce-html":1,"shopify-html":1}
[prefilter] worker=14 checked=200/1000 passed=1 failed=199 by_platform={"woocommerce-html":1}
[prefilter] worker=51 checked=200/1000 passed=6 failed=194 by_platform={"magento":1,"shopify-html":2,"shopify":1,"magento-html":1,"woocommerce-html":1}
[prefilter] worker=45 checked=200/1000 passed=5 failed=195 by_platform={"magento":2,"shopify":1,"woocommerce-html":1,"shopify-html":1}
[prefilter] worker=63 checked=200/1000 passed=5 failed=195 by_platform={"shopify":2,"woocommerce-html":1,"shopify-html":1,"woocommerce":1}
[prefilter] worker=51 checked=200/999 passed=9 failed=191 by_platform={"magento":1,"woocommerce-html":1,"woocommerce":2,"shopify-html":2,"shopify":1,"schema-product":2}
[prefilter] worker=43 checked=250/1000 passed=6 failed=244 by_platform={"magento":1,"shopify-html":2,"shopify":1,"magento-html":1,"woocommerce-html":1}
[prefilter] worker=51 checked=250/1000 passed=5 failed=245 by_platform={"shopify":2,"woocommerce-html":1,"shopify-html":1,"woocommerce":1}
[prefilter] worker=6 checked=250/999 passed=9 failed=241 by_platform={"magento":1,"woocommerce-html":1,"woocommerce":2,"shopify-html":2,"shopify":1,"schema-product":2}
[prefilter] worker=15 checked=250/1000 passed=5 failed=245 by_platform={"magento":2,"shopify":1,"woocommerce-html":1,"shopify-html":1}
[prefilter] worker=62 checked=250/1000 passed=1 failed=249 by_platform={"woocommerce-html":1}
[prefilter] worker=14 checked=300/1000 passed=1 failed=299 by_platform={"woocommerce-html":1}
[prefilter] worker=6 checked=300/1000 passed=6 failed=294 by_platform={"magento":1,"shopify-html":2,"shopify":1,"magento-html":1,"woocommerce-html":1}
[prefilter] worker=12 checked=300/1000 passed=5 failed=295 by_platform={"magento":2,"shopify":1,"woocommerce-html":1,"shopify-html":1}
[prefilter] worker=74 checked=300/1000 passed=5 failed=295 by_platform={"shopify":2,"woocommerce-html":1,"shopify-html":1,"woocommerce":1}
[prefilter] worker=51 checked=300/999 passed=9 failed=291 by_platform={"magento":1,"woocommerce-html":1,"woocommerce":2,"shopify-html":2,"shopify":1,"schema-product":2}
[prefilter] worker=1 checked=350/1000 passed=6 failed=344 by_platform={"magento":1,"shopify-html":2,"shopify":1,"magento-html":1,"woocommerce-html":1}
[prefilter] worker=51 checked=350/1000 passed=5 failed=345 by_platform={"shopify":2,"woocommerce-html":1,"shopify-html":1,"woocommerce":1}
[prefilter] worker=6 checked=350/999 passed=9 failed=341 by_platform={"magento":1,"woocommerce-html":1,"woocommerce":2,"shopify-html":2,"shopify":1,"schema-product":2}
[prefilter] worker=51 checked=350/1000 passed=1 failed=349 by_platform={"woocommerce-html":1}
[prefilter] worker=93 checked=350/1000 passed=5 failed=345 by_platform={"magento":2,"shopify":1,"woocommerce-html":1,"shopify-html":1}
[prefilter] worker=14 checked=400/1000 passed=1 failed=399 by_platform={"woocommerce-html":1}
[prefilter] worker=6 checked=400/1000 passed=6 failed=394 by_platform={"magento":1,"shopify-html":2,"shopify":1,"magento-html":1,"woocommerce-html":1}
[prefilter] worker=65 checked=400/1000 passed=5 failed=395 by_platform={"magento":2,"shopify":1,"woocommerce-html":1,"shopify-html":1}
[prefilter] worker=63 checked=400/1000 passed=5 failed=395 by_platform={"shopify":2,"woocommerce-html":1,"shopify-html":1,"woocommerce":1}
[prefilter] worker=51 checked=400/999 passed=9 failed=391 by_platform={"magento":1,"woocommerce-html":1,"woocommerce":2,"shopify-html":2,"shopify":1,"schema-product":2}
[prefilter] worker=43 checked=450/1000 passed=6 failed=444 by_platform={"magento":1,"shopify-html":2,"shopify":1,"magento-html":1,"woocommerce-html":1}
[prefilter] worker=51 checked=450/1000 passed=5 failed=445 by_platform={"shopify":2,"woocommerce-html":1,"shopify-html":1,"woocommerce":1}
[prefilter] worker=6 checked=450/999 passed=9 failed=441 by_platform={"magento":1,"woocommerce-html":1,"woocommerce":2,"shopify-html":2,"shopify":1,"schema-product":2}
[prefilter] worker=62 checked=450/1000 passed=1 failed=449 by_platform={"woocommerce-html":1}
[prefilter] worker=60 checked=450/1000 passed=5 failed=445 by_platform={"magento":2,"shopify":1,"woocommerce-html":1,"shopify-html":1}
[prefilter] worker=14 checked=500/1000 passed=1 failed=499 by_platform={"woocommerce-html":1}
[prefilter] worker=51 checked=500/1000 passed=6 failed=494 by_platform={"magento":1,"shopify-html":2,"shopify":1,"magento-html":1,"woocommerce-html":1}
[prefilter] worker=45 checked=500/1000 passed=5 failed=495 by_platform={"magento":2,"shopify":1,"woocommerce-html":1,"shopify-html":1}
[prefilter] worker=74 checked=500/1000 passed=5 failed=495 by_platform={"shopify":2,"woocommerce-html":1,"shopify-html":1,"woocommerce":1}
[prefilter] worker=51 checked=500/999 passed=9 failed=491 by_platform={"magento":1,"woocommerce-html":1,"woocommerce":2,"shopify-html":2,"shopify":1,"schema-product":2}
[prefilter] worker=1 checked=550/1000 passed=6 failed=544 by_platform={"magento":1,"shopify-html":2,"shopify":1,"magento-html":1,"woocommerce-html":1}
[prefilter] worker=51 checked=550/1000 passed=5 failed=545 by_platform={"shopify":2,"woocommerce-html":1,"shopify-html":1,"woocommerce":1}
[prefilter] worker=6 checked=550/999 passed=9 failed=541 by_platform={"magento":1,"woocommerce-html":1,"woocommerce":2,"shopify-html":2,"shopify":1,"schema-product":2}
[prefilter] worker=51 checked=550/1000 passed=1 failed=549 by_platform={"woocommerce-html":1}
[prefilter] worker=4 checked=550/1000 passed=5 failed=545 by_platform={"magento":2,"shopify":1,"woocommerce-html":1,"shopify-html":1}
[prefilter] worker=14 checked=600/1000 passed=1 failed=599 by_platform={"woocommerce-html":1}
[prefilter] worker=6 checked=600/1000 passed=6 failed=594 by_platform={"magento":1,"shopify-html":2,"shopify":1,"magento-html":1,"woocommerce-html":1}
[prefilter] worker=65 checked=600/1000 passed=5 failed=595 by_platform={"magento":2,"shopify":1,"woocommerce-html":1,"shopify-html":1}
[prefilter] worker=51 checked=600/999 passed=9 failed=591 by_platform={"magento":1,"woocommerce-html":1,"woocommerce":2,"shopify-html":2,"shopify":1,"schema-product":2}
[prefilter] worker=63 checked=600/1000 passed=5 failed=595 by_platform={"shopify":2,"woocommerce-html":1,"shopify-html":1,"woocommerce":1}
[prefilter] worker=43 checked=650/1000 passed=6 failed=644 by_platform={"magento":1,"shopify-html":2,"shopify":1,"magento-html":1,"woocommerce-html":1}
[prefilter] worker=51 checked=650/1000 passed=5 failed=645 by_platform={"shopify":2,"woocommerce-html":1,"shopify-html":1,"woocommerce":1}
[prefilter] worker=6 checked=650/999 passed=9 failed=641 by_platform={"magento":1,"woocommerce-html":1,"woocommerce":2,"shopify-html":2,"shopify":1,"schema-product":2}
[prefilter] worker=62 checked=650/1000 passed=1 failed=649 by_platform={"woocommerce-html":1}
[prefilter] worker=49 checked=650/1000 passed=5 failed=645 by_platform={"magento":2,"shopify":1,"woocommerce-html":1,"shopify-html":1}
[prefilter] worker=14 checked=700/1000 passed=1 failed=699 by_platform={"woocommerce-html":1}
[prefilter] worker=51 checked=700/1000 passed=6 failed=694 by_platform={"magento":1,"shopify-html":2,"shopify":1,"magento-html":1,"woocommerce-html":1}
[prefilter] worker=45 checked=700/1000 passed=5 failed=695 by_platform={"magento":2,"shopify":1,"woocommerce-html":1,"shopify-html":1}
[prefilter] worker=51 checked=700/999 passed=9 failed=691 by_platform={"magento":1,"woocommerce-html":1,"woocommerce":2,"shopify-html":2,"shopify":1,"schema-product":2}
[prefilter] worker=74 checked=700/1000 passed=5 failed=695 by_platform={"shopify":2,"woocommerce-html":1,"shopify-html":1,"woocommerce":1}
[prefilter] worker=1 checked=750/1000 passed=6 failed=744 by_platform={"magento":1,"shopify-html":2,"shopify":1,"magento-html":1,"woocommerce-html":1}
[prefilter] worker=51 checked=750/1000 passed=5 failed=745 by_platform={"shopify":2,"woocommerce-html":1,"shopify-html":1,"woocommerce":1}
[prefilter] worker=6 checked=750/999 passed=9 failed=741 by_platform={"magento":1,"woocommerce-html":1,"woocommerce":2,"shopify-html":2,"shopify":1,"schema-product":2}
[prefilter] worker=51 checked=750/1000 passed=1 failed=749 by_platform={"woocommerce-html":1}
[prefilter] worker=15 checked=750/1000 passed=5 failed=745 by_platform={"magento":2,"shopify":1,"woocommerce-html":1,"shopify-html":1}
[prefilter] worker=14 checked=800/1000 passed=1 failed=799 by_platform={"woocommerce-html":1}
[prefilter] worker=6 checked=800/1000 passed=6 failed=794 by_platform={"magento":1,"shopify-html":2,"shopify":1,"magento-html":1,"woocommerce-html":1}
[prefilter] worker=65 checked=800/1000 passed=5 failed=795 by_platform={"magento":2,"shopify":1,"woocommerce-html":1,"shopify-html":1}
[prefilter] worker=51 checked=800/999 passed=9 failed=791 by_platform={"magento":1,"woocommerce-html":1,"woocommerce":2,"shopify-html":2,"shopify":1,"schema-product":2}
[prefilter] worker=63 checked=800/1000 passed=5 failed=795 by_platform={"shopify":2,"woocommerce-html":1,"shopify-html":1,"woocommerce":1}
[prefilter] worker=43 checked=850/1000 passed=6 failed=844 by_platform={"magento":1,"shopify-html":2,"shopify":1,"magento-html":1,"woocommerce-html":1}
[prefilter] worker=51 checked=850/1000 passed=5 failed=845 by_platform={"shopify":2,"woocommerce-html":1,"shopify-html":1,"woocommerce":1}
[prefilter] worker=6 checked=850/999 passed=9 failed=841 by_platform={"magento":1,"woocommerce-html":1,"woocommerce":2,"shopify-html":2,"shopify":1,"schema-product":2}
[prefilter] worker=62 checked=850/1000 passed=1 failed=849 by_platform={"woocommerce-html":1}
[prefilter] worker=93 checked=850/1000 passed=5 failed=845 by_platform={"magento":2,"shopify":1,"woocommerce-html":1,"shopify-html":1}
[prefilter] worker=14 checked=900/1000 passed=1 failed=899 by_platform={"woocommerce-html":1}
[prefilter] worker=6 checked=900/1000 passed=6 failed=894 by_platform={"magento":1,"shopify-html":2,"shopify":1,"magento-html":1,"woocommerce-html":1}
[prefilter] worker=45 checked=900/1000 passed=5 failed=895 by_platform={"magento":2,"shopify":1,"woocommerce-html":1,"shopify-html":1}
[prefilter] worker=51 checked=900/999 passed=9 failed=891 by_platform={"magento":1,"woocommerce-html":1,"woocommerce":2,"shopify-html":2,"shopify":1,"schema-product":2}
[prefilter] worker=74 checked=900/1000 passed=5 failed=895 by_platform={"shopify":2,"woocommerce-html":1,"shopify-html":1,"woocommerce":1}
[prefilter] worker=1 checked=950/1000 passed=6 failed=944 by_platform={"magento":1,"shopify-html":2,"shopify":1,"magento-html":1,"woocommerce-html":1}
[prefilter] worker=51 checked=950/1000 passed=5 failed=945 by_platform={"shopify":2,"woocommerce-html":1,"shopify-html":1,"woocommerce":1}
[prefilter] worker=70 checked=950/999 passed=9 failed=941 by_platform={"magento":1,"woocommerce-html":1,"woocommerce":2,"shopify-html":2,"shopify":1,"schema-product":2}
[prefilter] worker=60 checked=950/1000 passed=1 failed=949 by_platform={"woocommerce-html":1}
[prefilter] worker=99 checked=950/1000 passed=5 failed=945 by_platform={"magento":2,"shopify":1,"woocommerce-html":1,"shopify-html":1}
[prefilter] worker=14 checked=1000/1000 passed=1 failed=999 by_platform={"woocommerce-html":1}
[prefilter] done: {"checked":1000,"passed":1,"failed":999,"by_platform":{"woocommerce-html":1},"started_at":"2026-06-11T12:47:48.263Z","finished_at":"2026-06-11T12:54:53.925Z","output":"data/discovery_2026-06-11/prefilter_parallel/cursor_65000/split2.ndjson","output_rows":1}
[prefilter] worker=6 checked=1000/1000 passed=6 failed=994 by_platform={"magento":1,"shopify-html":2,"shopify":1,"magento-html":1,"woocommerce-html":1}
[prefilter] done: {"checked":1000,"passed":6,"failed":994,"by_platform":{"magento":1,"shopify-html":2,"shopify":1,"magento-html":1,"woocommerce-html":1},"started_at":"2026-06-11T12:47:48.268Z","finished_at":"2026-06-11T12:54:54.417Z","output":"data/discovery_2026-06-11/prefilter_parallel/cursor_65000/split3.ndjson","output_rows":6}
[prefilter] worker=32 checked=999/999 passed=9 failed=990 by_platform={"magento":1,"woocommerce-html":1,"woocommerce":2,"shopify-html":2,"shopify":1,"schema-product":2}
[prefilter] done: {"checked":999,"passed":9,"failed":990,"by_platform":{"magento":1,"woocommerce-html":1,"woocommerce":2,"shopify-html":2,"shopify":1,"schema-product":2},"started_at":"2026-06-11T12:47:48.275Z","finished_at":"2026-06-11T12:54:55.480Z","output":"data/discovery_2026-06-11/prefilter_parallel/cursor_65000/split1.ndjson","output_rows":9}
[prefilter] worker=64 checked=1000/1000 passed=5 failed=995 by_platform={"magento":2,"shopify":1,"woocommerce-html":1,"shopify-html":1}
[prefilter] done: {"checked":1000,"passed":5,"failed":995,"by_platform":{"magento":2,"shopify":1,"woocommerce-html":1,"shopify-html":1},"started_at":"2026-06-11T12:47:48.305Z","finished_at":"2026-06-11T12:54:55.510Z","output":"data/discovery_2026-06-11/prefilter_parallel/cursor_65000/split4.ndjson","output_rows":5}
[prefilter] worker=74 checked=1000/1000 passed=5 failed=995 by_platform={"shopify":2,"woocommerce-html":1,"shopify-html":1,"woocommerce":1}
[prefilter] done: {"checked":1000,"passed":5,"failed":995,"by_platform":{"shopify":2,"woocommerce-html":1,"shopify-html":1,"woocommerce":1},"started_at":"2026-06-11T12:47:48.275Z","finished_at":"2026-06-11T12:54:55.984Z","output":"data/discovery_2026-06-11/prefilter_parallel/cursor_65000/split5.ndjson","output_rows":5}
[Thu Jun 11 12:55:11 UTC 2026] Cursor 65000: 26 stores passed prefilter
[deep-page] input records=26 ecom=26 by_platform={"magento":4,"woocommerce-html":5,"woocommerce":3,"shopify-html":6,"shopify":5,"schema-product":2,"magento-html":1} concurrency=50
[dp:wc] metalinjection.net page=1 status=403 bodyLen=undefined
[dp] sevdesk.de page=1 status=404 bodyLen=undefined
[dp] zapier.app page=1 status=404 bodyLen=undefined
[dp:mg] magmix.jp page=1 status=200 bodyLen=107
[dp] ayntec.com page=1 status=200 bodyLen=119380
[dp:wc] mangaforfree.com page=1 status=404 bodyLen=undefined
[dp:mg] otonanswer.jp page=1 status=200 bodyLen=107
[dp:mg] tabarn.app page=1 status=200 bodyLen=107
[dp:wc] ipax.at page=1 status=404 bodyLen=undefined
[dp] asimjofa.com page=1 status=200 bodyLen=995718
[dp] sousou.co.jp page=1 status=200 bodyLen=1283739
[dp:wc] zdopravy.cz page=1 status=401 bodyLen=undefined
[dp] ruggable.com page=1 status=404 bodyLen=undefined
[dp:mg] ex2.com page=1 status=200 bodyLen=107
[dp:wc] smartname.com page=1 status=200 bodyLen=127005
[dp] lifeandstylemag.com page=1 status=200 bodyLen=333153
[dp] lifeandstylemag.com parse err: Unexpected token '<', "<!DOCTYPE "... is not valid JSON
[dp:wc] mrgay.tube page=1 status=200 bodyLen=36561
[dp] scalperscompany.com page=1 status=200 bodyLen=1248118
[dp] britishlegion.org.uk page=1 status=404 bodyLen=undefined
[dp] stape.biz page=1 status=200 bodyLen=334452
[dp] stape.biz parse err: Unexpected token '<', "<!DOCTYPE "... is not valid JSON
[dp:wc] sxl.cn page=1 status=200 bodyLen=124720
[dp:wc] shenasname.ir page=1 status=404 bodyLen=undefined
[dp:mg] dyson.hk page=1 status=401 bodyLen=undefined
[dp] revibe.co.za page=1 status=200 bodyLen=9890136
[deep-page] worker=17 stores=25 failed=0 products=828 by_platform={"woocommerce-html":5,"shopify-html":6,"magento":4,"shopify":5,"schema-product":1,"woocommerce":3,"magento-html":1}
[deep-page] DONE: {"stores_processed":26,"stores_failed":0,"total_products":828,"by_platform":{"woocommerce-html":5,"shopify-html":6,"magento":4,"shopify":5,"schema-product":2,"woocommerce":3,"magento-html":1},"started_at":"2026-06-11T12:55:12.015Z","finished_at":"2026-06-11T12:55:32.883Z","output_rows":828}
[Thu Jun 11 12:55:32 UTC 2026] Cursor 70000: 828 products extracted
[ingest-daemon] dedup: 828 -> 820 (removed 8 duplicate skus)
(node:3059283) Warning: SECURITY WARNING: The SSL modes 'prefer', 'require', and 'verify-ca' are treated as aliases for 'verify-full'.
In the next major version (pg-connection-string v3.0.0 and pg v9.0.0), these modes will adopt standard libpq semantics, which have weaker security guarantees.

To prepare for this change:
- If you want the current behavior, explicitly use 'sslmode=verify-full'
- If you want libpq compatibility now, use 'uselibpqcompat=true&sslmode=require'

See https://www.postgresql.org/docs/current/libpq-ssl.html for libpq SSL mode definitions.
(Use `node --trace-warnings ...` to show where the warning was created)
(node:3059283) Warning: Setting the NODE_TLS_REJECT_UNAUTHORIZED environment variable to '0' makes TLS connections and HTTPS requests insecure by disabling certificate verification.
[ingest-daemon] products_cursor_70000.ndjson.processing.ndjson failed: canceling statement due to statement timeout
[Thu Jun 11 12:56:39 UTC 2026] Cursor 70000: ingested 828 (session cumulative: 3920)
[Thu Jun 11 12:56:41 UTC 2026] Cursor 70000 batch 15: 5000 domains (lines 70001-75000)
[prefilter] input=/tmp/loop_split_70000_1.txt domains=1000 concurrency=100
[prefilter] input=/tmp/loop_split_70000_2.txt domains=1000 concurrency=100
[prefilter] input=/tmp/loop_split_70000_4.txt domains=999 concurrency=100
[prefilter] input=/tmp/loop_split_70000_5.txt domains=1000 concurrency=100
[prefilter] input=/tmp/loop_split_70000_3.txt domains=1000 concurrency=100
[prefilter] worker=50 checked=50/1000 passed=5 failed=45 by_platform={"woocommerce":2,"woocommerce-html":1,"shopify":2}
[prefilter] worker=28 checked=50/1000 passed=5 failed=45 by_platform={"woocommerce-html":1,"shopify-html":1,"magento":1,"woocommerce":2}
[prefilter] worker=18 checked=100/1000 passed=7 failed=93 by_platform={"woocommerce":2,"woocommerce-html":1,"shopify":2,"shopify-html":1,"schema-product":1}
[prefilter] worker=91 checked=100/1000 passed=7 failed=93 by_platform={"woocommerce-html":2,"shopify-html":1,"magento":1,"woocommerce":3}
[prefilter] worker=17 checked=150/1000 passed=12 failed=138 by_platform={"woocommerce-html":3,"shopify-html":1,"magento":1,"woocommerce":4,"shopify":1,"schema-product":1,"magento-html":1}
[prefilter] worker=4 checked=50/1000 passed=6 failed=44 by_platform={"shopify-html":1,"schema-product":1,"shopify":1,"magento":1,"woocommerce-html":2}
[prefilter] worker=72 checked=50/1000 passed=1 failed=49 by_platform={"woocommerce-html":1}
[prefilter] worker=76 checked=50/999 passed=0 failed=50 by_platform={}
[prefilter] worker=3 checked=100/1000 passed=6 failed=94 by_platform={"shopify-html":1,"schema-product":1,"shopify":1,"magento":1,"woocommerce-html":2}
[prefilter] worker=77 checked=200/1000 passed=14 failed=186 by_platform={"woocommerce-html":3,"shopify-html":2,"magento":1,"woocommerce":4,"shopify":1,"schema-product":1,"magento-html":2}
[prefilter] worker=26 checked=100/1000 passed=1 failed=99 by_platform={"woocommerce-html":1}
[prefilter] worker=37 checked=100/999 passed=0 failed=100 by_platform={}
[prefilter] worker=62 checked=150/1000 passed=11 failed=139 by_platform={"woocommerce":2,"woocommerce-html":3,"shopify":2,"shopify-html":1,"schema-product":2,"magento-html":1}
[prefilter] worker=37 checked=200/1000 passed=11 failed=189 by_platform={"woocommerce":2,"woocommerce-html":3,"shopify":2,"shopify-html":1,"schema-product":2,"magento-html":1}
[prefilter] worker=81 checked=250/1000 passed=14 failed=236 by_platform={"woocommerce-html":3,"shopify-html":2,"magento":1,"woocommerce":4,"shopify":1,"schema-product":1,"magento-html":2}
[prefilter] worker=11 checked=150/1000 passed=6 failed=144 by_platform={"shopify-html":1,"schema-product":1,"shopify":1,"magento":1,"woocommerce-html":2}
[prefilter] worker=86 checked=150/1000 passed=1 failed=149 by_platform={"woocommerce-html":1}
[prefilter] worker=64 checked=150/999 passed=0 failed=150 by_platform={}
[prefilter] worker=9 checked=200/1000 passed=6 failed=194 by_platform={"shopify-html":1,"schema-product":1,"shopify":1,"magento":1,"woocommerce-html":2}
[prefilter] worker=77 checked=300/1000 passed=14 failed=286 by_platform={"woocommerce-html":3,"shopify-html":2,"magento":1,"woocommerce":4,"shopify":1,"schema-product":1,"magento-html":2}
[prefilter] worker=26 checked=200/1000 passed=1 failed=199 by_platform={"woocommerce-html":1}
[prefilter] worker=37 checked=200/999 passed=0 failed=200 by_platform={}
[prefilter] worker=33 checked=250/1000 passed=11 failed=239 by_platform={"woocommerce":2,"woocommerce-html":3,"shopify":2,"shopify-html":1,"schema-product":2,"magento-html":1}
[prefilter] worker=87 checked=300/1000 passed=11 failed=289 by_platform={"woocommerce":2,"woocommerce-html":3,"shopify":2,"shopify-html":1,"schema-product":2,"magento-html":1}
[prefilter] worker=81 checked=350/1000 passed=14 failed=336 by_platform={"woocommerce-html":3,"shopify-html":2,"magento":1,"woocommerce":4,"shopify":1,"schema-product":1,"magento-html":2}
[prefilter] worker=11 checked=250/1000 passed=6 failed=244 by_platform={"shopify-html":1,"schema-product":1,"shopify":1,"magento":1,"woocommerce-html":2}
[prefilter] worker=71 checked=250/1000 passed=1 failed=249 by_platform={"woocommerce-html":1}
[prefilter] worker=76 checked=250/999 passed=0 failed=250 by_platform={}
[prefilter] worker=3 checked=300/1000 passed=6 failed=294 by_platform={"shopify-html":1,"schema-product":1,"shopify":1,"magento":1,"woocommerce-html":2}
[prefilter] worker=77 checked=400/1000 passed=14 failed=386 by_platform={"woocommerce-html":3,"shopify-html":2,"magento":1,"woocommerce":4,"shopify":1,"schema-product":1,"magento-html":2}
[prefilter] worker=26 checked=300/1000 passed=1 failed=299 by_platform={"woocommerce-html":1}
[prefilter] worker=37 checked=300/999 passed=0 failed=300 by_platform={}
[prefilter] worker=62 checked=350/1000 passed=11 failed=339 by_platform={"woocommerce":2,"woocommerce-html":3,"shopify":2,"shopify-html":1,"schema-product":2,"magento-html":1}
[prefilter] worker=59 checked=400/1000 passed=11 failed=389 by_platform={"woocommerce":2,"woocommerce-html":3,"shopify":2,"shopify-html":1,"schema-product":2,"magento-html":1}
[prefilter] worker=81 checked=450/1000 passed=14 failed=436 by_platform={"woocommerce-html":3,"shopify-html":2,"magento":1,"woocommerce":4,"shopify":1,"schema-product":1,"magento-html":2}
[prefilter] worker=4 checked=350/1000 passed=6 failed=344 by_platform={"shopify-html":1,"schema-product":1,"shopify":1,"magento":1,"woocommerce-html":2}
[prefilter] worker=89 checked=350/1000 passed=1 failed=349 by_platform={"woocommerce-html":1}
[prefilter] worker=64 checked=350/999 passed=0 failed=350 by_platform={}
[prefilter] worker=9 checked=400/1000 passed=6 failed=394 by_platform={"shopify-html":1,"schema-product":1,"shopify":1,"magento":1,"woocommerce-html":2}
[prefilter] worker=77 checked=500/1000 passed=14 failed=486 by_platform={"woocommerce-html":3,"shopify-html":2,"magento":1,"woocommerce":4,"shopify":1,"schema-product":1,"magento-html":2}
[prefilter] worker=26 checked=400/1000 passed=1 failed=399 by_platform={"woocommerce-html":1}
[prefilter] worker=37 checked=400/999 passed=0 failed=400 by_platform={}
[prefilter] worker=33 checked=450/1000 passed=11 failed=439 by_platform={"woocommerce":2,"woocommerce-html":3,"shopify":2,"shopify-html":1,"schema-product":2,"magento-html":1}
[prefilter] worker=15 checked=500/1000 passed=11 failed=489 by_platform={"woocommerce":2,"woocommerce-html":3,"shopify":2,"shopify-html":1,"schema-product":2,"magento-html":1}
[prefilter] worker=81 checked=550/1000 passed=14 failed=536 by_platform={"woocommerce-html":3,"shopify-html":2,"magento":1,"woocommerce":4,"shopify":1,"schema-product":1,"magento-html":2}
[prefilter] worker=4 checked=450/1000 passed=6 failed=444 by_platform={"shopify-html":1,"schema-product":1,"shopify":1,"magento":1,"woocommerce-html":2}
[prefilter] worker=73 checked=450/1000 passed=1 failed=449 by_platform={"woocommerce-html":1}
[prefilter] worker=76 checked=450/999 passed=0 failed=450 by_platform={}
[prefilter] worker=3 checked=500/1000 passed=6 failed=494 by_platform={"shopify-html":1,"schema-product":1,"shopify":1,"magento":1,"woocommerce-html":2}
[prefilter] worker=77 checked=600/1000 passed=14 failed=586 by_platform={"woocommerce-html":3,"shopify-html":2,"magento":1,"woocommerce":4,"shopify":1,"schema-product":1,"magento-html":2}
[prefilter] worker=26 checked=500/1000 passed=1 failed=499 by_platform={"woocommerce-html":1}
[prefilter] worker=37 checked=500/999 passed=0 failed=500 by_platform={}
[prefilter] worker=62 checked=550/1000 passed=11 failed=539 by_platform={"woocommerce":2,"woocommerce-html":3,"shopify":2,"shopify-html":1,"schema-product":2,"magento-html":1}
[prefilter] worker=59 checked=600/1000 passed=11 failed=589 by_platform={"woocommerce":2,"woocommerce-html":3,"shopify":2,"shopify-html":1,"schema-product":2,"magento-html":1}
[prefilter] worker=81 checked=650/1000 passed=14 failed=636 by_platform={"woocommerce-html":3,"shopify-html":2,"magento":1,"woocommerce":4,"shopify":1,"schema-product":1,"magento-html":2}
[prefilter] worker=11 checked=550/1000 passed=6 failed=544 by_platform={"shopify-html":1,"schema-product":1,"shopify":1,"magento":1,"woocommerce-html":2}
[prefilter] worker=89 checked=550/1000 passed=1 failed=549 by_platform={"woocommerce-html":1}
[prefilter] worker=64 checked=550/999 passed=0 failed=550 by_platform={}
[prefilter] worker=9 checked=600/1000 passed=6 failed=594 by_platform={"shopify-html":1,"schema-product":1,"shopify":1,"magento":1,"woocommerce-html":2}
[prefilter] worker=77 checked=700/1000 passed=14 failed=686 by_platform={"woocommerce-html":3,"shopify-html":2,"magento":1,"woocommerce":4,"shopify":1,"schema-product":1,"magento-html":2}
[prefilter] worker=26 checked=600/1000 passed=1 failed=599 by_platform={"woocommerce-html":1}
[prefilter] worker=37 checked=600/999 passed=0 failed=600 by_platform={}
[prefilter] worker=33 checked=650/1000 passed=11 failed=639 by_platform={"woocommerce":2,"woocommerce-html":3,"shopify":2,"shopify-html":1,"schema-product":2,"magento-html":1}
[prefilter] worker=15 checked=700/1000 passed=11 failed=689 by_platform={"woocommerce":2,"woocommerce-html":3,"shopify":2,"shopify-html":1,"schema-product":2,"magento-html":1}
[prefilter] worker=81 checked=750/1000 passed=14 failed=736 by_platform={"woocommerce-html":3,"shopify-html":2,"magento":1,"woocommerce":4,"shopify":1,"schema-product":1,"magento-html":2}
[prefilter] worker=4 checked=650/1000 passed=6 failed=644 by_platform={"shopify-html":1,"schema-product":1,"shopify":1,"magento":1,"woocommerce-html":2}
[prefilter] worker=71 checked=650/1000 passed=1 failed=649 by_platform={"woocommerce-html":1}
[prefilter] worker=76 checked=650/999 passed=0 failed=650 by_platform={}
[prefilter] worker=3 checked=700/1000 passed=6 failed=694 by_platform={"shopify-html":1,"schema-product":1,"shopify":1,"magento":1,"woocommerce-html":2}
[prefilter] worker=77 checked=800/1000 passed=14 failed=786 by_platform={"woocommerce-html":3,"shopify-html":2,"magento":1,"woocommerce":4,"shopify":1,"schema-product":1,"magento-html":2}
[prefilter] worker=26 checked=700/1000 passed=1 failed=699 by_platform={"woocommerce-html":1}
[prefilter] worker=37 checked=700/999 passed=0 failed=700 by_platform={}
[prefilter] worker=62 checked=750/1000 passed=11 failed=739 by_platform={"woocommerce":2,"woocommerce-html":3,"shopify":2,"shopify-html":1,"schema-product":2,"magento-html":1}
[prefilter] worker=59 checked=800/1000 passed=11 failed=789 by_platform={"woocommerce":2,"woocommerce-html":3,"shopify":2,"shopify-html":1,"schema-product":2,"magento-html":1}
[prefilter] worker=81 checked=850/1000 passed=14 failed=836 by_platform={"woocommerce-html":3,"shopify-html":2,"magento":1,"woocommerce":4,"shopify":1,"schema-product":1,"magento-html":2}
[prefilter] worker=11 checked=750/1000 passed=6 failed=744 by_platform={"shopify-html":1,"schema-product":1,"shopify":1,"magento":1,"woocommerce-html":2}
[prefilter] worker=86 checked=750/1000 passed=1 failed=749 by_platform={"woocommerce-html":1}
[prefilter] worker=64 checked=750/999 passed=0 failed=750 by_platform={}
[prefilter] worker=9 checked=800/1000 passed=6 failed=794 by_platform={"shopify-html":1,"schema-product":1,"shopify":1,"magento":1,"woocommerce-html":2}
[prefilter] worker=77 checked=900/1000 passed=14 failed=886 by_platform={"woocommerce-html":3,"shopify-html":2,"magento":1,"woocommerce":4,"shopify":1,"schema-product":1,"magento-html":2}
[prefilter] worker=26 checked=800/1000 passed=1 failed=799 by_platform={"woocommerce-html":1}
[prefilter] worker=37 checked=800/999 passed=0 failed=800 by_platform={}
[prefilter] worker=33 checked=850/1000 passed=11 failed=839 by_platform={"woocommerce":2,"woocommerce-html":3,"shopify":2,"shopify-html":1,"schema-product":2,"magento-html":1}
[prefilter] worker=15 checked=900/1000 passed=11 failed=889 by_platform={"woocommerce":2,"woocommerce-html":3,"shopify":2,"shopify-html":1,"schema-product":2,"magento-html":1}
[prefilter] worker=81 checked=950/1000 passed=14 failed=936 by_platform={"woocommerce-html":3,"shopify-html":2,"magento":1,"woocommerce":4,"shopify":1,"schema-product":1,"magento-html":2}
[prefilter] worker=4 checked=850/1000 passed=6 failed=844 by_platform={"shopify-html":1,"schema-product":1,"shopify":1,"magento":1,"woocommerce-html":2}
[prefilter] worker=72 checked=850/1000 passed=1 failed=849 by_platform={"woocommerce-html":1}
[prefilter] worker=76 checked=850/999 passed=0 failed=850 by_platform={}
[prefilter] worker=3 checked=900/1000 passed=6 failed=894 by_platform={"shopify-html":1,"schema-product":1,"shopify":1,"magento":1,"woocommerce-html":2}
[prefilter] worker=77 checked=1000/1000 passed=14 failed=986 by_platform={"woocommerce-html":3,"shopify-html":2,"magento":1,"woocommerce":4,"shopify":1,"schema-product":1,"magento-html":2}
[prefilter] done: {"checked":1000,"passed":14,"failed":986,"by_platform":{"woocommerce-html":3,"shopify-html":2,"magento":1,"woocommerce":4,"shopify":1,"schema-product":1,"magento-html":2},"started_at":"2026-06-11T12:56:41.815Z","finished_at":"2026-06-11T13:03:06.370Z","output":"data/discovery_2026-06-11/prefilter_parallel/cursor_70000/split2.ndjson","output_rows":14}
[prefilter] worker=26 checked=900/1000 passed=1 failed=899 by_platform={"woocommerce-html":1}
[prefilter] worker=37 checked=900/999 passed=0 failed=900 by_platform={}
[prefilter] worker=62 checked=950/1000 passed=11 failed=939 by_platform={"woocommerce":2,"woocommerce-html":3,"shopify":2,"shopify-html":1,"schema-product":2,"magento-html":1}
[prefilter] worker=15 checked=1000/1000 passed=11 failed=989 by_platform={"woocommerce":2,"woocommerce-html":3,"shopify":2,"shopify-html":1,"schema-product":2,"magento-html":1}
[prefilter] done: {"checked":1000,"passed":11,"failed":989,"by_platform":{"woocommerce":2,"woocommerce-html":3,"shopify":2,"shopify-html":1,"schema-product":2,"magento-html":1},"started_at":"2026-06-11T12:56:41.831Z","finished_at":"2026-06-11T13:03:24.527Z","output":"data/discovery_2026-06-11/prefilter_parallel/cursor_70000/split3.ndjson","output_rows":11}
[prefilter] worker=11 checked=950/1000 passed=6 failed=944 by_platform={"shopify-html":1,"schema-product":1,"shopify":1,"magento":1,"woocommerce-html":2}
[prefilter] worker=55 checked=950/1000 passed=1 failed=949 by_platform={"woocommerce-html":1}
[prefilter] worker=80 checked=950/999 passed=0 failed=950 by_platform={}
[prefilter] worker=26 checked=1000/1000 passed=6 failed=994 by_platform={"shopify-html":1,"schema-product":1,"shopify":1,"magento":1,"woocommerce-html":2}
[prefilter] done: {"checked":1000,"passed":6,"failed":994,"by_platform":{"shopify-html":1,"schema-product":1,"shopify":1,"magento":1,"woocommerce-html":2},"started_at":"2026-06-11T12:56:41.826Z","finished_at":"2026-06-11T13:03:47.442Z","output":"data/discovery_2026-06-11/prefilter_parallel/cursor_70000/split5.ndjson","output_rows":6}
[prefilter] worker=26 checked=1000/1000 passed=1 failed=999 by_platform={"woocommerce-html":1}
[prefilter] done: {"checked":1000,"passed":1,"failed":999,"by_platform":{"woocommerce-html":1},"started_at":"2026-06-11T12:56:41.809Z","finished_at":"2026-06-11T13:03:51.435Z","output":"data/discovery_2026-06-11/prefilter_parallel/cursor_70000/split1.ndjson","output_rows":1}
[prefilter] worker=40 checked=999/999 passed=0 failed=999 by_platform={}
[prefilter] done: {"checked":999,"passed":0,"failed":999,"by_platform":{},"started_at":"2026-06-11T12:56:41.825Z","finished_at":"2026-06-11T13:03:52.474Z","output":"data/discovery_2026-06-11/prefilter_parallel/cursor_70000/split4.ndjson","output_rows":0}
[Thu Jun 11 13:04:05 UTC 2026] Cursor 70000: 32 stores passed prefilter
[deep-page] input records=32 ecom=32 by_platform={"woocommerce-html":9,"shopify-html":4,"magento":2,"woocommerce":6,"shopify":4,"schema-product":4,"magento-html":3} concurrency=50
[dp] lifx.com page=1 status=200 bodyLen=282829
[dp:wc] hondacengkareng.com page=1 status=401 bodyLen=undefined
[dp:mg] supportedns.com page=1 status=200 bodyLen=107
[dp:wc] motorola.in page=1 status=200 bodyLen=1470744
[dp:wc] horizonsingles.com page=1 status=200 bodyLen=67396
[dp:wc] xakep.ru page=1 status=401 bodyLen=undefined
[dp] zerolifestyle.co page=1 status=200 bodyLen=1329573
[dp:wc] purogamer.com page=1 status=404 bodyLen=undefined
[dp:wc] mindbehind.com page=1 status=200 bodyLen=372764
[dp:mg] vaude.com page=1 status=401 bodyLen=undefined
[dp] cornbreadhemp.com page=1 status=200 bodyLen=211290
[dp] kairaweb.com page=1 status=404 bodyLen=undefined
[dp:wc] duplicator.com page=1 status=404 bodyLen=undefined
[dp:wc] inkafarma.pe page=1 status=200 bodyLen=67813
[dp:mg] theccc.org.uk page=1 status=200 bodyLen=107
[dp] navidiumapp.com page=1 status=404 bodyLen=undefined
[dp] kigili.com page=1 status=200 bodyLen=1729044
[dp:wc] watchdocumentaries.com page=1 status=404 bodyLen=undefined
[dp:mg] otter.ro page=1 status=401 bodyLen=undefined
[dp:wc] domainkeskus.com page=1 status=404 bodyLen=undefined
[dp:wc] thebaynet.com page=1 status=401 bodyLen=undefined
[deep-page] worker=21 stores=25 failed=0 products=405 by_platform={"shopify":4,"woocommerce-html":7,"magento":2,"woocommerce":4,"schema-product":4,"magento-html":2,"shopify-html":2}
[dp:wc] centrumrespo.pl page=1 status=401 bodyLen=undefined
[dp:wc] sertum-pro.ru page=1 status=200 bodyLen=35952
[dp] responso.com page=1 status=200 bodyLen=364183
[dp] responso.com parse err: Unexpected token '<', "<!DOCTYPE "... is not valid JSON
[dp:wc] clearwaveinc.com page=1 status=404 bodyLen=undefined
[dp] seoant.com page=1 status=404 bodyLen=undefined
[dp:wc] atmosphera.com page=1 status=200 bodyLen=282680
[dp:mg] tailoy.com.pe page=1 status=401 bodyLen=undefined
[deep-page] DONE: {"stores_processed":32,"stores_failed":0,"total_products":405,"by_platform":{"shopify":4,"woocommerce-html":9,"magento":2,"woocommerce":6,"schema-product":4,"magento-html":3,"shopify-html":4},"started_at":"2026-06-11T13:04:05.331Z","finished_at":"2026-06-11T13:04:08.843Z","output_rows":405}
[Thu Jun 11 13:04:08 UTC 2026] Cursor 75000: 405 products extracted
[ingest-daemon] dedup: 828 -> 820 (removed 8 duplicate skus)
(node:3120129) Warning: SECURITY WARNING: The SSL modes 'prefer', 'require', and 'verify-ca' are treated as aliases for 'verify-full'.
In the next major version (pg-connection-string v3.0.0 and pg v9.0.0), these modes will adopt standard libpq semantics, which have weaker security guarantees.

To prepare for this change:
- If you want the current behavior, explicitly use 'sslmode=verify-full'
- If you want libpq compatibility now, use 'uselibpqcompat=true&sslmode=require'

See https://www.postgresql.org/docs/current/libpq-ssl.html for libpq SSL mode definitions.
(Use `node --trace-warnings ...` to show where the warning was created)
(node:3120129) Warning: Setting the NODE_TLS_REJECT_UNAUTHORIZED environment variable to '0' makes TLS connections and HTTPS requests insecure by disabling certificate verification.
[ingest-daemon] {"ts":"2026-06-11T13:04:38.257Z","file":"products_cursor_70000.ndjson.processing.ndjson","rows":828,"written":820,"fabricated":false,"fabrication_share":{"zeroPriceShare":0.03170731707317073,"nullImageShare":0.003658536585365854,"nullSkuShare":0,"emptyTitleShare":0},"elapsed_ms":18105,"rows_per_sec":"45.3"}
[ingest-daemon] dedup: 405 -> 404 (removed 1 duplicate skus)
[ingest-daemon] {"ts":"2026-06-11T13:04:44.755Z","file":"products_cursor_75000.ndjson.processing.ndjson","rows":405,"written":404,"fabricated":false,"fabrication_share":{"zeroPriceShare":0.01485148514851485,"nullImageShare":0,"nullSkuShare":0,"emptyTitleShare":0},"elapsed_ms":6496,"rows_per_sec":"62.2"}
[Thu Jun 11 13:04:44 UTC 2026] Cursor 75000: ingested 405 (session cumulative: 4325)
[Thu Jun 11 13:04:46 UTC 2026] Cursor 75000 batch 16: 5000 domains (lines 75001-80000)
[prefilter] input=/tmp/loop_split_75000_2.txt domains=1000 concurrency=100
[prefilter] input=/tmp/loop_split_75000_5.txt domains=1000 concurrency=100
[prefilter] input=/tmp/loop_split_75000_3.txt domains=1000 concurrency=100
[prefilter] input=/tmp/loop_split_75000_4.txt domains=1000 concurrency=100
[prefilter] input=/tmp/loop_split_75000_1.txt domains=1000 concurrency=100
[prefilter] worker=32 checked=50/1000 passed=3 failed=47 by_platform={"shopify":1,"woocommerce":1,"shopify-html":1}
[prefilter] worker=55 checked=100/1000 passed=5 failed=95 by_platform={"shopify":1,"woocommerce":1,"shopify-html":1,"woocommerce-html":1,"magento-html":1}
[prefilter] worker=36 checked=50/1000 passed=2 failed=48 by_platform={"woocommerce-html":2}
[prefilter] worker=1 checked=50/1000 passed=5 failed=45 by_platform={"magento":1,"woocommerce":1,"shopify":1,"schema-product":1,"shopify-html":1}
[prefilter] worker=6 checked=50/1000 passed=2 failed=48 by_platform={"woocommerce":1,"shopify":1}
[prefilter] worker=85 checked=50/1000 passed=5 failed=45 by_platform={"shopify":1,"magento":2,"woocommerce":1,"woocommerce-html":1}
[prefilter] worker=13 checked=100/1000 passed=2 failed=98 by_platform={"woocommerce":1,"shopify":1}
[prefilter] worker=9 checked=100/1000 passed=5 failed=95 by_platform={"shopify":1,"magento":2,"woocommerce":1,"woocommerce-html":1}
[prefilter] worker=34 checked=100/1000 passed=2 failed=98 by_platform={"woocommerce-html":2}
[prefilter] worker=38 checked=100/1000 passed=5 failed=95 by_platform={"magento":1,"woocommerce":1,"shopify":1,"schema-product":1,"shopify-html":1}
[prefilter] worker=35 checked=150/1000 passed=5 failed=145 by_platform={"shopify":1,"woocommerce":1,"shopify-html":1,"woocommerce-html":1,"magento-html":1}
[prefilter] worker=55 checked=200/1000 passed=5 failed=195 by_platform={"shopify":1,"woocommerce":1,"shopify-html":1,"woocommerce-html":1,"magento-html":1}
[prefilter] worker=36 checked=150/1000 passed=2 failed=148 by_platform={"woocommerce-html":2}
[prefilter] worker=2 checked=150/1000 passed=5 failed=145 by_platform={"magento":1,"woocommerce":1,"shopify":1,"schema-product":1,"shopify-html":1}
[prefilter] worker=93 checked=150/1000 passed=2 failed=148 by_platform={"woocommerce":1,"shopify":1}
[prefilter] worker=89 checked=150/1000 passed=5 failed=145 by_platform={"shopify":1,"magento":2,"woocommerce":1,"woocommerce-html":1}
[prefilter] worker=20 checked=200/1000 passed=2 failed=198 by_platform={"woocommerce":1,"shopify":1}
[prefilter] worker=23 checked=200/1000 passed=5 failed=195 by_platform={"shopify":1,"magento":2,"woocommerce":1,"woocommerce-html":1}
[prefilter] worker=28 checked=200/1000 passed=2 failed=198 by_platform={"woocommerce-html":2}
[prefilter] worker=38 checked=200/1000 passed=5 failed=195 by_platform={"magento":1,"woocommerce":1,"shopify":1,"schema-product":1,"shopify-html":1}
[prefilter] worker=49 checked=250/1000 passed=5 failed=245 by_platform={"shopify":1,"woocommerce":1,"shopify-html":1,"woocommerce-html":1,"magento-html":1}
[prefilter] worker=55 checked=300/1000 passed=5 failed=295 by_platform={"shopify":1,"woocommerce":1,"shopify-html":1,"woocommerce-html":1,"magento-html":1}
[prefilter] worker=26 checked=250/1000 passed=2 failed=248 by_platform={"woocommerce-html":2}
[prefilter] worker=86 checked=250/1000 passed=5 failed=245 by_platform={"magento":1,"woocommerce":1,"shopify":1,"schema-product":1,"shopify-html":1}
[prefilter] worker=99 checked=250/1000 passed=2 failed=248 by_platform={"woocommerce":1,"shopify":1}
[prefilter] worker=93 checked=250/1000 passed=5 failed=245 by_platform={"shopify":1,"magento":2,"woocommerce":1,"woocommerce-html":1}
[prefilter] worker=21 checked=300/1000 passed=2 failed=298 by_platform={"woocommerce":1,"shopify":1}
[prefilter] worker=9 checked=300/1000 passed=5 failed=295 by_platform={"shopify":1,"magento":2,"woocommerce":1,"woocommerce-html":1}
[prefilter] worker=34 checked=300/1000 passed=2 failed=298 by_platform={"woocommerce-html":2}
[prefilter] worker=38 checked=300/1000 passed=5 failed=295 by_platform={"magento":1,"woocommerce":1,"shopify":1,"schema-product":1,"shopify-html":1}
[prefilter] worker=35 checked=350/1000 passed=5 failed=345 by_platform={"shopify":1,"woocommerce":1,"shopify-html":1,"woocommerce-html":1,"magento-html":1}
[prefilter] worker=55 checked=400/1000 passed=5 failed=395 by_platform={"shopify":1,"woocommerce":1,"shopify-html":1,"woocommerce-html":1,"magento-html":1}
[prefilter] worker=36 checked=350/1000 passed=2 failed=348 by_platform={"woocommerce-html":2}
[prefilter] worker=89 checked=350/1000 passed=5 failed=345 by_platform={"magento":1,"woocommerce":1,"shopify":1,"schema-product":1,"shopify-html":1}
[prefilter] worker=86 checked=350/1000 passed=5 failed=345 by_platform={"shopify":1,"magento":2,"woocommerce":1,"woocommerce-html":1}
[prefilter] worker=22 checked=350/1000 passed=2 failed=348 by_platform={"woocommerce":1,"shopify":1}
[prefilter] worker=20 checked=400/1000 passed=2 failed=398 by_platform={"woocommerce":1,"shopify":1}
[prefilter] worker=23 checked=400/1000 passed=5 failed=395 by_platform={"shopify":1,"magento":2,"woocommerce":1,"woocommerce-html":1}
[prefilter] worker=28 checked=400/1000 passed=2 failed=398 by_platform={"woocommerce-html":2}
[prefilter] worker=38 checked=400/1000 passed=5 failed=395 by_platform={"magento":1,"woocommerce":1,"shopify":1,"schema-product":1,"shopify-html":1}
[prefilter] worker=49 checked=450/1000 passed=5 failed=445 by_platform={"shopify":1,"woocommerce":1,"shopify-html":1,"woocommerce-html":1,"magento-html":1}
[prefilter] worker=55 checked=500/1000 passed=5 failed=495 by_platform={"shopify":1,"woocommerce":1,"shopify-html":1,"woocommerce-html":1,"magento-html":1}
[prefilter] worker=26 checked=450/1000 passed=2 failed=448 by_platform={"woocommerce-html":2}
[prefilter] worker=11 checked=450/1000 passed=5 failed=445 by_platform={"magento":1,"woocommerce":1,"shopify":1,"schema-product":1,"shopify-html":1}
[prefilter] worker=33 checked=450/1000 passed=2 failed=448 by_platform={"woocommerce":1,"shopify":1}
[prefilter] worker=88 checked=450/1000 passed=5 failed=445 by_platform={"shopify":1,"magento":2,"woocommerce":1,"woocommerce-html":1}
[prefilter] worker=21 checked=500/1000 passed=2 failed=498 by_platform={"woocommerce":1,"shopify":1}
[prefilter] worker=9 checked=500/1000 passed=5 failed=495 by_platform={"shopify":1,"magento":2,"woocommerce":1,"woocommerce-html":1}
[prefilter] worker=34 checked=500/1000 passed=2 failed=498 by_platform={"woocommerce-html":2}
[prefilter] worker=38 checked=500/1000 passed=5 failed=495 by_platform={"magento":1,"woocommerce":1,"shopify":1,"schema-product":1,"shopify-html":1}
[prefilter] worker=35 checked=550/1000 passed=5 failed=545 by_platform={"shopify":1,"woocommerce":1,"shopify-html":1,"woocommerce-html":1,"magento-html":1}
[prefilter] worker=55 checked=600/1000 passed=5 failed=595 by_platform={"shopify":1,"woocommerce":1,"shopify-html":1,"woocommerce-html":1,"magento-html":1}
[prefilter] worker=36 checked=550/1000 passed=2 failed=548 by_platform={"woocommerce-html":2}
[prefilter] worker=86 checked=550/1000 passed=5 failed=545 by_platform={"magento":1,"woocommerce":1,"shopify":1,"schema-product":1,"shopify-html":1}
[prefilter] worker=6 checked=550/1000 passed=2 failed=548 by_platform={"woocommerce":1,"shopify":1}
[prefilter] worker=93 checked=550/1000 passed=5 failed=545 by_platform={"shopify":1,"magento":2,"woocommerce":1,"woocommerce-html":1}
[prefilter] worker=20 checked=600/1000 passed=2 failed=598 by_platform={"woocommerce":1,"shopify":1}
[prefilter] worker=23 checked=600/1000 passed=5 failed=595 by_platform={"shopify":1,"magento":2,"woocommerce":1,"woocommerce-html":1}
[prefilter] worker=28 checked=600/1000 passed=2 failed=598 by_platform={"woocommerce-html":2}
[prefilter] worker=38 checked=600/1000 passed=5 failed=595 by_platform={"magento":1,"woocommerce":1,"shopify":1,"schema-product":1,"shopify-html":1}
[prefilter] worker=49 checked=650/1000 passed=5 failed=645 by_platform={"shopify":1,"woocommerce":1,"shopify-html":1,"woocommerce-html":1,"magento-html":1}
[prefilter] worker=55 checked=700/1000 passed=5 failed=695 by_platform={"shopify":1,"woocommerce":1,"shopify-html":1,"woocommerce-html":1,"magento-html":1}
[prefilter] worker=36 checked=650/1000 passed=2 failed=648 by_platform={"woocommerce-html":2}
[prefilter] worker=89 checked=650/1000 passed=5 failed=645 by_platform={"magento":1,"woocommerce":1,"shopify":1,"schema-product":1,"shopify-html":1}
[prefilter] worker=93 checked=650/1000 passed=2 failed=648 by_platform={"woocommerce":1,"shopify":1}
[prefilter] worker=86 checked=650/1000 passed=5 failed=645 by_platform={"shopify":1,"magento":2,"woocommerce":1,"woocommerce-html":1}
[prefilter] worker=21 checked=700/1000 passed=2 failed=698 by_platform={"woocommerce":1,"shopify":1}
[prefilter] worker=9 checked=700/1000 passed=5 failed=695 by_platform={"shopify":1,"magento":2,"woocommerce":1,"woocommerce-html":1}
[prefilter] worker=34 checked=700/1000 passed=2 failed=698 by_platform={"woocommerce-html":2}
[prefilter] worker=38 checked=700/1000 passed=5 failed=695 by_platform={"magento":1,"woocommerce":1,"shopify":1,"schema-product":1,"shopify-html":1}
[prefilter] worker=35 checked=750/1000 passed=5 failed=745 by_platform={"shopify":1,"woocommerce":1,"shopify-html":1,"woocommerce-html":1,"magento-html":1}
[prefilter] worker=55 checked=800/1000 passed=5 failed=795 by_platform={"shopify":1,"woocommerce":1,"shopify-html":1,"woocommerce-html":1,"magento-html":1}
[prefilter] worker=26 checked=750/1000 passed=2 failed=748 by_platform={"woocommerce-html":2}
[prefilter] worker=11 checked=750/1000 passed=5 failed=745 by_platform={"magento":1,"woocommerce":1,"shopify":1,"schema-product":1,"shopify-html":1}
[prefilter] worker=99 checked=750/1000 passed=2 failed=748 by_platform={"woocommerce":1,"shopify":1}
[prefilter] worker=88 checked=750/1000 passed=5 failed=745 by_platform={"shopify":1,"magento":2,"woocommerce":1,"woocommerce-html":1}
[prefilter] worker=20 checked=800/1000 passed=2 failed=798 by_platform={"woocommerce":1,"shopify":1}
[prefilter] worker=23 checked=800/1000 passed=5 failed=795 by_platform={"shopify":1,"magento":2,"woocommerce":1,"woocommerce-html":1}
[prefilter] worker=28 checked=800/1000 passed=2 failed=798 by_platform={"woocommerce-html":2}
[prefilter] worker=38 checked=800/1000 passed=5 failed=795 by_platform={"magento":1,"woocommerce":1,"shopify":1,"schema-product":1,"shopify-html":1}
[prefilter] worker=49 checked=850/1000 passed=5 failed=845 by_platform={"shopify":1,"woocommerce":1,"shopify-html":1,"woocommerce-html":1,"magento-html":1}
[prefilter] worker=55 checked=900/1000 passed=5 failed=895 by_platform={"shopify":1,"woocommerce":1,"shopify-html":1,"woocommerce-html":1,"magento-html":1}
[prefilter] worker=36 checked=850/1000 passed=2 failed=848 by_platform={"woocommerce-html":2}
[prefilter] worker=86 checked=850/1000 passed=5 failed=845 by_platform={"magento":1,"woocommerce":1,"shopify":1,"schema-product":1,"shopify-html":1}
[prefilter] worker=93 checked=850/1000 passed=5 failed=845 by_platform={"shopify":1,"magento":2,"woocommerce":1,"woocommerce-html":1}
[prefilter] worker=22 checked=850/1000 passed=2 failed=848 by_platform={"woocommerce":1,"shopify":1}
[prefilter] worker=21 checked=900/1000 passed=2 failed=898 by_platform={"woocommerce":1,"shopify":1}
[prefilter] worker=9 checked=900/1000 passed=5 failed=895 by_platform={"shopify":1,"magento":2,"woocommerce":1,"woocommerce-html":1}
[prefilter] worker=34 checked=900/1000 passed=2 failed=898 by_platform={"woocommerce-html":2}
[prefilter] worker=38 checked=900/1000 passed=5 failed=895 by_platform={"magento":1,"woocommerce":1,"shopify":1,"schema-product":1,"shopify-html":1}
[prefilter] worker=6 checked=950/1000 passed=5 failed=945 by_platform={"shopify":1,"woocommerce":1,"shopify-html":1,"woocommerce-html":1,"magento-html":1}
[prefilter] worker=55 checked=1000/1000 passed=5 failed=995 by_platform={"shopify":1,"woocommerce":1,"shopify-html":1,"woocommerce-html":1,"magento-html":1}
[prefilter] done: {"checked":1000,"passed":5,"failed":995,"by_platform":{"shopify":1,"woocommerce":1,"shopify-html":1,"woocommerce-html":1,"magento-html":1},"started_at":"2026-06-11T13:04:47.068Z","finished_at":"2026-06-11T13:11:43.294Z","output":"data/discovery_2026-06-11/prefilter_parallel/cursor_75000/split1.ndjson","output_rows":5}
[prefilter] worker=36 checked=950/1000 passed=2 failed=948 by_platform={"woocommerce-html":2}
[prefilter] worker=2 checked=950/1000 passed=5 failed=945 by_platform={"magento":1,"woocommerce":1,"shopify":1,"schema-product":1,"shopify-html":1}
[prefilter] worker=73 checked=950/1000 passed=5 failed=945 by_platform={"shopify":1,"magento":2,"woocommerce":1,"woocommerce-html":1}
[prefilter] worker=83 checked=950/1000 passed=2 failed=948 by_platform={"woocommerce":1,"shopify":1}
[prefilter] worker=8 checked=1000/1000 passed=2 failed=998 by_platform={"woocommerce":1,"shopify":1}
[prefilter] done: {"checked":1000,"passed":2,"failed":998,"by_platform":{"woocommerce":1,"shopify":1},"started_at":"2026-06-11T13:04:47.067Z","finished_at":"2026-06-11T13:11:53.832Z","output":"data/discovery_2026-06-11/prefilter_parallel/cursor_75000/split4.ndjson","output_rows":2}
[prefilter] worker=23 checked=1000/1000 passed=5 failed=995 by_platform={"shopify":1,"magento":2,"woocommerce":1,"woocommerce-html":1}
[prefilter] done: {"checked":1000,"passed":5,"failed":995,"by_platform":{"shopify":1,"magento":2,"woocommerce":1,"woocommerce-html":1},"started_at":"2026-06-11T13:04:47.062Z","finished_at":"2026-06-11T13:11:54.323Z","output":"data/discovery_2026-06-11/prefilter_parallel/cursor_75000/split3.ndjson","output_rows":5}
[prefilter] worker=28 checked=1000/1000 passed=2 failed=998 by_platform={"woocommerce-html":2}
[prefilter] done: {"checked":1000,"passed":2,"failed":998,"by_platform":{"woocommerce-html":2},"started_at":"2026-06-11T13:04:47.037Z","finished_at":"2026-06-11T13:11:54.687Z","output":"data/discovery_2026-06-11/prefilter_parallel/cursor_75000/split2.ndjson","output_rows":2}
[prefilter] worker=39 checked=1000/1000 passed=5 failed=995 by_platform={"magento":1,"woocommerce":1,"shopify":1,"schema-product":1,"shopify-html":1}
[prefilter] done: {"checked":1000,"passed":5,"failed":995,"by_platform":{"magento":1,"woocommerce":1,"shopify":1,"schema-product":1,"shopify-html":1},"started_at":"2026-06-11T13:04:47.050Z","finished_at":"2026-06-11T13:11:55.715Z","output":"data/discovery_2026-06-11/prefilter_parallel/cursor_75000/split5.ndjson","output_rows":5}
[Thu Jun 11 13:12:11 UTC 2026] Cursor 75000: 19 stores passed prefilter
[deep-page] input records=19 ecom=19 by_platform={"shopify":4,"woocommerce":4,"shopify-html":2,"woocommerce-html":4,"magento-html":1,"magento":3,"schema-product":1} concurrency=50
[dp:wc] autodriven.com page=1 status=200 bodyLen=62667
[dp:mg] curiowhisper.com page=1 status=200 bodyLen=107
[dp:wc] rekhtadictionary.com page=1 status=403 bodyLen=undefined
[dp:mg] sprunkin.com page=1 status=200 bodyLen=107
[dp] diners.com.pk page=1 status=200 bodyLen=883685
[dp] innovist.com page=1 status=200 bodyLen=1317814
[dp] tupperware.com page=1 status=200 bodyLen=1244482
[dp:wc] appuals.com page=1 status=404 bodyLen=undefined
[dp] headphonezone.in page=1 status=200 bodyLen=2318881
[dp:wc] uanal.com page=1 status=200 bodyLen=20275
[dp:wc] desi-porn.tube page=1 status=200 bodyLen=28752
[dp] xotiny.com page=1 status=404 bodyLen=undefined
[dp:mg] asianews.network page=1 status=200 bodyLen=107
[dp:mg] bmr.ca page=1 status=401 bodyLen=undefined
[dp:wc] teachingamericanhistory.org page=1 status=401 bodyLen=undefined
[dp:wc] dbp.gov.my page=1 status=404 bodyLen=undefined
[dp] netvisor.fi page=1 status=200 bodyLen=279492
[dp] netvisor.fi parse err: Unexpected token '<', "<!doctype "... is not valid JSON
[dp:wc] teachmeanatomy.info page=1 status=401 bodyLen=undefined
[deep-page] DONE: {"stores_processed":19,"stores_failed":0,"total_products":801,"by_platform":{"woocommerce":4,"magento":3,"schema-product":1,"woocommerce-html":4,"shopify":4,"shopify-html":2,"magento-html":1},"started_at":"2026-06-11T13:12:11.574Z","finished_at":"2026-06-11T13:12:13.320Z","output_rows":801}
[Thu Jun 11 13:12:13 UTC 2026] Cursor 80000: 801 products extracted
[ingest-daemon] dedup: 801 -> 800 (removed 1 duplicate skus)
(node:3186312) Warning: SECURITY WARNING: The SSL modes 'prefer', 'require', and 'verify-ca' are treated as aliases for 'verify-full'.
In the next major version (pg-connection-string v3.0.0 and pg v9.0.0), these modes will adopt standard libpq semantics, which have weaker security guarantees.

To prepare for this change:
- If you want the current behavior, explicitly use 'sslmode=verify-full'
- If you want libpq compatibility now, use 'uselibpqcompat=true&sslmode=require'

See https://www.postgresql.org/docs/current/libpq-ssl.html for libpq SSL mode definitions.
(Use `node --trace-warnings ...` to show where the warning was created)
(node:3186312) Warning: Setting the NODE_TLS_REJECT_UNAUTHORIZED environment variable to '0' makes TLS connections and HTTPS requests insecure by disabling certificate verification.
[ingest-daemon] {"ts":"2026-06-11T13:12:23.256Z","file":"products_cursor_80000.ndjson.processing.ndjson","rows":801,"written":800,"fabricated":false,"fabrication_share":{"zeroPriceShare":0.00125,"nullImageShare":0.0025,"nullSkuShare":0,"emptyTitleShare":0},"elapsed_ms":8303,"rows_per_sec":"96.4"}
[Thu Jun 11 13:12:23 UTC 2026] Cursor 80000: ingested 801 (session cumulative: 5126)
[Thu Jun 11 13:12:25 UTC 2026] Cursor 80000 batch 17: 5000 domains (lines 80001-85000)
[prefilter] input=/tmp/loop_split_80000_1.txt domains=1000 concurrency=100
[prefilter] input=/tmp/loop_split_80000_3.txt domains=1000 concurrency=100
[prefilter] input=/tmp/loop_split_80000_5.txt domains=999 concurrency=100
[prefilter] input=/tmp/loop_split_80000_4.txt domains=1000 concurrency=100
[prefilter] input=/tmp/loop_split_80000_2.txt domains=1000 concurrency=100
[prefilter] worker=70 checked=50/1000 passed=3 failed=47 by_platform={"shopify":2,"magento":1}
[prefilter] worker=20 checked=50/1000 passed=6 failed=44 by_platform={"magento":2,"woocommerce":3,"schema-product":1}
[prefilter] worker=54 checked=50/999 passed=6 failed=44 by_platform={"shopify":3,"magento":1,"magento-html":1,"schema-product":1}
[prefilter] worker=18 checked=100/1000 passed=7 failed=93 by_platform={"shopify":2,"magento":1,"shopify-html":1,"woocommerce":1,"magento-html":2}
[prefilter] worker=33 checked=50/1000 passed=5 failed=45 by_platform={"shopify":3,"shopify-html":2}
[prefilter] worker=74 checked=100/1000 passed=8 failed=92 by_platform={"magento":2,"woocommerce":3,"schema-product":1,"magento-html":1,"shopify":1}
[prefilter] worker=49 checked=150/1000 passed=13 failed=137 by_platform={"shopify":5,"magento":2,"shopify-html":2,"woocommerce":2,"magento-html":2}
[prefilter] worker=49 checked=100/999 passed=8 failed=92 by_platform={"shopify":3,"magento":2,"magento-html":1,"schema-product":1,"woocommerce-html":1}
[prefilter] worker=67 checked=150/1000 passed=12 failed=138 by_platform={"magento":2,"woocommerce":3,"schema-product":1,"magento-html":1,"shopify":2,"woocommerce-html":3}
[prefilter] worker=19 checked=200/1000 passed=24 failed=176 by_platform={"shopify":6,"magento":3,"shopify-html":3,"woocommerce":4,"magento-html":4,"schema-product":1,"woocommerce-html":3}
[prefilter] worker=23 checked=200/1000 passed=15 failed=185 by_platform={"magento":2,"woocommerce":3,"schema-product":1,"magento-html":1,"shopify":4,"woocommerce-html":4}
[prefilter] worker=62 checked=250/1000 passed=17 failed=233 by_platform={"magento":2,"woocommerce":3,"schema-product":1,"magento-html":1,"shopify":6,"woocommerce-html":4}
[prefilter] worker=91 checked=100/1000 passed=8 failed=92 by_platform={"shopify":3,"shopify-html":2,"woocommerce-html":1,"woocommerce":1,"magento-html":1}
[prefilter] worker=0 checked=300/1000 passed=19 failed=281 by_platform={"magento":2,"woocommerce":3,"schema-product":1,"magento-html":1,"shopify":7,"woocommerce-html":5}
[prefilter] worker=61 checked=350/1000 passed=25 failed=325 by_platform={"magento":4,"woocommerce":3,"schema-product":2,"magento-html":1,"shopify":8,"woocommerce-html":6,"shopify-html":1}
[prefilter] worker=80 checked=400/1000 passed=32 failed=368 by_platform={"magento":4,"woocommerce":4,"schema-product":2,"magento-html":3,"shopify":9,"woocommerce-html":9,"shopify-html":1}
[prefilter] worker=59 checked=50/1000 passed=3 failed=47 by_platform={"schema-product":1,"shopify":1,"magento":1}
[prefilter] worker=4 checked=150/999 passed=11 failed=139 by_platform={"shopify":3,"magento":2,"magento-html":1,"schema-product":2,"woocommerce-html":1,"shopify-html":1,"woocommerce":1}
[prefilter] worker=8 checked=200/999 passed=14 failed=186 by_platform={"shopify":4,"magento":3,"magento-html":1,"schema-product":2,"woocommerce-html":2,"shopify-html":1,"woocommerce":1}
[prefilter] worker=22 checked=450/1000 passed=41 failed=409 by_platform={"magento":6,"woocommerce":4,"schema-product":2,"magento-html":3,"shopify":10,"woocommerce-html":12,"shopify-html":4}
[prefilter] worker=56 checked=100/1000 passed=3 failed=97 by_platform={"schema-product":1,"shopify":1,"magento":1}
[prefilter] worker=53 checked=250/999 passed=19 failed=231 by_platform={"shopify":7,"magento":3,"magento-html":1,"schema-product":2,"woocommerce-html":4,"shopify-html":1,"woocommerce":1}
[prefilter] worker=99 checked=300/999 passed=23 failed=277 by_platform={"shopify":7,"magento":3,"magento-html":2,"schema-product":2,"woocommerce-html":6,"shopify-html":2,"woocommerce":1}
[prefilter] worker=32 checked=250/1000 passed=25 failed=225 by_platform={"shopify":6,"magento":3,"shopify-html":3,"woocommerce":4,"magento-html":5,"schema-product":1,"woocommerce-html":3}
[prefilter] worker=60 checked=150/1000 passed=9 failed=141 by_platform={"shopify":3,"shopify-html":2,"woocommerce-html":1,"woocommerce":1,"magento-html":1,"schema-product":1}
[prefilter] worker=98 checked=300/1000 passed=25 failed=275 by_platform={"shopify":6,"magento":3,"shopify-html":3,"woocommerce":4,"magento-html":5,"schema-product":1,"woocommerce-html":3}
[prefilter] worker=51 checked=200/1000 passed=9 failed=191 by_platform={"shopify":3,"shopify-html":2,"woocommerce-html":1,"woocommerce":1,"magento-html":1,"schema-product":1}
[prefilter] worker=20 checked=500/1000 passed=43 failed=457 by_platform={"magento":6,"woocommerce":5,"schema-product":2,"magento-html":3,"shopify":10,"woocommerce-html":13,"shopify-html":4}
[prefilter] worker=59 checked=150/1000 passed=3 failed=147 by_platform={"schema-product":1,"shopify":1,"magento":1}
[prefilter] worker=22 checked=350/999 passed=27 failed=323 by_platform={"shopify":8,"magento":3,"magento-html":2,"schema-product":2,"woocommerce-html":9,"shopify-html":2,"woocommerce":1}
[prefilter] worker=22 checked=550/1000 passed=43 failed=507 by_platform={"magento":6,"woocommerce":5,"schema-product":2,"magento-html":3,"shopify":10,"woocommerce-html":13,"shopify-html":4}
[prefilter] worker=17 checked=200/1000 passed=3 failed=197 by_platform={"schema-product":1,"shopify":1,"magento":1}
[prefilter] worker=54 checked=400/999 passed=28 failed=372 by_platform={"shopify":8,"magento":3,"magento-html":2,"schema-product":3,"woocommerce-html":9,"shopify-html":2,"woocommerce":1}
[prefilter] worker=32 checked=350/1000 passed=25 failed=325 by_platform={"shopify":6,"magento":3,"shopify-html":3,"woocommerce":4,"magento-html":5,"schema-product":1,"woocommerce-html":3}
[prefilter] worker=37 checked=600/1000 passed=43 failed=557 by_platform={"magento":6,"woocommerce":5,"schema-product":2,"magento-html":3,"shopify":10,"woocommerce-html":13,"shopify-html":4}
[prefilter] worker=54 checked=250/1000 passed=9 failed=241 by_platform={"shopify":3,"shopify-html":2,"woocommerce-html":1,"woocommerce":1,"magento-html":1,"schema-product":1}
[prefilter] worker=94 checked=400/1000 passed=25 failed=375 by_platform={"shopify":6,"magento":3,"shopify-html":3,"woocommerce":4,"magento-html":5,"schema-product":1,"woocommerce-html":3}
[prefilter] worker=91 checked=300/1000 passed=9 failed=291 by_platform={"shopify":3,"shopify-html":2,"woocommerce-html":1,"woocommerce":1,"magento-html":1,"schema-product":1}
[prefilter] worker=59 checked=250/1000 passed=3 failed=247 by_platform={"schema-product":1,"shopify":1,"magento":1}
[prefilter] worker=22 checked=450/999 passed=28 failed=422 by_platform={"shopify":8,"magento":3,"magento-html":2,"schema-product":3,"woocommerce-html":9,"shopify-html":2,"woocommerce":1}
[prefilter] worker=35 checked=650/1000 passed=43 failed=607 by_platform={"magento":6,"woocommerce":5,"schema-product":2,"magento-html":3,"shopify":10,"woocommerce-html":13,"shopify-html":4}
[prefilter] worker=56 checked=300/1000 passed=3 failed=297 by_platform={"schema-product":1,"shopify":1,"magento":1}
[prefilter] worker=77 checked=500/999 passed=28 failed=472 by_platform={"shopify":8,"magento":3,"magento-html":2,"schema-product":3,"woocommerce-html":9,"shopify-html":2,"woocommerce":1}
[prefilter] worker=32 checked=450/1000 passed=25 failed=425 by_platform={"shopify":6,"magento":3,"shopify-html":3,"woocommerce":4,"magento-html":5,"schema-product":1,"woocommerce-html":3}
[prefilter] worker=37 checked=700/1000 passed=43 failed=657 by_platform={"magento":6,"woocommerce":5,"schema-product":2,"magento-html":3,"shopify":10,"woocommerce-html":13,"shopify-html":4}
[prefilter] worker=60 checked=350/1000 passed=9 failed=341 by_platform={"shopify":3,"shopify-html":2,"woocommerce-html":1,"woocommerce":1,"magento-html":1,"schema-product":1}
[prefilter] worker=98 checked=500/1000 passed=25 failed=475 by_platform={"shopify":6,"magento":3,"shopify-html":3,"woocommerce":4,"magento-html":5,"schema-product":1,"woocommerce-html":3}
[prefilter] worker=51 checked=400/1000 passed=9 failed=391 by_platform={"shopify":3,"shopify-html":2,"woocommerce-html":1,"woocommerce":1,"magento-html":1,"schema-product":1}
[prefilter] worker=59 checked=350/1000 passed=3 failed=347 by_platform={"schema-product":1,"shopify":1,"magento":1}
[prefilter] worker=69 checked=550/1000 passed=26 failed=524 by_platform={"shopify":6,"magento":3,"shopify-html":4,"woocommerce":4,"magento-html":5,"schema-product":1,"woocommerce-html":3}
[prefilter] worker=22 checked=550/999 passed=28 failed=522 by_platform={"shopify":8,"magento":3,"magento-html":2,"schema-product":3,"woocommerce-html":9,"shopify-html":2,"woocommerce":1}
[prefilter] worker=56 checked=600/1000 passed=33 failed=567 by_platform={"shopify":6,"magento":4,"shopify-html":7,"woocommerce":5,"magento-html":6,"schema-product":2,"woocommerce-html":3}
[prefilter] worker=39 checked=750/1000 passed=43 failed=707 by_platform={"magento":6,"woocommerce":5,"schema-product":2,"magento-html":3,"shopify":10,"woocommerce-html":13,"shopify-html":4}
[prefilter] worker=76 checked=650/1000 passed=42 failed=608 by_platform={"shopify":10,"magento":4,"shopify-html":10,"woocommerce":6,"magento-html":6,"schema-product":3,"woocommerce-html":3}
[prefilter] worker=17 checked=400/1000 passed=3 failed=397 by_platform={"schema-product":1,"shopify":1,"magento":1}
[prefilter] worker=92 checked=700/1000 passed=47 failed=653 by_platform={"shopify":10,"magento":4,"shopify-html":11,"woocommerce":6,"magento-html":6,"schema-product":4,"woocommerce-html":6}
[prefilter] worker=54 checked=600/999 passed=28 failed=572 by_platform={"shopify":8,"magento":3,"magento-html":2,"schema-product":3,"woocommerce-html":9,"shopify-html":2,"woocommerce":1}
[prefilter] worker=46 checked=800/1000 passed=43 failed=757 by_platform={"magento":6,"woocommerce":5,"schema-product":2,"magento-html":3,"shopify":10,"woocommerce-html":13,"shopify-html":4}
[prefilter] worker=70 checked=750/1000 passed=50 failed=700 by_platform={"shopify":11,"magento":4,"shopify-html":11,"woocommerce":8,"magento-html":6,"schema-product":4,"woocommerce-html":6}
[prefilter] worker=54 checked=450/1000 passed=9 failed=441 by_platform={"shopify":3,"shopify-html":2,"woocommerce-html":1,"woocommerce":1,"magento-html":1,"schema-product":1}
[prefilter] worker=90 checked=800/1000 passed=54 failed=746 by_platform={"shopify":11,"magento":5,"shopify-html":11,"woocommerce":9,"magento-html":6,"schema-product":4,"woocommerce-html":8}
[prefilter] worker=91 checked=500/1000 passed=9 failed=491 by_platform={"shopify":3,"shopify-html":2,"woocommerce-html":1,"woocommerce":1,"magento-html":1,"schema-product":1}
[prefilter] worker=59 checked=450/1000 passed=3 failed=447 by_platform={"schema-product":1,"shopify":1,"magento":1}
[prefilter] worker=22 checked=650/999 passed=28 failed=622 by_platform={"shopify":8,"magento":3,"magento-html":2,"schema-product":3,"woocommerce-html":9,"shopify-html":2,"woocommerce":1}
[prefilter] worker=35 checked=850/1000 passed=43 failed=807 by_platform={"magento":6,"woocommerce":5,"schema-product":2,"magento-html":3,"shopify":10,"woocommerce-html":13,"shopify-html":4}
[prefilter] worker=56 checked=500/1000 passed=3 failed=497 by_platform={"schema-product":1,"shopify":1,"magento":1}
[prefilter] worker=70 checked=850/1000 passed=57 failed=793 by_platform={"shopify":11,"magento":5,"shopify-html":11,"woocommerce":10,"magento-html":7,"schema-product":4,"woocommerce-html":9}
[prefilter] worker=77 checked=700/999 passed=28 failed=672 by_platform={"shopify":8,"magento":3,"magento-html":2,"schema-product":3,"woocommerce-html":9,"shopify-html":2,"woocommerce":1}
[prefilter] worker=37 checked=900/1000 passed=45 failed=855 by_platform={"magento":6,"woocommerce":5,"schema-product":2,"magento-html":3,"shopify":10,"woocommerce-html":13,"shopify-html":6}
[prefilter] worker=47 checked=950/1000 passed=48 failed=902 by_platform={"magento":6,"woocommerce":6,"schema-product":2,"magento-html":4,"shopify":10,"woocommerce-html":13,"shopify-html":7}
[prefilter] worker=60 checked=550/1000 passed=9 failed=541 by_platform={"shopify":3,"shopify-html":2,"woocommerce-html":1,"woocommerce":1,"magento-html":1,"schema-product":1}
[prefilter] worker=90 checked=900/1000 passed=57 failed=843 by_platform={"shopify":11,"magento":5,"shopify-html":11,"woocommerce":10,"magento-html":7,"schema-product":4,"woocommerce-html":9}
[prefilter] worker=51 checked=600/1000 passed=9 failed=591 by_platform={"shopify":3,"shopify-html":2,"woocommerce-html":1,"woocommerce":1,"magento-html":1,"schema-product":1}
[prefilter] worker=59 checked=550/1000 passed=3 failed=547 by_platform={"schema-product":1,"shopify":1,"magento":1}
[prefilter] worker=22 checked=750/999 passed=28 failed=722 by_platform={"shopify":8,"magento":3,"magento-html":2,"schema-product":3,"woocommerce-html":9,"shopify-html":2,"woocommerce":1}
[prefilter] worker=17 checked=600/1000 passed=3 failed=597 by_platform={"schema-product":1,"shopify":1,"magento":1}
[prefilter] worker=26 checked=1000/1000 passed=52 failed=948 by_platform={"magento":6,"woocommerce":7,"schema-product":3,"magento-html":4,"shopify":10,"woocommerce-html":14,"shopify-html":8}
[prefilter] done: {"checked":1000,"passed":52,"failed":948,"by_platform":{"magento":6,"woocommerce":7,"schema-product":3,"magento-html":4,"shopify":10,"woocommerce-html":14,"shopify-html":8},"started_at":"2026-06-11T13:12:25.662Z","finished_at":"2026-06-11T13:16:46.040Z","output":"data/discovery_2026-06-11/prefilter_parallel/cursor_80000/split4.ndjson","output_rows":52}
[prefilter] worker=49 checked=950/1000 passed=57 failed=893 by_platform={"shopify":11,"magento":5,"shopify-html":11,"woocommerce":10,"magento-html":7,"schema-product":4,"woocommerce-html":9}
[prefilter] worker=54 checked=800/999 passed=28 failed=772 by_platform={"shopify":8,"magento":3,"magento-html":2,"schema-product":3,"woocommerce-html":9,"shopify-html":2,"woocommerce":1}
[prefilter] worker=54 checked=650/1000 passed=9 failed=641 by_platform={"shopify":3,"shopify-html":2,"woocommerce-html":1,"woocommerce":1,"magento-html":1,"schema-product":1}
[prefilter] worker=90 checked=1000/1000 passed=57 failed=943 by_platform={"shopify":11,"magento":5,"shopify-html":11,"woocommerce":10,"magento-html":7,"schema-product":4,"woocommerce-html":9}
[prefilter] done: {"checked":1000,"passed":57,"failed":943,"by_platform":{"shopify":11,"magento":5,"shopify-html":11,"woocommerce":10,"magento-html":7,"schema-product":4,"woocommerce-html":9},"started_at":"2026-06-11T13:12:25.616Z","finished_at":"2026-06-11T13:16:59.956Z","output":"data/discovery_2026-06-11/prefilter_parallel/cursor_80000/split1.ndjson","output_rows":57}
[prefilter] worker=91 checked=700/1000 passed=9 failed=691 by_platform={"shopify":3,"shopify-html":2,"woocommerce-html":1,"woocommerce":1,"magento-html":1,"schema-product":1}
[prefilter] worker=59 checked=650/1000 passed=3 failed=647 by_platform={"schema-product":1,"shopify":1,"magento":1}
[prefilter] worker=22 checked=850/999 passed=28 failed=822 by_platform={"shopify":8,"magento":3,"magento-html":2,"schema-product":3,"woocommerce-html":9,"shopify-html":2,"woocommerce":1}
[prefilter] worker=56 checked=700/1000 passed=3 failed=697 by_platform={"schema-product":1,"shopify":1,"magento":1}
[prefilter] worker=77 checked=900/999 passed=28 failed=872 by_platform={"shopify":8,"magento":3,"magento-html":2,"schema-product":3,"woocommerce-html":9,"shopify-html":2,"woocommerce":1}
[prefilter] worker=60 checked=750/1000 passed=9 failed=741 by_platform={"shopify":3,"shopify-html":2,"woocommerce-html":1,"woocommerce":1,"magento-html":1,"schema-product":1}
[prefilter] worker=51 checked=800/1000 passed=9 failed=791 by_platform={"shopify":3,"shopify-html":2,"woocommerce-html":1,"woocommerce":1,"magento-html":1,"schema-product":1}
[prefilter] worker=59 checked=750/1000 passed=3 failed=747 by_platform={"schema-product":1,"shopify":1,"magento":1}
[prefilter] worker=22 checked=950/999 passed=28 failed=922 by_platform={"shopify":8,"magento":3,"magento-html":2,"schema-product":3,"woocommerce-html":9,"shopify-html":2,"woocommerce":1}
[prefilter] worker=17 checked=800/1000 passed=3 failed=797 by_platform={"schema-product":1,"shopify":1,"magento":1}
[prefilter] worker=65 checked=999/999 passed=28 failed=971 by_platform={"shopify":8,"magento":3,"magento-html":2,"schema-product":3,"woocommerce-html":9,"shopify-html":2,"woocommerce":1}
[prefilter] done: {"checked":999,"passed":28,"failed":971,"by_platform":{"shopify":8,"magento":3,"magento-html":2,"schema-product":3,"woocommerce-html":9,"shopify-html":2,"woocommerce":1},"started_at":"2026-06-11T13:12:25.657Z","finished_at":"2026-06-11T13:18:11.414Z","output":"data/discovery_2026-06-11/prefilter_parallel/cursor_80000/split5.ndjson","output_rows":28}
[prefilter] worker=54 checked=850/1000 passed=9 failed=841 by_platform={"shopify":3,"shopify-html":2,"woocommerce-html":1,"woocommerce":1,"magento-html":1,"schema-product":1}
[prefilter] worker=91 checked=900/1000 passed=9 failed=891 by_platform={"shopify":3,"shopify-html":2,"woocommerce-html":1,"woocommerce":1,"magento-html":1,"schema-product":1}
[prefilter] worker=59 checked=850/1000 passed=3 failed=847 by_platform={"schema-product":1,"shopify":1,"magento":1}
[prefilter] worker=56 checked=900/1000 passed=3 failed=897 by_platform={"schema-product":1,"shopify":1,"magento":1}
[prefilter] worker=60 checked=950/1000 passed=9 failed=941 by_platform={"shopify":3,"shopify-html":2,"woocommerce-html":1,"woocommerce":1,"magento-html":1,"schema-product":1}
[prefilter] worker=91 checked=1000/1000 passed=9 failed=991 by_platform={"shopify":3,"shopify-html":2,"woocommerce-html":1,"woocommerce":1,"magento-html":1,"schema-product":1}
[prefilter] done: {"checked":1000,"passed":9,"failed":991,"by_platform":{"shopify":3,"shopify-html":2,"woocommerce-html":1,"woocommerce":1,"magento-html":1,"schema-product":1},"started_at":"2026-06-11T13:12:25.722Z","finished_at":"2026-06-11T13:19:14.004Z","output":"data/discovery_2026-06-11/prefilter_parallel/cursor_80000/split2.ndjson","output_rows":9}
[prefilter] worker=59 checked=950/1000 passed=3 failed=947 by_platform={"schema-product":1,"shopify":1,"magento":1}
[prefilter] worker=9 checked=1000/1000 passed=3 failed=997 by_platform={"schema-product":1,"shopify":1,"magento":1}
[prefilter] done: {"checked":1000,"passed":3,"failed":997,"by_platform":{"schema-product":1,"shopify":1,"magento":1},"started_at":"2026-06-11T13:12:25.647Z","finished_at":"2026-06-11T13:19:31.433Z","output":"data/discovery_2026-06-11/prefilter_parallel/cursor_80000/split3.ndjson","output_rows":3}
[Thu Jun 11 13:19:40 UTC 2026] Cursor 80000: 149 stores passed prefilter
[deep-page] input records=149 ecom=149 by_platform={"shopify":33,"magento":15,"shopify-html":23,"woocommerce":19,"magento-html":14,"schema-product":12,"woocommerce-html":33} concurrency=50
[dp] cleetusmcfarland.com page=1 status=429 bodyLen=undefined
[dp] nomads.com page=1 status=404 bodyLen=undefined
[dp:mg] melmod.com page=1 status=200 bodyLen=107
[dp] homecenter.co.il page=1 status=200 bodyLen=458957
[dp] bellavitaorganic.com page=1 status=200 bodyLen=1115426
[dp] saeedghani.pk page=1 status=200 bodyLen=551442
[dp] ndure.com page=1 status=200 bodyLen=1381705
[dp] stockist.co page=1 status=404 bodyLen=undefined
[dp] track718.us page=1 status=200 bodyLen=4604
[dp] track718.us parse err: Unexpected token '<', "<!DOCTYPE "... is not valid JSON
[dp:mg] plantasdecasas.com page=1 status=200 bodyLen=107
[dp:wc] bozy.com page=1 status=200 bodyLen=292822
[dp:wc] spartez-software.com page=1 status=200 bodyLen=170152
[dp] dkny.com page=1 status=200 bodyLen=1374739
[dp:mg] wimhofmethod.com page=1 status=200 bodyLen=107
[dp:wc] ryte.com page=1 status=200 bodyLen=214795
[dp:wc] cidnet.net page=1 status=404 bodyLen=undefined
[dp] fireboltt.com page=1 status=200 bodyLen=1479928
[dp] farmacorp.com page=1 status=200 bodyLen=425481
[dp:wc] billboardmusicworld.com page=1 status=404 bodyLen=undefined
[dp:wc] tiktokoa.com page=1 status=404 bodyLen=undefined
[dp] kushals.com page=1 status=200 bodyLen=1435759
[dp] ulefone.com page=1 status=429 bodyLen=undefined
[dp] thedermaco.com page=1 status=200 bodyLen=1047903
[dp] mariab.pk page=1 status=200 bodyLen=1338924
[dp] zouk.co.in page=1 status=200 bodyLen=2016814
[dp:mg] timexindia.com page=1 status=404 bodyLen=undefined
[dp:mg] aviamovie.online page=1 status=200 bodyLen=51
[dp] maestro.io page=1 status=404 bodyLen=undefined
[dp:wc] blizzboygames.net page=1 status=404 bodyLen=undefined
[deep-page] worker=45 stores=25 failed=0 products=1600 by_platform={"shopify-html":5,"magento":4,"woocommerce":3,"shopify":7,"woocommerce-html":4,"magento-html":1,"schema-product":1}
[dp] feedify.net page=1 status=200 bodyLen=2444904
[dp] feedify.net parse err: Unexpected token '<', "<!DOCTYPE "... is not valid JSON
[dp] shikari.tech page=1 status=404 bodyLen=undefined
[dp:wc] nextory.com page=1 status=200 bodyLen=256700
[dp:mg] nimbushosting.co.uk page=1 status=404 bodyLen=undefined
[dp] convertri.com page=1 status=404 bodyLen=undefined
[dp:wc] francuskie.pl page=1 status=404 bodyLen=undefined
[dp:wc] dlt-elearning.com page=1 status=200 bodyLen=13159
[dp:wc] ruxit.com page=1 status=200 bodyLen=146415
[dp:wc] elle.com.au page=1 status=404 bodyLen=undefined
[dp] bata.com.pk page=1 status=429 bodyLen=undefined
[dp:wc] 345winapp.com page=1 status=200 bodyLen=189521
[dp] quartzcomponents.com page=1 status=200 bodyLen=1638235
[dp] lexer.io page=1 status=404 bodyLen=undefined
[dp:mg] anticafarmaciaorlandi.it page=1 status=401 bodyLen=undefined
[dp] getrecharge.com page=1 status=200 bodyLen=86659
[dp] getrecharge.com parse err: Unexpected token '<', "<!DOCTYPE "... is not valid JSON
[dp:mg] converse.com.br page=1 status=401 bodyLen=undefined
[dp:wc] nickelodeon.fr page=1 status=200 bodyLen=181314
[dp] wonderchef.com page=1 status=200 bodyLen=1964507
[dp:mg] zw-net.com page=1 status=200 bodyLen=107
[dp:wc] apyar.org page=1 status=404 bodyLen=undefined
[dp:mg] upsun.com page=1 status=404 bodyLen=undefined
[dp:wc] lendirqu.in page=1 status=200 bodyLen=127330
[dp] rentenbescheid24.de page=1 status=404 bodyLen=undefined
[deep-page] worker=32 stores=50 failed=0 products=2201 by_platform={"shopify-html":11,"magento":5,"woocommerce":9,"shopify":10,"woocommerce-html":7,"magento-html":5,"schema-product":3}
[dp] ashleyhomestore.ca page=1 status=200 bodyLen=1601782
[dp:wc] showroomprive.pt page=1 status=200 bodyLen=143644
[dp] yellowsubtrading.co.za page=1 status=429 bodyLen=undefined
[dp] highfy.pk page=1 status=200 bodyLen=1054102
[dp] mgmotor.fr page=1 status=404 bodyLen=undefined
[dp:wc] xjav.tube page=1 status=200 bodyLen=34083
[dp:mg] bestexamhelp.com page=1 status=200 bodyLen=107
[dp:wc] speakol.com page=1 status=404 bodyLen=undefined
[dp:wc] que.es page=1 status=404 bodyLen=undefined
[dp:wc] t2blive.com page=1 status=404 bodyLen=undefined
[dp:mg] apartadox.com page=1 status=200 bodyLen=107
[dp] zelesta.nl page=1 status=429 bodyLen=undefined
[dp:mg] bestflashcard.com page=1 status=200 bodyLen=107
[dp] cklass.com page=1 status=200 bodyLen=972143
[dp:mg] simonetti.com.br page=1 status=401 bodyLen=undefined
[dp:wc] shaukatkhanum.org.pk page=1 status=401 bodyLen=undefined
[dp] tekkietown.co.za page=1 status=200 bodyLen=1624000
[dp] woflow.com page=1 status=404 bodyLen=undefined
[dp] loudcrowd.com page=1 status=404 bodyLen=undefined
[dp] opaycheckout.com page=1 status=404 bodyLen=undefined
[dp:wc] afrohouseking.com page=1 status=404 bodyLen=undefined
[dp:wc] taleem360.com page=1 status=404 bodyLen=undefined
[dp] shopecs.com page=1 status=200 bodyLen=2278334
[dp:wc] leakdad.com page=1 status=404 bodyLen=undefined
[dp] leonisa.co page=1 status=200 bodyLen=2876898
[dp:mg] naijauncut.com page=1 status=200 bodyLen=107
[deep-page] worker=46 stores=75 failed=0 products=3001 by_platform={"shopify-html":16,"magento":9,"woocommerce":11,"shopify":13,"woocommerce-html":14,"magento-html":6,"schema-product":6}
[dp:wc] siikomik.net page=1 status=404 bodyLen=undefined
[dp:wc] zop.in page=1 status=429 bodyLen=undefined
[dp:mg] minodusud.com page=1 status=401 bodyLen=undefined
[dp:wc] rccg.org page=1 status=404 bodyLen=undefined
[dp:mg] casadelaudio.com page=1 status=401 bodyLen=undefined
[dp:mg] puravidaclothes.com page=1 status=200 bodyLen=107
[dp:wc] trucs-et-astuces.co page=1 status=403 bodyLen=undefined
[dp:wc] beewebs.com page=1 status=404 bodyLen=undefined
[dp:wc] opencities.com page=1 status=200 bodyLen=354007
[dp:wc] fashiongo.net page=1 status=200 bodyLen=192744
[dp] shellshock.io page=1 status=404 bodyLen=undefined
[dp:mg] anti-zapret.com page=1 status=200 bodyLen=151
[dp:wc] sahomashop.com page=1 status=401 bodyLen=undefined
[dp] servis.pk page=1 status=200 bodyLen=989366
[dp] crocs.com.mx page=1 status=200 bodyLen=940492
[dp:wc] 9jarocks.com page=1 status=404 bodyLen=undefined
[dp] minnieminors.com page=1 status=200 bodyLen=1223909
[dp] thoughtmetric.io page=1 status=404 bodyLen=undefined
[dp:mg] nadlani.si page=1 status=200 bodyLen=107
[dp] ragno.com page=1 status=200 bodyLen=2324484
[dp:mg] vidaworld.com page=1 status=404 bodyLen=undefined
[dp] feversave.com page=1 status=200 bodyLen=920381
[dp:mg] wadiz.kr page=1 status=200 bodyLen=686
[dp] limonada.cl page=1 status=200 bodyLen=1126010
[dp:wc] bot.one page=1 status=200 bodyLen=48080
[deep-page] worker=25 stores=100 failed=0 products=4201 by_platform={"shopify-html":19,"magento":13,"woocommerce":14,"shopify":18,"woocommerce-html":20,"magento-html":9,"schema-product":7}
[dp:mg] receitas2.com page=1 status=200 bodyLen=107
[dp:wc] nandico.in page=1 status=404 bodyLen=undefined
[dp] sefam.com page=1 status=200 bodyLen=1351124
[dp:mg] electrodepot.be page=1 status=401 bodyLen=undefined
[dp:wc] onlineupdatestm.in page=1 status=404 bodyLen=undefined
[dp:wc] myhealthbox.eu page=1 status=200 bodyLen=31096
[dp] neerus.com page=1 status=200 bodyLen=1445990
[dp] meteo.gc.ca page=1 status=404 bodyLen=undefined
[dp:mg] crocs.in page=1 status=200 bodyLen=678136
[dp:mg] cal.pl page=1 status=404 bodyLen=undefined
[dp] refinerystore.co.za page=1 status=200 bodyLen=1525277
[dp] trackingmore.com page=1 status=404 bodyLen=undefined
[dp] mistore.pk page=1 status=200 bodyLen=1350778
[dp:mg] gpsfarma.com page=1 status=401 bodyLen=undefined
[dp:mg] eurovps.com page=1 status=200 bodyLen=92541
[dp:wc] antasonlus.org page=1 status=404 bodyLen=undefined
[dp] cleetusmcfarland.com page=1 status=429 bodyLen=undefined
[dp:wc] szaloneliczby.pl page=1 status=401 bodyLen=undefined
[dp] americanmeadows.com page=1 status=200 bodyLen=965832
[dp:wc] viacargo.com.ar page=1 status=404 bodyLen=undefined
[dp:wc] kitguru.net page=1 status=404 bodyLen=undefined
[dp:wc] lokalec.si page=1 status=404 bodyLen=undefined
[dp:wc] shineray.com.br page=1 status=404 bodyLen=undefined
[deep-page] worker=46 stores=125 failed=0 products=5802 by_platform={"shopify-html":21,"magento":14,"woocommerce":15,"shopify":26,"woocommerce-html":28,"magento-html":13,"schema-product":8}
[dp:wc] kibu.ac.ke page=1 status=404 bodyLen=undefined
[dp:mg] kaisan.com.br page=1 status=404 bodyLen=undefined
[dp] milton.in page=1 status=200 bodyLen=1459004
[dp] retailwire.com page=1 status=404 bodyLen=undefined
[dp] ulefone.com page=1 status=429 bodyLen=undefined
[dp] lifeinsys.com page=1 status=404 bodyLen=undefined
[dp:wc] goldbullioneg.com page=1 status=403 bodyLen=undefined
[dp:wc] icnhost.net page=1 status=200 bodyLen=43484
[dp] bata.com.pk page=1 status=429 bodyLen=undefined
[dp] yellowsubtrading.co.za page=1 status=429 bodyLen=undefined
[dp:wc] indekskitap.com page=1 status=200 bodyLen=1733948
[dp] zelesta.nl page=1 status=429 bodyLen=undefined
[dp:wc] dns-dc.net page=1 status=200 bodyLen=229622
[dp:wc] pehub.com page=1 status=401 bodyLen=undefined
[dp:wc] zop.in page=1 status=429 bodyLen=undefined
[dp:mg] crocs.in page=2 status=200 bodyLen=480059
[dp] cleetusmcfarland.com page=1 status=429 bodyLen=undefined
[dp] ulefone.com page=1 status=429 bodyLen=undefined
[dp] bata.com.pk page=1 status=429 bodyLen=undefined
[dp] yellowsubtrading.co.za page=1 status=429 bodyLen=undefined
[dp] zelesta.nl page=1 status=429 bodyLen=undefined
[dp:wc] zop.in page=1 status=429 bodyLen=undefined
[dp:wc] mangalivre.to page=1 status=0 bodyLen=undefined
[dp:wc] klikni.hr page=1 status=0 bodyLen=undefined
[dp] cleetusmcfarland.com page=1 status=429 bodyLen=undefined
[dp] ulefone.com page=1 status=429 bodyLen=undefined
[dp] bata.com.pk page=1 status=429 bodyLen=undefined
[dp] yellowsubtrading.co.za page=1 status=429 bodyLen=undefined
[dp] zelesta.nl page=1 status=429 bodyLen=undefined
[dp:wc] zop.in page=1 status=429 bodyLen=undefined
[dp] cleetusmcfarland.com page=1 status=429 bodyLen=undefined
[dp] ulefone.com page=1 status=429 bodyLen=undefined
[dp] bata.com.pk page=1 status=429 bodyLen=undefined
[dp] yellowsubtrading.co.za page=1 status=429 bodyLen=undefined
[dp] zelesta.nl page=1 status=429 bodyLen=undefined
[dp:wc] zop.in page=1 status=429 bodyLen=undefined
[dp] cleetusmcfarland.com page=1 status=429 bodyLen=undefined
[dp] ulefone.com page=1 status=429 bodyLen=undefined
[dp] bata.com.pk page=1 status=429 bodyLen=undefined
[dp] yellowsubtrading.co.za page=1 status=429 bodyLen=undefined
[dp] zelesta.nl page=1 status=429 bodyLen=undefined
[dp:wc] zop.in page=1 status=429 bodyLen=undefined
[deep-page] DONE: {"stores_processed":149,"stores_failed":0,"total_products":6404,"by_platform":{"shopify-html":23,"magento":15,"woocommerce":19,"shopify":33,"woocommerce-html":33,"magento-html":14,"schema-product":12},"started_at":"2026-06-11T13:19:40.196Z","finished_at":"2026-06-11T13:20:43.881Z","output_rows":6404}
[Thu Jun 11 13:20:43 UTC 2026] Cursor 85000: 6404 products extracted
[ingest-daemon] dedup: 6404 -> 6400 (removed 4 duplicate skus)
[ingest-daemon] filtered 200 rows with null url
(node:3229256) Warning: SECURITY WARNING: The SSL modes 'prefer', 'require', and 'verify-ca' are treated as aliases for 'verify-full'.
In the next major version (pg-connection-string v3.0.0 and pg v9.0.0), these modes will adopt standard libpq semantics, which have weaker security guarantees.

To prepare for this change:
- If you want the current behavior, explicitly use 'sslmode=verify-full'
- If you want libpq compatibility now, use 'uselibpqcompat=true&sslmode=require'

See https://www.postgresql.org/docs/current/libpq-ssl.html for libpq SSL mode definitions.
(Use `node --trace-warnings ...` to show where the warning was created)
(node:3229256) Warning: Setting the NODE_TLS_REJECT_UNAUTHORIZED environment variable to '0' makes TLS connections and HTTPS requests insecure by disabling certificate verification.
[ingest-daemon] products_cursor_85000.ndjson.processing.ndjson failed: canceling statement due to statement timeout
[Thu Jun 11 13:21:45 UTC 2026] Cursor 85000: ingested 6404 (session cumulative: 11530)
[Thu Jun 11 13:21:47 UTC 2026] Cursor 85000 batch 18: 5000 domains (lines 85001-90000)
[prefilter] input=/tmp/loop_split_85000_1.txt domains=999 concurrency=100
[prefilter] input=/tmp/loop_split_85000_3.txt domains=1000 concurrency=100
[prefilter] input=/tmp/loop_split_85000_5.txt domains=999 concurrency=100
[prefilter] input=/tmp/loop_split_85000_4.txt domains=999 concurrency=100
[prefilter] input=/tmp/loop_split_85000_2.txt domains=999 concurrency=100
[prefilter] worker=90 checked=50/999 passed=8 failed=42 by_platform={"magento":4,"shopify":1,"shopify-html":2,"woocommerce-html":1}
[prefilter] worker=13 checked=50/999 passed=3 failed=47 by_platform={"shopify-html":1,"shopify":2}
[prefilter] worker=89 checked=50/999 passed=5 failed=45 by_platform={"shopify":1,"magento":1,"woocommerce":1,"woocommerce-html":2}
[prefilter] worker=46 checked=100/999 passed=10 failed=90 by_platform={"magento":4,"shopify":1,"shopify-html":3,"woocommerce-html":2}
[prefilter] worker=85 checked=50/999 passed=2 failed=48 by_platform={"woocommerce":1,"schema-product":1}
[prefilter] worker=77 checked=50/1000 passed=1 failed=49 by_platform={"schema-product":1}
[prefilter] worker=27 checked=100/1000 passed=1 failed=99 by_platform={"schema-product":1}
[prefilter] worker=30 checked=100/999 passed=3 failed=97 by_platform={"shopify-html":1,"shopify":2}
[prefilter] worker=41 checked=100/999 passed=5 failed=95 by_platform={"shopify":1,"magento":1,"woocommerce":1,"woocommerce-html":2}
[prefilter] worker=29 checked=100/999 passed=2 failed=98 by_platform={"woocommerce":1,"schema-product":1}
[prefilter] worker=20 checked=150/999 passed=10 failed=140 by_platform={"magento":4,"shopify":1,"shopify-html":3,"woocommerce-html":2}
[prefilter] worker=13 checked=150/999 passed=3 failed=147 by_platform={"shopify-html":1,"shopify":2}
[prefilter] worker=89 checked=150/999 passed=5 failed=145 by_platform={"shopify":1,"magento":1,"woocommerce":1,"woocommerce-html":2}
[prefilter] worker=46 checked=200/999 passed=10 failed=190 by_platform={"magento":4,"shopify":1,"shopify-html":3,"woocommerce-html":2}
[prefilter] worker=49 checked=150/1000 passed=1 failed=149 by_platform={"schema-product":1}
[prefilter] worker=20 checked=150/999 passed=2 failed=148 by_platform={"woocommerce":1,"schema-product":1}
[prefilter] worker=8 checked=200/1000 passed=1 failed=199 by_platform={"schema-product":1}
[prefilter] worker=58 checked=200/999 passed=3 failed=197 by_platform={"shopify-html":1,"shopify":2}
[prefilter] worker=41 checked=200/999 passed=5 failed=195 by_platform={"shopify":1,"magento":1,"woocommerce":1,"woocommerce-html":2}
[prefilter] worker=39 checked=200/999 passed=2 failed=198 by_platform={"woocommerce":1,"schema-product":1}
[prefilter] worker=3 checked=250/999 passed=10 failed=240 by_platform={"magento":4,"shopify":1,"shopify-html":3,"woocommerce-html":2}
[prefilter] worker=13 checked=250/999 passed=3 failed=247 by_platform={"shopify-html":1,"shopify":2}
[prefilter] worker=89 checked=250/999 passed=5 failed=245 by_platform={"shopify":1,"magento":1,"woocommerce":1,"woocommerce-html":2}
[prefilter] worker=46 checked=300/999 passed=10 failed=290 by_platform={"magento":4,"shopify":1,"shopify-html":3,"woocommerce-html":2}
[prefilter] worker=78 checked=250/1000 passed=1 failed=249 by_platform={"schema-product":1}
[prefilter] worker=5 checked=250/999 passed=2 failed=248 by_platform={"woocommerce":1,"schema-product":1}
[prefilter] worker=27 checked=300/1000 passed=1 failed=299 by_platform={"schema-product":1}
[prefilter] worker=30 checked=300/999 passed=3 failed=297 by_platform={"shopify-html":1,"shopify":2}
[prefilter] worker=41 checked=300/999 passed=5 failed=295 by_platform={"shopify":1,"magento":1,"woocommerce":1,"woocommerce-html":2}
[prefilter] worker=29 checked=300/999 passed=2 failed=298 by_platform={"woocommerce":1,"schema-product":1}
[prefilter] worker=66 checked=350/999 passed=10 failed=340 by_platform={"magento":4,"shopify":1,"shopify-html":3,"woocommerce-html":2}
[prefilter] worker=13 checked=350/999 passed=3 failed=347 by_platform={"shopify-html":1,"shopify":2}
[prefilter] worker=89 checked=350/999 passed=5 failed=345 by_platform={"shopify":1,"magento":1,"woocommerce":1,"woocommerce-html":2}
[prefilter] worker=46 checked=400/999 passed=10 failed=390 by_platform={"magento":4,"shopify":1,"shopify-html":3,"woocommerce-html":2}
[prefilter] worker=86 checked=350/999 passed=2 failed=348 by_platform={"woocommerce":1,"schema-product":1}
[prefilter] worker=51 checked=350/1000 passed=1 failed=349 by_platform={"schema-product":1}
[prefilter] worker=8 checked=400/1000 passed=1 failed=399 by_platform={"schema-product":1}
[prefilter] worker=58 checked=400/999 passed=3 failed=397 by_platform={"shopify-html":1,"shopify":2}
[prefilter] worker=41 checked=400/999 passed=5 failed=395 by_platform={"shopify":1,"magento":1,"woocommerce":1,"woocommerce-html":2}
[prefilter] worker=39 checked=400/999 passed=2 failed=398 by_platform={"woocommerce":1,"schema-product":1}
[prefilter] worker=66 checked=450/999 passed=10 failed=440 by_platform={"magento":4,"shopify":1,"shopify-html":3,"woocommerce-html":2}
[prefilter] worker=13 checked=450/999 passed=3 failed=447 by_platform={"shopify-html":1,"shopify":2}
[prefilter] worker=89 checked=450/999 passed=5 failed=445 by_platform={"shopify":1,"magento":1,"woocommerce":1,"woocommerce-html":2}
[prefilter] worker=46 checked=500/999 passed=10 failed=490 by_platform={"magento":4,"shopify":1,"shopify-html":3,"woocommerce-html":2}
[prefilter] worker=78 checked=450/1000 passed=1 failed=449 by_platform={"schema-product":1}
[prefilter] worker=20 checked=450/999 passed=2 failed=448 by_platform={"woocommerce":1,"schema-product":1}
[prefilter] worker=27 checked=500/1000 passed=1 failed=499 by_platform={"schema-product":1}
[prefilter] worker=30 checked=500/999 passed=3 failed=497 by_platform={"shopify-html":1,"shopify":2}
[prefilter] worker=41 checked=500/999 passed=5 failed=495 by_platform={"shopify":1,"magento":1,"woocommerce":1,"woocommerce-html":2}
[prefilter] worker=29 checked=500/999 passed=2 failed=498 by_platform={"woocommerce":1,"schema-product":1}
[prefilter] worker=3 checked=550/999 passed=10 failed=540 by_platform={"magento":4,"shopify":1,"shopify-html":3,"woocommerce-html":2}
[prefilter] worker=13 checked=550/999 passed=3 failed=547 by_platform={"shopify-html":1,"shopify":2}
[prefilter] worker=89 checked=550/999 passed=5 failed=545 by_platform={"shopify":1,"magento":1,"woocommerce":1,"woocommerce-html":2}
[prefilter] worker=46 checked=600/999 passed=10 failed=590 by_platform={"magento":4,"shopify":1,"shopify-html":3,"woocommerce-html":2}
[prefilter] worker=49 checked=550/1000 passed=1 failed=549 by_platform={"schema-product":1}
[prefilter] worker=82 checked=550/999 passed=2 failed=548 by_platform={"woocommerce":1,"schema-product":1}
[prefilter] worker=8 checked=600/1000 passed=1 failed=599 by_platform={"schema-product":1}
[prefilter] worker=58 checked=600/999 passed=3 failed=597 by_platform={"shopify-html":1,"shopify":2}
[prefilter] worker=41 checked=600/999 passed=5 failed=595 by_platform={"shopify":1,"magento":1,"woocommerce":1,"woocommerce-html":2}
[prefilter] worker=39 checked=600/999 passed=2 failed=598 by_platform={"woocommerce":1,"schema-product":1}
[prefilter] worker=3 checked=650/999 passed=10 failed=640 by_platform={"magento":4,"shopify":1,"shopify-html":3,"woocommerce-html":2}
[prefilter] worker=13 checked=650/999 passed=3 failed=647 by_platform={"shopify-html":1,"shopify":2}
[prefilter] worker=89 checked=650/999 passed=5 failed=645 by_platform={"shopify":1,"magento":1,"woocommerce":1,"woocommerce-html":2}
[prefilter] worker=46 checked=700/999 passed=10 failed=690 by_platform={"magento":4,"shopify":1,"shopify-html":3,"woocommerce-html":2}
[prefilter] worker=95 checked=650/999 passed=2 failed=648 by_platform={"woocommerce":1,"schema-product":1}
[prefilter] worker=77 checked=650/1000 passed=1 failed=649 by_platform={"schema-product":1}
[prefilter] worker=27 checked=700/1000 passed=1 failed=699 by_platform={"schema-product":1}
[prefilter] worker=30 checked=700/999 passed=3 failed=697 by_platform={"shopify-html":1,"shopify":2}
[prefilter] worker=41 checked=700/999 passed=5 failed=695 by_platform={"shopify":1,"magento":1,"woocommerce":1,"woocommerce-html":2}
[prefilter] worker=29 checked=700/999 passed=2 failed=698 by_platform={"woocommerce":1,"schema-product":1}
[prefilter] worker=66 checked=750/999 passed=10 failed=740 by_platform={"magento":4,"shopify":1,"shopify-html":3,"woocommerce-html":2}
[prefilter] worker=13 checked=750/999 passed=3 failed=747 by_platform={"shopify-html":1,"shopify":2}
[prefilter] worker=89 checked=750/999 passed=5 failed=745 by_platform={"shopify":1,"magento":1,"woocommerce":1,"woocommerce-html":2}
[prefilter] worker=46 checked=800/999 passed=10 failed=790 by_platform={"magento":4,"shopify":1,"shopify-html":3,"woocommerce-html":2}
[prefilter] worker=49 checked=750/1000 passed=1 failed=749 by_platform={"schema-product":1}
[prefilter] worker=97 checked=750/999 passed=2 failed=748 by_platform={"woocommerce":1,"schema-product":1}
[prefilter] worker=8 checked=800/1000 passed=1 failed=799 by_platform={"schema-product":1}
[prefilter] worker=58 checked=800/999 passed=3 failed=797 by_platform={"shopify-html":1,"shopify":2}
[prefilter] worker=41 checked=800/999 passed=5 failed=795 by_platform={"shopify":1,"magento":1,"woocommerce":1,"woocommerce-html":2}
[prefilter] worker=39 checked=800/999 passed=2 failed=798 by_platform={"woocommerce":1,"schema-product":1}
[prefilter] worker=3 checked=850/999 passed=10 failed=840 by_platform={"magento":4,"shopify":1,"shopify-html":3,"woocommerce-html":2}
[prefilter] worker=13 checked=850/999 passed=3 failed=847 by_platform={"shopify-html":1,"shopify":2}
[prefilter] worker=89 checked=850/999 passed=5 failed=845 by_platform={"shopify":1,"magento":1,"woocommerce":1,"woocommerce-html":2}
[prefilter] worker=46 checked=900/999 passed=10 failed=890 by_platform={"magento":4,"shopify":1,"shopify-html":3,"woocommerce-html":2}
[prefilter] worker=84 checked=850/999 passed=2 failed=848 by_platform={"woocommerce":1,"schema-product":1}
[prefilter] worker=80 checked=850/1000 passed=1 failed=849 by_platform={"schema-product":1}
[prefilter] worker=27 checked=900/1000 passed=1 failed=899 by_platform={"schema-product":1}
[prefilter] worker=30 checked=900/999 passed=3 failed=897 by_platform={"shopify-html":1,"shopify":2}
[prefilter] worker=41 checked=900/999 passed=5 failed=895 by_platform={"shopify":1,"magento":1,"woocommerce":1,"woocommerce-html":2}
[prefilter] worker=29 checked=900/999 passed=2 failed=898 by_platform={"woocommerce":1,"schema-product":1}
[prefilter] worker=66 checked=950/999 passed=10 failed=940 by_platform={"magento":4,"shopify":1,"shopify-html":3,"woocommerce-html":2}
[prefilter] worker=13 checked=950/999 passed=3 failed=947 by_platform={"shopify-html":1,"shopify":2}
[prefilter] worker=89 checked=950/999 passed=5 failed=945 by_platform={"shopify":1,"magento":1,"woocommerce":1,"woocommerce-html":2}
[prefilter] worker=18 checked=999/999 passed=10 failed=989 by_platform={"magento":4,"shopify":1,"shopify-html":3,"woocommerce-html":2}
[prefilter] done: {"checked":999,"passed":10,"failed":989,"by_platform":{"magento":4,"shopify":1,"shopify-html":3,"woocommerce-html":2},"started_at":"2026-06-11T13:21:47.424Z","finished_at":"2026-06-11T13:28:48.108Z","output":"data/discovery_2026-06-11/prefilter_parallel/cursor_85000/split5.ndjson","output_rows":10}
[prefilter] worker=72 checked=950/1000 passed=1 failed=949 by_platform={"schema-product":1}
[prefilter] worker=83 checked=950/999 passed=2 failed=948 by_platform={"woocommerce":1,"schema-product":1}
[prefilter] worker=27 checked=1000/1000 passed=1 failed=999 by_platform={"schema-product":1}
[prefilter] done: {"checked":1000,"passed":1,"failed":999,"by_platform":{"schema-product":1},"started_at":"2026-06-11T13:21:47.406Z","finished_at":"2026-06-11T13:28:53.675Z","output":"data/discovery_2026-06-11/prefilter_parallel/cursor_85000/split3.ndjson","output_rows":1}
[prefilter] worker=58 checked=999/999 passed=3 failed=996 by_platform={"shopify-html":1,"shopify":2}
[prefilter] done: {"checked":999,"passed":3,"failed":996,"by_platform":{"shopify-html":1,"shopify":2},"started_at":"2026-06-11T13:21:47.380Z","finished_at":"2026-06-11T13:28:54.594Z","output":"data/discovery_2026-06-11/prefilter_parallel/cursor_85000/split1.ndjson","output_rows":3}
[prefilter] worker=15 checked=999/999 passed=5 failed=994 by_platform={"shopify":1,"magento":1,"woocommerce":1,"woocommerce-html":2}
[prefilter] done: {"checked":999,"passed":5,"failed":994,"by_platform":{"shopify":1,"magento":1,"woocommerce":1,"woocommerce-html":2},"started_at":"2026-06-11T13:21:47.445Z","finished_at":"2026-06-11T13:28:55.144Z","output":"data/discovery_2026-06-11/prefilter_parallel/cursor_85000/split4.ndjson","output_rows":5}
[prefilter] worker=43 checked=999/999 passed=2 failed=997 by_platform={"woocommerce":1,"schema-product":1}
[prefilter] done: {"checked":999,"passed":2,"failed":997,"by_platform":{"woocommerce":1,"schema-product":1},"started_at":"2026-06-11T13:21:47.450Z","finished_at":"2026-06-11T13:28:56.180Z","output":"data/discovery_2026-06-11/prefilter_parallel/cursor_85000/split2.ndjson","output_rows":2}
[Thu Jun 11 13:29:11 UTC 2026] Cursor 85000: 21 stores passed prefilter
[deep-page] input records=21 ecom=21 by_platform={"shopify-html":4,"shopify":4,"woocommerce":2,"schema-product":2,"magento":5,"woocommerce-html":4} concurrency=50
[dp:wc] bila2cuci.shop page=1 status=200 bodyLen=985836
[dp] aramya.in page=1 status=200 bodyLen=2
[dp] aramya.in no products
[dp:mg] hhduongpho.com page=1 status=200 bodyLen=107
[dp:mg] telugusexkathalu.com page=1 status=200 bodyLen=107
[dp] erpimplementationguide.com page=1 status=404 bodyLen=undefined
[dp] storista.io page=1 status=404 bodyLen=undefined
[dp] alfred.com page=1 status=200 bodyLen=466089
[dp] logoofficial.com page=1 status=200 bodyLen=1080318
[dp] sudathi.com page=1 status=200 bodyLen=1386594
[dp:mg] marketingcloudfx.com page=1 status=200 bodyLen=107
[dp] faridagupta.com page=1 status=200 bodyLen=1248184
[dp:mg] catalog-az.ro page=1 status=200 bodyLen=107
[dp:mg] fgstudy.com page=1 status=200 bodyLen=107
[dp:wc] transact-tech.com page=1 status=404 bodyLen=undefined
[dp:wc] blogdepelis.net page=1 status=404 bodyLen=undefined
[dp:wc] dramakey.com page=1 status=404 bodyLen=undefined
[dp] gamepoint.com page=1 status=404 bodyLen=undefined
[dp:wc] seriesboyslove.es page=1 status=404 bodyLen=undefined
[dp:wc] mojabet.cd page=1 status=200 bodyLen=216408
[deep-page] DONE: {"stores_processed":21,"stores_failed":0,"total_products":801,"by_platform":{"woocommerce":2,"shopify-html":4,"magento":5,"schema-product":2,"shopify":4,"woocommerce-html":4},"started_at":"2026-06-11T13:29:11.918Z","finished_at":"2026-06-11T13:29:13.876Z","output_rows":801}
[Thu Jun 11 13:29:13 UTC 2026] Cursor 90000: 801 products extracted
[ingest-daemon] dedup: 6404 -> 6400 (removed 4 duplicate skus)
[ingest-daemon] filtered 200 rows with null url
(node:3261759) Warning: SECURITY WARNING: The SSL modes 'prefer', 'require', and 'verify-ca' are treated as aliases for 'verify-full'.
In the next major version (pg-connection-string v3.0.0 and pg v9.0.0), these modes will adopt standard libpq semantics, which have weaker security guarantees.

To prepare for this change:
- If you want the current behavior, explicitly use 'sslmode=verify-full'
- If you want libpq compatibility now, use 'uselibpqcompat=true&sslmode=require'

See https://www.postgresql.org/docs/current/libpq-ssl.html for libpq SSL mode definitions.
(Use `node --trace-warnings ...` to show where the warning was created)
(node:3261759) Warning: Setting the NODE_TLS_REJECT_UNAUTHORIZED environment variable to '0' makes TLS connections and HTTPS requests insecure by disabling certificate verification.
[ingest-daemon] {"ts":"2026-06-11T13:29:49.742Z","file":"products_cursor_85000.ndjson.processing.ndjson","rows":6404,"written":6200,"fabricated":false,"fabrication_share":{"zeroPriceShare":0.0025806451612903226,"nullImageShare":0.010483870967741936,"nullSkuShare":0,"emptyTitleShare":0},"elapsed_ms":23913,"rows_per_sec":"259.3"}
[ingest-daemon] {"ts":"2026-06-11T13:29:51.395Z","file":"products_cursor_90000.ndjson.processing.ndjson","rows":801,"written":801,"fabricated":false,"fabrication_share":{"zeroPriceShare":0,"nullImageShare":0,"nullSkuShare":0,"emptyTitleShare":0},"elapsed_ms":1648,"rows_per_sec":"486.0"}
[Thu Jun 11 13:29:51 UTC 2026] Cursor 90000: ingested 801 (session cumulative: 12331)
[Thu Jun 11 13:29:53 UTC 2026] Cursor 90000 batch 19: 5000 domains (lines 90001-95000)
[prefilter] input=/tmp/loop_split_90000_2.txt domains=1000 concurrency=100
[prefilter] input=/tmp/loop_split_90000_1.txt domains=1000 concurrency=100
[prefilter] input=/tmp/loop_split_90000_4.txt domains=999 concurrency=100
[prefilter] input=/tmp/loop_split_90000_5.txt domains=999 concurrency=100
[prefilter] input=/tmp/loop_split_90000_3.txt domains=1000 concurrency=100
[prefilter] worker=72 checked=50/1000 passed=3 failed=47 by_platform={"shopify":3}
[prefilter] worker=50 checked=100/1000 passed=4 failed=96 by_platform={"shopify":3,"shopify-html":1}
[prefilter] worker=65 checked=50/1000 passed=1 failed=49 by_platform={"woocommerce":1}
[prefilter] worker=85 checked=50/999 passed=4 failed=46 by_platform={"woocommerce":1,"woocommerce-html":3}
[prefilter] worker=95 checked=100/1000 passed=1 failed=99 by_platform={"woocommerce":1}
[prefilter] worker=62 checked=50/1000 passed=1 failed=49 by_platform={"woocommerce-html":1}
[prefilter] worker=57 checked=50/999 passed=0 failed=50 by_platform={}
[prefilter] worker=81 checked=100/999 passed=4 failed=96 by_platform={"woocommerce":1,"woocommerce-html":3}
[prefilter] worker=5 checked=100/1000 passed=1 failed=99 by_platform={"woocommerce-html":1}
[prefilter] worker=7 checked=100/999 passed=0 failed=100 by_platform={}
[prefilter] worker=96 checked=150/1000 passed=6 failed=144 by_platform={"shopify":3,"shopify-html":1,"schema-product":1,"woocommerce-html":1}
[prefilter] worker=74 checked=200/1000 passed=6 failed=194 by_platform={"shopify":3,"shopify-html":1,"schema-product":1,"woocommerce-html":1}
[prefilter] worker=44 checked=150/1000 passed=1 failed=149 by_platform={"woocommerce":1}
[prefilter] worker=49 checked=150/999 passed=4 failed=146 by_platform={"woocommerce":1,"woocommerce-html":3}
[prefilter] worker=51 checked=150/1000 passed=1 failed=149 by_platform={"woocommerce-html":1}
[prefilter] worker=5 checked=200/1000 passed=1 failed=199 by_platform={"woocommerce":1}
[prefilter] worker=49 checked=150/999 passed=0 failed=150 by_platform={}
[prefilter] worker=96 checked=200/999 passed=4 failed=196 by_platform={"woocommerce":1,"woocommerce-html":3}
[prefilter] worker=8 checked=200/1000 passed=1 failed=199 by_platform={"woocommerce-html":1}
[prefilter] worker=7 checked=200/999 passed=0 failed=200 by_platform={}
[prefilter] worker=62 checked=250/1000 passed=6 failed=244 by_platform={"shopify":3,"shopify-html":1,"schema-product":1,"woocommerce-html":1}
[prefilter] worker=13 checked=300/1000 passed=6 failed=294 by_platform={"shopify":3,"shopify-html":1,"schema-product":1,"woocommerce-html":1}
[prefilter] worker=66 checked=250/1000 passed=1 failed=249 by_platform={"woocommerce":1}
[prefilter] worker=62 checked=250/1000 passed=1 failed=249 by_platform={"woocommerce-html":1}
[prefilter] worker=85 checked=250/999 passed=4 failed=246 by_platform={"woocommerce":1,"woocommerce-html":3}
[prefilter] worker=57 checked=250/999 passed=0 failed=250 by_platform={}
[prefilter] worker=94 checked=300/1000 passed=1 failed=299 by_platform={"woocommerce":1}
[prefilter] worker=41 checked=300/999 passed=4 failed=296 by_platform={"woocommerce":1,"woocommerce-html":3}
[prefilter] worker=5 checked=300/1000 passed=1 failed=299 by_platform={"woocommerce-html":1}
[prefilter] worker=7 checked=300/999 passed=0 failed=300 by_platform={}
[prefilter] worker=96 checked=350/1000 passed=6 failed=344 by_platform={"shopify":3,"shopify-html":1,"schema-product":1,"woocommerce-html":1}
[deep-page] input records=673 ecom=673 by_platform={"shopify":22,"woocommerce":128,"woocommerce-html":145,"shopify-html":210,"schema-product":105,"magento":30,"magento-html":30,"bigcommerce-html":3} concurrency=60
[dp] x.com page=1 status=404 bodyLen=undefined
[dp] barnesandnoble.com page=1 status=429 bodyLen=undefined
[dp] ahrefs.com page=1 status=404 bodyLen=undefined
[dp:wc] wise.com page=1 status=404 bodyLen=undefined
[dp] themeforest.net page=1 status=404 bodyLen=undefined
[dp] statcounter.com page=1 status=404 bodyLen=undefined
[dp] letsencrypt.org page=1 status=404 bodyLen=undefined
[dp] nypost.com page=1 status=404 bodyLen=undefined
[dp] ui.com page=1 status=200 bodyLen=107137
[dp] hostinger.com page=1 status=404 bodyLen=undefined
[dp] bunny.net page=1 status=404 bodyLen=undefined
[dp:mg] meethue.com page=1 status=200 bodyLen=86660
[dp:wc] cloud.microsoft page=1 status=200 bodyLen=233498
[dp:wc] mzstatic.com page=1 status=200 bodyLen=258465
[dp:wc] virtualearth.net page=1 status=200 bodyLen=203381
[dp:wc] admatic.de page=1 status=404 bodyLen=undefined
[dp:wc] meraki.com page=1 status=401 bodyLen=undefined
[dp:wc] gravatar.com page=1 status=404 bodyLen=undefined
[dp] usercentrics.eu page=1 status=404 bodyLen=undefined
[dp:wc] wpengine.com page=1 status=404 bodyLen=undefined
[dp:wc] yahoo.co.jp page=1 status=200 bodyLen=32585
[dp] trustindex.io page=1 status=200 bodyLen=91192
[dp] trustindex.io parse err: Unexpected token '<', "<!DOCTYPE "... is not valid JSON
[dp:wc] crashlytics.com page=1 status=200 bodyLen=522591
[dp] wired.com page=1 status=404 bodyLen=undefined
[deep-page] worker=16 stores=25 failed=0 products=168 by_platform={"shopify-html":11,"woocommerce-html":5,"shopify":1,"magento-html":1,"woocommerce":5,"schema-product":2}
[dp] elastic.co page=1 status=404 bodyLen=undefined
[dp:wc] onelink.me page=1 status=200 bodyLen=412195
[dp:wc] webs.com page=1 status=200 bodyLen=888783
[dp:wc] peacocktv.com page=1 status=200 bodyLen=186648
[dp:wc] matomo.org page=1 status=404 bodyLen=undefined
[dp] visualwebsiteoptimizer.com page=1 status=404 bodyLen=undefined
[dp:wc] home.pl page=1 status=404 bodyLen=undefined
[dp:wc] adswizz.com page=1 status=401 bodyLen=undefined
[dp] hollywoodreporter.com page=1 status=404 bodyLen=undefined
[dp] onrender.com page=1 status=200 bodyLen=369418
[dp] onrender.com parse err: Unexpected token '<', "<!DOCTYPE "... is not valid JSON
[dp:wc] go.com page=1 status=200 bodyLen=355379
[dp] brevo.com page=1 status=404 bodyLen=undefined
[dp:wc] cpanel.net page=1 status=404 bodyLen=undefined
[dp] cookiebot.com page=1 status=404 bodyLen=undefined
[dp] sharethis.com page=1 status=404 bodyLen=undefined
[dp:wc] one.one page=1 status=404 bodyLen=undefined
[dp:wc] evergage.com page=1 status=200 bodyLen=570336
[dp:wc] amazonalexa.com page=1 status=200 bodyLen=840789
[dp:mg] weibo.com page=1 status=200 bodyLen=9152
[dp] useinsider.com page=1 status=404 bodyLen=undefined
[dp:wc] shopee.ph page=1 status=200 bodyLen=165795
[deep-page] worker=51 stores=50 failed=0 products=168 by_platform={"shopify-html":19,"woocommerce-html":10,"shopify":1,"magento-html":1,"woocommerce":12,"schema-product":6,"magento":1}
[dp:wc] cpanel.com page=1 status=404 bodyLen=undefined
[dp:wc] spamhaus.org page=1 status=200 bodyLen=629459
[dp:wc] poshvine.com page=1 status=200 bodyLen=1339241
[dp:wc] axon.ai page=1 status=200 bodyLen=181080
[dp:wc] singular.net page=1 status=404 bodyLen=undefined
[dp:wc] suno.com page=1 status=200 bodyLen=225836
[dp] zapier.com page=1 status=404 bodyLen=undefined
[dp:wc] elementor.com page=1 status=404 bodyLen=undefined
[dp:wc] mystrikingly.com page=1 status=200 bodyLen=123584
[dp] mountain.com page=1 status=404 bodyLen=undefined
[dp:wc] paramountplus.com page=1 status=200 bodyLen=166760
[dp] cookieyes.com page=1 status=404 bodyLen=undefined
[dp] wistia.com page=1 status=404 bodyLen=undefined
[dp:wc] mgid.com page=1 status=200 bodyLen=226717
[dp:wc] web.app page=1 status=200 bodyLen=517185
[dp:wc] ventraip.net.au page=1 status=404 bodyLen=undefined
[dp:wc] vidazoo.com page=1 status=200 bodyLen=612647
[dp:wc] one.com page=1 status=404 bodyLen=undefined
[dp:wc] guard.io page=1 status=200 bodyLen=354390
[dp:mg] elle.com page=1 status=404 bodyLen=undefined
[deep-page] worker=58 stores=75 failed=0 products=168 by_platform={"shopify-html":23,"woocommerce-html":15,"shopify":1,"magento-html":2,"woocommerce":22,"schema-product":11,"magento":1}
[dp:mg] esquire.com page=1 status=404 bodyLen=undefined
[dp] vogue.com page=1 status=404 bodyLen=undefined
[dp:wc] flashbots.net page=1 status=200 bodyLen=195705
[dp:mg] mysecurecloudhost.com page=1 status=200 bodyLen=107
[dp:wc] undertone.com page=1 status=200 bodyLen=612647
[dp:wc] hatena.ne.jp page=1 status=200 bodyLen=288111
[dp] barnesandnoble.com page=1 status=429 bodyLen=undefined
[dp:mg] goodhousekeeping.com page=1 status=404 bodyLen=undefined
[dp:wc] jb.gg page=1 status=200 bodyLen=47249
[dp:wc] carnet.hr page=1 status=404 bodyLen=undefined
[dp:mg] cosmopolitan.com page=1 status=404 bodyLen=undefined
[dp] vanityfair.com page=1 status=404 bodyLen=undefined
[dp] crealitycloud.com page=1 status=404 bodyLen=undefined
[dp] razorpay.com page=1 status=404 bodyLen=undefined
[dp] billboard.com page=1 status=404 bodyLen=undefined
[dp:wc] zemanta.com page=1 status=404 bodyLen=undefined
[dp:mg] pavietnam.vn page=1 status=200 bodyLen=107
[dp:mg] stashaway.com page=1 status=200 bodyLen=15
[dp:wc] newsbreak.com page=1 status=200 bodyLen=588374
[dp:wc] permutive.com page=1 status=404 bodyLen=undefined
[dp:wc] lazada.com.ph page=1 status=200 bodyLen=1771
[deep-page] worker=53 stores=100 failed=0 products=170 by_platform={"shopify-html":28,"woocommerce-html":18,"shopify":1,"magento-html":5,"woocommerce":28,"schema-product":16,"magento":4}
[dp:wc] ionos.de page=1 status=404 bodyLen=undefined
[dp:wc] honor.com page=1 status=200 bodyLen=511440
[dp:bc] digitaltrends.com page=1 status=404 bodyLen=undefined
[dp] mux.com page=1 status=404 bodyLen=undefined
[dp:wc] inmotionhosting.com page=1 status=401 bodyLen=undefined
[dp:wc] si.com page=1 status=404 bodyLen=undefined
[dp] urbandictionary.com page=1 status=404 bodyLen=undefined
[dp:wc] lazada.co.id page=1 status=200 bodyLen=1767
[dp] isc.org page=1 status=404 bodyLen=undefined
[dp] ipapi.co page=1 status=200 bodyLen=104469
[dp] ipapi.co parse err: Unexpected token '<', "

<!DOCTYPE "... is not valid JSON
[dp:wc] vistarsagency.com page=1 status=404 bodyLen=undefined
[dp:mg] popularmechanics.com page=1 status=404 bodyLen=undefined
[dp] xero.com page=1 status=404 bodyLen=undefined
[dp:mg] menshealth.com page=1 status=404 bodyLen=undefined
[dp:wc] ampproject.net page=1 status=200 bodyLen=137586
[dp:wc] chrome.com page=1 status=200 bodyLen=464298
[dp:wc] lazada.sg page=1 status=200 bodyLen=77634
[dp:wc] loopia.se page=1 status=404 bodyLen=undefined
[dp] sproutsocial.com page=1 status=404 bodyLen=undefined
[deep-page] worker=44 stores=125 failed=0 products=171 by_platform={"shopify-html":34,"woocommerce-html":23,"shopify":1,"magento-html":7,"woocommerce":33,"schema-product":22,"magento":4,"bigcommerce-html":1}
[dp:wc] webgo.de page=1 status=404 bodyLen=undefined
[dp] pushwoosh.com page=1 status=404 bodyLen=undefined
[dp:mg] hoster.ru page=1 status=404 bodyLen=undefined
[dp:mg] alidns.com page=1 status=200 bodyLen=64
[dp:wc] a2hosting.com page=1 status=200 bodyLen=287496
[dp] alltrails.com page=1 status=403 bodyLen=undefined
[dp] buymeacoffee.com page=1 status=404 bodyLen=undefined
[dp:mg] doxygen.org page=1 status=200 bodyLen=107
[dp] hubspot.net page=1 status=404 bodyLen=undefined
[dp:wc] nitrocdn.com page=1 status=404 bodyLen=undefined
[dp:mg] caranddriver.com page=1 status=404 bodyLen=undefined
[dp] vistaprint.com page=1 status=404 bodyLen=undefined
[dp] adspower.net page=1 status=200 bodyLen=24527
[dp] adspower.net parse err: Unexpected token '<', "<!DOCTYPE "... is not valid JSON
[dp:wc] shawcable.net page=1 status=200 bodyLen=254076
[dp:wc] strato.de page=1 status=404 bodyLen=undefined
[dp] livechat.com page=1 status=404 bodyLen=undefined
[dp:wc] dinahosting.com page=1 status=404 bodyLen=undefined
[dp:wc] ktalk.ru page=1 status=403 bodyLen=undefined
[dp] phonepe.com page=1 status=404 bodyLen=undefined
[deep-page] worker=52 stores=150 failed=0 products=173 by_platform={"shopify-html":42,"woocommerce-html":27,"shopify":1,"magento-html":9,"woocommerce":36,"schema-product":28,"magento":6,"bigcommerce-html":1}
[dp] gq.com page=1 status=404 bodyLen=undefined
[dp:wc] lovable.app page=1 status=200 bodyLen=401644
[dp:wc] sueddeutsche.de page=1 status=200 bodyLen=2173840
[dp:wc] fatmakaryaindah.co.id page=1 status=404 bodyLen=undefined
[dp] complianz.io page=1 status=404 bodyLen=undefined
[dp] vogue.co.uk page=1 status=404 bodyLen=undefined
[dp:wc] zazzle.com page=1 status=200 bodyLen=1239069
[dp] framerusercontent.com page=1 status=403 bodyLen=undefined
[dp:wc] ultahost.com page=1 status=404 bodyLen=undefined
[dp] hyros.com page=1 status=404 bodyLen=undefined
[dp:wc] livejasmin.com page=1 status=200 bodyLen=402562
[dp:wc] foxsports.com page=1 status=200 bodyLen=1049078
[dp:wc] wetteronline.de page=1 status=200 bodyLen=41552
[dp] bonappetit.com page=1 status=404 bodyLen=undefined
[dp] loox.io page=1 status=404 bodyLen=undefined
[dp] pingdom.net page=1 status=525 bodyLen=undefined
[dp] okendo.io page=1 status=404 bodyLen=undefined
[dp:wc] 4shared.com page=1 status=200 bodyLen=51132
[dp] cookie-script.com page=1 status=404 bodyLen=undefined
[deep-page] worker=54 stores=175 failed=0 products=175 by_platform={"shopify-html":52,"woocommerce-html":29,"shopify":1,"magento-html":9,"woocommerce":43,"schema-product":34,"magento":6,"bigcommerce-html":1}
[dp] teenvogue.com page=1 status=404 bodyLen=undefined
[dp] lolesports.com page=1 status=404 bodyLen=undefined
[dp] sapphireonline.pk page=1 status=404 bodyLen=undefined
[dp:wc] wizards.com page=1 status=200 bodyLen=201414
[dp:wc] tradedoubler.com page=1 status=200 bodyLen=1790621
[dp] reviews.io page=1 status=404 bodyLen=undefined
[dp:wc] servidoresdns.net page=1 status=404 bodyLen=undefined
[dp] imagekit.io page=1 status=404 bodyLen=undefined
[dp] cutout.pro page=1 status=404 bodyLen=undefined
[dp] speedcurve.com page=1 status=302 bodyLen=undefined
[dp] postscript.io page=1 status=404 bodyLen=undefined
[dp] alidropship.com page=1 status=404 bodyLen=undefined
[dp] linear.app page=1 status=200 bodyLen=20760
[dp] linear.app parse err: Unexpected token '<', "<!doctype "... is not valid JSON
[dp:wc] wpml.org page=1 status=401 bodyLen=undefined
[dp:wc] tcl.com page=1 status=200 bodyLen=284129
[dp] hsappstatic.net page=1 status=200 bodyLen=622540
[dp] hsappstatic.net parse err: Unexpected token '<', "<!doctype "... is not valid JSON
[dp:wc] colibriwp.com page=1 status=404 bodyLen=undefined
[dp:wc] travelaudience.com page=1 status=200 bodyLen=472086
[dp:wc] advancedmd.com page=1 status=404 bodyLen=undefined
[dp] optimonk.com page=1 status=404 bodyLen=undefined
[deep-page] worker=40 stores=200 failed=0 products=175 by_platform={"shopify-html":64,"woocommerce-html":34,"shopify":1,"magento-html":9,"woocommerce":46,"schema-product":39,"magento":6,"bigcommerce-html":1}
[dp] consentmanager.net page=1 status=200 bodyLen=259945
[dp] consentmanager.net parse err: Unexpected token '<', "<!DOCTYPE "... is not valid JSON
[dp:wc] 9jarocks.net page=1 status=404 bodyLen=undefined
[dp] xe.com page=1 status=404 bodyLen=undefined
[dp:wc] ngrok-free.app page=1 status=200 bodyLen=321098
[dp:wc] cgood.ru page=1 status=404 bodyLen=undefined
[dp] airwallex.com page=1 status=404 bodyLen=undefined
[dp:wc] vpweb.com page=1 status=200 bodyLen=888783
[dp:wc] moonactive.net page=1 status=200 bodyLen=110467
[dp] esputnik.com page=1 status=404 bodyLen=undefined
[dp:wc] superawesome.tv page=1 status=404 bodyLen=undefined
[dp] morenutrition.de page=1 status=429 bodyLen=undefined
[dp] weglot.com page=1 status=404 bodyLen=undefined
[dp:wc] doteasy.com page=1 status=200 bodyLen=4123
[dp] cricut.com page=1 status=404 bodyLen=undefined
[dp:wc] theme-fusion.com page=1 status=200 bodyLen=493807
[dp:wc] ccavenue.com page=1 status=404 bodyLen=undefined
[dp] useamp.com page=1 status=404 bodyLen=undefined
[dp:wc] apptimize.com page=1 status=200 bodyLen=452080
[dp:wc] planethoster.net page=1 status=200 bodyLen=317966
[dp:wc] xtemos.com page=1 status=401 bodyLen=undefined
[dp:mg] thepioneerwoman.com page=1 status=404 bodyLen=undefined
[dp:wc] coolors.co page=1 status=200 bodyLen=553526
[deep-page] worker=57 stores=225 failed=0 products=175 by_platform={"shopify-html":71,"woocommerce-html":42,"shopify":1,"magento-html":10,"woocommerce":51,"schema-product":43,"magento":6,"bigcommerce-html":1}
[dp] adsinteractive.com page=1 status=404 bodyLen=undefined
[dp:wc] htc.com page=1 status=200 bodyLen=49421
[dp:wc] faphouse4k.com page=1 status=200 bodyLen=152686
[dp:wc] bangmod.cloud page=1 status=401 bodyLen=undefined
[dp] evidon.com page=1 status=200 bodyLen=40992
[dp] evidon.com parse err: Unexpected token '<', "<!doctype "... is not valid JSON
[dp] pymnts.com page=1 status=404 bodyLen=undefined
[dp:mg] umu.se page=1 status=200 bodyLen=4199
[dp:wc] shangri-la.com page=1 status=200 bodyLen=130102
[dp] birdeye.com page=1 status=404 bodyLen=undefined
[dp:wc] jezebel.com page=1 status=404 bodyLen=undefined
[dp:wc] toshiba.com page=1 status=404 bodyLen=undefined
[dp:wc] mobolize.com page=1 status=404 bodyLen=undefined
[dp] qualaroo.com page=1 status=404 bodyLen=undefined
[dp] wunderkind.co page=1 status=404 bodyLen=undefined
[dp] hugoboss.com page=1 status=403 bodyLen=undefined
[dp] fivetran.com page=1 status=404 bodyLen=undefined
[dp] builtwith.com page=1 status=200 bodyLen=414
[dp] builtwith.com parse err: Unexpected token '<', "
<!DOCTYPE "... is not valid JSON
[dp] printful.com page=1 status=404 bodyLen=undefined
[dp:wc] positivepsychology.com page=1 status=404 bodyLen=undefined
[dp] midea.com page=1 status=404 bodyLen=undefined
[dp:wc] abc7ny.com page=1 status=200 bodyLen=76049
[dp] heygen.com page=1 status=404 bodyLen=undefined
[deep-page] worker=23 stores=250 failed=0 products=177 by_platform={"shopify-html":83,"woocommerce-html":47,"shopify":1,"magento-html":10,"woocommerce":55,"schema-product":46,"magento":7,"bigcommerce-html":1}
[dp] packagecloud.io page=1 status=404 bodyLen=undefined
[dp] aircall.io page=1 status=404 bodyLen=undefined
[dp] barnesandnoble.com page=1 status=429 bodyLen=undefined
[dp:wc] pinkoi.com page=1 status=200 bodyLen=53130
[dp:wc] footlocker.com page=1 status=200 bodyLen=862559
[dp] messagebird.com page=1 status=404 bodyLen=undefined
[dp:mg] carrier.com page=1 status=200 bodyLen=58371
[dp:wc] eiu.com page=1 status=200 bodyLen=91356
[dp:wc] wordpressfoundation.org page=1 status=404 bodyLen=undefined
[dp] runconverge.com page=1 status=404 bodyLen=undefined
[dp:wc] prospect.org page=1 status=401 bodyLen=undefined
[dp:mg] premierbetzone.co.ao page=1 status=200 bodyLen=225
[dp:wc] screamingfrog.co.uk page=1 status=401 bodyLen=undefined
[dp] textexpander.com page=1 status=404 bodyLen=undefined
[dp:mg] clickn.co.kr page=1 status=404 bodyLen=undefined
[dp:wc] abc7news.com page=1 status=200 bodyLen=76346
[dp:wc] vjav.com page=1 status=200 bodyLen=33679
[dp:wc] whop.com page=1 status=200 bodyLen=1689206
[dp] logbase.io page=1 status=404 bodyLen=undefined
[deep-page] worker=7 stores=275 failed=0 products=177 by_platform={"shopify-html":89,"woocommerce-html":50,"shopify":1,"magento-html":11,"woocommerce":61,"schema-product":53,"magento":9,"bigcommerce-html":1}
[dp:wc] cloud86.nl page=1 status=404 bodyLen=undefined
[dp:wc] roonlabs.net page=1 status=200 bodyLen=256176
[dp:wc] schlund.de page=1 status=404 bodyLen=undefined
[dp:wc] counterpunch.org page=1 status=401 bodyLen=undefined
[dp:wc] rioseo.com page=1 status=200 bodyLen=556047
[dp:wc] folkd.com page=1 status=404 bodyLen=undefined
[dp:wc] jofogas.hu page=1 status=200 bodyLen=496059
[dp] society6.com page=1 status=429 bodyLen=undefined
[dp:mg] redbackinternet.net page=1 status=404 bodyLen=undefined
[dp:mg] fitchratings.com page=1 status=200 bodyLen=911703
[dp:wc] premid.app page=1 status=200 bodyLen=59068
[dp] algolia.com page=1 status=404 bodyLen=undefined
[dp] vibe.co page=1 status=404 bodyLen=undefined
[dp:wc] register.it page=1 status=200 bodyLen=87464
[dp] morenutrition.de page=1 status=429 bodyLen=undefined
[dp] answerthepublic.com page=1 status=200 bodyLen=478708
[dp] answerthepublic.com parse err: Unexpected token '<', "<!DOCTYPE "... is not valid JSON
[dp] trevenque.es page=1 status=200 bodyLen=669811
[dp] trevenque.es parse err: Unexpected token '<', "<!doctype "... is not valid JSON
[dp] gymshark.com page=1 status=429 bodyLen=undefined
[dp:wc] framer.app page=1 status=200 bodyLen=3087611
[dp] writesonic.com page=1 status=404 bodyLen=undefined
[dp:wc] neurosciencenews.com page=1 status=403 bodyLen=undefined
[dp:wc] teamup.com page=1 status=404 bodyLen=undefined
[dp:mg] movember.com page=1 status=200 bodyLen=154
[dp] mailchi.mp page=1 status=0 bodyLen=undefined
[dp:wc] eventsair.com page=1 status=401 bodyLen=undefined
[dp:wc] abjav.com page=1 status=200 bodyLen=59700
[deep-page] worker=14 stores=300 failed=0 products=178 by_platform={"shopify-html":95,"woocommerce-html":58,"shopify":1,"magento-html":13,"woocommerce":67,"schema-product":55,"magento":10,"bigcommerce-html":1}
[dp] cin7.com page=1 status=404 bodyLen=undefined
[dp:wc] portalinmobiliario.com page=1 status=200 bodyLen=18357
[dp] zadarma.com page=1 status=404 bodyLen=undefined
[dp:wc] hosting.de page=1 status=404 bodyLen=undefined
[dp:wc] upornia.tube page=1 status=200 bodyLen=40648
[dp] westside.com page=1 status=429 bodyLen=undefined
[dp] wisepops.com page=1 status=404 bodyLen=undefined
[dp:wc] kosmo.com.my page=1 status=401 bodyLen=undefined
[dp:wc] 6abc.com page=1 status=200 bodyLen=76234
[dp:wc] seesaw.me page=1 status=404 bodyLen=undefined
[dp:mg] roadandtrack.com page=1 status=404 bodyLen=undefined
[dp:wc] tporn.xxx page=1 status=200 bodyLen=44757
[dp:wc] zougla.gr page=1 status=404 bodyLen=undefined
[dp] zipify.com page=1 status=404 bodyLen=undefined
[dp:wc] wpconsent.com page=1 status=404 bodyLen=undefined
[dp] bitcoinmagazine.com page=1 status=404 bodyLen=undefined
[dp:wc] burberry.com page=1 status=200 bodyLen=165017
[dp] zacks.com page=1 status=404 bodyLen=undefined
[dp] trustedsite.com page=1 status=404 bodyLen=undefined
[dp] lexware.de page=1 status=404 bodyLen=undefined
[dp:mg] travis-ci.com page=1 status=200 bodyLen=107
[dp:wc] wpxhosting.com page=1 status=404 bodyLen=undefined
[dp:wc] forzamotorsport.net page=1 status=200 bodyLen=77317
[dp:mg] soccertvhd.com page=1 status=200 bodyLen=107
[deep-page] worker=25 stores=325 failed=0 products=180 by_platform={"shopify-html":103,"woocommerce-html":64,"shopify":1,"magento-html":14,"woocommerce":73,"schema-product":57,"magento":12,"bigcommerce-html":1}
[dp:wc] is.co.za page=1 status=200 bodyLen=339307
[dp:wc] opalstack.com page=1 status=404 bodyLen=undefined
[dp:wc] ngrok-free.dev page=1 status=200 bodyLen=321098
[dp:mg] oprahdaily.com page=1 status=404 bodyLen=undefined
[dp:wc] hiper.cool page=1 status=404 bodyLen=undefined
[dp] meross.com page=1 status=200 bodyLen=870689
[dp] meross.com parse err: Unexpected token '<', "<!DOCTYPE "... is not valid JSON
[dp:wc] idmap.ai page=1 status=404 bodyLen=undefined
[dp:wc] traveltowngame.net page=1 status=200 bodyLen=110467
[dp:wc] section.io page=1 status=200 bodyLen=270039
[dp] zwift.com page=1 status=404 bodyLen=undefined
[dp] vogue.fr page=1 status=404 bodyLen=undefined
[dp:mg] tractive.com page=1 status=404 bodyLen=undefined
[dp:wc] zmescience.com page=1 status=404 bodyLen=undefined
[dp:mg] benq.com page=1 status=404 bodyLen=undefined
[dp] embedsocial.com page=1 status=200 bodyLen=397012
[dp] embedsocial.com parse err: Unexpected token '<', "<!doctype "... is not valid JSON
[dp:wc] zapvi.in page=1 status=401 bodyLen=undefined
[dp:wc] ksrtc.in page=1 status=200 bodyLen=200598
[dp:wc] pivigames.blog page=1 status=404 bodyLen=undefined
[dp] optinmonster.com page=1 status=404 bodyLen=undefined
[dp:wc] azarlive.com page=1 status=200 bodyLen=8139
[dp:wc] focusschoolsoftware.com page=1 status=401 bodyLen=undefined
[dp:wc] manga-lc.net page=1 status=404 bodyLen=undefined
[dp] thoughtcatalog.com page=1 status=404 bodyLen=undefined
[deep-page] worker=18 stores=350 failed=0 products=182 by_platform={"shopify-html":109,"woocommerce-html":73,"shopify":1,"magento-html":17,"woocommerce":78,"schema-product":59,"magento":12,"bigcommerce-html":1}
[dp:mg] latinoamericahosting.com page=1 status=200 bodyLen=107
[dp:wc] catholicnewsagency.com page=1 status=200 bodyLen=717771
[dp:wc] superguidatv.it page=1 status=404 bodyLen=undefined
[dp:mg] niezalezna.pl page=1 status=200 bodyLen=107
[dp] society6.com page=1 status=429 bodyLen=undefined
[dp] maestra.io page=1 status=404 bodyLen=undefined
[dp:wc] tinkoffinsurance.ru page=1 status=200 bodyLen=1748220
[dp:mg] cyberfolks.ro page=1 status=200 bodyLen=107
[dp] asaas.com page=1 status=200 bodyLen=25365
[dp] asaas.com parse err: Unexpected token '<', "<!DOCTYPE "... is not valid JSON
[dp:wc] target-video.com page=1 status=404 bodyLen=undefined
[dp:bc] pop-os.org page=1 status=404 bodyLen=undefined
[dp:wc] youla.ru page=1 status=200 bodyLen=5583779
[dp:wc] um.edu.my page=1 status=404 bodyLen=undefined
[dp] gymshark.com page=1 status=429 bodyLen=undefined
[dp:mg] likuid.com page=1 status=404 bodyLen=undefined
[dp:wc] cert.ee page=1 status=200 bodyLen=117554
[dp:mg] maxim.com page=1 status=200 bodyLen=107
[dp] everlane.com page=1 status=429 bodyLen=undefined
[dp] greatergood.com page=1 status=429 bodyLen=undefined
[dp] mida.so page=1 status=404 bodyLen=undefined
[dp] hengam.io page=1 status=404 bodyLen=undefined
[dp:wc] bnc.lt page=1 status=200 bodyLen=1229853
[dp:wc] online.no page=1 status=200 bodyLen=191470
[dp] ultimateclassicrock.com page=1 status=404 bodyLen=undefined
[dp] hyperx.com page=1 status=429 bodyLen=undefined
[dp:wc] dailypost.ng page=1 status=404 bodyLen=undefined
[dp:wc] megasoft.ru page=1 status=200 bodyLen=63111
[deep-page] worker=8 stores=375 failed=0 products=188 by_platform={"shopify-html":114,"woocommerce-html":77,"shopify":1,"magento-html":18,"woocommerce":85,"schema-product":62,"magento":16,"bigcommerce-html":2}
[dp] lumenlearning.com page=1 status=404 bodyLen=undefined
[dp:wc] facer.io page=1 status=200 bodyLen=16341
[dp] westside.com page=1 status=429 bodyLen=undefined
[dp] coros.com page=1 status=404 bodyLen=undefined
[dp] a24films.com page=1 status=404 bodyLen=undefined
[dp] voguebusiness.com page=1 status=503 bodyLen=undefined
[dp:wc] parsvds.com page=1 status=401 bodyLen=undefined
[dp:wc] wmflabs.org page=1 status=200 bodyLen=77900
[dp:wc] psypost.org page=1 status=404 bodyLen=undefined
[dp:wc] volkswagen.com page=1 status=200 bodyLen=688961
[dp:wc] benchmarkemail.com page=1 status=404 bodyLen=undefined
[dp:wc] futureoflife.org page=1 status=404 bodyLen=undefined
[dp:mg] netnut.net page=1 status=200 bodyLen=107
[dp:wc] nvaccess.org page=1 status=401 bodyLen=undefined
[dp] logrocket.com page=1 status=404 bodyLen=undefined
[dp] architecturaldigest.in page=1 status=404 bodyLen=undefined
[dp:wc] potok.io page=1 status=404 bodyLen=undefined
[dp] aldoshoes.com page=1 status=429 bodyLen=undefined
[dp] minmaxify.com page=1 status=404 bodyLen=undefined
[deep-page] worker=30 stores=400 failed=1 products=250 by_platform={"shopify-html":121,"woocommerce-html":83,"shopify":1,"magento-html":18,"woocommerce":88,"schema-product":70,"magento":17,"bigcommerce-html":2}
[dp] popupsmart.com page=1 status=404 bodyLen=undefined
[dp] avalara.com page=1 status=404 bodyLen=undefined
[dp:wc] zumper.com page=1 status=200 bodyLen=179876
[dp:wc] securenetsystems.net page=1 status=401 bodyLen=undefined
[dp:mg] localiq.com page=1 status=200 bodyLen=107
[dp] firstthings.com page=1 status=404 bodyLen=undefined
[dp:wc] screenpal.com page=1 status=404 bodyLen=undefined
[dp:wc] tixr.com page=1 status=403 bodyLen=undefined
[dp:wc] spalla.io page=1 status=404 bodyLen=undefined
[dp] fluorescent.co page=1 status=404 bodyLen=undefined
[dp] uppromote.com page=1 status=404 bodyLen=undefined
[dp:wc] louhi.fi page=1 status=404 bodyLen=undefined
[dp] sitesearch360.com page=1 status=404 bodyLen=undefined
[dp] omnisend.com page=1 status=404 bodyLen=undefined
[dp] fromsmash.com page=1 status=403 bodyLen=undefined
[dp] hallow.com page=1 status=403 bodyLen=undefined
[dp:wc] anchor.host page=1 status=401 bodyLen=undefined
[dp] klei.com page=1 status=404 bodyLen=undefined
[dp:wc] sundayguardianlive.com page=1 status=404 bodyLen=undefined
[dp] polaranalytics.com page=1 status=404 bodyLen=undefined
[dp] bigscoots.com page=1 status=404 bodyLen=undefined
[deep-page] worker=54 stores=425 failed=1 products=252 by_platform={"shopify-html":133,"woocommerce-html":89,"shopify":1,"magento-html":18,"woocommerce":90,"schema-product":74,"magento":18,"bigcommerce-html":2}
[dp:wc] inc42.com page=1 status=401 bodyLen=undefined
[dp] frase.io page=1 status=404 bodyLen=undefined
[dp] v0.app page=1 status=200 bodyLen=1026476
[dp] v0.app parse err: Unexpected token '<', "<!DOCTYPE "... is not valid JSON
[dp:mg] nettigritty.com page=1 status=200 bodyLen=107
[dp:wc] netmera.com page=1 status=404 bodyLen=undefined
[dp:mg] enphase.com page=1 status=404 bodyLen=undefined
[dp:wc] america.net page=1 status=404 bodyLen=undefined
[dp] recart.com page=1 status=404 bodyLen=undefined
[dp] revy.io page=1 status=404 bodyLen=undefined
[dp] skims.com page=1 status=404 bodyLen=undefined
[dp:wc] anti-captcha.com page=1 status=200 bodyLen=60497
[dp] giantitp.com page=1 status=404 bodyLen=undefined
[dp:wc] hashthemes.com page=1 status=404 bodyLen=undefined
[dp:wc] signin.aws page=1 status=200 bodyLen=336398
[dp] parcel2go.com page=1 status=404 bodyLen=undefined
[dp] impactradius.com page=1 status=200 bodyLen=144466
[dp] impactradius.com parse err: Unexpected token '<', "    <!DOCTYPE "... is not valid JSON
[dp:wc] clym-widget.net page=1 status=200 bodyLen=370349
[dp] wpbrigade.com page=1 status=404 bodyLen=undefined
[dp:wc] hostgator.co page=1 status=404 bodyLen=undefined
[dp:wc] ascendoor.com page=1 status=404 bodyLen=undefined
[dp:wc] concentrix.com page=1 status=200 bodyLen=804497
[dp:wc] aafa.org page=1 status=404 bodyLen=undefined
[dp:mg] quickheal.com page=1 status=401 bodyLen=undefined
[dp] glossier.com page=1 status=429 bodyLen=undefined
[dp] assembledhq.com page=1 status=404 bodyLen=undefined
[deep-page] worker=38 stores=450 failed=1 products=252 by_platform={"shopify-html":143,"woocommerce-html":96,"shopify":1,"magento-html":20,"woocommerce":94,"schema-product":75,"magento":19,"bigcommerce-html":2}
[dp:wc] tradepending.com page=1 status=404 bodyLen=undefined
[dp:wc] itworld.com page=1 status=200 bodyLen=316518
[dp] trueprofit.io page=1 status=404 bodyLen=undefined
[dp:wc] swiftinter.net page=1 status=401 bodyLen=undefined
[dp:wc] websim.com page=1 status=200 bodyLen=12145
[dp] zoovu.com page=1 status=200 bodyLen=308517
[dp] zoovu.com parse err: Unexpected token '<', "<!doctype "... is not valid JSON
[dp] simplelocalize.io page=1 status=404 bodyLen=undefined
[dp] getbutton.io page=1 status=404 bodyLen=undefined
[dp] dengage.com page=1 status=200 bodyLen=146617
[dp] dengage.com parse err: Unexpected token '<', "<!DOCTYPE "... is not valid JSON
[dp:wc] eflorist.com page=1 status=404 bodyLen=undefined
[dp:mg] mddservices.com page=1 status=200 bodyLen=107
[dp:wc] ancorathemes.com page=1 status=404 bodyLen=undefined
[dp:wc] gocache.com.br page=1 status=404 bodyLen=undefined
[dp] freedomfi.com page=1 status=200 bodyLen=433769
[dp] freedomfi.com parse err: Unexpected token '<', "<!doctype "... is not valid JSON
[dp:wc] mailpoet.com page=1 status=404 bodyLen=undefined
[dp:wc] nexicom.net page=1 status=404 bodyLen=undefined
[dp] gocertify.me page=1 status=404 bodyLen=undefined
[dp:wc] hechingerreport.org page=1 status=401 bodyLen=undefined
[dp] fal.ai page=1 status=404 bodyLen=undefined
[dp:wc] dataremote.com page=1 status=404 bodyLen=undefined
[dp] bruker.com page=1 status=404 bodyLen=undefined
[dp] casper.com page=1 status=429 bodyLen=undefined
[dp:wc] mediaxchange.co page=1 status=404 bodyLen=undefined
[dp:mg] ukvpshosting.com page=1 status=404 bodyLen=undefined
[dp] goshippo.com page=1 status=404 bodyLen=undefined
[deep-page] worker=46 stores=475 failed=1 products=252 by_platform={"shopify-html":153,"woocommerce-html":106,"shopify":1,"magento-html":21,"woocommerce":96,"schema-product":76,"magento":20,"bigcommerce-html":2}
[dp] izotope.com page=1 status=429 bodyLen=undefined
[dp] starapps.studio page=1 status=200 bodyLen=60578
[dp] starapps.studio parse err: Unexpected token '', "�      "... is not valid JSON
[dp:wc] hyrox.com page=1 status=401 bodyLen=undefined
[dp] morenutrition.de page=1 status=429 bodyLen=undefined
[dp] thimpress.com page=1 status=404 bodyLen=undefined
[dp] rdstation.com page=1 status=404 bodyLen=undefined
[dp:mg] theecologist.org page=1 status=200 bodyLen=107
[dp:wc] spiked-online.com page=1 status=401 bodyLen=undefined
[dp:wc] storables.com page=1 status=401 bodyLen=undefined
[dp:wc] windowslatest.com page=1 status=404 bodyLen=undefined
[dp:mg] gaviaspreview.com page=1 status=200 bodyLen=107
[dp:wc] msmagazine.com page=1 status=401 bodyLen=undefined
[dp:mg] anjouangaming.org page=1 status=200 bodyLen=107
[dp] everlane.com page=1 status=429 bodyLen=undefined
[dp] greatergood.com page=1 status=429 bodyLen=undefined
[dp:wc] quadlayers.com page=1 status=401 bodyLen=undefined
[dp] commslayer.com page=1 status=404 bodyLen=undefined
[dp:wc] xpeng.com page=1 status=200 bodyLen=199222
[dp] americangirl.com page=1 status=429 bodyLen=undefined
[dp] vitals.co page=1 status=404 bodyLen=undefined
[dp] solakon.de page=1 status=429 bodyLen=undefined
[dp] dollskill.com page=1 status=429 bodyLen=undefined
[dp] nooie.com page=1 status=429 bodyLen=undefined
[dp] hyperx.com page=1 status=429 bodyLen=undefined
[dp] photogrid.app page=1 status=404 bodyLen=undefined
[dp:wc] nusa.net.id page=1 status=401 bodyLen=undefined
[dp] woodcraft.com page=1 status=429 bodyLen=undefined
[dp:wc] nic.blog page=1 status=404 bodyLen=undefined
[dp:wc] themearile.com page=1 status=404 bodyLen=undefined
[dp:wc] nic.bi page=1 status=404 bodyLen=undefined
[dp:mg] bhosted.nl page=1 status=404 bodyLen=undefined
[dp] bigseller.com page=1 status=200 bodyLen=64
[dp] bigseller.com no products
[dp:wc] businesstoday.com.tw page=1 status=200 bodyLen=141037
[dp:mg] moosend.com page=1 status=404 bodyLen=undefined
[deep-page] worker=31 stores=500 failed=1 products=253 by_platform={"shopify-html":160,"woocommerce-html":116,"shopify":1,"magento-html":22,"woocommerce":98,"schema-product":77,"magento":24,"bigcommerce-html":2}
[dp] admagazine.fr page=1 status=404 bodyLen=undefined
[dp] jbhifi.com.au page=1 status=429 bodyLen=undefined
[dp] hiworks.com page=1 status=200 bodyLen=7856
[dp] hiworks.com parse err: Unexpected token '<', "<!--HEADER"... is not valid JSON
[dp:wc] qodeinteractive.com page=1 status=404 bodyLen=undefined
[dp] adsmurai.com page=1 status=404 bodyLen=undefined
[dp:wc] uep24.ru page=1 status=404 bodyLen=undefined
[dp:wc] 10best.com page=1 status=200 bodyLen=157612
[dp] getguru.com page=1 status=404 bodyLen=undefined
[dp] openpanel.dev page=1 status=404 bodyLen=undefined
[dp] glamour.es page=1 status=404 bodyLen=undefined
[dp:wc] apple.co page=1 status=200 bodyLen=258465
[dp] framer.com page=1 status=404 bodyLen=undefined
[dp:wc] natera.com page=1 status=401 bodyLen=undefined
[dp] rybbit.com page=1 status=404 bodyLen=undefined
[dp] tailwindcss.com page=1 status=404 bodyLen=undefined
[dp:wc] puma.com page=1 status=200 bodyLen=1102657
[dp] tartecosmetics.com page=1 status=200 bodyLen=2057267
[dp] aldoshoes.com page=1 status=429 bodyLen=undefined
[dp:wc] veltra.com page=1 status=200 bodyLen=220630
[dp] architecturaldigest.com page=1 status=404 bodyLen=undefined
[dp:wc] codecanyon.net page=1 status=403 bodyLen=undefined
[deep-page] worker=22 stores=525 failed=1 products=507 by_platform={"shopify-html":170,"woocommerce-html":120,"shopify":2,"magento-html":22,"woocommerce":102,"schema-product":83,"magento":24,"bigcommerce-html":2}
[dp:wc] avs.io page=1 status=200 bodyLen=741721
[dp] salesmartly.com page=1 status=404 bodyLen=undefined
[dp:wc] itunes.com page=1 status=200 bodyLen=135676
[dp:wc] jetbrains.ai page=1 status=200 bodyLen=44720
[dp:mg] imunify360.com page=1 status=200 bodyLen=107
[dp:mg] womenshealthmag.com page=1 status=404 bodyLen=undefined
[dp] wired.co.uk page=1 status=404 bodyLen=undefined
[dp] bambuser.com page=1 status=404 bodyLen=undefined
[dp:wc] envysion.com page=1 status=404 bodyLen=undefined
[dp] geckoboard.com page=1 status=404 bodyLen=undefined
[dp] wyze.com page=1 status=429 bodyLen=undefined
[dp:mg] azehosting.net page=1 status=200 bodyLen=107
[dp] karte.io page=1 status=404 bodyLen=undefined
[dp] shareasale.com page=1 status=200 bodyLen=147674
[dp] shareasale.com parse err: Unexpected token '<', "<!DOCTYPE "... is not valid JSON
[dp:wc] ipsos.com page=1 status=200 bodyLen=51890
[dp] stripecdn.com page=1 status=200 bodyLen=0
[dp] stripecdn.com parse err: Unexpected end of JSON input
[dp:wc] matomo.cloud page=1 status=200 bodyLen=154002
[dp] athemes.com page=1 status=404 bodyLen=undefined
[dp:wc] roadtovr.com page=1 status=404 bodyLen=undefined
[dp] hiverhq.com page=1 status=200 bodyLen=635351
[dp] hiverhq.com parse err: Unexpected token '<', "<!doctype "... is not valid JSON
[dp] uniuni.com page=1 status=404 bodyLen=undefined
[dp:wc] liquidweb.com page=1 status=404 bodyLen=undefined
[dp:wc] stylemixthemes.com page=1 status=404 bodyLen=undefined
[dp] sniffies.com page=1 status=200 bodyLen=230564
[dp] sniffies.com parse err: Unexpected token '<', "<!doctype "... is not valid JSON
[deep-page] worker=30 stores=550 failed=1 products=519 by_platform={"shopify-html":181,"woocommerce-html":124,"shopify":2,"magento-html":23,"woocommerce":107,"schema-product":85,"magento":26,"bigcommerce-html":2}
[dp:wc] tecalliance.services page=1 status=200 bodyLen=184625
[dp:bc] contentful.com page=1 status=404 bodyLen=undefined
[dp:wc] polyspeak.ai page=1 status=200 bodyLen=143156
[dp:wc] ngrok.io page=1 status=200 bodyLen=321098
[dp] sitevibes.com page=1 status=404 bodyLen=undefined
[dp] thermaltake.com page=1 status=404 bodyLen=undefined
[dp:wc] go-vip.net page=1 status=200 bodyLen=247739
[dp:mg] biography.com page=1 status=404 bodyLen=undefined
[dp] ankersolix.com page=1 status=404 bodyLen=undefined
[dp] xxlmag.com page=1 status=404 bodyLen=undefined
[dp] datagrail.io page=1 status=404 bodyLen=undefined
[dp:wc] threatdown.com page=1 status=404 bodyLen=undefined
[dp] cntraveler.com page=1 status=404 bodyLen=undefined
[dp:wc] halodoc.com page=1 status=200 bodyLen=166453
[dp] glossier.com page=1 status=429 bodyLen=undefined
[dp:wc] seaart.ai page=1 status=200 bodyLen=450861
[dp] igvita.com page=1 status=404 bodyLen=undefined
[dp] glamour.com page=1 status=404 bodyLen=undefined
[dp] pitchfork.com page=1 status=404 bodyLen=undefined
[dp:wc] websitedemos.net page=1 status=404 bodyLen=undefined
[dp:wc] steamrip.com page=1 status=403 bodyLen=undefined
[deep-page] worker=2 stores=575 failed=1 products=522 by_platform={"shopify-html":190,"woocommerce-html":128,"shopify":2,"magento-html":24,"woocommerce":112,"schema-product":90,"magento":26,"bigcommerce-html":3}
[dp:wc] catchthemes.com page=1 status=404 bodyLen=undefined
[dp:wc] amarujala.com page=1 status=200 bodyLen=743054
[dp] daisonet.com page=1 status=429 bodyLen=undefined
[dp] society6.com page=1 status=429 bodyLen=undefined
[dp:wc] theonion.com page=1 status=404 bodyLen=undefined
[dp] soreto.com page=1 status=404 bodyLen=undefined
[dp:wc] boomtrain.com page=1 status=200 bodyLen=157841
[dp:mg] delish.com page=1 status=404 bodyLen=undefined
[dp] vanityfair.it page=1 status=404 bodyLen=undefined
[dp] blueconic.net page=1 status=404 bodyLen=undefined
[dp:wc] weatherflow.com page=1 status=404 bodyLen=undefined
[dp] hextom.com page=1 status=403 bodyLen=undefined
[dp] fineartamerica.com page=1 status=404 bodyLen=undefined
[dp:wc] bom.gov.au page=1 status=403 bodyLen=undefined
[dp:mg] apollopharmacy.in page=1 status=404 bodyLen=undefined
[dp:wc] rnp.br page=1 status=404 bodyLen=undefined
[dp] leadsquared.com page=1 status=200 bodyLen=386020
[dp] leadsquared.com parse err: Unexpected token '<', "<!DOCTYPE "... is not valid JSON
[dp] casper.com page=1 status=429 bodyLen=undefined
[dp] podscribe.com page=1 status=404 bodyLen=undefined
[dp] izotope.com page=1 status=429 bodyLen=undefined
[dp] vhx.tv page=1 status=404 bodyLen=undefined
[dp:mg] wordstream.com page=1 status=200 bodyLen=107
[dp] boat-lifestyle.com page=1 status=429 bodyLen=undefined
[dp] gymshark.com page=1 status=429 bodyLen=undefined
[dp] powerreviews.com page=1 status=404 bodyLen=undefined
[dp] linksys.com page=1 status=429 bodyLen=undefined
[dp] americangirl.com page=1 status=429 bodyLen=undefined
[dp] usmagazine.com page=1 status=404 bodyLen=undefined
[dp] anker.com page=1 status=404 bodyLen=undefined
[dp] solakon.de page=1 status=429 bodyLen=undefined
[dp] dollskill.com page=1 status=429 bodyLen=undefined
[dp] nooie.com page=1 status=429 bodyLen=undefined
[dp:wc] pornhits.com page=1 status=200 bodyLen=879783
[dp:wc] turbify.com page=1 status=200 bodyLen=18416
[deep-page] worker=50 stores=600 failed=1 products=522 by_platform={"shopify-html":201,"woocommerce-html":133,"shopify":2,"magento-html":26,"woocommerce":116,"schema-product":92,"magento":27,"bigcommerce-html":3}
[dp:wc] erothots1.com page=1 status=429 bodyLen=undefined
[dp] ecobee.com page=1 status=404 bodyLen=undefined
[dp] woodcraft.com page=1 status=429 bodyLen=undefined
[dp] piwik.pro page=1 status=200 bodyLen=200020
[dp] piwik.pro parse err: Unexpected token '<', "<!DOCTYPE "... is not valid JSON
[dp] westside.com page=1 status=429 bodyLen=undefined
[dp:wc] spiceworks.com page=1 status=401 bodyLen=undefined
[dp:wc] fnn.jp page=1 status=200 bodyLen=148627
[dp:wc] singaporeair.com page=1 status=404 bodyLen=undefined
[dp:wc] lazada.com.my page=1 status=200 bodyLen=1771
[dp:wc] mywellness.com page=1 status=200 bodyLen=842043
[dp] jbhifi.com.au page=1 status=429 bodyLen=undefined
[dp] vlr.gg page=1 status=404 bodyLen=undefined
[dp:wc] sift.com page=1 status=401 bodyLen=undefined
[dp] saya.pk page=1 status=429 bodyLen=undefined
[dp] flexport.com page=1 status=404 bodyLen=undefined
[dp:mg] learncbse.in page=1 status=200 bodyLen=107
[dp:wc] storysaver.net page=1 status=200 bodyLen=13630
[dp:wc] dan.com page=1 status=200 bodyLen=127011
[dp:wc] pair.com page=1 status=404 bodyLen=undefined
[dp:wc] siftscience.com page=1 status=401 bodyLen=undefined
[dp:mg] zr.ru page=1 status=0 bodyLen=undefined
[dp:mg] druni.es page=1 status=406 bodyLen=undefined
[dp] barnesandnoble.com page=1 status=429 bodyLen=undefined
[dp:wc] xskt.com.vn page=1 status=200 bodyLen=50214
[dp:wc] erothots.co page=1 status=429 bodyLen=undefined
[dp] wyze.com page=1 status=429 bodyLen=undefined
[dp:mg] brstej.com page=1 status=200 bodyLen=1024249
[deep-page] worker=26 stores=625 failed=1 products=523 by_platform={"shopify-html":205,"woocommerce-html":138,"shopify":2,"magento-html":28,"woocommerce":122,"schema-product":98,"magento":29,"bigcommerce-html":3}
[dp:wc] thenkiri.com page=1 status=404 bodyLen=undefined
[dp:wc] 8888.bg page=1 status=200 bodyLen=346876
[dp:mg] gpb.ru page=1 status=200 bodyLen=74
[dp] sendinblue.com page=1 status=404 bodyLen=undefined
[dp:wc] hostnet.nl page=1 status=404 bodyLen=undefined
[dp:wc] mobizil.com page=1 status=404 bodyLen=undefined
[dp] evri.com page=1 status=200 bodyLen=360360
[dp] evri.com parse err: Unexpected token '<', "<!DOCTYPE "... is not valid JSON
[dp] daisonet.com page=1 status=429 bodyLen=undefined
[dp:wc] namirial.it page=1 status=401 bodyLen=undefined
[dp:wc] codedish.co page=1 status=404 bodyLen=undefined
[prefilter] worker=74 checked=400/1000 passed=6 failed=394 by_platform={"shopify":3,"shopify-html":1,"schema-product":1,"woocommerce-html":1}
[dp] boat-lifestyle.com page=1 status=429 bodyLen=undefined
[dp:mg] truper.com page=1 status=200 bodyLen=36558
[dp] linksys.com page=1 status=429 bodyLen=undefined
[dp] everlane.com page=1 status=429 bodyLen=undefined
[dp] greatergood.com page=1 status=429 bodyLen=undefined
[dp] hyperx.com page=1 status=429 bodyLen=undefined
[dp:wc] erothots1.com page=1 status=429 bodyLen=undefined
[dp] saya.pk page=1 status=429 bodyLen=undefined
[dp:wc] tiamanhwa.com page=1 status=0 bodyLen=undefined
[dp:wc] seabank.co.id page=1 status=0 bodyLen=undefined
[dp:mg] net-empregos.com page=1 status=200 bodyLen=129465
[dp] aldoshoes.com page=1 status=429 bodyLen=undefined
[dp:wc] erothots.co page=1 status=429 bodyLen=undefined
[dp] glossier.com page=1 status=429 bodyLen=undefined
[dp] casper.com page=1 status=429 bodyLen=undefined
[dp] izotope.com page=1 status=429 bodyLen=undefined
[prefilter] worker=45 checked=350/1000 passed=1 failed=349 by_platform={"woocommerce":1}
[prefilter] worker=49 checked=350/999 passed=0 failed=350 by_platform={}
[prefilter] worker=51 checked=350/1000 passed=1 failed=349 by_platform={"woocommerce-html":1}
[prefilter] worker=2 checked=400/1000 passed=1 failed=399 by_platform={"woocommerce":1}
[prefilter] worker=49 checked=350/999 passed=4 failed=346 by_platform={"woocommerce":1,"woocommerce-html":3}
[prefilter] worker=35 checked=400/999 passed=4 failed=396 by_platform={"woocommerce":1,"woocommerce-html":3}
[dp:wc] gu-global.com page=1 status=0 bodyLen=undefined
[dp] americangirl.com page=1 status=429 bodyLen=undefined
[prefilter] worker=8 checked=400/1000 passed=1 failed=399 by_platform={"woocommerce-html":1}
[dp] solakon.de page=1 status=429 bodyLen=undefined
[dp] dollskill.com page=1 status=429 bodyLen=undefined
[dp] nooie.com page=1 status=429 bodyLen=undefined
[dp] woodcraft.com page=1 status=429 bodyLen=undefined
[prefilter] worker=7 checked=400/999 passed=0 failed=400 by_platform={}
[dp] jbhifi.com.au page=1 status=429 bodyLen=undefined
[dp] wyze.com page=1 status=429 bodyLen=undefined
[dp] daisonet.com page=1 status=429 bodyLen=undefined
[dp:wc] d21.team page=1 status=200 bodyLen=10217
[prefilter] worker=62 checked=450/1000 passed=6 failed=444 by_platform={"shopify":3,"shopify-html":1,"schema-product":1,"woocommerce-html":1}
[dp] morenutrition.de page=1 status=429 bodyLen=undefined
[dp] boat-lifestyle.com page=1 status=429 bodyLen=undefined
[dp:wc] lek-manga.net page=1 status=404 bodyLen=undefined
[dp] linksys.com page=1 status=429 bodyLen=undefined
[dp] saya.pk page=1 status=429 bodyLen=undefined
[dp:wc] erothots1.com page=1 status=429 bodyLen=undefined
[dp:wc] erothots.co page=1 status=429 bodyLen=undefined
[dp] society6.com page=1 status=429 bodyLen=undefined
[dp] gymshark.com page=1 status=429 bodyLen=undefined
[dp] westside.com page=1 status=429 bodyLen=undefined
[dp] barnesandnoble.com page=1 status=429 bodyLen=undefined
[dp] everlane.com page=1 status=429 bodyLen=undefined
[dp] greatergood.com page=1 status=429 bodyLen=undefined
[dp] hyperx.com page=1 status=429 bodyLen=undefined
[dp] aldoshoes.com page=1 status=429 bodyLen=undefined
[dp] glossier.com page=1 status=429 bodyLen=undefined
[dp] casper.com page=1 status=429 bodyLen=undefined
[dp] izotope.com page=1 status=429 bodyLen=undefined
[dp] americangirl.com page=1 status=429 bodyLen=undefined
[dp] solakon.de page=1 status=429 bodyLen=undefined
[dp] dollskill.com page=1 status=429 bodyLen=undefined
[dp] nooie.com page=1 status=429 bodyLen=undefined
[dp] woodcraft.com page=1 status=429 bodyLen=undefined
[dp] jbhifi.com.au page=1 status=429 bodyLen=undefined
[dp] wyze.com page=1 status=429 bodyLen=undefined
[dp] daisonet.com page=1 status=429 bodyLen=undefined
[dp] morenutrition.de page=1 status=429 bodyLen=undefined
[dp] boat-lifestyle.com page=1 status=429 bodyLen=undefined
[dp] linksys.com page=1 status=429 bodyLen=undefined
[dp] saya.pk page=1 status=429 bodyLen=undefined
[dp:wc] erothots1.com page=1 status=429 bodyLen=undefined
[dp] society6.com page=1 status=429 bodyLen=undefined
[dp:wc] erothots.co page=1 status=429 bodyLen=undefined
[dp] gymshark.com page=1 status=429 bodyLen=undefined
[dp] westside.com page=1 status=429 bodyLen=undefined
[dp] barnesandnoble.com page=1 status=429 bodyLen=undefined
[dp] everlane.com page=1 status=429 bodyLen=undefined
[dp] greatergood.com page=1 status=429 bodyLen=undefined
[dp] hyperx.com page=1 status=429 bodyLen=undefined
[dp] aldoshoes.com page=1 status=429 bodyLen=undefined
[dp] glossier.com page=1 status=429 bodyLen=undefined
[dp] casper.com page=1 status=429 bodyLen=undefined
[dp] izotope.com page=1 status=429 bodyLen=undefined
[dp] americangirl.com page=1 status=429 bodyLen=undefined
[dp] solakon.de page=1 status=429 bodyLen=undefined
[dp] dollskill.com page=1 status=429 bodyLen=undefined
[dp] nooie.com page=1 status=429 bodyLen=undefined
[dp] woodcraft.com page=1 status=429 bodyLen=undefined
[dp] jbhifi.com.au page=1 status=429 bodyLen=undefined
[dp] wyze.com page=1 status=429 bodyLen=undefined
[dp] daisonet.com page=1 status=429 bodyLen=undefined
[dp] morenutrition.de page=1 status=429 bodyLen=undefined
[dp] boat-lifestyle.com page=1 status=429 bodyLen=undefined
[dp] linksys.com page=1 status=429 bodyLen=undefined
[dp] saya.pk page=1 status=429 bodyLen=undefined
[prefilter] worker=13 checked=500/1000 passed=6 failed=494 by_platform={"shopify":3,"shopify-html":1,"schema-product":1,"woocommerce-html":1}
[dp] society6.com page=1 status=429 bodyLen=undefined
[deep-page] worker=42 stores=650 failed=1 products=531 by_platform={"shopify-html":207,"woocommerce-html":145,"shopify":5,"magento-html":30,"woocommerce":126,"schema-product":104,"magento":30,"bigcommerce-html":3}
[dp:wc] erothots1.com page=1 status=429 bodyLen=undefined
[dp] gymshark.com page=1 status=429 bodyLen=undefined
[dp] westside.com page=1 status=429 bodyLen=undefined
[dp:wc] erothots.co page=1 status=429 bodyLen=undefined
[prefilter] worker=65 checked=450/1000 passed=1 failed=449 by_platform={"woocommerce":1}
[prefilter] worker=62 checked=450/1000 passed=1 failed=449 by_platform={"woocommerce-html":1}
[prefilter] worker=57 checked=450/999 passed=0 failed=450 by_platform={}
[prefilter] worker=85 checked=450/999 passed=4 failed=446 by_platform={"woocommerce":1,"woocommerce-html":3}
[prefilter] worker=95 checked=500/1000 passed=1 failed=499 by_platform={"woocommerce":1}
[prefilter] worker=97 checked=500/999 passed=4 failed=496 by_platform={"woocommerce":1,"woocommerce-html":3}
[prefilter] worker=5 checked=500/1000 passed=1 failed=499 by_platform={"woocommerce-html":1}
[prefilter] worker=7 checked=500/999 passed=0 failed=500 by_platform={}
[dp] everlane.com page=1 status=429 bodyLen=undefined
[dp] greatergood.com page=1 status=429 bodyLen=undefined
[dp] hyperx.com page=1 status=429 bodyLen=undefined
[dp] aldoshoes.com page=1 status=429 bodyLen=undefined
[prefilter] worker=96 checked=550/1000 passed=6 failed=544 by_platform={"shopify":3,"shopify-html":1,"schema-product":1,"woocommerce-html":1}
[dp] glossier.com page=1 status=200 bodyLen=1322990
[dp] izotope.com page=1 status=200 bodyLen=100154
[dp] casper.com page=1 status=200 bodyLen=889324
[dp] solakon.de page=1 status=429 bodyLen=undefined
[dp] dollskill.com page=1 status=429 bodyLen=undefined
[dp] nooie.com page=1 status=429 bodyLen=undefined
[dp] casper.com page=2 status=200 bodyLen=72782
[dp] woodcraft.com page=1 status=429 bodyLen=undefined
[dp] americangirl.com page=1 status=200 bodyLen=1528943
[dp] jbhifi.com.au page=1 status=429 bodyLen=undefined
[dp] americangirl.com page=2 status=200 bodyLen=751208
[dp] wyze.com page=1 status=429 bodyLen=undefined
[dp] daisonet.com page=1 status=429 bodyLen=undefined
[dp] boat-lifestyle.com page=1 status=429 bodyLen=undefined
[dp] linksys.com page=1 status=200 bodyLen=15
[dp] linksys.com no products
[dp] saya.pk page=1 status=200 bodyLen=1848293
[dp] saya.pk page=2 status=200 bodyLen=1815634
[dp:wc] erothots1.com page=1 status=429 bodyLen=undefined
[dp:wc] erothots.co page=1 status=429 bodyLen=undefined
[deep-page] DONE: {"stores_processed":672,"stores_failed":1,"total_products":1954,"by_platform":{"shopify-html":210,"woocommerce-html":145,"shopify":22,"magento-html":30,"woocommerce":128,"schema-product":104,"magento":30,"bigcommerce-html":3},"started_at":"2026-06-11T13:32:08.662Z","finished_at":"2026-06-11T13:33:42.061Z","output_rows":1954}
[prefilter] worker=74 checked=600/1000 passed=6 failed=594 by_platform={"shopify":3,"shopify-html":1,"schema-product":1,"woocommerce-html":1}
[prefilter] worker=44 checked=550/1000 passed=1 failed=549 by_platform={"woocommerce":1}
[prefilter] worker=49 checked=550/999 passed=0 failed=550 by_platform={}
[prefilter] worker=5 checked=600/1000 passed=1 failed=599 by_platform={"woocommerce":1}
[prefilter] worker=51 checked=550/1000 passed=1 failed=549 by_platform={"woocommerce-html":1}
[prefilter] worker=49 checked=550/999 passed=4 failed=546 by_platform={"woocommerce":1,"woocommerce-html":3}
[prefilter] worker=40 checked=600/999 passed=4 failed=596 by_platform={"woocommerce":1,"woocommerce-html":3}
[prefilter] worker=8 checked=600/1000 passed=1 failed=599 by_platform={"woocommerce-html":1}
[prefilter] worker=7 checked=600/999 passed=0 failed=600 by_platform={}
[prefilter] worker=62 checked=650/1000 passed=6 failed=644 by_platform={"shopify":3,"shopify-html":1,"schema-product":1,"woocommerce-html":1}
[prefilter] worker=13 checked=700/1000 passed=6 failed=694 by_platform={"shopify":3,"shopify-html":1,"schema-product":1,"woocommerce-html":1}
[prefilter] worker=65 checked=650/1000 passed=1 failed=649 by_platform={"woocommerce":1}
[prefilter] worker=57 checked=650/999 passed=0 failed=650 by_platform={}
[prefilter] worker=62 checked=650/1000 passed=1 failed=649 by_platform={"woocommerce-html":1}
[prefilter] worker=95 checked=700/1000 passed=1 failed=699 by_platform={"woocommerce":1}
[prefilter] worker=85 checked=650/999 passed=4 failed=646 by_platform={"woocommerce":1,"woocommerce-html":3}
[prefilter] worker=80 checked=700/999 passed=4 failed=696 by_platform={"woocommerce":1,"woocommerce-html":3}
[prefilter] worker=5 checked=700/1000 passed=1 failed=699 by_platform={"woocommerce-html":1}
[prefilter] worker=7 checked=700/999 passed=0 failed=700 by_platform={}
[prefilter] worker=96 checked=750/1000 passed=6 failed=744 by_platform={"shopify":3,"shopify-html":1,"schema-product":1,"woocommerce-html":1}
[prefilter] worker=74 checked=800/1000 passed=6 failed=794 by_platform={"shopify":3,"shopify-html":1,"schema-product":1,"woocommerce-html":1}
[prefilter] worker=49 checked=750/999 passed=0 failed=750 by_platform={}
[prefilter] worker=45 checked=750/1000 passed=1 failed=749 by_platform={"woocommerce":1}
[prefilter] worker=2 checked=800/1000 passed=1 failed=799 by_platform={"woocommerce":1}
[prefilter] worker=51 checked=750/1000 passed=1 failed=749 by_platform={"woocommerce-html":1}
[prefilter] worker=49 checked=750/999 passed=4 failed=746 by_platform={"woocommerce":1,"woocommerce-html":3}
[prefilter] worker=98 checked=800/999 passed=4 failed=796 by_platform={"woocommerce":1,"woocommerce-html":3}
[prefilter] worker=8 checked=800/1000 passed=1 failed=799 by_platform={"woocommerce-html":1}
[prefilter] worker=7 checked=800/999 passed=0 failed=800 by_platform={}
[prefilter] worker=62 checked=850/1000 passed=6 failed=844 by_platform={"shopify":3,"shopify-html":1,"schema-product":1,"woocommerce-html":1}
[prefilter] worker=13 checked=900/1000 passed=6 failed=894 by_platform={"shopify":3,"shopify-html":1,"schema-product":1,"woocommerce-html":1}
[prefilter] worker=66 checked=850/1000 passed=1 failed=849 by_platform={"woocommerce":1}
[prefilter] worker=57 checked=850/999 passed=0 failed=850 by_platform={}
[prefilter] worker=85 checked=850/999 passed=4 failed=846 by_platform={"woocommerce":1,"woocommerce-html":3}
[prefilter] worker=62 checked=850/1000 passed=1 failed=849 by_platform={"woocommerce-html":1}
[prefilter] worker=94 checked=900/1000 passed=1 failed=899 by_platform={"woocommerce":1}
[prefilter] worker=39 checked=900/999 passed=4 failed=896 by_platform={"woocommerce":1,"woocommerce-html":3}
[prefilter] worker=5 checked=900/1000 passed=1 failed=899 by_platform={"woocommerce-html":1}
[prefilter] worker=7 checked=900/999 passed=0 failed=900 by_platform={}
[prefilter] worker=96 checked=950/1000 passed=6 failed=944 by_platform={"shopify":3,"shopify-html":1,"schema-product":1,"woocommerce-html":1}
[prefilter] worker=13 checked=1000/1000 passed=6 failed=994 by_platform={"shopify":3,"shopify-html":1,"schema-product":1,"woocommerce-html":1}
[prefilter] done: {"checked":1000,"passed":6,"failed":994,"by_platform":{"shopify":3,"shopify-html":1,"schema-product":1,"woocommerce-html":1},"started_at":"2026-06-11T13:29:53.805Z","finished_at":"2026-06-11T13:36:54.546Z","output":"data/discovery_2026-06-11/prefilter_parallel/cursor_90000/split1.ndjson","output_rows":6}
[prefilter] worker=55 checked=950/999 passed=0 failed=950 by_platform={}
[prefilter] worker=11 checked=999/999 passed=0 failed=999 by_platform={}
[prefilter] done: {"checked":999,"passed":0,"failed":999,"by_platform":{},"started_at":"2026-06-11T13:29:53.816Z","finished_at":"2026-06-11T13:36:58.607Z","output":"data/discovery_2026-06-11/prefilter_parallel/cursor_90000/split5.ndjson","output_rows":0}
[prefilter] worker=57 checked=950/1000 passed=1 failed=949 by_platform={"woocommerce":1}
[prefilter] worker=20 checked=1000/1000 passed=1 failed=999 by_platform={"woocommerce":1}
[prefilter] done: {"checked":1000,"passed":1,"failed":999,"by_platform":{"woocommerce":1},"started_at":"2026-06-11T13:29:53.778Z","finished_at":"2026-06-11T13:36:58.632Z","output":"data/discovery_2026-06-11/prefilter_parallel/cursor_90000/split2.ndjson","output_rows":1}
[prefilter] worker=62 checked=950/1000 passed=1 failed=949 by_platform={"woocommerce-html":1}
[prefilter] worker=79 checked=950/999 passed=4 failed=946 by_platform={"woocommerce":1,"woocommerce-html":3}
[prefilter] worker=62 checked=999/999 passed=4 failed=995 by_platform={"woocommerce":1,"woocommerce-html":3}
[prefilter] done: {"checked":999,"passed":4,"failed":995,"by_platform":{"woocommerce":1,"woocommerce-html":3},"started_at":"2026-06-11T13:29:53.814Z","finished_at":"2026-06-11T13:36:58.709Z","output":"data/discovery_2026-06-11/prefilter_parallel/cursor_90000/split4.ndjson","output_rows":4}
[prefilter] worker=8 checked=1000/1000 passed=1 failed=999 by_platform={"woocommerce-html":1}
[prefilter] done: {"checked":1000,"passed":1,"failed":999,"by_platform":{"woocommerce-html":1},"started_at":"2026-06-11T13:29:53.826Z","finished_at":"2026-06-11T13:36:59.156Z","output":"data/discovery_2026-06-11/prefilter_parallel/cursor_90000/split3.ndjson","output_rows":1}
[Thu Jun 11 13:37:17 UTC 2026] Cursor 90000: 12 stores passed prefilter
[deep-page] input records=12 ecom=12 by_platform={"shopify":3,"shopify-html":1,"schema-product":1,"woocommerce-html":5,"woocommerce":2} concurrency=50
[dp] wtflex.in page=1 status=429 bodyLen=undefined
[dp] ssptex.com page=1 status=429 bodyLen=undefined
[dp] zeenwoman.com page=1 status=429 bodyLen=undefined
[dp] blackberrys.com page=1 status=429 bodyLen=undefined
[dp:wc] protecthealth.com.my page=1 status=404 bodyLen=undefined
[dp:wc] telugujobspoint.com page=1 status=404 bodyLen=undefined
[dp:wc] 29empire-54.site page=1 status=200 bodyLen=141091
[dp:wc] jzaas.com page=1 status=404 bodyLen=undefined
[dp:wc] teamvedika.com page=1 status=404 bodyLen=undefined
[dp:wc] telkomschools.sch.id page=1 status=401 bodyLen=undefined
[dp] wtflex.in page=1 status=429 bodyLen=undefined
[dp] zeenwoman.com page=1 status=429 bodyLen=undefined
[dp] ssptex.com page=1 status=429 bodyLen=undefined
[dp] blackberrys.com page=1 status=429 bodyLen=undefined
[dp] wtflex.in page=1 status=429 bodyLen=undefined
[dp] zeenwoman.com page=1 status=429 bodyLen=undefined
[dp] ssptex.com page=1 status=429 bodyLen=undefined
[dp] blackberrys.com page=1 status=429 bodyLen=undefined
[dp:wc] tanjunggo.ink page=1 status=0 bodyLen=undefined
[dp] ssptex.com page=1 status=429 bodyLen=undefined
[dp] wtflex.in page=1 status=429 bodyLen=undefined
[dp] zeenwoman.com page=1 status=429 bodyLen=undefined
[dp] blackberrys.com page=1 status=429 bodyLen=undefined
[dp] ssptex.com page=1 status=429 bodyLen=undefined
[dp] wtflex.in page=1 status=429 bodyLen=undefined
[dp] zeenwoman.com page=1 status=429 bodyLen=undefined
[dp] blackberrys.com page=1 status=429 bodyLen=undefined
[dp] ssptex.com page=1 status=429 bodyLen=undefined
[dp] wtflex.in page=1 status=429 bodyLen=undefined
[dp] zeenwoman.com page=1 status=429 bodyLen=undefined
[dp] blackberrys.com page=1 status=429 bodyLen=undefined
[deep-page] DONE: {"stores_processed":12,"stores_failed":0,"total_products":1,"by_platform":{"woocommerce-html":5,"woocommerce":2,"schema-product":1,"shopify":3,"shopify-html":1},"started_at":"2026-06-11T13:37:18.055Z","finished_at":"2026-06-11T13:38:18.243Z","output_rows":1}
[Thu Jun 11 13:38:18 UTC 2026] Cursor 95000: 1 products extracted
(node:3295590) Warning: SECURITY WARNING: The SSL modes 'prefer', 'require', and 'verify-ca' are treated as aliases for 'verify-full'.
In the next major version (pg-connection-string v3.0.0 and pg v9.0.0), these modes will adopt standard libpq semantics, which have weaker security guarantees.

To prepare for this change:
- If you want the current behavior, explicitly use 'sslmode=verify-full'
- If you want libpq compatibility now, use 'uselibpqcompat=true&sslmode=require'

See https://www.postgresql.org/docs/current/libpq-ssl.html for libpq SSL mode definitions.
(Use `node --trace-warnings ...` to show where the warning was created)
(node:3295590) Warning: Setting the NODE_TLS_REJECT_UNAUTHORIZED environment variable to '0' makes TLS connections and HTTPS requests insecure by disabling certificate verification.
[ingest-daemon] {"ts":"2026-06-11T13:38:26.138Z","file":"products_cursor_95000.ndjson.processing.ndjson","rows":1,"written":1,"fabricated":false,"fabrication_share":{"zeroPriceShare":1,"nullImageShare":0,"nullSkuShare":0,"emptyTitleShare":0},"elapsed_ms":2187,"rows_per_sec":"0.5"}
[ingest-daemon] dedup: 658 -> 657 (removed 1 duplicate skus)
[ingest-daemon] {"ts":"2026-06-11T13:38:30.661Z","file":"wave4_products.ndjson.processing.ndjson","rows":658,"written":657,"fabricated":false,"fabrication_share":{"zeroPriceShare":0.0015220700152207,"nullImageShare":0,"nullSkuShare":0,"emptyTitleShare":0},"elapsed_ms":4519,"rows_per_sec":"145.4"}
[Thu Jun 11 13:38:30 UTC 2026] Cursor 95000: ingested 1 (session cumulative: 12332)
[Thu Jun 11 13:38:32 UTC 2026] Cursor 95000 batch 20: 5000 domains (lines 95001-100000)
[prefilter] input=/tmp/loop_split_95000_1.txt domains=998 concurrency=100
[prefilter] input=/tmp/loop_split_95000_5.txt domains=999 concurrency=100
[prefilter] input=/tmp/loop_split_95000_4.txt domains=1000 concurrency=100
[prefilter] input=/tmp/loop_split_95000_3.txt domains=999 concurrency=100
[prefilter] input=/tmp/loop_split_95000_2.txt domains=998 concurrency=100
[prefilter] worker=25 checked=50/1000 passed=7 failed=43 by_platform={"schema-product":1,"woocommerce-html":2,"magento":1,"shopify-html":2,"woocommerce":1}
[prefilter] worker=36 checked=50/998 passed=3 failed=47 by_platform={"woocommerce-html":1,"shopify-html":1,"woocommerce":1}
[prefilter] worker=53 checked=50/999 passed=4 failed=46 by_platform={"schema-product":1,"shopify-html":1,"woocommerce-html":2}
[prefilter] worker=34 checked=100/1000 passed=15 failed=85 by_platform={"schema-product":1,"woocommerce-html":5,"magento":1,"shopify-html":2,"woocommerce":3,"magento-html":3}
[prefilter] worker=74 checked=50/999 passed=2 failed=48 by_platform={"shopify-html":1,"magento":1}
[prefilter] worker=64 checked=50/998 passed=0 failed=50 by_platform={}
[prefilter] worker=18 checked=100/998 passed=0 failed=100 by_platform={}
[prefilter] worker=12 checked=100/998 passed=3 failed=97 by_platform={"woocommerce-html":1,"shopify-html":1,"woocommerce":1}
[prefilter] worker=65 checked=100/999 passed=4 failed=96 by_platform={"schema-product":1,"shopify-html":1,"woocommerce-html":2}
[prefilter] worker=27 checked=100/999 passed=2 failed=98 by_platform={"shopify-html":1,"magento":1}
[prefilter] worker=20 checked=150/1000 passed=18 failed=132 by_platform={"schema-product":1,"woocommerce-html":7,"magento":1,"shopify-html":2,"woocommerce":4,"magento-html":3}
[prefilter] worker=20 checked=150/998 passed=3 failed=147 by_platform={"woocommerce-html":1,"shopify-html":1,"woocommerce":1}
[prefilter] worker=53 checked=150/999 passed=4 failed=146 by_platform={"schema-product":1,"shopify-html":1,"woocommerce-html":2}
[prefilter] worker=14 checked=200/1000 passed=18 failed=182 by_platform={"schema-product":1,"woocommerce-html":7,"magento":1,"shopify-html":2,"woocommerce":4,"magento-html":3}
[prefilter] worker=55 checked=150/999 passed=2 failed=148 by_platform={"shopify-html":1,"magento":1}
[prefilter] worker=57 checked=150/998 passed=0 failed=150 by_platform={}
[prefilter] worker=1 checked=200/998 passed=0 failed=200 by_platform={}
[prefilter] worker=38 checked=200/998 passed=3 failed=197 by_platform={"woocommerce-html":1,"shopify-html":1,"woocommerce":1}
[prefilter] worker=57 checked=200/999 passed=4 failed=196 by_platform={"schema-product":1,"shopify-html":1,"woocommerce-html":2}
[prefilter] worker=41 checked=200/999 passed=2 failed=198 by_platform={"shopify-html":1,"magento":1}
[prefilter] worker=76 checked=250/1000 passed=18 failed=232 by_platform={"schema-product":1,"woocommerce-html":7,"magento":1,"shopify-html":2,"woocommerce":4,"magento-html":3}
[prefilter] worker=36 checked=250/998 passed=3 failed=247 by_platform={"woocommerce-html":1,"shopify-html":1,"woocommerce":1}
[prefilter] worker=53 checked=250/999 passed=4 failed=246 by_platform={"schema-product":1,"shopify-html":1,"woocommerce-html":2}
[prefilter] worker=43 checked=300/1000 passed=18 failed=282 by_platform={"schema-product":1,"woocommerce-html":7,"magento":1,"shopify-html":2,"woocommerce":4,"magento-html":3}
[prefilter] worker=53 checked=250/999 passed=2 failed=248 by_platform={"shopify-html":1,"magento":1}
[prefilter] worker=64 checked=250/998 passed=0 failed=250 by_platform={}
[prefilter] worker=18 checked=300/998 passed=0 failed=300 by_platform={}
[prefilter] worker=12 checked=300/998 passed=3 failed=297 by_platform={"woocommerce-html":1,"shopify-html":1,"woocommerce":1}
[prefilter] worker=65 checked=300/999 passed=4 failed=296 by_platform={"schema-product":1,"shopify-html":1,"woocommerce-html":2}
[prefilter] worker=15 checked=300/999 passed=2 failed=298 by_platform={"shopify-html":1,"magento":1}
[prefilter] worker=20 checked=350/1000 passed=18 failed=332 by_platform={"schema-product":1,"woocommerce-html":7,"magento":1,"shopify-html":2,"woocommerce":4,"magento-html":3}
[prefilter] worker=20 checked=350/998 passed=3 failed=347 by_platform={"woocommerce-html":1,"shopify-html":1,"woocommerce":1}
[prefilter] worker=53 checked=350/999 passed=4 failed=346 by_platform={"schema-product":1,"shopify-html":1,"woocommerce-html":2}
[prefilter] worker=14 checked=400/1000 passed=18 failed=382 by_platform={"schema-product":1,"woocommerce-html":7,"magento":1,"shopify-html":2,"woocommerce":4,"magento-html":3}
[prefilter] worker=49 checked=350/999 passed=2 failed=348 by_platform={"shopify-html":1,"magento":1}
[prefilter] worker=55 checked=350/998 passed=0 failed=350 by_platform={}
[prefilter] worker=1 checked=400/998 passed=0 failed=400 by_platform={}
[prefilter] worker=38 checked=400/998 passed=3 failed=397 by_platform={"woocommerce-html":1,"shopify-html":1,"woocommerce":1}
[prefilter] worker=57 checked=400/999 passed=4 failed=396 by_platform={"schema-product":1,"shopify-html":1,"woocommerce-html":2}
[prefilter] worker=27 checked=400/999 passed=2 failed=398 by_platform={"shopify-html":1,"magento":1}
[prefilter] worker=76 checked=450/1000 passed=18 failed=432 by_platform={"schema-product":1,"woocommerce-html":7,"magento":1,"shopify-html":2,"woocommerce":4,"magento-html":3}
[prefilter] worker=36 checked=450/998 passed=3 failed=447 by_platform={"woocommerce-html":1,"shopify-html":1,"woocommerce":1}
[prefilter] worker=53 checked=450/999 passed=4 failed=446 by_platform={"schema-product":1,"shopify-html":1,"woocommerce-html":2}
[prefilter] worker=43 checked=500/1000 passed=18 failed=482 by_platform={"schema-product":1,"woocommerce-html":7,"magento":1,"shopify-html":2,"woocommerce":4,"magento-html":3}
[prefilter] worker=53 checked=450/999 passed=2 failed=448 by_platform={"shopify-html":1,"magento":1}
[prefilter] worker=63 checked=450/998 passed=0 failed=450 by_platform={}
[prefilter] worker=18 checked=500/998 passed=0 failed=500 by_platform={}
[prefilter] worker=12 checked=500/998 passed=3 failed=497 by_platform={"woocommerce-html":1,"shopify-html":1,"woocommerce":1}
[prefilter] worker=65 checked=500/999 passed=4 failed=496 by_platform={"schema-product":1,"shopify-html":1,"woocommerce-html":2}
[prefilter] worker=25 checked=500/999 passed=2 failed=498 by_platform={"shopify-html":1,"magento":1}
[prefilter] worker=20 checked=550/1000 passed=18 failed=532 by_platform={"schema-product":1,"woocommerce-html":7,"magento":1,"shopify-html":2,"woocommerce":4,"magento-html":3}
[prefilter] worker=20 checked=550/998 passed=3 failed=547 by_platform={"woocommerce-html":1,"shopify-html":1,"woocommerce":1}
[prefilter] worker=53 checked=550/999 passed=4 failed=546 by_platform={"schema-product":1,"shopify-html":1,"woocommerce-html":2}
[prefilter] worker=14 checked=600/1000 passed=18 failed=582 by_platform={"schema-product":1,"woocommerce-html":7,"magento":1,"shopify-html":2,"woocommerce":4,"magento-html":3}
[prefilter] worker=49 checked=550/999 passed=2 failed=548 by_platform={"shopify-html":1,"magento":1}
[prefilter] worker=57 checked=550/998 passed=0 failed=550 by_platform={}
[prefilter] worker=1 checked=600/998 passed=0 failed=600 by_platform={}
[prefilter] worker=38 checked=600/998 passed=3 failed=597 by_platform={"woocommerce-html":1,"shopify-html":1,"woocommerce":1}
[prefilter] worker=57 checked=600/999 passed=4 failed=596 by_platform={"schema-product":1,"shopify-html":1,"woocommerce-html":2}
[prefilter] worker=25 checked=600/999 passed=2 failed=598 by_platform={"shopify-html":1,"magento":1}
[prefilter] worker=76 checked=650/1000 passed=18 failed=632 by_platform={"schema-product":1,"woocommerce-html":7,"magento":1,"shopify-html":2,"woocommerce":4,"magento-html":3}
[prefilter] worker=36 checked=650/998 passed=3 failed=647 by_platform={"woocommerce-html":1,"shopify-html":1,"woocommerce":1}
[prefilter] worker=53 checked=650/999 passed=4 failed=646 by_platform={"schema-product":1,"shopify-html":1,"woocommerce-html":2}
[prefilter] worker=43 checked=700/1000 passed=18 failed=682 by_platform={"schema-product":1,"woocommerce-html":7,"magento":1,"shopify-html":2,"woocommerce":4,"magento-html":3}
[prefilter] worker=55 checked=650/999 passed=2 failed=648 by_platform={"shopify-html":1,"magento":1}
[prefilter] worker=65 checked=650/998 passed=0 failed=650 by_platform={}
[prefilter] worker=18 checked=700/998 passed=0 failed=700 by_platform={}
[prefilter] worker=12 checked=700/998 passed=3 failed=697 by_platform={"woocommerce-html":1,"shopify-html":1,"woocommerce":1}
[prefilter] worker=65 checked=700/999 passed=4 failed=696 by_platform={"schema-product":1,"shopify-html":1,"woocommerce-html":2}
[prefilter] worker=15 checked=700/999 passed=2 failed=698 by_platform={"shopify-html":1,"magento":1}
[prefilter] worker=20 checked=750/1000 passed=18 failed=732 by_platform={"schema-product":1,"woocommerce-html":7,"magento":1,"shopify-html":2,"woocommerce":4,"magento-html":3}
[prefilter] worker=20 checked=750/998 passed=3 failed=747 by_platform={"woocommerce-html":1,"shopify-html":1,"woocommerce":1}
[prefilter] worker=53 checked=750/999 passed=4 failed=746 by_platform={"schema-product":1,"shopify-html":1,"woocommerce-html":2}
[prefilter] worker=14 checked=800/1000 passed=18 failed=782 by_platform={"schema-product":1,"woocommerce-html":7,"magento":1,"shopify-html":2,"woocommerce":4,"magento-html":3}
[prefilter] worker=49 checked=750/999 passed=2 failed=748 by_platform={"shopify-html":1,"magento":1}
[prefilter] worker=55 checked=750/998 passed=0 failed=750 by_platform={}
[prefilter] worker=1 checked=800/998 passed=0 failed=800 by_platform={}
[prefilter] worker=38 checked=800/998 passed=3 failed=797 by_platform={"woocommerce-html":1,"shopify-html":1,"woocommerce":1}
[prefilter] worker=57 checked=800/999 passed=4 failed=796 by_platform={"schema-product":1,"shopify-html":1,"woocommerce-html":2}
[prefilter] worker=25 checked=800/999 passed=2 failed=798 by_platform={"shopify-html":1,"magento":1}
[prefilter] worker=76 checked=850/1000 passed=18 failed=832 by_platform={"schema-product":1,"woocommerce-html":7,"magento":1,"shopify-html":2,"woocommerce":4,"magento-html":3}
[prefilter] worker=36 checked=850/998 passed=3 failed=847 by_platform={"woocommerce-html":1,"shopify-html":1,"woocommerce":1}
[prefilter] worker=53 checked=850/999 passed=4 failed=846 by_platform={"schema-product":1,"shopify-html":1,"woocommerce-html":2}
[prefilter] worker=43 checked=900/1000 passed=18 failed=882 by_platform={"schema-product":1,"woocommerce-html":7,"magento":1,"shopify-html":2,"woocommerce":4,"magento-html":3}
[prefilter] worker=55 checked=850/999 passed=2 failed=848 by_platform={"shopify-html":1,"magento":1}
[prefilter] worker=63 checked=850/998 passed=0 failed=850 by_platform={}
[prefilter] worker=18 checked=900/998 passed=0 failed=900 by_platform={}
[prefilter] worker=12 checked=900/998 passed=3 failed=897 by_platform={"woocommerce-html":1,"shopify-html":1,"woocommerce":1}
[prefilter] worker=65 checked=900/999 passed=4 failed=896 by_platform={"schema-product":1,"shopify-html":1,"woocommerce-html":2}
[prefilter] worker=15 checked=900/999 passed=2 failed=898 by_platform={"shopify-html":1,"magento":1}
[prefilter] worker=90 checked=950/1000 passed=18 failed=932 by_platform={"schema-product":1,"woocommerce-html":7,"magento":1,"shopify-html":2,"woocommerce":4,"magento-html":3}
[prefilter] worker=20 checked=950/998 passed=3 failed=947 by_platform={"woocommerce-html":1,"shopify-html":1,"woocommerce":1}
[prefilter] worker=53 checked=950/999 passed=4 failed=946 by_platform={"schema-product":1,"shopify-html":1,"woocommerce-html":2}
[prefilter] worker=34 checked=1000/1000 passed=18 failed=982 by_platform={"schema-product":1,"woocommerce-html":7,"magento":1,"shopify-html":2,"woocommerce":4,"magento-html":3}
[prefilter] done: {"checked":1000,"passed":18,"failed":982,"by_platform":{"schema-product":1,"woocommerce-html":7,"magento":1,"shopify-html":2,"woocommerce":4,"magento-html":3},"started_at":"2026-06-11T13:38:33.030Z","finished_at":"2026-06-11T13:45:16.701Z","output":"data/discovery_2026-06-11/prefilter_parallel/cursor_95000/split4.ndjson","output_rows":18}
[prefilter] worker=53 checked=950/999 passed=2 failed=948 by_platform={"shopify-html":1,"magento":1}
[prefilter] worker=67 checked=950/998 passed=0 failed=950 by_platform={}
[prefilter] worker=11 checked=998/998 passed=0 failed=998 by_platform={}
[prefilter] done: {"checked":998,"passed":0,"failed":998,"by_platform":{},"started_at":"2026-06-11T13:38:32.973Z","finished_at":"2026-06-11T13:45:38.611Z","output":"data/discovery_2026-06-11/prefilter_parallel/cursor_95000/split1.ndjson","output_rows":0}
[prefilter] worker=57 checked=998/998 passed=3 failed=995 by_platform={"woocommerce-html":1,"shopify-html":1,"woocommerce":1}
[prefilter] done: {"checked":998,"passed":3,"failed":995,"by_platform":{"woocommerce-html":1,"shopify-html":1,"woocommerce":1},"started_at":"2026-06-11T13:38:33.056Z","finished_at":"2026-06-11T13:45:40.856Z","output":"data/discovery_2026-06-11/prefilter_parallel/cursor_95000/split2.ndjson","output_rows":3}
[prefilter] worker=22 checked=999/999 passed=4 failed=995 by_platform={"schema-product":1,"shopify-html":1,"woocommerce-html":2}
[prefilter] done: {"checked":999,"passed":4,"failed":995,"by_platform":{"schema-product":1,"shopify-html":1,"woocommerce-html":2},"started_at":"2026-06-11T13:38:33.035Z","finished_at":"2026-06-11T13:45:41.325Z","output":"data/discovery_2026-06-11/prefilter_parallel/cursor_95000/split3.ndjson","output_rows":4}
[prefilter] worker=41 checked=999/999 passed=2 failed=997 by_platform={"shopify-html":1,"magento":1}
[prefilter] done: {"checked":999,"passed":2,"failed":997,"by_platform":{"shopify-html":1,"magento":1},"started_at":"2026-06-11T13:38:33.027Z","finished_at":"2026-06-11T13:45:41.795Z","output":"data/discovery_2026-06-11/prefilter_parallel/cursor_95000/split5.ndjson","output_rows":2}
[Thu Jun 11 13:45:52 UTC 2026] Cursor 95000: 27 stores passed prefilter
[deep-page] input records=27 ecom=27 by_platform={"woocommerce-html":10,"shopify-html":5,"woocommerce":5,"schema-product":2,"magento":2,"magento-html":3} concurrency=50
[dp:wc] planable.io page=1 status=404 bodyLen=undefined
[dp:wc] brownstone.org page=1 status=403 bodyLen=undefined
[dp] ozow.com page=1 status=404 bodyLen=undefined
[dp] readdy.ai page=1 status=200 bodyLen=6011
[dp] readdy.ai parse err: Unexpected token '<', "<!doctype "... is not valid JSON
[dp:wc] networkcomputing.com page=1 status=200 bodyLen=314187
[dp:wc] lp.org page=1 status=404 bodyLen=undefined
[dp] otto.vet page=1 status=404 bodyLen=undefined
[dp:mg] gamesvessel.com page=1 status=200 bodyLen=204
[dp:mg] springerpub.com page=1 status=401 bodyLen=undefined
[dp:wc] eximdigital.com page=1 status=404 bodyLen=undefined
[dp:wc] etonechto.com page=1 status=404 bodyLen=undefined
[dp:wc] nowtolove.com.au page=1 status=404 bodyLen=undefined
[dp:mg] subdued.com page=1 status=401 bodyLen=undefined
[dp:mg] ariston.com page=1 status=404 bodyLen=undefined
[dp:wc] fitatu.com page=1 status=200 bodyLen=228287
[dp] formilla.com page=1 status=404 bodyLen=undefined
[dp:mg] imagequix.com page=1 status=200 bodyLen=107
[dp] slicktext.com page=1 status=404 bodyLen=undefined
[dp:wc] wildundhund.de page=1 status=404 bodyLen=undefined
[dp:wc] metalink.net page=1 status=404 bodyLen=undefined
[dp:wc] teias.gov.tr page=1 status=200 bodyLen=56264
[dp:wc] innoscale.net page=1 status=404 bodyLen=undefined
[dp:wc] barilliance.com page=1 status=404 bodyLen=undefined
[deep-page] worker=17 stores=25 failed=0 products=1 by_platform={"woocommerce-html":10,"shopify-html":5,"woocommerce":3,"schema-product":2,"magento":2,"magento-html":3}
[dp:wc] novonesis.com page=1 status=200 bodyLen=291864
[dp:wc] dinamize.com page=1 status=200 bodyLen=889639
[deep-page] DONE: {"stores_processed":27,"stores_failed":0,"total_products":1,"by_platform":{"woocommerce-html":10,"shopify-html":5,"woocommerce":5,"schema-product":2,"magento":2,"magento-html":3},"started_at":"2026-06-11T13:45:52.282Z","finished_at":"2026-06-11T13:45:57.971Z","output_rows":1}
[Thu Jun 11 13:45:57 UTC 2026] Cursor 100000: 1 products extracted
(node:3317697) Warning: SECURITY WARNING: The SSL modes 'prefer', 'require', and 'verify-ca' are treated as aliases for 'verify-full'.
In the next major version (pg-connection-string v3.0.0 and pg v9.0.0), these modes will adopt standard libpq semantics, which have weaker security guarantees.

To prepare for this change:
- If you want the current behavior, explicitly use 'sslmode=verify-full'
- If you want libpq compatibility now, use 'uselibpqcompat=true&sslmode=require'

See https://www.postgresql.org/docs/current/libpq-ssl.html for libpq SSL mode definitions.
(Use `node --trace-warnings ...` to show where the warning was created)
(node:3317697) Warning: Setting the NODE_TLS_REJECT_UNAUTHORIZED environment variable to '0' makes TLS connections and HTTPS requests insecure by disabling certificate verification.
[ingest-daemon] {"ts":"2026-06-11T13:45:58.334Z","file":"products_cursor_100000.ndjson.processing.ndjson","rows":1,"written":1,"fabricated":false,"fabrication_share":{"zeroPriceShare":1,"nullImageShare":0,"nullSkuShare":0,"emptyTitleShare":0},"elapsed_ms":98,"rows_per_sec":"10.2"}
[Thu Jun 11 13:45:58 UTC 2026] Cursor 100000: ingested 1 (session cumulative: 12333)
[Thu Jun 11 13:46:00 UTC 2026] Cursor 100000 batch 21: 5000 domains (lines 100001-105000)
[prefilter] input=/tmp/loop_split_100000_4.txt domains=998 concurrency=100
[prefilter] input=/tmp/loop_split_100000_1.txt domains=1000 concurrency=100
[prefilter] input=/tmp/loop_split_100000_2.txt domains=1000 concurrency=100
[prefilter] input=/tmp/loop_split_100000_3.txt domains=1000 concurrency=100
[prefilter] input=/tmp/loop_split_100000_5.txt domains=1000 concurrency=100
[prefilter] worker=28 checked=50/1000 passed=4 failed=46 by_platform={"magento":1,"schema-product":2,"woocommerce-html":1}
[prefilter] worker=74 checked=50/998 passed=2 failed=48 by_platform={"shopify-html":1,"schema-product":1}
[prefilter] worker=94 checked=50/1000 passed=2 failed=48 by_platform={"woocommerce-html":1,"schema-product":1}
[prefilter] worker=44 checked=50/1000 passed=1 failed=49 by_platform={"woocommerce-html":1}
[prefilter] worker=81 checked=50/1000 passed=0 failed=50 by_platform={}
[prefilter] worker=15 checked=100/1000 passed=1 failed=99 by_platform={"woocommerce-html":1}
[prefilter] worker=39 checked=100/1000 passed=2 failed=98 by_platform={"woocommerce-html":1,"schema-product":1}
[prefilter] worker=13 checked=100/1000 passed=0 failed=100 by_platform={}
[prefilter] worker=16 checked=100/998 passed=2 failed=98 by_platform={"shopify-html":1,"schema-product":1}
[prefilter] worker=46 checked=100/1000 passed=4 failed=96 by_platform={"magento":1,"schema-product":2,"woocommerce-html":1}
[prefilter] worker=29 checked=150/1000 passed=4 failed=146 by_platform={"magento":1,"schema-product":2,"woocommerce-html":1}
[prefilter] worker=77 checked=150/1000 passed=2 failed=148 by_platform={"woocommerce-html":1,"schema-product":1}
[prefilter] worker=53 checked=150/998 passed=2 failed=148 by_platform={"shopify-html":1,"schema-product":1}
[prefilter] worker=53 checked=150/1000 passed=0 failed=150 by_platform={}
[prefilter] worker=95 checked=150/1000 passed=1 failed=149 by_platform={"woocommerce-html":1}
[prefilter] worker=37 checked=200/1000 passed=1 failed=199 by_platform={"woocommerce-html":1}
[prefilter] worker=0 checked=200/1000 passed=2 failed=198 by_platform={"woocommerce-html":1,"schema-product":1}
[prefilter] worker=17 checked=200/1000 passed=0 failed=200 by_platform={}
[prefilter] worker=22 checked=200/998 passed=2 failed=198 by_platform={"shopify-html":1,"schema-product":1}
[prefilter] worker=47 checked=200/1000 passed=4 failed=196 by_platform={"magento":1,"schema-product":2,"woocommerce-html":1}
[prefilter] worker=28 checked=250/1000 passed=4 failed=246 by_platform={"magento":1,"schema-product":2,"woocommerce-html":1}
[prefilter] worker=89 checked=250/1000 passed=2 failed=248 by_platform={"woocommerce-html":1,"schema-product":1}
[prefilter] worker=74 checked=250/998 passed=2 failed=248 by_platform={"shopify-html":1,"schema-product":1}
[prefilter] worker=81 checked=250/1000 passed=0 failed=250 by_platform={}
[prefilter] worker=87 checked=250/1000 passed=1 failed=249 by_platform={"woocommerce-html":1}
[prefilter] worker=37 checked=300/1000 passed=1 failed=299 by_platform={"woocommerce-html":1}
[prefilter] worker=0 checked=300/1000 passed=2 failed=298 by_platform={"woocommerce-html":1,"schema-product":1}
[prefilter] worker=13 checked=300/1000 passed=0 failed=300 by_platform={}
[prefilter] worker=16 checked=300/998 passed=2 failed=298 by_platform={"shopify-html":1,"schema-product":1}
[prefilter] worker=46 checked=300/1000 passed=4 failed=296 by_platform={"magento":1,"schema-product":2,"woocommerce-html":1}
[prefilter] worker=29 checked=350/1000 passed=4 failed=346 by_platform={"magento":1,"schema-product":2,"woocommerce-html":1}
[prefilter] worker=98 checked=350/1000 passed=2 failed=348 by_platform={"woocommerce-html":1,"schema-product":1}
[prefilter] worker=54 checked=350/998 passed=2 failed=348 by_platform={"shopify-html":1,"schema-product":1}
[prefilter] worker=54 checked=350/1000 passed=0 failed=350 by_platform={}
[prefilter] worker=86 checked=350/1000 passed=1 failed=349 by_platform={"woocommerce-html":1}
[prefilter] worker=37 checked=400/1000 passed=1 failed=399 by_platform={"woocommerce-html":1}
[prefilter] worker=34 checked=400/1000 passed=2 failed=398 by_platform={"woocommerce-html":1,"schema-product":1}
[prefilter] worker=17 checked=400/1000 passed=0 failed=400 by_platform={}
[prefilter] worker=22 checked=400/998 passed=2 failed=398 by_platform={"shopify-html":1,"schema-product":1}
[prefilter] worker=47 checked=400/1000 passed=4 failed=396 by_platform={"magento":1,"schema-product":2,"woocommerce-html":1}
[prefilter] worker=28 checked=450/1000 passed=4 failed=446 by_platform={"magento":1,"schema-product":2,"woocommerce-html":1}
[prefilter] worker=70 checked=450/1000 passed=2 failed=448 by_platform={"woocommerce-html":1,"schema-product":1}
[prefilter] worker=75 checked=450/998 passed=2 failed=448 by_platform={"shopify-html":1,"schema-product":1}
[prefilter] worker=82 checked=450/1000 passed=0 failed=450 by_platform={}
[prefilter] worker=94 checked=450/1000 passed=1 failed=449 by_platform={"woocommerce-html":1}
[prefilter] worker=37 checked=500/1000 passed=1 failed=499 by_platform={"woocommerce-html":1}
[prefilter] worker=18 checked=500/1000 passed=2 failed=498 by_platform={"woocommerce-html":1,"schema-product":1}
[prefilter] worker=13 checked=500/1000 passed=0 failed=500 by_platform={}
[prefilter] worker=16 checked=500/998 passed=2 failed=498 by_platform={"shopify-html":1,"schema-product":1}
[prefilter] worker=46 checked=500/1000 passed=4 failed=496 by_platform={"magento":1,"schema-product":2,"woocommerce-html":1}
[prefilter] worker=29 checked=550/1000 passed=4 failed=546 by_platform={"magento":1,"schema-product":2,"woocommerce-html":1}
[prefilter] worker=94 checked=550/1000 passed=2 failed=548 by_platform={"woocommerce-html":1,"schema-product":1}
[prefilter] worker=54 checked=550/998 passed=2 failed=548 by_platform={"shopify-html":1,"schema-product":1}
[prefilter] worker=54 checked=550/1000 passed=0 failed=550 by_platform={}
[prefilter] worker=87 checked=550/1000 passed=1 failed=549 by_platform={"woocommerce-html":1}
[prefilter] worker=15 checked=600/1000 passed=1 failed=599 by_platform={"woocommerce-html":1}
[prefilter] worker=0 checked=600/1000 passed=2 failed=598 by_platform={"woocommerce-html":1,"schema-product":1}
[prefilter] worker=17 checked=600/1000 passed=0 failed=600 by_platform={}
[prefilter] worker=22 checked=600/998 passed=2 failed=598 by_platform={"shopify-html":1,"schema-product":1}
[prefilter] worker=47 checked=600/1000 passed=4 failed=596 by_platform={"magento":1,"schema-product":2,"woocommerce-html":1}
[prefilter] worker=28 checked=650/1000 passed=4 failed=646 by_platform={"magento":1,"schema-product":2,"woocommerce-html":1}
[prefilter] worker=77 checked=650/1000 passed=2 failed=648 by_platform={"woocommerce-html":1,"schema-product":1}
[prefilter] worker=75 checked=650/998 passed=2 failed=648 by_platform={"shopify-html":1,"schema-product":1}
[prefilter] worker=81 checked=650/1000 passed=0 failed=650 by_platform={}
[prefilter] worker=88 checked=650/1000 passed=1 failed=649 by_platform={"woocommerce-html":1}
[prefilter] worker=37 checked=700/1000 passed=1 failed=699 by_platform={"woocommerce-html":1}
[prefilter] worker=34 checked=700/1000 passed=2 failed=698 by_platform={"woocommerce-html":1,"schema-product":1}
[prefilter] worker=13 checked=700/1000 passed=0 failed=700 by_platform={}
[prefilter] worker=16 checked=700/998 passed=2 failed=698 by_platform={"shopify-html":1,"schema-product":1}
[prefilter] worker=46 checked=700/1000 passed=4 failed=696 by_platform={"magento":1,"schema-product":2,"woocommerce-html":1}
[prefilter] worker=29 checked=750/1000 passed=4 failed=746 by_platform={"magento":1,"schema-product":2,"woocommerce-html":1}
[prefilter] worker=89 checked=750/1000 passed=2 failed=748 by_platform={"woocommerce-html":1,"schema-product":1}
[prefilter] worker=53 checked=750/998 passed=2 failed=748 by_platform={"shopify-html":1,"schema-product":1}
[prefilter] worker=53 checked=750/1000 passed=0 failed=750 by_platform={}
[prefilter] worker=93 checked=750/1000 passed=1 failed=749 by_platform={"woocommerce-html":1}
[prefilter] worker=15 checked=800/1000 passed=1 failed=799 by_platform={"woocommerce-html":1}
[prefilter] worker=18 checked=800/1000 passed=2 failed=798 by_platform={"woocommerce-html":1,"schema-product":1}
[prefilter] worker=17 checked=800/1000 passed=0 failed=800 by_platform={}
[prefilter] worker=22 checked=800/998 passed=2 failed=798 by_platform={"shopify-html":1,"schema-product":1}
[prefilter] worker=47 checked=800/1000 passed=4 failed=796 by_platform={"magento":1,"schema-product":2,"woocommerce-html":1}
[prefilter] worker=28 checked=850/1000 passed=4 failed=846 by_platform={"magento":1,"schema-product":2,"woocommerce-html":1}
[prefilter] worker=98 checked=850/1000 passed=2 failed=848 by_platform={"woocommerce-html":1,"schema-product":1}
[prefilter] worker=74 checked=850/998 passed=2 failed=848 by_platform={"shopify-html":1,"schema-product":1}
[prefilter] worker=81 checked=850/1000 passed=0 failed=850 by_platform={}
[prefilter] worker=97 checked=850/1000 passed=1 failed=849 by_platform={"woocommerce-html":1}
[prefilter] worker=37 checked=900/1000 passed=1 failed=899 by_platform={"woocommerce-html":1}
[prefilter] worker=34 checked=900/1000 passed=2 failed=898 by_platform={"woocommerce-html":1,"schema-product":1}
[prefilter] worker=13 checked=900/1000 passed=0 failed=900 by_platform={}
[prefilter] worker=16 checked=900/998 passed=2 failed=898 by_platform={"shopify-html":1,"schema-product":1}
[prefilter] worker=46 checked=900/1000 passed=4 failed=896 by_platform={"magento":1,"schema-product":2,"woocommerce-html":1}
