===== keep-alive tick 2026-06-06T20:54:52Z =====
[2026-06-06T20:54:53Z] burst_discovery DEAD — restarting (consecutive_dead_ticks=1)
[2026-06-06T20:54:55Z] burst_discovery restarted pid=51068
[2026-06-06T20:54:55Z] brand_sitemap_miner DEAD — restarting (consecutive_dead_ticks=1)
[2026-06-06T20:54:57Z] brand_sitemap_miner restarted pid=51232
[2026-06-06T20:54:57Z] retailer_sitemap_miner DEAD — restarting (consecutive_dead_ticks=1)
[2026-06-06T20:54:59Z] retailer_sitemap_miner restarted pid=unknown
[2026-06-06T20:54:59Z] fast_wc_probe DEAD — restarting (consecutive_dead_ticks=1)
[2026-06-06T20:55:01Z] fast_wc_probe restarted pid=51896
[2026-06-06T20:55:01Z] shopify_index_expansion DEAD — restarting (consecutive_dead_ticks=1)
[2026-06-06T20:55:03Z] shopify_index_expansion restarted pid=unknown
[2026-06-06T20:55:03Z] crate_deep_page DEAD — restarting (consecutive_dead_ticks=1)
[2026-06-06T20:55:05Z] crate_deep_page restarted pid=52568
[2026-06-06T20:55:05Z] hunt2_page DEAD — restarting (consecutive_dead_ticks=1)
[2026-06-06T20:55:08Z] hunt2_page restarted pid=52671
[2026-06-06T20:55:08Z] stock_page DEAD — restarting (consecutive_dead_ticks=1)
[2026-06-06T20:55:10Z] stock_page restarted pid=53028
[2026-06-06T20:55:10Z] keep-alive tick complete
===== keep-alive tick 2026-06-06T20:56:42Z =====
[2026-06-06T20:56:42Z] burst_discovery OK pid=51068
[2026-06-06T20:56:42Z] brand_sitemap_miner OK pid=51232
[2026-06-06T20:56:42Z] retailer_sitemap_miner DEAD — restarting (consecutive_dead_ticks=2)
[2026-06-06T20:56:44Z] retailer_sitemap_miner restarted pid=unknown
[2026-06-06T20:56:44Z] fast_wc_probe OK pid=51896
[2026-06-06T20:56:44Z] shopify_index_expansion DEAD — restarting (consecutive_dead_ticks=2)
[2026-06-06T20:56:46Z] shopify_index_expansion restarted pid=unknown
[2026-06-06T20:56:46Z] crate_deep_page OK pid=52568
[2026-06-06T20:56:46Z] hunt2_page OK pid=52671
[2026-06-06T20:56:46Z] stock_page OK pid=53028
[2026-06-06T20:56:46Z] keep-alive tick complete
===== keep-alive tick 2026-06-06T20:58:30Z =====
[2026-06-06T20:58:30Z] burst_discovery OK pid=51068
[2026-06-06T20:58:30Z] brand_sitemap_miner OK pid=51232
[2026-06-06T20:58:30Z] retailer_sitemap_miner DEAD — restarting (consecutive_dead_ticks=3)
[2026-06-06T20:58:32Z] retailer_sitemap_miner restarted pid=70985
[2026-06-06T20:58:32Z] fast_wc_probe OK pid=51896
[2026-06-06T20:58:32Z] shopify_index_expansion DEAD — restarting (consecutive_dead_ticks=3)
[2026-06-06T20:58:34Z] shopify_index_expansion restarted pid=unknown
[2026-06-06T20:58:34Z] crate_deep_page OK pid=52568
[2026-06-06T20:58:34Z] hunt2_page OK pid=52671
[2026-06-06T20:58:34Z] stock_page OK pid=53028
[2026-06-06T20:58:34Z] keep-alive tick complete
===== keep-alive tick 2026-06-06T21:00:51Z =====
[2026-06-06T21:00:51Z] burst_discovery DEAD — restarting (consecutive_dead_ticks=1)
[2026-06-06T21:00:53Z] burst_discovery restarted pid=83387
[2026-06-06T21:00:53Z] brand_sitemap_miner DEAD — restarting (consecutive_dead_ticks=1)
[2026-06-06T21:00:55Z] brand_sitemap_miner restarted pid=83626
[2026-06-06T21:00:55Z] retailer_sitemap_miner DEAD — restarting (consecutive_dead_ticks=4)
[2026-06-06T21:00:57Z] retailer_sitemap_miner restarted pid=83714
[2026-06-06T21:00:57Z] retailer_sitemap_miner ESCALATED — consecutive_dead_ticks=4 >= 4; written to /paperclip/instances/default/projects/177bc805-e3c8-4336-84cb-8e1e482d5a17/18221361-973a-493e-9e19-4c43b7a1c6eb/_default/data/buy31716-keep-alive-escalation.json
[2026-06-06T21:00:57Z] fast_wc_probe DEAD — restarting (consecutive_dead_ticks=1)
[2026-06-06T21:00:59Z] fast_wc_probe restarted pid=83818
[2026-06-06T21:01:00Z] shopify_index_expansion DEAD — restarting (consecutive_dead_ticks=4)
[2026-06-06T21:01:02Z] shopify_index_expansion restarted pid=unknown
[2026-06-06T21:01:02Z] shopify_index_expansion ESCALATED — consecutive_dead_ticks=4 >= 4; written to /paperclip/instances/default/projects/177bc805-e3c8-4336-84cb-8e1e482d5a17/18221361-973a-493e-9e19-4c43b7a1c6eb/_default/data/buy31716-keep-alive-escalation.json
[2026-06-06T21:01:02Z] crate_deep_page DEAD — restarting (consecutive_dead_ticks=1)
[2026-06-06T21:01:04Z] crate_deep_page restarted pid=84156
[2026-06-06T21:01:04Z] hunt2_page DEAD — restarting (consecutive_dead_ticks=1)
[2026-06-06T21:01:06Z] hunt2_page restarted pid=84430
===== keep-alive tick 2026-06-06T21:03:29Z =====
[2026-06-06T21:03:29Z] burst_discovery OK pid=83387
[2026-06-06T21:03:29Z] brand_sitemap_miner OK pid=83626
[2026-06-06T21:03:29Z] retailer_sitemap_miner OK pid=92566
[2026-06-06T21:03:29Z] fast_wc_probe OK pid=83818
[2026-06-06T21:03:29Z] shopify_index_expansion OK pid=96124
[2026-06-06T21:03:29Z] crate_deep_page OK pid=84156
[2026-06-06T21:03:29Z] hunt2_page OK pid=84430
[2026-06-06T21:03:30Z] stock_page DEAD — restarting (consecutive_dead_ticks=1)
[2026-06-06T21:03:32Z] stock_page restarted pid=98348
[2026-06-06T21:03:32Z] keep-alive tick complete
===== keep-alive tick 2026-06-06T22:25:49Z =====
[2026-06-06T22:25:49Z] burst_discovery DEAD — restarting (consecutive_dead_ticks=1)
[2026-06-06T22:25:52Z] burst_discovery restarted pid=unknown
[2026-06-06T22:25:52Z] brand_sitemap_miner DEAD — restarting (consecutive_dead_ticks=1)
[2026-06-06T22:25:54Z] brand_sitemap_miner restarted pid=365523
[2026-06-06T22:25:54Z] retailer_sitemap_miner DEAD — restarting (consecutive_dead_ticks=1)
[2026-06-06T22:25:56Z] retailer_sitemap_miner restarted pid=unknown
[2026-06-06T22:25:56Z] fast_wc_probe DEAD — restarting (consecutive_dead_ticks=1)
[2026-06-06T22:25:58Z] fast_wc_probe restarted pid=365799
[2026-06-06T22:25:58Z] shopify_index_expansion DEAD — restarting (consecutive_dead_ticks=1)
[2026-06-06T22:26:00Z] shopify_index_expansion restarted pid=unknown
[2026-06-06T22:26:00Z] crate_deep_page DEAD — restarting (consecutive_dead_ticks=1)
[2026-06-06T22:26:02Z] crate_deep_page restarted pid=366045
[2026-06-06T22:26:02Z] hunt2_page DEAD — restarting (consecutive_dead_ticks=1)
[2026-06-06T22:26:04Z] hunt2_page restarted pid=366316
[2026-06-06T22:26:04Z] stock_page DEAD — restarting (consecutive_dead_ticks=2)
[2026-06-06T22:26:06Z] stock_page restarted pid=366448
[2026-06-06T22:26:06Z] keep-alive tick complete
===== keep-alive tick 2026-06-07T00:15:45Z =====
[2026-06-07T00:15:45Z] burst_discovery OK pid=368113
[2026-06-07T00:15:45Z] duplicate buy30590-brand-sitemap-miner\.mjs killed pid=738569 (kept 738568)
[2026-06-07T00:15:45Z] brand_sitemap_miner OK pid=738568
[2026-06-07T00:15:45Z] retailer_sitemap_miner DEAD — restarting (consecutive_dead_ticks=2)
[2026-06-07T00:15:47Z] retailer_sitemap_miner restarted pid=757459
[2026-06-07T00:15:47Z] duplicate buy31452-fast-wc-probe\.mjs killed pid=738809 (kept 738808)
[2026-06-07T00:15:47Z] fast_wc_probe OK pid=738808
[2026-06-07T00:15:47Z] shopify_index_expansion DEAD — restarting (consecutive_dead_ticks=2)
[2026-06-07T00:15:49Z] shopify_index_expansion restarted pid=757608
[2026-06-07T00:15:49Z] crate_deep_page OK pid=366045
[2026-06-07T00:15:49Z] hunt2_page OK pid=366316
[2026-06-07T00:15:49Z] stock_page OK pid=366448
[2026-06-07T00:15:49Z] keep-alive tick complete
===== keep-alive tick 2026-06-07T00:20:01Z =====
[2026-06-07T00:20:01Z] burst_discovery OK pid=368113
[2026-06-07T00:20:01Z] brand_sitemap_miner DEAD — restarting (consecutive_dead_ticks=1)
[2026-06-07T00:20:03Z] brand_sitemap_miner restarted pid=769552
[2026-06-07T00:20:03Z] retailer_sitemap_miner OK pid=757459
[2026-06-07T00:20:04Z] fast_wc_probe DEAD — restarting (consecutive_dead_ticks=1)
[2026-06-07T00:20:06Z] fast_wc_probe restarted pid=769914
[2026-06-07T00:20:06Z] shopify_index_expansion OK pid=757608
[2026-06-07T00:20:06Z] crate_deep_page OK pid=366045
[2026-06-07T00:20:06Z] hunt2_page OK pid=366316
[2026-06-07T00:20:06Z] stock_page OK pid=366448
[2026-06-07T00:20:06Z] keep-alive tick complete
===== keep-alive tick 2026-06-07T00:25:01Z =====
[2026-06-07T00:25:02Z] burst_discovery OK pid=368113
[2026-06-07T00:25:02Z] brand_sitemap_miner OK pid=769552
[2026-06-07T00:25:02Z] retailer_sitemap_miner OK pid=757459
[2026-06-07T00:25:02Z] fast_wc_probe OK pid=769914
[2026-06-07T00:25:02Z] shopify_index_expansion OK pid=757608
[2026-06-07T00:25:02Z] crate_deep_page OK pid=366045
[2026-06-07T00:25:02Z] hunt2_page OK pid=366316
[2026-06-07T00:25:02Z] stock_page OK pid=366448
[2026-06-07T00:25:02Z] keep-alive tick complete
===== keep-alive tick 2026-06-07T00:30:01Z =====
[2026-06-07T00:30:01Z] burst_discovery OK pid=368113
[2026-06-07T00:30:01Z] brand_sitemap_miner OK pid=769552
[2026-06-07T00:30:01Z] retailer_sitemap_miner OK pid=757459
[2026-06-07T00:30:01Z] fast_wc_probe OK pid=769914
[2026-06-07T00:30:01Z] shopify_index_expansion OK pid=757608
[2026-06-07T00:30:01Z] crate_deep_page OK pid=366045
[2026-06-07T00:30:01Z] hunt2_page OK pid=366316
[2026-06-07T00:30:01Z] stock_page OK pid=366448
[2026-06-07T00:30:02Z] keep-alive tick complete
===== keep-alive tick 2026-06-07T00:35:01Z =====
[2026-06-07T00:35:01Z] burst_discovery OK pid=368113
[2026-06-07T00:35:01Z] brand_sitemap_miner DEAD — restarting (consecutive_dead_ticks=1)
[2026-06-07T00:35:03Z] brand_sitemap_miner restarted pid=824018
[2026-06-07T00:35:03Z] retailer_sitemap_miner OK pid=757459
[2026-06-07T00:35:03Z] fast_wc_probe OK pid=769914
[2026-06-07T00:35:03Z] shopify_index_expansion OK pid=757608
[2026-06-07T00:35:03Z] crate_deep_page OK pid=366045
[2026-06-07T00:35:03Z] hunt2_page OK pid=366316
[2026-06-07T00:35:03Z] stock_page OK pid=366448
[2026-06-07T00:35:03Z] keep-alive tick complete
===== keep-alive tick 2026-06-07T00:40:01Z =====
[2026-06-07T00:40:01Z] burst_discovery OK pid=368113
[2026-06-07T00:40:02Z] brand_sitemap_miner OK pid=824018
[2026-06-07T00:40:02Z] retailer_sitemap_miner OK pid=757459
[2026-06-07T00:40:02Z] fast_wc_probe OK pid=769914
[2026-06-07T00:40:02Z] shopify_index_expansion OK pid=757608
[2026-06-07T00:40:02Z] crate_deep_page OK pid=366045
[2026-06-07T00:40:02Z] hunt2_page OK pid=366316
[2026-06-07T00:40:02Z] stock_page OK pid=366448
[2026-06-07T00:40:02Z] keep-alive tick complete
===== keep-alive tick 2026-06-07T00:45:01Z =====
[2026-06-07T00:45:01Z] burst_discovery OK pid=368113
[2026-06-07T00:45:01Z] brand_sitemap_miner OK pid=824018
[2026-06-07T00:45:02Z] retailer_sitemap_miner OK pid=757459
[2026-06-07T00:45:02Z] fast_wc_probe OK pid=769914
[2026-06-07T00:45:02Z] shopify_index_expansion OK pid=757608
[2026-06-07T00:45:02Z] crate_deep_page OK pid=366045
[2026-06-07T00:45:02Z] hunt2_page OK pid=366316
[2026-06-07T00:45:02Z] stock_page OK pid=366448
[2026-06-07T00:45:02Z] keep-alive tick complete
===== keep-alive tick 2026-06-07T00:50:02Z =====
[2026-06-07T00:50:02Z] burst_discovery OK pid=368113
[2026-06-07T00:50:02Z] brand_sitemap_miner DEAD — restarting (consecutive_dead_ticks=1)
[2026-06-07T00:50:04Z] brand_sitemap_miner restarted pid=873793
[2026-06-07T00:50:04Z] retailer_sitemap_miner OK pid=757459
[2026-06-07T00:50:04Z] fast_wc_probe OK pid=769914
[2026-06-07T00:50:04Z] shopify_index_expansion OK pid=757608
[2026-06-07T00:50:04Z] crate_deep_page OK pid=366045
[2026-06-07T00:50:04Z] hunt2_page OK pid=366316
[2026-06-07T00:50:04Z] stock_page OK pid=366448
[2026-06-07T00:50:04Z] keep-alive tick complete
===== keep-alive tick 2026-06-07T00:55:01Z =====
[2026-06-07T00:55:01Z] burst_discovery OK pid=368113
[2026-06-07T00:55:02Z] brand_sitemap_miner OK pid=873793
[2026-06-07T00:55:02Z] retailer_sitemap_miner OK pid=757459
[2026-06-07T00:55:02Z] fast_wc_probe OK pid=769914
[2026-06-07T00:55:02Z] duplicate cc-shopify-index-expansion\.mjs killed pid=757608 (kept 891398)
[2026-06-07T00:55:02Z] shopify_index_expansion OK pid=891398
[2026-06-07T00:55:02Z] crate_deep_page DEAD — restarting (consecutive_dead_ticks=1)
[2026-06-07T00:55:04Z] crate_deep_page restarted pid=891473
[2026-06-07T00:55:04Z] hunt2_page DEAD — restarting (consecutive_dead_ticks=1)
[2026-06-07T00:55:06Z] hunt2_page restarted pid=891577
[2026-06-07T00:55:06Z] stock_page OK pid=366448
[2026-06-07T00:55:06Z] keep-alive tick complete
===== keep-alive tick 2026-06-07T01:00:01Z =====
[2026-06-07T01:00:01Z] burst_discovery OK pid=368113
[2026-06-07T01:00:01Z] brand_sitemap_miner OK pid=873793
[2026-06-07T01:00:01Z] retailer_sitemap_miner OK pid=757459
[2026-06-07T01:00:01Z] fast_wc_probe OK pid=769914
[2026-06-07T01:00:02Z] shopify_index_expansion DEAD — restarting (consecutive_dead_ticks=1)
[2026-06-07T01:00:04Z] shopify_index_expansion restarted pid=908659
[2026-06-07T01:00:04Z] crate_deep_page OK pid=891473
[2026-06-07T01:00:04Z] hunt2_page OK pid=891577
[2026-06-07T01:00:04Z] stock_page OK pid=366448
[2026-06-07T01:00:04Z] keep-alive tick complete
===== keep-alive tick 2026-06-07T01:05:01Z =====
[2026-06-07T01:05:01Z] burst_discovery OK pid=368113
[2026-06-07T01:05:01Z] brand_sitemap_miner DEAD — restarting (consecutive_dead_ticks=1)
[2026-06-07T01:05:03Z] brand_sitemap_miner restarted pid=926063
[2026-06-07T01:05:03Z] duplicate buy30590-retailer-sitemap-miner\.mjs killed pid=757459 (kept 926311)
[2026-06-07T01:05:03Z] retailer_sitemap_miner OK pid=926311
[2026-06-07T01:05:04Z] fast_wc_probe DEAD — restarting (consecutive_dead_ticks=1)
[2026-06-07T01:05:06Z] fast_wc_probe restarted pid=926538
[2026-06-07T01:05:06Z] shopify_index_expansion OK pid=908659
[2026-06-07T01:05:06Z] crate_deep_page OK pid=891473
[2026-06-07T01:05:06Z] hunt2_page OK pid=891577
[2026-06-07T01:05:06Z] stock_page OK pid=366448
[2026-06-07T01:05:06Z] keep-alive tick complete
===== keep-alive tick 2026-06-07T01:10:01Z =====
[2026-06-07T01:10:01Z] burst_discovery OK pid=368113
[2026-06-07T01:10:01Z] brand_sitemap_miner OK pid=926063
[2026-06-07T01:10:01Z] retailer_sitemap_miner DEAD — restarting (consecutive_dead_ticks=1)
[2026-06-07T01:10:03Z] retailer_sitemap_miner restarted pid=947577
[2026-06-07T01:10:03Z] fast_wc_probe OK pid=926538
[2026-06-07T01:10:03Z] shopify_index_expansion OK pid=908659
[2026-06-07T01:10:03Z] crate_deep_page OK pid=891473
[2026-06-07T01:10:03Z] hunt2_page OK pid=891577
[2026-06-07T01:10:03Z] stock_page DEAD — restarting (consecutive_dead_ticks=1)
[2026-06-07T01:10:06Z] stock_page restarted pid=947772
[2026-06-07T01:10:06Z] keep-alive tick complete
===== keep-alive tick 2026-06-07T01:15:01Z =====
[2026-06-07T01:15:01Z] burst_discovery OK pid=368113
[2026-06-07T01:15:01Z] brand_sitemap_miner OK pid=926063
[2026-06-07T01:15:01Z] retailer_sitemap_miner OK pid=947577
[2026-06-07T01:15:01Z] fast_wc_probe OK pid=926538
[2026-06-07T01:15:01Z] shopify_index_expansion OK pid=908659
[2026-06-07T01:15:01Z] crate_deep_page OK pid=891473
[2026-06-07T01:15:01Z] hunt2_page OK pid=891577
[2026-06-07T01:15:01Z] stock_page OK pid=947772
[2026-06-07T01:15:01Z] keep-alive tick complete
===== keep-alive tick 2026-06-07T01:16:09Z =====
[2026-06-07T01:16:09Z] burst_discovery OK pid=368113
[2026-06-07T01:16:09Z] brand_sitemap_miner OK pid=926063
[2026-06-07T01:16:09Z] retailer_sitemap_miner OK pid=947577
[2026-06-07T01:16:09Z] fast_wc_probe OK pid=926538
[2026-06-07T01:16:09Z] shopify_index_expansion OK pid=908659
[2026-06-07T01:16:09Z] crate_deep_page OK pid=891473
[2026-06-07T01:16:09Z] hunt2_page OK pid=891577
[2026-06-07T01:16:09Z] stock_page OK pid=947772
[2026-06-07T01:16:09Z] keep-alive tick complete
++ ts
++ date -u +%Y-%m-%dT%H:%M:%SZ
+ echo '===== keep-alive tick 2026-06-07T01:16:21Z ====='
===== keep-alive tick 2026-06-07T01:16:21Z =====
+ restart_if_dead burst_discovery 'buy30331-sustained-loop\.mjs' 'node scripts/buy30331-sustained-loop.mjs' /paperclip/instances/default/workspaces/3ec8f6dd-1735-4479-9825-a2c42edac34c/logs/buy30331_sustained_loop.log
+ local label=burst_discovery
+ local 'pattern=buy30331-sustained-loop\.mjs'
+ local 'cmd=node scripts/buy30331-sustained-loop.mjs'
+ local logfile=/paperclip/instances/default/workspaces/3ec8f6dd-1735-4479-9825-a2c42edac34c/logs/buy30331_sustained_loop.log
+ local pid dead_ticks
++ pgrep_pat 'buy30331-sustained-loop\.mjs'
++ local 'pattern=buy30331-sustained-loop\.mjs'
++ local matches filtered pid cwd count keep p
+++ pgrep -af 'buy30331-sustained-loop\.mjs'
+++ grep -v buy31716-fleet-keep-alive
+++ grep -v /paperclip/instances/default/projects/177bc805-e3c8-4336-84cb-8e1e482d5a17/18221361-973a-493e-9e19-4c43b7a1c6eb/_default/scripts/buy31716-fleet-keep-alive.sh
++ matches='368113 node scripts/buy30331-sustained-loop.mjs'
++ filtered=
++ '[' -z '368113 node scripts/buy30331-sustained-loop.mjs' ']'
++ IFS=
++ read -r line
++ '[' -z '368113 node scripts/buy30331-sustained-loop.mjs' ']'
+++ echo '368113 node scripts/buy30331-sustained-loop.mjs'
+++ awk '{print $1}'
++ pid=368113
++ '[' -z 368113 ']'
++ cwd=
++ '[' -L /proc/368113/cwd ']'
+++ readlink -f /proc/368113/cwd
++ cwd=/paperclip/instances/default/workspaces/3ec8f6dd-1735-4479-9825-a2c42edac34c
++ [[ 368113 node scripts/buy30331-sustained-loop.mjs == *\/\p\a\p\e\r\c\l\i\p\/\i\n\s\t\a\n\c\e\s\/\d\e\f\a\u\l\t\/\w\o\r\k\s\p\a\c\e\s\/\3\e\c\8\f\6\d\d\-\1\7\3\5\-\4\4\7\9\-\9\8\2\5\-\a\2\c\4\2\e\d\a\c\3\4\c* ]]
++ '[' /paperclip/instances/default/workspaces/3ec8f6dd-1735-4479-9825-a2c42edac34c = /paperclip/instances/default/workspaces/3ec8f6dd-1735-4479-9825-a2c42edac34c ']'
++ filtered+='368113
'
++ IFS=
++ read -r line
+++ echo '368113
'
+++ sed '/^$/d'
++ filtered=368113
++ '[' -z 368113 ']'
+++ echo 368113
+++ wc -l
+++ tr -d ' '
++ count=1
++ '[' 1 -gt 1 ']'
++ echo 368113
+ pid=368113
+ '[' -n 368113 ']'
++ ts
++ date -u +%Y-%m-%dT%H:%M:%SZ
+ echo '[2026-06-07T01:16:21Z] burst_discovery OK pid=368113'
[2026-06-07T01:16:21Z] burst_discovery OK pid=368113
+ write_dead_count burst_discovery 0
+ local label=burst_discovery
+ local count=0
+ python3 -c '
import json, os
p='\''/paperclip/instances/default/projects/177bc805-e3c8-4336-84cb-8e1e482d5a17/18221361-973a-493e-9e19-4c43b7a1c6eb/_default/data/buy31716-keep-alive-state.json'\''
data = {}
if os.path.exists(p):
    try:
        data = json.load(open(p))
    except Exception:
        data = {}
data['\''burst_discovery'\''] = 0
open(p, '\''w'\'').write(json.dumps(data, indent=2))
'
+ return 0
+ restart_if_dead brand_sitemap_miner 'buy30590-brand-sitemap-miner\.mjs' 'node scripts/buy30590-brand-sitemap-miner.mjs' /paperclip/instances/default/workspaces/3ec8f6dd-1735-4479-9825-a2c42edac34c/logs/buy30590_brand_sitemap_miner.log
+ local label=brand_sitemap_miner
+ local 'pattern=buy30590-brand-sitemap-miner\.mjs'
+ local 'cmd=node scripts/buy30590-brand-sitemap-miner.mjs'
+ local logfile=/paperclip/instances/default/workspaces/3ec8f6dd-1735-4479-9825-a2c42edac34c/logs/buy30590_brand_sitemap_miner.log
+ local pid dead_ticks
++ pgrep_pat 'buy30590-brand-sitemap-miner\.mjs'
++ local 'pattern=buy30590-brand-sitemap-miner\.mjs'
++ local matches filtered pid cwd count keep p
+++ pgrep -af 'buy30590-brand-sitemap-miner\.mjs'
+++ grep -v buy31716-fleet-keep-alive
+++ grep -v /paperclip/instances/default/projects/177bc805-e3c8-4336-84cb-8e1e482d5a17/18221361-973a-493e-9e19-4c43b7a1c6eb/_default/scripts/buy31716-fleet-keep-alive.sh
++ matches='926063 node scripts/buy30590-brand-sitemap-miner.mjs'
++ filtered=
++ '[' -z '926063 node scripts/buy30590-brand-sitemap-miner.mjs' ']'
++ IFS=
++ read -r line
++ '[' -z '926063 node scripts/buy30590-brand-sitemap-miner.mjs' ']'
+++ echo '926063 node scripts/buy30590-brand-sitemap-miner.mjs'
+++ awk '{print $1}'
++ pid=926063
++ '[' -z 926063 ']'
++ cwd=
++ '[' -L /proc/926063/cwd ']'
+++ readlink -f /proc/926063/cwd
++ cwd=/paperclip/instances/default/workspaces/3ec8f6dd-1735-4479-9825-a2c42edac34c
++ [[ 926063 node scripts/buy30590-brand-sitemap-miner.mjs == *\/\p\a\p\e\r\c\l\i\p\/\i\n\s\t\a\n\c\e\s\/\d\e\f\a\u\l\t\/\w\o\r\k\s\p\a\c\e\s\/\3\e\c\8\f\6\d\d\-\1\7\3\5\-\4\4\7\9\-\9\8\2\5\-\a\2\c\4\2\e\d\a\c\3\4\c* ]]
++ '[' /paperclip/instances/default/workspaces/3ec8f6dd-1735-4479-9825-a2c42edac34c = /paperclip/instances/default/workspaces/3ec8f6dd-1735-4479-9825-a2c42edac34c ']'
++ filtered+='926063
'
++ IFS=
++ read -r line
+++ echo '926063
'
+++ sed '/^$/d'
++ filtered=926063
++ '[' -z 926063 ']'
+++ echo 926063
+++ wc -l
+++ tr -d ' '
++ count=1
++ '[' 1 -gt 1 ']'
++ echo 926063
+ pid=926063
+ '[' -n 926063 ']'
++ ts
++ date -u +%Y-%m-%dT%H:%M:%SZ
+ echo '[2026-06-07T01:16:21Z] brand_sitemap_miner OK pid=926063'
[2026-06-07T01:16:21Z] brand_sitemap_miner OK pid=926063
+ write_dead_count brand_sitemap_miner 0
+ local label=brand_sitemap_miner
+ local count=0
+ python3 -c '
import json, os
p='\''/paperclip/instances/default/projects/177bc805-e3c8-4336-84cb-8e1e482d5a17/18221361-973a-493e-9e19-4c43b7a1c6eb/_default/data/buy31716-keep-alive-state.json'\''
data = {}
if os.path.exists(p):
    try:
        data = json.load(open(p))
    except Exception:
        data = {}
data['\''brand_sitemap_miner'\''] = 0
open(p, '\''w'\'').write(json.dumps(data, indent=2))
'
+ return 0
+ restart_if_dead retailer_sitemap_miner 'buy30590-retailer-sitemap-miner\.mjs' 'bash -c '\''while true; do node scripts/buy30590-retailer-sitemap-miner.mjs; sleep 60; done'\''' /paperclip/instances/default/workspaces/3ec8f6dd-1735-4479-9825-a2c42edac34c/logs/buy30590_retailer_sitemap_miner.log
+ local label=retailer_sitemap_miner
+ local 'pattern=buy30590-retailer-sitemap-miner\.mjs'
+ local 'cmd=bash -c '\''while true; do node scripts/buy30590-retailer-sitemap-miner.mjs; sleep 60; done'\'''
+ local logfile=/paperclip/instances/default/workspaces/3ec8f6dd-1735-4479-9825-a2c42edac34c/logs/buy30590_retailer_sitemap_miner.log
+ local pid dead_ticks
++ pgrep_pat 'buy30590-retailer-sitemap-miner\.mjs'
++ local 'pattern=buy30590-retailer-sitemap-miner\.mjs'
++ local matches filtered pid cwd count keep p
+++ pgrep -af 'buy30590-retailer-sitemap-miner\.mjs'
+++ grep -v buy31716-fleet-keep-alive
+++ grep -v /paperclip/instances/default/projects/177bc805-e3c8-4336-84cb-8e1e482d5a17/18221361-973a-493e-9e19-4c43b7a1c6eb/_default/scripts/buy31716-fleet-keep-alive.sh
++ matches='947577 bash -c while true; do node scripts/buy30590-retailer-sitemap-miner.mjs; sleep 60; done'
++ filtered=
++ '[' -z '947577 bash -c while true; do node scripts/buy30590-retailer-sitemap-miner.mjs; sleep 60; done' ']'
++ IFS=
++ read -r line
++ '[' -z '947577 bash -c while true; do node scripts/buy30590-retailer-sitemap-miner.mjs; sleep 60; done' ']'
+++ echo '947577 bash -c while true; do node scripts/buy30590-retailer-sitemap-miner.mjs; sleep 60; done'
+++ awk '{print $1}'
++ pid=947577
++ '[' -z 947577 ']'
++ cwd=
++ '[' -L /proc/947577/cwd ']'
+++ readlink -f /proc/947577/cwd
++ cwd=/paperclip/instances/default/workspaces/3ec8f6dd-1735-4479-9825-a2c42edac34c
++ [[ 947577 bash -c while true; do node scripts/buy30590-retailer-sitemap-miner.mjs; sleep 60; done == *\/\p\a\p\e\r\c\l\i\p\/\i\n\s\t\a\n\c\e\s\/\d\e\f\a\u\l\t\/\w\o\r\k\s\p\a\c\e\s\/\3\e\c\8\f\6\d\d\-\1\7\3\5\-\4\4\7\9\-\9\8\2\5\-\a\2\c\4\2\e\d\a\c\3\4\c* ]]
++ '[' /paperclip/instances/default/workspaces/3ec8f6dd-1735-4479-9825-a2c42edac34c = /paperclip/instances/default/workspaces/3ec8f6dd-1735-4479-9825-a2c42edac34c ']'
++ filtered+='947577
'
++ IFS=
++ read -r line
+++ echo '947577
'
+++ sed '/^$/d'
++ filtered=947577
++ '[' -z 947577 ']'
+++ echo 947577
+++ wc -l
+++ tr -d ' '
++ count=1
++ '[' 1 -gt 1 ']'
++ echo 947577
+ pid=947577
+ '[' -n 947577 ']'
++ ts
++ date -u +%Y-%m-%dT%H:%M:%SZ
+ echo '[2026-06-07T01:16:21Z] retailer_sitemap_miner OK pid=947577'
[2026-06-07T01:16:21Z] retailer_sitemap_miner OK pid=947577
+ write_dead_count retailer_sitemap_miner 0
+ local label=retailer_sitemap_miner
+ local count=0
+ python3 -c '
import json, os
p='\''/paperclip/instances/default/projects/177bc805-e3c8-4336-84cb-8e1e482d5a17/18221361-973a-493e-9e19-4c43b7a1c6eb/_default/data/buy31716-keep-alive-state.json'\''
data = {}
if os.path.exists(p):
    try:
        data = json.load(open(p))
    except Exception:
        data = {}
data['\''retailer_sitemap_miner'\''] = 0
open(p, '\''w'\'').write(json.dumps(data, indent=2))
'
+ return 0
+ restart_if_dead fast_wc_probe 'buy31452-fast-wc-probe\.mjs' 'node scripts/buy31452-fast-wc-probe.mjs' /paperclip/instances/default/workspaces/3ec8f6dd-1735-4479-9825-a2c42edac34c/logs/buy31452_fast_wc_probe.log
+ local label=fast_wc_probe
+ local 'pattern=buy31452-fast-wc-probe\.mjs'
+ local 'cmd=node scripts/buy31452-fast-wc-probe.mjs'
+ local logfile=/paperclip/instances/default/workspaces/3ec8f6dd-1735-4479-9825-a2c42edac34c/logs/buy31452_fast_wc_probe.log
+ local pid dead_ticks
++ pgrep_pat 'buy31452-fast-wc-probe\.mjs'
++ local 'pattern=buy31452-fast-wc-probe\.mjs'
++ local matches filtered pid cwd count keep p
+++ pgrep -af 'buy31452-fast-wc-probe\.mjs'
+++ grep -v buy31716-fleet-keep-alive
+++ grep -v /paperclip/instances/default/projects/177bc805-e3c8-4336-84cb-8e1e482d5a17/18221361-973a-493e-9e19-4c43b7a1c6eb/_default/scripts/buy31716-fleet-keep-alive.sh
++ matches='926538 node scripts/buy31452-fast-wc-probe.mjs'
++ filtered=
++ '[' -z '926538 node scripts/buy31452-fast-wc-probe.mjs' ']'
++ IFS=
++ read -r line
++ '[' -z '926538 node scripts/buy31452-fast-wc-probe.mjs' ']'
+++ echo '926538 node scripts/buy31452-fast-wc-probe.mjs'
+++ awk '{print $1}'
++ pid=926538
++ '[' -z 926538 ']'
++ cwd=
++ '[' -L /proc/926538/cwd ']'
+++ readlink -f /proc/926538/cwd
++ cwd=/paperclip/instances/default/workspaces/3ec8f6dd-1735-4479-9825-a2c42edac34c
++ [[ 926538 node scripts/buy31452-fast-wc-probe.mjs == *\/\p\a\p\e\r\c\l\i\p\/\i\n\s\t\a\n\c\e\s\/\d\e\f\a\u\l\t\/\w\o\r\k\s\p\a\c\e\s\/\3\e\c\8\f\6\d\d\-\1\7\3\5\-\4\4\7\9\-\9\8\2\5\-\a\2\c\4\2\e\d\a\c\3\4\c* ]]
++ '[' /paperclip/instances/default/workspaces/3ec8f6dd-1735-4479-9825-a2c42edac34c = /paperclip/instances/default/workspaces/3ec8f6dd-1735-4479-9825-a2c42edac34c ']'
++ filtered+='926538
'
++ IFS=
++ read -r line
+++ echo '926538
'
+++ sed '/^$/d'
++ filtered=926538
++ '[' -z 926538 ']'
+++ echo 926538
+++ wc -l
+++ tr -d ' '
++ count=1
++ '[' 1 -gt 1 ']'
++ echo 926538
+ pid=926538
+ '[' -n 926538 ']'
++ ts
++ date -u +%Y-%m-%dT%H:%M:%SZ
+ echo '[2026-06-07T01:16:21Z] fast_wc_probe OK pid=926538'
[2026-06-07T01:16:21Z] fast_wc_probe OK pid=926538
+ write_dead_count fast_wc_probe 0
+ local label=fast_wc_probe
+ local count=0
+ python3 -c '
import json, os
p='\''/paperclip/instances/default/projects/177bc805-e3c8-4336-84cb-8e1e482d5a17/18221361-973a-493e-9e19-4c43b7a1c6eb/_default/data/buy31716-keep-alive-state.json'\''
data = {}
if os.path.exists(p):
    try:
        data = json.load(open(p))
    except Exception:
        data = {}
data['\''fast_wc_probe'\''] = 0
open(p, '\''w'\'').write(json.dumps(data, indent=2))
'
+ return 0
+ restart_if_dead shopify_index_expansion 'cc-shopify-index-expansion\.mjs' 'bash -c '\''while true; do node scripts/cc-shopify-index-expansion.mjs; sleep 60; done'\''' /paperclip/instances/default/workspaces/3ec8f6dd-1735-4479-9825-a2c42edac34c/logs/cc_shopify_index_expansion.log
+ local label=shopify_index_expansion
+ local 'pattern=cc-shopify-index-expansion\.mjs'
+ local 'cmd=bash -c '\''while true; do node scripts/cc-shopify-index-expansion.mjs; sleep 60; done'\'''
+ local logfile=/paperclip/instances/default/workspaces/3ec8f6dd-1735-4479-9825-a2c42edac34c/logs/cc_shopify_index_expansion.log
+ local pid dead_ticks
++ pgrep_pat 'cc-shopify-index-expansion\.mjs'
++ local 'pattern=cc-shopify-index-expansion\.mjs'
++ local matches filtered pid cwd count keep p
+++ pgrep -af 'cc-shopify-index-expansion\.mjs'
+++ grep -v buy31716-fleet-keep-alive
+++ grep -v /paperclip/instances/default/projects/177bc805-e3c8-4336-84cb-8e1e482d5a17/18221361-973a-493e-9e19-4c43b7a1c6eb/_default/scripts/buy31716-fleet-keep-alive.sh
++ matches='908659 bash -c while true; do node scripts/cc-shopify-index-expansion.mjs; sleep 60; done'
++ filtered=
++ '[' -z '908659 bash -c while true; do node scripts/cc-shopify-index-expansion.mjs; sleep 60; done' ']'
++ IFS=
++ read -r line
++ '[' -z '908659 bash -c while true; do node scripts/cc-shopify-index-expansion.mjs; sleep 60; done' ']'
+++ echo '908659 bash -c while true; do node scripts/cc-shopify-index-expansion.mjs; sleep 60; done'
+++ awk '{print $1}'
++ pid=908659
++ '[' -z 908659 ']'
++ cwd=
++ '[' -L /proc/908659/cwd ']'
+++ readlink -f /proc/908659/cwd
++ cwd=/paperclip/instances/default/workspaces/3ec8f6dd-1735-4479-9825-a2c42edac34c
++ [[ 908659 bash -c while true; do node scripts/cc-shopify-index-expansion.mjs; sleep 60; done == *\/\p\a\p\e\r\c\l\i\p\/\i\n\s\t\a\n\c\e\s\/\d\e\f\a\u\l\t\/\w\o\r\k\s\p\a\c\e\s\/\3\e\c\8\f\6\d\d\-\1\7\3\5\-\4\4\7\9\-\9\8\2\5\-\a\2\c\4\2\e\d\a\c\3\4\c* ]]
++ '[' /paperclip/instances/default/workspaces/3ec8f6dd-1735-4479-9825-a2c42edac34c = /paperclip/instances/default/workspaces/3ec8f6dd-1735-4479-9825-a2c42edac34c ']'
++ filtered+='908659
'
++ IFS=
++ read -r line
+++ echo '908659
'
+++ sed '/^$/d'
++ filtered=908659
++ '[' -z 908659 ']'
+++ echo 908659
+++ wc -l
+++ tr -d ' '
++ count=1
++ '[' 1 -gt 1 ']'
++ echo 908659
+ pid=908659
+ '[' -n 908659 ']'
++ ts
++ date -u +%Y-%m-%dT%H:%M:%SZ
+ echo '[2026-06-07T01:16:21Z] shopify_index_expansion OK pid=908659'
[2026-06-07T01:16:21Z] shopify_index_expansion OK pid=908659
+ write_dead_count shopify_index_expansion 0
+ local label=shopify_index_expansion
+ local count=0
+ python3 -c '
import json, os
p='\''/paperclip/instances/default/projects/177bc805-e3c8-4336-84cb-8e1e482d5a17/18221361-973a-493e-9e19-4c43b7a1c6eb/_default/data/buy31716-keep-alive-state.json'\''
data = {}
if os.path.exists(p):
    try:
        data = json.load(open(p))
    except Exception:
        data = {}
data['\''shopify_index_expansion'\''] = 0
open(p, '\''w'\'').write(json.dumps(data, indent=2))
'
+ return 0
+ restart_if_dead crate_deep_page 'buy30620-crate-deep-page-lane\.mjs' 'node scripts/buy30620-crate-deep-page-lane.mjs' /paperclip/instances/default/workspaces/3ec8f6dd-1735-4479-9825-a2c42edac34c/logs/buy30620_crate_deep_page.log
+ local label=crate_deep_page
+ local 'pattern=buy30620-crate-deep-page-lane\.mjs'
+ local 'cmd=node scripts/buy30620-crate-deep-page-lane.mjs'
+ local logfile=/paperclip/instances/default/workspaces/3ec8f6dd-1735-4479-9825-a2c42edac34c/logs/buy30620_crate_deep_page.log
+ local pid dead_ticks
++ pgrep_pat 'buy30620-crate-deep-page-lane\.mjs'
++ local 'pattern=buy30620-crate-deep-page-lane\.mjs'
++ local matches filtered pid cwd count keep p
+++ pgrep -af 'buy30620-crate-deep-page-lane\.mjs'
+++ grep -v buy31716-fleet-keep-alive
+++ grep -v /paperclip/instances/default/projects/177bc805-e3c8-4336-84cb-8e1e482d5a17/18221361-973a-493e-9e19-4c43b7a1c6eb/_default/scripts/buy31716-fleet-keep-alive.sh
++ matches='891473 node scripts/buy30620-crate-deep-page-lane.mjs'
++ filtered=
++ '[' -z '891473 node scripts/buy30620-crate-deep-page-lane.mjs' ']'
++ IFS=
++ read -r line
++ '[' -z '891473 node scripts/buy30620-crate-deep-page-lane.mjs' ']'
+++ echo '891473 node scripts/buy30620-crate-deep-page-lane.mjs'
+++ awk '{print $1}'
++ pid=891473
++ '[' -z 891473 ']'
++ cwd=
++ '[' -L /proc/891473/cwd ']'
+++ readlink -f /proc/891473/cwd
++ cwd=/paperclip/instances/default/workspaces/3ec8f6dd-1735-4479-9825-a2c42edac34c
++ [[ 891473 node scripts/buy30620-crate-deep-page-lane.mjs == *\/\p\a\p\e\r\c\l\i\p\/\i\n\s\t\a\n\c\e\s\/\d\e\f\a\u\l\t\/\w\o\r\k\s\p\a\c\e\s\/\3\e\c\8\f\6\d\d\-\1\7\3\5\-\4\4\7\9\-\9\8\2\5\-\a\2\c\4\2\e\d\a\c\3\4\c* ]]
++ '[' /paperclip/instances/default/workspaces/3ec8f6dd-1735-4479-9825-a2c42edac34c = /paperclip/instances/default/workspaces/3ec8f6dd-1735-4479-9825-a2c42edac34c ']'
++ filtered+='891473
'
++ IFS=
++ read -r line
+++ echo '891473
'
+++ sed '/^$/d'
++ filtered=891473
++ '[' -z 891473 ']'
+++ echo 891473
+++ wc -l
+++ tr -d ' '
++ count=1
++ '[' 1 -gt 1 ']'
++ echo 891473
+ pid=891473
+ '[' -n 891473 ']'
++ ts
++ date -u +%Y-%m-%dT%H:%M:%SZ
+ echo '[2026-06-07T01:16:21Z] crate_deep_page OK pid=891473'
[2026-06-07T01:16:21Z] crate_deep_page OK pid=891473
+ write_dead_count crate_deep_page 0
+ local label=crate_deep_page
+ local count=0
+ python3 -c '
import json, os
p='\''/paperclip/instances/default/projects/177bc805-e3c8-4336-84cb-8e1e482d5a17/18221361-973a-493e-9e19-4c43b7a1c6eb/_default/data/buy31716-keep-alive-state.json'\''
data = {}
if os.path.exists(p):
    try:
        data = json.load(open(p))
    except Exception:
        data = {}
data['\''crate_deep_page'\''] = 0
open(p, '\''w'\'').write(json.dumps(data, indent=2))
'
+ return 0
+ restart_if_dead hunt2_page 'buy30620-hunt2-page-lane\.mjs' 'node scripts/buy30620-hunt2-page-lane.mjs' /paperclip/instances/default/workspaces/3ec8f6dd-1735-4479-9825-a2c42edac34c/logs/buy30620_hunt2_page.log
+ local label=hunt2_page
+ local 'pattern=buy30620-hunt2-page-lane\.mjs'
+ local 'cmd=node scripts/buy30620-hunt2-page-lane.mjs'
+ local logfile=/paperclip/instances/default/workspaces/3ec8f6dd-1735-4479-9825-a2c42edac34c/logs/buy30620_hunt2_page.log
+ local pid dead_ticks
++ pgrep_pat 'buy30620-hunt2-page-lane\.mjs'
++ local 'pattern=buy30620-hunt2-page-lane\.mjs'
++ local matches filtered pid cwd count keep p
+++ pgrep -af 'buy30620-hunt2-page-lane\.mjs'
+++ grep -v buy31716-fleet-keep-alive
+++ grep -v /paperclip/instances/default/projects/177bc805-e3c8-4336-84cb-8e1e482d5a17/18221361-973a-493e-9e19-4c43b7a1c6eb/_default/scripts/buy31716-fleet-keep-alive.sh
++ matches='891577 node scripts/buy30620-hunt2-page-lane.mjs'
++ filtered=
++ '[' -z '891577 node scripts/buy30620-hunt2-page-lane.mjs' ']'
++ IFS=
++ read -r line
++ '[' -z '891577 node scripts/buy30620-hunt2-page-lane.mjs' ']'
+++ echo '891577 node scripts/buy30620-hunt2-page-lane.mjs'
+++ awk '{print $1}'
++ pid=891577
++ '[' -z 891577 ']'
++ cwd=
++ '[' -L /proc/891577/cwd ']'
+++ readlink -f /proc/891577/cwd
++ cwd=/paperclip/instances/default/workspaces/3ec8f6dd-1735-4479-9825-a2c42edac34c
++ [[ 891577 node scripts/buy30620-hunt2-page-lane.mjs == *\/\p\a\p\e\r\c\l\i\p\/\i\n\s\t\a\n\c\e\s\/\d\e\f\a\u\l\t\/\w\o\r\k\s\p\a\c\e\s\/\3\e\c\8\f\6\d\d\-\1\7\3\5\-\4\4\7\9\-\9\8\2\5\-\a\2\c\4\2\e\d\a\c\3\4\c* ]]
++ '[' /paperclip/instances/default/workspaces/3ec8f6dd-1735-4479-9825-a2c42edac34c = /paperclip/instances/default/workspaces/3ec8f6dd-1735-4479-9825-a2c42edac34c ']'
++ filtered+='891577
'
++ IFS=
++ read -r line
+++ echo '891577
'
+++ sed '/^$/d'
++ filtered=891577
++ '[' -z 891577 ']'
+++ echo 891577
+++ wc -l
+++ tr -d ' '
++ count=1
++ '[' 1 -gt 1 ']'
++ echo 891577
+ pid=891577
+ '[' -n 891577 ']'
++ ts
++ date -u +%Y-%m-%dT%H:%M:%SZ
+ echo '[2026-06-07T01:16:21Z] hunt2_page OK pid=891577'
[2026-06-07T01:16:21Z] hunt2_page OK pid=891577
+ write_dead_count hunt2_page 0
+ local label=hunt2_page
+ local count=0
+ python3 -c '
import json, os
p='\''/paperclip/instances/default/projects/177bc805-e3c8-4336-84cb-8e1e482d5a17/18221361-973a-493e-9e19-4c43b7a1c6eb/_default/data/buy31716-keep-alive-state.json'\''
data = {}
if os.path.exists(p):
    try:
        data = json.load(open(p))
    except Exception:
        data = {}
data['\''hunt2_page'\''] = 0
open(p, '\''w'\'').write(json.dumps(data, indent=2))
'
+ return 0
+ restart_if_dead stock_page 'buy30620-stock-page-lane\.mjs' 'node scripts/buy30620-stock-page-lane.mjs' /paperclip/instances/default/workspaces/3ec8f6dd-1735-4479-9825-a2c42edac34c/logs/buy30620_stock_page.log
+ local label=stock_page
+ local 'pattern=buy30620-stock-page-lane\.mjs'
+ local 'cmd=node scripts/buy30620-stock-page-lane.mjs'
+ local logfile=/paperclip/instances/default/workspaces/3ec8f6dd-1735-4479-9825-a2c42edac34c/logs/buy30620_stock_page.log
+ local pid dead_ticks
++ pgrep_pat 'buy30620-stock-page-lane\.mjs'
++ local 'pattern=buy30620-stock-page-lane\.mjs'
++ local matches filtered pid cwd count keep p
+++ pgrep -af 'buy30620-stock-page-lane\.mjs'
+++ grep -v buy31716-fleet-keep-alive
+++ grep -v /paperclip/instances/default/projects/177bc805-e3c8-4336-84cb-8e1e482d5a17/18221361-973a-493e-9e19-4c43b7a1c6eb/_default/scripts/buy31716-fleet-keep-alive.sh
++ matches='947772 node scripts/buy30620-stock-page-lane.mjs'
++ filtered=
++ '[' -z '947772 node scripts/buy30620-stock-page-lane.mjs' ']'
++ IFS=
++ read -r line
++ '[' -z '947772 node scripts/buy30620-stock-page-lane.mjs' ']'
+++ echo '947772 node scripts/buy30620-stock-page-lane.mjs'
+++ awk '{print $1}'
++ pid=947772
++ '[' -z 947772 ']'
++ cwd=
++ '[' -L /proc/947772/cwd ']'
+++ readlink -f /proc/947772/cwd
++ cwd=/paperclip/instances/default/workspaces/3ec8f6dd-1735-4479-9825-a2c42edac34c
++ [[ 947772 node scripts/buy30620-stock-page-lane.mjs == *\/\p\a\p\e\r\c\l\i\p\/\i\n\s\t\a\n\c\e\s\/\d\e\f\a\u\l\t\/\w\o\r\k\s\p\a\c\e\s\/\3\e\c\8\f\6\d\d\-\1\7\3\5\-\4\4\7\9\-\9\8\2\5\-\a\2\c\4\2\e\d\a\c\3\4\c* ]]
++ '[' /paperclip/instances/default/workspaces/3ec8f6dd-1735-4479-9825-a2c42edac34c = /paperclip/instances/default/workspaces/3ec8f6dd-1735-4479-9825-a2c42edac34c ']'
++ filtered+='947772
'
++ IFS=
++ read -r line
+++ echo '947772
'
+++ sed '/^$/d'
++ filtered=947772
++ '[' -z 947772 ']'
+++ echo 947772
+++ wc -l
+++ tr -d ' '
++ count=1
++ '[' 1 -gt 1 ']'
++ echo 947772
+ pid=947772
+ '[' -n 947772 ']'
++ ts
++ date -u +%Y-%m-%dT%H:%M:%SZ
+ echo '[2026-06-07T01:16:21Z] stock_page OK pid=947772'
[2026-06-07T01:16:21Z] stock_page OK pid=947772
+ write_dead_count stock_page 0
+ local label=stock_page
+ local count=0
+ python3 -c '
import json, os
p='\''/paperclip/instances/default/projects/177bc805-e3c8-4336-84cb-8e1e482d5a17/18221361-973a-493e-9e19-4c43b7a1c6eb/_default/data/buy31716-keep-alive-state.json'\''
data = {}
if os.path.exists(p):
    try:
        data = json.load(open(p))
    except Exception:
        data = {}
data['\''stock_page'\''] = 0
open(p, '\''w'\'').write(json.dumps(data, indent=2))
'
+ return 0
++ ts
++ date -u +%Y-%m-%dT%H:%M:%SZ
+ echo '[2026-06-07T01:16:21Z] keep-alive tick complete'
[2026-06-07T01:16:21Z] keep-alive tick complete
===== keep-alive tick 2026-06-07T01:17:43Z =====
[2026-06-07T01:17:43Z] burst_discovery OK pid=368113
[2026-06-07T01:17:43Z] brand_sitemap_miner OK pid=926063
[2026-06-07T01:17:44Z] retailer_sitemap_miner OK pid=947577
[2026-06-07T01:17:44Z] fast_wc_probe OK pid=926538
[2026-06-07T01:17:44Z] shopify_index_expansion OK pid=908659
[2026-06-07T01:17:44Z] crate_deep_page OK pid=891473
[2026-06-07T01:17:44Z] hunt2_page OK pid=891577
[2026-06-07T01:17:44Z] stock_page OK pid=947772
[2026-06-07T01:17:44Z] keep-alive tick complete
===== keep-alive tick 2026-06-07T01:20:01Z =====
[2026-06-07T01:20:01Z] burst_discovery OK pid=368113
[2026-06-07T01:20:01Z] brand_sitemap_miner OK pid=926063
[2026-06-07T01:20:01Z] retailer_sitemap_miner OK pid=947577
[2026-06-07T01:20:01Z] fast_wc_probe OK pid=926538
[2026-06-07T01:20:01Z] shopify_index_expansion OK pid=908659
[2026-06-07T01:20:01Z] crate_deep_page OK pid=891473
[2026-06-07T01:20:01Z] hunt2_page OK pid=891577
[2026-06-07T01:20:01Z] stock_page OK pid=947772
[2026-06-07T01:20:01Z] keep-alive tick complete
===== keep-alive tick 2026-06-07T01:25:01Z =====
[2026-06-07T01:25:02Z] burst_discovery OK pid=368113
[2026-06-07T01:25:02Z] brand_sitemap_miner DEAD — restarting (consecutive_dead_ticks=1)
[2026-06-07T01:25:04Z] brand_sitemap_miner restarted pid=1012162
[2026-06-07T01:25:04Z] retailer_sitemap_miner OK pid=947577
[2026-06-07T01:25:04Z] fast_wc_probe OK pid=926538
[2026-06-07T01:25:04Z] shopify_index_expansion OK pid=908659
[2026-06-07T01:25:04Z] crate_deep_page OK pid=891473
[2026-06-07T01:25:04Z] hunt2_page OK pid=891577
[2026-06-07T01:25:04Z] stock_page OK pid=947772
[2026-06-07T01:25:04Z] keep-alive tick complete
===== keep-alive tick 2026-06-07T01:30:01Z =====
[2026-06-07T01:30:01Z] burst_discovery OK pid=368113
[2026-06-07T01:30:01Z] brand_sitemap_miner DEAD — restarting (consecutive_dead_ticks=2)
[2026-06-07T01:30:04Z] brand_sitemap_miner restarted pid=1025587
[2026-06-07T01:30:04Z] retailer_sitemap_miner OK pid=947577
[2026-06-07T01:30:04Z] fast_wc_probe OK pid=926538
[2026-06-07T01:30:04Z] shopify_index_expansion OK pid=908659
[2026-06-07T01:30:04Z] crate_deep_page OK pid=891473
[2026-06-07T01:30:04Z] hunt2_page OK pid=891577
[2026-06-07T01:30:04Z] stock_page OK pid=947772
[2026-06-07T01:30:04Z] keep-alive tick complete
===== keep-alive tick 2026-06-07T01:35:01Z =====
[2026-06-07T01:35:01Z] burst_discovery OK pid=368113
[2026-06-07T01:35:01Z] brand_sitemap_miner DEAD — restarting (consecutive_dead_ticks=3)
[2026-06-07T01:35:03Z] brand_sitemap_miner restarted pid=1039477
[2026-06-07T01:35:03Z] retailer_sitemap_miner OK pid=947577
[2026-06-07T01:35:03Z] fast_wc_probe OK pid=926538
[2026-06-07T01:35:03Z] shopify_index_expansion OK pid=908659
[2026-06-07T01:35:04Z] crate_deep_page OK pid=891473
[2026-06-07T01:35:04Z] hunt2_page OK pid=891577
[2026-06-07T01:35:04Z] stock_page OK pid=947772
[2026-06-07T01:35:04Z] keep-alive tick complete
===== keep-alive tick 2026-06-07T01:40:01Z =====
[2026-06-07T01:40:01Z] burst_discovery OK pid=368113
[2026-06-07T01:40:01Z] brand_sitemap_miner DEAD — restarting (consecutive_dead_ticks=4)
[2026-06-07T01:40:03Z] brand_sitemap_miner restarted pid=1056726
[2026-06-07T01:40:03Z] brand_sitemap_miner ESCALATED — consecutive_dead_ticks=4 >= 4; written to /paperclip/instances/default/projects/177bc805-e3c8-4336-84cb-8e1e482d5a17/18221361-973a-493e-9e19-4c43b7a1c6eb/_default/data/buy31716-keep-alive-escalation.json
[2026-06-07T01:40:03Z] retailer_sitemap_miner OK pid=947577
[2026-06-07T01:40:03Z] fast_wc_probe OK pid=926538
[2026-06-07T01:40:03Z] shopify_index_expansion OK pid=908659
[2026-06-07T01:40:03Z] crate_deep_page OK pid=891473
[2026-06-07T01:40:03Z] hunt2_page OK pid=891577
[2026-06-07T01:40:03Z] stock_page OK pid=947772
[2026-06-07T01:40:03Z] keep-alive tick complete
===== keep-alive tick 2026-06-07T01:45:01Z =====
[2026-06-07T01:45:01Z] burst_discovery OK pid=368113
[2026-06-07T01:45:01Z] brand_sitemap_miner DEAD — restarting (consecutive_dead_ticks=5)
[2026-06-07T01:45:03Z] brand_sitemap_miner restarted pid=1073093
[2026-06-07T01:45:03Z] brand_sitemap_miner ESCALATED — consecutive_dead_ticks=5 >= 4; written to /paperclip/instances/default/projects/177bc805-e3c8-4336-84cb-8e1e482d5a17/18221361-973a-493e-9e19-4c43b7a1c6eb/_default/data/buy31716-keep-alive-escalation.json
[2026-06-07T01:45:03Z] retailer_sitemap_miner OK pid=947577
[2026-06-07T01:45:03Z] fast_wc_probe OK pid=926538
[2026-06-07T01:45:03Z] shopify_index_expansion OK pid=908659
[2026-06-07T01:45:03Z] crate_deep_page OK pid=891473
[2026-06-07T01:45:03Z] hunt2_page OK pid=891577
[2026-06-07T01:45:03Z] stock_page OK pid=947772
[2026-06-07T01:45:03Z] keep-alive tick complete
===== keep-alive tick 2026-06-07T01:50:01Z =====
[2026-06-07T01:50:01Z] burst_discovery OK pid=368113
[2026-06-07T01:50:02Z] brand_sitemap_miner DEAD — restarting (consecutive_dead_ticks=6)
[2026-06-07T01:50:04Z] brand_sitemap_miner restarted pid=1087181
[2026-06-07T01:50:04Z] brand_sitemap_miner ESCALATED — consecutive_dead_ticks=6 >= 4; written to /paperclip/instances/default/projects/177bc805-e3c8-4336-84cb-8e1e482d5a17/18221361-973a-493e-9e19-4c43b7a1c6eb/_default/data/buy31716-keep-alive-escalation.json
Terminated
[2026-06-07T01:50:04Z] duplicate buy30590-retailer-sitemap-miner\.mjs killed pid=947577 (kept 1087306)
[2026-06-07T01:50:04Z] retailer_sitemap_miner OK pid=1087306
[2026-06-07T01:50:04Z] fast_wc_probe DEAD — restarting (consecutive_dead_ticks=1)
[2026-06-07T01:50:06Z] fast_wc_probe restarted pid=1087392
[2026-06-07T01:50:06Z] shopify_index_expansion OK pid=908659
[2026-06-07T01:50:06Z] crate_deep_page OK pid=891473
[2026-06-07T01:50:06Z] hunt2_page OK pid=891577
[2026-06-07T01:50:06Z] stock_page OK pid=947772
[2026-06-07T01:50:06Z] keep-alive tick complete
===== keep-alive tick 2026-06-07T01:55:01Z =====
[2026-06-07T01:55:01Z] burst_discovery OK pid=368113
[2026-06-07T01:55:01Z] brand_sitemap_miner OK pid=1087181
[2026-06-07T01:55:01Z] retailer_sitemap_miner DEAD — restarting (consecutive_dead_ticks=1)
[2026-06-07T01:55:03Z] retailer_sitemap_miner restarted pid=1105173
[2026-06-07T01:55:03Z] fast_wc_probe OK pid=1087392
[2026-06-07T01:55:03Z] shopify_index_expansion OK pid=908659
[2026-06-07T01:55:04Z] crate_deep_page OK pid=891473
[2026-06-07T01:55:04Z] hunt2_page OK pid=891577
[2026-06-07T01:55:04Z] stock_page OK pid=947772
[2026-06-07T01:55:04Z] keep-alive tick complete
===== keep-alive tick 2026-06-07T02:00:01Z =====
[2026-06-07T02:00:01Z] burst_discovery OK pid=368113
[2026-06-07T02:00:01Z] brand_sitemap_miner OK pid=1087181
[2026-06-07T02:00:01Z] retailer_sitemap_miner OK pid=1105173
[2026-06-07T02:00:01Z] fast_wc_probe OK pid=1087392
[2026-06-07T02:00:01Z] shopify_index_expansion OK pid=908659
[2026-06-07T02:00:01Z] crate_deep_page OK pid=891473
[2026-06-07T02:00:01Z] hunt2_page OK pid=891577
[2026-06-07T02:00:01Z] stock_page OK pid=947772
[2026-06-07T02:00:01Z] keep-alive tick complete
===== keep-alive tick 2026-06-07T02:05:01Z =====
[2026-06-07T02:05:01Z] burst_discovery OK pid=368113
[2026-06-07T02:05:01Z] brand_sitemap_miner DEAD — restarting (consecutive_dead_ticks=1)
[2026-06-07T02:05:03Z] brand_sitemap_miner restarted pid=1135466
[2026-06-07T02:05:03Z] retailer_sitemap_miner OK pid=1105173
[2026-06-07T02:05:03Z] fast_wc_probe OK pid=1087392
[2026-06-07T02:05:03Z] shopify_index_expansion OK pid=908659
[2026-06-07T02:05:03Z] crate_deep_page OK pid=891473
[2026-06-07T02:05:03Z] hunt2_page OK pid=891577
[2026-06-07T02:05:03Z] stock_page OK pid=947772
[2026-06-07T02:05:03Z] keep-alive tick complete
===== keep-alive tick 2026-06-07T02:10:01Z =====
[2026-06-07T02:10:01Z] burst_discovery OK pid=368113
[2026-06-07T02:10:01Z] brand_sitemap_miner DEAD — restarting (consecutive_dead_ticks=2)
[2026-06-07T02:10:03Z] brand_sitemap_miner restarted pid=1150241
[2026-06-07T02:10:03Z] retailer_sitemap_miner OK pid=1105173
[2026-06-07T02:10:03Z] fast_wc_probe OK pid=1087392
[2026-06-07T02:10:03Z] shopify_index_expansion OK pid=908659
[2026-06-07T02:10:04Z] crate_deep_page OK pid=891473
[2026-06-07T02:10:04Z] hunt2_page OK pid=891577
[2026-06-07T02:10:04Z] stock_page OK pid=947772
[2026-06-07T02:10:04Z] keep-alive tick complete
===== keep-alive tick 2026-06-07T02:15:01Z =====
[2026-06-07T02:15:01Z] burst_discovery OK pid=368113
[2026-06-07T02:15:01Z] brand_sitemap_miner DEAD — restarting (consecutive_dead_ticks=3)
[2026-06-07T02:15:03Z] brand_sitemap_miner restarted pid=1168576
[2026-06-07T02:15:03Z] retailer_sitemap_miner OK pid=1105173
[2026-06-07T02:15:03Z] fast_wc_probe OK pid=1087392
[2026-06-07T02:15:03Z] shopify_index_expansion OK pid=908659
[2026-06-07T02:15:03Z] crate_deep_page OK pid=891473
[2026-06-07T02:15:03Z] hunt2_page OK pid=891577
[2026-06-07T02:15:03Z] stock_page OK pid=947772
[2026-06-07T02:15:04Z] keep-alive tick complete
===== keep-alive tick 2026-06-07T02:20:01Z =====
[2026-06-07T02:20:01Z] burst_discovery OK pid=368113
[2026-06-07T02:20:01Z] brand_sitemap_miner DEAD — restarting (consecutive_dead_ticks=4)
[2026-06-07T02:20:03Z] brand_sitemap_miner restarted pid=1185016
[2026-06-07T02:20:03Z] brand_sitemap_miner ESCALATED — consecutive_dead_ticks=4 >= 4; written to /paperclip/instances/default/projects/177bc805-e3c8-4336-84cb-8e1e482d5a17/18221361-973a-493e-9e19-4c43b7a1c6eb/_default/data/buy31716-keep-alive-escalation.json
[2026-06-07T02:20:03Z] retailer_sitemap_miner OK pid=1105173
[2026-06-07T02:20:03Z] fast_wc_probe OK pid=1087392
[2026-06-07T02:20:03Z] shopify_index_expansion OK pid=908659
[2026-06-07T02:20:03Z] crate_deep_page OK pid=891473
[2026-06-07T02:20:03Z] hunt2_page OK pid=891577
[2026-06-07T02:20:03Z] stock_page OK pid=947772
[2026-06-07T02:20:03Z] keep-alive tick complete
===== keep-alive tick 2026-06-07T02:25:01Z =====
[2026-06-07T02:25:01Z] burst_discovery OK pid=368113
[2026-06-07T02:25:01Z] brand_sitemap_miner DEAD — restarting (consecutive_dead_ticks=5)
[2026-06-07T02:25:03Z] brand_sitemap_miner restarted pid=1202705
[2026-06-07T02:25:03Z] brand_sitemap_miner ESCALATED — consecutive_dead_ticks=5 >= 4; written to /paperclip/instances/default/projects/177bc805-e3c8-4336-84cb-8e1e482d5a17/18221361-973a-493e-9e19-4c43b7a1c6eb/_default/data/buy31716-keep-alive-escalation.json
[2026-06-07T02:25:03Z] retailer_sitemap_miner OK pid=1105173
[2026-06-07T02:25:03Z] fast_wc_probe OK pid=1087392
[2026-06-07T02:25:04Z] shopify_index_expansion OK pid=908659
[2026-06-07T02:25:04Z] crate_deep_page OK pid=891473
[2026-06-07T02:25:04Z] hunt2_page OK pid=891577
[2026-06-07T02:25:04Z] stock_page OK pid=947772
[2026-06-07T02:25:04Z] keep-alive tick complete
===== keep-alive tick 2026-06-07T02:30:01Z =====
[2026-06-07T02:30:01Z] burst_discovery OK pid=368113
[2026-06-07T02:30:01Z] brand_sitemap_miner DEAD — restarting (consecutive_dead_ticks=6)
[2026-06-07T02:30:03Z] brand_sitemap_miner restarted pid=1219085
[2026-06-07T02:30:03Z] brand_sitemap_miner ESCALATED — consecutive_dead_ticks=6 >= 4; written to /paperclip/instances/default/projects/177bc805-e3c8-4336-84cb-8e1e482d5a17/18221361-973a-493e-9e19-4c43b7a1c6eb/_default/data/buy31716-keep-alive-escalation.json
[2026-06-07T02:30:03Z] retailer_sitemap_miner OK pid=1105173
[2026-06-07T02:30:03Z] fast_wc_probe OK pid=1087392
[2026-06-07T02:30:04Z] shopify_index_expansion OK pid=908659
[2026-06-07T02:30:04Z] crate_deep_page OK pid=891473
[2026-06-07T02:30:04Z] hunt2_page OK pid=891577
[2026-06-07T02:30:04Z] stock_page OK pid=947772
[2026-06-07T02:30:04Z] keep-alive tick complete
===== keep-alive tick 2026-06-07T02:35:01Z =====
[2026-06-07T02:35:01Z] burst_discovery OK pid=368113
[2026-06-07T02:35:01Z] brand_sitemap_miner DEAD — restarting (consecutive_dead_ticks=7)
[2026-06-07T02:35:03Z] brand_sitemap_miner restarted pid=1236824
[2026-06-07T02:35:03Z] brand_sitemap_miner ESCALATED — consecutive_dead_ticks=7 >= 4; written to /paperclip/instances/default/projects/177bc805-e3c8-4336-84cb-8e1e482d5a17/18221361-973a-493e-9e19-4c43b7a1c6eb/_default/data/buy31716-keep-alive-escalation.json
[2026-06-07T02:35:03Z] duplicate buy30590-retailer-sitemap-miner\.mjs killed pid=1105173 (kept 1236887)
[2026-06-07T02:35:03Z] retailer_sitemap_miner OK pid=1236887
Terminated
[2026-06-07T02:35:03Z] fast_wc_probe DEAD — restarting (consecutive_dead_ticks=1)
[2026-06-07T02:35:05Z] fast_wc_probe restarted pid=1236999
[2026-06-07T02:35:05Z] shopify_index_expansion OK pid=908659
[2026-06-07T02:35:05Z] crate_deep_page OK pid=891473
[2026-06-07T02:35:06Z] hunt2_page OK pid=891577
[2026-06-07T02:35:06Z] stock_page OK pid=947772
[2026-06-07T02:35:06Z] keep-alive tick complete
===== keep-alive tick 2026-06-07T02:40:01Z =====
[2026-06-07T02:40:01Z] burst_discovery OK pid=368113
[2026-06-07T02:40:01Z] brand_sitemap_miner DEAD — restarting (consecutive_dead_ticks=8)
[2026-06-07T02:40:03Z] brand_sitemap_miner restarted pid=1250899
[2026-06-07T02:40:03Z] brand_sitemap_miner ESCALATED — consecutive_dead_ticks=8 >= 4; written to /paperclip/instances/default/projects/177bc805-e3c8-4336-84cb-8e1e482d5a17/18221361-973a-493e-9e19-4c43b7a1c6eb/_default/data/buy31716-keep-alive-escalation.json
[2026-06-07T02:40:03Z] retailer_sitemap_miner DEAD — restarting (consecutive_dead_ticks=1)
[2026-06-07T02:40:05Z] retailer_sitemap_miner restarted pid=1250994
[2026-06-07T02:40:05Z] fast_wc_probe OK pid=1236999
[2026-06-07T02:40:05Z] shopify_index_expansion OK pid=908659
[2026-06-07T02:40:05Z] crate_deep_page OK pid=891473
[2026-06-07T02:40:05Z] hunt2_page OK pid=891577
[2026-06-07T02:40:05Z] stock_page OK pid=947772
[2026-06-07T02:40:05Z] keep-alive tick complete
===== keep-alive tick 2026-06-07T02:45:01Z =====
[2026-06-07T02:45:02Z] burst_discovery OK pid=368113
[2026-06-07T02:45:02Z] brand_sitemap_miner OK pid=1250899
[2026-06-07T02:45:02Z] retailer_sitemap_miner OK pid=1250994
[2026-06-07T02:45:02Z] fast_wc_probe OK pid=1236999
[2026-06-07T02:45:02Z] shopify_index_expansion OK pid=908659
[2026-06-07T02:45:02Z] crate_deep_page OK pid=891473
[2026-06-07T02:45:02Z] hunt2_page OK pid=891577
[2026-06-07T02:45:02Z] stock_page OK pid=947772
[2026-06-07T02:45:02Z] keep-alive tick complete
===== keep-alive tick 2026-06-07T02:50:01Z =====
[2026-06-07T02:50:01Z] burst_discovery OK pid=368113
[2026-06-07T02:50:01Z] brand_sitemap_miner OK pid=1250899
[2026-06-07T02:50:01Z] retailer_sitemap_miner OK pid=1250994
[2026-06-07T02:50:02Z] fast_wc_probe OK pid=1236999
[2026-06-07T02:50:02Z] shopify_index_expansion OK pid=908659
[2026-06-07T02:50:02Z] crate_deep_page OK pid=891473
[2026-06-07T02:50:02Z] hunt2_page OK pid=891577
[2026-06-07T02:50:02Z] stock_page OK pid=947772
[2026-06-07T02:50:02Z] keep-alive tick complete
===== keep-alive tick 2026-06-07T02:55:01Z =====
[2026-06-07T02:55:01Z] burst_discovery OK pid=368113
[2026-06-07T02:55:01Z] brand_sitemap_miner DEAD — restarting (consecutive_dead_ticks=1)
[2026-06-07T02:55:03Z] brand_sitemap_miner restarted pid=1302205
[2026-06-07T02:55:03Z] retailer_sitemap_miner OK pid=1250994
[2026-06-07T02:55:04Z] fast_wc_probe OK pid=1236999
[2026-06-07T02:55:04Z] shopify_index_expansion OK pid=908659
[2026-06-07T02:55:04Z] crate_deep_page OK pid=891473
[2026-06-07T02:55:04Z] hunt2_page OK pid=891577
[2026-06-07T02:55:04Z] stock_page OK pid=947772
[2026-06-07T02:55:04Z] keep-alive tick complete
===== keep-alive tick 2026-06-07T03:00:01Z =====
[2026-06-07T03:00:01Z] burst_discovery OK pid=368113
[2026-06-07T03:00:01Z] brand_sitemap_miner DEAD — restarting (consecutive_dead_ticks=2)
[2026-06-07T03:00:03Z] brand_sitemap_miner restarted pid=1320382
[2026-06-07T03:00:03Z] retailer_sitemap_miner OK pid=1250994
[2026-06-07T03:00:03Z] fast_wc_probe OK pid=1236999
[2026-06-07T03:00:03Z] shopify_index_expansion OK pid=908659
[2026-06-07T03:00:03Z] crate_deep_page OK pid=891473
[2026-06-07T03:00:04Z] hunt2_page OK pid=891577
[2026-06-07T03:00:04Z] stock_page OK pid=947772
[2026-06-07T03:00:04Z] keep-alive tick complete
===== keep-alive tick 2026-06-07T03:05:01Z =====
[2026-06-07T03:05:01Z] burst_discovery OK pid=368113
[2026-06-07T03:05:01Z] brand_sitemap_miner DEAD — restarting (consecutive_dead_ticks=3)
[2026-06-07T03:05:03Z] brand_sitemap_miner restarted pid=1333306
[2026-06-07T03:05:03Z] retailer_sitemap_miner OK pid=1250994
[2026-06-07T03:05:03Z] fast_wc_probe OK pid=1236999
[2026-06-07T03:05:03Z] shopify_index_expansion OK pid=908659
[2026-06-07T03:05:03Z] crate_deep_page OK pid=891473
[2026-06-07T03:05:03Z] hunt2_page OK pid=891577
[2026-06-07T03:05:03Z] stock_page OK pid=947772
[2026-06-07T03:05:03Z] keep-alive tick complete
===== keep-alive tick 2026-06-07T03:10:01Z =====
[2026-06-07T03:10:02Z] burst_discovery OK pid=368113
[2026-06-07T03:10:02Z] brand_sitemap_miner DEAD — restarting (consecutive_dead_ticks=4)
[2026-06-07T03:10:04Z] brand_sitemap_miner restarted pid=1347425
[2026-06-07T03:10:04Z] brand_sitemap_miner ESCALATED — consecutive_dead_ticks=4 >= 4; written to /paperclip/instances/default/projects/177bc805-e3c8-4336-84cb-8e1e482d5a17/18221361-973a-493e-9e19-4c43b7a1c6eb/_default/data/buy31716-keep-alive-escalation.json
[2026-06-07T03:10:04Z] retailer_sitemap_miner OK pid=1250994
[2026-06-07T03:10:04Z] fast_wc_probe OK pid=1236999
[2026-06-07T03:10:04Z] shopify_index_expansion OK pid=908659
[2026-06-07T03:10:04Z] crate_deep_page OK pid=891473
[2026-06-07T03:10:04Z] hunt2_page OK pid=891577
[2026-06-07T03:10:04Z] stock_page OK pid=947772
[2026-06-07T03:10:04Z] keep-alive tick complete
===== keep-alive tick 2026-06-07T03:15:01Z =====
[2026-06-07T03:15:01Z] burst_discovery OK pid=368113
[2026-06-07T03:15:01Z] brand_sitemap_miner DEAD — restarting (consecutive_dead_ticks=5)
[2026-06-07T03:15:03Z] brand_sitemap_miner restarted pid=1365653
[2026-06-07T03:15:03Z] brand_sitemap_miner ESCALATED — consecutive_dead_ticks=5 >= 4; written to /paperclip/instances/default/projects/177bc805-e3c8-4336-84cb-8e1e482d5a17/18221361-973a-493e-9e19-4c43b7a1c6eb/_default/data/buy31716-keep-alive-escalation.json
[2026-06-07T03:15:04Z] retailer_sitemap_miner OK pid=1250994
[2026-06-07T03:15:04Z] fast_wc_probe OK pid=1236999
[2026-06-07T03:15:04Z] shopify_index_expansion OK pid=908659
[2026-06-07T03:15:04Z] crate_deep_page OK pid=891473
[2026-06-07T03:15:04Z] hunt2_page OK pid=891577
[2026-06-07T03:15:04Z] stock_page OK pid=947772
[2026-06-07T03:15:04Z] keep-alive tick complete
===== keep-alive tick 2026-06-07T03:20:01Z =====
[2026-06-07T03:20:01Z] burst_discovery OK pid=368113
[2026-06-07T03:20:01Z] brand_sitemap_miner DEAD — restarting (consecutive_dead_ticks=6)
[2026-06-07T03:20:03Z] brand_sitemap_miner restarted pid=1379297
[2026-06-07T03:20:03Z] brand_sitemap_miner ESCALATED — consecutive_dead_ticks=6 >= 4; written to /paperclip/instances/default/projects/177bc805-e3c8-4336-84cb-8e1e482d5a17/18221361-973a-493e-9e19-4c43b7a1c6eb/_default/data/buy31716-keep-alive-escalation.json
[2026-06-07T03:20:03Z] retailer_sitemap_miner OK pid=1250994
[2026-06-07T03:20:03Z] fast_wc_probe DEAD — restarting (consecutive_dead_ticks=1)
[2026-06-07T03:20:05Z] fast_wc_probe restarted pid=1379437
[2026-06-07T03:20:05Z] shopify_index_expansion OK pid=908659
[2026-06-07T03:20:06Z] crate_deep_page OK pid=891473
[2026-06-07T03:20:06Z] hunt2_page OK pid=891577
[2026-06-07T03:20:06Z] stock_page OK pid=947772
[2026-06-07T03:20:06Z] keep-alive tick complete
===== keep-alive tick 2026-06-07T03:25:01Z =====
[2026-06-07T03:25:01Z] burst_discovery OK pid=368113
[2026-06-07T03:25:01Z] brand_sitemap_miner DEAD — restarting (consecutive_dead_ticks=7)
[2026-06-07T03:25:03Z] brand_sitemap_miner restarted pid=1400521
[2026-06-07T03:25:03Z] brand_sitemap_miner ESCALATED — consecutive_dead_ticks=7 >= 4; written to /paperclip/instances/default/projects/177bc805-e3c8-4336-84cb-8e1e482d5a17/18221361-973a-493e-9e19-4c43b7a1c6eb/_default/data/buy31716-keep-alive-escalation.json
[2026-06-07T03:25:03Z] retailer_sitemap_miner OK pid=1250994
[2026-06-07T03:25:03Z] fast_wc_probe OK pid=1379437
[2026-06-07T03:25:03Z] shopify_index_expansion OK pid=908659
[2026-06-07T03:25:03Z] crate_deep_page OK pid=891473
[2026-06-07T03:25:03Z] hunt2_page OK pid=891577
[2026-06-07T03:25:03Z] stock_page OK pid=947772
[2026-06-07T03:25:04Z] keep-alive tick complete
===== keep-alive tick 2026-06-07T03:30:01Z =====
[2026-06-07T03:30:01Z] burst_discovery OK pid=368113
[2026-06-07T03:30:01Z] brand_sitemap_miner DEAD — restarting (consecutive_dead_ticks=8)
[2026-06-07T03:30:03Z] brand_sitemap_miner restarted pid=1422647
[2026-06-07T03:30:03Z] brand_sitemap_miner ESCALATED — consecutive_dead_ticks=8 >= 4; written to /paperclip/instances/default/projects/177bc805-e3c8-4336-84cb-8e1e482d5a17/18221361-973a-493e-9e19-4c43b7a1c6eb/_default/data/buy31716-keep-alive-escalation.json
[2026-06-07T03:30:03Z] retailer_sitemap_miner OK pid=1250994
[2026-06-07T03:30:03Z] fast_wc_probe OK pid=1379437
[2026-06-07T03:30:03Z] shopify_index_expansion OK pid=908659
[2026-06-07T03:30:03Z] crate_deep_page OK pid=891473
[2026-06-07T03:30:03Z] hunt2_page OK pid=891577
[2026-06-07T03:30:03Z] stock_page OK pid=947772
[2026-06-07T03:30:03Z] keep-alive tick complete
===== keep-alive tick 2026-06-07T03:35:01Z =====
[2026-06-07T03:35:01Z] burst_discovery OK pid=368113
[2026-06-07T03:35:02Z] brand_sitemap_miner DEAD — restarting (consecutive_dead_ticks=9)
[2026-06-07T03:35:04Z] brand_sitemap_miner restarted pid=1444730
[2026-06-07T03:35:04Z] brand_sitemap_miner ESCALATED — consecutive_dead_ticks=9 >= 4; written to /paperclip/instances/default/projects/177bc805-e3c8-4336-84cb-8e1e482d5a17/18221361-973a-493e-9e19-4c43b7a1c6eb/_default/data/buy31716-keep-alive-escalation.json
[2026-06-07T03:35:04Z] retailer_sitemap_miner OK pid=1250994
[2026-06-07T03:35:04Z] fast_wc_probe OK pid=1379437
[2026-06-07T03:35:04Z] shopify_index_expansion OK pid=908659
[2026-06-07T03:35:04Z] crate_deep_page OK pid=891473
[2026-06-07T03:35:04Z] hunt2_page OK pid=891577
[2026-06-07T03:35:04Z] stock_page OK pid=947772
[2026-06-07T03:35:04Z] keep-alive tick complete
===== keep-alive tick 2026-06-07T03:38:57Z =====
[2026-06-07T03:38:57Z] burst_discovery OK pid=368113
[2026-06-07T03:38:57Z] brand_sitemap_miner OK pid=1444730
[2026-06-07T03:38:57Z] retailer_sitemap_miner OK pid=1250994
[2026-06-07T03:38:57Z] fast_wc_probe OK pid=1379437
[2026-06-07T03:38:57Z] shopify_index_expansion OK pid=908659
[2026-06-07T03:38:57Z] crate_deep_page OK pid=891473
[2026-06-07T03:38:57Z] hunt2_page OK pid=891577
[2026-06-07T03:38:57Z] stock_page OK pid=947772
[2026-06-07T03:38:57Z] keep-alive tick complete
===== keep-alive tick 2026-06-07T03:40:01Z =====
[2026-06-07T03:40:01Z] burst_discovery OK pid=368113
[2026-06-07T03:40:01Z] brand_sitemap_miner OK pid=1444730
[2026-06-07T03:40:01Z] retailer_sitemap_miner OK pid=1250994
[2026-06-07T03:40:01Z] fast_wc_probe OK pid=1379437
[2026-06-07T03:40:02Z] shopify_index_expansion OK pid=908659
[2026-06-07T03:40:02Z] crate_deep_page OK pid=891473
[2026-06-07T03:40:02Z] hunt2_page OK pid=891577
[2026-06-07T03:40:02Z] stock_page OK pid=947772
[2026-06-07T03:40:02Z] keep-alive tick complete
===== keep-alive tick 2026-06-07T03:45:01Z =====
[2026-06-07T03:45:01Z] burst_discovery OK pid=368113
[2026-06-07T03:45:01Z] brand_sitemap_miner OK pid=1444730
[2026-06-07T03:45:01Z] retailer_sitemap_miner OK pid=1250994
[2026-06-07T03:45:01Z] fast_wc_probe OK pid=1379437
[2026-06-07T03:45:01Z] shopify_index_expansion OK pid=908659
[2026-06-07T03:45:01Z] crate_deep_page OK pid=891473
[2026-06-07T03:45:01Z] hunt2_page OK pid=891577
[2026-06-07T03:45:02Z] stock_page OK pid=947772
[2026-06-07T03:45:02Z] keep-alive tick complete
===== keep-alive tick 2026-06-07T03:50:01Z =====
[2026-06-07T03:50:01Z] burst_discovery OK pid=368113
[2026-06-07T03:50:01Z] brand_sitemap_miner DEAD — restarting (consecutive_dead_ticks=1)
[2026-06-07T03:50:03Z] brand_sitemap_miner restarted pid=1494818
[2026-06-07T03:50:03Z] retailer_sitemap_miner OK pid=1250994
[2026-06-07T03:50:03Z] fast_wc_probe OK pid=1379437
[2026-06-07T03:50:03Z] shopify_index_expansion OK pid=908659
[2026-06-07T03:50:03Z] crate_deep_page OK pid=891473
[2026-06-07T03:50:03Z] hunt2_page OK pid=891577
[2026-06-07T03:50:03Z] stock_page OK pid=947772
[2026-06-07T03:50:03Z] keep-alive tick complete
===== keep-alive tick 2026-06-07T03:55:01Z =====
[2026-06-07T03:55:01Z] burst_discovery OK pid=368113
[2026-06-07T03:55:01Z] brand_sitemap_miner DEAD — restarting (consecutive_dead_ticks=2)
[2026-06-07T03:55:03Z] brand_sitemap_miner restarted pid=1509064
[2026-06-07T03:55:03Z] retailer_sitemap_miner OK pid=1250994
[2026-06-07T03:55:03Z] fast_wc_probe OK pid=1379437
[2026-06-07T03:55:03Z] shopify_index_expansion OK pid=908659
[2026-06-07T03:55:03Z] crate_deep_page OK pid=891473
[2026-06-07T03:55:03Z] hunt2_page OK pid=891577
[2026-06-07T03:55:03Z] stock_page OK pid=947772
[2026-06-07T03:55:03Z] keep-alive tick complete
===== keep-alive tick 2026-06-07T04:00:01Z =====
[2026-06-07T04:00:01Z] burst_discovery OK pid=368113
[2026-06-07T04:00:02Z] brand_sitemap_miner DEAD — restarting (consecutive_dead_ticks=3)
[2026-06-07T04:00:04Z] brand_sitemap_miner restarted pid=1527932
[2026-06-07T04:00:04Z] retailer_sitemap_miner OK pid=1250994
[2026-06-07T04:00:04Z] fast_wc_probe OK pid=1379437
[2026-06-07T04:00:04Z] shopify_index_expansion OK pid=908659
[2026-06-07T04:00:04Z] crate_deep_page OK pid=891473
[2026-06-07T04:00:04Z] hunt2_page OK pid=891577
[2026-06-07T04:00:04Z] stock_page OK pid=947772
[2026-06-07T04:00:04Z] keep-alive tick complete
===== keep-alive tick 2026-06-07T04:05:01Z =====
[2026-06-07T04:05:01Z] burst_discovery OK pid=368113
[2026-06-07T04:05:01Z] brand_sitemap_miner DEAD — restarting (consecutive_dead_ticks=4)
[2026-06-07T04:05:04Z] brand_sitemap_miner restarted pid=1546367
[2026-06-07T04:05:04Z] brand_sitemap_miner ESCALATED — consecutive_dead_ticks=4 >= 4; written to /paperclip/instances/default/projects/177bc805-e3c8-4336-84cb-8e1e482d5a17/18221361-973a-493e-9e19-4c43b7a1c6eb/_default/data/buy31716-keep-alive-escalation.json
[2026-06-07T04:05:04Z] retailer_sitemap_miner OK pid=1250994
[2026-06-07T04:05:04Z] fast_wc_probe DEAD — restarting (consecutive_dead_ticks=1)
[2026-06-07T04:05:06Z] fast_wc_probe restarted pid=1546559
[2026-06-07T04:05:06Z] shopify_index_expansion OK pid=908659
[2026-06-07T04:05:06Z] crate_deep_page OK pid=891473
[2026-06-07T04:05:06Z] hunt2_page OK pid=891577
[2026-06-07T04:05:06Z] stock_page OK pid=947772
[2026-06-07T04:05:06Z] keep-alive tick complete
===== keep-alive tick 2026-06-07T04:10:01Z =====
[2026-06-07T04:10:01Z] burst_discovery OK pid=368113
[2026-06-07T04:10:01Z] brand_sitemap_miner DEAD — restarting (consecutive_dead_ticks=5)
[2026-06-07T04:10:03Z] brand_sitemap_miner restarted pid=1568968
[2026-06-07T04:10:03Z] brand_sitemap_miner ESCALATED — consecutive_dead_ticks=5 >= 4; written to /paperclip/instances/default/projects/177bc805-e3c8-4336-84cb-8e1e482d5a17/18221361-973a-493e-9e19-4c43b7a1c6eb/_default/data/buy31716-keep-alive-escalation.json
[2026-06-07T04:10:03Z] retailer_sitemap_miner OK pid=1250994
[2026-06-07T04:10:03Z] fast_wc_probe OK pid=1546559
[2026-06-07T04:10:04Z] shopify_index_expansion OK pid=908659
[2026-06-07T04:10:04Z] crate_deep_page OK pid=891473
[2026-06-07T04:10:04Z] hunt2_page OK pid=891577
[2026-06-07T04:10:04Z] stock_page OK pid=947772
[2026-06-07T04:10:04Z] keep-alive tick complete
===== keep-alive tick 2026-06-07T04:15:01Z =====
[2026-06-07T04:15:01Z] burst_discovery OK pid=368113
[2026-06-07T04:15:01Z] brand_sitemap_miner OK pid=1568968
[2026-06-07T04:15:01Z] retailer_sitemap_miner OK pid=1250994
[2026-06-07T04:15:01Z] fast_wc_probe OK pid=1546559
[2026-06-07T04:15:01Z] shopify_index_expansion OK pid=908659
[2026-06-07T04:15:01Z] crate_deep_page OK pid=891473
[2026-06-07T04:15:01Z] hunt2_page OK pid=891577
[2026-06-07T04:15:01Z] stock_page OK pid=947772
[2026-06-07T04:15:02Z] keep-alive tick complete
===== keep-alive tick 2026-06-07T04:20:01Z =====
[2026-06-07T04:20:01Z] burst_discovery OK pid=368113
[2026-06-07T04:20:01Z] brand_sitemap_miner OK pid=1568968
Terminated
[2026-06-07T04:20:01Z] duplicate buy30590-retailer-sitemap-miner\.mjs killed pid=1250994 (kept 1605778)
[2026-06-07T04:20:01Z] retailer_sitemap_miner OK pid=1605778
[2026-06-07T04:20:01Z] fast_wc_probe OK pid=1546559
[2026-06-07T04:20:01Z] shopify_index_expansion OK pid=908659
[2026-06-07T04:20:01Z] crate_deep_page OK pid=891473
[2026-06-07T04:20:01Z] hunt2_page OK pid=891577
[2026-06-07T04:20:01Z] stock_page OK pid=947772
[2026-06-07T04:20:01Z] keep-alive tick complete
===== keep-alive tick 2026-06-07T04:25:01Z =====
[2026-06-07T04:25:01Z] burst_discovery OK pid=368113
[2026-06-07T04:25:01Z] brand_sitemap_miner DEAD — restarting (consecutive_dead_ticks=1)
[2026-06-07T04:25:03Z] brand_sitemap_miner restarted pid=1626348
[2026-06-07T04:25:03Z] retailer_sitemap_miner DEAD — restarting (consecutive_dead_ticks=1)
[2026-06-07T04:25:05Z] retailer_sitemap_miner restarted pid=1626598
[2026-06-07T04:25:05Z] fast_wc_probe OK pid=1546559
[2026-06-07T04:25:05Z] shopify_index_expansion OK pid=908659
[2026-06-07T04:25:05Z] crate_deep_page OK pid=891473
[2026-06-07T04:25:05Z] hunt2_page OK pid=891577
[2026-06-07T04:25:05Z] stock_page DEAD — restarting (consecutive_dead_ticks=1)
[2026-06-07T04:25:08Z] stock_page restarted pid=1626747
[2026-06-07T04:25:08Z] keep-alive tick complete
===== keep-alive tick 2026-06-07T04:30:01Z =====
[2026-06-07T04:30:01Z] burst_discovery OK pid=368113
[2026-06-07T04:30:01Z] brand_sitemap_miner OK pid=1626348
[2026-06-07T04:30:01Z] retailer_sitemap_miner OK pid=1626598
[2026-06-07T04:30:01Z] fast_wc_probe OK pid=1546559
[2026-06-07T04:30:01Z] shopify_index_expansion OK pid=908659
[2026-06-07T04:30:01Z] crate_deep_page OK pid=891473
[2026-06-07T04:30:01Z] hunt2_page OK pid=891577
[2026-06-07T04:30:01Z] stock_page OK pid=1626747
[2026-06-07T04:30:01Z] keep-alive tick complete
===== keep-alive tick 2026-06-07T04:35:01Z =====
[2026-06-07T04:35:01Z] burst_discovery OK pid=368113
[2026-06-07T04:35:02Z] brand_sitemap_miner OK pid=1626348
[2026-06-07T04:35:02Z] retailer_sitemap_miner OK pid=1626598
[2026-06-07T04:35:02Z] fast_wc_probe OK pid=1546559
[2026-06-07T04:35:02Z] shopify_index_expansion OK pid=908659
[2026-06-07T04:35:02Z] crate_deep_page OK pid=891473
[2026-06-07T04:35:02Z] hunt2_page DEAD — restarting (consecutive_dead_ticks=1)
[2026-06-07T04:35:04Z] hunt2_page restarted pid=1658735
[2026-06-07T04:35:04Z] stock_page OK pid=1626747
[2026-06-07T04:35:04Z] keep-alive tick complete
===== keep-alive tick 2026-06-07T04:40:01Z =====
[2026-06-07T04:40:01Z] burst_discovery OK pid=368113
[2026-06-07T04:40:01Z] brand_sitemap_miner OK pid=1626348
[2026-06-07T04:40:01Z] retailer_sitemap_miner OK pid=1626598
[2026-06-07T04:40:02Z] fast_wc_probe OK pid=1546559
[2026-06-07T04:40:02Z] shopify_index_expansion OK pid=908659
[2026-06-07T04:40:02Z] crate_deep_page OK pid=891473
[2026-06-07T04:40:02Z] hunt2_page OK pid=1658735
[2026-06-07T04:40:02Z] stock_page OK pid=1626747
[2026-06-07T04:40:02Z] keep-alive tick complete
===== keep-alive tick 2026-06-07T04:45:01Z =====
[2026-06-07T04:45:01Z] burst_discovery OK pid=368113
[2026-06-07T04:45:01Z] brand_sitemap_miner DEAD — restarting (consecutive_dead_ticks=1)
[2026-06-07T04:45:03Z] brand_sitemap_miner restarted pid=1687376
[2026-06-07T04:45:03Z] retailer_sitemap_miner OK pid=1626598
[2026-06-07T04:45:03Z] fast_wc_probe OK pid=1546559
[2026-06-07T04:45:03Z] shopify_index_expansion OK pid=908659
[2026-06-07T04:45:04Z] crate_deep_page OK pid=891473
[2026-06-07T04:45:04Z] hunt2_page OK pid=1658735
[2026-06-07T04:45:04Z] stock_page OK pid=1626747
[2026-06-07T04:45:04Z] keep-alive tick complete
===== keep-alive tick 2026-06-07T04:50:01Z =====
[2026-06-07T04:50:01Z] burst_discovery OK pid=368113
[2026-06-07T04:50:01Z] brand_sitemap_miner OK pid=1687376
[2026-06-07T04:50:01Z] retailer_sitemap_miner OK pid=1626598
[2026-06-07T04:50:01Z] fast_wc_probe DEAD — restarting (consecutive_dead_ticks=1)
[2026-06-07T04:50:03Z] fast_wc_probe restarted pid=1699812
[2026-06-07T04:50:03Z] shopify_index_expansion OK pid=908659
[2026-06-07T04:50:03Z] crate_deep_page OK pid=891473
[2026-06-07T04:50:03Z] hunt2_page OK pid=1658735
[2026-06-07T04:50:04Z] stock_page OK pid=1626747
[2026-06-07T04:50:04Z] keep-alive tick complete
===== keep-alive tick 2026-06-07T04:55:01Z =====
[2026-06-07T04:55:01Z] burst_discovery OK pid=368113
[2026-06-07T04:55:01Z] brand_sitemap_miner OK pid=1687376
[2026-06-07T04:55:01Z] retailer_sitemap_miner OK pid=1626598
[2026-06-07T04:55:01Z] fast_wc_probe OK pid=1699812
[2026-06-07T04:55:01Z] shopify_index_expansion OK pid=908659
[2026-06-07T04:55:01Z] crate_deep_page OK pid=891473
[2026-06-07T04:55:01Z] hunt2_page OK pid=1658735
[2026-06-07T04:55:01Z] stock_page OK pid=1626747
[2026-06-07T04:55:01Z] keep-alive tick complete
===== keep-alive tick 2026-06-07T05:00:01Z =====
[2026-06-07T05:00:01Z] burst_discovery OK pid=368113
[2026-06-07T05:00:02Z] brand_sitemap_miner DEAD — restarting (consecutive_dead_ticks=1)
[2026-06-07T05:00:04Z] brand_sitemap_miner restarted pid=1724776
[2026-06-07T05:00:04Z] retailer_sitemap_miner OK pid=1626598
[2026-06-07T05:00:04Z] fast_wc_probe OK pid=1699812
[2026-06-07T05:00:04Z] shopify_index_expansion OK pid=908659
[2026-06-07T05:00:04Z] crate_deep_page OK pid=891473
[2026-06-07T05:00:04Z] hunt2_page OK pid=1658735
[2026-06-07T05:00:04Z] stock_page OK pid=1626747
[2026-06-07T05:00:04Z] keep-alive tick complete
===== keep-alive tick 2026-06-07T05:05:01Z =====
[2026-06-07T05:05:01Z] burst_discovery OK pid=368113
[2026-06-07T05:05:01Z] brand_sitemap_miner OK pid=1724776
[2026-06-07T05:05:01Z] retailer_sitemap_miner OK pid=1626598
[2026-06-07T05:05:01Z] fast_wc_probe OK pid=1699812
[2026-06-07T05:05:01Z] shopify_index_expansion OK pid=908659
[2026-06-07T05:05:01Z] crate_deep_page OK pid=891473
[2026-06-07T05:05:01Z] hunt2_page OK pid=1658735
[2026-06-07T05:05:01Z] stock_page OK pid=1626747
[2026-06-07T05:05:01Z] keep-alive tick complete
===== keep-alive tick 2026-06-07T05:10:01Z =====
[2026-06-07T05:10:01Z] burst_discovery OK pid=368113
[2026-06-07T05:10:02Z] brand_sitemap_miner OK pid=1724776
[2026-06-07T05:10:02Z] retailer_sitemap_miner OK pid=1626598
[2026-06-07T05:10:02Z] fast_wc_probe OK pid=1699812
[2026-06-07T05:10:02Z] shopify_index_expansion OK pid=908659
[2026-06-07T05:10:02Z] crate_deep_page OK pid=891473
[2026-06-07T05:10:02Z] hunt2_page OK pid=1658735
[2026-06-07T05:10:02Z] stock_page OK pid=1626747
[2026-06-07T05:10:02Z] keep-alive tick complete
===== keep-alive tick 2026-06-07T05:15:01Z =====
[2026-06-07T05:15:01Z] burst_discovery OK pid=368113
[2026-06-07T05:15:02Z] brand_sitemap_miner DEAD — restarting (consecutive_dead_ticks=1)
[2026-06-07T05:15:04Z] brand_sitemap_miner restarted pid=1794499
[2026-06-07T05:15:04Z] retailer_sitemap_miner OK pid=1626598
[2026-06-07T05:15:04Z] fast_wc_probe OK pid=1699812
[2026-06-07T05:15:04Z] shopify_index_expansion OK pid=908659
[2026-06-07T05:15:04Z] crate_deep_page OK pid=891473
[2026-06-07T05:15:04Z] hunt2_page OK pid=1658735
[2026-06-07T05:15:04Z] stock_page OK pid=1626747
[2026-06-07T05:15:04Z] keep-alive tick complete
===== keep-alive tick 2026-06-07T05:20:01Z =====
[2026-06-07T05:20:01Z] burst_discovery OK pid=368113
[2026-06-07T05:20:01Z] brand_sitemap_miner DEAD — restarting (consecutive_dead_ticks=2)
[2026-06-07T05:20:03Z] brand_sitemap_miner restarted pid=1936657
[2026-06-07T05:20:03Z] retailer_sitemap_miner OK pid=1626598
[2026-06-07T05:20:03Z] fast_wc_probe OK pid=1699812
[2026-06-07T05:20:03Z] shopify_index_expansion OK pid=908659
[2026-06-07T05:20:03Z] crate_deep_page OK pid=891473
[2026-06-07T05:20:03Z] hunt2_page OK pid=1658735
[2026-06-07T05:20:03Z] stock_page OK pid=1626747
[2026-06-07T05:20:04Z] keep-alive tick complete
===== keep-alive tick 2026-06-07T05:25:01Z =====
[2026-06-07T05:25:01Z] burst_discovery OK pid=368113
[2026-06-07T05:25:01Z] brand_sitemap_miner OK pid=1936657
[2026-06-07T05:25:01Z] retailer_sitemap_miner OK pid=1626598
[2026-06-07T05:25:01Z] fast_wc_probe OK pid=1699812
[2026-06-07T05:25:01Z] shopify_index_expansion OK pid=908659
[2026-06-07T05:25:01Z] crate_deep_page OK pid=891473
[2026-06-07T05:25:01Z] hunt2_page OK pid=1658735
[2026-06-07T05:25:01Z] stock_page OK pid=1626747
[2026-06-07T05:25:01Z] keep-alive tick complete
===== keep-alive tick 2026-06-07T05:28:03Z =====
[2026-06-07T05:28:03Z] burst_discovery OK pid=368113
[2026-06-07T05:28:03Z] brand_sitemap_miner OK pid=1936657
[2026-06-07T05:28:03Z] retailer_sitemap_miner OK pid=1626598
[2026-06-07T05:28:03Z] fast_wc_probe OK pid=1699812
[2026-06-07T05:28:03Z] shopify_index_expansion OK pid=908659
[2026-06-07T05:28:03Z] crate_deep_page OK pid=891473
[2026-06-07T05:28:03Z] hunt2_page OK pid=1658735
[2026-06-07T05:28:03Z] stock_page OK pid=1626747
[2026-06-07T05:28:03Z] keep-alive tick complete
===== keep-alive tick 2026-06-07T05:28:48Z =====
[2026-06-07T05:28:48Z] burst_discovery OK pid=368113
[2026-06-07T05:28:48Z] brand_sitemap_miner OK pid=1936657
[2026-06-07T05:28:48Z] retailer_sitemap_miner OK pid=1626598
[2026-06-07T05:28:48Z] fast_wc_probe OK pid=1699812
[2026-06-07T05:28:48Z] shopify_index_expansion OK pid=908659
[2026-06-07T05:28:48Z] crate_deep_page OK pid=891473
[2026-06-07T05:28:48Z] hunt2_page OK pid=1658735
[2026-06-07T05:28:49Z] stock_page OK pid=1626747
[2026-06-07T05:28:49Z] keep-alive tick complete
===== keep-alive tick 2026-06-07T05:30:01Z =====
[2026-06-07T05:30:01Z] burst_discovery OK pid=368113
[2026-06-07T05:30:01Z] brand_sitemap_miner OK pid=1936657
[2026-06-07T05:30:01Z] duplicate buy30590-retailer-sitemap-miner\.mjs killed pid=1626598 (kept 2119575)
[2026-06-07T05:30:01Z] retailer_sitemap_miner OK pid=2119575
Terminated
[2026-06-07T05:30:01Z] fast_wc_probe OK pid=1699812
[2026-06-07T05:30:01Z] shopify_index_expansion OK pid=908659
[2026-06-07T05:30:01Z] crate_deep_page OK pid=891473
[2026-06-07T05:30:01Z] hunt2_page OK pid=1658735
[2026-06-07T05:30:01Z] stock_page OK pid=1626747
[2026-06-07T05:30:01Z] keep-alive tick complete
===== keep-alive tick 2026-06-07T05:35:01Z =====
[2026-06-07T05:35:01Z] burst_discovery OK pid=368113
[2026-06-07T05:35:01Z] brand_sitemap_miner DEAD — restarting (consecutive_dead_ticks=1)
[2026-06-07T05:35:03Z] brand_sitemap_miner restarted pid=2145084
[2026-06-07T05:35:03Z] retailer_sitemap_miner DEAD — restarting (consecutive_dead_ticks=1)
[2026-06-07T05:35:05Z] retailer_sitemap_miner restarted pid=2145294
[2026-06-07T05:35:05Z] fast_wc_probe DEAD — restarting (consecutive_dead_ticks=1)
[2026-06-07T05:35:07Z] fast_wc_probe restarted pid=2145420
[2026-06-07T05:35:07Z] shopify_index_expansion OK pid=908659
[2026-06-07T05:35:07Z] crate_deep_page OK pid=891473
[2026-06-07T05:35:07Z] hunt2_page DEAD — restarting (consecutive_dead_ticks=1)
[2026-06-07T05:35:09Z] hunt2_page restarted pid=2145573
[2026-06-07T05:35:09Z] stock_page OK pid=1626747
[2026-06-07T05:35:10Z] keep-alive tick complete
===== keep-alive tick 2026-06-07T05:40:01Z =====
[2026-06-07T05:40:01Z] burst_discovery OK pid=368113
[2026-06-07T05:40:01Z] brand_sitemap_miner DEAD — restarting (consecutive_dead_ticks=2)
[2026-06-07T05:40:03Z] brand_sitemap_miner restarted pid=2175210
[2026-06-07T05:40:03Z] retailer_sitemap_miner OK pid=2145294
[2026-06-07T05:40:03Z] fast_wc_probe OK pid=2145420
[2026-06-07T05:40:03Z] shopify_index_expansion OK pid=908659
[2026-06-07T05:40:03Z] crate_deep_page OK pid=891473
[2026-06-07T05:40:03Z] hunt2_page OK pid=2145573
[2026-06-07T05:40:03Z] stock_page OK pid=1626747
[2026-06-07T05:40:03Z] keep-alive tick complete
===== keep-alive tick 2026-06-07T05:45:01Z =====
[2026-06-07T05:45:01Z] burst_discovery OK pid=368113
[2026-06-07T05:45:01Z] brand_sitemap_miner OK pid=2175210
[2026-06-07T05:45:01Z] retailer_sitemap_miner OK pid=2145294
[2026-06-07T05:45:01Z] fast_wc_probe OK pid=2145420
[2026-06-07T05:45:01Z] shopify_index_expansion OK pid=908659
[2026-06-07T05:45:01Z] crate_deep_page OK pid=891473
[2026-06-07T05:45:01Z] hunt2_page OK pid=2145573
[2026-06-07T05:45:01Z] stock_page OK pid=1626747
[2026-06-07T05:45:01Z] keep-alive tick complete
===== keep-alive tick 2026-06-07T05:50:01Z =====
[2026-06-07T05:50:01Z] burst_discovery OK pid=368113
[2026-06-07T05:50:01Z] brand_sitemap_miner DEAD — restarting (consecutive_dead_ticks=1)
[2026-06-07T05:50:06Z] brand_sitemap_miner restarted pid=2254429
[2026-06-07T05:50:09Z] retailer_sitemap_miner OK pid=2145294
[2026-06-07T05:50:10Z] fast_wc_probe OK pid=2145420
[2026-06-07T05:50:12Z] duplicate cc-shopify-index-expansion\.mjs killed pid=908659 (kept 2254677)
[2026-06-07T05:50:12Z] shopify_index_expansion OK pid=2254677
Terminated
[2026-06-07T05:50:12Z] crate_deep_page OK pid=891473
[2026-06-07T05:50:12Z] hunt2_page OK pid=2145573
[2026-06-07T05:50:12Z] stock_page OK pid=1626747
[2026-06-07T05:50:12Z] keep-alive tick complete
===== keep-alive tick 2026-06-07T05:55:01Z =====
[2026-06-07T05:55:01Z] burst_discovery OK pid=368113
[2026-06-07T05:55:01Z] brand_sitemap_miner OK pid=2254429
[2026-06-07T05:55:01Z] retailer_sitemap_miner OK pid=2145294
[2026-06-07T05:55:01Z] fast_wc_probe OK pid=2145420
[2026-06-07T05:55:01Z] shopify_index_expansion DEAD — restarting (consecutive_dead_ticks=1)
[2026-06-07T05:55:03Z] shopify_index_expansion restarted pid=2290758
[2026-06-07T05:55:03Z] crate_deep_page OK pid=891473
[2026-06-07T05:55:04Z] hunt2_page OK pid=2145573
[2026-06-07T05:55:04Z] stock_page OK pid=1626747
[2026-06-07T05:55:04Z] keep-alive tick complete
===== keep-alive tick 2026-06-07T06:00:01Z =====
[2026-06-07T06:00:01Z] burst_discovery OK pid=368113
[2026-06-07T06:00:01Z] brand_sitemap_miner OK pid=2254429
[2026-06-07T06:00:01Z] retailer_sitemap_miner OK pid=2145294
[2026-06-07T06:00:01Z] fast_wc_probe OK pid=2145420
[2026-06-07T06:00:01Z] shopify_index_expansion OK pid=2290758
[2026-06-07T06:00:01Z] crate_deep_page OK pid=891473
[2026-06-07T06:00:01Z] hunt2_page OK pid=2145573
[2026-06-07T06:00:01Z] stock_page OK pid=1626747
[2026-06-07T06:00:01Z] keep-alive tick complete
===== keep-alive tick 2026-06-07T06:05:01Z =====
[2026-06-07T06:05:01Z] burst_discovery OK pid=368113
[2026-06-07T06:05:01Z] brand_sitemap_miner OK pid=2254429
[2026-06-07T06:05:01Z] retailer_sitemap_miner OK pid=2145294
[2026-06-07T06:05:01Z] fast_wc_probe OK pid=2145420
[2026-06-07T06:05:01Z] shopify_index_expansion OK pid=2290758
[2026-06-07T06:05:01Z] crate_deep_page OK pid=891473
[2026-06-07T06:05:01Z] hunt2_page OK pid=2145573
[2026-06-07T06:05:01Z] stock_page OK pid=1626747
[2026-06-07T06:05:02Z] keep-alive tick complete
===== keep-alive tick 2026-06-07T06:10:01Z =====
[2026-06-07T06:10:01Z] burst_discovery OK pid=368113
[2026-06-07T06:10:01Z] brand_sitemap_miner DEAD — restarting (consecutive_dead_ticks=1)
[2026-06-07T06:10:03Z] brand_sitemap_miner restarted pid=2444552
[2026-06-07T06:10:03Z] retailer_sitemap_miner OK pid=2145294
[2026-06-07T06:10:03Z] fast_wc_probe OK pid=2145420
[2026-06-07T06:10:03Z] shopify_index_expansion OK pid=2290758
[2026-06-07T06:10:03Z] crate_deep_page DEAD — restarting (consecutive_dead_ticks=1)
[2026-06-07T06:10:05Z] crate_deep_page restarted pid=2444950
[2026-06-07T06:10:06Z] hunt2_page DEAD — restarting (consecutive_dead_ticks=1)
[2026-06-07T06:10:08Z] hunt2_page restarted pid=2445190
[2026-06-07T06:10:08Z] stock_page OK pid=1626747
[2026-06-07T06:10:08Z] keep-alive tick complete
===== keep-alive tick 2026-06-07T06:15:01Z =====
[2026-06-07T06:15:01Z] burst_discovery OK pid=368113
[2026-06-07T06:15:01Z] brand_sitemap_miner OK pid=2444552
[2026-06-07T06:15:01Z] retailer_sitemap_miner OK pid=2145294
[2026-06-07T06:15:01Z] fast_wc_probe OK pid=2145420
[2026-06-07T06:15:01Z] shopify_index_expansion OK pid=2290758
[2026-06-07T06:15:01Z] crate_deep_page OK pid=2444950
[2026-06-07T06:15:01Z] hunt2_page OK pid=2445190
[2026-06-07T06:15:01Z] stock_page OK pid=1626747
[2026-06-07T06:15:01Z] keep-alive tick complete
===== keep-alive tick 2026-06-07T06:20:02Z =====
[2026-06-07T06:20:02Z] burst_discovery OK pid=368113
[2026-06-07T06:20:02Z] brand_sitemap_miner OK pid=2444552
Terminated
[2026-06-07T06:20:02Z] duplicate buy30590-retailer-sitemap-miner\.mjs killed pid=2145294 (kept 2510913)
[2026-06-07T06:20:02Z] retailer_sitemap_miner OK pid=2510913
[2026-06-07T06:20:02Z] fast_wc_probe DEAD — restarting (consecutive_dead_ticks=1)
[2026-06-07T06:20:04Z] fast_wc_probe restarted pid=2511106
[2026-06-07T06:20:04Z] shopify_index_expansion OK pid=2290758
[2026-06-07T06:20:04Z] crate_deep_page OK pid=2444950
[2026-06-07T06:20:04Z] hunt2_page OK pid=2445190
[2026-06-07T06:20:04Z] stock_page OK pid=1626747
[2026-06-07T06:20:04Z] keep-alive tick complete
===== keep-alive tick 2026-06-07T06:25:01Z =====
[2026-06-07T06:25:01Z] burst_discovery OK pid=368113
[2026-06-07T06:25:01Z] brand_sitemap_miner DEAD — restarting (consecutive_dead_ticks=1)
[2026-06-07T06:25:03Z] brand_sitemap_miner restarted pid=2525488
[2026-06-07T06:25:03Z] retailer_sitemap_miner DEAD — restarting (consecutive_dead_ticks=1)
[2026-06-07T06:25:05Z] retailer_sitemap_miner restarted pid=2525688
[2026-06-07T06:25:05Z] fast_wc_probe OK pid=2511106
[2026-06-07T06:25:05Z] shopify_index_expansion OK pid=2290758
[2026-06-07T06:25:05Z] crate_deep_page OK pid=2444950
[2026-06-07T06:25:06Z] hunt2_page OK pid=2445190
[2026-06-07T06:25:06Z] stock_page OK pid=1626747
[2026-06-07T06:25:06Z] keep-alive tick complete
===== keep-alive tick 2026-06-07T06:30:01Z =====
[2026-06-07T06:30:01Z] burst_discovery OK pid=368113
[2026-06-07T06:30:02Z] brand_sitemap_miner OK pid=2525488
[2026-06-07T06:30:02Z] retailer_sitemap_miner OK pid=2525688
[2026-06-07T06:30:02Z] fast_wc_probe OK pid=2511106
[2026-06-07T06:30:02Z] shopify_index_expansion OK pid=2290758
[2026-06-07T06:30:02Z] crate_deep_page OK pid=2444950
[2026-06-07T06:30:02Z] hunt2_page DEAD — restarting (consecutive_dead_ticks=1)
[2026-06-07T06:30:04Z] hunt2_page restarted pid=2540824
[2026-06-07T06:30:04Z] stock_page DEAD — restarting (consecutive_dead_ticks=1)
[2026-06-07T06:30:06Z] stock_page restarted pid=2541024
[2026-06-07T06:30:06Z] keep-alive tick complete
===== keep-alive tick 2026-06-07T06:35:01Z =====
[2026-06-07T06:35:01Z] burst_discovery OK pid=368113
[2026-06-07T06:35:01Z] brand_sitemap_miner OK pid=2525488
[2026-06-07T06:35:01Z] retailer_sitemap_miner OK pid=2525688
[2026-06-07T06:35:02Z] fast_wc_probe OK pid=2511106
[2026-06-07T06:35:02Z] shopify_index_expansion OK pid=2290758
[2026-06-07T06:35:02Z] crate_deep_page OK pid=2444950
[2026-06-07T06:35:02Z] hunt2_page OK pid=2540824
[2026-06-07T06:35:02Z] stock_page OK pid=2541024
[2026-06-07T06:35:02Z] keep-alive tick complete
===== keep-alive tick 2026-06-07T06:40:01Z =====
[2026-06-07T06:40:01Z] burst_discovery OK pid=368113
[2026-06-07T06:40:01Z] brand_sitemap_miner DEAD — restarting (consecutive_dead_ticks=1)
[2026-06-07T06:40:03Z] brand_sitemap_miner restarted pid=2587456
[2026-06-07T06:40:03Z] retailer_sitemap_miner OK pid=2525688
[2026-06-07T06:40:03Z] fast_wc_probe OK pid=2511106
[2026-06-07T06:40:03Z] shopify_index_expansion OK pid=2290758
[2026-06-07T06:40:04Z] crate_deep_page OK pid=2444950
[2026-06-07T06:40:04Z] hunt2_page OK pid=2540824
[2026-06-07T06:40:04Z] stock_page OK pid=2541024
[2026-06-07T06:40:04Z] keep-alive tick complete
===== keep-alive tick 2026-06-07T06:45:01Z =====
[2026-06-07T06:45:01Z] burst_discovery OK pid=368113
[2026-06-07T06:45:01Z] brand_sitemap_miner DEAD — restarting (consecutive_dead_ticks=2)
[2026-06-07T06:45:03Z] brand_sitemap_miner restarted pid=2641776
[2026-06-07T06:45:03Z] retailer_sitemap_miner OK pid=2525688
[2026-06-07T06:45:03Z] fast_wc_probe OK pid=2511106
[2026-06-07T06:45:03Z] shopify_index_expansion OK pid=2290758
[2026-06-07T06:45:04Z] crate_deep_page OK pid=2444950
[2026-06-07T06:45:04Z] hunt2_page OK pid=2540824
[2026-06-07T06:45:04Z] stock_page OK pid=2541024
[2026-06-07T06:45:04Z] keep-alive tick complete
===== keep-alive tick 2026-06-07T06:50:01Z =====
[2026-06-07T06:50:01Z] burst_discovery OK pid=368113
[2026-06-07T06:50:01Z] brand_sitemap_miner OK pid=2641776
[2026-06-07T06:50:01Z] retailer_sitemap_miner OK pid=2525688
[2026-06-07T06:50:01Z] fast_wc_probe OK pid=2511106
[2026-06-07T06:50:01Z] shopify_index_expansion OK pid=2290758
[2026-06-07T06:50:01Z] crate_deep_page OK pid=2444950
[2026-06-07T06:50:01Z] hunt2_page DEAD — restarting (consecutive_dead_ticks=1)
[2026-06-07T06:50:03Z] hunt2_page restarted pid=2658347
[2026-06-07T06:50:04Z] stock_page DEAD — restarting (consecutive_dead_ticks=1)
[2026-06-07T06:50:06Z] stock_page restarted pid=2658593
[2026-06-07T06:50:06Z] keep-alive tick complete
===== keep-alive tick 2026-06-07T06:55:01Z =====
[2026-06-07T06:55:01Z] burst_discovery OK pid=368113
[2026-06-07T06:55:01Z] brand_sitemap_miner OK pid=2641776
[2026-06-07T06:55:01Z] retailer_sitemap_miner OK pid=2525688
[2026-06-07T06:55:01Z] fast_wc_probe OK pid=2511106
[2026-06-07T06:55:01Z] shopify_index_expansion OK pid=2290758
[2026-06-07T06:55:01Z] crate_deep_page OK pid=2444950
[2026-06-07T06:55:01Z] hunt2_page OK pid=2658347
[2026-06-07T06:55:01Z] stock_page OK pid=2658593
[2026-06-07T06:55:01Z] keep-alive tick complete
===== keep-alive tick 2026-06-07T07:00:01Z =====
[2026-06-07T07:00:01Z] burst_discovery OK pid=368113
[2026-06-07T07:00:01Z] brand_sitemap_miner DEAD — restarting (consecutive_dead_ticks=1)
[2026-06-07T07:00:03Z] brand_sitemap_miner restarted pid=2697518
[2026-06-07T07:00:03Z] retailer_sitemap_miner OK pid=2525688
[2026-06-07T07:00:03Z] fast_wc_probe OK pid=2511106
[2026-06-07T07:00:04Z] shopify_index_expansion OK pid=2290758
[2026-06-07T07:00:04Z] crate_deep_page DEAD — restarting (consecutive_dead_ticks=1)
[2026-06-07T07:00:06Z] crate_deep_page restarted pid=2697828
[2026-06-07T07:00:06Z] hunt2_page OK pid=2658347
[2026-06-07T07:00:06Z] stock_page OK pid=2658593
[2026-06-07T07:00:06Z] keep-alive tick complete
===== keep-alive tick 2026-06-07T07:05:01Z =====
[2026-06-07T07:05:01Z] burst_discovery OK pid=368113
[2026-06-07T07:05:01Z] brand_sitemap_miner OK pid=2697518
[2026-06-07T07:05:01Z] retailer_sitemap_miner OK pid=2525688
[2026-06-07T07:05:01Z] fast_wc_probe DEAD — restarting (consecutive_dead_ticks=1)
[2026-06-07T07:05:03Z] fast_wc_probe restarted pid=2728198
[2026-06-07T07:05:03Z] shopify_index_expansion OK pid=2290758
[2026-06-07T07:05:03Z] crate_deep_page OK pid=2697828
[2026-06-07T07:05:04Z] hunt2_page OK pid=2658347
[2026-06-07T07:05:04Z] stock_page OK pid=2658593
[2026-06-07T07:05:04Z] keep-alive tick complete
===== keep-alive tick 2026-06-07T07:10:01Z =====
[2026-06-07T07:10:01Z] burst_discovery OK pid=368113
[2026-06-07T07:10:01Z] brand_sitemap_miner DEAD — restarting (consecutive_dead_ticks=1)
[2026-06-07T07:10:03Z] brand_sitemap_miner restarted pid=2752633
[2026-06-07T07:10:03Z] retailer_sitemap_miner OK pid=2525688
[2026-06-07T07:10:03Z] fast_wc_probe OK pid=2728198
[2026-06-07T07:10:03Z] shopify_index_expansion OK pid=2290758
[2026-06-07T07:10:03Z] crate_deep_page OK pid=2697828
[2026-06-07T07:10:03Z] hunt2_page OK pid=2658347
[2026-06-07T07:10:03Z] stock_page OK pid=2658593
[2026-06-07T07:10:03Z] keep-alive tick complete
===== keep-alive tick 2026-06-07T07:15:02Z =====
[2026-06-07T07:15:02Z] burst_discovery OK pid=368113
[2026-06-07T07:15:02Z] brand_sitemap_miner OK pid=2752633
[2026-06-07T07:15:02Z] retailer_sitemap_miner OK pid=2525688
[2026-06-07T07:15:02Z] fast_wc_probe OK pid=2728198
[2026-06-07T07:15:02Z] shopify_index_expansion OK pid=2290758
[2026-06-07T07:15:02Z] crate_deep_page OK pid=2697828
[2026-06-07T07:15:02Z] hunt2_page DEAD — restarting (consecutive_dead_ticks=1)
[2026-06-07T07:15:04Z] hunt2_page restarted pid=2769486
[2026-06-07T07:15:04Z] stock_page OK pid=2658593
[2026-06-07T07:15:04Z] keep-alive tick complete
===== keep-alive tick 2026-06-07T07:20:01Z =====
[2026-06-07T07:20:01Z] burst_discovery OK pid=368113
[2026-06-07T07:20:01Z] brand_sitemap_miner OK pid=2752633
[2026-06-07T07:20:02Z] retailer_sitemap_miner OK pid=2525688
[2026-06-07T07:20:02Z] fast_wc_probe OK pid=2728198
[2026-06-07T07:20:02Z] shopify_index_expansion OK pid=2290758
[2026-06-07T07:20:02Z] crate_deep_page OK pid=2697828
[2026-06-07T07:20:02Z] hunt2_page OK pid=2769486
[2026-06-07T07:20:02Z] stock_page OK pid=2658593
[2026-06-07T07:20:02Z] keep-alive tick complete
===== keep-alive tick 2026-06-07T07:25:01Z =====
[2026-06-07T07:25:01Z] burst_discovery OK pid=368113
[2026-06-07T07:25:01Z] brand_sitemap_miner DEAD — restarting (consecutive_dead_ticks=1)
[2026-06-07T07:25:03Z] brand_sitemap_miner restarted pid=2795592
[2026-06-07T07:25:03Z] retailer_sitemap_miner OK pid=2525688
[2026-06-07T07:25:04Z] fast_wc_probe OK pid=2728198
[2026-06-07T07:25:04Z] shopify_index_expansion OK pid=2290758
[2026-06-07T07:25:04Z] crate_deep_page OK pid=2697828
[2026-06-07T07:25:04Z] hunt2_page OK pid=2769486
[2026-06-07T07:25:04Z] stock_page OK pid=2658593
[2026-06-07T07:25:04Z] keep-alive tick complete
===== keep-alive tick 2026-06-07T07:30:01Z =====
[2026-06-07T07:30:01Z] burst_discovery OK pid=368113
[2026-06-07T07:30:02Z] brand_sitemap_miner DEAD — restarting (consecutive_dead_ticks=2)
[2026-06-07T07:30:04Z] brand_sitemap_miner restarted pid=2806826
[2026-06-07T07:30:04Z] retailer_sitemap_miner OK pid=2525688
[2026-06-07T07:30:04Z] fast_wc_probe OK pid=2728198
[2026-06-07T07:30:04Z] shopify_index_expansion OK pid=2290758
[2026-06-07T07:30:04Z] crate_deep_page OK pid=2697828
[2026-06-07T07:30:04Z] hunt2_page DEAD — restarting (consecutive_dead_ticks=1)
[2026-06-07T07:30:06Z] hunt2_page restarted pid=2807132
[2026-06-07T07:30:06Z] stock_page OK pid=2658593
[2026-06-07T07:30:06Z] keep-alive tick complete
===== keep-alive tick 2026-06-07T07:35:01Z =====
[2026-06-07T07:35:01Z] burst_discovery OK pid=368113
[2026-06-07T07:35:01Z] brand_sitemap_miner DEAD — restarting (consecutive_dead_ticks=3)
[2026-06-07T07:35:03Z] brand_sitemap_miner restarted pid=2818322
[2026-06-07T07:35:03Z] retailer_sitemap_miner OK pid=2525688
[2026-06-07T07:35:04Z] fast_wc_probe OK pid=2728198
[2026-06-07T07:35:04Z] shopify_index_expansion OK pid=2290758
[2026-06-07T07:35:04Z] crate_deep_page OK pid=2697828
[2026-06-07T07:35:04Z] hunt2_page OK pid=2807132
[2026-06-07T07:35:04Z] stock_page OK pid=2658593
[2026-06-07T07:35:04Z] keep-alive tick complete
===== keep-alive tick 2026-06-07T07:40:01Z =====
[2026-06-07T07:40:01Z] burst_discovery OK pid=368113
[2026-06-07T07:40:03Z] brand_sitemap_miner DEAD — restarting (consecutive_dead_ticks=4)
[2026-06-07T07:40:05Z] brand_sitemap_miner restarted pid=2832991
[2026-06-07T07:40:05Z] brand_sitemap_miner ESCALATED — consecutive_dead_ticks=4 >= 4; written to /paperclip/instances/default/projects/177bc805-e3c8-4336-84cb-8e1e482d5a17/18221361-973a-493e-9e19-4c43b7a1c6eb/_default/data/buy31716-keep-alive-escalation.json
[2026-06-07T07:40:05Z] retailer_sitemap_miner OK pid=2525688
[2026-06-07T07:40:05Z] fast_wc_probe OK pid=2728198
[2026-06-07T07:40:06Z] shopify_index_expansion OK pid=2290758
[2026-06-07T07:40:06Z] crate_deep_page OK pid=2697828
[2026-06-07T07:40:06Z] hunt2_page OK pid=2807132
[2026-06-07T07:40:06Z] stock_page OK pid=2658593
[2026-06-07T07:40:06Z] keep-alive tick complete
===== keep-alive tick 2026-06-07T07:45:01Z =====
[2026-06-07T07:45:01Z] burst_discovery OK pid=368113
[2026-06-07T07:45:01Z] brand_sitemap_miner DEAD — restarting (consecutive_dead_ticks=5)
[2026-06-07T07:45:03Z] brand_sitemap_miner restarted pid=2853667
[2026-06-07T07:45:03Z] brand_sitemap_miner ESCALATED — consecutive_dead_ticks=5 >= 4; written to /paperclip/instances/default/projects/177bc805-e3c8-4336-84cb-8e1e482d5a17/18221361-973a-493e-9e19-4c43b7a1c6eb/_default/data/buy31716-keep-alive-escalation.json
[2026-06-07T07:45:03Z] retailer_sitemap_miner OK pid=2525688
[2026-06-07T07:45:03Z] fast_wc_probe OK pid=2728198
[2026-06-07T07:45:03Z] shopify_index_expansion OK pid=2290758
[2026-06-07T07:45:03Z] crate_deep_page OK pid=2697828
[2026-06-07T07:45:03Z] hunt2_page OK pid=2807132
[2026-06-07T07:45:03Z] stock_page OK pid=2658593
[2026-06-07T07:45:03Z] keep-alive tick complete
===== keep-alive tick 2026-06-07T07:50:01Z =====
[2026-06-07T07:50:01Z] burst_discovery DEAD — restarting (consecutive_dead_ticks=1)
[2026-06-07T07:50:03Z] burst_discovery restarted pid=2874118
[2026-06-07T07:50:05Z] brand_sitemap_miner DEAD — restarting (consecutive_dead_ticks=6)
[2026-06-07T07:50:07Z] brand_sitemap_miner restarted pid=2874482
[2026-06-07T07:50:08Z] brand_sitemap_miner ESCALATED — consecutive_dead_ticks=6 >= 4; written to /paperclip/instances/default/projects/177bc805-e3c8-4336-84cb-8e1e482d5a17/18221361-973a-493e-9e19-4c43b7a1c6eb/_default/data/buy31716-keep-alive-escalation.json
[2026-06-07T07:50:09Z] retailer_sitemap_miner OK pid=2525688
[2026-06-07T07:50:09Z] fast_wc_probe DEAD — restarting (consecutive_dead_ticks=1)
[2026-06-07T07:50:11Z] fast_wc_probe restarted pid=2874756
[2026-06-07T07:50:11Z] shopify_index_expansion OK pid=2290758
[2026-06-07T07:50:11Z] crate_deep_page DEAD — restarting (consecutive_dead_ticks=1)
[2026-06-07T07:50:13Z] crate_deep_page restarted pid=2874909
[2026-06-07T07:50:13Z] hunt2_page DEAD — restarting (consecutive_dead_ticks=1)
[2026-06-07T07:50:15Z] hunt2_page restarted pid=2875095
[2026-06-07T07:50:15Z] stock_page DEAD — restarting (consecutive_dead_ticks=1)
[2026-06-07T07:50:17Z] stock_page restarted pid=2875219
[2026-06-07T07:50:17Z] keep-alive tick complete
===== keep-alive tick 2026-06-07T07:55:01Z =====
[2026-06-07T07:55:01Z] burst_discovery OK pid=2886112
[2026-06-07T07:55:01Z] brand_sitemap_miner DEAD — restarting (consecutive_dead_ticks=7)
[2026-06-07T07:55:03Z] brand_sitemap_miner restarted pid=2890042
[2026-06-07T07:55:06Z] brand_sitemap_miner ESCALATED — consecutive_dead_ticks=7 >= 4; written to /paperclip/instances/default/projects/177bc805-e3c8-4336-84cb-8e1e482d5a17/18221361-973a-493e-9e19-4c43b7a1c6eb/_default/data/buy31716-keep-alive-escalation.json
Terminated
[2026-06-07T07:55:06Z] duplicate buy30590-retailer-sitemap-miner\.mjs killed pid=2525688 (kept 2888493)
[2026-06-07T07:55:06Z] retailer_sitemap_miner OK pid=2888493
[2026-06-07T07:55:07Z] fast_wc_probe OK pid=2874756
Terminated
[2026-06-07T07:55:07Z] duplicate cc-shopify-index-expansion\.mjs killed pid=2290758 (kept 2888502)
[2026-06-07T07:55:07Z] shopify_index_expansion OK pid=2888502
[2026-06-07T07:55:07Z] crate_deep_page DEAD — restarting (consecutive_dead_ticks=2)
[2026-06-07T07:55:09Z] crate_deep_page restarted pid=2890521
[2026-06-07T07:55:09Z] hunt2_page DEAD — restarting (consecutive_dead_ticks=2)
[2026-06-07T07:55:11Z] hunt2_page restarted pid=2890716
[2026-06-07T07:55:12Z] stock_page DEAD — restarting (consecutive_dead_ticks=2)
[2026-06-07T07:55:14Z] stock_page restarted pid=2890923
[2026-06-07T07:55:14Z] keep-alive tick complete
===== keep-alive tick 2026-06-07T08:00:01Z =====
[2026-06-07T08:00:01Z] burst_discovery OK pid=2886112
[2026-06-07T08:00:01Z] brand_sitemap_miner DEAD — restarting (consecutive_dead_ticks=8)
[2026-06-07T08:00:03Z] brand_sitemap_miner restarted pid=2905618
[2026-06-07T08:00:03Z] brand_sitemap_miner ESCALATED — consecutive_dead_ticks=8 >= 4; written to /paperclip/instances/default/projects/177bc805-e3c8-4336-84cb-8e1e482d5a17/18221361-973a-493e-9e19-4c43b7a1c6eb/_default/data/buy31716-keep-alive-escalation.json
[2026-06-07T08:00:04Z] retailer_sitemap_miner DEAD — restarting (consecutive_dead_ticks=1)
[2026-06-07T08:00:06Z] retailer_sitemap_miner restarted pid=2905865
[2026-06-07T08:00:06Z] fast_wc_probe OK pid=2874756
[2026-06-07T08:00:06Z] shopify_index_expansion DEAD — restarting (consecutive_dead_ticks=1)
[2026-06-07T08:00:08Z] shopify_index_expansion restarted pid=2906043
[2026-06-07T08:00:08Z] crate_deep_page DEAD — restarting (consecutive_dead_ticks=3)
[2026-06-07T08:00:10Z] crate_deep_page restarted pid=2906149
[2026-06-07T08:00:10Z] hunt2_page DEAD — restarting (consecutive_dead_ticks=3)
[2026-06-07T08:00:12Z] hunt2_page restarted pid=2906270
[2026-06-07T08:00:12Z] stock_page DEAD — restarting (consecutive_dead_ticks=3)
[2026-06-07T08:00:14Z] stock_page restarted pid=2906366
[2026-06-07T08:00:14Z] keep-alive tick complete
===== keep-alive tick 2026-06-07T08:05:01Z =====
[2026-06-07T08:05:02Z] burst_discovery OK pid=2886112
[2026-06-07T08:05:02Z] brand_sitemap_miner OK pid=2905618
[2026-06-07T08:05:02Z] retailer_sitemap_miner OK pid=2905865
[2026-06-07T08:05:02Z] fast_wc_probe OK pid=2874756
[2026-06-07T08:05:02Z] shopify_index_expansion OK pid=2906043
[2026-06-07T08:05:02Z] crate_deep_page OK pid=2906149
[2026-06-07T08:05:02Z] hunt2_page OK pid=2906270
[2026-06-07T08:05:02Z] stock_page OK pid=2906366
[2026-06-07T08:05:02Z] keep-alive tick complete
===== keep-alive tick 2026-06-07T08:10:01Z =====
[2026-06-07T08:10:01Z] burst_discovery OK pid=2886112
[2026-06-07T08:10:01Z] brand_sitemap_miner OK pid=2905618
[2026-06-07T08:10:02Z] retailer_sitemap_miner OK pid=2905865
[2026-06-07T08:10:02Z] fast_wc_probe OK pid=2874756
[2026-06-07T08:10:02Z] shopify_index_expansion OK pid=2906043
[2026-06-07T08:10:02Z] crate_deep_page OK pid=2906149
[2026-06-07T08:10:02Z] hunt2_page OK pid=2906270
[2026-06-07T08:10:02Z] stock_page OK pid=2906366
[2026-06-07T08:10:02Z] keep-alive tick complete
===== keep-alive tick 2026-06-07T08:15:01Z =====
[2026-06-07T08:15:01Z] burst_discovery OK pid=2886112
[2026-06-07T08:15:01Z] brand_sitemap_miner OK pid=2905618
[2026-06-07T08:15:01Z] retailer_sitemap_miner OK pid=2905865
[2026-06-07T08:15:01Z] fast_wc_probe OK pid=2874756
[2026-06-07T08:15:01Z] shopify_index_expansion OK pid=2906043
[2026-06-07T08:15:02Z] crate_deep_page DEAD — restarting (consecutive_dead_ticks=1)
[2026-06-07T08:15:04Z] crate_deep_page restarted pid=2965715
[2026-06-07T08:15:04Z] hunt2_page DEAD — restarting (consecutive_dead_ticks=1)
[2026-06-07T08:15:06Z] hunt2_page restarted pid=2965812
[2026-06-07T08:15:06Z] stock_page DEAD — restarting (consecutive_dead_ticks=1)
[2026-06-07T08:15:08Z] stock_page restarted pid=2965901
[2026-06-07T08:15:08Z] keep-alive tick complete
===== keep-alive tick 2026-06-07T08:20:01Z =====
[2026-06-07T08:20:01Z] burst_discovery OK pid=2886112
[2026-06-07T08:20:01Z] brand_sitemap_miner DEAD — restarting (consecutive_dead_ticks=1)
[2026-06-07T08:20:03Z] brand_sitemap_miner restarted pid=2983581
[2026-06-07T08:20:03Z] retailer_sitemap_miner OK pid=2905865
[2026-06-07T08:20:03Z] fast_wc_probe OK pid=2874756
[2026-06-07T08:20:03Z] shopify_index_expansion OK pid=2906043
[2026-06-07T08:20:03Z] crate_deep_page OK pid=2965715
[2026-06-07T08:20:04Z] hunt2_page OK pid=2965812
[2026-06-07T08:20:04Z] stock_page OK pid=2965901
[2026-06-07T08:20:04Z] keep-alive tick complete
===== keep-alive tick 2026-06-07T08:25:01Z =====
[2026-06-07T08:25:01Z] burst_discovery OK pid=2886112
[2026-06-07T08:25:01Z] brand_sitemap_miner DEAD — restarting (consecutive_dead_ticks=2)
[2026-06-07T08:25:03Z] brand_sitemap_miner restarted pid=3000385
[2026-06-07T08:25:03Z] retailer_sitemap_miner OK pid=2905865
[2026-06-07T08:25:03Z] fast_wc_probe OK pid=2874756
[2026-06-07T08:25:03Z] shopify_index_expansion OK pid=2906043
[2026-06-07T08:25:03Z] crate_deep_page OK pid=2965715
[2026-06-07T08:25:03Z] hunt2_page OK pid=2965812
[2026-06-07T08:25:03Z] stock_page OK pid=2965901
[2026-06-07T08:25:03Z] keep-alive tick complete
===== keep-alive tick 2026-06-07T08:27:22Z =====
[2026-06-07T08:27:22Z] burst_discovery OK pid=2886112
[2026-06-07T08:27:22Z] brand_sitemap_miner OK pid=3000385
[2026-06-07T08:27:22Z] retailer_sitemap_miner OK pid=2905865
[2026-06-07T08:27:22Z] fast_wc_probe OK pid=2874756
[2026-06-07T08:27:23Z] shopify_index_expansion OK pid=2906043
[2026-06-07T08:27:23Z] crate_deep_page OK pid=2965715
[2026-06-07T08:27:23Z] hunt2_page OK pid=2965812
[2026-06-07T08:27:23Z] stock_page OK pid=2965901
[2026-06-07T08:27:23Z] keep-alive tick complete
===== keep-alive tick 2026-06-07T08:30:01Z =====
[2026-06-07T08:30:01Z] burst_discovery OK pid=2886112
[2026-06-07T08:30:01Z] brand_sitemap_miner DEAD — restarting (consecutive_dead_ticks=1)
[2026-06-07T08:30:03Z] brand_sitemap_miner restarted pid=3046051
[2026-06-07T08:30:03Z] retailer_sitemap_miner OK pid=2905865
[2026-06-07T08:30:03Z] fast_wc_probe OK pid=2874756
[2026-06-07T08:30:03Z] shopify_index_expansion OK pid=2906043
[2026-06-07T08:30:03Z] crate_deep_page OK pid=2965715
[2026-06-07T08:30:04Z] hunt2_page OK pid=2965812
[2026-06-07T08:30:04Z] stock_page OK pid=2965901
[2026-06-07T08:30:04Z] keep-alive tick complete
===== keep-alive tick 2026-06-07T08:35:01Z =====
[2026-06-07T08:35:02Z] burst_discovery OK pid=2886112
[2026-06-07T08:35:02Z] brand_sitemap_miner DEAD — restarting (consecutive_dead_ticks=2)
[2026-06-07T08:35:04Z] brand_sitemap_miner restarted pid=3075742
[2026-06-07T08:35:04Z] retailer_sitemap_miner OK pid=2905865
[2026-06-07T08:35:04Z] fast_wc_probe DEAD — restarting (consecutive_dead_ticks=1)
[2026-06-07T08:35:06Z] fast_wc_probe restarted pid=3075963
[2026-06-07T08:35:06Z] shopify_index_expansion OK pid=2906043
[2026-06-07T08:35:06Z] crate_deep_page OK pid=2965715
[2026-06-07T08:35:07Z] hunt2_page OK pid=2965812
[2026-06-07T08:35:07Z] stock_page OK pid=2965901
[2026-06-07T08:35:07Z] keep-alive tick complete
===== keep-alive tick 2026-06-07T08:40:01Z =====
[2026-06-07T08:40:01Z] burst_discovery OK pid=2886112
[2026-06-07T08:40:02Z] brand_sitemap_miner OK pid=3075742
[2026-06-07T08:40:02Z] retailer_sitemap_miner OK pid=2905865
[2026-06-07T08:40:02Z] fast_wc_probe OK pid=3075963
[2026-06-07T08:40:02Z] shopify_index_expansion OK pid=2906043
[2026-06-07T08:40:02Z] crate_deep_page OK pid=2965715
[2026-06-07T08:40:02Z] hunt2_page OK pid=2965812
[2026-06-07T08:40:02Z] stock_page OK pid=2965901
[2026-06-07T08:40:02Z] keep-alive tick complete
===== keep-alive tick 2026-06-07T08:45:02Z =====
[2026-06-07T08:45:02Z] burst_discovery OK pid=2886112
[2026-06-07T08:45:02Z] brand_sitemap_miner DEAD — restarting (consecutive_dead_ticks=1)
[2026-06-07T08:45:04Z] brand_sitemap_miner restarted pid=3114851
[2026-06-07T08:45:04Z] retailer_sitemap_miner OK pid=2905865
[2026-06-07T08:45:04Z] fast_wc_probe OK pid=3075963
[2026-06-07T08:45:04Z] shopify_index_expansion OK pid=2906043
[2026-06-07T08:45:04Z] crate_deep_page DEAD — restarting (consecutive_dead_ticks=1)
[2026-06-07T08:45:06Z] crate_deep_page restarted pid=3115104
[2026-06-07T08:45:06Z] hunt2_page DEAD — restarting (consecutive_dead_ticks=1)
[2026-06-07T08:45:08Z] hunt2_page restarted pid=3115169
[2026-06-07T08:45:08Z] stock_page OK pid=2965901
[2026-06-07T08:45:08Z] keep-alive tick complete
===== keep-alive tick 2026-06-07T08:50:01Z =====
[2026-06-07T08:50:01Z] burst_discovery OK pid=2886112
[2026-06-07T08:50:01Z] brand_sitemap_miner OK pid=3114851
[2026-06-07T08:50:01Z] retailer_sitemap_miner OK pid=2905865
[2026-06-07T08:50:01Z] fast_wc_probe OK pid=3075963
[2026-06-07T08:50:01Z] shopify_index_expansion OK pid=2906043
[2026-06-07T08:50:01Z] crate_deep_page OK pid=3115104
[2026-06-07T08:50:01Z] hunt2_page OK pid=3115169
[2026-06-07T08:50:01Z] stock_page OK pid=2965901
[2026-06-07T08:50:01Z] keep-alive tick complete
===== keep-alive tick 2026-06-07T08:55:02Z =====
[2026-06-07T08:55:02Z] burst_discovery OK pid=2886112
[2026-06-07T08:55:02Z] brand_sitemap_miner OK pid=3114851
[2026-06-07T08:55:02Z] retailer_sitemap_miner OK pid=2905865
[2026-06-07T08:55:02Z] fast_wc_probe OK pid=3075963
[2026-06-07T08:55:03Z] shopify_index_expansion OK pid=2906043
[2026-06-07T08:55:03Z] crate_deep_page OK pid=3115104
[2026-06-07T08:55:03Z] hunt2_page OK pid=3115169
[2026-06-07T08:55:03Z] stock_page OK pid=2965901
[2026-06-07T08:55:03Z] keep-alive tick complete
===== keep-alive tick 2026-06-07T09:00:01Z =====
[2026-06-07T09:00:01Z] burst_discovery OK pid=2886112
[2026-06-07T09:00:02Z] brand_sitemap_miner DEAD — restarting (consecutive_dead_ticks=1)
[2026-06-07T09:00:04Z] brand_sitemap_miner restarted pid=3170206
[2026-06-07T09:00:04Z] retailer_sitemap_miner OK pid=2905865
[2026-06-07T09:00:04Z] fast_wc_probe OK pid=3075963
[2026-06-07T09:00:04Z] shopify_index_expansion OK pid=2906043
[2026-06-07T09:00:04Z] crate_deep_page OK pid=3115104
[2026-06-07T09:00:05Z] hunt2_page DEAD — restarting (consecutive_dead_ticks=1)
[2026-06-07T09:00:07Z] hunt2_page restarted pid=3170555
[2026-06-07T09:00:07Z] stock_page OK pid=2965901
[2026-06-07T09:00:07Z] keep-alive tick complete
===== keep-alive tick 2026-06-07T09:05:01Z =====
[2026-06-07T09:05:01Z] burst_discovery OK pid=2886112
[2026-06-07T09:05:01Z] brand_sitemap_miner DEAD — restarting (consecutive_dead_ticks=2)
[2026-06-07T09:05:03Z] brand_sitemap_miner restarted pid=3186511
[2026-06-07T09:05:03Z] retailer_sitemap_miner OK pid=2905865
[2026-06-07T09:05:04Z] fast_wc_probe OK pid=3075963
[2026-06-07T09:05:04Z] shopify_index_expansion OK pid=2906043
[2026-06-07T09:05:04Z] crate_deep_page OK pid=3115104
[2026-06-07T09:05:04Z] hunt2_page OK pid=3170555
[2026-06-07T09:05:04Z] stock_page OK pid=2965901
[2026-06-07T09:05:04Z] keep-alive tick complete
===== keep-alive tick 2026-06-07T09:10:01Z =====
[2026-06-07T09:10:01Z] burst_discovery OK pid=2886112
[2026-06-07T09:10:01Z] brand_sitemap_miner OK pid=3186511
[2026-06-07T09:10:02Z] retailer_sitemap_miner OK pid=2905865
[2026-06-07T09:10:02Z] fast_wc_probe OK pid=3075963
[2026-06-07T09:10:02Z] shopify_index_expansion OK pid=2906043
[2026-06-07T09:10:02Z] crate_deep_page OK pid=3115104
[2026-06-07T09:10:02Z] hunt2_page OK pid=3170555
[2026-06-07T09:10:02Z] stock_page OK pid=2965901
[2026-06-07T09:10:02Z] keep-alive tick complete
===== keep-alive tick 2026-06-07T09:15:01Z =====
[2026-06-07T09:15:01Z] burst_discovery OK pid=2886112
[2026-06-07T09:15:01Z] brand_sitemap_miner OK pid=3186511
[2026-06-07T09:15:01Z] retailer_sitemap_miner OK pid=2905865
[2026-06-07T09:15:01Z] fast_wc_probe OK pid=3075963
[2026-06-07T09:15:01Z] shopify_index_expansion OK pid=2906043
[2026-06-07T09:15:01Z] crate_deep_page OK pid=3115104
[2026-06-07T09:15:01Z] hunt2_page OK pid=3170555
[2026-06-07T09:15:01Z] stock_page OK pid=2965901
[2026-06-07T09:15:01Z] keep-alive tick complete
===== keep-alive tick 2026-06-07T09:20:01Z =====
[2026-06-07T09:20:01Z] burst_discovery OK pid=2886112
[2026-06-07T09:20:01Z] brand_sitemap_miner OK pid=3186511
[2026-06-07T09:20:01Z] retailer_sitemap_miner OK pid=2905865
[2026-06-07T09:20:01Z] fast_wc_probe DEAD — restarting (consecutive_dead_ticks=1)
[2026-06-07T09:20:04Z] fast_wc_probe restarted pid=3234247
[2026-06-07T09:20:04Z] shopify_index_expansion OK pid=2906043
[2026-06-07T09:20:04Z] crate_deep_page OK pid=3115104
[2026-06-07T09:20:04Z] hunt2_page OK pid=3170555
[2026-06-07T09:20:04Z] stock_page OK pid=2965901
[2026-06-07T09:20:04Z] keep-alive tick complete
===== keep-alive tick 2026-06-07T09:25:01Z =====
[2026-06-07T09:25:01Z] burst_discovery OK pid=2886112
[2026-06-07T09:25:01Z] brand_sitemap_miner DEAD — restarting (consecutive_dead_ticks=1)
[2026-06-07T09:25:03Z] brand_sitemap_miner restarted pid=3251303
[2026-06-07T09:25:03Z] retailer_sitemap_miner OK pid=2905865
[2026-06-07T09:25:03Z] fast_wc_probe OK pid=3234247
[2026-06-07T09:25:04Z] shopify_index_expansion OK pid=2906043
[2026-06-07T09:25:04Z] crate_deep_page OK pid=3115104
[2026-06-07T09:25:04Z] hunt2_page OK pid=3170555
[2026-06-07T09:25:04Z] stock_page OK pid=2965901
[2026-06-07T09:25:04Z] keep-alive tick complete
===== keep-alive tick 2026-06-07T09:30:02Z =====
[2026-06-07T09:30:02Z] burst_discovery OK pid=2886112
[2026-06-07T09:30:02Z] brand_sitemap_miner DEAD — restarting (consecutive_dead_ticks=2)
[2026-06-07T09:30:04Z] brand_sitemap_miner restarted pid=3267611
[2026-06-07T09:30:04Z] retailer_sitemap_miner OK pid=2905865
[2026-06-07T09:30:04Z] fast_wc_probe OK pid=3234247
[2026-06-07T09:30:04Z] shopify_index_expansion OK pid=2906043
[2026-06-07T09:30:04Z] crate_deep_page OK pid=3115104
[2026-06-07T09:30:04Z] hunt2_page OK pid=3170555
[2026-06-07T09:30:04Z] stock_page OK pid=2965901
[2026-06-07T09:30:04Z] keep-alive tick complete
===== keep-alive tick 2026-06-07T09:35:01Z =====
[2026-06-07T09:35:01Z] burst_discovery OK pid=2886112
[2026-06-07T09:35:02Z] brand_sitemap_miner DEAD — restarting (consecutive_dead_ticks=3)
[2026-06-07T09:35:04Z] brand_sitemap_miner restarted pid=3285159
[2026-06-07T09:35:04Z] retailer_sitemap_miner OK pid=2905865
[2026-06-07T09:35:04Z] fast_wc_probe OK pid=3234247
[2026-06-07T09:35:04Z] shopify_index_expansion OK pid=2906043
[2026-06-07T09:35:04Z] crate_deep_page OK pid=3115104
[2026-06-07T09:35:04Z] hunt2_page OK pid=3170555
[2026-06-07T09:35:04Z] stock_page OK pid=2965901
[2026-06-07T09:35:04Z] keep-alive tick complete
===== keep-alive tick 2026-06-07T09:40:01Z =====
[2026-06-07T09:40:01Z] burst_discovery OK pid=2886112
[2026-06-07T09:40:01Z] brand_sitemap_miner DEAD — restarting (consecutive_dead_ticks=4)
[2026-06-07T09:40:03Z] brand_sitemap_miner restarted pid=3304021
[2026-06-07T09:40:03Z] brand_sitemap_miner ESCALATED — consecutive_dead_ticks=4 >= 4; written to /paperclip/instances/default/projects/177bc805-e3c8-4336-84cb-8e1e482d5a17/18221361-973a-493e-9e19-4c43b7a1c6eb/_default/data/buy31716-keep-alive-escalation.json
[2026-06-07T09:40:03Z] retailer_sitemap_miner OK pid=2905865
[2026-06-07T09:40:04Z] fast_wc_probe OK pid=3234247
[2026-06-07T09:40:04Z] shopify_index_expansion OK pid=2906043
[2026-06-07T09:40:04Z] crate_deep_page OK pid=3115104
[2026-06-07T09:40:04Z] hunt2_page OK pid=3170555
[2026-06-07T09:40:04Z] stock_page OK pid=2965901
[2026-06-07T09:40:04Z] keep-alive tick complete
===== keep-alive tick 2026-06-07T09:45:01Z =====
[2026-06-07T09:45:01Z] burst_discovery OK pid=2886112
[2026-06-07T09:45:01Z] brand_sitemap_miner DEAD — restarting (consecutive_dead_ticks=5)
[2026-06-07T09:45:03Z] brand_sitemap_miner restarted pid=3323346
[2026-06-07T09:45:03Z] brand_sitemap_miner ESCALATED — consecutive_dead_ticks=5 >= 4; written to /paperclip/instances/default/projects/177bc805-e3c8-4336-84cb-8e1e482d5a17/18221361-973a-493e-9e19-4c43b7a1c6eb/_default/data/buy31716-keep-alive-escalation.json
[2026-06-07T09:45:03Z] retailer_sitemap_miner OK pid=2905865
[2026-06-07T09:45:03Z] fast_wc_probe OK pid=3234247
[2026-06-07T09:45:04Z] shopify_index_expansion OK pid=2906043
[2026-06-07T09:45:04Z] crate_deep_page OK pid=3115104
[2026-06-07T09:45:04Z] hunt2_page OK pid=3170555
[2026-06-07T09:45:04Z] stock_page OK pid=2965901
[2026-06-07T09:45:04Z] keep-alive tick complete
===== keep-alive tick 2026-06-07T09:50:01Z =====
[2026-06-07T09:50:01Z] burst_discovery OK pid=2886112
[2026-06-07T09:50:01Z] brand_sitemap_miner OK pid=3323346
[2026-06-07T09:50:01Z] retailer_sitemap_miner OK pid=2905865
[2026-06-07T09:50:01Z] fast_wc_probe OK pid=3234247
[2026-06-07T09:50:01Z] shopify_index_expansion OK pid=2906043
[2026-06-07T09:50:01Z] crate_deep_page OK pid=3115104
[2026-06-07T09:50:01Z] hunt2_page OK pid=3170555
[2026-06-07T09:50:01Z] stock_page OK pid=2965901
[2026-06-07T09:50:01Z] keep-alive tick complete
===== keep-alive tick 2026-06-07T09:55:01Z =====
[2026-06-07T09:55:01Z] burst_discovery OK pid=2886112
[2026-06-07T09:55:01Z] brand_sitemap_miner OK pid=3323346
[2026-06-07T09:55:01Z] retailer_sitemap_miner OK pid=2905865
[2026-06-07T09:55:01Z] fast_wc_probe OK pid=3234247
[2026-06-07T09:55:01Z] shopify_index_expansion OK pid=2906043
[2026-06-07T09:55:01Z] crate_deep_page OK pid=3115104
[2026-06-07T09:55:01Z] hunt2_page OK pid=3170555
[2026-06-07T09:55:01Z] stock_page OK pid=2965901
[2026-06-07T09:55:01Z] keep-alive tick complete
===== keep-alive tick 2026-06-07T10:00:01Z =====
[2026-06-07T10:00:01Z] burst_discovery OK pid=2886112
[2026-06-07T10:00:01Z] brand_sitemap_miner OK pid=3323346
[2026-06-07T10:00:01Z] retailer_sitemap_miner OK pid=2905865
[2026-06-07T10:00:01Z] fast_wc_probe OK pid=3234247
[2026-06-07T10:00:01Z] shopify_index_expansion OK pid=2906043
[2026-06-07T10:00:02Z] crate_deep_page OK pid=3115104
[2026-06-07T10:00:02Z] hunt2_page OK pid=3170555
[2026-06-07T10:00:02Z] stock_page OK pid=2965901
[2026-06-07T10:00:02Z] keep-alive tick complete
===== keep-alive tick 2026-06-07T10:05:01Z =====
[2026-06-07T10:05:01Z] burst_discovery OK pid=2886112
[2026-06-07T10:05:01Z] brand_sitemap_miner DEAD — restarting (consecutive_dead_ticks=1)
[2026-06-07T10:05:04Z] brand_sitemap_miner restarted pid=3394719
[2026-06-07T10:05:04Z] retailer_sitemap_miner OK pid=2905865
[2026-06-07T10:05:04Z] fast_wc_probe DEAD — restarting (consecutive_dead_ticks=1)
[2026-06-07T10:05:06Z] fast_wc_probe restarted pid=3395016
[2026-06-07T10:05:06Z] shopify_index_expansion OK pid=2906043
[2026-06-07T10:05:06Z] crate_deep_page OK pid=3115104
[2026-06-07T10:05:06Z] hunt2_page OK pid=3170555
[2026-06-07T10:05:06Z] stock_page OK pid=2965901
[2026-06-07T10:05:06Z] keep-alive tick complete
===== keep-alive tick 2026-06-07T10:10:01Z =====
[2026-06-07T10:10:01Z] burst_discovery OK pid=2886112
[2026-06-07T10:10:01Z] brand_sitemap_miner DEAD — restarting (consecutive_dead_ticks=2)
[2026-06-07T10:10:03Z] brand_sitemap_miner restarted pid=3409938
[2026-06-07T10:10:03Z] retailer_sitemap_miner OK pid=2905865
[2026-06-07T10:10:03Z] fast_wc_probe OK pid=3395016
[2026-06-07T10:10:03Z] shopify_index_expansion OK pid=2906043
[2026-06-07T10:10:04Z] crate_deep_page OK pid=3115104
[2026-06-07T10:10:04Z] hunt2_page OK pid=3170555
[2026-06-07T10:10:04Z] stock_page OK pid=2965901
[2026-06-07T10:10:04Z] keep-alive tick complete
Terminated
Terminated
Terminated
Terminated
Terminated
Terminated
===== keep-alive tick 2026-06-07T10:15:01Z =====
[2026-06-07T10:15:01Z] burst_discovery OK pid=2886112
[2026-06-07T10:15:02Z] brand_sitemap_miner OK pid=3415914
[2026-06-07T10:15:02Z] retailer_sitemap_miner DEAD — restarting (consecutive_dead_ticks=1)
[2026-06-07T10:15:04Z] retailer_sitemap_miner restarted pid=3428741
[2026-06-07T10:15:04Z] fast_wc_probe OK pid=3416062
[2026-06-07T10:15:04Z] shopify_index_expansion DEAD — restarting (consecutive_dead_ticks=1)
[2026-06-07T10:15:06Z] shopify_index_expansion restarted pid=3429052
[2026-06-07T10:15:06Z] crate_deep_page DEAD — restarting (consecutive_dead_ticks=1)
[2026-06-07T10:15:09Z] crate_deep_page restarted pid=unknown
[2026-06-07T10:15:09Z] hunt2_page DEAD — restarting (consecutive_dead_ticks=1)
[2026-06-07T10:15:11Z] hunt2_page restarted pid=unknown
[2026-06-07T10:15:11Z] stock_page DEAD — restarting (consecutive_dead_ticks=1)
[2026-06-07T10:15:13Z] stock_page restarted pid=unknown
[2026-06-07T10:15:13Z] keep-alive tick complete
===== keep-alive tick 2026-06-07T10:20:01Z =====
[2026-06-07T10:20:01Z] burst_discovery OK pid=2886112
[2026-06-07T10:20:01Z] brand_sitemap_miner DEAD — restarting (consecutive_dead_ticks=1)
[2026-06-07T10:20:03Z] brand_sitemap_miner restarted pid=3449666
[2026-06-07T10:20:03Z] retailer_sitemap_miner OK pid=3428741
[2026-06-07T10:20:03Z] fast_wc_probe OK pid=3416062
[2026-06-07T10:20:04Z] shopify_index_expansion OK pid=3429052
[2026-06-07T10:20:04Z] crate_deep_page DEAD — restarting (consecutive_dead_ticks=2)
[2026-06-07T10:20:06Z] crate_deep_page restarted pid=unknown
[2026-06-07T10:20:06Z] hunt2_page DEAD — restarting (consecutive_dead_ticks=2)
[2026-06-07T10:20:08Z] hunt2_page restarted pid=unknown
[2026-06-07T10:20:08Z] stock_page DEAD — restarting (consecutive_dead_ticks=2)
[2026-06-07T10:20:10Z] stock_page restarted pid=unknown
[2026-06-07T10:20:10Z] keep-alive tick complete
===== keep-alive tick 2026-06-07T10:25:01Z =====
[2026-06-07T10:25:01Z] burst_discovery OK pid=2886112
[2026-06-07T10:25:01Z] brand_sitemap_miner DEAD — restarting (consecutive_dead_ticks=2)
[2026-06-07T10:25:03Z] brand_sitemap_miner restarted pid=3468485
[2026-06-07T10:25:03Z] retailer_sitemap_miner OK pid=3428741
[2026-06-07T10:25:03Z] fast_wc_probe OK pid=3416062
[2026-06-07T10:25:03Z] shopify_index_expansion OK pid=3429052
[2026-06-07T10:25:03Z] crate_deep_page DEAD — restarting (consecutive_dead_ticks=3)
[2026-06-07T10:25:05Z] crate_deep_page restarted pid=unknown
[2026-06-07T10:25:06Z] hunt2_page DEAD — restarting (consecutive_dead_ticks=3)
[2026-06-07T10:25:08Z] hunt2_page restarted pid=unknown
[2026-06-07T10:25:08Z] stock_page DEAD — restarting (consecutive_dead_ticks=3)
[2026-06-07T10:25:10Z] stock_page restarted pid=unknown
[2026-06-07T10:25:10Z] keep-alive tick complete
===== keep-alive tick 2026-06-07T10:30:01Z =====
[2026-06-07T10:30:01Z] burst_discovery OK pid=2886112
[2026-06-07T10:30:01Z] brand_sitemap_miner OK pid=3468485
[2026-06-07T10:30:01Z] retailer_sitemap_miner OK pid=3428741
[2026-06-07T10:30:01Z] fast_wc_probe OK pid=3416062
[2026-06-07T10:30:01Z] shopify_index_expansion OK pid=3429052
[2026-06-07T10:30:01Z] crate_deep_page DEAD — restarting (consecutive_dead_ticks=4)
[2026-06-07T10:30:03Z] crate_deep_page restarted pid=unknown
[2026-06-07T10:30:03Z] crate_deep_page ESCALATED — consecutive_dead_ticks=4 >= 4; written to /paperclip/instances/default/projects/177bc805-e3c8-4336-84cb-8e1e482d5a17/18221361-973a-493e-9e19-4c43b7a1c6eb/_default/data/buy31716-keep-alive-escalation.json
[2026-06-07T10:30:03Z] hunt2_page DEAD — restarting (consecutive_dead_ticks=4)
[2026-06-07T10:30:06Z] hunt2_page restarted pid=unknown
[2026-06-07T10:30:06Z] hunt2_page ESCALATED — consecutive_dead_ticks=4 >= 4; written to /paperclip/instances/default/projects/177bc805-e3c8-4336-84cb-8e1e482d5a17/18221361-973a-493e-9e19-4c43b7a1c6eb/_default/data/buy31716-keep-alive-escalation.json
[2026-06-07T10:30:06Z] stock_page DEAD — restarting (consecutive_dead_ticks=4)
[2026-06-07T10:30:08Z] stock_page restarted pid=unknown
[2026-06-07T10:30:08Z] stock_page ESCALATED — consecutive_dead_ticks=4 >= 4; written to /paperclip/instances/default/projects/177bc805-e3c8-4336-84cb-8e1e482d5a17/18221361-973a-493e-9e19-4c43b7a1c6eb/_default/data/buy31716-keep-alive-escalation.json
[2026-06-07T10:30:08Z] keep-alive tick complete
===== keep-alive tick 2026-06-07T10:35:01Z =====
[2026-06-07T10:35:01Z] burst_discovery OK pid=2886112
[2026-06-07T10:35:01Z] brand_sitemap_miner OK pid=3468485
[2026-06-07T10:35:01Z] retailer_sitemap_miner OK pid=3428741
[2026-06-07T10:35:01Z] fast_wc_probe OK pid=3416062
[2026-06-07T10:35:01Z] shopify_index_expansion OK pid=3429052
[2026-06-07T10:35:01Z] crate_deep_page DEAD — restarting (consecutive_dead_ticks=5)
[2026-06-07T10:35:03Z] crate_deep_page restarted pid=unknown
[2026-06-07T10:35:03Z] crate_deep_page ESCALATED — consecutive_dead_ticks=5 >= 4; written to /paperclip/instances/default/projects/177bc805-e3c8-4336-84cb-8e1e482d5a17/18221361-973a-493e-9e19-4c43b7a1c6eb/_default/data/buy31716-keep-alive-escalation.json
[2026-06-07T10:35:03Z] hunt2_page DEAD — restarting (consecutive_dead_ticks=5)
[2026-06-07T10:35:06Z] hunt2_page restarted pid=unknown
[2026-06-07T10:35:06Z] hunt2_page ESCALATED — consecutive_dead_ticks=5 >= 4; written to /paperclip/instances/default/projects/177bc805-e3c8-4336-84cb-8e1e482d5a17/18221361-973a-493e-9e19-4c43b7a1c6eb/_default/data/buy31716-keep-alive-escalation.json
[2026-06-07T10:35:06Z] stock_page DEAD — restarting (consecutive_dead_ticks=5)
[2026-06-07T10:35:08Z] stock_page restarted pid=unknown
[2026-06-07T10:35:08Z] stock_page ESCALATED — consecutive_dead_ticks=5 >= 4; written to /paperclip/instances/default/projects/177bc805-e3c8-4336-84cb-8e1e482d5a17/18221361-973a-493e-9e19-4c43b7a1c6eb/_default/data/buy31716-keep-alive-escalation.json
[2026-06-07T10:35:08Z] keep-alive tick complete
===== keep-alive tick 2026-06-07T10:40:01Z =====
[2026-06-07T10:40:01Z] burst_discovery OK pid=2886112
[2026-06-07T10:40:01Z] brand_sitemap_miner DEAD — restarting (consecutive_dead_ticks=1)
[2026-06-07T10:40:03Z] brand_sitemap_miner restarted pid=3526558
[2026-06-07T10:40:03Z] retailer_sitemap_miner OK pid=3428741
[2026-06-07T10:40:03Z] fast_wc_probe OK pid=3416062
[2026-06-07T10:40:03Z] shopify_index_expansion OK pid=3429052
[2026-06-07T10:40:03Z] crate_deep_page DEAD — restarting (consecutive_dead_ticks=6)
[2026-06-07T10:40:05Z] crate_deep_page restarted pid=unknown
[2026-06-07T10:40:05Z] crate_deep_page ESCALATED — consecutive_dead_ticks=6 >= 4; written to /paperclip/instances/default/projects/177bc805-e3c8-4336-84cb-8e1e482d5a17/18221361-973a-493e-9e19-4c43b7a1c6eb/_default/data/buy31716-keep-alive-escalation.json
[2026-06-07T10:40:05Z] hunt2_page DEAD — restarting (consecutive_dead_ticks=6)
[2026-06-07T10:40:08Z] hunt2_page restarted pid=unknown
[2026-06-07T10:40:08Z] hunt2_page ESCALATED — consecutive_dead_ticks=6 >= 4; written to /paperclip/instances/default/projects/177bc805-e3c8-4336-84cb-8e1e482d5a17/18221361-973a-493e-9e19-4c43b7a1c6eb/_default/data/buy31716-keep-alive-escalation.json
[2026-06-07T10:40:08Z] stock_page DEAD — restarting (consecutive_dead_ticks=6)
[2026-06-07T10:40:10Z] stock_page restarted pid=unknown
[2026-06-07T10:40:10Z] stock_page ESCALATED — consecutive_dead_ticks=6 >= 4; written to /paperclip/instances/default/projects/177bc805-e3c8-4336-84cb-8e1e482d5a17/18221361-973a-493e-9e19-4c43b7a1c6eb/_default/data/buy31716-keep-alive-escalation.json
[2026-06-07T10:40:10Z] keep-alive tick complete
===== keep-alive tick 2026-06-07T10:45:01Z =====
[2026-06-07T10:45:01Z] burst_discovery OK pid=2886112
[2026-06-07T10:45:01Z] brand_sitemap_miner DEAD — restarting (consecutive_dead_ticks=2)
[2026-06-07T10:45:03Z] brand_sitemap_miner restarted pid=3560202
[2026-06-07T10:45:03Z] retailer_sitemap_miner OK pid=3428741
[2026-06-07T10:45:03Z] fast_wc_probe OK pid=3416062
[2026-06-07T10:45:03Z] shopify_index_expansion OK pid=3429052
[2026-06-07T10:45:03Z] crate_deep_page DEAD — restarting (consecutive_dead_ticks=7)
[2026-06-07T10:45:05Z] crate_deep_page restarted pid=unknown
[2026-06-07T10:45:05Z] crate_deep_page ESCALATED — consecutive_dead_ticks=7 >= 4; written to /paperclip/instances/default/projects/177bc805-e3c8-4336-84cb-8e1e482d5a17/18221361-973a-493e-9e19-4c43b7a1c6eb/_default/data/buy31716-keep-alive-escalation.json
[2026-06-07T10:45:05Z] hunt2_page DEAD — restarting (consecutive_dead_ticks=7)
[2026-06-07T10:45:07Z] hunt2_page restarted pid=unknown
[2026-06-07T10:45:07Z] hunt2_page ESCALATED — consecutive_dead_ticks=7 >= 4; written to /paperclip/instances/default/projects/177bc805-e3c8-4336-84cb-8e1e482d5a17/18221361-973a-493e-9e19-4c43b7a1c6eb/_default/data/buy31716-keep-alive-escalation.json
[2026-06-07T10:45:08Z] stock_page DEAD — restarting (consecutive_dead_ticks=7)
[2026-06-07T10:45:10Z] stock_page restarted pid=unknown
[2026-06-07T10:45:10Z] stock_page ESCALATED — consecutive_dead_ticks=7 >= 4; written to /paperclip/instances/default/projects/177bc805-e3c8-4336-84cb-8e1e482d5a17/18221361-973a-493e-9e19-4c43b7a1c6eb/_default/data/buy31716-keep-alive-escalation.json
[2026-06-07T10:45:10Z] keep-alive tick complete
===== keep-alive tick 2026-06-07T10:50:02Z =====
[2026-06-07T10:50:02Z] burst_discovery OK pid=2886112
[2026-06-07T10:50:02Z] brand_sitemap_miner OK pid=3560202
[2026-06-07T10:50:02Z] retailer_sitemap_miner OK pid=3428741
[2026-06-07T10:50:02Z] fast_wc_probe OK pid=3416062
[2026-06-07T10:50:02Z] shopify_index_expansion OK pid=3429052
[2026-06-07T10:50:02Z] crate_deep_page DEAD — restarting (consecutive_dead_ticks=8)
[2026-06-07T10:50:04Z] crate_deep_page restarted pid=unknown
[2026-06-07T10:50:04Z] crate_deep_page ESCALATED — consecutive_dead_ticks=8 >= 4; written to /paperclip/instances/default/projects/177bc805-e3c8-4336-84cb-8e1e482d5a17/18221361-973a-493e-9e19-4c43b7a1c6eb/_default/data/buy31716-keep-alive-escalation.json
[2026-06-07T10:50:04Z] hunt2_page DEAD — restarting (consecutive_dead_ticks=8)
[2026-06-07T10:50:06Z] hunt2_page restarted pid=unknown
[2026-06-07T10:50:06Z] hunt2_page ESCALATED — consecutive_dead_ticks=8 >= 4; written to /paperclip/instances/default/projects/177bc805-e3c8-4336-84cb-8e1e482d5a17/18221361-973a-493e-9e19-4c43b7a1c6eb/_default/data/buy31716-keep-alive-escalation.json
[2026-06-07T10:50:06Z] stock_page DEAD — restarting (consecutive_dead_ticks=8)
[2026-06-07T10:50:08Z] stock_page restarted pid=unknown
[2026-06-07T10:50:08Z] stock_page ESCALATED — consecutive_dead_ticks=8 >= 4; written to /paperclip/instances/default/projects/177bc805-e3c8-4336-84cb-8e1e482d5a17/18221361-973a-493e-9e19-4c43b7a1c6eb/_default/data/buy31716-keep-alive-escalation.json
[2026-06-07T10:50:08Z] keep-alive tick complete
===== keep-alive tick 2026-06-07T10:55:01Z =====
[2026-06-07T10:55:01Z] burst_discovery OK pid=2886112
[2026-06-07T10:55:02Z] brand_sitemap_miner OK pid=3560202
[2026-06-07T10:55:02Z] retailer_sitemap_miner OK pid=3428741
[2026-06-07T10:55:02Z] fast_wc_probe DEAD — restarting (consecutive_dead_ticks=1)
[2026-06-07T10:55:04Z] fast_wc_probe restarted pid=3597862
[2026-06-07T10:55:04Z] shopify_index_expansion OK pid=3429052
[2026-06-07T10:55:04Z] crate_deep_page DEAD — restarting (consecutive_dead_ticks=9)
[2026-06-07T10:55:06Z] crate_deep_page restarted pid=unknown
[2026-06-07T10:55:06Z] crate_deep_page ESCALATED — consecutive_dead_ticks=9 >= 4; written to /paperclip/instances/default/projects/177bc805-e3c8-4336-84cb-8e1e482d5a17/18221361-973a-493e-9e19-4c43b7a1c6eb/_default/data/buy31716-keep-alive-escalation.json
[2026-06-07T10:55:06Z] hunt2_page DEAD — restarting (consecutive_dead_ticks=9)
[2026-06-07T10:55:08Z] hunt2_page restarted pid=unknown
[2026-06-07T10:55:08Z] hunt2_page ESCALATED — consecutive_dead_ticks=9 >= 4; written to /paperclip/instances/default/projects/177bc805-e3c8-4336-84cb-8e1e482d5a17/18221361-973a-493e-9e19-4c43b7a1c6eb/_default/data/buy31716-keep-alive-escalation.json
[2026-06-07T10:55:08Z] stock_page DEAD — restarting (consecutive_dead_ticks=9)
[2026-06-07T10:55:10Z] stock_page restarted pid=unknown
[2026-06-07T10:55:10Z] stock_page ESCALATED — consecutive_dead_ticks=9 >= 4; written to /paperclip/instances/default/projects/177bc805-e3c8-4336-84cb-8e1e482d5a17/18221361-973a-493e-9e19-4c43b7a1c6eb/_default/data/buy31716-keep-alive-escalation.json
[2026-06-07T10:55:10Z] keep-alive tick complete
===== keep-alive tick 2026-06-07T11:00:01Z =====
[2026-06-07T11:00:01Z] burst_discovery OK pid=2886112
[2026-06-07T11:00:01Z] brand_sitemap_miner OK pid=3560202
[2026-06-07T11:00:01Z] retailer_sitemap_miner OK pid=3428741
[2026-06-07T11:00:02Z] fast_wc_probe OK pid=3597862
[2026-06-07T11:00:02Z] shopify_index_expansion OK pid=3429052
[2026-06-07T11:00:02Z] crate_deep_page DEAD — restarting (consecutive_dead_ticks=10)
[2026-06-07T11:00:04Z] crate_deep_page restarted pid=unknown
[2026-06-07T11:00:04Z] crate_deep_page ESCALATED — consecutive_dead_ticks=10 >= 4; written to /paperclip/instances/default/projects/177bc805-e3c8-4336-84cb-8e1e482d5a17/18221361-973a-493e-9e19-4c43b7a1c6eb/_default/data/buy31716-keep-alive-escalation.json
[2026-06-07T11:00:04Z] hunt2_page DEAD — restarting (consecutive_dead_ticks=10)
[2026-06-07T11:00:06Z] hunt2_page restarted pid=unknown
[2026-06-07T11:00:06Z] hunt2_page ESCALATED — consecutive_dead_ticks=10 >= 4; written to /paperclip/instances/default/projects/177bc805-e3c8-4336-84cb-8e1e482d5a17/18221361-973a-493e-9e19-4c43b7a1c6eb/_default/data/buy31716-keep-alive-escalation.json
[2026-06-07T11:00:06Z] stock_page DEAD — restarting (consecutive_dead_ticks=10)
[2026-06-07T11:00:08Z] stock_page restarted pid=unknown
[2026-06-07T11:00:08Z] stock_page ESCALATED — consecutive_dead_ticks=10 >= 4; written to /paperclip/instances/default/projects/177bc805-e3c8-4336-84cb-8e1e482d5a17/18221361-973a-493e-9e19-4c43b7a1c6eb/_default/data/buy31716-keep-alive-escalation.json
[2026-06-07T11:00:08Z] keep-alive tick complete
===== keep-alive tick 2026-06-07T11:05:01Z =====
[2026-06-07T11:05:01Z] burst_discovery OK pid=2886112
[2026-06-07T11:05:01Z] brand_sitemap_miner DEAD — restarting (consecutive_dead_ticks=1)
[2026-06-07T11:05:03Z] brand_sitemap_miner restarted pid=3629904
[2026-06-07T11:05:03Z] retailer_sitemap_miner OK pid=3428741
[2026-06-07T11:05:03Z] fast_wc_probe OK pid=3597862
[2026-06-07T11:05:04Z] shopify_index_expansion OK pid=3429052
[2026-06-07T11:05:04Z] crate_deep_page DEAD — restarting (consecutive_dead_ticks=11)
[2026-06-07T11:05:06Z] crate_deep_page restarted pid=unknown
[2026-06-07T11:05:06Z] crate_deep_page ESCALATED — consecutive_dead_ticks=11 >= 4; written to /paperclip/instances/default/projects/177bc805-e3c8-4336-84cb-8e1e482d5a17/18221361-973a-493e-9e19-4c43b7a1c6eb/_default/data/buy31716-keep-alive-escalation.json
[2026-06-07T11:05:06Z] hunt2_page DEAD — restarting (consecutive_dead_ticks=11)
[2026-06-07T11:05:08Z] hunt2_page restarted pid=unknown
[2026-06-07T11:05:08Z] hunt2_page ESCALATED — consecutive_dead_ticks=11 >= 4; written to /paperclip/instances/default/projects/177bc805-e3c8-4336-84cb-8e1e482d5a17/18221361-973a-493e-9e19-4c43b7a1c6eb/_default/data/buy31716-keep-alive-escalation.json
[2026-06-07T11:05:08Z] stock_page DEAD — restarting (consecutive_dead_ticks=11)
[2026-06-07T11:05:10Z] stock_page restarted pid=unknown
[2026-06-07T11:05:10Z] stock_page ESCALATED — consecutive_dead_ticks=11 >= 4; written to /paperclip/instances/default/projects/177bc805-e3c8-4336-84cb-8e1e482d5a17/18221361-973a-493e-9e19-4c43b7a1c6eb/_default/data/buy31716-keep-alive-escalation.json
[2026-06-07T11:05:10Z] keep-alive tick complete
===== keep-alive tick 2026-06-07T11:10:01Z =====
[2026-06-07T11:10:01Z] burst_discovery OK pid=2886112
[2026-06-07T11:10:01Z] brand_sitemap_miner DEAD — restarting (consecutive_dead_ticks=2)
[2026-06-07T11:10:03Z] brand_sitemap_miner restarted pid=3646497
[2026-06-07T11:10:03Z] retailer_sitemap_miner OK pid=3428741
[2026-06-07T11:10:04Z] fast_wc_probe OK pid=3597862
[2026-06-07T11:10:04Z] shopify_index_expansion OK pid=3429052
[2026-06-07T11:10:04Z] crate_deep_page DEAD — restarting (consecutive_dead_ticks=12)
[2026-06-07T11:10:06Z] crate_deep_page restarted pid=unknown
[2026-06-07T11:10:06Z] crate_deep_page ESCALATED — consecutive_dead_ticks=12 >= 4; written to /paperclip/instances/default/projects/177bc805-e3c8-4336-84cb-8e1e482d5a17/18221361-973a-493e-9e19-4c43b7a1c6eb/_default/data/buy31716-keep-alive-escalation.json
[2026-06-07T11:10:06Z] hunt2_page DEAD — restarting (consecutive_dead_ticks=12)
[2026-06-07T11:10:08Z] hunt2_page restarted pid=unknown
[2026-06-07T11:10:08Z] hunt2_page ESCALATED — consecutive_dead_ticks=12 >= 4; written to /paperclip/instances/default/projects/177bc805-e3c8-4336-84cb-8e1e482d5a17/18221361-973a-493e-9e19-4c43b7a1c6eb/_default/data/buy31716-keep-alive-escalation.json
[2026-06-07T11:10:08Z] stock_page DEAD — restarting (consecutive_dead_ticks=12)
[2026-06-07T11:10:10Z] stock_page restarted pid=unknown
[2026-06-07T11:10:10Z] stock_page ESCALATED — consecutive_dead_ticks=12 >= 4; written to /paperclip/instances/default/projects/177bc805-e3c8-4336-84cb-8e1e482d5a17/18221361-973a-493e-9e19-4c43b7a1c6eb/_default/data/buy31716-keep-alive-escalation.json
[2026-06-07T11:10:10Z] keep-alive tick complete
===== keep-alive tick 2026-06-07T11:15:01Z =====
[2026-06-07T11:15:01Z] burst_discovery OK pid=2886112
[2026-06-07T11:15:01Z] brand_sitemap_miner OK pid=3646497
[2026-06-07T11:15:01Z] retailer_sitemap_miner OK pid=3428741
[2026-06-07T11:15:01Z] fast_wc_probe OK pid=3597862
[2026-06-07T11:15:01Z] shopify_index_expansion OK pid=3429052
[2026-06-07T11:15:02Z] crate_deep_page DEAD — restarting (consecutive_dead_ticks=13)
[2026-06-07T11:15:04Z] crate_deep_page restarted pid=unknown
[2026-06-07T11:15:04Z] crate_deep_page ESCALATED — consecutive_dead_ticks=13 >= 4; written to /paperclip/instances/default/projects/177bc805-e3c8-4336-84cb-8e1e482d5a17/18221361-973a-493e-9e19-4c43b7a1c6eb/_default/data/buy31716-keep-alive-escalation.json
[2026-06-07T11:15:04Z] hunt2_page DEAD — restarting (consecutive_dead_ticks=13)
[2026-06-07T11:15:06Z] hunt2_page restarted pid=unknown
[2026-06-07T11:15:06Z] hunt2_page ESCALATED — consecutive_dead_ticks=13 >= 4; written to /paperclip/instances/default/projects/177bc805-e3c8-4336-84cb-8e1e482d5a17/18221361-973a-493e-9e19-4c43b7a1c6eb/_default/data/buy31716-keep-alive-escalation.json
[2026-06-07T11:15:06Z] stock_page DEAD — restarting (consecutive_dead_ticks=13)
[2026-06-07T11:15:08Z] stock_page restarted pid=unknown
[2026-06-07T11:15:08Z] stock_page ESCALATED — consecutive_dead_ticks=13 >= 4; written to /paperclip/instances/default/projects/177bc805-e3c8-4336-84cb-8e1e482d5a17/18221361-973a-493e-9e19-4c43b7a1c6eb/_default/data/buy31716-keep-alive-escalation.json
[2026-06-07T11:15:08Z] keep-alive tick complete
===== keep-alive tick 2026-06-07T11:20:01Z =====
[2026-06-07T11:20:01Z] burst_discovery OK pid=2886112
[2026-06-07T11:20:01Z] brand_sitemap_miner OK pid=3646497
[2026-06-07T11:20:01Z] retailer_sitemap_miner OK pid=3428741
[2026-06-07T11:20:01Z] fast_wc_probe OK pid=3597862
[2026-06-07T11:20:01Z] shopify_index_expansion OK pid=3429052
[2026-06-07T11:20:01Z] crate_deep_page DEAD — restarting (consecutive_dead_ticks=14)
[2026-06-07T11:20:03Z] crate_deep_page restarted pid=unknown
[2026-06-07T11:20:03Z] crate_deep_page ESCALATED — consecutive_dead_ticks=14 >= 4; written to /paperclip/instances/default/projects/177bc805-e3c8-4336-84cb-8e1e482d5a17/18221361-973a-493e-9e19-4c43b7a1c6eb/_default/data/buy31716-keep-alive-escalation.json
[2026-06-07T11:20:03Z] hunt2_page DEAD — restarting (consecutive_dead_ticks=14)
[2026-06-07T11:20:05Z] hunt2_page restarted pid=unknown
[2026-06-07T11:20:05Z] hunt2_page ESCALATED — consecutive_dead_ticks=14 >= 4; written to /paperclip/instances/default/projects/177bc805-e3c8-4336-84cb-8e1e482d5a17/18221361-973a-493e-9e19-4c43b7a1c6eb/_default/data/buy31716-keep-alive-escalation.json
[2026-06-07T11:20:05Z] stock_page DEAD — restarting (consecutive_dead_ticks=14)
[2026-06-07T11:20:08Z] stock_page restarted pid=unknown
[2026-06-07T11:20:08Z] stock_page ESCALATED — consecutive_dead_ticks=14 >= 4; written to /paperclip/instances/default/projects/177bc805-e3c8-4336-84cb-8e1e482d5a17/18221361-973a-493e-9e19-4c43b7a1c6eb/_default/data/buy31716-keep-alive-escalation.json
[2026-06-07T11:20:08Z] keep-alive tick complete
===== keep-alive tick 2026-06-07T11:25:01Z =====
[2026-06-07T11:25:01Z] burst_discovery OK pid=2886112
[2026-06-07T11:25:02Z] brand_sitemap_miner DEAD — restarting (consecutive_dead_ticks=1)
[2026-06-07T11:25:04Z] brand_sitemap_miner restarted pid=3705626
[2026-06-07T11:25:04Z] retailer_sitemap_miner OK pid=3428741
[2026-06-07T11:25:04Z] fast_wc_probe OK pid=3597862
[2026-06-07T11:25:04Z] shopify_index_expansion OK pid=3429052
[2026-06-07T11:25:04Z] crate_deep_page DEAD — restarting (consecutive_dead_ticks=15)
[2026-06-07T11:25:06Z] crate_deep_page restarted pid=unknown
[2026-06-07T11:25:06Z] crate_deep_page ESCALATED — consecutive_dead_ticks=15 >= 4; written to /paperclip/instances/default/projects/177bc805-e3c8-4336-84cb-8e1e482d5a17/18221361-973a-493e-9e19-4c43b7a1c6eb/_default/data/buy31716-keep-alive-escalation.json
[2026-06-07T11:25:06Z] hunt2_page DEAD — restarting (consecutive_dead_ticks=15)
[2026-06-07T11:25:08Z] hunt2_page restarted pid=unknown
[2026-06-07T11:25:08Z] hunt2_page ESCALATED — consecutive_dead_ticks=15 >= 4; written to /paperclip/instances/default/projects/177bc805-e3c8-4336-84cb-8e1e482d5a17/18221361-973a-493e-9e19-4c43b7a1c6eb/_default/data/buy31716-keep-alive-escalation.json
[2026-06-07T11:25:08Z] stock_page DEAD — restarting (consecutive_dead_ticks=15)
[2026-06-07T11:25:10Z] stock_page restarted pid=unknown
[2026-06-07T11:25:10Z] stock_page ESCALATED — consecutive_dead_ticks=15 >= 4; written to /paperclip/instances/default/projects/177bc805-e3c8-4336-84cb-8e1e482d5a17/18221361-973a-493e-9e19-4c43b7a1c6eb/_default/data/buy31716-keep-alive-escalation.json
[2026-06-07T11:25:10Z] keep-alive tick complete
===== keep-alive tick 2026-06-07T11:30:01Z =====
[2026-06-07T11:30:01Z] burst_discovery OK pid=2886112
[2026-06-07T11:30:02Z] brand_sitemap_miner DEAD — restarting (consecutive_dead_ticks=2)
[2026-06-07T11:30:04Z] brand_sitemap_miner restarted pid=3727137
[2026-06-07T11:30:04Z] retailer_sitemap_miner OK pid=3428741
[2026-06-07T11:30:04Z] fast_wc_probe OK pid=3597862
[2026-06-07T11:30:04Z] shopify_index_expansion OK pid=3429052
[2026-06-07T11:30:04Z] crate_deep_page DEAD — restarting (consecutive_dead_ticks=16)
[2026-06-07T11:30:06Z] crate_deep_page restarted pid=unknown
[2026-06-07T11:30:06Z] crate_deep_page ESCALATED — consecutive_dead_ticks=16 >= 4; written to /paperclip/instances/default/projects/177bc805-e3c8-4336-84cb-8e1e482d5a17/18221361-973a-493e-9e19-4c43b7a1c6eb/_default/data/buy31716-keep-alive-escalation.json
[2026-06-07T11:30:06Z] hunt2_page DEAD — restarting (consecutive_dead_ticks=16)
[2026-06-07T11:30:08Z] hunt2_page restarted pid=unknown
[2026-06-07T11:30:08Z] hunt2_page ESCALATED — consecutive_dead_ticks=16 >= 4; written to /paperclip/instances/default/projects/177bc805-e3c8-4336-84cb-8e1e482d5a17/18221361-973a-493e-9e19-4c43b7a1c6eb/_default/data/buy31716-keep-alive-escalation.json
[2026-06-07T11:30:08Z] stock_page DEAD — restarting (consecutive_dead_ticks=16)
[2026-06-07T11:30:10Z] stock_page restarted pid=unknown
[2026-06-07T11:30:10Z] stock_page ESCALATED — consecutive_dead_ticks=16 >= 4; written to /paperclip/instances/default/projects/177bc805-e3c8-4336-84cb-8e1e482d5a17/18221361-973a-493e-9e19-4c43b7a1c6eb/_default/data/buy31716-keep-alive-escalation.json
[2026-06-07T11:30:10Z] keep-alive tick complete
===== keep-alive tick 2026-06-07T11:35:01Z =====
[2026-06-07T11:35:01Z] burst_discovery OK pid=2886112
[2026-06-07T11:35:01Z] brand_sitemap_miner DEAD — restarting (consecutive_dead_ticks=3)
[2026-06-07T11:35:04Z] brand_sitemap_miner restarted pid=3754406
[2026-06-07T11:35:04Z] retailer_sitemap_miner OK pid=3428741
[2026-06-07T11:35:04Z] fast_wc_probe OK pid=3597862
[2026-06-07T11:35:04Z] shopify_index_expansion OK pid=3429052
[2026-06-07T11:35:04Z] crate_deep_page DEAD — restarting (consecutive_dead_ticks=17)
[2026-06-07T11:35:06Z] crate_deep_page restarted pid=unknown
[2026-06-07T11:35:06Z] crate_deep_page ESCALATED — consecutive_dead_ticks=17 >= 4; written to /paperclip/instances/default/projects/177bc805-e3c8-4336-84cb-8e1e482d5a17/18221361-973a-493e-9e19-4c43b7a1c6eb/_default/data/buy31716-keep-alive-escalation.json
[2026-06-07T11:35:06Z] hunt2_page DEAD — restarting (consecutive_dead_ticks=17)
[2026-06-07T11:35:08Z] hunt2_page restarted pid=unknown
[2026-06-07T11:35:08Z] hunt2_page ESCALATED — consecutive_dead_ticks=17 >= 4; written to /paperclip/instances/default/projects/177bc805-e3c8-4336-84cb-8e1e482d5a17/18221361-973a-493e-9e19-4c43b7a1c6eb/_default/data/buy31716-keep-alive-escalation.json
[2026-06-07T11:35:08Z] stock_page DEAD — restarting (consecutive_dead_ticks=17)
[2026-06-07T11:35:10Z] stock_page restarted pid=unknown
[2026-06-07T11:35:10Z] stock_page ESCALATED — consecutive_dead_ticks=17 >= 4; written to /paperclip/instances/default/projects/177bc805-e3c8-4336-84cb-8e1e482d5a17/18221361-973a-493e-9e19-4c43b7a1c6eb/_default/data/buy31716-keep-alive-escalation.json
[2026-06-07T11:35:10Z] keep-alive tick complete
===== keep-alive tick 2026-06-07T11:40:01Z =====
[2026-06-07T11:40:01Z] burst_discovery OK pid=2886112
[2026-06-07T11:40:01Z] brand_sitemap_miner OK pid=3754406
[2026-06-07T11:40:01Z] retailer_sitemap_miner OK pid=3428741
[2026-06-07T11:40:02Z] fast_wc_probe DEAD — restarting (consecutive_dead_ticks=1)
[2026-06-07T11:40:04Z] fast_wc_probe restarted pid=3783061
[2026-06-07T11:40:04Z] shopify_index_expansion OK pid=3429052
[2026-06-07T11:40:04Z] crate_deep_page DEAD — restarting (consecutive_dead_ticks=18)
[2026-06-07T11:40:06Z] crate_deep_page restarted pid=unknown
[2026-06-07T11:40:06Z] crate_deep_page ESCALATED — consecutive_dead_ticks=18 >= 4; written to /paperclip/instances/default/projects/177bc805-e3c8-4336-84cb-8e1e482d5a17/18221361-973a-493e-9e19-4c43b7a1c6eb/_default/data/buy31716-keep-alive-escalation.json
[2026-06-07T11:40:06Z] hunt2_page DEAD — restarting (consecutive_dead_ticks=18)
[2026-06-07T11:40:08Z] hunt2_page restarted pid=unknown
[2026-06-07T11:40:08Z] hunt2_page ESCALATED — consecutive_dead_ticks=18 >= 4; written to /paperclip/instances/default/projects/177bc805-e3c8-4336-84cb-8e1e482d5a17/18221361-973a-493e-9e19-4c43b7a1c6eb/_default/data/buy31716-keep-alive-escalation.json
[2026-06-07T11:40:08Z] stock_page DEAD — restarting (consecutive_dead_ticks=18)
[2026-06-07T11:40:10Z] stock_page restarted pid=unknown
[2026-06-07T11:40:10Z] stock_page ESCALATED — consecutive_dead_ticks=18 >= 4; written to /paperclip/instances/default/projects/177bc805-e3c8-4336-84cb-8e1e482d5a17/18221361-973a-493e-9e19-4c43b7a1c6eb/_default/data/buy31716-keep-alive-escalation.json
[2026-06-07T11:40:10Z] keep-alive tick complete
===== keep-alive tick 2026-06-07T11:45:01Z =====
[2026-06-07T11:45:01Z] burst_discovery OK pid=2886112
[2026-06-07T11:45:01Z] brand_sitemap_miner OK pid=3754406
[2026-06-07T11:45:01Z] retailer_sitemap_miner OK pid=3428741
[2026-06-07T11:45:01Z] fast_wc_probe OK pid=3783061
[2026-06-07T11:45:02Z] shopify_index_expansion OK pid=3429052
[2026-06-07T11:45:02Z] crate_deep_page DEAD — restarting (consecutive_dead_ticks=19)
[2026-06-07T11:45:04Z] crate_deep_page restarted pid=unknown
[2026-06-07T11:45:04Z] crate_deep_page ESCALATED — consecutive_dead_ticks=19 >= 4; written to /paperclip/instances/default/projects/177bc805-e3c8-4336-84cb-8e1e482d5a17/18221361-973a-493e-9e19-4c43b7a1c6eb/_default/data/buy31716-keep-alive-escalation.json
[2026-06-07T11:45:04Z] hunt2_page DEAD — restarting (consecutive_dead_ticks=19)
[2026-06-07T11:45:06Z] hunt2_page restarted pid=unknown
[2026-06-07T11:45:06Z] hunt2_page ESCALATED — consecutive_dead_ticks=19 >= 4; written to /paperclip/instances/default/projects/177bc805-e3c8-4336-84cb-8e1e482d5a17/18221361-973a-493e-9e19-4c43b7a1c6eb/_default/data/buy31716-keep-alive-escalation.json
[2026-06-07T11:45:06Z] stock_page DEAD — restarting (consecutive_dead_ticks=19)
[2026-06-07T11:45:08Z] stock_page restarted pid=unknown
[2026-06-07T11:45:08Z] stock_page ESCALATED — consecutive_dead_ticks=19 >= 4; written to /paperclip/instances/default/projects/177bc805-e3c8-4336-84cb-8e1e482d5a17/18221361-973a-493e-9e19-4c43b7a1c6eb/_default/data/buy31716-keep-alive-escalation.json
[2026-06-07T11:45:08Z] keep-alive tick complete
===== keep-alive tick 2026-06-07T11:50:01Z =====
[2026-06-07T11:50:01Z] burst_discovery OK pid=2886112
[2026-06-07T11:50:01Z] brand_sitemap_miner DEAD — restarting (consecutive_dead_ticks=1)
[2026-06-07T11:50:03Z] brand_sitemap_miner restarted pid=3822744
[2026-06-07T11:50:03Z] retailer_sitemap_miner OK pid=3428741
[2026-06-07T11:50:03Z] fast_wc_probe OK pid=3783061
[2026-06-07T11:50:04Z] shopify_index_expansion OK pid=3429052
[2026-06-07T11:50:04Z] crate_deep_page DEAD — restarting (consecutive_dead_ticks=20)
[2026-06-07T11:50:06Z] crate_deep_page restarted pid=unknown
[2026-06-07T11:50:06Z] crate_deep_page ESCALATED — consecutive_dead_ticks=20 >= 4; written to /paperclip/instances/default/projects/177bc805-e3c8-4336-84cb-8e1e482d5a17/18221361-973a-493e-9e19-4c43b7a1c6eb/_default/data/buy31716-keep-alive-escalation.json
[2026-06-07T11:50:06Z] hunt2_page DEAD — restarting (consecutive_dead_ticks=20)
[2026-06-07T11:50:08Z] hunt2_page restarted pid=unknown
[2026-06-07T11:50:08Z] hunt2_page ESCALATED — consecutive_dead_ticks=20 >= 4; written to /paperclip/instances/default/projects/177bc805-e3c8-4336-84cb-8e1e482d5a17/18221361-973a-493e-9e19-4c43b7a1c6eb/_default/data/buy31716-keep-alive-escalation.json
[2026-06-07T11:50:08Z] stock_page DEAD — restarting (consecutive_dead_ticks=20)
[2026-06-07T11:50:10Z] stock_page restarted pid=unknown
[2026-06-07T11:50:10Z] stock_page ESCALATED — consecutive_dead_ticks=20 >= 4; written to /paperclip/instances/default/projects/177bc805-e3c8-4336-84cb-8e1e482d5a17/18221361-973a-493e-9e19-4c43b7a1c6eb/_default/data/buy31716-keep-alive-escalation.json
[2026-06-07T11:50:10Z] keep-alive tick complete
===== keep-alive tick 2026-06-07T11:55:01Z =====
[2026-06-07T11:55:01Z] burst_discovery OK pid=2886112
[2026-06-07T11:55:01Z] brand_sitemap_miner DEAD — restarting (consecutive_dead_ticks=2)
[2026-06-07T11:55:03Z] brand_sitemap_miner restarted pid=3839423
[2026-06-07T11:55:03Z] retailer_sitemap_miner OK pid=3428741
[2026-06-07T11:55:03Z] fast_wc_probe OK pid=3783061
[2026-06-07T11:55:03Z] shopify_index_expansion OK pid=3429052
[2026-06-07T11:55:04Z] crate_deep_page DEAD — restarting (consecutive_dead_ticks=21)
[2026-06-07T11:55:06Z] crate_deep_page restarted pid=unknown
[2026-06-07T11:55:06Z] crate_deep_page ESCALATED — consecutive_dead_ticks=21 >= 4; written to /paperclip/instances/default/projects/177bc805-e3c8-4336-84cb-8e1e482d5a17/18221361-973a-493e-9e19-4c43b7a1c6eb/_default/data/buy31716-keep-alive-escalation.json
[2026-06-07T11:55:06Z] hunt2_page DEAD — restarting (consecutive_dead_ticks=21)
[2026-06-07T11:55:08Z] hunt2_page restarted pid=unknown
[2026-06-07T11:55:08Z] hunt2_page ESCALATED — consecutive_dead_ticks=21 >= 4; written to /paperclip/instances/default/projects/177bc805-e3c8-4336-84cb-8e1e482d5a17/18221361-973a-493e-9e19-4c43b7a1c6eb/_default/data/buy31716-keep-alive-escalation.json
[2026-06-07T11:55:08Z] stock_page DEAD — restarting (consecutive_dead_ticks=21)
[2026-06-07T11:55:10Z] stock_page restarted pid=unknown
[2026-06-07T11:55:10Z] stock_page ESCALATED — consecutive_dead_ticks=21 >= 4; written to /paperclip/instances/default/projects/177bc805-e3c8-4336-84cb-8e1e482d5a17/18221361-973a-493e-9e19-4c43b7a1c6eb/_default/data/buy31716-keep-alive-escalation.json
[2026-06-07T11:55:10Z] keep-alive tick complete
===== keep-alive tick 2026-06-07T12:00:01Z =====
[2026-06-07T12:00:01Z] burst_discovery OK pid=2886112
[2026-06-07T12:00:01Z] brand_sitemap_miner OK pid=3839423
[2026-06-07T12:00:01Z] retailer_sitemap_miner OK pid=3428741
[2026-06-07T12:00:01Z] fast_wc_probe OK pid=3783061
[2026-06-07T12:00:01Z] shopify_index_expansion OK pid=3429052
[2026-06-07T12:00:02Z] crate_deep_page DEAD — restarting (consecutive_dead_ticks=22)
[2026-06-07T12:00:04Z] crate_deep_page restarted pid=unknown
[2026-06-07T12:00:04Z] crate_deep_page ESCALATED — consecutive_dead_ticks=22 >= 4; written to /paperclip/instances/default/projects/177bc805-e3c8-4336-84cb-8e1e482d5a17/18221361-973a-493e-9e19-4c43b7a1c6eb/_default/data/buy31716-keep-alive-escalation.json
[2026-06-07T12:00:04Z] hunt2_page DEAD — restarting (consecutive_dead_ticks=22)
[2026-06-07T12:00:06Z] hunt2_page restarted pid=unknown
[2026-06-07T12:00:06Z] hunt2_page ESCALATED — consecutive_dead_ticks=22 >= 4; written to /paperclip/instances/default/projects/177bc805-e3c8-4336-84cb-8e1e482d5a17/18221361-973a-493e-9e19-4c43b7a1c6eb/_default/data/buy31716-keep-alive-escalation.json
[2026-06-07T12:00:06Z] stock_page DEAD — restarting (consecutive_dead_ticks=22)
[2026-06-07T12:00:08Z] stock_page restarted pid=unknown
[2026-06-07T12:00:08Z] stock_page ESCALATED — consecutive_dead_ticks=22 >= 4; written to /paperclip/instances/default/projects/177bc805-e3c8-4336-84cb-8e1e482d5a17/18221361-973a-493e-9e19-4c43b7a1c6eb/_default/data/buy31716-keep-alive-escalation.json
[2026-06-07T12:00:08Z] keep-alive tick complete
===== keep-alive tick 2026-06-07T12:05:01Z =====
[2026-06-07T12:05:01Z] burst_discovery OK pid=3881881
[2026-06-07T12:05:01Z] brand_sitemap_miner DEAD — restarting (consecutive_dead_ticks=1)
[2026-06-07T12:05:03Z] brand_sitemap_miner restarted pid=3901871
Terminated
[2026-06-07T12:05:03Z] duplicate buy30590-retailer-sitemap-miner\.mjs killed pid=3428741 (kept 3902163)
[2026-06-07T12:05:03Z] retailer_sitemap_miner OK pid=3902163
[2026-06-07T12:05:03Z] fast_wc_probe OK pid=3783061
[2026-06-07T12:05:03Z] shopify_index_expansion OK pid=3429052
[2026-06-07T12:05:04Z] crate_deep_page DEAD — restarting (consecutive_dead_ticks=23)
[2026-06-07T12:05:06Z] crate_deep_page restarted pid=unknown
[2026-06-07T12:05:06Z] crate_deep_page ESCALATED — consecutive_dead_ticks=23 >= 4; written to /paperclip/instances/default/projects/177bc805-e3c8-4336-84cb-8e1e482d5a17/18221361-973a-493e-9e19-4c43b7a1c6eb/_default/data/buy31716-keep-alive-escalation.json
[2026-06-07T12:05:06Z] hunt2_page DEAD — restarting (consecutive_dead_ticks=23)
[2026-06-07T12:05:08Z] hunt2_page restarted pid=unknown
[2026-06-07T12:05:08Z] hunt2_page ESCALATED — consecutive_dead_ticks=23 >= 4; written to /paperclip/instances/default/projects/177bc805-e3c8-4336-84cb-8e1e482d5a17/18221361-973a-493e-9e19-4c43b7a1c6eb/_default/data/buy31716-keep-alive-escalation.json
[2026-06-07T12:05:08Z] stock_page DEAD — restarting (consecutive_dead_ticks=23)
[2026-06-07T12:05:10Z] stock_page restarted pid=unknown
[2026-06-07T12:05:10Z] stock_page ESCALATED — consecutive_dead_ticks=23 >= 4; written to /paperclip/instances/default/projects/177bc805-e3c8-4336-84cb-8e1e482d5a17/18221361-973a-493e-9e19-4c43b7a1c6eb/_default/data/buy31716-keep-alive-escalation.json
[2026-06-07T12:05:10Z] keep-alive tick complete
===== keep-alive tick 2026-06-07T12:10:01Z =====
[2026-06-07T12:10:01Z] burst_discovery OK pid=3881881
[2026-06-07T12:10:01Z] brand_sitemap_miner DEAD — restarting (consecutive_dead_ticks=2)
[2026-06-07T12:10:03Z] brand_sitemap_miner restarted pid=3927199
[2026-06-07T12:10:03Z] retailer_sitemap_miner DEAD — restarting (consecutive_dead_ticks=1)
[2026-06-07T12:10:05Z] retailer_sitemap_miner restarted pid=3927415
[2026-06-07T12:10:05Z] fast_wc_probe OK pid=3783061
[2026-06-07T12:10:05Z] shopify_index_expansion OK pid=3429052
[2026-06-07T12:10:06Z] crate_deep_page DEAD — restarting (consecutive_dead_ticks=24)
[2026-06-07T12:10:08Z] crate_deep_page restarted pid=unknown
[2026-06-07T12:10:08Z] crate_deep_page ESCALATED — consecutive_dead_ticks=24 >= 4; written to /paperclip/instances/default/projects/177bc805-e3c8-4336-84cb-8e1e482d5a17/18221361-973a-493e-9e19-4c43b7a1c6eb/_default/data/buy31716-keep-alive-escalation.json
[2026-06-07T12:10:08Z] hunt2_page DEAD — restarting (consecutive_dead_ticks=24)
[2026-06-07T12:10:10Z] hunt2_page restarted pid=unknown
[2026-06-07T12:10:10Z] hunt2_page ESCALATED — consecutive_dead_ticks=24 >= 4; written to /paperclip/instances/default/projects/177bc805-e3c8-4336-84cb-8e1e482d5a17/18221361-973a-493e-9e19-4c43b7a1c6eb/_default/data/buy31716-keep-alive-escalation.json
[2026-06-07T12:10:10Z] stock_page DEAD — restarting (consecutive_dead_ticks=24)
[2026-06-07T12:10:12Z] stock_page restarted pid=unknown
[2026-06-07T12:10:12Z] stock_page ESCALATED — consecutive_dead_ticks=24 >= 4; written to /paperclip/instances/default/projects/177bc805-e3c8-4336-84cb-8e1e482d5a17/18221361-973a-493e-9e19-4c43b7a1c6eb/_default/data/buy31716-keep-alive-escalation.json
[2026-06-07T12:10:12Z] keep-alive tick complete
===== keep-alive tick 2026-06-07T12:15:01Z =====
[2026-06-07T12:15:01Z] burst_discovery OK pid=3881881
[2026-06-07T12:15:01Z] brand_sitemap_miner OK pid=3927199
[2026-06-07T12:15:01Z] retailer_sitemap_miner OK pid=3927415
[2026-06-07T12:15:01Z] fast_wc_probe OK pid=3783061
[2026-06-07T12:15:01Z] shopify_index_expansion OK pid=3429052
[2026-06-07T12:15:01Z] crate_deep_page DEAD — restarting (consecutive_dead_ticks=25)
[2026-06-07T12:15:03Z] crate_deep_page restarted pid=unknown
[2026-06-07T12:15:04Z] crate_deep_page ESCALATED — consecutive_dead_ticks=25 >= 4; written to /paperclip/instances/default/projects/177bc805-e3c8-4336-84cb-8e1e482d5a17/18221361-973a-493e-9e19-4c43b7a1c6eb/_default/data/buy31716-keep-alive-escalation.json
[2026-06-07T12:15:04Z] hunt2_page DEAD — restarting (consecutive_dead_ticks=25)
[2026-06-07T12:15:06Z] hunt2_page restarted pid=unknown
[2026-06-07T12:15:06Z] hunt2_page ESCALATED — consecutive_dead_ticks=25 >= 4; written to /paperclip/instances/default/projects/177bc805-e3c8-4336-84cb-8e1e482d5a17/18221361-973a-493e-9e19-4c43b7a1c6eb/_default/data/buy31716-keep-alive-escalation.json
[2026-06-07T12:15:06Z] stock_page DEAD — restarting (consecutive_dead_ticks=25)
[2026-06-07T12:15:08Z] stock_page restarted pid=unknown
[2026-06-07T12:15:08Z] stock_page ESCALATED — consecutive_dead_ticks=25 >= 4; written to /paperclip/instances/default/projects/177bc805-e3c8-4336-84cb-8e1e482d5a17/18221361-973a-493e-9e19-4c43b7a1c6eb/_default/data/buy31716-keep-alive-escalation.json
[2026-06-07T12:15:08Z] keep-alive tick complete
===== keep-alive tick 2026-06-07T12:20:01Z =====
[2026-06-07T12:20:01Z] burst_discovery OK pid=3881881
[2026-06-07T12:20:01Z] brand_sitemap_miner OK pid=3927199
[2026-06-07T12:20:01Z] retailer_sitemap_miner OK pid=3927415
[2026-06-07T12:20:01Z] fast_wc_probe OK pid=3783061
[2026-06-07T12:20:01Z] shopify_index_expansion OK pid=3429052
[2026-06-07T12:20:01Z] crate_deep_page DEAD — restarting (consecutive_dead_ticks=26)
[2026-06-07T12:20:03Z] crate_deep_page restarted pid=unknown
[2026-06-07T12:20:04Z] crate_deep_page ESCALATED — consecutive_dead_ticks=26 >= 4; written to /paperclip/instances/default/projects/177bc805-e3c8-4336-84cb-8e1e482d5a17/18221361-973a-493e-9e19-4c43b7a1c6eb/_default/data/buy31716-keep-alive-escalation.json
[2026-06-07T12:20:04Z] hunt2_page DEAD — restarting (consecutive_dead_ticks=26)
[2026-06-07T12:20:06Z] hunt2_page restarted pid=unknown
[2026-06-07T12:20:06Z] hunt2_page ESCALATED — consecutive_dead_ticks=26 >= 4; written to /paperclip/instances/default/projects/177bc805-e3c8-4336-84cb-8e1e482d5a17/18221361-973a-493e-9e19-4c43b7a1c6eb/_default/data/buy31716-keep-alive-escalation.json
[2026-06-07T12:20:06Z] stock_page DEAD — restarting (consecutive_dead_ticks=26)
[2026-06-07T12:20:08Z] stock_page restarted pid=unknown
[2026-06-07T12:20:08Z] stock_page ESCALATED — consecutive_dead_ticks=26 >= 4; written to /paperclip/instances/default/projects/177bc805-e3c8-4336-84cb-8e1e482d5a17/18221361-973a-493e-9e19-4c43b7a1c6eb/_default/data/buy31716-keep-alive-escalation.json
[2026-06-07T12:20:08Z] keep-alive tick complete
===== keep-alive tick 2026-06-07T12:25:01Z =====
[2026-06-07T12:25:01Z] burst_discovery OK pid=3881881
[2026-06-07T12:25:01Z] brand_sitemap_miner DEAD — restarting (consecutive_dead_ticks=1)
[2026-06-07T12:25:03Z] brand_sitemap_miner restarted pid=4003918
[2026-06-07T12:25:03Z] retailer_sitemap_miner OK pid=3927415
[2026-06-07T12:25:03Z] fast_wc_probe DEAD — restarting (consecutive_dead_ticks=1)
[2026-06-07T12:25:05Z] fast_wc_probe restarted pid=4004161
[2026-06-07T12:25:05Z] shopify_index_expansion OK pid=3429052
[2026-06-07T12:25:05Z] crate_deep_page DEAD — restarting (consecutive_dead_ticks=27)
[2026-06-07T12:25:08Z] crate_deep_page restarted pid=unknown
[2026-06-07T12:25:08Z] crate_deep_page ESCALATED — consecutive_dead_ticks=27 >= 4; written to /paperclip/instances/default/projects/177bc805-e3c8-4336-84cb-8e1e482d5a17/18221361-973a-493e-9e19-4c43b7a1c6eb/_default/data/buy31716-keep-alive-escalation.json
[2026-06-07T12:25:08Z] hunt2_page DEAD — restarting (consecutive_dead_ticks=27)
[2026-06-07T12:25:10Z] hunt2_page restarted pid=unknown
[2026-06-07T12:25:10Z] hunt2_page ESCALATED — consecutive_dead_ticks=27 >= 4; written to /paperclip/instances/default/projects/177bc805-e3c8-4336-84cb-8e1e482d5a17/18221361-973a-493e-9e19-4c43b7a1c6eb/_default/data/buy31716-keep-alive-escalation.json
[2026-06-07T12:25:10Z] stock_page DEAD — restarting (consecutive_dead_ticks=27)
[2026-06-07T12:25:12Z] stock_page restarted pid=unknown
[2026-06-07T12:25:12Z] stock_page ESCALATED — consecutive_dead_ticks=27 >= 4; written to /paperclip/instances/default/projects/177bc805-e3c8-4336-84cb-8e1e482d5a17/18221361-973a-493e-9e19-4c43b7a1c6eb/_default/data/buy31716-keep-alive-escalation.json
[2026-06-07T12:25:12Z] keep-alive tick complete
===== keep-alive tick 2026-06-07T12:30:01Z =====
[2026-06-07T12:30:01Z] burst_discovery OK pid=3881881
[2026-06-07T12:30:01Z] brand_sitemap_miner OK pid=4003918
[2026-06-07T12:30:01Z] retailer_sitemap_miner OK pid=3927415
[2026-06-07T12:30:01Z] fast_wc_probe OK pid=4004161
[2026-06-07T12:30:02Z] shopify_index_expansion OK pid=3429052
[2026-06-07T12:30:02Z] crate_deep_page DEAD — restarting (consecutive_dead_ticks=28)
[2026-06-07T12:30:04Z] crate_deep_page restarted pid=unknown
[2026-06-07T12:30:04Z] crate_deep_page ESCALATED — consecutive_dead_ticks=28 >= 4; written to /paperclip/instances/default/projects/177bc805-e3c8-4336-84cb-8e1e482d5a17/18221361-973a-493e-9e19-4c43b7a1c6eb/_default/data/buy31716-keep-alive-escalation.json
[2026-06-07T12:30:04Z] hunt2_page DEAD — restarting (consecutive_dead_ticks=28)
[2026-06-07T12:30:06Z] hunt2_page restarted pid=unknown
[2026-06-07T12:30:06Z] hunt2_page ESCALATED — consecutive_dead_ticks=28 >= 4; written to /paperclip/instances/default/projects/177bc805-e3c8-4336-84cb-8e1e482d5a17/18221361-973a-493e-9e19-4c43b7a1c6eb/_default/data/buy31716-keep-alive-escalation.json
[2026-06-07T12:30:06Z] stock_page DEAD — restarting (consecutive_dead_ticks=28)
[2026-06-07T12:30:08Z] stock_page restarted pid=unknown
[2026-06-07T12:30:08Z] stock_page ESCALATED — consecutive_dead_ticks=28 >= 4; written to /paperclip/instances/default/projects/177bc805-e3c8-4336-84cb-8e1e482d5a17/18221361-973a-493e-9e19-4c43b7a1c6eb/_default/data/buy31716-keep-alive-escalation.json
[2026-06-07T12:30:08Z] keep-alive tick complete
===== keep-alive tick 2026-06-07T12:35:01Z =====
[2026-06-07T12:35:01Z] burst_discovery OK pid=3881881
[2026-06-07T12:35:01Z] brand_sitemap_miner OK pid=4003918
[2026-06-07T12:35:01Z] retailer_sitemap_miner OK pid=3927415
[2026-06-07T12:35:01Z] fast_wc_probe OK pid=4004161
[2026-06-07T12:35:01Z] shopify_index_expansion OK pid=3429052
[2026-06-07T12:35:02Z] crate_deep_page DEAD — restarting (consecutive_dead_ticks=29)
[2026-06-07T12:35:04Z] crate_deep_page restarted pid=unknown
[2026-06-07T12:35:04Z] crate_deep_page ESCALATED — consecutive_dead_ticks=29 >= 4; written to /paperclip/instances/default/projects/177bc805-e3c8-4336-84cb-8e1e482d5a17/18221361-973a-493e-9e19-4c43b7a1c6eb/_default/data/buy31716-keep-alive-escalation.json
[2026-06-07T12:35:04Z] hunt2_page DEAD — restarting (consecutive_dead_ticks=29)
[2026-06-07T12:35:06Z] hunt2_page restarted pid=unknown
[2026-06-07T12:35:06Z] hunt2_page ESCALATED — consecutive_dead_ticks=29 >= 4; written to /paperclip/instances/default/projects/177bc805-e3c8-4336-84cb-8e1e482d5a17/18221361-973a-493e-9e19-4c43b7a1c6eb/_default/data/buy31716-keep-alive-escalation.json
[2026-06-07T12:35:06Z] stock_page DEAD — restarting (consecutive_dead_ticks=29)
[2026-06-07T12:35:08Z] stock_page restarted pid=unknown
[2026-06-07T12:35:08Z] stock_page ESCALATED — consecutive_dead_ticks=29 >= 4; written to /paperclip/instances/default/projects/177bc805-e3c8-4336-84cb-8e1e482d5a17/18221361-973a-493e-9e19-4c43b7a1c6eb/_default/data/buy31716-keep-alive-escalation.json
[2026-06-07T12:35:08Z] keep-alive tick complete
===== keep-alive tick 2026-06-07T12:40:01Z =====
[2026-06-07T12:40:01Z] burst_discovery OK pid=3881881
[2026-06-07T12:40:01Z] brand_sitemap_miner DEAD — restarting (consecutive_dead_ticks=1)
[2026-06-07T12:40:04Z] brand_sitemap_miner restarted pid=4086640
[2026-06-07T12:40:04Z] retailer_sitemap_miner OK pid=3927415
[2026-06-07T12:40:04Z] fast_wc_probe OK pid=4004161
[2026-06-07T12:40:04Z] shopify_index_expansion OK pid=3429052
[2026-06-07T12:40:04Z] crate_deep_page DEAD — restarting (consecutive_dead_ticks=30)
[2026-06-07T12:40:06Z] crate_deep_page restarted pid=unknown
[2026-06-07T12:40:07Z] crate_deep_page ESCALATED — consecutive_dead_ticks=30 >= 4; written to /paperclip/instances/default/projects/177bc805-e3c8-4336-84cb-8e1e482d5a17/18221361-973a-493e-9e19-4c43b7a1c6eb/_default/data/buy31716-keep-alive-escalation.json
[2026-06-07T12:40:07Z] hunt2_page DEAD — restarting (consecutive_dead_ticks=30)
[2026-06-07T12:40:09Z] hunt2_page restarted pid=unknown
[2026-06-07T12:40:09Z] hunt2_page ESCALATED — consecutive_dead_ticks=30 >= 4; written to /paperclip/instances/default/projects/177bc805-e3c8-4336-84cb-8e1e482d5a17/18221361-973a-493e-9e19-4c43b7a1c6eb/_default/data/buy31716-keep-alive-escalation.json
[2026-06-07T12:40:09Z] stock_page DEAD — restarting (consecutive_dead_ticks=30)
[2026-06-07T12:40:11Z] stock_page restarted pid=unknown
[2026-06-07T12:40:11Z] stock_page ESCALATED — consecutive_dead_ticks=30 >= 4; written to /paperclip/instances/default/projects/177bc805-e3c8-4336-84cb-8e1e482d5a17/18221361-973a-493e-9e19-4c43b7a1c6eb/_default/data/buy31716-keep-alive-escalation.json
[2026-06-07T12:40:11Z] keep-alive tick complete
===== keep-alive tick 2026-06-07T12:45:01Z =====
[2026-06-07T12:45:01Z] burst_discovery OK pid=3881881
[2026-06-07T12:45:02Z] brand_sitemap_miner OK pid=4086640
Terminated
[2026-06-07T12:45:02Z] duplicate buy30590-retailer-sitemap-miner\.mjs killed pid=3927415 (kept 4107071)
[2026-06-07T12:45:02Z] retailer_sitemap_miner OK pid=4107071
[2026-06-07T12:45:02Z] fast_wc_probe OK pid=4004161
[2026-06-07T12:45:02Z] shopify_index_expansion OK pid=3429052
[2026-06-07T12:45:02Z] crate_deep_page DEAD — restarting (consecutive_dead_ticks=31)
[2026-06-07T12:45:04Z] crate_deep_page restarted pid=unknown
[2026-06-07T12:45:04Z] crate_deep_page ESCALATED — consecutive_dead_ticks=31 >= 4; written to /paperclip/instances/default/projects/177bc805-e3c8-4336-84cb-8e1e482d5a17/18221361-973a-493e-9e19-4c43b7a1c6eb/_default/data/buy31716-keep-alive-escalation.json
[2026-06-07T12:45:04Z] hunt2_page DEAD — restarting (consecutive_dead_ticks=31)
[2026-06-07T12:45:06Z] hunt2_page restarted pid=unknown
[2026-06-07T12:45:06Z] hunt2_page ESCALATED — consecutive_dead_ticks=31 >= 4; written to /paperclip/instances/default/projects/177bc805-e3c8-4336-84cb-8e1e482d5a17/18221361-973a-493e-9e19-4c43b7a1c6eb/_default/data/buy31716-keep-alive-escalation.json
[2026-06-07T12:45:06Z] stock_page DEAD — restarting (consecutive_dead_ticks=31)
[2026-06-07T12:45:09Z] stock_page restarted pid=unknown
[2026-06-07T12:45:09Z] stock_page ESCALATED — consecutive_dead_ticks=31 >= 4; written to /paperclip/instances/default/projects/177bc805-e3c8-4336-84cb-8e1e482d5a17/18221361-973a-493e-9e19-4c43b7a1c6eb/_default/data/buy31716-keep-alive-escalation.json
[2026-06-07T12:45:09Z] keep-alive tick complete
===== keep-alive tick 2026-06-07T12:50:01Z =====
[2026-06-07T12:50:01Z] burst_discovery OK pid=3881881
[2026-06-07T12:50:01Z] brand_sitemap_miner DEAD — restarting (consecutive_dead_ticks=1)
[2026-06-07T12:50:03Z] brand_sitemap_miner restarted pid=4128768
[2026-06-07T12:50:03Z] retailer_sitemap_miner DEAD — restarting (consecutive_dead_ticks=1)
[2026-06-07T12:50:06Z] retailer_sitemap_miner restarted pid=4129036
[2026-06-07T12:50:06Z] fast_wc_probe OK pid=4004161
[2026-06-07T12:50:06Z] shopify_index_expansion OK pid=3429052
[2026-06-07T12:50:06Z] crate_deep_page DEAD — restarting (consecutive_dead_ticks=32)
[2026-06-07T12:50:08Z] crate_deep_page restarted pid=unknown
[2026-06-07T12:50:08Z] crate_deep_page ESCALATED — consecutive_dead_ticks=32 >= 4; written to /paperclip/instances/default/projects/177bc805-e3c8-4336-84cb-8e1e482d5a17/18221361-973a-493e-9e19-4c43b7a1c6eb/_default/data/buy31716-keep-alive-escalation.json
[2026-06-07T12:50:08Z] hunt2_page DEAD — restarting (consecutive_dead_ticks=32)
[2026-06-07T12:50:10Z] hunt2_page restarted pid=unknown
[2026-06-07T12:50:10Z] hunt2_page ESCALATED — consecutive_dead_ticks=32 >= 4; written to /paperclip/instances/default/projects/177bc805-e3c8-4336-84cb-8e1e482d5a17/18221361-973a-493e-9e19-4c43b7a1c6eb/_default/data/buy31716-keep-alive-escalation.json
[2026-06-07T12:50:10Z] stock_page DEAD — restarting (consecutive_dead_ticks=32)
[2026-06-07T12:50:12Z] stock_page restarted pid=unknown
[2026-06-07T12:50:12Z] stock_page ESCALATED — consecutive_dead_ticks=32 >= 4; written to /paperclip/instances/default/projects/177bc805-e3c8-4336-84cb-8e1e482d5a17/18221361-973a-493e-9e19-4c43b7a1c6eb/_default/data/buy31716-keep-alive-escalation.json
[2026-06-07T12:50:12Z] keep-alive tick complete
===== keep-alive tick 2026-06-07T12:55:01Z =====
[2026-06-07T12:55:01Z] burst_discovery OK pid=3881881
[2026-06-07T12:55:01Z] brand_sitemap_miner DEAD — restarting (consecutive_dead_ticks=2)
[2026-06-07T12:55:03Z] brand_sitemap_miner restarted pid=4151742
[2026-06-07T12:55:03Z] retailer_sitemap_miner OK pid=4129036
[2026-06-07T12:55:04Z] fast_wc_probe OK pid=4004161
[2026-06-07T12:55:04Z] shopify_index_expansion OK pid=3429052
[2026-06-07T12:55:04Z] crate_deep_page OK pid=3416260
[2026-06-07T12:55:04Z] hunt2_page OK pid=3416340
[2026-06-07T12:55:04Z] stock_page OK pid=3416442
[2026-06-07T12:55:04Z] keep-alive tick complete
===== keep-alive tick 2026-06-07T12:55:08Z =====
[2026-06-07T12:55:08Z] burst_discovery OK pid=3881881
[2026-06-07T12:55:08Z] brand_sitemap_miner OK pid=4151742
[2026-06-07T12:55:08Z] retailer_sitemap_miner OK pid=4129036
[2026-06-07T12:55:08Z] fast_wc_probe OK pid=4004161
[2026-06-07T12:55:08Z] shopify_index_expansion OK pid=3429052
[2026-06-07T12:55:08Z] crate_deep_page OK pid=3416260
[2026-06-07T12:55:08Z] hunt2_page OK pid=3416340
[2026-06-07T12:55:08Z] stock_page OK pid=3416442
[2026-06-07T12:55:08Z] keep-alive tick complete
===== keep-alive tick 2026-06-07T13:00:01Z =====
[2026-06-07T13:00:01Z] burst_discovery OK pid=3881881
[2026-06-07T13:00:01Z] brand_sitemap_miner OK pid=4151742
[2026-06-07T13:00:01Z] retailer_sitemap_miner OK pid=4129036
[2026-06-07T13:00:01Z] fast_wc_probe OK pid=4004161
[2026-06-07T13:00:02Z] shopify_index_expansion OK pid=3429052
[2026-06-07T13:00:02Z] crate_deep_page OK pid=3416260
[2026-06-07T13:00:02Z] hunt2_page OK pid=3416340
[2026-06-07T13:00:02Z] stock_page OK pid=3416442
[2026-06-07T13:00:02Z] keep-alive tick complete
===== keep-alive tick 2026-06-07T13:05:01Z =====
[2026-06-07T13:05:01Z] burst_discovery OK pid=3881881
[2026-06-07T13:05:01Z] brand_sitemap_miner DEAD — restarting (consecutive_dead_ticks=1)
[2026-06-07T13:05:03Z] brand_sitemap_miner restarted pid=4194301
[2026-06-07T13:05:03Z] retailer_sitemap_miner OK pid=4129036
[2026-06-07T13:05:03Z] fast_wc_probe OK pid=4004161
[2026-06-07T13:05:04Z] shopify_index_expansion OK pid=3429052
[2026-06-07T13:05:04Z] crate_deep_page OK pid=3416260
[2026-06-07T13:05:04Z] hunt2_page OK pid=3416340
[2026-06-07T13:05:04Z] stock_page OK pid=3416442
[2026-06-07T13:05:04Z] keep-alive tick complete
===== keep-alive tick 2026-06-07T13:10:01Z =====
[2026-06-07T13:10:01Z] burst_discovery OK pid=3881881
[2026-06-07T13:10:01Z] brand_sitemap_miner DEAD — restarting (consecutive_dead_ticks=2)
[2026-06-07T13:10:03Z] brand_sitemap_miner restarted pid=29761
[2026-06-07T13:10:04Z] retailer_sitemap_miner OK pid=4129036
[2026-06-07T13:10:04Z] fast_wc_probe DEAD — restarting (consecutive_dead_ticks=1)
[2026-06-07T13:10:06Z] fast_wc_probe restarted pid=30133
[2026-06-07T13:10:06Z] shopify_index_expansion OK pid=3429052
[2026-06-07T13:10:06Z] crate_deep_page OK pid=3416260
[2026-06-07T13:10:06Z] hunt2_page OK pid=3416340
[2026-06-07T13:10:06Z] stock_page OK pid=3416442
[2026-06-07T13:10:06Z] keep-alive tick complete
===== keep-alive tick 2026-06-07T13:15:01Z =====
[2026-06-07T13:15:01Z] burst_discovery OK pid=3881881
[2026-06-07T13:15:01Z] brand_sitemap_miner DEAD — restarting (consecutive_dead_ticks=3)
[2026-06-07T13:15:04Z] brand_sitemap_miner restarted pid=108702
[2026-06-07T13:15:04Z] retailer_sitemap_miner OK pid=4129036
[2026-06-07T13:15:04Z] fast_wc_probe OK pid=30133
Terminated
[2026-06-07T13:15:04Z] duplicate cc-shopify-index-expansion\.mjs killed pid=3429052 (kept 103860)
[2026-06-07T13:15:04Z] shopify_index_expansion OK pid=103860
[2026-06-07T13:15:04Z] crate_deep_page OK pid=3416260
[2026-06-07T13:15:04Z] hunt2_page OK pid=3416340
[2026-06-07T13:15:04Z] stock_page OK pid=3416442
[2026-06-07T13:15:04Z] keep-alive tick complete
===== keep-alive tick 2026-06-07T13:20:01Z =====
[2026-06-07T13:20:01Z] burst_discovery DEAD — restarting (consecutive_dead_ticks=1)
[2026-06-07T13:20:03Z] burst_discovery restarted pid=138557
[2026-06-07T13:20:03Z] brand_sitemap_miner OK pid=108702
[2026-06-07T13:20:03Z] retailer_sitemap_miner OK pid=4129036
[2026-06-07T13:20:03Z] fast_wc_probe OK pid=30133
[2026-06-07T13:20:04Z] shopify_index_expansion DEAD — restarting (consecutive_dead_ticks=1)
[2026-06-07T13:20:06Z] shopify_index_expansion restarted pid=139057
[2026-06-07T13:20:06Z] crate_deep_page OK pid=3416260
[2026-06-07T13:20:06Z] hunt2_page OK pid=3416340
[2026-06-07T13:20:06Z] stock_page OK pid=3416442
[2026-06-07T13:20:06Z] keep-alive tick complete
===== keep-alive tick 2026-06-07T13:25:01Z =====
[2026-06-07T13:25:01Z] burst_discovery OK pid=138557
[2026-06-07T13:25:01Z] brand_sitemap_miner DEAD — restarting (consecutive_dead_ticks=1)
[2026-06-07T13:25:03Z] brand_sitemap_miner restarted pid=168744
[2026-06-07T13:25:03Z] retailer_sitemap_miner OK pid=4129036
[2026-06-07T13:25:03Z] fast_wc_probe OK pid=30133
[2026-06-07T13:25:04Z] shopify_index_expansion OK pid=139057
[2026-06-07T13:25:04Z] crate_deep_page OK pid=3416260
[2026-06-07T13:25:04Z] hunt2_page OK pid=3416340
[2026-06-07T13:25:04Z] stock_page OK pid=3416442
[2026-06-07T13:25:04Z] keep-alive tick complete
===== keep-alive tick 2026-06-07T13:30:01Z =====
[2026-06-07T13:30:01Z] burst_discovery OK pid=138557
[2026-06-07T13:30:01Z] brand_sitemap_miner DEAD — restarting (consecutive_dead_ticks=2)
[2026-06-07T13:30:03Z] brand_sitemap_miner restarted pid=199498
Terminated
[2026-06-07T13:30:04Z] duplicate buy30590-retailer-sitemap-miner\.mjs killed pid=4129036 (kept 198019)
[2026-06-07T13:30:04Z] retailer_sitemap_miner OK pid=198019
[2026-06-07T13:30:04Z] fast_wc_probe OK pid=30133
Terminated
[2026-06-07T13:30:04Z] duplicate cc-shopify-index-expansion\.mjs killed pid=139057 (kept 198648)
[2026-06-07T13:30:04Z] shopify_index_expansion OK pid=198648
[2026-06-07T13:30:04Z] crate_deep_page OK pid=3416260
[2026-06-07T13:30:04Z] hunt2_page OK pid=3416340
[2026-06-07T13:30:04Z] stock_page OK pid=3416442
[2026-06-07T13:30:04Z] keep-alive tick complete
===== keep-alive tick 2026-06-07T13:35:01Z =====
[2026-06-07T13:35:01Z] burst_discovery OK pid=138557
[2026-06-07T13:35:01Z] brand_sitemap_miner DEAD — restarting (consecutive_dead_ticks=3)
[2026-06-07T13:35:04Z] brand_sitemap_miner restarted pid=223506
[2026-06-07T13:35:04Z] retailer_sitemap_miner DEAD — restarting (consecutive_dead_ticks=1)
[2026-06-07T13:35:06Z] retailer_sitemap_miner restarted pid=223786
[2026-06-07T13:35:06Z] fast_wc_probe OK pid=30133
[2026-06-07T13:35:06Z] shopify_index_expansion DEAD — restarting (consecutive_dead_ticks=1)
[2026-06-07T13:35:08Z] shopify_index_expansion restarted pid=224012
[2026-06-07T13:35:08Z] crate_deep_page OK pid=3416260
[2026-06-07T13:35:08Z] hunt2_page OK pid=3416340
[2026-06-07T13:35:08Z] stock_page OK pid=3416442
[2026-06-07T13:35:08Z] keep-alive tick complete
===== keep-alive tick 2026-06-07T13:40:01Z =====
[2026-06-07T13:40:01Z] burst_discovery OK pid=138557
[2026-06-07T13:40:01Z] brand_sitemap_miner DEAD — restarting (consecutive_dead_ticks=4)
[2026-06-07T13:40:04Z] brand_sitemap_miner restarted pid=240133
[2026-06-07T13:40:04Z] brand_sitemap_miner ESCALATED — consecutive_dead_ticks=4 >= 4; written to /paperclip/instances/default/projects/177bc805-e3c8-4336-84cb-8e1e482d5a17/18221361-973a-493e-9e19-4c43b7a1c6eb/_default/data/buy31716-keep-alive-escalation.json
[2026-06-07T13:40:04Z] retailer_sitemap_miner OK pid=223786
[2026-06-07T13:40:04Z] fast_wc_probe OK pid=30133
Terminated
[2026-06-07T13:40:04Z] duplicate cc-shopify-index-expansion\.mjs killed pid=224012 (kept 237398)
[2026-06-07T13:40:04Z] shopify_index_expansion OK pid=237398
[2026-06-07T13:40:04Z] crate_deep_page OK pid=3416260
[2026-06-07T13:40:04Z] hunt2_page OK pid=3416340
[2026-06-07T13:40:04Z] stock_page OK pid=3416442
[2026-06-07T13:40:04Z] keep-alive tick complete
===== keep-alive tick 2026-06-07T13:45:01Z =====
[2026-06-07T13:45:01Z] burst_discovery OK pid=138557
[2026-06-07T13:45:01Z] brand_sitemap_miner DEAD — restarting (consecutive_dead_ticks=5)
[2026-06-07T13:45:03Z] brand_sitemap_miner restarted pid=255202
[2026-06-07T13:45:03Z] brand_sitemap_miner ESCALATED — consecutive_dead_ticks=5 >= 4; written to /paperclip/instances/default/projects/177bc805-e3c8-4336-84cb-8e1e482d5a17/18221361-973a-493e-9e19-4c43b7a1c6eb/_default/data/buy31716-keep-alive-escalation.json
[2026-06-07T13:45:04Z] retailer_sitemap_miner OK pid=223786
[2026-06-07T13:45:04Z] fast_wc_probe OK pid=30133
[2026-06-07T13:45:04Z] shopify_index_expansion DEAD — restarting (consecutive_dead_ticks=1)
[2026-06-07T13:45:06Z] shopify_index_expansion restarted pid=255485
[2026-06-07T13:45:06Z] crate_deep_page OK pid=3416260
[2026-06-07T13:45:06Z] hunt2_page OK pid=3416340
[2026-06-07T13:45:06Z] stock_page OK pid=3416442
[2026-06-07T13:45:06Z] keep-alive tick complete
===== keep-alive tick 2026-06-07T13:50:01Z =====
[2026-06-07T13:50:01Z] burst_discovery OK pid=138557
[2026-06-07T13:50:01Z] brand_sitemap_miner DEAD — restarting (consecutive_dead_ticks=6)
[2026-06-07T13:50:03Z] brand_sitemap_miner restarted pid=272272
[2026-06-07T13:50:03Z] brand_sitemap_miner ESCALATED — consecutive_dead_ticks=6 >= 4; written to /paperclip/instances/default/projects/177bc805-e3c8-4336-84cb-8e1e482d5a17/18221361-973a-493e-9e19-4c43b7a1c6eb/_default/data/buy31716-keep-alive-escalation.json
[2026-06-07T13:50:04Z] retailer_sitemap_miner OK pid=223786
[2026-06-07T13:50:04Z] fast_wc_probe OK pid=30133
[2026-06-07T13:50:04Z] shopify_index_expansion OK pid=255485
[2026-06-07T13:50:04Z] crate_deep_page OK pid=3416260
[2026-06-07T13:50:04Z] hunt2_page OK pid=3416340
[2026-06-07T13:50:04Z] stock_page OK pid=3416442
[2026-06-07T13:50:04Z] keep-alive tick complete
Terminated
===== keep-alive tick 2026-06-07T13:55:01Z =====
[2026-06-07T13:55:01Z] burst_discovery OK pid=281110
[2026-06-07T13:55:02Z] brand_sitemap_miner DEAD — restarting (consecutive_dead_ticks=7)
[2026-06-07T13:55:04Z] brand_sitemap_miner restarted pid=291846
[2026-06-07T13:55:04Z] brand_sitemap_miner ESCALATED — consecutive_dead_ticks=7 >= 4; written to /paperclip/instances/default/projects/177bc805-e3c8-4336-84cb-8e1e482d5a17/18221361-973a-493e-9e19-4c43b7a1c6eb/_default/data/buy31716-keep-alive-escalation.json
Terminated
[2026-06-07T13:55:04Z] duplicate buy30590-retailer-sitemap-miner\.mjs killed pid=223786 (kept 291026)
[2026-06-07T13:55:04Z] retailer_sitemap_miner OK pid=291026
[2026-06-07T13:55:04Z] fast_wc_probe DEAD — restarting (consecutive_dead_ticks=1)
[2026-06-07T13:55:06Z] fast_wc_probe restarted pid=292156
[2026-06-07T13:55:06Z] shopify_index_expansion OK pid=255485
[2026-06-07T13:55:06Z] crate_deep_page OK pid=3416260
[2026-06-07T13:55:06Z] hunt2_page OK pid=3416340
[2026-06-07T13:55:06Z] stock_page OK pid=3416442
[2026-06-07T13:55:06Z] keep-alive tick complete
===== keep-alive tick 2026-06-07T14:00:01Z =====
[2026-06-07T14:00:01Z] burst_discovery DEAD — restarting (consecutive_dead_ticks=1)
[2026-06-07T14:00:03Z] burst_discovery restarted pid=308699
[2026-06-07T14:00:03Z] brand_sitemap_miner DEAD — restarting (consecutive_dead_ticks=8)
[2026-06-07T14:00:05Z] brand_sitemap_miner restarted pid=309076
[2026-06-07T14:00:06Z] brand_sitemap_miner ESCALATED — consecutive_dead_ticks=8 >= 4; written to /paperclip/instances/default/projects/177bc805-e3c8-4336-84cb-8e1e482d5a17/18221361-973a-493e-9e19-4c43b7a1c6eb/_default/data/buy31716-keep-alive-escalation.json
[2026-06-07T14:00:06Z] retailer_sitemap_miner DEAD — restarting (consecutive_dead_ticks=1)
[2026-06-07T14:00:08Z] retailer_sitemap_miner restarted pid=309275
[2026-06-07T14:00:08Z] fast_wc_probe OK pid=292156
[2026-06-07T14:00:08Z] shopify_index_expansion OK pid=255485
[2026-06-07T14:00:08Z] crate_deep_page OK pid=3416260
[2026-06-07T14:00:08Z] hunt2_page OK pid=3416340
[2026-06-07T14:00:08Z] stock_page OK pid=3416442
[2026-06-07T14:00:08Z] keep-alive tick complete
===== keep-alive tick 2026-06-07T14:05:01Z =====
[2026-06-07T14:05:01Z] burst_discovery OK pid=321253
[2026-06-07T14:05:01Z] brand_sitemap_miner DEAD — restarting (consecutive_dead_ticks=9)
[2026-06-07T14:05:03Z] brand_sitemap_miner restarted pid=324615
[2026-06-07T14:05:03Z] brand_sitemap_miner ESCALATED — consecutive_dead_ticks=9 >= 4; written to /paperclip/instances/default/projects/177bc805-e3c8-4336-84cb-8e1e482d5a17/18221361-973a-493e-9e19-4c43b7a1c6eb/_default/data/buy31716-keep-alive-escalation.json
[2026-06-07T14:05:03Z] retailer_sitemap_miner OK pid=309275
[2026-06-07T14:05:03Z] fast_wc_probe OK pid=292156
[2026-06-07T14:05:03Z] shopify_index_expansion OK pid=255485
[2026-06-07T14:05:03Z] crate_deep_page OK pid=3416260
[2026-06-07T14:05:04Z] hunt2_page OK pid=3416340
[2026-06-07T14:05:04Z] stock_page OK pid=3416442
[2026-06-07T14:05:04Z] keep-alive tick complete
===== keep-alive tick 2026-06-07T14:10:01Z =====
[2026-06-07T14:10:01Z] burst_discovery OK pid=340278
[2026-06-07T14:10:02Z] brand_sitemap_miner DEAD — restarting (consecutive_dead_ticks=10)
[2026-06-07T14:10:04Z] brand_sitemap_miner restarted pid=341015
[2026-06-07T14:10:04Z] brand_sitemap_miner ESCALATED — consecutive_dead_ticks=10 >= 4; written to /paperclip/instances/default/projects/177bc805-e3c8-4336-84cb-8e1e482d5a17/18221361-973a-493e-9e19-4c43b7a1c6eb/_default/data/buy31716-keep-alive-escalation.json
[2026-06-07T14:10:04Z] retailer_sitemap_miner OK pid=309275
[2026-06-07T14:10:04Z] fast_wc_probe OK pid=292156
[2026-06-07T14:10:04Z] shopify_index_expansion OK pid=255485
[2026-06-07T14:10:04Z] crate_deep_page OK pid=3416260
[2026-06-07T14:10:04Z] hunt2_page OK pid=3416340
[2026-06-07T14:10:04Z] stock_page OK pid=3416442
[2026-06-07T14:10:04Z] keep-alive tick complete
===== keep-alive tick 2026-06-07T14:15:01Z =====
[2026-06-07T14:15:01Z] burst_discovery OK pid=340278
[2026-06-07T14:15:01Z] brand_sitemap_miner DEAD — restarting (consecutive_dead_ticks=11)
[2026-06-07T14:15:03Z] brand_sitemap_miner restarted pid=358696
[2026-06-07T14:15:03Z] brand_sitemap_miner ESCALATED — consecutive_dead_ticks=11 >= 4; written to /paperclip/instances/default/projects/177bc805-e3c8-4336-84cb-8e1e482d5a17/18221361-973a-493e-9e19-4c43b7a1c6eb/_default/data/buy31716-keep-alive-escalation.json
Terminated
[2026-06-07T14:15:03Z] duplicate buy30590-retailer-sitemap-miner\.mjs killed pid=309275 (kept 346735)
[2026-06-07T14:15:03Z] retailer_sitemap_miner OK pid=346735
[2026-06-07T14:15:03Z] fast_wc_probe OK pid=292156
Terminated
[2026-06-07T14:15:03Z] duplicate cc-shopify-index-expansion\.mjs killed pid=255485 (kept 346994)
[2026-06-07T14:15:03Z] shopify_index_expansion OK pid=346994
[2026-06-07T14:15:04Z] crate_deep_page OK pid=3416260
[2026-06-07T14:15:04Z] hunt2_page OK pid=3416340
[2026-06-07T14:15:04Z] stock_page OK pid=3416442
[2026-06-07T14:15:04Z] keep-alive tick complete
===== keep-alive tick 2026-06-07T14:20:01Z =====
[2026-06-07T14:20:01Z] burst_discovery OK pid=371369
[2026-06-07T14:20:01Z] brand_sitemap_miner DEAD — restarting (consecutive_dead_ticks=12)
[2026-06-07T14:20:03Z] brand_sitemap_miner restarted pid=376441
[2026-06-07T14:20:03Z] brand_sitemap_miner ESCALATED — consecutive_dead_ticks=12 >= 4; written to /paperclip/instances/default/projects/177bc805-e3c8-4336-84cb-8e1e482d5a17/18221361-973a-493e-9e19-4c43b7a1c6eb/_default/data/buy31716-keep-alive-escalation.json
[2026-06-07T14:20:03Z] retailer_sitemap_miner DEAD — restarting (consecutive_dead_ticks=1)
[2026-06-07T14:20:05Z] retailer_sitemap_miner restarted pid=376794
[2026-06-07T14:20:05Z] fast_wc_probe OK pid=292156
[2026-06-07T14:20:05Z] shopify_index_expansion DEAD — restarting (consecutive_dead_ticks=1)
[2026-06-07T14:20:07Z] shopify_index_expansion restarted pid=377138
[2026-06-07T14:20:08Z] crate_deep_page OK pid=3416260
[2026-06-07T14:20:08Z] hunt2_page OK pid=3416340
[2026-06-07T14:20:08Z] stock_page OK pid=3416442
[2026-06-07T14:20:08Z] keep-alive tick complete
===== keep-alive tick 2026-06-07T14:25:01Z =====
[2026-06-07T14:25:01Z] burst_discovery OK pid=393662
[2026-06-07T14:25:01Z] brand_sitemap_miner DEAD — restarting (consecutive_dead_ticks=13)
[2026-06-07T14:25:03Z] brand_sitemap_miner restarted pid=396310
[2026-06-07T14:25:03Z] brand_sitemap_miner ESCALATED — consecutive_dead_ticks=13 >= 4; written to /paperclip/instances/default/projects/177bc805-e3c8-4336-84cb-8e1e482d5a17/18221361-973a-493e-9e19-4c43b7a1c6eb/_default/data/buy31716-keep-alive-escalation.json
[2026-06-07T14:25:03Z] retailer_sitemap_miner OK pid=376794
[2026-06-07T14:25:03Z] fast_wc_probe OK pid=292156
[2026-06-07T14:25:04Z] shopify_index_expansion OK pid=377138
[2026-06-07T14:25:04Z] crate_deep_page OK pid=3416260
[2026-06-07T14:25:04Z] hunt2_page OK pid=3416340
[2026-06-07T14:25:04Z] stock_page OK pid=3416442
[2026-06-07T14:25:04Z] keep-alive tick complete
===== keep-alive tick 2026-06-07T14:30:01Z =====
[2026-06-07T14:30:01Z] burst_discovery OK pid=393662
[2026-06-07T14:30:01Z] brand_sitemap_miner DEAD — restarting (consecutive_dead_ticks=14)
[2026-06-07T14:30:03Z] brand_sitemap_miner restarted pid=417868
[2026-06-07T14:30:03Z] brand_sitemap_miner ESCALATED — consecutive_dead_ticks=14 >= 4; written to /paperclip/instances/default/projects/177bc805-e3c8-4336-84cb-8e1e482d5a17/18221361-973a-493e-9e19-4c43b7a1c6eb/_default/data/buy31716-keep-alive-escalation.json
[2026-06-07T14:30:03Z] retailer_sitemap_miner OK pid=376794
[2026-06-07T14:30:03Z] fast_wc_probe OK pid=292156
[2026-06-07T14:30:04Z] shopify_index_expansion OK pid=377138
[2026-06-07T14:30:04Z] crate_deep_page OK pid=3416260
[2026-06-07T14:30:04Z] hunt2_page OK pid=3416340
[2026-06-07T14:30:04Z] stock_page OK pid=3416442
[2026-06-07T14:30:04Z] keep-alive tick complete
===== keep-alive tick 2026-06-07T14:35:01Z =====
[2026-06-07T14:35:01Z] burst_discovery OK pid=393662
[2026-06-07T14:35:02Z] brand_sitemap_miner DEAD — restarting (consecutive_dead_ticks=15)
[2026-06-07T14:35:04Z] brand_sitemap_miner restarted pid=436433
[2026-06-07T14:35:04Z] brand_sitemap_miner ESCALATED — consecutive_dead_ticks=15 >= 4; written to /paperclip/instances/default/projects/177bc805-e3c8-4336-84cb-8e1e482d5a17/18221361-973a-493e-9e19-4c43b7a1c6eb/_default/data/buy31716-keep-alive-escalation.json
[2026-06-07T14:35:04Z] retailer_sitemap_miner OK pid=376794
[2026-06-07T14:35:04Z] fast_wc_probe OK pid=292156
Terminated
[2026-06-07T14:35:04Z] duplicate cc-shopify-index-expansion\.mjs killed pid=377138 (kept 430035)
[2026-06-07T14:35:04Z] shopify_index_expansion OK pid=430035
[2026-06-07T14:35:04Z] crate_deep_page OK pid=3416260
[2026-06-07T14:35:04Z] hunt2_page OK pid=3416340
[2026-06-07T14:35:04Z] stock_page OK pid=3416442
[2026-06-07T14:35:04Z] keep-alive tick complete
===== keep-alive tick 2026-06-07T14:40:01Z =====
[2026-06-07T14:40:01Z] burst_discovery OK pid=393662
[2026-06-07T14:40:02Z] brand_sitemap_miner OK pid=436433
Terminated
[2026-06-07T14:40:02Z] duplicate buy30590-retailer-sitemap-miner\.mjs killed pid=376794 (kept 453825)
[2026-06-07T14:40:02Z] retailer_sitemap_miner OK pid=453825
[2026-06-07T14:40:02Z] fast_wc_probe OK pid=292156
[2026-06-07T14:40:02Z] shopify_index_expansion DEAD — restarting (consecutive_dead_ticks=1)
[2026-06-07T14:40:04Z] shopify_index_expansion restarted pid=455023
[2026-06-07T14:40:04Z] crate_deep_page OK pid=3416260
[2026-06-07T14:40:04Z] hunt2_page OK pid=3416340
[2026-06-07T14:40:04Z] stock_page OK pid=3416442
[2026-06-07T14:40:04Z] keep-alive tick complete
===== keep-alive tick 2026-06-07T14:45:01Z =====
[2026-06-07T14:45:01Z] burst_discovery OK pid=393662
[2026-06-07T14:45:02Z] brand_sitemap_miner DEAD — restarting (consecutive_dead_ticks=1)
[2026-06-07T14:45:04Z] brand_sitemap_miner restarted pid=479348
[2026-06-07T14:45:04Z] retailer_sitemap_miner DEAD — restarting (consecutive_dead_ticks=1)
[2026-06-07T14:45:06Z] retailer_sitemap_miner restarted pid=479627
[2026-06-07T14:45:06Z] fast_wc_probe DEAD — restarting (consecutive_dead_ticks=1)
[2026-06-07T14:45:08Z] fast_wc_probe restarted pid=480058
[2026-06-07T14:45:08Z] shopify_index_expansion OK pid=455023
[2026-06-07T14:45:08Z] crate_deep_page OK pid=3416260
[2026-06-07T14:45:08Z] hunt2_page OK pid=3416340
[2026-06-07T14:45:08Z] stock_page OK pid=3416442
[2026-06-07T14:45:09Z] keep-alive tick complete
===== keep-alive tick 2026-06-07T14:50:01Z =====
[2026-06-07T14:50:01Z] burst_discovery DEAD — restarting (consecutive_dead_ticks=1)
[2026-06-07T14:50:03Z] burst_discovery restarted pid=499800
[2026-06-07T14:50:03Z] brand_sitemap_miner DEAD — restarting (consecutive_dead_ticks=2)
[2026-06-07T14:50:05Z] brand_sitemap_miner restarted pid=500085
[2026-06-07T14:50:05Z] retailer_sitemap_miner OK pid=479627
[2026-06-07T14:50:05Z] fast_wc_probe OK pid=480058
[2026-06-07T14:50:05Z] shopify_index_expansion OK pid=455023
[2026-06-07T14:50:05Z] crate_deep_page OK pid=3416260
[2026-06-07T14:50:05Z] hunt2_page OK pid=3416340
[2026-06-07T14:50:05Z] stock_page OK pid=3416442
[2026-06-07T14:50:05Z] keep-alive tick complete
===== keep-alive tick 2026-06-07T14:55:01Z =====
[2026-06-07T14:55:01Z] burst_discovery OK pid=514647
[2026-06-07T14:55:01Z] brand_sitemap_miner DEAD — restarting (consecutive_dead_ticks=3)
[2026-06-07T14:55:03Z] brand_sitemap_miner restarted pid=516600
Terminated
[2026-06-07T14:55:04Z] duplicate buy30590-retailer-sitemap-miner\.mjs killed pid=479627 (kept 514664)
[2026-06-07T14:55:04Z] retailer_sitemap_miner OK pid=514664
[2026-06-07T14:55:04Z] fast_wc_probe OK pid=480058
Terminated
[2026-06-07T14:55:04Z] duplicate cc-shopify-index-expansion\.mjs killed pid=455023 (kept 514565)
[2026-06-07T14:55:04Z] shopify_index_expansion OK pid=514565
[2026-06-07T14:55:04Z] crate_deep_page OK pid=3416260
[2026-06-07T14:55:04Z] hunt2_page OK pid=3416340
[2026-06-07T14:55:04Z] stock_page OK pid=3416442
[2026-06-07T14:55:04Z] keep-alive tick complete
===== keep-alive tick 2026-06-07T15:00:01Z =====
[2026-06-07T15:00:01Z] burst_discovery OK pid=522381
[2026-06-07T15:00:01Z] brand_sitemap_miner OK pid=516600
[2026-06-07T15:00:01Z] retailer_sitemap_miner DEAD — restarting (consecutive_dead_ticks=1)
[2026-06-07T15:00:03Z] retailer_sitemap_miner restarted pid=532003
[2026-06-07T15:00:03Z] fast_wc_probe OK pid=480058
[2026-06-07T15:00:03Z] shopify_index_expansion DEAD — restarting (consecutive_dead_ticks=1)
[2026-06-07T15:00:06Z] shopify_index_expansion restarted pid=532285
[2026-06-07T15:00:06Z] crate_deep_page OK pid=3416260
[2026-06-07T15:00:06Z] hunt2_page OK pid=3416340
[2026-06-07T15:00:06Z] stock_page OK pid=3416442
[2026-06-07T15:00:06Z] keep-alive tick complete
===== keep-alive tick 2026-06-07T15:05:01Z =====
[2026-06-07T15:05:01Z] burst_discovery OK pid=547832
[2026-06-07T15:05:01Z] brand_sitemap_miner DEAD — restarting (consecutive_dead_ticks=1)
[2026-06-07T15:05:03Z] brand_sitemap_miner restarted pid=550651
Terminated
[2026-06-07T15:05:04Z] duplicate buy30590-retailer-sitemap-miner\.mjs killed pid=532003 (kept 550258)
[2026-06-07T15:05:04Z] retailer_sitemap_miner OK pid=550258
[2026-06-07T15:05:04Z] fast_wc_probe OK pid=480058
Terminated
[2026-06-07T15:05:04Z] duplicate cc-shopify-index-expansion\.mjs killed pid=532285 (kept 550243)
[2026-06-07T15:05:04Z] shopify_index_expansion OK pid=550243
[2026-06-07T15:05:04Z] crate_deep_page OK pid=3416260
[2026-06-07T15:05:04Z] hunt2_page OK pid=3416340
[2026-06-07T15:05:04Z] stock_page OK pid=3416442
[2026-06-07T15:05:04Z] keep-alive tick complete
===== keep-alive tick 2026-06-07T15:10:01Z =====
[2026-06-07T15:10:01Z] burst_discovery DEAD — restarting (consecutive_dead_ticks=1)
[2026-06-07T15:10:03Z] burst_discovery restarted pid=565181
[2026-06-07T15:10:03Z] brand_sitemap_miner DEAD — restarting (consecutive_dead_ticks=2)
[2026-06-07T15:10:05Z] brand_sitemap_miner restarted pid=565417
[2026-06-07T15:10:05Z] retailer_sitemap_miner DEAD — restarting (consecutive_dead_ticks=1)
[2026-06-07T15:10:07Z] retailer_sitemap_miner restarted pid=565625
[2026-06-07T15:10:07Z] fast_wc_probe OK pid=480058
[2026-06-07T15:10:08Z] shopify_index_expansion DEAD — restarting (consecutive_dead_ticks=1)
[2026-06-07T15:10:10Z] shopify_index_expansion restarted pid=565892
[2026-06-07T15:10:10Z] crate_deep_page OK pid=3416260
[2026-06-07T15:10:10Z] hunt2_page OK pid=3416340
[2026-06-07T15:10:10Z] stock_page OK pid=3416442
[2026-06-07T15:10:10Z] keep-alive tick complete
===== keep-alive tick 2026-06-07T15:15:01Z =====
[2026-06-07T15:15:01Z] burst_discovery DEAD — restarting (consecutive_dead_ticks=2)
[2026-06-07T15:15:03Z] burst_discovery restarted pid=578913
[2026-06-07T15:15:03Z] brand_sitemap_miner DEAD — restarting (consecutive_dead_ticks=3)
[2026-06-07T15:15:05Z] brand_sitemap_miner restarted pid=579132
Terminated
[2026-06-07T15:15:06Z] duplicate buy30590-retailer-sitemap-miner\.mjs killed pid=565625 (kept 576816)
[2026-06-07T15:15:06Z] retailer_sitemap_miner OK pid=576816
[2026-06-07T15:15:06Z] fast_wc_probe OK pid=480058
[2026-06-07T15:15:06Z] shopify_index_expansion OK pid=565892
[2026-06-07T15:15:06Z] crate_deep_page OK pid=3416260
[2026-06-07T15:15:06Z] hunt2_page OK pid=3416340
[2026-06-07T15:15:06Z] stock_page OK pid=3416442
[2026-06-07T15:15:06Z] keep-alive tick complete
===== keep-alive tick 2026-06-07T15:20:01Z =====
[2026-06-07T15:20:01Z] burst_discovery OK pid=578913
[2026-06-07T15:20:01Z] brand_sitemap_miner DEAD — restarting (consecutive_dead_ticks=4)
[2026-06-07T15:20:03Z] brand_sitemap_miner restarted pid=590713
[2026-06-07T15:20:03Z] brand_sitemap_miner ESCALATED — consecutive_dead_ticks=4 >= 4; written to /paperclip/instances/default/projects/177bc805-e3c8-4336-84cb-8e1e482d5a17/18221361-973a-493e-9e19-4c43b7a1c6eb/_default/data/buy31716-keep-alive-escalation.json
[2026-06-07T15:20:03Z] retailer_sitemap_miner DEAD — restarting (consecutive_dead_ticks=1)
[2026-06-07T15:20:05Z] retailer_sitemap_miner restarted pid=590937
[2026-06-07T15:20:05Z] fast_wc_probe OK pid=480058
Terminated
[2026-06-07T15:20:05Z] duplicate cc-shopify-index-expansion\.mjs killed pid=565892 (kept 587195)
[2026-06-07T15:20:05Z] shopify_index_expansion OK pid=587195
[2026-06-07T15:20:05Z] crate_deep_page OK pid=3416260
[2026-06-07T15:20:05Z] hunt2_page OK pid=3416340
[2026-06-07T15:20:05Z] stock_page OK pid=3416442
[2026-06-07T15:20:05Z] keep-alive tick complete
===== keep-alive tick 2026-06-07T15:25:01Z =====
[2026-06-07T15:25:01Z] burst_discovery OK pid=594813
[2026-06-07T15:25:01Z] brand_sitemap_miner OK pid=590713
[2026-06-07T15:25:01Z] retailer_sitemap_miner OK pid=590937
[2026-06-07T15:25:01Z] fast_wc_probe OK pid=480058
[2026-06-07T15:25:02Z] shopify_index_expansion DEAD — restarting (consecutive_dead_ticks=1)
[2026-06-07T15:25:04Z] shopify_index_expansion restarted pid=603699
[2026-06-07T15:25:04Z] crate_deep_page OK pid=3416260
[2026-06-07T15:25:04Z] hunt2_page OK pid=3416340
[2026-06-07T15:25:04Z] stock_page OK pid=3416442
[2026-06-07T15:25:04Z] keep-alive tick complete
===== keep-alive tick 2026-06-07T15:30:02Z =====
[2026-06-07T15:30:02Z] burst_discovery DEAD — restarting (consecutive_dead_ticks=1)
[2026-06-07T15:30:04Z] burst_discovery restarted pid=621170
[2026-06-07T15:30:04Z] brand_sitemap_miner DEAD — restarting (consecutive_dead_ticks=1)
[2026-06-07T15:30:06Z] brand_sitemap_miner restarted pid=621420
[2026-06-07T15:30:06Z] retailer_sitemap_miner OK pid=590937
[2026-06-07T15:30:06Z] fast_wc_probe OK pid=480058
[2026-06-07T15:30:06Z] shopify_index_expansion OK pid=603699
[2026-06-07T15:30:06Z] crate_deep_page OK pid=3416260
[2026-06-07T15:30:06Z] hunt2_page OK pid=3416340
[2026-06-07T15:30:06Z] stock_page OK pid=3416442
[2026-06-07T15:30:06Z] keep-alive tick complete
===== keep-alive tick 2026-06-07T15:35:01Z =====
[2026-06-07T15:35:02Z] burst_discovery OK pid=621170
[2026-06-07T15:35:02Z] brand_sitemap_miner DEAD — restarting (consecutive_dead_ticks=2)
[2026-06-07T15:35:04Z] brand_sitemap_miner restarted pid=635666
[2026-06-07T15:35:04Z] retailer_sitemap_miner OK pid=590937
[2026-06-07T15:35:04Z] fast_wc_probe DEAD — restarting (consecutive_dead_ticks=1)
[2026-06-07T15:35:06Z] fast_wc_probe restarted pid=636044
[2026-06-07T15:35:06Z] shopify_index_expansion OK pid=603699
[2026-06-07T15:35:06Z] crate_deep_page OK pid=3416260
[2026-06-07T15:35:06Z] hunt2_page OK pid=3416340
[2026-06-07T15:35:06Z] stock_page OK pid=3416442
[2026-06-07T15:35:06Z] keep-alive tick complete
===== keep-alive tick 2026-06-07T15:40:01Z =====
[2026-06-07T15:40:01Z] burst_discovery OK pid=621170
[2026-06-07T15:40:01Z] brand_sitemap_miner DEAD — restarting (consecutive_dead_ticks=3)
[2026-06-07T15:40:03Z] brand_sitemap_miner restarted pid=651252
[2026-06-07T15:40:03Z] retailer_sitemap_miner OK pid=590937
[2026-06-07T15:40:03Z] fast_wc_probe OK pid=636044
Terminated
[2026-06-07T15:40:03Z] duplicate cc-shopify-index-expansion\.mjs killed pid=603699 (kept 647025)
[2026-06-07T15:40:03Z] shopify_index_expansion OK pid=647025
[2026-06-07T15:40:04Z] crate_deep_page OK pid=3416260
[2026-06-07T15:40:04Z] hunt2_page OK pid=3416340
[2026-06-07T15:40:04Z] stock_page OK pid=3416442
[2026-06-07T15:40:04Z] keep-alive tick complete
===== keep-alive tick 2026-06-07T15:45:01Z =====
[2026-06-07T15:45:01Z] burst_discovery OK pid=621170
[2026-06-07T15:45:01Z] brand_sitemap_miner DEAD — restarting (consecutive_dead_ticks=4)
[2026-06-07T15:45:03Z] brand_sitemap_miner restarted pid=664244
[2026-06-07T15:45:03Z] brand_sitemap_miner ESCALATED — consecutive_dead_ticks=4 >= 4; written to /paperclip/instances/default/projects/177bc805-e3c8-4336-84cb-8e1e482d5a17/18221361-973a-493e-9e19-4c43b7a1c6eb/_default/data/buy31716-keep-alive-escalation.json
Terminated
[2026-06-07T15:45:04Z] duplicate buy30590-retailer-sitemap-miner\.mjs killed pid=590937 (kept 653122)
[2026-06-07T15:45:04Z] retailer_sitemap_miner OK pid=653122
[2026-06-07T15:45:04Z] fast_wc_probe OK pid=636044
[2026-06-07T15:45:04Z] shopify_index_expansion DEAD — restarting (consecutive_dead_ticks=1)
[2026-06-07T15:45:06Z] shopify_index_expansion restarted pid=664502
[2026-06-07T15:45:06Z] crate_deep_page OK pid=3416260
[2026-06-07T15:45:06Z] hunt2_page OK pid=3416340
[2026-06-07T15:45:06Z] stock_page OK pid=3416442
[2026-06-07T15:45:06Z] keep-alive tick complete
===== keep-alive tick 2026-06-07T15:50:01Z =====
[2026-06-07T15:50:01Z] burst_discovery OK pid=621170
[2026-06-07T15:50:02Z] brand_sitemap_miner DEAD — restarting (consecutive_dead_ticks=5)
[2026-06-07T15:50:04Z] brand_sitemap_miner restarted pid=677926
[2026-06-07T15:50:04Z] brand_sitemap_miner ESCALATED — consecutive_dead_ticks=5 >= 4; written to /paperclip/instances/default/projects/177bc805-e3c8-4336-84cb-8e1e482d5a17/18221361-973a-493e-9e19-4c43b7a1c6eb/_default/data/buy31716-keep-alive-escalation.json
[2026-06-07T15:50:04Z] retailer_sitemap_miner DEAD — restarting (consecutive_dead_ticks=1)
[2026-06-07T15:50:06Z] retailer_sitemap_miner restarted pid=678127
[2026-06-07T15:50:06Z] fast_wc_probe OK pid=636044
Terminated
[2026-06-07T15:50:06Z] duplicate cc-shopify-index-expansion\.mjs killed pid=664502 (kept 678177)
[2026-06-07T15:50:06Z] shopify_index_expansion OK pid=678177
[2026-06-07T15:50:06Z] crate_deep_page OK pid=3416260
[2026-06-07T15:50:06Z] hunt2_page OK pid=3416340
[2026-06-07T15:50:06Z] stock_page OK pid=3416442
[2026-06-07T15:50:06Z] keep-alive tick complete
===== keep-alive tick 2026-06-07T15:55:01Z =====
[2026-06-07T15:55:02Z] burst_discovery OK pid=621170
[2026-06-07T15:55:02Z] brand_sitemap_miner DEAD — restarting (consecutive_dead_ticks=6)
[2026-06-07T15:55:04Z] brand_sitemap_miner restarted pid=692197
[2026-06-07T15:55:04Z] brand_sitemap_miner ESCALATED — consecutive_dead_ticks=6 >= 4; written to /paperclip/instances/default/projects/177bc805-e3c8-4336-84cb-8e1e482d5a17/18221361-973a-493e-9e19-4c43b7a1c6eb/_default/data/buy31716-keep-alive-escalation.json
[2026-06-07T15:55:04Z] retailer_sitemap_miner OK pid=678127
[2026-06-07T15:55:04Z] fast_wc_probe OK pid=636044
[2026-06-07T15:55:04Z] shopify_index_expansion DEAD — restarting (consecutive_dead_ticks=1)
[2026-06-07T15:55:06Z] shopify_index_expansion restarted pid=692639
[2026-06-07T15:55:06Z] crate_deep_page OK pid=3416260
[2026-06-07T15:55:07Z] hunt2_page OK pid=3416340
[2026-06-07T15:55:07Z] stock_page OK pid=3416442
[2026-06-07T15:55:07Z] keep-alive tick complete
===== keep-alive tick 2026-06-07T16:00:01Z =====
[2026-06-07T16:00:01Z] burst_discovery OK pid=621170
[2026-06-07T16:00:01Z] brand_sitemap_miner DEAD — restarting (consecutive_dead_ticks=7)
[2026-06-07T16:00:04Z] brand_sitemap_miner restarted pid=704920
[2026-06-07T16:00:04Z] brand_sitemap_miner ESCALATED — consecutive_dead_ticks=7 >= 4; written to /paperclip/instances/default/projects/177bc805-e3c8-4336-84cb-8e1e482d5a17/18221361-973a-493e-9e19-4c43b7a1c6eb/_default/data/buy31716-keep-alive-escalation.json
[2026-06-07T16:00:04Z] duplicate buy30590-retailer-sitemap-miner\.mjs killed pid=678127 (kept 699940)
[2026-06-07T16:00:04Z] retailer_sitemap_miner OK pid=699940
Terminated
[2026-06-07T16:00:04Z] fast_wc_probe OK pid=636044
Terminated
[2026-06-07T16:00:04Z] duplicate cc-shopify-index-expansion\.mjs killed pid=692639 (kept 703101)
[2026-06-07T16:00:04Z] shopify_index_expansion OK pid=703101
[2026-06-07T16:00:04Z] crate_deep_page OK pid=3416260
[2026-06-07T16:00:04Z] hunt2_page OK pid=3416340
[2026-06-07T16:00:04Z] stock_page OK pid=3416442
[2026-06-07T16:00:04Z] keep-alive tick complete
===== keep-alive tick 2026-06-07T16:05:01Z =====
[2026-06-07T16:05:01Z] burst_discovery OK pid=621170
[2026-06-07T16:05:02Z] brand_sitemap_miner DEAD — restarting (consecutive_dead_ticks=8)
[2026-06-07T16:05:04Z] brand_sitemap_miner restarted pid=719009
[2026-06-07T16:05:04Z] brand_sitemap_miner ESCALATED — consecutive_dead_ticks=8 >= 4; written to /paperclip/instances/default/projects/177bc805-e3c8-4336-84cb-8e1e482d5a17/18221361-973a-493e-9e19-4c43b7a1c6eb/_default/data/buy31716-keep-alive-escalation.json
[2026-06-07T16:05:04Z] retailer_sitemap_miner DEAD — restarting (consecutive_dead_ticks=1)
[2026-06-07T16:05:06Z] retailer_sitemap_miner restarted pid=719411
[2026-06-07T16:05:06Z] fast_wc_probe OK pid=636044
[2026-06-07T16:05:06Z] shopify_index_expansion DEAD — restarting (consecutive_dead_ticks=1)
[2026-06-07T16:05:08Z] shopify_index_expansion restarted pid=719614
[2026-06-07T16:05:08Z] crate_deep_page OK pid=3416260
[2026-06-07T16:05:08Z] hunt2_page OK pid=3416340
[2026-06-07T16:05:08Z] stock_page OK pid=3416442
[2026-06-07T16:05:08Z] keep-alive tick complete
===== keep-alive tick 2026-06-07T16:10:01Z =====
[2026-06-07T16:10:01Z] burst_discovery OK pid=621170
[2026-06-07T16:10:02Z] brand_sitemap_miner DEAD — restarting (consecutive_dead_ticks=9)
[2026-06-07T16:10:04Z] brand_sitemap_miner restarted pid=735030
[2026-06-07T16:10:04Z] brand_sitemap_miner ESCALATED — consecutive_dead_ticks=9 >= 4; written to /paperclip/instances/default/projects/177bc805-e3c8-4336-84cb-8e1e482d5a17/18221361-973a-493e-9e19-4c43b7a1c6eb/_default/data/buy31716-keep-alive-escalation.json
[2026-06-07T16:10:04Z] retailer_sitemap_miner OK pid=719411
[2026-06-07T16:10:04Z] fast_wc_probe OK pid=636044
[2026-06-07T16:10:04Z] shopify_index_expansion OK pid=719614
[2026-06-07T16:10:04Z] crate_deep_page OK pid=3416260
[2026-06-07T16:10:04Z] hunt2_page OK pid=3416340
[2026-06-07T16:10:04Z] stock_page OK pid=3416442
[2026-06-07T16:10:04Z] keep-alive tick complete
===== keep-alive tick 2026-06-07T16:15:01Z =====
[2026-06-07T16:15:01Z] burst_discovery OK pid=621170
[2026-06-07T16:15:01Z] brand_sitemap_miner DEAD — restarting (consecutive_dead_ticks=10)
[2026-06-07T16:15:03Z] brand_sitemap_miner restarted pid=750715
[2026-06-07T16:15:03Z] brand_sitemap_miner ESCALATED — consecutive_dead_ticks=10 >= 4; written to /paperclip/instances/default/projects/177bc805-e3c8-4336-84cb-8e1e482d5a17/18221361-973a-493e-9e19-4c43b7a1c6eb/_default/data/buy31716-keep-alive-escalation.json
[2026-06-07T16:15:03Z] retailer_sitemap_miner OK pid=719411
[2026-06-07T16:15:03Z] fast_wc_probe OK pid=636044
[2026-06-07T16:15:04Z] shopify_index_expansion OK pid=719614
[2026-06-07T16:15:04Z] crate_deep_page OK pid=3416260
[2026-06-07T16:15:04Z] hunt2_page OK pid=3416340
[2026-06-07T16:15:04Z] stock_page OK pid=3416442
[2026-06-07T16:15:04Z] keep-alive tick complete
===== keep-alive tick 2026-06-07T16:20:01Z =====
[2026-06-07T16:20:01Z] burst_discovery OK pid=621170
[2026-06-07T16:20:02Z] brand_sitemap_miner DEAD — restarting (consecutive_dead_ticks=11)
[2026-06-07T16:20:04Z] brand_sitemap_miner restarted pid=764178
[2026-06-07T16:20:04Z] brand_sitemap_miner ESCALATED — consecutive_dead_ticks=11 >= 4; written to /paperclip/instances/default/projects/177bc805-e3c8-4336-84cb-8e1e482d5a17/18221361-973a-493e-9e19-4c43b7a1c6eb/_default/data/buy31716-keep-alive-escalation.json
[2026-06-07T16:20:04Z] retailer_sitemap_miner OK pid=719411
[2026-06-07T16:20:04Z] fast_wc_probe OK pid=636044
[2026-06-07T16:20:04Z] shopify_index_expansion OK pid=719614
[2026-06-07T16:20:04Z] crate_deep_page OK pid=3416260
[2026-06-07T16:20:04Z] hunt2_page OK pid=3416340
[2026-06-07T16:20:04Z] stock_page OK pid=3416442
[2026-06-07T16:20:04Z] keep-alive tick complete
===== keep-alive tick 2026-06-07T16:25:01Z =====
[2026-06-07T16:25:01Z] burst_discovery OK pid=621170
[2026-06-07T16:25:01Z] brand_sitemap_miner DEAD — restarting (consecutive_dead_ticks=12)
[2026-06-07T16:25:03Z] brand_sitemap_miner restarted pid=777450
[2026-06-07T16:25:03Z] brand_sitemap_miner ESCALATED — consecutive_dead_ticks=12 >= 4; written to /paperclip/instances/default/projects/177bc805-e3c8-4336-84cb-8e1e482d5a17/18221361-973a-493e-9e19-4c43b7a1c6eb/_default/data/buy31716-keep-alive-escalation.json
Terminated
[2026-06-07T16:25:03Z] duplicate buy30590-retailer-sitemap-miner\.mjs killed pid=719411 (kept 773551)
[2026-06-07T16:25:03Z] retailer_sitemap_miner OK pid=773551
[2026-06-07T16:25:03Z] fast_wc_probe OK pid=636044
[2026-06-07T16:25:04Z] shopify_index_expansion OK pid=719614
[2026-06-07T16:25:04Z] crate_deep_page OK pid=3416260
[2026-06-07T16:25:04Z] hunt2_page OK pid=3416340
[2026-06-07T16:25:04Z] stock_page OK pid=3416442
[2026-06-07T16:25:04Z] keep-alive tick complete
===== keep-alive tick 2026-06-07T16:30:01Z =====
[2026-06-07T16:30:01Z] burst_discovery OK pid=621170
[2026-06-07T16:30:01Z] brand_sitemap_miner DEAD — restarting (consecutive_dead_ticks=13)
[2026-06-07T16:30:03Z] brand_sitemap_miner restarted pid=791464
[2026-06-07T16:30:03Z] brand_sitemap_miner ESCALATED — consecutive_dead_ticks=13 >= 4; written to /paperclip/instances/default/projects/177bc805-e3c8-4336-84cb-8e1e482d5a17/18221361-973a-493e-9e19-4c43b7a1c6eb/_default/data/buy31716-keep-alive-escalation.json
[2026-06-07T16:30:03Z] retailer_sitemap_miner DEAD — restarting (consecutive_dead_ticks=1)
[2026-06-07T16:30:05Z] retailer_sitemap_miner restarted pid=791702
[2026-06-07T16:30:05Z] fast_wc_probe DEAD — restarting (consecutive_dead_ticks=1)
[2026-06-07T16:30:08Z] fast_wc_probe restarted pid=791901
[2026-06-07T16:30:08Z] shopify_index_expansion OK pid=719614
[2026-06-07T16:30:08Z] crate_deep_page OK pid=3416260
[2026-06-07T16:30:08Z] hunt2_page OK pid=3416340
[2026-06-07T16:30:08Z] stock_page OK pid=3416442
[2026-06-07T16:30:08Z] keep-alive tick complete
===== keep-alive tick 2026-06-07T16:35:01Z =====
[2026-06-07T16:35:01Z] burst_discovery OK pid=801531
[2026-06-07T16:35:01Z] brand_sitemap_miner DEAD — restarting (consecutive_dead_ticks=14)
[2026-06-07T16:35:03Z] brand_sitemap_miner restarted pid=807280
[2026-06-07T16:35:03Z] brand_sitemap_miner ESCALATED — consecutive_dead_ticks=14 >= 4; written to /paperclip/instances/default/projects/177bc805-e3c8-4336-84cb-8e1e482d5a17/18221361-973a-493e-9e19-4c43b7a1c6eb/_default/data/buy31716-keep-alive-escalation.json
[2026-06-07T16:35:03Z] retailer_sitemap_miner OK pid=791702
[2026-06-07T16:35:03Z] fast_wc_probe OK pid=791901
Terminated
[2026-06-07T16:35:03Z] duplicate cc-shopify-index-expansion\.mjs killed pid=719614 (kept 807421)
[2026-06-07T16:35:03Z] shopify_index_expansion OK pid=807421
[2026-06-07T16:35:03Z] crate_deep_page OK pid=3416260
[2026-06-07T16:35:03Z] hunt2_page OK pid=3416340
[2026-06-07T16:35:03Z] stock_page OK pid=3416442
[2026-06-07T16:35:03Z] keep-alive tick complete
===== keep-alive tick 2026-06-07T16:40:01Z =====
[2026-06-07T16:40:01Z] burst_discovery DEAD — restarting (consecutive_dead_ticks=1)
[2026-06-07T16:40:16Z] burst_discovery restarted pid=821653
[2026-06-07T16:40:32Z] brand_sitemap_miner DEAD — restarting (consecutive_dead_ticks=15)
[2026-06-07T16:40:47Z] brand_sitemap_miner restarted pid=823474
[2026-06-07T16:40:58Z] brand_sitemap_miner ESCALATED — consecutive_dead_ticks=15 >= 4; written to /paperclip/instances/default/projects/177bc805-e3c8-4336-84cb-8e1e482d5a17/18221361-973a-493e-9e19-4c43b7a1c6eb/_default/data/buy31716-keep-alive-escalation.json
[2026-06-07T16:41:11Z] retailer_sitemap_miner OK pid=791702
[2026-06-07T16:41:11Z] fast_wc_probe OK pid=791901
[2026-06-07T16:41:12Z] shopify_index_expansion DEAD — restarting (consecutive_dead_ticks=1)
[2026-06-07T16:41:14Z] shopify_index_expansion restarted pid=825267
[2026-06-07T16:41:14Z] crate_deep_page OK pid=3416260
[2026-06-07T16:41:14Z] hunt2_page OK pid=3416340
[2026-06-07T16:41:14Z] stock_page OK pid=3416442
[2026-06-07T16:41:14Z] keep-alive tick complete
===== keep-alive tick 2026-06-07T16:45:01Z =====
[2026-06-07T16:45:01Z] burst_discovery OK pid=834148
[2026-06-07T16:45:01Z] brand_sitemap_miner DEAD — restarting (consecutive_dead_ticks=16)
[2026-06-07T16:45:11Z] brand_sitemap_miner restarted pid=837822
[2026-06-07T16:45:22Z] brand_sitemap_miner ESCALATED — consecutive_dead_ticks=16 >= 4; written to /paperclip/instances/default/projects/177bc805-e3c8-4336-84cb-8e1e482d5a17/18221361-973a-493e-9e19-4c43b7a1c6eb/_default/data/buy31716-keep-alive-escalation.json
[2026-06-07T16:45:46Z] retailer_sitemap_miner OK pid=791702
[2026-06-07T16:46:11Z] fast_wc_probe OK pid=791901
[2026-06-07T16:46:32Z] shopify_index_expansion OK pid=825267
[2026-06-07T16:47:00Z] crate_deep_page OK pid=3416260
[2026-06-07T16:47:45Z] hunt2_page OK pid=3416340
[2026-06-07T16:48:28Z] stock_page OK pid=3416442
[2026-06-07T16:49:13Z] keep-alive tick complete
===== keep-alive tick 2026-06-07T16:50:01Z =====
[2026-06-07T16:50:01Z] burst_discovery OK pid=849774
[2026-06-07T16:50:01Z] brand_sitemap_miner OK pid=837822
[2026-06-07T16:50:01Z] retailer_sitemap_miner OK pid=791702
[2026-06-07T16:50:01Z] fast_wc_probe OK pid=791901
[2026-06-07T16:50:01Z] shopify_index_expansion OK pid=825267
[2026-06-07T16:50:01Z] crate_deep_page OK pid=3416260
[2026-06-07T16:50:01Z] hunt2_page OK pid=3416340
[2026-06-07T16:50:01Z] stock_page OK pid=3416442
[2026-06-07T16:50:01Z] keep-alive tick complete
===== keep-alive tick 2026-06-07T16:55:01Z =====
[2026-06-07T16:55:02Z] burst_discovery OK pid=896398
[2026-06-07T16:55:02Z] brand_sitemap_miner DEAD — restarting (consecutive_dead_ticks=1)
[2026-06-07T16:55:05Z] brand_sitemap_miner restarted pid=897821
Terminated
[2026-06-07T16:55:28Z] duplicate buy30590-retailer-sitemap-miner\.mjs killed pid=791702 (kept 896836)
[2026-06-07T16:55:29Z] retailer_sitemap_miner OK pid=896836
[2026-06-07T16:55:54Z] fast_wc_probe OK pid=791901
[2026-06-07T16:56:13Z] shopify_index_expansion OK pid=825267
[2026-06-07T16:56:21Z] crate_deep_page OK pid=3416260
[2026-06-07T16:56:33Z] hunt2_page OK pid=3416340
[2026-06-07T16:56:51Z] stock_page OK pid=3416442
[2026-06-07T16:57:01Z] keep-alive tick complete
===== keep-alive tick 2026-06-07T17:00:01Z =====
[2026-06-07T17:00:02Z] burst_discovery DEAD — restarting (consecutive_dead_ticks=1)
[2026-06-07T17:00:04Z] burst_discovery restarted pid=913236
[2026-06-07T17:00:04Z] brand_sitemap_miner DEAD — restarting (consecutive_dead_ticks=2)
[2026-06-07T17:00:24Z] brand_sitemap_miner restarted pid=913521
[2026-06-07T17:00:31Z] retailer_sitemap_miner DEAD — restarting (consecutive_dead_ticks=1)
[2026-06-07T17:00:39Z] duplicate buy30590-retailer-sitemap-miner\.mjs killed pid=915138 (kept 915121)
[2026-06-07T17:00:40Z] retailer_sitemap_miner restarted pid=915121
[2026-06-07T17:00:44Z] fast_wc_probe OK pid=791901
[2026-06-07T17:00:48Z] shopify_index_expansion OK pid=825267
[2026-06-07T17:00:53Z] crate_deep_page OK pid=3416260
[2026-06-07T17:00:55Z] hunt2_page OK pid=3416340
[2026-06-07T17:01:02Z] stock_page OK pid=3416442
[2026-06-07T17:01:05Z] keep-alive tick complete
===== keep-alive tick 2026-06-07T17:02:12Z =====
[2026-06-07T17:02:12Z] burst_discovery DEAD — restarting (consecutive_dead_ticks=2)
[2026-06-07T17:02:14Z] burst_discovery restarted pid=920190
[2026-06-07T17:02:14Z] brand_sitemap_miner DEAD — restarting (consecutive_dead_ticks=3)
[2026-06-07T17:02:16Z] brand_sitemap_miner restarted pid=920280
Terminated
[2026-06-07T17:02:16Z] duplicate buy30590-retailer-sitemap-miner\.mjs killed pid=915121 (kept 918495)
[2026-06-07T17:02:16Z] retailer_sitemap_miner OK pid=918495
[2026-06-07T17:02:16Z] fast_wc_probe OK pid=791901
Terminated
[2026-06-07T17:02:16Z] duplicate cc-shopify-index-expansion\.mjs killed pid=825267 (kept 918215)
[2026-06-07T17:02:16Z] shopify_index_expansion OK pid=918215
[2026-06-07T17:02:16Z] crate_deep_page OK pid=3416260
[2026-06-07T17:02:16Z] hunt2_page OK pid=3416340
[2026-06-07T17:02:16Z] stock_page OK pid=3416442
[2026-06-07T17:02:16Z] keep-alive tick complete
===== keep-alive tick 2026-06-07T17:05:01Z =====
[2026-06-07T17:05:01Z] burst_discovery OK pid=929834
[2026-06-07T17:05:01Z] brand_sitemap_miner DEAD — restarting (consecutive_dead_ticks=4)
[2026-06-07T17:05:03Z] brand_sitemap_miner restarted pid=931191
[2026-06-07T17:05:03Z] brand_sitemap_miner ESCALATED — consecutive_dead_ticks=4 >= 4; written to /paperclip/instances/default/projects/177bc805-e3c8-4336-84cb-8e1e482d5a17/18221361-973a-493e-9e19-4c43b7a1c6eb/_default/data/buy31716-keep-alive-escalation.json
[2026-06-07T17:05:03Z] retailer_sitemap_miner DEAD — restarting (consecutive_dead_ticks=1)
[2026-06-07T17:05:05Z] retailer_sitemap_miner restarted pid=931510
[2026-06-07T17:05:05Z] fast_wc_probe OK pid=791901
[2026-06-07T17:05:05Z] shopify_index_expansion DEAD — restarting (consecutive_dead_ticks=1)
[2026-06-07T17:05:10Z] shopify_index_expansion restarted pid=931771
[2026-06-07T17:05:15Z] crate_deep_page OK pid=3416260
[2026-06-07T17:05:33Z] hunt2_page OK pid=3416340
[2026-06-07T17:05:44Z] stock_page OK pid=3416442
[2026-06-07T17:05:48Z] keep-alive tick complete
===== keep-alive tick 2026-06-07T17:10:01Z =====
[2026-06-07T17:10:01Z] burst_discovery DEAD — restarting (consecutive_dead_ticks=1)
[2026-06-07T17:10:04Z] burst_discovery restarted pid=946851
[2026-06-07T17:10:04Z] brand_sitemap_miner DEAD — restarting (consecutive_dead_ticks=5)
[2026-06-07T17:10:06Z] brand_sitemap_miner restarted pid=947076
[2026-06-07T17:10:06Z] brand_sitemap_miner ESCALATED — consecutive_dead_ticks=5 >= 4; written to /paperclip/instances/default/projects/177bc805-e3c8-4336-84cb-8e1e482d5a17/18221361-973a-493e-9e19-4c43b7a1c6eb/_default/data/buy31716-keep-alive-escalation.json
[2026-06-07T17:10:06Z] retailer_sitemap_miner OK pid=931510
[2026-06-07T17:10:06Z] fast_wc_probe OK pid=791901
Terminated
[2026-06-07T17:10:06Z] duplicate cc-shopify-index-expansion\.mjs killed pid=931771 (kept 947235)
[2026-06-07T17:10:06Z] shopify_index_expansion OK pid=947235
[2026-06-07T17:10:06Z] crate_deep_page OK pid=3416260
[2026-06-07T17:10:06Z] hunt2_page OK pid=3416340
[2026-06-07T17:10:06Z] stock_page OK pid=3416442
[2026-06-07T17:10:06Z] keep-alive tick complete
===== keep-alive tick 2026-06-07T17:15:01Z =====
[2026-06-07T17:15:01Z] burst_discovery OK pid=957435
[2026-06-07T17:15:01Z] brand_sitemap_miner DEAD — restarting (consecutive_dead_ticks=6)
[2026-06-07T17:15:03Z] brand_sitemap_miner restarted pid=962175
[2026-06-07T17:15:03Z] brand_sitemap_miner ESCALATED — consecutive_dead_ticks=6 >= 4; written to /paperclip/instances/default/projects/177bc805-e3c8-4336-84cb-8e1e482d5a17/18221361-973a-493e-9e19-4c43b7a1c6eb/_default/data/buy31716-keep-alive-escalation.json
[2026-06-07T17:15:03Z] retailer_sitemap_miner OK pid=931510
[2026-06-07T17:15:03Z] fast_wc_probe OK pid=791901
[2026-06-07T17:15:03Z] shopify_index_expansion OK pid=952040
[2026-06-07T17:15:03Z] crate_deep_page OK pid=3416260
[2026-06-07T17:15:03Z] hunt2_page OK pid=3416340
[2026-06-07T17:15:04Z] stock_page OK pid=3416442
[2026-06-07T17:15:04Z] keep-alive tick complete
Terminated
===== keep-alive tick 2026-06-07T17:20:01Z =====
[2026-06-07T17:20:01Z] burst_discovery OK pid=971272
[2026-06-07T17:20:01Z] brand_sitemap_miner OK pid=975706
[2026-06-07T17:20:01Z] retailer_sitemap_miner DEAD — restarting (consecutive_dead_ticks=1)
[2026-06-07T17:20:03Z] retailer_sitemap_miner restarted pid=978284
[2026-06-07T17:20:03Z] fast_wc_probe OK pid=975965
[2026-06-07T17:20:03Z] shopify_index_expansion DEAD — restarting (consecutive_dead_ticks=1)
[2026-06-07T17:20:05Z] shopify_index_expansion restarted pid=978558
[2026-06-07T17:20:05Z] crate_deep_page OK pid=3416260
[2026-06-07T17:20:06Z] hunt2_page OK pid=3416340
[2026-06-07T17:20:06Z] stock_page OK pid=3416442
[2026-06-07T17:20:06Z] keep-alive tick complete
===== keep-alive tick 2026-06-07T17:25:01Z =====
[2026-06-07T17:25:01Z] burst_discovery OK pid=988575
[2026-06-07T17:25:01Z] brand_sitemap_miner DEAD — restarting (consecutive_dead_ticks=1)
[2026-06-07T17:25:03Z] brand_sitemap_miner restarted pid=994679
[2026-06-07T17:25:03Z] retailer_sitemap_miner OK pid=978284
[2026-06-07T17:25:03Z] fast_wc_probe OK pid=975965
[2026-06-07T17:25:03Z] shopify_index_expansion OK pid=978558
[2026-06-07T17:25:03Z] crate_deep_page OK pid=3416260
[2026-06-07T17:25:03Z] hunt2_page OK pid=3416340
[2026-06-07T17:25:03Z] stock_page OK pid=3416442
[2026-06-07T17:25:04Z] keep-alive tick complete
===== keep-alive tick 2026-06-07T17:30:01Z =====
[2026-06-07T17:30:01Z] burst_discovery OK pid=1010755
[2026-06-07T17:30:01Z] brand_sitemap_miner DEAD — restarting (consecutive_dead_ticks=2)
[2026-06-07T17:30:03Z] brand_sitemap_miner restarted pid=1012371
[2026-06-07T17:30:03Z] retailer_sitemap_miner OK pid=978284
[2026-06-07T17:30:03Z] fast_wc_probe OK pid=975965
[2026-06-07T17:30:04Z] shopify_index_expansion OK pid=978558
[2026-06-07T17:30:04Z] crate_deep_page OK pid=3416260
[2026-06-07T17:30:04Z] hunt2_page OK pid=3416340
[2026-06-07T17:30:04Z] stock_page OK pid=3416442
[2026-06-07T17:30:04Z] keep-alive tick complete
===== keep-alive tick 2026-06-07T17:35:01Z =====
[2026-06-07T17:35:01Z] burst_discovery DEAD — restarting (consecutive_dead_ticks=1)
[2026-06-07T17:35:03Z] burst_discovery restarted pid=1027404
[2026-06-07T17:35:03Z] brand_sitemap_miner DEAD — restarting (consecutive_dead_ticks=3)
[2026-06-07T17:35:05Z] brand_sitemap_miner restarted pid=1027688
Terminated
[2026-06-07T17:35:05Z] duplicate buy30590-retailer-sitemap-miner\.mjs killed pid=978284 (kept 1026877)
[2026-06-07T17:35:05Z] retailer_sitemap_miner OK pid=1026877
[2026-06-07T17:35:05Z] fast_wc_probe OK pid=975965
Terminated
[2026-06-07T17:35:06Z] duplicate cc-shopify-index-expansion\.mjs killed pid=978558 (kept 1026807)
[2026-06-07T17:35:06Z] shopify_index_expansion OK pid=1026807
[2026-06-07T17:35:06Z] crate_deep_page OK pid=3416260
[2026-06-07T17:35:06Z] hunt2_page OK pid=3416340
[2026-06-07T17:35:06Z] stock_page OK pid=3416442
[2026-06-07T17:35:06Z] keep-alive tick complete
===== keep-alive tick 2026-06-07T17:40:01Z =====
[2026-06-07T17:40:01Z] burst_discovery OK pid=1041702
[2026-06-07T17:40:02Z] brand_sitemap_miner DEAD — restarting (consecutive_dead_ticks=4)
[2026-06-07T17:40:04Z] brand_sitemap_miner restarted pid=1042627
[2026-06-07T17:40:04Z] brand_sitemap_miner ESCALATED — consecutive_dead_ticks=4 >= 4; written to /paperclip/instances/default/projects/177bc805-e3c8-4336-84cb-8e1e482d5a17/18221361-973a-493e-9e19-4c43b7a1c6eb/_default/data/buy31716-keep-alive-escalation.json
[2026-06-07T17:40:04Z] retailer_sitemap_miner DEAD — restarting (consecutive_dead_ticks=1)
[2026-06-07T17:40:06Z] retailer_sitemap_miner restarted pid=1042827
[2026-06-07T17:40:06Z] fast_wc_probe OK pid=975965
[2026-06-07T17:40:06Z] shopify_index_expansion DEAD — restarting (consecutive_dead_ticks=1)
[2026-06-07T17:40:08Z] shopify_index_expansion restarted pid=1042964
[2026-06-07T17:40:08Z] crate_deep_page OK pid=3416260
[2026-06-07T17:40:08Z] hunt2_page OK pid=3416340
[2026-06-07T17:40:08Z] stock_page OK pid=3416442
[2026-06-07T17:40:08Z] keep-alive tick complete
===== keep-alive tick 2026-06-07T17:45:01Z =====
[2026-06-07T17:45:01Z] burst_discovery OK pid=1056443
[2026-06-07T17:45:01Z] brand_sitemap_miner DEAD — restarting (consecutive_dead_ticks=5)
[2026-06-07T17:45:03Z] brand_sitemap_miner restarted pid=1058370
[2026-06-07T17:45:03Z] brand_sitemap_miner ESCALATED — consecutive_dead_ticks=5 >= 4; written to /paperclip/instances/default/projects/177bc805-e3c8-4336-84cb-8e1e482d5a17/18221361-973a-493e-9e19-4c43b7a1c6eb/_default/data/buy31716-keep-alive-escalation.json
[2026-06-07T17:45:03Z] retailer_sitemap_miner OK pid=1042827
[2026-06-07T17:45:03Z] fast_wc_probe OK pid=975965
[2026-06-07T17:45:03Z] shopify_index_expansion OK pid=1042964
[2026-06-07T17:45:03Z] crate_deep_page OK pid=3416260
[2026-06-07T17:45:03Z] hunt2_page OK pid=3416340
[2026-06-07T17:45:04Z] stock_page OK pid=3416442
[2026-06-07T17:45:04Z] keep-alive tick complete
===== keep-alive tick 2026-06-07T17:50:01Z =====
[2026-06-07T17:50:01Z] burst_discovery OK pid=1100393
[2026-06-07T17:50:01Z] brand_sitemap_miner OK pid=1058370
[2026-06-07T17:50:01Z] retailer_sitemap_miner OK pid=1042827
[2026-06-07T17:50:01Z] fast_wc_probe OK pid=975965
[2026-06-07T17:50:01Z] shopify_index_expansion OK pid=1042964
[2026-06-07T17:50:01Z] crate_deep_page OK pid=3416260
[2026-06-07T17:50:01Z] hunt2_page OK pid=3416340
[2026-06-07T17:50:01Z] stock_page OK pid=3416442
[2026-06-07T17:50:01Z] keep-alive tick complete
===== keep-alive tick 2026-06-07T17:52:30Z =====
[2026-06-07T17:52:30Z] burst_discovery OK pid=1100393
[2026-06-07T17:52:31Z] brand_sitemap_miner DEAD — restarting (consecutive_dead_ticks=1)
[2026-06-07T17:52:33Z] brand_sitemap_miner restarted pid=1109000
[2026-06-07T17:52:33Z] retailer_sitemap_miner OK pid=1042827
[2026-06-07T17:52:33Z] fast_wc_probe OK pid=975965
[2026-06-07T17:52:33Z] shopify_index_expansion OK pid=1042964
[2026-06-07T17:52:33Z] crate_deep_page OK pid=3416260
[2026-06-07T17:52:33Z] hunt2_page OK pid=3416340
[2026-06-07T17:52:33Z] stock_page OK pid=3416442
[2026-06-07T17:52:33Z] keep-alive tick complete
===== keep-alive tick 2026-06-07T17:55:01Z =====
[2026-06-07T17:55:01Z] burst_discovery OK pid=1100393
[2026-06-07T17:55:01Z] brand_sitemap_miner DEAD — restarting (consecutive_dead_ticks=2)
[2026-06-07T17:55:03Z] brand_sitemap_miner restarted pid=1117545
Terminated
[2026-06-07T17:55:03Z] duplicate buy30590-retailer-sitemap-miner\.mjs killed pid=1042827 (kept 1114990)
[2026-06-07T17:55:03Z] retailer_sitemap_miner OK pid=1114990
[2026-06-07T17:55:03Z] fast_wc_probe OK pid=975965
Terminated
[2026-06-07T17:55:03Z] duplicate cc-shopify-index-expansion\.mjs killed pid=1042964 (kept 1114493)
[2026-06-07T17:55:03Z] shopify_index_expansion OK pid=1114493
[2026-06-07T17:55:03Z] crate_deep_page OK pid=3416260
[2026-06-07T17:55:03Z] hunt2_page OK pid=3416340
[2026-06-07T17:55:03Z] stock_page OK pid=3416442
[2026-06-07T17:55:03Z] keep-alive tick complete
===== keep-alive tick 2026-06-07T18:00:01Z =====
[2026-06-07T18:00:01Z] burst_discovery OK pid=1100393
[2026-06-07T18:00:01Z] brand_sitemap_miner DEAD — restarting (consecutive_dead_ticks=3)
[2026-06-07T18:00:03Z] brand_sitemap_miner restarted pid=1155633
[2026-06-07T18:00:03Z] retailer_sitemap_miner DEAD — restarting (consecutive_dead_ticks=1)
[2026-06-07T18:00:05Z] retailer_sitemap_miner restarted pid=1155959
[2026-06-07T18:00:05Z] fast_wc_probe OK pid=975965
[2026-06-07T18:00:05Z] shopify_index_expansion DEAD — restarting (consecutive_dead_ticks=1)
[2026-06-07T18:00:07Z] shopify_index_expansion restarted pid=1156157
[2026-06-07T18:00:07Z] crate_deep_page OK pid=3416260
[2026-06-07T18:00:07Z] hunt2_page OK pid=3416340
[2026-06-07T18:00:07Z] stock_page OK pid=3416442
[2026-06-07T18:00:07Z] keep-alive tick complete
===== keep-alive tick 2026-06-07T18:05:01Z =====
[2026-06-07T18:05:01Z] burst_discovery OK pid=1100393
[2026-06-07T18:05:01Z] brand_sitemap_miner OK pid=1155633
Terminated
[2026-06-07T18:05:01Z] duplicate buy30590-retailer-sitemap-miner\.mjs killed pid=1155959 (kept 1192778)
[2026-06-07T18:05:01Z] retailer_sitemap_miner OK pid=1192778
[2026-06-07T18:05:01Z] fast_wc_probe OK pid=975965
[2026-06-07T18:05:01Z] shopify_index_expansion OK pid=1156157
[2026-06-07T18:05:01Z] crate_deep_page OK pid=3416260
[2026-06-07T18:05:01Z] hunt2_page OK pid=3416340
[2026-06-07T18:05:01Z] stock_page OK pid=3416442
[2026-06-07T18:05:01Z] keep-alive tick complete
===== keep-alive tick 2026-06-07T18:10:01Z =====
[2026-06-07T18:10:01Z] burst_discovery OK pid=1100393
[2026-06-07T18:10:01Z] brand_sitemap_miner DEAD — restarting (consecutive_dead_ticks=1)
[2026-06-07T18:10:03Z] brand_sitemap_miner restarted pid=1283391
[2026-06-07T18:10:03Z] retailer_sitemap_miner DEAD — restarting (consecutive_dead_ticks=1)
[2026-06-07T18:10:05Z] retailer_sitemap_miner restarted pid=1283651
[2026-06-07T18:10:06Z] fast_wc_probe DEAD — restarting (consecutive_dead_ticks=1)
[2026-06-07T18:10:08Z] fast_wc_probe restarted pid=1283964
[2026-06-07T18:10:08Z] shopify_index_expansion OK pid=1156157
[2026-06-07T18:10:08Z] crate_deep_page DEAD — restarting (consecutive_dead_ticks=1)
[2026-06-07T18:10:10Z] crate_deep_page restarted pid=unknown
[2026-06-07T18:10:10Z] hunt2_page OK pid=3416340
[2026-06-07T18:10:10Z] stock_page OK pid=3416442
[2026-06-07T18:10:10Z] keep-alive tick complete
===== keep-alive tick 2026-06-07T18:13:14Z =====
[2026-06-07T18:13:14Z] burst_discovery OK pid=1100393
[2026-06-07T18:13:14Z] brand_sitemap_miner OK pid=1283391
[2026-06-07T18:13:14Z] retailer_sitemap_miner OK pid=1283651
[2026-06-07T18:13:14Z] fast_wc_probe OK pid=1283964
[2026-06-07T18:13:14Z] shopify_index_expansion OK pid=1156157
[2026-06-07T18:13:14Z] crate_deep_page DEAD — restarting (consecutive_dead_ticks=2)
[2026-06-07T18:13:16Z] crate_deep_page restarted pid=unknown
[2026-06-07T18:13:16Z] hunt2_page OK pid=3416340
[2026-06-07T18:13:16Z] stock_page OK pid=3416442
[2026-06-07T18:13:16Z] keep-alive tick complete
===== keep-alive tick 2026-06-07T18:15:01Z =====
[2026-06-07T18:15:01Z] burst_discovery OK pid=1100393
[2026-06-07T18:15:01Z] brand_sitemap_miner DEAD — restarting (consecutive_dead_ticks=1)
[2026-06-07T18:15:03Z] brand_sitemap_miner restarted pid=1299879
[2026-06-07T18:15:03Z] retailer_sitemap_miner OK pid=1283651
[2026-06-07T18:15:03Z] fast_wc_probe OK pid=1283964
[2026-06-07T18:15:03Z] shopify_index_expansion OK pid=1156157
[2026-06-07T18:15:03Z] crate_deep_page DEAD — restarting (consecutive_dead_ticks=3)
[2026-06-07T18:15:05Z] crate_deep_page restarted pid=unknown
[2026-06-07T18:15:05Z] hunt2_page OK pid=3416340
[2026-06-07T18:15:06Z] stock_page OK pid=3416442
[2026-06-07T18:15:06Z] keep-alive tick complete
===== keep-alive tick 2026-06-07T18:20:01Z =====
[2026-06-07T18:20:01Z] burst_discovery OK pid=1100393
[2026-06-07T18:20:01Z] brand_sitemap_miner OK pid=1299879
[2026-06-07T18:20:01Z] retailer_sitemap_miner OK pid=1283651
[2026-06-07T18:20:01Z] fast_wc_probe OK pid=1283964
[2026-06-07T18:20:01Z] shopify_index_expansion OK pid=1156157
[2026-06-07T18:20:01Z] crate_deep_page DEAD — restarting (consecutive_dead_ticks=4)
[2026-06-07T18:20:03Z] crate_deep_page restarted pid=unknown
[2026-06-07T18:20:03Z] crate_deep_page ESCALATED — consecutive_dead_ticks=4 >= 4; written to /paperclip/instances/default/projects/177bc805-e3c8-4336-84cb-8e1e482d5a17/18221361-973a-493e-9e19-4c43b7a1c6eb/_default/data/buy31716-keep-alive-escalation.json
[2026-06-07T18:20:03Z] hunt2_page OK pid=3416340
[2026-06-07T18:20:03Z] stock_page OK pid=3416442
[2026-06-07T18:20:03Z] keep-alive tick complete
===== keep-alive tick 2026-06-07T18:25:01Z =====
[2026-06-07T18:25:02Z] burst_discovery OK pid=1100393
[2026-06-07T18:25:02Z] brand_sitemap_miner OK pid=1299879
[2026-06-07T18:25:02Z] retailer_sitemap_miner OK pid=1283651
[2026-06-07T18:25:02Z] fast_wc_probe OK pid=1283964
[2026-06-07T18:25:02Z] shopify_index_expansion OK pid=1156157
[2026-06-07T18:25:02Z] crate_deep_page DEAD — restarting (consecutive_dead_ticks=5)
[2026-06-07T18:25:04Z] crate_deep_page restarted pid=unknown
[2026-06-07T18:25:04Z] crate_deep_page ESCALATED — consecutive_dead_ticks=5 >= 4; written to /paperclip/instances/default/projects/177bc805-e3c8-4336-84cb-8e1e482d5a17/18221361-973a-493e-9e19-4c43b7a1c6eb/_default/data/buy31716-keep-alive-escalation.json
[2026-06-07T18:25:04Z] hunt2_page OK pid=3416340
[2026-06-07T18:25:04Z] stock_page OK pid=3416442
[2026-06-07T18:25:04Z] keep-alive tick complete
===== keep-alive tick 2026-06-07T18:30:01Z =====
[2026-06-07T18:30:01Z] burst_discovery OK pid=1100393
[2026-06-07T18:30:01Z] brand_sitemap_miner OK pid=1299879
[2026-06-07T18:30:02Z] retailer_sitemap_miner OK pid=1283651
[2026-06-07T18:30:02Z] fast_wc_probe OK pid=1283964
[2026-06-07T18:30:02Z] shopify_index_expansion OK pid=1156157
[2026-06-07T18:30:02Z] crate_deep_page DEAD — restarting (consecutive_dead_ticks=6)
[2026-06-07T18:30:04Z] crate_deep_page restarted pid=unknown
[2026-06-07T18:30:04Z] crate_deep_page ESCALATED — consecutive_dead_ticks=6 >= 4; written to /paperclip/instances/default/projects/177bc805-e3c8-4336-84cb-8e1e482d5a17/18221361-973a-493e-9e19-4c43b7a1c6eb/_default/data/buy31716-keep-alive-escalation.json
[2026-06-07T18:30:04Z] hunt2_page OK pid=3416340
[2026-06-07T18:30:04Z] stock_page OK pid=3416442
[2026-06-07T18:30:04Z] keep-alive tick complete
===== keep-alive tick 2026-06-07T18:35:01Z =====
[2026-06-07T18:35:01Z] burst_discovery OK pid=1100393
[2026-06-07T18:35:01Z] brand_sitemap_miner DEAD — restarting (consecutive_dead_ticks=1)
[2026-06-07T18:35:03Z] brand_sitemap_miner restarted pid=1356027
[2026-06-07T18:35:03Z] retailer_sitemap_miner OK pid=1283651
[2026-06-07T18:35:03Z] fast_wc_probe OK pid=1283964
[2026-06-07T18:35:03Z] shopify_index_expansion OK pid=1156157
[2026-06-07T18:35:03Z] crate_deep_page DEAD — restarting (consecutive_dead_ticks=7)
[2026-06-07T18:35:05Z] crate_deep_page restarted pid=unknown
[2026-06-07T18:35:05Z] crate_deep_page ESCALATED — consecutive_dead_ticks=7 >= 4; written to /paperclip/instances/default/projects/177bc805-e3c8-4336-84cb-8e1e482d5a17/18221361-973a-493e-9e19-4c43b7a1c6eb/_default/data/buy31716-keep-alive-escalation.json
[2026-06-07T18:35:05Z] hunt2_page OK pid=3416340
[2026-06-07T18:35:05Z] stock_page OK pid=3416442
[2026-06-07T18:35:05Z] keep-alive tick complete
===== keep-alive tick 2026-06-07T18:40:01Z =====
[2026-06-07T18:40:01Z] burst_discovery OK pid=1100393
[2026-06-07T18:40:01Z] brand_sitemap_miner DEAD — restarting (consecutive_dead_ticks=2)
[2026-06-07T18:40:04Z] brand_sitemap_miner restarted pid=1372580
[2026-06-07T18:40:04Z] retailer_sitemap_miner OK pid=1283651
[2026-06-07T18:40:04Z] fast_wc_probe OK pid=1283964
[2026-06-07T18:40:04Z] shopify_index_expansion OK pid=1156157
[2026-06-07T18:40:04Z] crate_deep_page DEAD — restarting (consecutive_dead_ticks=8)
[2026-06-07T18:40:06Z] crate_deep_page restarted pid=unknown
[2026-06-07T18:40:06Z] crate_deep_page ESCALATED — consecutive_dead_ticks=8 >= 4; written to /paperclip/instances/default/projects/177bc805-e3c8-4336-84cb-8e1e482d5a17/18221361-973a-493e-9e19-4c43b7a1c6eb/_default/data/buy31716-keep-alive-escalation.json
[2026-06-07T18:40:06Z] hunt2_page OK pid=3416340
[2026-06-07T18:40:06Z] stock_page OK pid=3416442
[2026-06-07T18:40:06Z] keep-alive tick complete
===== keep-alive tick 2026-06-07T18:45:01Z =====
[2026-06-07T18:45:01Z] burst_discovery OK pid=1100393
[2026-06-07T18:45:02Z] brand_sitemap_miner DEAD — restarting (consecutive_dead_ticks=3)
[2026-06-07T18:45:04Z] duplicate buy30590-brand-sitemap-miner\.mjs killed pid=1387280 (kept 1387278)
[2026-06-07T18:45:04Z] brand_sitemap_miner restarted pid=1387278
[2026-06-07T18:45:04Z] retailer_sitemap_miner OK pid=1283651
[2026-06-07T18:45:04Z] fast_wc_probe OK pid=1283964
[2026-06-07T18:45:04Z] shopify_index_expansion OK pid=1156157
[2026-06-07T18:45:04Z] crate_deep_page DEAD — restarting (consecutive_dead_ticks=9)
[2026-06-07T18:45:06Z] crate_deep_page restarted pid=1387570
[2026-06-07T18:45:06Z] crate_deep_page ESCALATED — consecutive_dead_ticks=9 >= 4; written to /paperclip/instances/default/projects/177bc805-e3c8-4336-84cb-8e1e482d5a17/18221361-973a-493e-9e19-4c43b7a1c6eb/_default/data/buy31716-keep-alive-escalation.json
[2026-06-07T18:45:06Z] hunt2_page OK pid=3416340
[2026-06-07T18:45:06Z] stock_page OK pid=3416442
[2026-06-07T18:45:06Z] keep-alive tick complete
Terminated
===== keep-alive tick 2026-06-07T18:50:01Z =====
[2026-06-07T18:50:01Z] burst_discovery OK pid=1100393
[2026-06-07T18:50:01Z] brand_sitemap_miner OK pid=1390246
[2026-06-07T18:50:02Z] retailer_sitemap_miner OK pid=1283651
[2026-06-07T18:50:02Z] fast_wc_probe OK pid=1283964
[2026-06-07T18:50:02Z] shopify_index_expansion OK pid=1156157
[2026-06-07T18:50:02Z] crate_deep_page OK pid=1387570
[2026-06-07T18:50:02Z] hunt2_page OK pid=3416340
[2026-06-07T18:50:02Z] stock_page OK pid=3416442
[2026-06-07T18:50:02Z] keep-alive tick complete
===== keep-alive tick 2026-06-07T18:55:01Z =====
[2026-06-07T18:55:01Z] burst_discovery OK pid=1100393
[2026-06-07T18:55:01Z] brand_sitemap_miner DEAD — restarting (consecutive_dead_ticks=1)
[2026-06-07T18:55:03Z] brand_sitemap_miner restarted pid=1415714
[2026-06-07T18:55:03Z] retailer_sitemap_miner OK pid=1283651
[2026-06-07T18:55:04Z] fast_wc_probe DEAD — restarting (consecutive_dead_ticks=1)
[2026-06-07T18:55:06Z] fast_wc_probe restarted pid=1415899
[2026-06-07T18:55:06Z] shopify_index_expansion OK pid=1156157
[2026-06-07T18:55:06Z] crate_deep_page OK pid=1387570
[2026-06-07T18:55:06Z] hunt2_page OK pid=3416340
[2026-06-07T18:55:06Z] stock_page OK pid=3416442
[2026-06-07T18:55:06Z] keep-alive tick complete
===== keep-alive tick 2026-06-07T19:00:01Z =====
[2026-06-07T19:00:02Z] burst_discovery OK pid=1100393
[2026-06-07T19:00:02Z] brand_sitemap_miner OK pid=1415714
[2026-06-07T19:00:02Z] retailer_sitemap_miner OK pid=1283651
[2026-06-07T19:00:02Z] fast_wc_probe OK pid=1415899
[2026-06-07T19:00:02Z] shopify_index_expansion OK pid=1156157
[2026-06-07T19:00:02Z] crate_deep_page OK pid=1387570
[2026-06-07T19:00:02Z] hunt2_page OK pid=3416340
[2026-06-07T19:00:02Z] stock_page OK pid=3416442
[2026-06-07T19:00:02Z] keep-alive tick complete
===== keep-alive tick 2026-06-07T19:05:01Z =====
[2026-06-07T19:05:01Z] burst_discovery OK pid=1434877
[2026-06-07T19:05:01Z] brand_sitemap_miner OK pid=1415714
[2026-06-07T19:05:01Z] retailer_sitemap_miner OK pid=1283651
[2026-06-07T19:05:01Z] fast_wc_probe OK pid=1415899
[2026-06-07T19:05:01Z] shopify_index_expansion OK pid=1156157
[2026-06-07T19:05:01Z] crate_deep_page DEAD — restarting (consecutive_dead_ticks=1)
[2026-06-07T19:05:03Z] crate_deep_page restarted pid=1444972
[2026-06-07T19:05:03Z] hunt2_page OK pid=3416340
[2026-06-07T19:05:03Z] stock_page OK pid=3416442
[2026-06-07T19:05:03Z] keep-alive tick complete
===== keep-alive tick 2026-06-07T19:10:01Z =====
[2026-06-07T19:10:01Z] burst_discovery OK pid=1434877
[2026-06-07T19:10:02Z] brand_sitemap_miner OK pid=1415714
[2026-06-07T19:10:02Z] retailer_sitemap_miner OK pid=1283651
[2026-06-07T19:10:02Z] fast_wc_probe OK pid=1415899
[2026-06-07T19:10:02Z] shopify_index_expansion OK pid=1156157
[2026-06-07T19:10:02Z] crate_deep_page DEAD — restarting (consecutive_dead_ticks=2)
[2026-06-07T19:10:04Z] crate_deep_page restarted pid=1461575
[2026-06-07T19:10:04Z] hunt2_page OK pid=3416340
[2026-06-07T19:10:04Z] stock_page OK pid=3416442
[2026-06-07T19:10:04Z] keep-alive tick complete
===== keep-alive tick 2026-06-07T19:15:01Z =====
[2026-06-07T19:15:01Z] burst_discovery OK pid=1434877
[2026-06-07T19:15:01Z] brand_sitemap_miner OK pid=1415714
[2026-06-07T19:15:01Z] retailer_sitemap_miner OK pid=1283651
[2026-06-07T19:15:01Z] fast_wc_probe OK pid=1415899
[2026-06-07T19:15:01Z] shopify_index_expansion OK pid=1156157
[2026-06-07T19:15:01Z] crate_deep_page OK pid=1461575
[2026-06-07T19:15:01Z] hunt2_page OK pid=3416340
[2026-06-07T19:15:01Z] stock_page OK pid=3416442
[2026-06-07T19:15:01Z] keep-alive tick complete
===== keep-alive tick 2026-06-07T19:20:01Z =====
[2026-06-07T19:20:01Z] burst_discovery OK pid=1434877
[2026-06-07T19:20:01Z] brand_sitemap_miner DEAD — restarting (consecutive_dead_ticks=1)
[2026-06-07T19:20:03Z] brand_sitemap_miner restarted pid=1493169
[2026-06-07T19:20:03Z] retailer_sitemap_miner OK pid=1283651
[2026-06-07T19:20:03Z] fast_wc_probe OK pid=1415899
[2026-06-07T19:20:04Z] shopify_index_expansion OK pid=1156157
[2026-06-07T19:20:04Z] crate_deep_page DEAD — restarting (consecutive_dead_ticks=1)
[2026-06-07T19:20:06Z] crate_deep_page restarted pid=1493366
[2026-06-07T19:20:06Z] hunt2_page OK pid=3416340
[2026-06-07T19:20:06Z] stock_page OK pid=3416442
[2026-06-07T19:20:06Z] keep-alive tick complete
===== keep-alive tick 2026-06-07T19:25:01Z =====
[2026-06-07T19:25:01Z] burst_discovery OK pid=1434877
[2026-06-07T19:25:01Z] brand_sitemap_miner DEAD — restarting (consecutive_dead_ticks=2)
[2026-06-07T19:25:03Z] brand_sitemap_miner restarted pid=1506707
[2026-06-07T19:25:03Z] retailer_sitemap_miner DEAD — restarting (consecutive_dead_ticks=1)
[2026-06-07T19:25:05Z] retailer_sitemap_miner restarted pid=1506876
[2026-06-07T19:25:05Z] fast_wc_probe DEAD — restarting (consecutive_dead_ticks=1)
[2026-06-07T19:25:08Z] fast_wc_probe restarted pid=1506963
[2026-06-07T19:25:08Z] shopify_index_expansion DEAD — restarting (consecutive_dead_ticks=1)
[2026-06-07T19:25:10Z] shopify_index_expansion restarted pid=1507141
[2026-06-07T19:25:10Z] crate_deep_page DEAD — restarting (consecutive_dead_ticks=2)
[2026-06-07T19:25:12Z] crate_deep_page restarted pid=1507235
[2026-06-07T19:25:12Z] hunt2_page OK pid=3416340
[2026-06-07T19:25:12Z] stock_page OK pid=3416442
[2026-06-07T19:25:12Z] keep-alive tick complete
Terminated
Terminated
===== keep-alive tick 2026-06-07T19:27:56Z =====
[2026-06-07T19:27:56Z] burst_discovery OK pid=1434877
[2026-06-07T19:27:56Z] brand_sitemap_miner DEAD — restarting (consecutive_dead_ticks=3)
[2026-06-07T19:27:58Z] brand_sitemap_miner restarted pid=1514881
[2026-06-07T19:27:58Z] duplicate buy30590-retailer-sitemap-loop\.mjs killed pid=1506876 (kept 1508965)
[2026-06-07T19:27:58Z] duplicate buy30590-retailer-sitemap-loop\.mjs killed pid=1508966 (kept 1508965)
[2026-06-07T19:27:58Z] retailer_sitemap_miner OK pid=1508965
Terminated
[2026-06-07T19:27:58Z] fast_wc_probe OK pid=1506963
[2026-06-07T19:27:58Z] shopify_index_expansion OK pid=1507141
[2026-06-07T19:27:59Z] crate_deep_page DEAD — restarting (consecutive_dead_ticks=3)
[2026-06-07T19:28:01Z] crate_deep_page restarted pid=1515072
[2026-06-07T19:28:01Z] hunt2_page DEAD — restarting (consecutive_dead_ticks=1)
[2026-06-07T19:28:03Z] hunt2_page restarted pid=1515227
[2026-06-07T19:28:03Z] stock_page DEAD — restarting (consecutive_dead_ticks=1)
[2026-06-07T19:28:05Z] stock_page restarted pid=1515349
[2026-06-07T19:28:05Z] keep-alive tick complete
===== keep-alive tick 2026-06-07T19:29:12Z =====
[2026-06-07T19:29:12Z] burst_discovery OK pid=1434877
[2026-06-07T19:29:12Z] brand_sitemap_miner DEAD — restarting (consecutive_dead_ticks=4)
[2026-06-07T19:29:14Z] brand_sitemap_miner restarted pid=1519187
[2026-06-07T19:29:14Z] brand_sitemap_miner ESCALATED — consecutive_dead_ticks=4 >= 4; written to /paperclip/instances/default/projects/177bc805-e3c8-4336-84cb-8e1e482d5a17/18221361-973a-493e-9e19-4c43b7a1c6eb/_default/data/buy31716-keep-alive-escalation.json
[2026-06-07T19:29:14Z] retailer_sitemap_miner OK pid=1518563
[2026-06-07T19:29:14Z] fast_wc_probe OK pid=1506963
[2026-06-07T19:29:14Z] shopify_index_expansion OK pid=1507141
[2026-06-07T19:29:14Z] crate_deep_page OK pid=1515072
[2026-06-07T19:29:14Z] hunt2_page OK pid=1515227
[2026-06-07T19:29:14Z] stock_page OK pid=1515349
[2026-06-07T19:29:14Z] keep-alive tick complete
===== keep-alive tick 2026-06-07T19:30:01Z =====
[2026-06-07T19:30:01Z] burst_discovery OK pid=1434877
[2026-06-07T19:30:01Z] brand_sitemap_miner OK pid=1519187
[2026-06-07T19:30:01Z] retailer_sitemap_miner OK pid=1518563
[2026-06-07T19:30:01Z] fast_wc_probe OK pid=1506963
[2026-06-07T19:30:01Z] shopify_index_expansion OK pid=1507141
[2026-06-07T19:30:01Z] crate_deep_page DEAD — restarting (consecutive_dead_ticks=1)
[2026-06-07T19:30:03Z] crate_deep_page restarted pid=1522065
[2026-06-07T19:30:03Z] hunt2_page OK pid=1515227
[2026-06-07T19:30:03Z] stock_page OK pid=1515349
[2026-06-07T19:30:03Z] keep-alive tick complete
===== keep-alive tick 2026-06-07T19:35:01Z =====
[2026-06-07T19:35:01Z] burst_discovery OK pid=1434877
[2026-06-07T19:35:01Z] brand_sitemap_miner OK pid=1519187
[2026-06-07T19:35:01Z] retailer_sitemap_miner OK pid=1518563
[2026-06-07T19:35:01Z] fast_wc_probe OK pid=1506963
[2026-06-07T19:35:01Z] shopify_index_expansion OK pid=1507141
[2026-06-07T19:35:01Z] crate_deep_page OK pid=1522065
[2026-06-07T19:35:01Z] hunt2_page OK pid=1515227
[2026-06-07T19:35:01Z] stock_page DEAD — restarting (consecutive_dead_ticks=1)
[2026-06-07T19:35:03Z] stock_page restarted pid=1536081
[2026-06-07T19:35:03Z] keep-alive tick complete
===== keep-alive tick 2026-06-07T19:40:01Z =====
[2026-06-07T19:40:01Z] burst_discovery OK pid=1434877
[2026-06-07T19:40:01Z] brand_sitemap_miner OK pid=1519187
[2026-06-07T19:40:01Z] retailer_sitemap_miner OK pid=1518563
[2026-06-07T19:40:01Z] fast_wc_probe OK pid=1506963
[2026-06-07T19:40:01Z] shopify_index_expansion OK pid=1507141
[2026-06-07T19:40:01Z] crate_deep_page OK pid=1522065
[2026-06-07T19:40:02Z] hunt2_page OK pid=1515227
[2026-06-07T19:40:02Z] stock_page OK pid=1536081
[2026-06-07T19:40:02Z] keep-alive tick complete
===== keep-alive tick 2026-06-07T19:45:01Z =====
[2026-06-07T19:45:01Z] burst_discovery OK pid=1434877
[2026-06-07T19:45:01Z] brand_sitemap_miner DEAD — restarting (consecutive_dead_ticks=1)
[2026-06-07T19:45:03Z] brand_sitemap_miner restarted pid=1562107
[2026-06-07T19:45:03Z] retailer_sitemap_miner OK pid=1518563
[2026-06-07T19:45:04Z] fast_wc_probe OK pid=1506963
[2026-06-07T19:45:04Z] shopify_index_expansion OK pid=1507141
[2026-06-07T19:45:04Z] crate_deep_page DEAD — restarting (consecutive_dead_ticks=1)
[2026-06-07T19:45:06Z] crate_deep_page restarted pid=1562451
[2026-06-07T19:45:06Z] hunt2_page OK pid=1515227
[2026-06-07T19:45:06Z] stock_page DEAD — restarting (consecutive_dead_ticks=1)
[2026-06-07T19:45:08Z] stock_page restarted pid=1562598
[2026-06-07T19:45:08Z] keep-alive tick complete
===== keep-alive tick 2026-06-07T19:50:01Z =====
[2026-06-07T19:50:01Z] burst_discovery OK pid=1434877
[2026-06-07T19:50:01Z] brand_sitemap_miner OK pid=1562107
[2026-06-07T19:50:01Z] retailer_sitemap_miner OK pid=1518563
[2026-06-07T19:50:01Z] fast_wc_probe OK pid=1506963
[2026-06-07T19:50:01Z] shopify_index_expansion OK pid=1507141
[2026-06-07T19:50:01Z] crate_deep_page OK pid=1562451
[2026-06-07T19:50:01Z] hunt2_page OK pid=1515227
[2026-06-07T19:50:01Z] stock_page OK pid=1562598
[2026-06-07T19:50:01Z] keep-alive tick complete
===== keep-alive tick 2026-06-07T19:55:01Z =====
[2026-06-07T19:55:01Z] burst_discovery OK pid=1434877
[2026-06-07T19:55:01Z] brand_sitemap_miner OK pid=1562107
[2026-06-07T19:55:02Z] retailer_sitemap_miner OK pid=1518563
[2026-06-07T19:55:02Z] fast_wc_probe OK pid=1506963
[2026-06-07T19:55:02Z] shopify_index_expansion OK pid=1507141
[2026-06-07T19:55:02Z] crate_deep_page OK pid=1562451
[2026-06-07T19:55:02Z] hunt2_page OK pid=1515227
[2026-06-07T19:55:02Z] stock_page OK pid=1562598
[2026-06-07T19:55:02Z] keep-alive tick complete
===== keep-alive tick 2026-06-07T19:57:09Z =====
[2026-06-07T19:57:09Z] burst_discovery OK pid=1434877
[2026-06-07T19:57:09Z] brand_sitemap_miner OK pid=1562107
[2026-06-07T19:57:09Z] retailer_sitemap_miner OK pid=1518563
[2026-06-07T19:57:09Z] fast_wc_probe OK pid=1506963
[2026-06-07T19:57:09Z] shopify_index_expansion OK pid=1507141
[2026-06-07T19:57:09Z] crate_deep_page OK pid=1562451
[2026-06-07T19:57:09Z] hunt2_page OK pid=1515227
[2026-06-07T19:57:09Z] stock_page OK pid=1562598
[2026-06-07T19:57:09Z] keep-alive tick complete
===== keep-alive tick 2026-06-07T20:00:01Z =====
[2026-06-07T20:00:01Z] burst_discovery OK pid=1434877
[2026-06-07T20:00:02Z] brand_sitemap_miner OK pid=1562107
[2026-06-07T20:00:02Z] retailer_sitemap_miner OK pid=1518563
[2026-06-07T20:00:02Z] fast_wc_probe OK pid=1506963
[2026-06-07T20:00:02Z] shopify_index_expansion OK pid=1507141
[2026-06-07T20:00:02Z] crate_deep_page DEAD — restarting (consecutive_dead_ticks=1)
[2026-06-07T20:00:04Z] crate_deep_page restarted pid=1608384
[2026-06-07T20:00:04Z] hunt2_page DEAD — restarting (consecutive_dead_ticks=1)
[2026-06-07T20:00:06Z] hunt2_page restarted pid=1608604
[2026-06-07T20:00:06Z] stock_page OK pid=1562598
[2026-06-07T20:00:06Z] keep-alive tick complete
===== keep-alive tick 2026-06-07T20:05:01Z =====
[2026-06-07T20:05:01Z] burst_discovery OK pid=1618077
[2026-06-07T20:05:01Z] brand_sitemap_miner OK pid=1562107
[2026-06-07T20:05:01Z] retailer_sitemap_miner OK pid=1518563
[2026-06-07T20:05:01Z] fast_wc_probe OK pid=1506963
[2026-06-07T20:05:01Z] shopify_index_expansion OK pid=1507141
[2026-06-07T20:05:02Z] crate_deep_page DEAD — restarting (consecutive_dead_ticks=2)
[2026-06-07T20:05:04Z] crate_deep_page restarted pid=1624172
[2026-06-07T20:05:04Z] hunt2_page DEAD — restarting (consecutive_dead_ticks=2)
[2026-06-07T20:05:06Z] hunt2_page restarted pid=1624301
[2026-06-07T20:05:06Z] stock_page DEAD — restarting (consecutive_dead_ticks=1)
[2026-06-07T20:05:08Z] stock_page restarted pid=1624466
[2026-06-07T20:05:08Z] keep-alive tick complete
===== keep-alive tick 2026-06-07T20:10:01Z =====
[2026-06-07T20:10:01Z] burst_discovery OK pid=1618077
[2026-06-07T20:10:01Z] brand_sitemap_miner OK pid=1562107
[2026-06-07T20:10:01Z] retailer_sitemap_miner OK pid=1518563
[2026-06-07T20:10:01Z] fast_wc_probe OK pid=1506963
[2026-06-07T20:10:01Z] shopify_index_expansion OK pid=1507141
[2026-06-07T20:10:01Z] crate_deep_page OK pid=1624172
[2026-06-07T20:10:01Z] hunt2_page OK pid=1624301
[2026-06-07T20:10:02Z] stock_page OK pid=1624466
[2026-06-07T20:10:02Z] keep-alive tick complete
===== keep-alive tick 2026-06-07T20:15:01Z =====
[2026-06-07T20:15:01Z] burst_discovery OK pid=1618077
[2026-06-07T20:15:01Z] brand_sitemap_miner OK pid=1562107
[2026-06-07T20:15:01Z] retailer_sitemap_miner OK pid=1518563
[2026-06-07T20:15:01Z] fast_wc_probe OK pid=1506963
[2026-06-07T20:15:01Z] shopify_index_expansion OK pid=1507141
[2026-06-07T20:15:01Z] crate_deep_page OK pid=1624172
[2026-06-07T20:15:01Z] hunt2_page OK pid=1624301
[2026-06-07T20:15:02Z] stock_page OK pid=1624466
[2026-06-07T20:15:02Z] keep-alive tick complete
===== keep-alive tick 2026-06-07T20:20:01Z =====
[2026-06-07T20:20:01Z] burst_discovery OK pid=1618077
[2026-06-07T20:20:01Z] brand_sitemap_miner OK pid=1562107
[2026-06-07T20:20:01Z] retailer_sitemap_miner OK pid=1518563
[2026-06-07T20:20:01Z] fast_wc_probe OK pid=1506963
[2026-06-07T20:20:01Z] shopify_index_expansion OK pid=1507141
[2026-06-07T20:20:01Z] crate_deep_page DEAD — restarting (consecutive_dead_ticks=1)
[2026-06-07T20:20:03Z] crate_deep_page restarted pid=1688796
[2026-06-07T20:20:03Z] hunt2_page OK pid=1624301
[2026-06-07T20:20:04Z] stock_page OK pid=1624466
[2026-06-07T20:20:04Z] keep-alive tick complete
===== keep-alive tick 2026-06-07T20:25:01Z =====
[2026-06-07T20:25:01Z] burst_discovery OK pid=1618077
[2026-06-07T20:25:01Z] brand_sitemap_miner OK pid=1562107
[2026-06-07T20:25:01Z] retailer_sitemap_miner OK pid=1518563
[2026-06-07T20:25:01Z] fast_wc_probe OK pid=1506963
[2026-06-07T20:25:01Z] shopify_index_expansion OK pid=1507141
[2026-06-07T20:25:01Z] crate_deep_page OK pid=1688796
[2026-06-07T20:25:01Z] hunt2_page OK pid=1624301
[2026-06-07T20:25:01Z] stock_page OK pid=1624466
[2026-06-07T20:25:01Z] keep-alive tick complete
===== keep-alive tick 2026-06-07T20:30:01Z =====
[2026-06-07T20:30:01Z] burst_discovery OK pid=1618077
[2026-06-07T20:30:02Z] brand_sitemap_miner OK pid=1562107
[2026-06-07T20:30:02Z] retailer_sitemap_miner OK pid=1518563
[2026-06-07T20:30:02Z] fast_wc_probe OK pid=1506963
[2026-06-07T20:30:02Z] shopify_index_expansion OK pid=1507141
[2026-06-07T20:30:02Z] crate_deep_page OK pid=1688796
[2026-06-07T20:30:02Z] hunt2_page OK pid=1624301
[2026-06-07T20:30:02Z] stock_page OK pid=1624466
[2026-06-07T20:30:02Z] keep-alive tick complete
===== keep-alive tick 2026-06-07T20:35:01Z =====
[2026-06-07T20:35:01Z] burst_discovery OK pid=1618077
[2026-06-07T20:35:01Z] brand_sitemap_miner OK pid=1562107
[2026-06-07T20:35:01Z] retailer_sitemap_miner OK pid=1518563
[2026-06-07T20:35:02Z] fast_wc_probe OK pid=1506963
[2026-06-07T20:35:02Z] shopify_index_expansion OK pid=1507141
[2026-06-07T20:35:02Z] crate_deep_page OK pid=1688796
[2026-06-07T20:35:02Z] hunt2_page OK pid=1624301
[2026-06-07T20:35:02Z] stock_page OK pid=1624466
[2026-06-07T20:35:02Z] keep-alive tick complete
===== keep-alive tick 2026-06-07T20:37:50Z =====
[2026-06-07T20:37:50Z] burst_discovery OK pid=1618077
[2026-06-07T20:37:50Z] brand_sitemap_miner OK pid=1562107
[2026-06-07T20:37:50Z] retailer_sitemap_miner OK pid=1518563
[2026-06-07T20:37:50Z] fast_wc_probe OK pid=1506963
[2026-06-07T20:37:50Z] shopify_index_expansion OK pid=1507141
[2026-06-07T20:37:50Z] crate_deep_page OK pid=1688796
[2026-06-07T20:37:51Z] hunt2_page OK pid=1624301
[2026-06-07T20:37:51Z] stock_page DEAD — restarting (consecutive_dead_ticks=1)
[2026-06-07T20:37:53Z] stock_page restarted pid=1756750
[2026-06-07T20:37:53Z] keep-alive tick complete
Terminated
Terminated
===== keep-alive tick 2026-06-07T20:39:34Z =====
[2026-06-07T20:39:34Z] burst_discovery OK pid=1618077
[2026-06-07T20:39:34Z] brand_sitemap_miner OK pid=1562107
[2026-06-07T20:39:34Z] retailer_sitemap_miner OK pid=1518563
[2026-06-07T20:39:34Z] fast_wc_probe OK pid=1506963
[2026-06-07T20:39:34Z] shopify_index_expansion OK pid=1507141
[2026-06-07T20:39:34Z] crate_deep_page DEAD — restarting (consecutive_dead_ticks=1)
[2026-06-07T20:39:36Z] crate_deep_page restarted pid=1762672
[2026-06-07T20:39:36Z] hunt2_page DEAD — restarting (consecutive_dead_ticks=1)
[2026-06-07T20:39:38Z] hunt2_page restarted pid=1762799
[2026-06-07T20:39:39Z] stock_page OK pid=1756750
[2026-06-07T20:39:39Z] keep-alive tick complete
===== keep-alive tick 2026-06-07T20:40:01Z =====
[2026-06-07T20:40:01Z] burst_discovery OK pid=1618077
[2026-06-07T20:40:01Z] brand_sitemap_miner OK pid=1562107
[2026-06-07T20:40:01Z] retailer_sitemap_miner OK pid=1518563
[2026-06-07T20:40:01Z] fast_wc_probe OK pid=1506963
[2026-06-07T20:40:01Z] shopify_index_expansion OK pid=1507141
[2026-06-07T20:40:01Z] crate_deep_page OK pid=1762672
[2026-06-07T20:40:02Z] hunt2_page OK pid=1762799
[2026-06-07T20:40:02Z] stock_page OK pid=1756750
[2026-06-07T20:40:02Z] keep-alive tick complete
Terminated
===== keep-alive tick 2026-06-07T20:43:36Z =====
[2026-06-07T20:43:36Z] burst_discovery OK pid=1618077
[2026-06-07T20:43:36Z] brand_sitemap_miner OK pid=1562107
[2026-06-07T20:43:36Z] retailer_sitemap_miner OK pid=1518563
[2026-06-07T20:43:36Z] fast_wc_probe OK pid=1506963
[2026-06-07T20:43:36Z] shopify_index_expansion OK pid=1507141
[2026-06-07T20:43:36Z] crate_deep_page OK pid=1762672
[2026-06-07T20:43:36Z] hunt2_page OK pid=1762799
[2026-06-07T20:43:36Z] stock_page DEAD — restarting (consecutive_dead_ticks=1)
[2026-06-07T20:43:38Z] stock_page restarted pid=1777178
[2026-06-07T20:43:38Z] keep-alive tick complete
Terminated
Terminated
===== keep-alive tick 2026-06-07T20:43:43Z =====
[2026-06-07T20:43:43Z] burst_discovery OK pid=1618077
[2026-06-07T20:43:43Z] brand_sitemap_miner OK pid=1562107
[2026-06-07T20:43:44Z] retailer_sitemap_miner OK pid=1518563
[2026-06-07T20:43:44Z] fast_wc_probe OK pid=1506963
[2026-06-07T20:43:44Z] shopify_index_expansion OK pid=1507141
[2026-06-07T20:43:44Z] crate_deep_page OK pid=1762672
[2026-06-07T20:43:44Z] hunt2_page DEAD — restarting (consecutive_dead_ticks=1)
[2026-06-07T20:43:46Z] hunt2_page restarted pid=1778016
[2026-06-07T20:43:46Z] stock_page DEAD — restarting (consecutive_dead_ticks=2)
[2026-06-07T20:43:48Z] stock_page restarted pid=1778329
[2026-06-07T20:43:48Z] keep-alive tick complete
===== keep-alive tick 2026-06-07T20:45:01Z =====
[2026-06-07T20:45:01Z] burst_discovery OK pid=1618077
[2026-06-07T20:45:01Z] brand_sitemap_miner OK pid=1562107
[2026-06-07T20:45:01Z] retailer_sitemap_miner OK pid=1518563
[2026-06-07T20:45:01Z] fast_wc_probe OK pid=1506963
[2026-06-07T20:45:01Z] shopify_index_expansion OK pid=1507141
[2026-06-07T20:45:01Z] crate_deep_page OK pid=1762672
[2026-06-07T20:45:02Z] hunt2_page OK pid=1778016
[2026-06-07T20:45:02Z] stock_page OK pid=1778329
[2026-06-07T20:45:02Z] keep-alive tick complete
===== keep-alive tick 2026-06-07T20:50:01Z =====
[2026-06-07T20:50:01Z] burst_discovery OK pid=1618077
[2026-06-07T20:50:01Z] brand_sitemap_miner OK pid=1562107
[2026-06-07T20:50:01Z] retailer_sitemap_miner OK pid=1518563
[2026-06-07T20:50:01Z] fast_wc_probe OK pid=1506963
[2026-06-07T20:50:01Z] shopify_index_expansion OK pid=1507141
[2026-06-07T20:50:01Z] crate_deep_page OK pid=1762672
[2026-06-07T20:50:01Z] hunt2_page OK pid=1778016
[2026-06-07T20:50:01Z] stock_page OK pid=1778329
[2026-06-07T20:50:02Z] keep-alive tick complete
===== keep-alive tick 2026-06-07T20:55:01Z =====
[2026-06-07T20:55:01Z] burst_discovery OK pid=1618077
[2026-06-07T20:55:01Z] brand_sitemap_miner OK pid=1562107
[2026-06-07T20:55:01Z] retailer_sitemap_miner OK pid=1518563
[2026-06-07T20:55:01Z] fast_wc_probe OK pid=1506963
[2026-06-07T20:55:01Z] shopify_index_expansion OK pid=1507141
[2026-06-07T20:55:01Z] crate_deep_page OK pid=1762672
[2026-06-07T20:55:01Z] hunt2_page OK pid=1778016
[2026-06-07T20:55:01Z] stock_page OK pid=1778329
[2026-06-07T20:55:01Z] keep-alive tick complete
===== keep-alive tick 2026-06-07T21:00:01Z =====
[2026-06-07T21:00:01Z] burst_discovery OK pid=1618077
[2026-06-07T21:00:01Z] brand_sitemap_miner OK pid=1562107
[2026-06-07T21:00:01Z] retailer_sitemap_miner OK pid=1518563
[2026-06-07T21:00:01Z] fast_wc_probe OK pid=1506963
[2026-06-07T21:00:01Z] shopify_index_expansion OK pid=1507141
[2026-06-07T21:00:01Z] crate_deep_page OK pid=1762672
[2026-06-07T21:00:01Z] hunt2_page OK pid=1778016
[2026-06-07T21:00:01Z] stock_page OK pid=1778329
[2026-06-07T21:00:01Z] keep-alive tick complete
===== keep-alive tick 2026-06-07T21:05:01Z =====
[2026-06-07T21:05:01Z] burst_discovery OK pid=1618077
[2026-06-07T21:05:01Z] brand_sitemap_miner OK pid=1562107
[2026-06-07T21:05:01Z] retailer_sitemap_miner OK pid=1518563
[2026-06-07T21:05:01Z] fast_wc_probe OK pid=1506963
[2026-06-07T21:05:01Z] shopify_index_expansion OK pid=1507141
[2026-06-07T21:05:01Z] crate_deep_page OK pid=1762672
[2026-06-07T21:05:01Z] hunt2_page OK pid=1778016
[2026-06-07T21:05:01Z] stock_page OK pid=1778329
[2026-06-07T21:05:01Z] keep-alive tick complete
===== keep-alive tick 2026-06-07T21:10:01Z =====
[2026-06-07T21:10:01Z] burst_discovery OK pid=1618077
[2026-06-07T21:10:01Z] brand_sitemap_miner OK pid=1562107
[2026-06-07T21:10:02Z] retailer_sitemap_miner OK pid=1518563
[2026-06-07T21:10:02Z] fast_wc_probe OK pid=1506963
[2026-06-07T21:10:02Z] shopify_index_expansion OK pid=1507141
[2026-06-07T21:10:02Z] crate_deep_page OK pid=1762672
[2026-06-07T21:10:02Z] hunt2_page OK pid=1778016
[2026-06-07T21:10:02Z] stock_page OK pid=1778329
[2026-06-07T21:10:02Z] keep-alive tick complete
[2026-06-07T21:30:13Z] TEST APPEND
===== TEST BLOCK 2026-06-07T21:30:23Z =====
TEST LINE
[2026-06-10T19:02:56Z] MANUAL APPEND TEST
[2026-06-10T19:10:10Z] DIRECT-CLI-APPEND
TEST FROM BASH SUBCONTEXT
INODE WRITE
RETRY-1-1781118695
TEE-TEST-1781118695
SUBSHELL-WRITE
