[2026-06-05T17:57:44Z] === BUY-30854 keep-alive tick ===
[2026-06-05T17:57:44Z] ALIVE buy30590-deep-page-loop.mjs pid=2035822
[2026-06-05T17:57:44Z] ALIVE buy30331-sustained-loop.mjs pid=2210102
[2026-06-05T17:57:44Z] COMPLETED buy30590-woocommerce-discover.mjs (discovery finished, no restart needed)
[2026-06-05T17:57:44Z] ALIVE buy30727-lane-supervisor.mjs pid=2036173
[2026-06-05T17:57:44Z] === tick done ===
[2026-06-05T18:11:21Z] === BUY-30854 keep-alive tick ===
[2026-06-05T18:11:21Z] ALIVE buy30590-deep-page-loop.mjs pid=2035822
[2026-06-05T18:11:21Z] ALIVE buy30331-sustained-loop.mjs pid=2210102
[2026-06-05T18:11:21Z] COMPLETED buy30590-woocommerce-discover.mjs (discovery finished, no restart needed)
[2026-06-05T18:11:21Z] ALIVE buy30727-lane-supervisor.mjs pid=2036173
[2026-06-05T18:11:21Z] === tick done ===
[2026-06-05T20:32:12Z] === BUY-30854 keep-alive tick ===
[2026-06-05T20:32:12Z] ALIVE buy30590-deep-page-loop.mjs pid=2035822
[2026-06-05T20:32:12Z] ALIVE buy30331-sustained-loop.mjs pid=2210102
[2026-06-05T20:32:12Z] COMPLETED buy30590-woocommerce-discover.mjs (discovery finished, no restart needed)
[2026-06-05T20:32:12Z] ALIVE buy30727-lane-supervisor.mjs pid=2537360
[2026-06-05T20:32:12Z] === tick done ===
[2026-06-05T20:37:04Z] === BUY-30854 keep-alive tick ===
[2026-06-05T20:37:04Z] ALIVE buy30590-deep-page-loop.mjs pid=2035822
[2026-06-05T20:37:04Z] ALIVE buy30331-sustained-loop.mjs pid=2210102
[2026-06-05T20:37:04Z] COMPLETED buy30590-woocommerce-discover.mjs (discovery finished, no restart needed)
[2026-06-05T20:37:04Z] ALIVE buy30727-lane-supervisor.mjs pid=2683272
[2026-06-05T20:37:04Z] === tick done ===
[2026-06-05T20:47:26Z] === BUY-30854 keep-alive tick ===
[2026-06-05T20:47:26Z] ALIVE buy30590-deep-page-loop.mjs pid=2035822
[2026-06-05T20:47:26Z] ALIVE buy30331-sustained-loop.mjs pid=2210102
[2026-06-05T20:47:26Z] COMPLETED buy30590-woocommerce-discover.mjs (discovery finished, no restart needed)
[2026-06-05T20:47:26Z] ALIVE buy30727-lane-supervisor.mjs pid=2976527
[2026-06-05T20:47:26Z] === tick done ===
[2026-06-05T20:50:48Z] === BUY-30854 keep-alive tick ===
[2026-06-05T20:50:48Z] ALIVE buy30590-deep-page-loop.mjs pid=2035822
[2026-06-05T20:50:48Z] ALIVE buy30331-sustained-loop.mjs pid=2210102
[2026-06-05T20:50:48Z] COMPLETED buy30590-woocommerce-discover.mjs (discovery finished, no restart needed)
[2026-06-05T20:50:48Z] ALIVE buy30727-lane-supervisor.mjs pid=2976527
[2026-06-05T20:50:48Z] === tick done ===
[2026-06-05T20:51:37Z] === BUY-30854 keep-alive tick ===
[2026-06-05T20:51:37Z] ALIVE buy30590-deep-page-loop.mjs pid=2035822
[2026-06-05T20:51:37Z] ALIVE buy30331-sustained-loop.mjs pid=2210102
[2026-06-05T20:51:37Z] COMPLETED buy30590-woocommerce-discover.mjs (discovery finished, no restart needed)
[2026-06-05T20:51:37Z] ALIVE buy30727-lane-supervisor.mjs pid=2976527
[2026-06-05T20:51:37Z] === tick done ===
[2026-06-05T20:56:43Z] === BUY-30854 keep-alive tick ===
[2026-06-05T20:56:43Z] ALIVE buy30590-deep-page-loop.mjs pid=3025416
[2026-06-05T20:56:43Z] ALIVE buy30331-sustained-loop.mjs pid=2210102
[2026-06-05T20:56:43Z] COMPLETED buy30590-woocommerce-discover.mjs (discovery finished, no restart needed)
[2026-06-05T20:56:43Z] ALIVE buy30727-lane-supervisor.mjs pid=2976527
[2026-06-05T20:56:43Z] === tick done ===
[2026-06-05T21:01:40Z] === BUY-30854 keep-alive tick ===
[2026-06-05T21:01:40Z] ALIVE buy30590-deep-page-loop.mjs pid=3042321
[2026-06-05T21:01:40Z] ALIVE buy30331-sustained-loop.mjs pid=2210102
[2026-06-05T21:01:40Z] COMPLETED buy30590-woocommerce-discover.mjs (discovery finished, no restart needed)
[2026-06-05T21:01:40Z] ALIVE buy30727-lane-supervisor.mjs pid=2976527
[2026-06-05T21:01:40Z] === tick done ===
[2026-06-05T21:07:25Z] === BUY-30854 keep-alive tick ===
[2026-06-05T21:07:25Z] ALIVE buy30590-deep-page-loop.mjs pid=3042321
[2026-06-05T21:07:25Z] ALIVE buy30331-sustained-loop.mjs pid=2210102
[2026-06-05T21:07:25Z] COMPLETED buy30590-woocommerce-discover.mjs (discovery finished, no restart needed)
[2026-06-05T21:07:25Z] ALIVE buy30727-lane-supervisor.mjs pid=2976527
[2026-06-05T21:07:25Z] === tick done ===
[2026-06-05T21:11:49Z] === BUY-30854 keep-alive tick ===
[2026-06-05T21:11:49Z] ALIVE buy30590-deep-page-loop.mjs pid=3042321
[2026-06-05T21:11:49Z] ALIVE buy30331-sustained-loop.mjs pid=2210102
[2026-06-05T21:11:49Z] COMPLETED buy30590-woocommerce-discover.mjs (discovery finished, no restart needed)
[2026-06-05T21:11:49Z] ALIVE buy30727-lane-supervisor.mjs pid=2976527
[2026-06-05T21:11:49Z] === tick done ===
[2026-06-05T21:17:03Z] === BUY-30854 keep-alive tick ===
[2026-06-05T21:17:03Z] ALIVE buy30590-deep-page-loop.mjs pid=3042321
[2026-06-05T21:17:03Z] ALIVE buy30331-sustained-loop.mjs pid=2210102
[2026-06-05T21:17:03Z] COMPLETED buy30590-woocommerce-discover.mjs (discovery finished, no restart needed)
[2026-06-05T21:17:03Z] ALIVE buy30727-lane-supervisor.mjs pid=2976527
[2026-06-05T21:17:03Z] === tick done ===
[2026-06-05T21:26:41Z] === BUY-30854 keep-alive tick ===
[2026-06-05T21:26:41Z] ALIVE buy30590-deep-page-loop.mjs pid=3042321
[2026-06-05T21:26:41Z] ALIVE buy30331-sustained-loop.mjs pid=2210102
[2026-06-05T21:26:41Z] COMPLETED buy30590-woocommerce-discover.mjs (discovery finished, no restart needed)
[2026-06-05T21:26:41Z] ALIVE buy30727-lane-supervisor.mjs pid=2976527
[2026-06-05T21:26:41Z] === tick done ===
[2026-06-05T21:31:39Z] === BUY-30854 keep-alive tick ===
[2026-06-05T21:31:39Z] ALIVE buy30590-deep-page-loop.mjs pid=3042321
[2026-06-05T21:31:39Z] ALIVE buy30331-sustained-loop.mjs pid=2210102
[2026-06-05T21:31:39Z] COMPLETED buy30590-woocommerce-discover.mjs (discovery finished, no restart needed)
[2026-06-05T21:31:39Z] ALIVE buy30727-lane-supervisor.mjs pid=2976527
[2026-06-05T21:31:39Z] === tick done ===
[2026-06-05T21:36:44Z] === BUY-30854 keep-alive tick ===
[2026-06-05T21:36:44Z] ALIVE buy30590-deep-page-loop.mjs pid=3042321
[2026-06-05T21:36:44Z] ALIVE buy30331-sustained-loop.mjs pid=2210102
[2026-06-05T21:36:44Z] COMPLETED buy30590-woocommerce-discover.mjs (discovery finished, no restart needed)
[2026-06-05T21:36:44Z] ALIVE buy30727-lane-supervisor.mjs pid=2976527
[2026-06-05T21:36:44Z] === tick done ===
[2026-06-05T21:42:14Z] === BUY-30854 keep-alive tick ===
[2026-06-05T21:42:14Z] ALIVE buy30590-deep-page-loop.mjs pid=3042321
[2026-06-05T21:42:14Z] ALIVE buy30331-sustained-loop.mjs pid=2210102
[2026-06-05T21:42:14Z] COMPLETED buy30590-woocommerce-discover.mjs (discovery finished, no restart needed)
[2026-06-05T21:42:14Z] ALIVE buy30727-lane-supervisor.mjs pid=2976527
[2026-06-05T21:42:14Z] === tick done ===
[2026-06-05T21:46:29Z] === BUY-30854 keep-alive tick ===
[2026-06-05T21:46:29Z] ALIVE buy30590-deep-page-loop.mjs pid=3042321
[2026-06-05T21:46:29Z] ALIVE buy30331-sustained-loop.mjs pid=2210102
[2026-06-05T21:46:29Z] COMPLETED buy30590-woocommerce-discover.mjs (discovery finished, no restart needed)
[2026-06-05T21:46:29Z] ALIVE buy30727-lane-supervisor.mjs pid=2976527
[2026-06-05T21:46:29Z] === tick done ===
[2026-06-05T21:51:45Z] === BUY-30854 keep-alive tick ===
[2026-06-05T21:51:45Z] ALIVE buy30590-deep-page-loop.mjs pid=3042321
[2026-06-05T21:51:45Z] ALIVE buy30331-sustained-loop.mjs pid=2210102
[2026-06-05T21:51:45Z] COMPLETED buy30590-woocommerce-discover.mjs (discovery finished, no restart needed)
[2026-06-05T21:51:45Z] ALIVE buy30727-lane-supervisor.mjs pid=2976527
[2026-06-05T21:51:45Z] === tick done ===
[2026-06-05T21:57:01Z] === BUY-30854 keep-alive tick ===
[2026-06-05T21:57:01Z] ALIVE buy30590-deep-page-loop.mjs pid=3042321
[2026-06-05T21:57:01Z] ALIVE buy30331-sustained-loop.mjs pid=2210102
[2026-06-05T21:57:01Z] COMPLETED buy30590-woocommerce-discover.mjs (discovery finished, no restart needed)
[2026-06-05T21:57:01Z] ALIVE buy30727-lane-supervisor.mjs pid=2976527
[2026-06-05T21:57:01Z] === tick done ===
[2026-06-05T22:01:39Z] === BUY-30854 keep-alive tick ===
[2026-06-05T22:01:39Z] ALIVE buy30590-deep-page-loop.mjs pid=3042321
[2026-06-05T22:01:39Z] ALIVE buy30331-sustained-loop.mjs pid=2210102
[2026-06-05T22:01:39Z] COMPLETED buy30590-woocommerce-discover.mjs (discovery finished, no restart needed)
[2026-06-05T22:01:39Z] ALIVE buy30727-lane-supervisor.mjs pid=2976527
[2026-06-05T22:01:39Z] === tick done ===
[2026-06-05T22:06:58Z] === BUY-30854 keep-alive tick ===
[2026-06-05T22:06:58Z] ALIVE buy30590-deep-page-loop.mjs pid=3042321
[2026-06-05T22:06:58Z] ALIVE buy30331-sustained-loop.mjs pid=2210102
[2026-06-05T22:06:58Z] COMPLETED buy30590-woocommerce-discover.mjs (discovery finished, no restart needed)
[2026-06-05T22:06:58Z] ALIVE buy30727-lane-supervisor.mjs pid=2976527
[2026-06-05T22:06:58Z] === tick done ===
[2026-06-05T22:11:51Z] === BUY-30854 keep-alive tick ===
[2026-06-05T22:11:51Z] ALIVE buy30590-deep-page-loop.mjs pid=3042321
[2026-06-05T22:11:51Z] ALIVE buy30331-sustained-loop.mjs pid=2210102
[2026-06-05T22:11:51Z] COMPLETED buy30590-woocommerce-discover.mjs (discovery finished, no restart needed)
[2026-06-05T22:11:51Z] ALIVE buy30727-lane-supervisor.mjs pid=2976527
[2026-06-05T22:11:51Z] === tick done ===
[2026-06-05T22:16:42Z] === BUY-30854 keep-alive tick ===
[2026-06-05T22:16:42Z] ALIVE buy30590-deep-page-loop.mjs pid=3042321
[2026-06-05T22:16:42Z] ALIVE buy30331-sustained-loop.mjs pid=2210102
[2026-06-05T22:16:42Z] COMPLETED buy30590-woocommerce-discover.mjs (discovery finished, no restart needed)
[2026-06-05T22:16:42Z] ALIVE buy30727-lane-supervisor.mjs pid=2976527
[2026-06-05T22:16:42Z] === tick done ===
[2026-06-05T22:21:38Z] === BUY-30854 keep-alive tick ===
[2026-06-05T22:21:38Z] ALIVE buy30590-deep-page-loop.mjs pid=3042321
[2026-06-05T22:21:38Z] ALIVE buy30331-sustained-loop.mjs pid=2210102
[2026-06-05T22:21:38Z] COMPLETED buy30590-woocommerce-discover.mjs (discovery finished, no restart needed)
[2026-06-05T22:21:38Z] ALIVE buy30727-lane-supervisor.mjs pid=2976527
[2026-06-05T22:21:38Z] === tick done ===
[2026-06-05T22:26:32Z] === BUY-30854 keep-alive tick ===
[2026-06-05T22:26:32Z] ALIVE buy30590-deep-page-loop.mjs pid=3042321
[2026-06-05T22:26:32Z] ALIVE buy30331-sustained-loop.mjs pid=2210102
[2026-06-05T22:26:32Z] COMPLETED buy30590-woocommerce-discover.mjs (discovery finished, no restart needed)
[2026-06-05T22:26:32Z] ALIVE buy30727-lane-supervisor.mjs pid=2976527
[2026-06-05T22:26:32Z] === tick done ===
[2026-06-05T22:31:54Z] === BUY-30854 keep-alive tick ===
[2026-06-05T22:31:54Z] ALIVE buy30590-deep-page-loop.mjs pid=3042321
[2026-06-05T22:31:54Z] ALIVE buy30331-sustained-loop.mjs pid=2210102
[2026-06-05T22:31:54Z] COMPLETED buy30590-woocommerce-discover.mjs (discovery finished, no restart needed)
[2026-06-05T22:31:54Z] ALIVE buy30727-lane-supervisor.mjs pid=2976527
[2026-06-05T22:31:54Z] === tick done ===
[2026-06-05T22:39:54Z] === BUY-30854 keep-alive tick ===
[2026-06-05T22:39:54Z] ALIVE buy30590-deep-page-loop.mjs pid=3042321
[2026-06-05T22:39:54Z] ALIVE buy30331-sustained-loop.mjs pid=2210102
[2026-06-05T22:39:54Z] COMPLETED buy30590-woocommerce-discover.mjs (discovery finished, no restart needed)
[2026-06-05T22:39:54Z] ALIVE buy30727-lane-supervisor.mjs pid=2976527
[2026-06-05T22:39:54Z] === tick done ===
[2026-06-05T22:47:40Z] === BUY-30854 keep-alive tick ===
[2026-06-05T22:47:40Z] ALIVE buy30590-deep-page-loop.mjs pid=3042321
[2026-06-05T22:47:40Z] ALIVE buy30331-sustained-loop.mjs pid=2210102
[2026-06-05T22:47:40Z] COMPLETED buy30590-woocommerce-discover.mjs (discovery finished, no restart needed)
[2026-06-05T22:47:40Z] ALIVE buy30727-lane-supervisor.mjs pid=2976527
[2026-06-05T22:47:40Z] === tick done ===
[2026-06-05T22:52:00Z] === BUY-30854 keep-alive tick ===
[2026-06-05T22:52:00Z] ALIVE buy30590-deep-page-loop.mjs pid=3042321
[2026-06-05T22:52:00Z] ALIVE buy30331-sustained-loop.mjs pid=2210102
[2026-06-05T22:52:00Z] COMPLETED buy30590-woocommerce-discover.mjs (discovery finished, no restart needed)
[2026-06-05T22:52:00Z] ALIVE buy30727-lane-supervisor.mjs pid=2976527
[2026-06-05T22:52:00Z] === tick done ===
[2026-06-05T22:56:49Z] === BUY-30854 keep-alive tick ===
[2026-06-05T22:56:49Z] ALIVE buy30590-deep-page-loop.mjs pid=3042321
[2026-06-05T22:56:49Z] ALIVE buy30331-sustained-loop.mjs pid=2210102
[2026-06-05T22:56:49Z] COMPLETED buy30590-woocommerce-discover.mjs (discovery finished, no restart needed)
[2026-06-05T22:56:49Z] ALIVE buy30727-lane-supervisor.mjs pid=2976527
[2026-06-05T22:56:49Z] === tick done ===
[2026-06-05T23:01:41Z] === BUY-30854 keep-alive tick ===
[2026-06-05T23:01:41Z] ALIVE buy30590-deep-page-loop.mjs pid=3042321
[2026-06-05T23:01:41Z] ALIVE buy30331-sustained-loop.mjs pid=2210102
[2026-06-05T23:01:41Z] COMPLETED buy30590-woocommerce-discover.mjs (discovery finished, no restart needed)
[2026-06-05T23:01:41Z] ALIVE buy30727-lane-supervisor.mjs pid=2976527
[2026-06-05T23:01:41Z] === tick done ===
[2026-06-05T23:06:51Z] === BUY-30854 keep-alive tick ===
[2026-06-05T23:06:51Z] ALIVE buy30590-deep-page-loop.mjs pid=3042321
[2026-06-05T23:06:51Z] ALIVE buy30331-sustained-loop.mjs pid=2210102
[2026-06-05T23:06:51Z] COMPLETED buy30590-woocommerce-discover.mjs (discovery finished, no restart needed)
[2026-06-05T23:06:51Z] ALIVE buy30727-lane-supervisor.mjs pid=2976527
[2026-06-05T23:06:51Z] === tick done ===
[2026-06-05T23:11:31Z] === BUY-30854 keep-alive tick ===
[2026-06-05T23:11:31Z] ALIVE buy30590-deep-page-loop.mjs pid=3042321
[2026-06-05T23:11:31Z] ALIVE buy30331-sustained-loop.mjs pid=2210102
[2026-06-05T23:11:31Z] COMPLETED buy30590-woocommerce-discover.mjs (discovery finished, no restart needed)
[2026-06-05T23:11:31Z] ALIVE buy30727-lane-supervisor.mjs pid=2976527
[2026-06-05T23:11:31Z] === tick done ===
[2026-06-05T23:16:52Z] === BUY-30854 keep-alive tick ===
[2026-06-05T23:16:52Z] ALIVE buy30590-deep-page-loop.mjs pid=3042321
[2026-06-05T23:16:52Z] ALIVE buy30331-sustained-loop.mjs pid=2210102
[2026-06-05T23:16:52Z] COMPLETED buy30590-woocommerce-discover.mjs (discovery finished, no restart needed)
[2026-06-05T23:16:52Z] ALIVE buy30727-lane-supervisor.mjs pid=2976527
[2026-06-05T23:16:52Z] === tick done ===
[2026-06-05T23:21:50Z] === BUY-30854 keep-alive tick ===
[2026-06-05T23:21:50Z] ALIVE buy30590-deep-page-loop.mjs pid=3042321
[2026-06-05T23:21:50Z] ALIVE buy30331-sustained-loop.mjs pid=2210102
[2026-06-05T23:21:50Z] COMPLETED buy30590-woocommerce-discover.mjs (discovery finished, no restart needed)
[2026-06-05T23:21:50Z] ALIVE buy30727-lane-supervisor.mjs pid=2976527
[2026-06-05T23:21:50Z] === tick done ===
[2026-06-05T23:26:39Z] === BUY-30854 keep-alive tick ===
[2026-06-05T23:26:39Z] ALIVE buy30590-deep-page-loop.mjs pid=3042321
[2026-06-05T23:26:39Z] ALIVE buy30331-sustained-loop.mjs pid=2210102
[2026-06-05T23:26:39Z] COMPLETED buy30590-woocommerce-discover.mjs (discovery finished, no restart needed)
[2026-06-05T23:26:39Z] ALIVE buy30727-lane-supervisor.mjs pid=2976527
[2026-06-05T23:26:39Z] === tick done ===
[2026-06-05T23:31:49Z] === BUY-30854 keep-alive tick ===
[2026-06-05T23:31:49Z] ALIVE buy30590-deep-page-loop.mjs pid=3042321
[2026-06-05T23:31:49Z] ALIVE buy30331-sustained-loop.mjs pid=2210102
[2026-06-05T23:31:49Z] COMPLETED buy30590-woocommerce-discover.mjs (discovery finished, no restart needed)
[2026-06-05T23:31:49Z] ALIVE buy30727-lane-supervisor.mjs pid=2976527
[2026-06-05T23:31:49Z] === tick done ===
[2026-06-05T23:36:35Z] === BUY-30854 keep-alive tick ===
[2026-06-05T23:36:35Z] ALIVE buy30590-deep-page-loop.mjs pid=3042321
[2026-06-05T23:36:35Z] ALIVE buy30331-sustained-loop.mjs pid=2210102
[2026-06-05T23:36:35Z] COMPLETED buy30590-woocommerce-discover.mjs (discovery finished, no restart needed)
[2026-06-05T23:36:35Z] ALIVE buy30727-lane-supervisor.mjs pid=2976527
[2026-06-05T23:36:35Z] === tick done ===
[2026-06-05T23:41:48Z] === BUY-30854 keep-alive tick ===
[2026-06-05T23:41:48Z] ALIVE buy30590-deep-page-loop.mjs pid=3042321
[2026-06-05T23:41:48Z] ALIVE buy30331-sustained-loop.mjs pid=2210102
[2026-06-05T23:41:48Z] COMPLETED buy30590-woocommerce-discover.mjs (discovery finished, no restart needed)
[2026-06-05T23:41:48Z] ALIVE buy30727-lane-supervisor.mjs pid=2976527
[2026-06-05T23:41:48Z] === tick done ===
[2026-06-05T23:46:39Z] === BUY-30854 keep-alive tick ===
[2026-06-05T23:46:39Z] ALIVE buy30590-deep-page-loop.mjs pid=3042321
[2026-06-05T23:46:39Z] ALIVE buy30331-sustained-loop.mjs pid=2210102
[2026-06-05T23:46:39Z] COMPLETED buy30590-woocommerce-discover.mjs (discovery finished, no restart needed)
[2026-06-05T23:46:39Z] ALIVE buy30727-lane-supervisor.mjs pid=2976527
[2026-06-05T23:46:39Z] === tick done ===
[2026-06-05T23:48:09Z] === BUY-30854 keep-alive tick ===
[2026-06-05T23:48:09Z] ALIVE buy30590-deep-page-loop.mjs pid=3042321
[2026-06-05T23:48:09Z] ALIVE buy30331-sustained-loop.mjs pid=2210102
[2026-06-05T23:48:09Z] COMPLETED buy30590-woocommerce-discover.mjs (discovery finished, no restart needed)
[2026-06-05T23:48:09Z] ALIVE buy30727-lane-supervisor.mjs pid=2976527
[2026-06-05T23:48:09Z] === tick done ===
[2026-06-05T23:52:02Z] === BUY-30854 keep-alive tick ===
[2026-06-05T23:52:02Z] ALIVE buy30590-deep-page-loop.mjs pid=3042321
[2026-06-05T23:52:02Z] ALIVE buy30331-sustained-loop.mjs pid=2210102
[2026-06-05T23:52:02Z] COMPLETED buy30590-woocommerce-discover.mjs (discovery finished, no restart needed)
[2026-06-05T23:52:02Z] ALIVE buy30727-lane-supervisor.mjs pid=2976527
[2026-06-05T23:52:02Z] === tick done ===
[2026-06-05T23:56:47Z] === BUY-30854 keep-alive tick ===
[2026-06-05T23:56:47Z] ALIVE buy30590-deep-page-loop.mjs pid=3042321
[2026-06-05T23:56:47Z] ALIVE buy30331-sustained-loop.mjs pid=2210102
[2026-06-05T23:56:47Z] COMPLETED buy30590-woocommerce-discover.mjs (discovery finished, no restart needed)
[2026-06-05T23:56:47Z] ALIVE buy30727-lane-supervisor.mjs pid=2976527
[2026-06-05T23:56:47Z] === tick done ===
[2026-06-06T00:01:52Z] === BUY-30854 keep-alive tick ===
[2026-06-06T00:01:52Z] ALIVE buy30590-deep-page-loop.mjs pid=3042321
[2026-06-06T00:01:52Z] ALIVE buy30331-sustained-loop.mjs pid=2210102
[2026-06-06T00:01:52Z] COMPLETED buy30590-woocommerce-discover.mjs (discovery finished, no restart needed)
[2026-06-06T00:01:52Z] ALIVE buy30727-lane-supervisor.mjs pid=2976527
[2026-06-06T00:01:52Z] === tick done ===
[2026-06-06T00:06:42Z] === BUY-30854 keep-alive tick ===
[2026-06-06T00:06:42Z] ALIVE buy30590-deep-page-loop.mjs pid=3042321
[2026-06-06T00:06:42Z] ALIVE buy30331-sustained-loop.mjs pid=2210102
[2026-06-06T00:06:42Z] COMPLETED buy30590-woocommerce-discover.mjs (discovery finished, no restart needed)
[2026-06-06T00:06:42Z] ALIVE buy30727-lane-supervisor.mjs pid=2976527
[2026-06-06T00:06:42Z] === tick done ===
[2026-06-06T00:11:59Z] === BUY-30854 keep-alive tick ===
[2026-06-06T00:11:59Z] ALIVE buy30590-deep-page-loop.mjs pid=3042321
[2026-06-06T00:11:59Z] ALIVE buy30331-sustained-loop.mjs pid=2210102
[2026-06-06T00:11:59Z] COMPLETED buy30590-woocommerce-discover.mjs (discovery finished, no restart needed)
[2026-06-06T00:11:59Z] ALIVE buy30727-lane-supervisor.mjs pid=2976527
[2026-06-06T00:11:59Z] === tick done ===
[2026-06-06T00:16:45Z] === BUY-30854 keep-alive tick ===
[2026-06-06T00:16:45Z] ALIVE buy30590-deep-page-loop.mjs pid=3042321
[2026-06-06T00:16:45Z] ALIVE buy30331-sustained-loop.mjs pid=2210102
[2026-06-06T00:16:45Z] COMPLETED buy30590-woocommerce-discover.mjs (discovery finished, no restart needed)
[2026-06-06T00:16:45Z] ALIVE buy30727-lane-supervisor.mjs pid=2976527
[2026-06-06T00:16:45Z] === tick done ===
[2026-06-06T00:19:37Z] === BUY-30854 keep-alive tick ===
[2026-06-06T00:19:37Z] ALIVE buy30590-deep-page-loop.mjs pid=3042321
[2026-06-06T00:19:37Z] ALIVE buy30331-sustained-loop.mjs pid=3742757
[2026-06-06T00:19:37Z] COMPLETED buy30590-woocommerce-discover.mjs (discovery finished, no restart needed)
[2026-06-06T00:19:37Z] DEAD buy30727-lane-supervisor.mjs — restarting
[2026-06-06T00:19:37Z] RESTARTED buy30727-lane-supervisor.mjs pid=3747066
[2026-06-06T00:19:37Z] === tick done ===
[2026-06-06T00:24:41Z] === BUY-30854 keep-alive tick ===
[2026-06-06T00:24:41Z] ALIVE buy30590-deep-page-loop.mjs pid=3042321
[2026-06-06T00:24:41Z] ALIVE buy30331-sustained-loop.mjs pid=3742757
[2026-06-06T00:24:41Z] COMPLETED buy30590-woocommerce-discover.mjs (discovery finished, no restart needed)
[2026-06-06T00:24:41Z] ALIVE buy30727-lane-supervisor.mjs pid=3747066
[2026-06-06T00:24:41Z] === tick done ===
[2026-06-06T00:29:11Z] === BUY-30854 keep-alive tick ===
[2026-06-06T00:29:11Z] ALIVE buy30590-deep-page-loop.mjs pid=3042321
[2026-06-06T00:29:11Z] ALIVE buy30331-sustained-loop.mjs pid=3742757
[2026-06-06T00:29:11Z] COMPLETED buy30590-woocommerce-discover.mjs (discovery finished, no restart needed)
[2026-06-06T00:29:11Z] ALIVE buy30727-lane-supervisor.mjs pid=3747066
[2026-06-06T00:29:11Z] === tick done ===
[2026-06-06T00:35:09Z] === BUY-30854 keep-alive tick ===
[2026-06-06T00:35:09Z] ALIVE buy30590-deep-page-loop.mjs pid=3042321
[2026-06-06T00:35:09Z] ALIVE buy30331-sustained-loop.mjs pid=3742757
[2026-06-06T00:35:09Z] COMPLETED buy30590-woocommerce-discover.mjs (discovery finished, no restart needed)
[2026-06-06T00:35:09Z] ALIVE buy30727-lane-supervisor.mjs pid=3747066
[2026-06-06T00:35:09Z] === tick done ===
[2026-06-06T00:39:40Z] === BUY-30854 keep-alive tick ===
[2026-06-06T00:39:40Z] ALIVE buy30590-deep-page-loop.mjs pid=3042321
[2026-06-06T00:39:40Z] ALIVE buy30331-sustained-loop.mjs pid=3742757
[2026-06-06T00:39:40Z] COMPLETED buy30590-woocommerce-discover.mjs (discovery finished, no restart needed)
[2026-06-06T00:39:40Z] ALIVE buy30727-lane-supervisor.mjs pid=3747066
[2026-06-06T00:39:40Z] === tick done ===
[2026-06-06T00:44:27Z] === BUY-30854 keep-alive tick ===
[2026-06-06T00:44:27Z] ALIVE buy30590-deep-page-loop.mjs pid=3042321
[2026-06-06T00:44:27Z] ALIVE buy30331-sustained-loop.mjs pid=3742757
[2026-06-06T00:44:27Z] COMPLETED buy30590-woocommerce-discover.mjs (discovery finished, no restart needed)
[2026-06-06T00:44:27Z] ALIVE buy30727-lane-supervisor.mjs pid=3747066
[2026-06-06T00:44:27Z] === tick done ===
[2026-06-06T00:49:17Z] === BUY-30854 keep-alive tick ===
[2026-06-06T00:49:17Z] ALIVE buy30590-deep-page-loop.mjs pid=3042321
[2026-06-06T00:49:17Z] ALIVE buy30331-sustained-loop.mjs pid=3742757
[2026-06-06T00:49:17Z] COMPLETED buy30590-woocommerce-discover.mjs (discovery finished, no restart needed)
[2026-06-06T00:49:17Z] ALIVE buy30727-lane-supervisor.mjs pid=3747066
[2026-06-06T00:49:17Z] === tick done ===
[2026-06-06T00:54:24Z] === BUY-30854 keep-alive tick ===
[2026-06-06T00:54:24Z] ALIVE buy30590-deep-page-loop.mjs pid=3042321
[2026-06-06T00:54:24Z] ALIVE buy30331-sustained-loop.mjs pid=3742757
[2026-06-06T00:54:24Z] COMPLETED buy30590-woocommerce-discover.mjs (discovery finished, no restart needed)
[2026-06-06T00:54:24Z] ALIVE buy30727-lane-supervisor.mjs pid=3747066
[2026-06-06T00:54:24Z] === tick done ===
[2026-06-06T00:59:29Z] === BUY-30854 keep-alive tick ===
[2026-06-06T00:59:29Z] ALIVE buy30590-deep-page-loop.mjs pid=3042321
[2026-06-06T00:59:29Z] ALIVE buy30331-sustained-loop.mjs pid=3742757
[2026-06-06T00:59:29Z] COMPLETED buy30590-woocommerce-discover.mjs (discovery finished, no restart needed)
[2026-06-06T00:59:29Z] ALIVE buy30727-lane-supervisor.mjs pid=3747066
[2026-06-06T00:59:29Z] === tick done ===
[2026-06-06T01:04:20Z] === BUY-30854 keep-alive tick ===
[2026-06-06T01:04:20Z] ALIVE buy30590-deep-page-loop.mjs pid=3042321
[2026-06-06T01:04:20Z] ALIVE buy30331-sustained-loop.mjs pid=3742757
[2026-06-06T01:04:20Z] COMPLETED buy30590-woocommerce-discover.mjs (discovery finished, no restart needed)
[2026-06-06T01:04:20Z] ALIVE buy30727-lane-supervisor.mjs pid=3747066
[2026-06-06T01:04:20Z] === tick done ===
[2026-06-06T01:09:35Z] === BUY-30854 keep-alive tick ===
[2026-06-06T01:09:35Z] ALIVE buy30590-deep-page-loop.mjs pid=3042321
[2026-06-06T01:09:35Z] ALIVE buy30331-sustained-loop.mjs pid=3742757
[2026-06-06T01:09:35Z] COMPLETED buy30590-woocommerce-discover.mjs (discovery finished, no restart needed)
[2026-06-06T01:09:35Z] ALIVE buy30727-lane-supervisor.mjs pid=3747066
[2026-06-06T01:09:35Z] === tick done ===
[2026-06-06T01:14:23Z] === BUY-30854 keep-alive tick ===
[2026-06-06T01:14:23Z] ALIVE buy30590-deep-page-loop.mjs pid=3042321
[2026-06-06T01:14:23Z] ALIVE buy30331-sustained-loop.mjs pid=3742757
[2026-06-06T01:14:23Z] COMPLETED buy30590-woocommerce-discover.mjs (discovery finished, no restart needed)
[2026-06-06T01:14:23Z] ALIVE buy30727-lane-supervisor.mjs pid=3747066
[2026-06-06T01:14:23Z] === tick done ===
[2026-06-06T01:34:45Z] === BUY-30854 keep-alive tick ===
[2026-06-06T01:34:45Z] ALIVE buy30590-deep-page-loop.mjs pid=3042321
[2026-06-06T01:34:45Z] ALIVE buy30331-sustained-loop.mjs pid=3742757
[2026-06-06T01:34:45Z] COMPLETED buy30590-woocommerce-discover.mjs (discovery finished, no restart needed)
[2026-06-06T01:34:45Z] DEAD buy30727-lane-supervisor.mjs — restarting
[2026-06-06T01:34:45Z] RESTARTED buy30727-lane-supervisor.mjs pid=4032591
[2026-06-06T01:34:45Z] === tick done ===
[2026-06-06T01:38:50Z] === BUY-30854 keep-alive tick ===
[2026-06-06T01:38:50Z] ALIVE buy30590-deep-page-loop.mjs pid=3042321
[2026-06-06T01:38:50Z] ALIVE buy30331-sustained-loop.mjs pid=3742757
[2026-06-06T01:38:50Z] COMPLETED buy30590-woocommerce-discover.mjs (discovery finished, no restart needed)
[2026-06-06T01:38:50Z] DEAD buy30727-lane-supervisor.mjs — restarting
[2026-06-06T01:38:50Z] RESTARTED buy30727-lane-supervisor.mjs pid=4055311
[2026-06-06T01:38:50Z] === tick done ===
[2026-06-06T01:41:20Z] === BUY-30854 keep-alive tick ===
[2026-06-06T01:41:20Z] ALIVE buy30590-deep-page-loop.mjs pid=3042321
[2026-06-06T01:41:20Z] ALIVE buy30331-sustained-loop.mjs pid=3742757
[2026-06-06T01:41:20Z] COMPLETED buy30590-woocommerce-discover.mjs (discovery finished, no restart needed)
[2026-06-06T01:41:20Z] DEAD buy30727-lane-supervisor.mjs — restarting
[2026-06-06T01:41:20Z] RESTARTED buy30727-lane-supervisor.mjs pid=4069425
[2026-06-06T01:41:20Z] === tick done ===
===== keep-alive tick 2026-06-06T02:14:02Z =====
[2026-06-06T02:14:02Z] deep_page_loop OK pid=4121471
[2026-06-06T02:14:02Z] sustained_loop OK pid=4153029
[2026-06-06T02:14:03Z] woocommerce_discover DEAD — restarting (consecutive_dead_ticks=1)
[2026-06-06T02:14:05Z] woocommerce_discover restarted pid=unknown
[2026-06-06T02:14:05Z] lane_supervisor SKIPPED (BUY-31452 stop marker present; see data/buy30727-supervisor.stopped)
[2026-06-06T02:14:05Z] keep-alive tick complete
===== keep-alive tick 2026-06-06T02:25:27Z =====
[2026-06-06T02:25:27Z] deep_page_loop OK pid=4121471
[2026-06-06T02:25:27Z] sustained_loop OK pid=4153029
[2026-06-06T02:25:27Z] woocommerce_discover DEAD — restarting (consecutive_dead_ticks=2)
[2026-06-06T02:25:29Z] woocommerce_discover restarted pid=unknown
[2026-06-06T02:25:29Z] lane_supervisor SKIPPED (BUY-31452 stop marker present; see data/buy30727-supervisor.stopped)
[2026-06-06T02:25:29Z] keep-alive tick complete
===== keep-alive tick 2026-06-06T02:26:42Z =====
[2026-06-06T02:26:42Z] deep_page_loop OK pid=4121471
[2026-06-06T02:26:42Z] sustained_loop OK pid=4153029
[2026-06-06T02:26:43Z] lane_supervisor SKIPPED (BUY-31452 stop marker present; see data/buy30727-supervisor.stopped)
[2026-06-06T02:26:43Z] keep-alive tick complete
===== keep-alive tick 2026-06-06T02:34:23Z =====
[2026-06-06T02:34:23Z] deep_page_loop OK pid=4121471
[2026-06-06T02:34:23Z] sustained_loop OK pid=140070
[2026-06-06T02:34:24Z] lane_supervisor SKIPPED (BUY-31452 stop marker present; see data/buy30727-supervisor.stopped)
[2026-06-06T02:34:24Z] keep-alive tick complete
===== keep-alive tick 2026-06-06T02:37:49Z =====
[2026-06-06T02:37:49Z] deep_page_loop OK pid=4121471
[2026-06-06T02:37:49Z] sustained_loop OK pid=140070
[2026-06-06T02:37:49Z] lane_supervisor SKIPPED (BUY-31452 stop marker present; see data/buy30727-supervisor.stopped)
[2026-06-06T02:37:49Z] keep-alive tick complete
===== keep-alive tick 2026-06-06T02:42:47Z =====
[2026-06-06T02:42:47Z] deep_page_loop OK pid=4121471
[2026-06-06T02:42:47Z] sustained_loop OK pid=140070
[2026-06-06T02:42:47Z] lane_supervisor SKIPPED (BUY-31452 stop marker present; see data/buy30727-supervisor.stopped)
[2026-06-06T02:42:47Z] keep-alive tick complete
===== keep-alive tick 2026-06-06T02:48:01Z =====
[2026-06-06T02:48:01Z] deep_page_loop OK pid=4121471
[2026-06-06T02:48:01Z] sustained_loop OK pid=140070
[2026-06-06T02:48:01Z] lane_supervisor SKIPPED (BUY-31452 stop marker present; see data/buy30727-supervisor.stopped)
[2026-06-06T02:48:01Z] keep-alive tick complete
===== keep-alive tick 2026-06-06T02:51:59Z =====
[2026-06-06T02:51:59Z] deep_page_loop OK pid=4121471
[2026-06-06T02:51:59Z] sustained_loop OK pid=140070
[2026-06-06T02:51:59Z] lane_supervisor SKIPPED (BUY-31452 stop marker present; see data/buy30727-supervisor.stopped)
[2026-06-06T02:51:59Z] keep-alive tick complete
===== keep-alive tick 2026-06-06T02:52:27Z =====
[2026-06-06T02:52:27Z] deep_page_loop OK pid=4121471
[2026-06-06T02:52:28Z] sustained_loop OK pid=140070
[2026-06-06T02:52:28Z] lane_supervisor SKIPPED (BUY-31452 stop marker present; see data/buy30727-supervisor.stopped)
[2026-06-06T02:52:28Z] keep-alive tick complete
===== keep-alive tick 2026-06-06T02:53:06Z =====
[2026-06-06T02:53:06Z] deep_page_loop OK pid=4121471
[2026-06-06T02:53:06Z] sustained_loop OK pid=140070
[2026-06-06T02:53:06Z] lane_supervisor SKIPPED (BUY-31452 stop marker present; see data/buy30727-supervisor.stopped)
[2026-06-06T02:53:06Z] keep-alive tick complete
===== keep-alive tick 2026-06-06T02:53:35Z =====
[2026-06-06T02:53:35Z] deep_page_loop OK pid=4121471
[2026-06-06T02:53:35Z] sustained_loop OK pid=140070
[2026-06-06T02:53:35Z] lane_supervisor SKIPPED (BUY-31452 stop marker present; see data/buy30727-supervisor.stopped)
[2026-06-06T02:53:35Z] keep-alive tick complete
===== keep-alive tick 2026-06-06T02:57:56Z =====
[2026-06-06T02:57:56Z] deep_page_loop OK pid=4121471
[2026-06-06T02:57:56Z] sustained_loop OK pid=140070
[2026-06-06T02:57:56Z] lane_supervisor SKIPPED (BUY-31452 stop marker present; see data/buy30727-supervisor.stopped)
[2026-06-06T02:57:56Z] keep-alive tick complete
===== keep-alive tick 2026-06-06T06:57:56Z =====
[2026-06-06T06:57:57Z] deep_page_loop DEAD — restarting (consecutive_dead_ticks=1)
[2026-06-06T06:57:59Z] deep_page_loop restarted pid=unknown
[2026-06-06T06:57:59Z] sustained_loop DEAD — restarting (consecutive_dead_ticks=1)
[2026-06-06T06:58:01Z] sustained_loop restarted pid=unknown
[2026-06-06T06:58:01Z] lane_supervisor SKIPPED (BUY-31452 stop marker present; see data/buy30727-supervisor.stopped)
[2026-06-06T06:58:01Z] keep-alive tick complete
===== keep-alive tick 2026-06-06T16:01:50Z =====
[2026-06-06T16:01:51Z] deep_page_loop OK pid=1268863
[2026-06-06T16:01:51Z] sustained_loop DEAD — restarting (consecutive_dead_ticks=2)
[2026-06-06T16:01:53Z] sustained_loop restarted pid=2778435 root=/paperclip/instances/default/workspaces/3ec8f6dd-1735-4479-9825-a2c42edac34c
[2026-06-06T16:01:53Z] lane_supervisor SKIPPED (BUY-31452 stop marker present; see data/buy30727-supervisor.stopped)
[2026-06-06T16:01:53Z] keep-alive tick complete
===== keep-alive tick 2026-06-06T16:27:34Z =====
[2026-06-06T16:27:34Z] deep_page_loop DEAD — restarting (consecutive_dead_ticks=1)
[2026-06-06T16:27:36Z] deep_page_loop restarted pid=2864796 root=/paperclip/instances/default/workspaces/3ec8f6dd-1735-4479-9825-a2c42edac34c
[2026-06-06T16:27:36Z] sustained_loop DEAD — restarting (consecutive_dead_ticks=3)
[2026-06-06T16:27:38Z] sustained_loop restarted pid=2864899 root=/paperclip/instances/default/workspaces/3ec8f6dd-1735-4479-9825-a2c42edac34c
[2026-06-06T16:27:38Z] lane_supervisor SKIPPED (BUY-31452 stop marker present; see data/buy30727-supervisor.stopped)
[2026-06-06T16:27:38Z] keep-alive tick complete
===== keep-alive tick 2026-06-06T16:52:40Z =====
[2026-06-06T16:52:40Z] deep_page_loop OK pid=2923321
[2026-06-06T16:52:40Z] sustained_loop OK pid=2918087
[2026-06-06T16:52:40Z] lane_supervisor SKIPPED (BUY-31452 stop marker present; see data/buy30727-supervisor.stopped)
[2026-06-06T16:52:40Z] keep-alive tick complete
===== keep-alive tick 2026-06-06T17:17:17Z =====
[2026-06-06T17:17:17Z] deep_page_loop OK pid=2923321
[2026-06-06T17:17:17Z] sustained_loop OK pid=2918087
[2026-06-06T17:17:17Z] lane_supervisor SKIPPED (BUY-31452 stop marker present; see data/buy30727-supervisor.stopped)
[2026-06-06T17:17:17Z] keep-alive tick complete
===== keep-alive tick 2026-06-06T17:32:15Z =====
[2026-06-06T17:32:16Z] deep_page_loop OK pid=2923321
[2026-06-06T17:32:16Z] sustained_loop OK pid=2918087
[2026-06-06T17:32:16Z] lane_supervisor SKIPPED (BUY-31452 stop marker present; see data/buy30727-supervisor.stopped)
[2026-06-06T17:32:16Z] keep-alive tick complete
===== keep-alive tick 2026-06-06T17:37:43Z =====
[2026-06-06T17:37:43Z] deep_page_loop OK pid=2923321
[2026-06-06T17:37:43Z] sustained_loop OK pid=2918087
[2026-06-06T17:37:43Z] lane_supervisor SKIPPED (BUY-31452 stop marker present; see data/buy30727-supervisor.stopped)
[2026-06-06T17:37:43Z] keep-alive tick complete
===== keep-alive tick 2026-06-06T17:46:00Z =====
[2026-06-06T17:46:00Z] deep_page_loop OK pid=2923321
[2026-06-06T17:46:01Z] sustained_loop OK pid=2918087
[2026-06-06T17:46:01Z] lane_supervisor SKIPPED (BUY-31452 stop marker present; see data/buy30727-supervisor.stopped)
[2026-06-06T17:46:01Z] keep-alive tick complete
===== keep-alive tick 2026-06-06T17:55:01Z =====
[2026-06-06T17:55:02Z] deep_page_loop OK pid=2923321
[2026-06-06T17:55:02Z] sustained_loop OK pid=2918087
[2026-06-06T17:55:02Z] lane_supervisor SKIPPED (BUY-31452 stop marker present; see data/buy30727-supervisor.stopped)
[2026-06-06T17:55:02Z] keep-alive tick complete
===== keep-alive tick 2026-06-06T18:02:58Z =====
[2026-06-06T18:02:58Z] deep_page_loop OK pid=2923321
[2026-06-06T18:02:58Z] sustained_loop OK pid=2918087
[2026-06-06T18:02:58Z] lane_supervisor SKIPPED (BUY-31452 stop marker present; see data/buy30727-supervisor.stopped)
[2026-06-06T18:02:58Z] keep-alive tick complete
===== keep-alive tick 2026-06-06T18:04:34Z =====
[2026-06-06T18:04:34Z] deep_page_loop OK pid=2923321
[2026-06-06T18:04:34Z] sustained_loop OK pid=2918087
[2026-06-06T18:04:34Z] lane_supervisor SKIPPED (BUY-31452 stop marker present; see data/buy30727-supervisor.stopped)
[2026-06-06T18:04:34Z] keep-alive tick complete
===== keep-alive tick 2026-06-06T18:17:49Z =====
[2026-06-06T18:17:50Z] deep_page_loop OK pid=2923321
[2026-06-06T18:17:50Z] sustained_loop OK pid=2918087
[2026-06-06T18:17:50Z] lane_supervisor SKIPPED (BUY-31452 stop marker present; see data/buy30727-supervisor.stopped)
[2026-06-06T18:17:50Z] keep-alive tick complete
===== keep-alive tick 2026-06-06T18:18:33Z =====
[2026-06-06T18:18:33Z] deep_page_loop OK pid=2923321
[2026-06-06T18:18:33Z] sustained_loop OK pid=2918087
[2026-06-06T18:18:33Z] lane_supervisor SKIPPED (BUY-31452 stop marker present; see data/buy30727-supervisor.stopped)
[2026-06-06T18:18:33Z] keep-alive tick complete
===== keep-alive tick 2026-06-06T19:25:25Z =====
[2026-06-06T19:25:25Z] deep_page_loop OK pid=2923321
[2026-06-06T19:25:25Z] sustained_loop OK pid=2918087
[2026-06-06T19:25:25Z] lane_supervisor SKIPPED (BUY-31452 stop marker present; see data/buy30727-supervisor.stopped)
[2026-06-06T19:25:25Z] keep-alive tick complete
===== keep-alive tick 2026-06-06T19:37:19Z =====
[2026-06-06T19:37:19Z] deep_page_loop OK pid=2923321
[2026-06-06T19:37:19Z] sustained_loop OK pid=2918087
[2026-06-06T19:37:19Z] lane_supervisor SKIPPED (BUY-31452 stop marker present; see data/buy30727-supervisor.stopped)
[2026-06-06T19:37:19Z] keep-alive tick complete
===== keep-alive tick 2026-06-06T19:39:24Z =====
[2026-06-06T19:39:24Z] deep_page_loop OK pid=2923321
[2026-06-06T19:39:24Z] sustained_loop OK pid=2918087
[2026-06-06T19:39:24Z] lane_supervisor SKIPPED (BUY-31452 stop marker present; see data/buy30727-supervisor.stopped)
[2026-06-06T19:39:24Z] keep-alive tick complete
===== keep-alive tick 2026-06-06T19:46:10Z =====
[2026-06-06T19:46:10Z] deep_page_loop OK pid=2923321
[2026-06-06T19:46:10Z] sustained_loop OK pid=2918087
[2026-06-06T19:46:10Z] lane_supervisor SKIPPED (BUY-31452 stop marker present; see data/buy30727-supervisor.stopped)
[2026-06-06T19:46:10Z] keep-alive tick complete
===== keep-alive tick 2026-06-06T19:52:14Z =====
[2026-06-06T19:52:14Z] deep_page_loop OK pid=2923321
[2026-06-06T19:52:14Z] sustained_loop OK pid=2918087
[2026-06-06T19:52:14Z] lane_supervisor SKIPPED (BUY-31452 stop marker present; see data/buy30727-supervisor.stopped)
[2026-06-06T19:52:14Z] keep-alive tick complete
===== keep-alive tick 2026-06-06T20:01:15Z =====
[2026-06-06T20:01:15Z] deep_page_loop OK pid=2923321
[2026-06-06T20:01:15Z] sustained_loop OK pid=2918087
[2026-06-06T20:01:15Z] lane_supervisor SKIPPED (BUY-31452 stop marker present; see data/buy30727-supervisor.stopped)
[2026-06-06T20:01:15Z] keep-alive tick complete
===== keep-alive tick 2026-06-06T20:09:31Z =====
[2026-06-06T20:09:31Z] deep_page_loop OK pid=2923321
[2026-06-06T20:09:32Z] sustained_loop OK pid=2918087
[2026-06-06T20:09:32Z] lane_supervisor SKIPPED (BUY-31452 stop marker present; see data/buy30727-supervisor.stopped)
[2026-06-06T20:09:32Z] keep-alive tick complete
===== keep-alive tick 2026-06-06T20:16:55Z =====
[2026-06-06T20:16:55Z] deep_page_loop OK pid=2923321
[2026-06-06T20:16:55Z] sustained_loop OK pid=2918087
[2026-06-06T20:16:55Z] lane_supervisor SKIPPED (BUY-31452 stop marker present; see data/buy30727-supervisor.stopped)
[2026-06-06T20:16:55Z] keep-alive tick complete
===== keep-alive tick 2026-06-06T20:21:13Z =====
[2026-06-06T20:21:13Z] deep_page_loop OK pid=2923321
[2026-06-06T20:21:13Z] sustained_loop OK pid=2918087
[2026-06-06T20:21:13Z] lane_supervisor SKIPPED (BUY-31452 stop marker present; see data/buy30727-supervisor.stopped)
[2026-06-06T20:21:13Z] keep-alive tick complete
===== keep-alive tick 2026-06-06T20:31:18Z =====
[2026-06-06T20:31:18Z] deep_page_loop OK pid=2923321
[2026-06-06T20:31:18Z] sustained_loop OK pid=2918087
[2026-06-06T20:31:19Z] lane_supervisor SKIPPED (BUY-31452 stop marker present; see data/buy30727-supervisor.stopped)
[2026-06-06T20:31:19Z] keep-alive tick complete
===== keep-alive tick 2026-06-06T20:36:26Z =====
[2026-06-06T20:36:26Z] deep_page_loop OK pid=4110462
[2026-06-06T20:36:27Z] sustained_loop OK pid=4110821
[2026-06-06T20:36:27Z] lane_supervisor SKIPPED (BUY-31452 stop marker present; see data/buy30727-supervisor.stopped)
[2026-06-06T20:36:27Z] keep-alive tick complete
===== keep-alive tick 2026-06-06T20:39:37Z =====
[2026-06-06T20:39:37Z] deep_page_loop DEAD — restarting (consecutive_dead_ticks=1)
[2026-06-06T20:39:39Z] deep_page_loop restarted pid=4150134 root=/paperclip/instances/default/workspaces/3ec8f6dd-1735-4479-9825-a2c42edac34c
[2026-06-06T20:39:39Z] sustained_loop OK pid=4110821
[2026-06-06T20:39:39Z] lane_supervisor SKIPPED (BUY-31452 stop marker present; see data/buy30727-supervisor.stopped)
[2026-06-06T20:39:39Z] keep-alive tick complete
===== keep-alive tick 2026-06-06T20:45:17Z =====
[2026-06-06T20:45:17Z] deep_page_loop DEAD — restarting (consecutive_dead_ticks=2)
[2026-06-06T20:45:19Z] deep_page_loop restarted pid=4190492 root=/paperclip/instances/default/workspaces/3ec8f6dd-1735-4479-9825-a2c42edac34c
[2026-06-06T20:45:19Z] sustained_loop DEAD — restarting (consecutive_dead_ticks=1)
[2026-06-06T20:45:21Z] sustained_loop restarted pid=4190787 root=/paperclip/instances/default/workspaces/3ec8f6dd-1735-4479-9825-a2c42edac34c
[2026-06-06T20:45:21Z] lane_supervisor SKIPPED (BUY-31452 stop marker present; see data/buy30727-supervisor.stopped)
[2026-06-06T20:45:21Z] keep-alive tick complete
===== keep-alive tick 2026-06-06T23:33:11Z =====
[2026-06-06T23:33:11Z] deep_page_loop OK pid=374160
[2026-06-06T23:33:11Z] sustained_loop OK pid=368113
[2026-06-06T23:33:11Z] lane_supervisor SKIPPED (BUY-31452 stop marker present; see data/buy30727-supervisor.stopped)
[2026-06-06T23:33:11Z] keep-alive tick complete
===== keep-alive tick 2026-06-06T23:39:34Z =====
[2026-06-06T23:39:34Z] deep_page_loop OK pid=374160
[2026-06-06T23:39:34Z] sustained_loop OK pid=368113
[2026-06-06T23:39:34Z] lane_supervisor SKIPPED (BUY-31452 stop marker present; see data/buy30727-supervisor.stopped)
[2026-06-06T23:39:34Z] keep-alive tick complete
===== keep-alive tick 2026-06-06T23:57:41Z =====
[2026-06-06T23:57:41Z] deep_page_loop OK pid=374160
[2026-06-06T23:57:41Z] sustained_loop OK pid=368113
[2026-06-06T23:57:41Z] lane_supervisor SKIPPED (BUY-31452 stop marker present; see data/buy30727-supervisor.stopped)
[2026-06-06T23:57:41Z] keep-alive tick complete
===== keep-alive tick 2026-06-07T00:15:34Z =====
[2026-06-07T00:15:34Z] deep_page_loop OK pid=374160
[2026-06-07T00:15:34Z] sustained_loop OK pid=368113
[2026-06-07T00:15:34Z] lane_supervisor SKIPPED (BUY-31452 stop marker present; see data/buy30727-supervisor.stopped)
[2026-06-07T00:15:34Z] keep-alive tick complete
===== keep-alive tick 2026-06-07T00:31:32Z =====
[2026-06-07T00:31:32Z] deep_page_loop OK pid=374160
[2026-06-07T00:31:33Z] sustained_loop OK pid=368113
[2026-06-07T00:31:33Z] lane_supervisor SKIPPED (BUY-31452 stop marker present; see data/buy30727-supervisor.stopped)
[2026-06-07T00:31:33Z] keep-alive tick complete
===== keep-alive tick 2026-06-07T00:45:46Z =====
[2026-06-07T00:45:46Z] deep_page_loop OK pid=374160
[2026-06-07T00:45:46Z] sustained_loop OK pid=368113
[2026-06-07T00:45:46Z] lane_supervisor SKIPPED (BUY-31452 stop marker present; see data/buy30727-supervisor.stopped)
[2026-06-07T00:45:46Z] keep-alive tick complete
===== keep-alive tick 2026-06-07T00:48:52Z =====
[2026-06-07T00:48:52Z] deep_page_loop OK pid=374160
[2026-06-07T00:48:52Z] sustained_loop OK pid=368113
[2026-06-07T00:48:52Z] lane_supervisor SKIPPED (BUY-31452 stop marker present; see data/buy30727-supervisor.stopped)
[2026-06-07T00:48:52Z] keep-alive tick complete
===== keep-alive tick 2026-06-07T00:56:17Z =====
[2026-06-07T00:56:17Z] deep_page_loop OK pid=374160
[2026-06-07T00:56:17Z] sustained_loop OK pid=368113
[2026-06-07T00:56:17Z] lane_supervisor SKIPPED (BUY-31452 stop marker present; see data/buy30727-supervisor.stopped)
[2026-06-07T00:56:17Z] keep-alive tick complete
===== keep-alive tick 2026-06-07T01:05:00Z =====
[2026-06-07T01:05:00Z] deep_page_loop OK pid=374160
[2026-06-07T01:05:00Z] sustained_loop OK pid=368113
[2026-06-07T01:05:00Z] lane_supervisor SKIPPED (BUY-31452 stop marker present; see data/buy30727-supervisor.stopped)
[2026-06-07T01:05:00Z] keep-alive tick complete
===== keep-alive tick 2026-06-07T01:13:36Z =====
[2026-06-07T01:13:36Z] deep_page_loop OK pid=374160
[2026-06-07T01:13:36Z] sustained_loop OK pid=368113
[2026-06-07T01:13:36Z] lane_supervisor SKIPPED (BUY-31452 stop marker present; see data/buy30727-supervisor.stopped)
[2026-06-07T01:13:36Z] keep-alive tick complete
===== keep-alive tick 2026-06-07T01:21:24Z =====
[2026-06-07T01:21:24Z] deep_page_loop OK pid=374160
[2026-06-07T01:21:24Z] sustained_loop OK pid=368113
[2026-06-07T01:21:24Z] lane_supervisor SKIPPED (BUY-31452 stop marker present; see data/buy30727-supervisor.stopped)
[2026-06-07T01:21:24Z] keep-alive tick complete
===== keep-alive tick 2026-06-07T01:39:01Z =====
[2026-06-07T01:39:01Z] deep_page_loop OK pid=374160
[2026-06-07T01:39:01Z] sustained_loop OK pid=368113
[2026-06-07T01:39:01Z] lane_supervisor SKIPPED (BUY-31452 stop marker present; see data/buy30727-supervisor.stopped)
[2026-06-07T01:39:01Z] keep-alive tick complete
===== keep-alive tick 2026-06-07T01:54:26Z =====
[2026-06-07T01:54:26Z] deep_page_loop OK pid=374160
[2026-06-07T01:54:26Z] sustained_loop OK pid=368113
[2026-06-07T01:54:26Z] lane_supervisor SKIPPED (BUY-31452 stop marker present; see data/buy30727-supervisor.stopped)
[2026-06-07T01:54:26Z] keep-alive tick complete
===== keep-alive tick 2026-06-07T01:59:06Z =====
[2026-06-07T01:59:06Z] deep_page_loop OK pid=374160
[2026-06-07T01:59:07Z] sustained_loop OK pid=368113
[2026-06-07T01:59:07Z] lane_supervisor SKIPPED (BUY-31452 stop marker present; see data/buy30727-supervisor.stopped)
[2026-06-07T01:59:07Z] keep-alive tick complete
===== keep-alive tick 2026-06-07T02:12:00Z =====
[2026-06-07T02:12:00Z] deep_page_loop OK pid=374160
[2026-06-07T02:12:00Z] sustained_loop OK pid=368113
[2026-06-07T02:12:00Z] lane_supervisor SKIPPED (BUY-31452 stop marker present; see data/buy30727-supervisor.stopped)
[2026-06-07T02:12:00Z] keep-alive tick complete
===== keep-alive tick 2026-06-07T02:19:55Z =====
[2026-06-07T02:19:55Z] deep_page_loop OK pid=374160
[2026-06-07T02:19:55Z] sustained_loop OK pid=368113
[2026-06-07T02:19:55Z] lane_supervisor SKIPPED (BUY-31452 stop marker present; see data/buy30727-supervisor.stopped)
[2026-06-07T02:19:55Z] keep-alive tick complete
===== keep-alive tick 2026-06-07T02:26:32Z =====
[2026-06-07T02:26:32Z] deep_page_loop OK pid=374160
[2026-06-07T02:26:32Z] sustained_loop OK pid=368113
[2026-06-07T02:26:32Z] lane_supervisor SKIPPED (BUY-31452 stop marker present; see data/buy30727-supervisor.stopped)
[2026-06-07T02:26:32Z] keep-alive tick complete
===== keep-alive tick 2026-06-07T02:45:04Z =====
[2026-06-07T02:45:04Z] deep_page_loop OK pid=374160
[2026-06-07T02:45:05Z] sustained_loop OK pid=368113
[2026-06-07T02:45:05Z] lane_supervisor SKIPPED (BUY-31452 stop marker present; see data/buy30727-supervisor.stopped)
[2026-06-07T02:45:05Z] keep-alive tick complete
===== keep-alive tick 2026-06-07T02:57:33Z =====
[2026-06-07T02:57:33Z] deep_page_loop OK pid=374160
[2026-06-07T02:57:33Z] sustained_loop OK pid=368113
[2026-06-07T02:57:33Z] lane_supervisor SKIPPED (BUY-31452 stop marker present; see data/buy30727-supervisor.stopped)
[2026-06-07T02:57:33Z] keep-alive tick complete
===== keep-alive tick 2026-06-07T02:58:23Z =====
[2026-06-07T02:58:23Z] deep_page_loop OK pid=374160
[2026-06-07T02:58:23Z] sustained_loop OK pid=368113
[2026-06-07T02:58:23Z] lane_supervisor SKIPPED (BUY-31452 stop marker present; see data/buy30727-supervisor.stopped)
[2026-06-07T02:58:23Z] keep-alive tick complete
===== keep-alive tick 2026-06-07T03:21:28Z =====
[2026-06-07T03:21:28Z] deep_page_loop OK pid=374160
[2026-06-07T03:21:28Z] sustained_loop OK pid=368113
[2026-06-07T03:21:28Z] lane_supervisor SKIPPED (BUY-31452 stop marker present; see data/buy30727-supervisor.stopped)
[2026-06-07T03:21:28Z] keep-alive tick complete
===== keep-alive tick 2026-06-07T03:22:05Z =====
[2026-06-07T03:22:05Z] deep_page_loop OK pid=374160
[2026-06-07T03:22:05Z] sustained_loop OK pid=368113
[2026-06-07T03:22:05Z] lane_supervisor SKIPPED (BUY-31452 stop marker present; see data/buy30727-supervisor.stopped)
[2026-06-07T03:22:05Z] keep-alive tick complete
===== keep-alive tick 2026-06-07T03:22:32Z =====
[2026-06-07T03:22:32Z] deep_page_loop OK pid=374160
[2026-06-07T03:22:32Z] sustained_loop OK pid=368113
[2026-06-07T03:22:32Z] lane_supervisor SKIPPED (BUY-31452 stop marker present; see data/buy30727-supervisor.stopped)
[2026-06-07T03:22:32Z] keep-alive tick complete
===== keep-alive tick 2026-06-07T03:23:02Z =====
[2026-06-07T03:23:02Z] deep_page_loop OK pid=374160
[2026-06-07T03:23:03Z] sustained_loop OK pid=368113
[2026-06-07T03:23:03Z] lane_supervisor SKIPPED (BUY-31452 stop marker present; see data/buy30727-supervisor.stopped)
[2026-06-07T03:23:03Z] keep-alive tick complete
===== keep-alive tick 2026-06-07T03:23:28Z =====
[2026-06-07T03:23:28Z] deep_page_loop OK pid=374160
[2026-06-07T03:23:28Z] sustained_loop OK pid=368113
[2026-06-07T03:23:28Z] lane_supervisor SKIPPED (BUY-31452 stop marker present; see data/buy30727-supervisor.stopped)
[2026-06-07T03:23:28Z] keep-alive tick complete
===== keep-alive tick 2026-06-07T03:23:53Z =====
[2026-06-07T03:23:53Z] deep_page_loop OK pid=374160
[2026-06-07T03:23:53Z] sustained_loop OK pid=368113
[2026-06-07T03:23:53Z] lane_supervisor SKIPPED (BUY-31452 stop marker present; see data/buy30727-supervisor.stopped)
[2026-06-07T03:23:53Z] keep-alive tick complete
===== keep-alive tick 2026-06-07T03:24:22Z =====
[2026-06-07T03:24:22Z] deep_page_loop OK pid=374160
[2026-06-07T03:24:22Z] sustained_loop OK pid=368113
[2026-06-07T03:24:22Z] lane_supervisor SKIPPED (BUY-31452 stop marker present; see data/buy30727-supervisor.stopped)
[2026-06-07T03:24:22Z] keep-alive tick complete
===== keep-alive tick 2026-06-07T03:24:48Z =====
[2026-06-07T03:24:48Z] deep_page_loop OK pid=374160
[2026-06-07T03:24:48Z] sustained_loop OK pid=368113
[2026-06-07T03:24:48Z] lane_supervisor SKIPPED (BUY-31452 stop marker present; see data/buy30727-supervisor.stopped)
[2026-06-07T03:24:48Z] keep-alive tick complete
===== keep-alive tick 2026-06-07T03:25:16Z =====
[2026-06-07T03:25:16Z] deep_page_loop OK pid=374160
[2026-06-07T03:25:16Z] sustained_loop OK pid=368113
[2026-06-07T03:25:16Z] lane_supervisor SKIPPED (BUY-31452 stop marker present; see data/buy30727-supervisor.stopped)
[2026-06-07T03:25:16Z] keep-alive tick complete
===== keep-alive tick 2026-06-07T03:25:45Z =====
[2026-06-07T03:25:45Z] deep_page_loop OK pid=374160
[2026-06-07T03:25:45Z] sustained_loop OK pid=368113
[2026-06-07T03:25:45Z] lane_supervisor SKIPPED (BUY-31452 stop marker present; see data/buy30727-supervisor.stopped)
[2026-06-07T03:25:45Z] keep-alive tick complete
===== keep-alive tick 2026-06-07T03:26:15Z =====
[2026-06-07T03:26:15Z] deep_page_loop OK pid=374160
[2026-06-07T03:26:15Z] sustained_loop OK pid=368113
[2026-06-07T03:26:15Z] lane_supervisor SKIPPED (BUY-31452 stop marker present; see data/buy30727-supervisor.stopped)
[2026-06-07T03:26:15Z] keep-alive tick complete
===== keep-alive tick 2026-06-07T03:26:42Z =====
[2026-06-07T03:26:42Z] deep_page_loop OK pid=374160
[2026-06-07T03:26:42Z] sustained_loop OK pid=368113
[2026-06-07T03:26:42Z] lane_supervisor SKIPPED (BUY-31452 stop marker present; see data/buy30727-supervisor.stopped)
[2026-06-07T03:26:42Z] keep-alive tick complete
===== keep-alive tick 2026-06-07T03:27:13Z =====
[2026-06-07T03:27:13Z] deep_page_loop OK pid=374160
[2026-06-07T03:27:13Z] sustained_loop OK pid=368113
[2026-06-07T03:27:13Z] lane_supervisor SKIPPED (BUY-31452 stop marker present; see data/buy30727-supervisor.stopped)
[2026-06-07T03:27:13Z] keep-alive tick complete
===== keep-alive tick 2026-06-07T03:27:42Z =====
[2026-06-07T03:27:42Z] deep_page_loop OK pid=374160
[2026-06-07T03:27:42Z] sustained_loop OK pid=368113
[2026-06-07T03:27:42Z] lane_supervisor SKIPPED (BUY-31452 stop marker present; see data/buy30727-supervisor.stopped)
[2026-06-07T03:27:42Z] keep-alive tick complete
===== keep-alive tick 2026-06-07T03:28:11Z =====
[2026-06-07T03:28:11Z] deep_page_loop OK pid=374160
[2026-06-07T03:28:11Z] sustained_loop OK pid=368113
[2026-06-07T03:28:11Z] lane_supervisor SKIPPED (BUY-31452 stop marker present; see data/buy30727-supervisor.stopped)
[2026-06-07T03:28:11Z] keep-alive tick complete
===== keep-alive tick 2026-06-07T03:28:39Z =====
[2026-06-07T03:28:39Z] deep_page_loop OK pid=374160
[2026-06-07T03:28:39Z] sustained_loop OK pid=368113
[2026-06-07T03:28:39Z] lane_supervisor SKIPPED (BUY-31452 stop marker present; see data/buy30727-supervisor.stopped)
[2026-06-07T03:28:39Z] keep-alive tick complete
===== keep-alive tick 2026-06-07T03:29:07Z =====
[2026-06-07T03:29:07Z] deep_page_loop OK pid=374160
[2026-06-07T03:29:07Z] sustained_loop OK pid=368113
[2026-06-07T03:29:07Z] lane_supervisor SKIPPED (BUY-31452 stop marker present; see data/buy30727-supervisor.stopped)
[2026-06-07T03:29:07Z] keep-alive tick complete
===== keep-alive tick 2026-06-07T03:29:34Z =====
[2026-06-07T03:29:34Z] deep_page_loop OK pid=374160
[2026-06-07T03:29:34Z] sustained_loop OK pid=368113
[2026-06-07T03:29:34Z] lane_supervisor SKIPPED (BUY-31452 stop marker present; see data/buy30727-supervisor.stopped)
[2026-06-07T03:29:34Z] keep-alive tick complete
===== keep-alive tick 2026-06-07T03:30:05Z =====
[2026-06-07T03:30:05Z] deep_page_loop OK pid=374160
[2026-06-07T03:30:05Z] sustained_loop OK pid=368113
[2026-06-07T03:30:05Z] lane_supervisor SKIPPED (BUY-31452 stop marker present; see data/buy30727-supervisor.stopped)
[2026-06-07T03:30:05Z] keep-alive tick complete
===== keep-alive tick 2026-06-07T03:30:36Z =====
[2026-06-07T03:30:36Z] deep_page_loop OK pid=374160
[2026-06-07T03:30:36Z] sustained_loop OK pid=368113
[2026-06-07T03:30:36Z] lane_supervisor SKIPPED (BUY-31452 stop marker present; see data/buy30727-supervisor.stopped)
[2026-06-07T03:30:36Z] keep-alive tick complete
===== keep-alive tick 2026-06-07T03:31:05Z =====
[2026-06-07T03:31:05Z] deep_page_loop OK pid=374160
[2026-06-07T03:31:05Z] sustained_loop OK pid=368113
[2026-06-07T03:31:05Z] lane_supervisor SKIPPED (BUY-31452 stop marker present; see data/buy30727-supervisor.stopped)
[2026-06-07T03:31:05Z] keep-alive tick complete
===== keep-alive tick 2026-06-07T03:31:35Z =====
[2026-06-07T03:31:35Z] deep_page_loop OK pid=374160
[2026-06-07T03:31:36Z] sustained_loop OK pid=368113
[2026-06-07T03:31:36Z] lane_supervisor SKIPPED (BUY-31452 stop marker present; see data/buy30727-supervisor.stopped)
[2026-06-07T03:31:36Z] keep-alive tick complete
===== keep-alive tick 2026-06-07T03:32:06Z =====
[2026-06-07T03:32:06Z] deep_page_loop OK pid=374160
[2026-06-07T03:32:06Z] sustained_loop OK pid=368113
[2026-06-07T03:32:06Z] lane_supervisor SKIPPED (BUY-31452 stop marker present; see data/buy30727-supervisor.stopped)
[2026-06-07T03:32:06Z] keep-alive tick complete
===== keep-alive tick 2026-06-07T03:32:42Z =====
[2026-06-07T03:32:42Z] deep_page_loop OK pid=374160
[2026-06-07T03:32:43Z] sustained_loop OK pid=368113
[2026-06-07T03:32:43Z] lane_supervisor SKIPPED (BUY-31452 stop marker present; see data/buy30727-supervisor.stopped)
[2026-06-07T03:32:43Z] keep-alive tick complete
===== keep-alive tick 2026-06-07T03:33:12Z =====
[2026-06-07T03:33:12Z] deep_page_loop OK pid=374160
[2026-06-07T03:33:12Z] sustained_loop OK pid=368113
[2026-06-07T03:33:12Z] lane_supervisor SKIPPED (BUY-31452 stop marker present; see data/buy30727-supervisor.stopped)
[2026-06-07T03:33:12Z] keep-alive tick complete
===== keep-alive tick 2026-06-07T03:33:42Z =====
[2026-06-07T03:33:42Z] deep_page_loop OK pid=374160
[2026-06-07T03:33:42Z] sustained_loop OK pid=368113
[2026-06-07T03:33:42Z] lane_supervisor SKIPPED (BUY-31452 stop marker present; see data/buy30727-supervisor.stopped)
[2026-06-07T03:33:42Z] keep-alive tick complete
===== keep-alive tick 2026-06-07T03:34:13Z =====
[2026-06-07T03:34:13Z] deep_page_loop OK pid=374160
[2026-06-07T03:34:13Z] sustained_loop OK pid=368113
[2026-06-07T03:34:13Z] lane_supervisor SKIPPED (BUY-31452 stop marker present; see data/buy30727-supervisor.stopped)
[2026-06-07T03:34:13Z] keep-alive tick complete
===== keep-alive tick 2026-06-07T03:34:46Z =====
[2026-06-07T03:34:46Z] deep_page_loop OK pid=374160
[2026-06-07T03:34:46Z] sustained_loop OK pid=368113
[2026-06-07T03:34:46Z] lane_supervisor SKIPPED (BUY-31452 stop marker present; see data/buy30727-supervisor.stopped)
[2026-06-07T03:34:46Z] keep-alive tick complete
===== keep-alive tick 2026-06-07T03:35:15Z =====
[2026-06-07T03:35:15Z] deep_page_loop OK pid=374160
[2026-06-07T03:35:15Z] sustained_loop OK pid=368113
[2026-06-07T03:35:15Z] lane_supervisor SKIPPED (BUY-31452 stop marker present; see data/buy30727-supervisor.stopped)
[2026-06-07T03:35:15Z] keep-alive tick complete
===== keep-alive tick 2026-06-07T03:35:42Z =====
[2026-06-07T03:35:42Z] deep_page_loop OK pid=374160
[2026-06-07T03:35:42Z] sustained_loop OK pid=368113
[2026-06-07T03:35:42Z] lane_supervisor SKIPPED (BUY-31452 stop marker present; see data/buy30727-supervisor.stopped)
[2026-06-07T03:35:42Z] keep-alive tick complete
===== keep-alive tick 2026-06-07T03:40:51Z =====
[2026-06-07T03:40:51Z] deep_page_loop OK pid=374160
[2026-06-07T03:40:51Z] sustained_loop OK pid=368113
[2026-06-07T03:40:51Z] lane_supervisor SKIPPED (BUY-31452 stop marker present; see data/buy30727-supervisor.stopped)
[2026-06-07T03:40:51Z] keep-alive tick complete
===== keep-alive tick 2026-06-07T05:01:25Z =====
[2026-06-07T05:01:25Z] deep_page_loop OK pid=374160
[2026-06-07T05:01:25Z] sustained_loop OK pid=368113
[2026-06-07T05:01:25Z] lane_supervisor SKIPPED (BUY-31452 stop marker present; see data/buy30727-supervisor.stopped)
[2026-06-07T05:01:25Z] keep-alive tick complete
===== keep-alive tick 2026-06-07T05:01:56Z =====
[2026-06-07T05:01:56Z] deep_page_loop OK pid=374160
[2026-06-07T05:01:56Z] sustained_loop OK pid=368113
[2026-06-07T05:01:56Z] lane_supervisor SKIPPED (BUY-31452 stop marker present; see data/buy30727-supervisor.stopped)
[2026-06-07T05:01:56Z] keep-alive tick complete
===== keep-alive tick 2026-06-07T05:02:39Z =====
[2026-06-07T05:02:39Z] deep_page_loop OK pid=374160
[2026-06-07T05:02:39Z] sustained_loop OK pid=368113
[2026-06-07T05:02:39Z] lane_supervisor SKIPPED (BUY-31452 stop marker present; see data/buy30727-supervisor.stopped)
[2026-06-07T05:02:39Z] keep-alive tick complete
===== keep-alive tick 2026-06-07T05:03:10Z =====
[2026-06-07T05:03:10Z] deep_page_loop OK pid=374160
[2026-06-07T05:03:11Z] sustained_loop OK pid=368113
[2026-06-07T05:03:11Z] lane_supervisor SKIPPED (BUY-31452 stop marker present; see data/buy30727-supervisor.stopped)
[2026-06-07T05:03:11Z] keep-alive tick complete
===== keep-alive tick 2026-06-07T05:03:52Z =====
[2026-06-07T05:03:52Z] deep_page_loop OK pid=374160
[2026-06-07T05:03:52Z] sustained_loop OK pid=368113
[2026-06-07T05:03:52Z] lane_supervisor SKIPPED (BUY-31452 stop marker present; see data/buy30727-supervisor.stopped)
[2026-06-07T05:03:52Z] keep-alive tick complete
===== keep-alive tick 2026-06-07T05:04:29Z =====
[2026-06-07T05:04:29Z] deep_page_loop OK pid=374160
[2026-06-07T05:04:30Z] sustained_loop OK pid=368113
[2026-06-07T05:04:30Z] lane_supervisor SKIPPED (BUY-31452 stop marker present; see data/buy30727-supervisor.stopped)
[2026-06-07T05:04:30Z] keep-alive tick complete
===== keep-alive tick 2026-06-07T05:05:07Z =====
[2026-06-07T05:05:07Z] deep_page_loop OK pid=374160
[2026-06-07T05:05:07Z] sustained_loop OK pid=368113
[2026-06-07T05:05:07Z] lane_supervisor SKIPPED (BUY-31452 stop marker present; see data/buy30727-supervisor.stopped)
[2026-06-07T05:05:07Z] keep-alive tick complete
===== keep-alive tick 2026-06-07T05:05:41Z =====
[2026-06-07T05:05:41Z] deep_page_loop OK pid=374160
[2026-06-07T05:05:41Z] sustained_loop OK pid=368113
[2026-06-07T05:05:41Z] lane_supervisor SKIPPED (BUY-31452 stop marker present; see data/buy30727-supervisor.stopped)
[2026-06-07T05:05:41Z] keep-alive tick complete
===== keep-alive tick 2026-06-07T05:06:13Z =====
[2026-06-07T05:06:13Z] deep_page_loop OK pid=374160
[2026-06-07T05:06:13Z] sustained_loop OK pid=368113
[2026-06-07T05:06:13Z] lane_supervisor SKIPPED (BUY-31452 stop marker present; see data/buy30727-supervisor.stopped)
[2026-06-07T05:06:13Z] keep-alive tick complete
===== keep-alive tick 2026-06-07T05:06:45Z =====
[2026-06-07T05:06:45Z] deep_page_loop OK pid=374160
[2026-06-07T05:06:45Z] sustained_loop OK pid=368113
[2026-06-07T05:06:45Z] lane_supervisor SKIPPED (BUY-31452 stop marker present; see data/buy30727-supervisor.stopped)
[2026-06-07T05:06:45Z] keep-alive tick complete
===== keep-alive tick 2026-06-07T05:07:17Z =====
[2026-06-07T05:07:17Z] deep_page_loop OK pid=374160
[2026-06-07T05:07:18Z] sustained_loop OK pid=368113
[2026-06-07T05:07:18Z] lane_supervisor SKIPPED (BUY-31452 stop marker present; see data/buy30727-supervisor.stopped)
[2026-06-07T05:07:18Z] keep-alive tick complete
===== keep-alive tick 2026-06-07T05:07:48Z =====
[2026-06-07T05:07:48Z] deep_page_loop OK pid=374160
[2026-06-07T05:07:48Z] sustained_loop OK pid=368113
[2026-06-07T05:07:48Z] lane_supervisor SKIPPED (BUY-31452 stop marker present; see data/buy30727-supervisor.stopped)
[2026-06-07T05:07:48Z] keep-alive tick complete
===== keep-alive tick 2026-06-07T05:08:23Z =====
[2026-06-07T05:08:23Z] deep_page_loop OK pid=374160
[2026-06-07T05:08:23Z] sustained_loop OK pid=368113
[2026-06-07T05:08:23Z] lane_supervisor SKIPPED (BUY-31452 stop marker present; see data/buy30727-supervisor.stopped)
[2026-06-07T05:08:23Z] keep-alive tick complete
===== keep-alive tick 2026-06-07T05:10:43Z =====
[2026-06-07T05:10:43Z] deep_page_loop OK pid=374160
[2026-06-07T05:10:44Z] sustained_loop OK pid=368113
[2026-06-07T05:10:44Z] lane_supervisor SKIPPED (BUY-31452 stop marker present; see data/buy30727-supervisor.stopped)
[2026-06-07T05:10:44Z] keep-alive tick complete
===== keep-alive tick 2026-06-07T05:11:20Z =====
[2026-06-07T05:11:20Z] deep_page_loop OK pid=374160
[2026-06-07T05:11:20Z] sustained_loop OK pid=368113
[2026-06-07T05:11:20Z] lane_supervisor SKIPPED (BUY-31452 stop marker present; see data/buy30727-supervisor.stopped)
[2026-06-07T05:11:20Z] keep-alive tick complete
===== keep-alive tick 2026-06-07T05:11:58Z =====
[2026-06-07T05:11:58Z] deep_page_loop OK pid=374160
[2026-06-07T05:11:58Z] sustained_loop OK pid=368113
[2026-06-07T05:11:58Z] lane_supervisor SKIPPED (BUY-31452 stop marker present; see data/buy30727-supervisor.stopped)
[2026-06-07T05:11:58Z] keep-alive tick complete
===== keep-alive tick 2026-06-07T05:12:39Z =====
[2026-06-07T05:12:39Z] deep_page_loop OK pid=374160
[2026-06-07T05:12:39Z] sustained_loop OK pid=368113
[2026-06-07T05:12:39Z] lane_supervisor SKIPPED (BUY-31452 stop marker present; see data/buy30727-supervisor.stopped)
[2026-06-07T05:12:39Z] keep-alive tick complete
===== keep-alive tick 2026-06-07T05:13:20Z =====
[2026-06-07T05:13:20Z] deep_page_loop OK pid=374160
[2026-06-07T05:13:20Z] sustained_loop OK pid=368113
[2026-06-07T05:13:20Z] lane_supervisor SKIPPED (BUY-31452 stop marker present; see data/buy30727-supervisor.stopped)
[2026-06-07T05:13:20Z] keep-alive tick complete
===== keep-alive tick 2026-06-07T05:13:57Z =====
[2026-06-07T05:13:58Z] deep_page_loop OK pid=374160
[2026-06-07T05:13:58Z] sustained_loop OK pid=368113
[2026-06-07T05:13:58Z] lane_supervisor SKIPPED (BUY-31452 stop marker present; see data/buy30727-supervisor.stopped)
[2026-06-07T05:13:58Z] keep-alive tick complete
===== keep-alive tick 2026-06-07T05:14:38Z =====
[2026-06-07T05:14:38Z] deep_page_loop OK pid=374160
[2026-06-07T05:14:38Z] sustained_loop OK pid=368113
[2026-06-07T05:14:38Z] lane_supervisor SKIPPED (BUY-31452 stop marker present; see data/buy30727-supervisor.stopped)
[2026-06-07T05:14:38Z] keep-alive tick complete
===== keep-alive tick 2026-06-07T05:15:15Z =====
[2026-06-07T05:15:15Z] deep_page_loop OK pid=374160
[2026-06-07T05:15:16Z] sustained_loop OK pid=368113
[2026-06-07T05:15:16Z] lane_supervisor SKIPPED (BUY-31452 stop marker present; see data/buy30727-supervisor.stopped)
[2026-06-07T05:15:16Z] keep-alive tick complete
===== keep-alive tick 2026-06-07T05:15:53Z =====
[2026-06-07T05:15:53Z] deep_page_loop OK pid=374160
[2026-06-07T05:15:53Z] sustained_loop OK pid=368113
[2026-06-07T05:15:53Z] lane_supervisor SKIPPED (BUY-31452 stop marker present; see data/buy30727-supervisor.stopped)
[2026-06-07T05:15:53Z] keep-alive tick complete
===== keep-alive tick 2026-06-07T05:16:39Z =====
[2026-06-07T05:16:39Z] deep_page_loop OK pid=374160
[2026-06-07T05:16:39Z] sustained_loop OK pid=368113
[2026-06-07T05:16:39Z] lane_supervisor SKIPPED (BUY-31452 stop marker present; see data/buy30727-supervisor.stopped)
[2026-06-07T05:16:39Z] keep-alive tick complete
===== keep-alive tick 2026-06-07T05:17:16Z =====
[2026-06-07T05:17:16Z] deep_page_loop OK pid=374160
[2026-06-07T05:17:16Z] sustained_loop OK pid=368113
[2026-06-07T05:17:16Z] lane_supervisor SKIPPED (BUY-31452 stop marker present; see data/buy30727-supervisor.stopped)
[2026-06-07T05:17:16Z] keep-alive tick complete
===== keep-alive tick 2026-06-07T05:17:53Z =====
[2026-06-07T05:17:54Z] deep_page_loop OK pid=374160
[2026-06-07T05:17:54Z] sustained_loop OK pid=368113
[2026-06-07T05:17:54Z] lane_supervisor SKIPPED (BUY-31452 stop marker present; see data/buy30727-supervisor.stopped)
[2026-06-07T05:17:54Z] keep-alive tick complete
===== keep-alive tick 2026-06-07T05:18:29Z =====
[2026-06-07T05:18:29Z] deep_page_loop OK pid=374160
[2026-06-07T05:18:29Z] sustained_loop OK pid=368113
[2026-06-07T05:18:29Z] lane_supervisor SKIPPED (BUY-31452 stop marker present; see data/buy30727-supervisor.stopped)
[2026-06-07T05:18:29Z] keep-alive tick complete
===== keep-alive tick 2026-06-07T05:19:07Z =====
[2026-06-07T05:19:07Z] deep_page_loop OK pid=374160
[2026-06-07T05:19:07Z] sustained_loop OK pid=368113
[2026-06-07T05:19:07Z] lane_supervisor SKIPPED (BUY-31452 stop marker present; see data/buy30727-supervisor.stopped)
[2026-06-07T05:19:07Z] keep-alive tick complete
===== keep-alive tick 2026-06-07T05:19:43Z =====
[2026-06-07T05:19:43Z] deep_page_loop OK pid=374160
[2026-06-07T05:19:43Z] sustained_loop OK pid=368113
[2026-06-07T05:19:43Z] lane_supervisor SKIPPED (BUY-31452 stop marker present; see data/buy30727-supervisor.stopped)
[2026-06-07T05:19:43Z] keep-alive tick complete
===== keep-alive tick 2026-06-07T05:20:21Z =====
[2026-06-07T05:20:21Z] deep_page_loop OK pid=374160
[2026-06-07T05:20:21Z] sustained_loop OK pid=368113
[2026-06-07T05:20:21Z] lane_supervisor SKIPPED (BUY-31452 stop marker present; see data/buy30727-supervisor.stopped)
[2026-06-07T05:20:21Z] keep-alive tick complete
===== keep-alive tick 2026-06-07T05:21:02Z =====
[2026-06-07T05:21:02Z] deep_page_loop OK pid=374160
[2026-06-07T05:21:02Z] sustained_loop OK pid=368113
[2026-06-07T05:21:02Z] lane_supervisor SKIPPED (BUY-31452 stop marker present; see data/buy30727-supervisor.stopped)
[2026-06-07T05:21:02Z] keep-alive tick complete
===== keep-alive tick 2026-06-07T05:21:41Z =====
[2026-06-07T05:21:41Z] deep_page_loop OK pid=374160
[2026-06-07T05:21:41Z] sustained_loop OK pid=368113
[2026-06-07T05:21:41Z] lane_supervisor SKIPPED (BUY-31452 stop marker present; see data/buy30727-supervisor.stopped)
[2026-06-07T05:21:41Z] keep-alive tick complete
===== keep-alive tick 2026-06-07T05:22:28Z =====
[2026-06-07T05:22:28Z] deep_page_loop OK pid=374160
[2026-06-07T05:22:28Z] sustained_loop OK pid=368113
[2026-06-07T05:22:28Z] lane_supervisor SKIPPED (BUY-31452 stop marker present; see data/buy30727-supervisor.stopped)
[2026-06-07T05:22:28Z] keep-alive tick complete
===== keep-alive tick 2026-06-07T05:23:05Z =====
[2026-06-07T05:23:05Z] deep_page_loop OK pid=374160
[2026-06-07T05:23:05Z] sustained_loop OK pid=368113
[2026-06-07T05:23:05Z] lane_supervisor SKIPPED (BUY-31452 stop marker present; see data/buy30727-supervisor.stopped)
[2026-06-07T05:23:05Z] keep-alive tick complete
===== keep-alive tick 2026-06-07T05:23:49Z =====
[2026-06-07T05:23:49Z] deep_page_loop OK pid=374160
[2026-06-07T05:23:49Z] sustained_loop OK pid=368113
[2026-06-07T05:23:49Z] lane_supervisor SKIPPED (BUY-31452 stop marker present; see data/buy30727-supervisor.stopped)
[2026-06-07T05:23:49Z] keep-alive tick complete
===== keep-alive tick 2026-06-07T05:24:28Z =====
[2026-06-07T05:24:28Z] deep_page_loop OK pid=374160
[2026-06-07T05:24:28Z] sustained_loop OK pid=368113
[2026-06-07T05:24:28Z] lane_supervisor SKIPPED (BUY-31452 stop marker present; see data/buy30727-supervisor.stopped)
[2026-06-07T05:24:28Z] keep-alive tick complete
===== keep-alive tick 2026-06-07T05:25:35Z =====
[2026-06-07T05:25:35Z] deep_page_loop OK pid=374160
[2026-06-07T05:25:35Z] sustained_loop OK pid=368113
[2026-06-07T05:25:35Z] lane_supervisor SKIPPED (BUY-31452 stop marker present; see data/buy30727-supervisor.stopped)
[2026-06-07T05:25:35Z] keep-alive tick complete
===== keep-alive tick 2026-06-07T05:31:28Z =====
[2026-06-07T05:31:28Z] deep_page_loop OK pid=374160
[2026-06-07T05:31:28Z] sustained_loop OK pid=368113
[2026-06-07T05:31:28Z] lane_supervisor SKIPPED (BUY-31452 stop marker present; see data/buy30727-supervisor.stopped)
[2026-06-07T05:31:28Z] keep-alive tick complete
===== keep-alive tick 2026-06-07T05:36:58Z =====
[2026-06-07T05:36:58Z] deep_page_loop DEAD — restarting (consecutive_dead_ticks=1)
[2026-06-07T05:37:00Z] deep_page_loop restarted pid=2157349 root=/paperclip/instances/default/workspaces/3ec8f6dd-1735-4479-9825-a2c42edac34c
[2026-06-07T05:37:00Z] sustained_loop OK pid=368113
[2026-06-07T05:37:00Z] lane_supervisor SKIPPED (BUY-31452 stop marker present; see data/buy30727-supervisor.stopped)
[2026-06-07T05:37:00Z] keep-alive tick complete
===== keep-alive tick 2026-06-07T05:50:19Z =====
[2026-06-07T05:50:19Z] deep_page_loop OK pid=2157349
[2026-06-07T05:50:19Z] sustained_loop OK pid=368113
[2026-06-07T05:50:19Z] lane_supervisor SKIPPED (BUY-31452 stop marker present; see data/buy30727-supervisor.stopped)
[2026-06-07T05:50:19Z] keep-alive tick complete
===== keep-alive tick 2026-06-07T05:59:11Z =====
[2026-06-07T05:59:11Z] deep_page_loop OK pid=2157349
[2026-06-07T05:59:11Z] sustained_loop OK pid=368113
[2026-06-07T05:59:11Z] lane_supervisor SKIPPED (BUY-31452 stop marker present; see data/buy30727-supervisor.stopped)
[2026-06-07T05:59:11Z] keep-alive tick complete
===== keep-alive tick 2026-06-07T06:13:25Z =====
[2026-06-07T06:13:25Z] deep_page_loop OK pid=2157349
[2026-06-07T06:13:25Z] sustained_loop OK pid=368113
[2026-06-07T06:13:25Z] lane_supervisor SKIPPED (BUY-31452 stop marker present; see data/buy30727-supervisor.stopped)
[2026-06-07T06:13:25Z] keep-alive tick complete
===== keep-alive tick 2026-06-07T06:17:58Z =====
[2026-06-07T06:17:59Z] deep_page_loop OK pid=2157349
[2026-06-07T06:17:59Z] sustained_loop OK pid=368113
[2026-06-07T06:17:59Z] lane_supervisor SKIPPED (BUY-31452 stop marker present; see data/buy30727-supervisor.stopped)
[2026-06-07T06:17:59Z] keep-alive tick complete
===== keep-alive tick 2026-06-07T06:23:58Z =====
[2026-06-07T06:23:58Z] deep_page_loop OK pid=2157349
[2026-06-07T06:23:58Z] sustained_loop OK pid=368113
[2026-06-07T06:23:59Z] lane_supervisor SKIPPED (BUY-31452 stop marker present; see data/buy30727-supervisor.stopped)
[2026-06-07T06:23:59Z] keep-alive tick complete
===== keep-alive tick 2026-06-07T06:34:42Z =====
[2026-06-07T06:34:42Z] deep_page_loop OK pid=2157349
[2026-06-07T06:34:42Z] sustained_loop OK pid=368113
[2026-06-07T06:34:42Z] lane_supervisor SKIPPED (BUY-31452 stop marker present; see data/buy30727-supervisor.stopped)
[2026-06-07T06:34:42Z] keep-alive tick complete
===== keep-alive tick 2026-06-07T06:36:51Z =====
[2026-06-07T06:36:51Z] deep_page_loop OK pid=2157349
[2026-06-07T06:36:51Z] sustained_loop OK pid=368113
[2026-06-07T06:36:51Z] lane_supervisor SKIPPED (BUY-31452 stop marker present; see data/buy30727-supervisor.stopped)
[2026-06-07T06:36:51Z] keep-alive tick complete
===== keep-alive tick 2026-06-07T06:46:56Z =====
[2026-06-07T06:46:56Z] deep_page_loop OK pid=2157349
[2026-06-07T06:46:56Z] sustained_loop OK pid=368113
[2026-06-07T06:46:56Z] lane_supervisor SKIPPED (BUY-31452 stop marker present; see data/buy30727-supervisor.stopped)
[2026-06-07T06:46:56Z] keep-alive tick complete
===== keep-alive tick 2026-06-07T06:52:45Z =====
[2026-06-07T06:52:45Z] deep_page_loop OK pid=2157349
[2026-06-07T06:52:45Z] sustained_loop OK pid=368113
[2026-06-07T06:52:45Z] lane_supervisor SKIPPED (BUY-31452 stop marker present; see data/buy30727-supervisor.stopped)
[2026-06-07T06:52:45Z] keep-alive tick complete
===== keep-alive tick 2026-06-07T07:09:47Z =====
[2026-06-07T07:09:47Z] deep_page_loop OK pid=2157349
[2026-06-07T07:09:47Z] sustained_loop OK pid=368113
[2026-06-07T07:09:47Z] lane_supervisor SKIPPED (BUY-31452 stop marker present; see data/buy30727-supervisor.stopped)
[2026-06-07T07:09:47Z] keep-alive tick complete
===== keep-alive tick 2026-06-07T07:23:04Z =====
[2026-06-07T07:23:04Z] deep_page_loop OK pid=2157349
[2026-06-07T07:23:04Z] sustained_loop OK pid=368113
[2026-06-07T07:23:04Z] lane_supervisor SKIPPED (BUY-31452 stop marker present; see data/buy30727-supervisor.stopped)
[2026-06-07T07:23:04Z] keep-alive tick complete
===== keep-alive tick 2026-06-07T07:34:20Z =====
[2026-06-07T07:34:20Z] deep_page_loop OK pid=2157349
[2026-06-07T07:34:20Z] sustained_loop OK pid=368113
[2026-06-07T07:34:20Z] lane_supervisor SKIPPED (BUY-31452 stop marker present; see data/buy30727-supervisor.stopped)
[2026-06-07T07:34:20Z] keep-alive tick complete
===== keep-alive tick 2026-06-07T07:41:32Z =====
[2026-06-07T07:41:32Z] deep_page_loop OK pid=2157349
[2026-06-07T07:41:32Z] sustained_loop OK pid=368113
[2026-06-07T07:41:32Z] lane_supervisor SKIPPED (BUY-31452 stop marker present; see data/buy30727-supervisor.stopped)
[2026-06-07T07:41:32Z] keep-alive tick complete
===== keep-alive tick 2026-06-07T07:49:27Z =====
[2026-06-07T07:49:27Z] deep_page_loop OK pid=2157349
[2026-06-07T07:49:27Z] sustained_loop OK pid=368113
[2026-06-07T07:49:27Z] lane_supervisor SKIPPED (BUY-31452 stop marker present; see data/buy30727-supervisor.stopped)
[2026-06-07T07:49:27Z] keep-alive tick complete
===== keep-alive tick 2026-06-07T07:53:29Z =====
[2026-06-07T07:53:30Z] deep_page_loop OK pid=2157349
[2026-06-07T07:53:30Z] sustained_loop DEAD — restarting (consecutive_dead_ticks=1)
[2026-06-07T07:53:32Z] sustained_loop restarted pid=2886112 root=/paperclip/instances/default/workspaces/3ec8f6dd-1735-4479-9825-a2c42edac34c
[2026-06-07T07:53:32Z] lane_supervisor SKIPPED (BUY-31452 stop marker present; see data/buy30727-supervisor.stopped)
[2026-06-07T07:53:32Z] keep-alive tick complete
===== keep-alive tick 2026-06-07T08:02:27Z =====
[2026-06-07T08:02:27Z] deep_page_loop OK pid=2157349
[2026-06-07T08:02:27Z] sustained_loop OK pid=2886112
[2026-06-07T08:02:27Z] lane_supervisor SKIPPED (BUY-31452 stop marker present; see data/buy30727-supervisor.stopped)
[2026-06-07T08:02:27Z] keep-alive tick complete
===== keep-alive tick 2026-06-07T08:02:29Z =====
[2026-06-07T08:02:30Z] deep_page_loop OK pid=2157349
[2026-06-07T08:02:30Z] sustained_loop OK pid=2886112
[2026-06-07T08:02:30Z] lane_supervisor SKIPPED (BUY-31452 stop marker present; see data/buy30727-supervisor.stopped)
[2026-06-07T08:02:30Z] keep-alive tick complete
===== keep-alive tick 2026-06-07T08:07:39Z =====
[2026-06-07T08:07:39Z] deep_page_loop OK pid=2157349
[2026-06-07T08:07:40Z] sustained_loop OK pid=2886112
[2026-06-07T08:07:40Z] lane_supervisor SKIPPED (BUY-31452 stop marker present; see data/buy30727-supervisor.stopped)
[2026-06-07T08:07:40Z] keep-alive tick complete
===== keep-alive tick 2026-06-07T08:07:42Z =====
[2026-06-07T08:07:42Z] deep_page_loop OK pid=2157349
[2026-06-07T08:07:42Z] sustained_loop OK pid=2886112
[2026-06-07T08:07:42Z] lane_supervisor SKIPPED (BUY-31452 stop marker present; see data/buy30727-supervisor.stopped)
[2026-06-07T08:07:42Z] keep-alive tick complete
===== keep-alive tick 2026-06-07T08:12:24Z =====
[2026-06-07T08:12:24Z] deep_page_loop OK pid=2157349
[2026-06-07T08:12:24Z] sustained_loop OK pid=2886112
[2026-06-07T08:12:24Z] lane_supervisor SKIPPED (BUY-31452 stop marker present; see data/buy30727-supervisor.stopped)
[2026-06-07T08:12:24Z] keep-alive tick complete
===== keep-alive tick 2026-06-07T08:12:27Z =====
[2026-06-07T08:12:27Z] deep_page_loop OK pid=2157349
[2026-06-07T08:12:27Z] sustained_loop OK pid=2886112
[2026-06-07T08:12:27Z] lane_supervisor SKIPPED (BUY-31452 stop marker present; see data/buy30727-supervisor.stopped)
[2026-06-07T08:12:27Z] keep-alive tick complete
++ ts
++ date -u +%Y-%m-%dT%H:%M:%SZ
+ echo '===== keep-alive tick 2026-06-07T08:12:31Z ====='
===== keep-alive tick 2026-06-07T08:12:31Z =====
+ restart_if_dead deep_page_loop buy30590-deep-page-loop.mjs buy30590-deep-page-loop.mjs 'node scripts/buy30590-deep-page-loop.mjs' /paperclip/instances/default/projects/177bc805-e3c8-4336-84cb-8e1e482d5a17/18221361-973a-493e-9e19-4c43b7a1c6eb/_default/logs/buy30590_deep_page_loop.log
+ local label=deep_page_loop
+ local pattern=buy30590-deep-page-loop.mjs
+ local script_name=buy30590-deep-page-loop.mjs
+ local 'cmd=node scripts/buy30590-deep-page-loop.mjs'
+ local logfile=/paperclip/instances/default/projects/177bc805-e3c8-4336-84cb-8e1e482d5a17/18221361-973a-493e-9e19-4c43b7a1c6eb/_default/logs/buy30590_deep_page_loop.log
+ local pid dead_ticks lane_root
++ pgrep_pat buy30590-deep-page-loop.mjs
++ local pattern=buy30590-deep-page-loop.mjs
++ local matches filtered pid count keep p
+++ pgrep -af buy30590-deep-page-loop.mjs
+++ grep -v buy30854-lane-keep-alive
+++ grep -v scripts/buy30854-lane-keep-alive.sh
++ matches='2157349 node scripts/buy30590-deep-page-loop.mjs'
++ filtered=
++ '[' -z '2157349 node scripts/buy30590-deep-page-loop.mjs' ']'
++ IFS=
++ read -r line
++ '[' -z '2157349 node scripts/buy30590-deep-page-loop.mjs' ']'
+++ echo '2157349 node scripts/buy30590-deep-page-loop.mjs'
+++ awk '{print $1}'
++ pid=2157349
++ '[' -z 2157349 ']'
++ filtered+='2157349
'
++ IFS=
++ read -r line
+++ echo '2157349
'
+++ sed '/^$/d'
++ filtered=2157349
++ '[' -z 2157349 ']'
+++ echo 2157349
+++ wc -l
+++ tr -d ' '
++ count=1
++ '[' 1 -gt 1 ']'
++ echo 2157349
+ pid=2157349
+ '[' -n 2157349 ']'
++ ts
++ date -u +%Y-%m-%dT%H:%M:%SZ
+ echo '[2026-06-07T08:12:31Z] deep_page_loop OK pid=2157349'
[2026-06-07T08:12:31Z] deep_page_loop OK pid=2157349
+ write_dead_count deep_page_loop 0
+ local label=deep_page_loop
+ local count=0
+ python3 -c '
import json, os
p='\''/paperclip/instances/default/projects/177bc805-e3c8-4336-84cb-8e1e482d5a17/18221361-973a-493e-9e19-4c43b7a1c6eb/_default/data/buy30854-keep-alive-state.json'\''
data = {}
if os.path.exists(p):
    try:
        data = json.load(open(p))
    except Exception:
        data = {}
data['\''deep_page_loop'\''] = 0
open(p, '\''w'\'').write(json.dumps(data, indent=2))
'
+ return 0
+ restart_if_dead sustained_loop buy30331-sustained-loop.mjs buy30331-sustained-loop.mjs 'node scripts/buy30331-sustained-loop.mjs' /paperclip/instances/default/projects/177bc805-e3c8-4336-84cb-8e1e482d5a17/18221361-973a-493e-9e19-4c43b7a1c6eb/_default/logs/buy30331_sustained_loop.log
+ local label=sustained_loop
+ local pattern=buy30331-sustained-loop.mjs
+ local script_name=buy30331-sustained-loop.mjs
+ local 'cmd=node scripts/buy30331-sustained-loop.mjs'
+ local logfile=/paperclip/instances/default/projects/177bc805-e3c8-4336-84cb-8e1e482d5a17/18221361-973a-493e-9e19-4c43b7a1c6eb/_default/logs/buy30331_sustained_loop.log
+ local pid dead_ticks lane_root
++ pgrep_pat buy30331-sustained-loop.mjs
++ local pattern=buy30331-sustained-loop.mjs
++ local matches filtered pid count keep p
+++ pgrep -af buy30331-sustained-loop.mjs
+++ grep -v buy30854-lane-keep-alive
+++ grep -v scripts/buy30854-lane-keep-alive.sh
++ matches='2886112 node scripts/buy30331-sustained-loop.mjs'
++ filtered=
++ '[' -z '2886112 node scripts/buy30331-sustained-loop.mjs' ']'
++ IFS=
++ read -r line
++ '[' -z '2886112 node scripts/buy30331-sustained-loop.mjs' ']'
+++ echo '2886112 node scripts/buy30331-sustained-loop.mjs'
+++ awk '{print $1}'
++ pid=2886112
++ '[' -z 2886112 ']'
++ filtered+='2886112
'
++ IFS=
++ read -r line
+++ echo '2886112
'
+++ sed '/^$/d'
++ filtered=2886112
++ '[' -z 2886112 ']'
+++ echo 2886112
+++ wc -l
+++ tr -d ' '
++ count=1
++ '[' 1 -gt 1 ']'
++ echo 2886112
+ pid=2886112
+ '[' -n 2886112 ']'
++ ts
++ date -u +%Y-%m-%dT%H:%M:%SZ
+ echo '[2026-06-07T08:12:31Z] sustained_loop OK pid=2886112'
[2026-06-07T08:12:31Z] sustained_loop OK pid=2886112
+ write_dead_count sustained_loop 0
+ local label=sustained_loop
+ local count=0
+ python3 -c '
import json, os
p='\''/paperclip/instances/default/projects/177bc805-e3c8-4336-84cb-8e1e482d5a17/18221361-973a-493e-9e19-4c43b7a1c6eb/_default/data/buy30854-keep-alive-state.json'\''
data = {}
if os.path.exists(p):
    try:
        data = json.load(open(p))
    except Exception:
        data = {}
data['\''sustained_loop'\''] = 0
open(p, '\''w'\'').write(json.dumps(data, indent=2))
'
+ return 0
+ '[' '!' -f /paperclip/instances/default/projects/177bc805-e3c8-4336-84cb-8e1e482d5a17/18221361-973a-493e-9e19-4c43b7a1c6eb/_default/data/checkpoints/buy30590_woocommerce.completed ']'
+ '[' -f /paperclip/instances/default/projects/177bc805-e3c8-4336-84cb-8e1e482d5a17/18221361-973a-493e-9e19-4c43b7a1c6eb/_default/data/buy30727-supervisor.stopped ']'
++ ts
++ date -u +%Y-%m-%dT%H:%M:%SZ
+ echo '[2026-06-07T08:12:31Z] lane_supervisor SKIPPED (BUY-31452 stop marker present; see data/buy30727-supervisor.stopped)'
[2026-06-07T08:12:31Z] lane_supervisor SKIPPED (BUY-31452 stop marker present; see data/buy30727-supervisor.stopped)
++ ts
++ date -u +%Y-%m-%dT%H:%M:%SZ
+ echo '[2026-06-07T08:12:31Z] keep-alive tick complete'
[2026-06-07T08:12:31Z] keep-alive tick complete
++ ts
++ date -u +%Y-%m-%dT%H:%M:%SZ
+ echo '===== keep-alive tick 2026-06-07T08:12:34Z ====='
===== keep-alive tick 2026-06-07T08:12:34Z =====
+ restart_if_dead deep_page_loop buy30590-deep-page-loop.mjs buy30590-deep-page-loop.mjs 'node scripts/buy30590-deep-page-loop.mjs' /paperclip/instances/default/projects/177bc805-e3c8-4336-84cb-8e1e482d5a17/18221361-973a-493e-9e19-4c43b7a1c6eb/_default/logs/buy30590_deep_page_loop.log
+ local label=deep_page_loop
+ local pattern=buy30590-deep-page-loop.mjs
+ local script_name=buy30590-deep-page-loop.mjs
+ local 'cmd=node scripts/buy30590-deep-page-loop.mjs'
+ local logfile=/paperclip/instances/default/projects/177bc805-e3c8-4336-84cb-8e1e482d5a17/18221361-973a-493e-9e19-4c43b7a1c6eb/_default/logs/buy30590_deep_page_loop.log
+ local pid dead_ticks lane_root
++ pgrep_pat buy30590-deep-page-loop.mjs
++ local pattern=buy30590-deep-page-loop.mjs
++ local matches filtered pid count keep p
+++ pgrep -af buy30590-deep-page-loop.mjs
+++ grep -v buy30854-lane-keep-alive
+++ grep -v scripts/buy30854-lane-keep-alive.sh
++ matches='2157349 node scripts/buy30590-deep-page-loop.mjs'
++ filtered=
++ '[' -z '2157349 node scripts/buy30590-deep-page-loop.mjs' ']'
++ IFS=
++ read -r line
++ '[' -z '2157349 node scripts/buy30590-deep-page-loop.mjs' ']'
+++ echo '2157349 node scripts/buy30590-deep-page-loop.mjs'
+++ awk '{print $1}'
++ pid=2157349
++ '[' -z 2157349 ']'
++ filtered+='2157349
'
++ IFS=
++ read -r line
+++ echo '2157349
'
+++ sed '/^$/d'
++ filtered=2157349
++ '[' -z 2157349 ']'
+++ echo 2157349
+++ wc -l
+++ tr -d ' '
++ count=1
++ '[' 1 -gt 1 ']'
++ echo 2157349
+ pid=2157349
+ '[' -n 2157349 ']'
++ ts
++ date -u +%Y-%m-%dT%H:%M:%SZ
+ echo '[2026-06-07T08:12:34Z] deep_page_loop OK pid=2157349'
[2026-06-07T08:12:34Z] deep_page_loop OK pid=2157349
+ write_dead_count deep_page_loop 0
+ local label=deep_page_loop
+ local count=0
+ python3 -c '
import json, os
p='\''/paperclip/instances/default/projects/177bc805-e3c8-4336-84cb-8e1e482d5a17/18221361-973a-493e-9e19-4c43b7a1c6eb/_default/data/buy30854-keep-alive-state.json'\''
data = {}
if os.path.exists(p):
    try:
        data = json.load(open(p))
    except Exception:
        data = {}
data['\''deep_page_loop'\''] = 0
open(p, '\''w'\'').write(json.dumps(data, indent=2))
'
+ return 0
+ restart_if_dead sustained_loop buy30331-sustained-loop.mjs buy30331-sustained-loop.mjs 'node scripts/buy30331-sustained-loop.mjs' /paperclip/instances/default/projects/177bc805-e3c8-4336-84cb-8e1e482d5a17/18221361-973a-493e-9e19-4c43b7a1c6eb/_default/logs/buy30331_sustained_loop.log
+ local label=sustained_loop
+ local pattern=buy30331-sustained-loop.mjs
+ local script_name=buy30331-sustained-loop.mjs
+ local 'cmd=node scripts/buy30331-sustained-loop.mjs'
+ local logfile=/paperclip/instances/default/projects/177bc805-e3c8-4336-84cb-8e1e482d5a17/18221361-973a-493e-9e19-4c43b7a1c6eb/_default/logs/buy30331_sustained_loop.log
+ local pid dead_ticks lane_root
++ pgrep_pat buy30331-sustained-loop.mjs
++ local pattern=buy30331-sustained-loop.mjs
++ local matches filtered pid count keep p
+++ pgrep -af buy30331-sustained-loop.mjs
+++ grep -v buy30854-lane-keep-alive
+++ grep -v scripts/buy30854-lane-keep-alive.sh
++ matches='2886112 node scripts/buy30331-sustained-loop.mjs'
++ filtered=
++ '[' -z '2886112 node scripts/buy30331-sustained-loop.mjs' ']'
++ IFS=
++ read -r line
++ '[' -z '2886112 node scripts/buy30331-sustained-loop.mjs' ']'
+++ echo '2886112 node scripts/buy30331-sustained-loop.mjs'
+++ awk '{print $1}'
++ pid=2886112
++ '[' -z 2886112 ']'
++ filtered+='2886112
'
++ IFS=
++ read -r line
+++ echo '2886112
'
+++ sed '/^$/d'
++ filtered=2886112
++ '[' -z 2886112 ']'
+++ echo 2886112
+++ wc -l
+++ tr -d ' '
++ count=1
++ '[' 1 -gt 1 ']'
++ echo 2886112
+ pid=2886112
+ '[' -n 2886112 ']'
++ ts
++ date -u +%Y-%m-%dT%H:%M:%SZ
+ echo '[2026-06-07T08:12:34Z] sustained_loop OK pid=2886112'
[2026-06-07T08:12:34Z] sustained_loop OK pid=2886112
+ write_dead_count sustained_loop 0
+ local label=sustained_loop
+ local count=0
+ python3 -c '
import json, os
p='\''/paperclip/instances/default/projects/177bc805-e3c8-4336-84cb-8e1e482d5a17/18221361-973a-493e-9e19-4c43b7a1c6eb/_default/data/buy30854-keep-alive-state.json'\''
data = {}
if os.path.exists(p):
    try:
        data = json.load(open(p))
    except Exception:
        data = {}
data['\''sustained_loop'\''] = 0
open(p, '\''w'\'').write(json.dumps(data, indent=2))
'
+ return 0
+ '[' '!' -f /paperclip/instances/default/projects/177bc805-e3c8-4336-84cb-8e1e482d5a17/18221361-973a-493e-9e19-4c43b7a1c6eb/_default/data/checkpoints/buy30590_woocommerce.completed ']'
+ '[' -f /paperclip/instances/default/projects/177bc805-e3c8-4336-84cb-8e1e482d5a17/18221361-973a-493e-9e19-4c43b7a1c6eb/_default/data/buy30727-supervisor.stopped ']'
++ ts
++ date -u +%Y-%m-%dT%H:%M:%SZ
+ echo '[2026-06-07T08:12:34Z] lane_supervisor SKIPPED (BUY-31452 stop marker present; see data/buy30727-supervisor.stopped)'
[2026-06-07T08:12:34Z] lane_supervisor SKIPPED (BUY-31452 stop marker present; see data/buy30727-supervisor.stopped)
++ ts
++ date -u +%Y-%m-%dT%H:%M:%SZ
+ echo '[2026-06-07T08:12:34Z] keep-alive tick complete'
[2026-06-07T08:12:34Z] keep-alive tick complete
===== keep-alive tick 2026-06-07T08:16:22Z =====
[2026-06-07T08:16:22Z] deep_page_loop OK pid=2157349
[2026-06-07T08:16:22Z] sustained_loop OK pid=2886112
[2026-06-07T08:16:22Z] lane_supervisor SKIPPED (BUY-31452 stop marker present; see data/buy30727-supervisor.stopped)
[2026-06-07T08:16:22Z] keep-alive tick complete
===== keep-alive tick 2026-06-07T08:21:49Z =====
[2026-06-07T08:21:49Z] deep_page_loop OK pid=2157349
[2026-06-07T08:21:49Z] sustained_loop OK pid=2886112
[2026-06-07T08:21:49Z] lane_supervisor SKIPPED (BUY-31452 stop marker present; see data/buy30727-supervisor.stopped)
[2026-06-07T08:21:49Z] keep-alive tick complete
===== keep-alive tick 2026-06-07T08:26:40Z =====
[2026-06-07T08:26:40Z] deep_page_loop OK pid=2157349
[2026-06-07T08:26:40Z] sustained_loop OK pid=2886112
[2026-06-07T08:26:40Z] lane_supervisor SKIPPED (BUY-31452 stop marker present; see data/buy30727-supervisor.stopped)
[2026-06-07T08:26:40Z] keep-alive tick complete
===== keep-alive tick 2026-06-07T08:32:52Z =====
[2026-06-07T08:32:52Z] deep_page_loop OK pid=2157349
[2026-06-07T08:32:52Z] sustained_loop OK pid=2886112
[2026-06-07T08:32:52Z] lane_supervisor SKIPPED (BUY-31452 stop marker present; see data/buy30727-supervisor.stopped)
[2026-06-07T08:32:52Z] keep-alive tick complete
===== keep-alive tick 2026-06-07T08:38:50Z =====
[2026-06-07T08:38:50Z] deep_page_loop OK pid=2157349
[2026-06-07T08:38:50Z] sustained_loop OK pid=2886112
[2026-06-07T08:38:50Z] lane_supervisor SKIPPED (BUY-31452 stop marker present; see data/buy30727-supervisor.stopped)
[2026-06-07T08:38:50Z] keep-alive tick complete
===== keep-alive tick 2026-06-07T08:39:30Z =====
[2026-06-07T08:39:30Z] deep_page_loop OK pid=2157349
[2026-06-07T08:39:30Z] sustained_loop OK pid=2886112
[2026-06-07T08:39:30Z] lane_supervisor SKIPPED (BUY-31452 stop marker present; see data/buy30727-supervisor.stopped)
[2026-06-07T08:39:30Z] keep-alive tick complete
===== keep-alive tick 2026-06-07T08:59:49Z =====
[2026-06-07T08:59:49Z] deep_page_loop OK pid=2157349
[2026-06-07T08:59:49Z] sustained_loop OK pid=2886112
[2026-06-07T08:59:49Z] lane_supervisor SKIPPED (BUY-31452 stop marker present; see data/buy30727-supervisor.stopped)
[2026-06-07T08:59:49Z] keep-alive tick complete
===== keep-alive tick 2026-06-07T09:08:40Z =====
[2026-06-07T09:08:40Z] deep_page_loop OK pid=2157349
[2026-06-07T09:08:40Z] sustained_loop OK pid=2886112
[2026-06-07T09:08:40Z] lane_supervisor SKIPPED (BUY-31452 stop marker present; see data/buy30727-supervisor.stopped)
[2026-06-07T09:08:40Z] keep-alive tick complete
===== keep-alive tick 2026-06-07T09:18:06Z =====
[2026-06-07T09:18:06Z] deep_page_loop OK pid=2157349
[2026-06-07T09:18:06Z] sustained_loop OK pid=2886112
[2026-06-07T09:18:06Z] lane_supervisor SKIPPED (BUY-31452 stop marker present; see data/buy30727-supervisor.stopped)
[2026-06-07T09:18:06Z] keep-alive tick complete
===== keep-alive tick 2026-06-07T09:25:17Z =====
[2026-06-07T09:25:17Z] deep_page_loop OK pid=2157349
[2026-06-07T09:25:17Z] sustained_loop OK pid=2886112
[2026-06-07T09:25:17Z] lane_supervisor SKIPPED (BUY-31452 stop marker present; see data/buy30727-supervisor.stopped)
[2026-06-07T09:25:17Z] keep-alive tick complete
===== keep-alive tick 2026-06-07T09:30:42Z =====
[2026-06-07T09:30:42Z] deep_page_loop OK pid=2157349
[2026-06-07T09:30:42Z] sustained_loop OK pid=2886112
[2026-06-07T09:30:42Z] lane_supervisor SKIPPED (BUY-31452 stop marker present; see data/buy30727-supervisor.stopped)
[2026-06-07T09:30:42Z] keep-alive tick complete
++ ts
++ date -u +%Y-%m-%dT%H:%M:%SZ
+ echo '===== keep-alive tick 2026-06-07T09:31:17Z ====='
===== keep-alive tick 2026-06-07T09:31:17Z =====
+ restart_if_dead deep_page_loop buy30590-deep-page-loop.mjs buy30590-deep-page-loop.mjs 'node scripts/buy30590-deep-page-loop.mjs' /paperclip/instances/default/projects/177bc805-e3c8-4336-84cb-8e1e482d5a17/18221361-973a-493e-9e19-4c43b7a1c6eb/_default/logs/buy30590_deep_page_loop.log
+ local label=deep_page_loop
+ local pattern=buy30590-deep-page-loop.mjs
+ local script_name=buy30590-deep-page-loop.mjs
+ local 'cmd=node scripts/buy30590-deep-page-loop.mjs'
+ local logfile=/paperclip/instances/default/projects/177bc805-e3c8-4336-84cb-8e1e482d5a17/18221361-973a-493e-9e19-4c43b7a1c6eb/_default/logs/buy30590_deep_page_loop.log
+ local pid dead_ticks lane_root
++ pgrep_pat buy30590-deep-page-loop.mjs
++ local pattern=buy30590-deep-page-loop.mjs
++ local matches filtered pid count keep p
+++ pgrep -af buy30590-deep-page-loop.mjs
+++ grep -v buy30854-lane-keep-alive
+++ grep -v scripts/buy30854-lane-keep-alive.sh
++ matches='2157349 node scripts/buy30590-deep-page-loop.mjs'
++ filtered=
++ '[' -z '2157349 node scripts/buy30590-deep-page-loop.mjs' ']'
++ IFS=
++ read -r line
++ '[' -z '2157349 node scripts/buy30590-deep-page-loop.mjs' ']'
+++ echo '2157349 node scripts/buy30590-deep-page-loop.mjs'
+++ awk '{print $1}'
++ pid=2157349
++ '[' -z 2157349 ']'
++ filtered+='2157349
'
++ IFS=
++ read -r line
+++ echo '2157349
'
+++ sed '/^$/d'
++ filtered=2157349
++ '[' -z 2157349 ']'
+++ echo 2157349
+++ wc -l
+++ tr -d ' '
++ count=1
++ '[' 1 -gt 1 ']'
++ echo 2157349
+ pid=2157349
+ '[' -n 2157349 ']'
++ ts
++ date -u +%Y-%m-%dT%H:%M:%SZ
+ echo '[2026-06-07T09:31:17Z] deep_page_loop OK pid=2157349'
[2026-06-07T09:31:17Z] deep_page_loop OK pid=2157349
+ write_dead_count deep_page_loop 0
+ local label=deep_page_loop
+ local count=0
+ python3 -c '
import json, os
p='\''/paperclip/instances/default/projects/177bc805-e3c8-4336-84cb-8e1e482d5a17/18221361-973a-493e-9e19-4c43b7a1c6eb/_default/data/buy30854-keep-alive-state.json'\''
data = {}
if os.path.exists(p):
    try:
        data = json.load(open(p))
    except Exception:
        data = {}
data['\''deep_page_loop'\''] = 0
open(p, '\''w'\'').write(json.dumps(data, indent=2))
'
+ return 0
+ restart_if_dead sustained_loop buy30331-sustained-loop.mjs buy30331-sustained-loop.mjs 'node scripts/buy30331-sustained-loop.mjs' /paperclip/instances/default/projects/177bc805-e3c8-4336-84cb-8e1e482d5a17/18221361-973a-493e-9e19-4c43b7a1c6eb/_default/logs/buy30331_sustained_loop.log
+ local label=sustained_loop
+ local pattern=buy30331-sustained-loop.mjs
+ local script_name=buy30331-sustained-loop.mjs
+ local 'cmd=node scripts/buy30331-sustained-loop.mjs'
+ local logfile=/paperclip/instances/default/projects/177bc805-e3c8-4336-84cb-8e1e482d5a17/18221361-973a-493e-9e19-4c43b7a1c6eb/_default/logs/buy30331_sustained_loop.log
+ local pid dead_ticks lane_root
++ pgrep_pat buy30331-sustained-loop.mjs
++ local pattern=buy30331-sustained-loop.mjs
++ local matches filtered pid count keep p
+++ pgrep -af buy30331-sustained-loop.mjs
+++ grep -v buy30854-lane-keep-alive
+++ grep -v scripts/buy30854-lane-keep-alive.sh
++ matches='2886112 node scripts/buy30331-sustained-loop.mjs'
++ filtered=
++ '[' -z '2886112 node scripts/buy30331-sustained-loop.mjs' ']'
++ IFS=
++ read -r line
++ '[' -z '2886112 node scripts/buy30331-sustained-loop.mjs' ']'
+++ echo '2886112 node scripts/buy30331-sustained-loop.mjs'
+++ awk '{print $1}'
++ pid=2886112
++ '[' -z 2886112 ']'
++ filtered+='2886112
'
++ IFS=
++ read -r line
+++ echo '2886112
'
+++ sed '/^$/d'
++ filtered=2886112
++ '[' -z 2886112 ']'
+++ echo 2886112
+++ wc -l
+++ tr -d ' '
++ count=1
++ '[' 1 -gt 1 ']'
++ echo 2886112
+ pid=2886112
+ '[' -n 2886112 ']'
++ ts
++ date -u +%Y-%m-%dT%H:%M:%SZ
+ echo '[2026-06-07T09:31:17Z] sustained_loop OK pid=2886112'
[2026-06-07T09:31:17Z] sustained_loop OK pid=2886112
+ write_dead_count sustained_loop 0
+ local label=sustained_loop
+ local count=0
+ python3 -c '
import json, os
p='\''/paperclip/instances/default/projects/177bc805-e3c8-4336-84cb-8e1e482d5a17/18221361-973a-493e-9e19-4c43b7a1c6eb/_default/data/buy30854-keep-alive-state.json'\''
data = {}
if os.path.exists(p):
    try:
        data = json.load(open(p))
    except Exception:
        data = {}
data['\''sustained_loop'\''] = 0
open(p, '\''w'\'').write(json.dumps(data, indent=2))
'
+ return 0
+ '[' '!' -f /paperclip/instances/default/projects/177bc805-e3c8-4336-84cb-8e1e482d5a17/18221361-973a-493e-9e19-4c43b7a1c6eb/_default/data/checkpoints/buy30590_woocommerce.completed ']'
+ '[' -f /paperclip/instances/default/projects/177bc805-e3c8-4336-84cb-8e1e482d5a17/18221361-973a-493e-9e19-4c43b7a1c6eb/_default/data/buy30727-supervisor.stopped ']'
++ ts
++ date -u +%Y-%m-%dT%H:%M:%SZ
+ echo '[2026-06-07T09:31:17Z] lane_supervisor SKIPPED (BUY-31452 stop marker present; see data/buy30727-supervisor.stopped)'
[2026-06-07T09:31:17Z] lane_supervisor SKIPPED (BUY-31452 stop marker present; see data/buy30727-supervisor.stopped)
++ ts
++ date -u +%Y-%m-%dT%H:%M:%SZ
+ echo '[2026-06-07T09:31:17Z] keep-alive tick complete'
[2026-06-07T09:31:17Z] keep-alive tick complete
++ ts
++ date -u +%Y-%m-%dT%H:%M:%SZ
+ echo '===== keep-alive tick 2026-06-07T09:31:23Z ====='
===== keep-alive tick 2026-06-07T09:31:23Z =====
+ restart_if_dead deep_page_loop buy30590-deep-page-loop.mjs buy30590-deep-page-loop.mjs 'node scripts/buy30590-deep-page-loop.mjs' /paperclip/instances/default/projects/177bc805-e3c8-4336-84cb-8e1e482d5a17/18221361-973a-493e-9e19-4c43b7a1c6eb/_default/logs/buy30590_deep_page_loop.log
+ local label=deep_page_loop
+ local pattern=buy30590-deep-page-loop.mjs
+ local script_name=buy30590-deep-page-loop.mjs
+ local 'cmd=node scripts/buy30590-deep-page-loop.mjs'
+ local logfile=/paperclip/instances/default/projects/177bc805-e3c8-4336-84cb-8e1e482d5a17/18221361-973a-493e-9e19-4c43b7a1c6eb/_default/logs/buy30590_deep_page_loop.log
+ local pid dead_ticks lane_root
++ pgrep_pat buy30590-deep-page-loop.mjs
++ local pattern=buy30590-deep-page-loop.mjs
++ local matches filtered pid count keep p
+++ pgrep -af buy30590-deep-page-loop.mjs
+++ grep -v buy30854-lane-keep-alive
+++ grep -v scripts/buy30854-lane-keep-alive.sh
++ matches='2157349 node scripts/buy30590-deep-page-loop.mjs'
++ filtered=
++ '[' -z '2157349 node scripts/buy30590-deep-page-loop.mjs' ']'
++ IFS=
++ read -r line
++ '[' -z '2157349 node scripts/buy30590-deep-page-loop.mjs' ']'
+++ echo '2157349 node scripts/buy30590-deep-page-loop.mjs'
+++ awk '{print $1}'
++ pid=2157349
++ '[' -z 2157349 ']'
++ filtered+='2157349
'
++ IFS=
++ read -r line
+++ echo '2157349
'
+++ sed '/^$/d'
++ filtered=2157349
++ '[' -z 2157349 ']'
+++ echo 2157349
+++ wc -l
+++ tr -d ' '
++ count=1
++ '[' 1 -gt 1 ']'
++ echo 2157349
+ pid=2157349
+ '[' -n 2157349 ']'
++ ts
++ date -u +%Y-%m-%dT%H:%M:%SZ
+ echo '[2026-06-07T09:31:23Z] deep_page_loop OK pid=2157349'
[2026-06-07T09:31:23Z] deep_page_loop OK pid=2157349
+ write_dead_count deep_page_loop 0
+ local label=deep_page_loop
+ local count=0
+ python3 -c '
import json, os
p='\''/paperclip/instances/default/projects/177bc805-e3c8-4336-84cb-8e1e482d5a17/18221361-973a-493e-9e19-4c43b7a1c6eb/_default/data/buy30854-keep-alive-state.json'\''
data = {}
if os.path.exists(p):
    try:
        data = json.load(open(p))
    except Exception:
        data = {}
data['\''deep_page_loop'\''] = 0
open(p, '\''w'\'').write(json.dumps(data, indent=2))
'
+ return 0
+ restart_if_dead sustained_loop buy30331-sustained-loop.mjs buy30331-sustained-loop.mjs 'node scripts/buy30331-sustained-loop.mjs' /paperclip/instances/default/projects/177bc805-e3c8-4336-84cb-8e1e482d5a17/18221361-973a-493e-9e19-4c43b7a1c6eb/_default/logs/buy30331_sustained_loop.log
+ local label=sustained_loop
+ local pattern=buy30331-sustained-loop.mjs
+ local script_name=buy30331-sustained-loop.mjs
+ local 'cmd=node scripts/buy30331-sustained-loop.mjs'
+ local logfile=/paperclip/instances/default/projects/177bc805-e3c8-4336-84cb-8e1e482d5a17/18221361-973a-493e-9e19-4c43b7a1c6eb/_default/logs/buy30331_sustained_loop.log
+ local pid dead_ticks lane_root
++ pgrep_pat buy30331-sustained-loop.mjs
++ local pattern=buy30331-sustained-loop.mjs
++ local matches filtered pid count keep p
+++ pgrep -af buy30331-sustained-loop.mjs
+++ grep -v buy30854-lane-keep-alive
+++ grep -v scripts/buy30854-lane-keep-alive.sh
++ matches='2886112 node scripts/buy30331-sustained-loop.mjs'
++ filtered=
++ '[' -z '2886112 node scripts/buy30331-sustained-loop.mjs' ']'
++ IFS=
++ read -r line
++ '[' -z '2886112 node scripts/buy30331-sustained-loop.mjs' ']'
+++ echo '2886112 node scripts/buy30331-sustained-loop.mjs'
+++ awk '{print $1}'
++ pid=2886112
++ '[' -z 2886112 ']'
++ filtered+='2886112
'
++ IFS=
++ read -r line
+++ echo '2886112
'
+++ sed '/^$/d'
++ filtered=2886112
++ '[' -z 2886112 ']'
+++ echo 2886112
+++ wc -l
+++ tr -d ' '
++ count=1
++ '[' 1 -gt 1 ']'
++ echo 2886112
+ pid=2886112
+ '[' -n 2886112 ']'
++ ts
++ date -u +%Y-%m-%dT%H:%M:%SZ
+ echo '[2026-06-07T09:31:23Z] sustained_loop OK pid=2886112'
[2026-06-07T09:31:23Z] sustained_loop OK pid=2886112
+ write_dead_count sustained_loop 0
+ local label=sustained_loop
+ local count=0
+ python3 -c '
import json, os
p='\''/paperclip/instances/default/projects/177bc805-e3c8-4336-84cb-8e1e482d5a17/18221361-973a-493e-9e19-4c43b7a1c6eb/_default/data/buy30854-keep-alive-state.json'\''
data = {}
if os.path.exists(p):
    try:
        data = json.load(open(p))
    except Exception:
        data = {}
data['\''sustained_loop'\''] = 0
open(p, '\''w'\'').write(json.dumps(data, indent=2))
'
+ return 0
+ '[' '!' -f /paperclip/instances/default/projects/177bc805-e3c8-4336-84cb-8e1e482d5a17/18221361-973a-493e-9e19-4c43b7a1c6eb/_default/data/checkpoints/buy30590_woocommerce.completed ']'
+ '[' -f /paperclip/instances/default/projects/177bc805-e3c8-4336-84cb-8e1e482d5a17/18221361-973a-493e-9e19-4c43b7a1c6eb/_default/data/buy30727-supervisor.stopped ']'
++ ts
++ date -u +%Y-%m-%dT%H:%M:%SZ
+ echo '[2026-06-07T09:31:23Z] lane_supervisor SKIPPED (BUY-31452 stop marker present; see data/buy30727-supervisor.stopped)'
[2026-06-07T09:31:23Z] lane_supervisor SKIPPED (BUY-31452 stop marker present; see data/buy30727-supervisor.stopped)
++ ts
++ date -u +%Y-%m-%dT%H:%M:%SZ
+ echo '[2026-06-07T09:31:23Z] keep-alive tick complete'
[2026-06-07T09:31:23Z] keep-alive tick complete
===== keep-alive tick 2026-06-07T09:42:00Z =====
[2026-06-07T09:42:00Z] deep_page_loop OK pid=2157349
[2026-06-07T09:42:00Z] sustained_loop OK pid=2886112
[2026-06-07T09:42:00Z] lane_supervisor SKIPPED (BUY-31452 stop marker present; see data/buy30727-supervisor.stopped)
[2026-06-07T09:42:00Z] keep-alive tick complete
===== keep-alive tick 2026-06-07T09:47:38Z =====
[2026-06-07T09:47:38Z] deep_page_loop OK pid=2157349
[2026-06-07T09:47:38Z] sustained_loop OK pid=2886112
[2026-06-07T09:47:38Z] lane_supervisor SKIPPED (BUY-31452 stop marker present; see data/buy30727-supervisor.stopped)
[2026-06-07T09:47:38Z] keep-alive tick complete
===== keep-alive tick 2026-06-07T09:55:47Z =====
[2026-06-07T09:55:47Z] deep_page_loop OK pid=2157349
[2026-06-07T09:55:47Z] sustained_loop OK pid=2886112
[2026-06-07T09:55:47Z] lane_supervisor SKIPPED (BUY-31452 stop marker present; see data/buy30727-supervisor.stopped)
[2026-06-07T09:55:47Z] keep-alive tick complete
===== keep-alive tick 2026-06-07T10:07:48Z =====
[2026-06-07T10:07:48Z] deep_page_loop OK pid=2157349
[2026-06-07T10:07:49Z] sustained_loop OK pid=2886112
[2026-06-07T10:07:49Z] lane_supervisor SKIPPED (BUY-31452 stop marker present; see data/buy30727-supervisor.stopped)
[2026-06-07T10:07:49Z] keep-alive tick complete
===== keep-alive tick 2026-06-07T10:09:10Z =====
[2026-06-07T10:09:10Z] deep_page_loop OK pid=2157349
[2026-06-07T10:09:10Z] sustained_loop OK pid=2886112
[2026-06-07T10:09:10Z] lane_supervisor SKIPPED (BUY-31452 stop marker present; see data/buy30727-supervisor.stopped)
[2026-06-07T10:09:10Z] keep-alive tick complete
===== keep-alive tick 2026-06-07T10:17:42Z =====
[2026-06-07T10:17:42Z] deep_page_loop OK pid=2157349
[2026-06-07T10:17:42Z] sustained_loop OK pid=2886112
[2026-06-07T10:17:42Z] lane_supervisor SKIPPED (BUY-31452 stop marker present; see data/buy30727-supervisor.stopped)
[2026-06-07T10:17:42Z] keep-alive tick complete
===== keep-alive tick 2026-06-07T10:33:44Z =====
[2026-06-07T10:33:44Z] deep_page_loop OK pid=2157349
[2026-06-07T10:33:44Z] sustained_loop OK pid=2886112
[2026-06-07T10:33:44Z] lane_supervisor SKIPPED (BUY-31452 stop marker present; see data/buy30727-supervisor.stopped)
[2026-06-07T10:33:44Z] keep-alive tick complete
===== keep-alive tick 2026-06-07T10:39:03Z =====
[2026-06-07T10:39:04Z] deep_page_loop OK pid=2157349
[2026-06-07T10:39:04Z] sustained_loop OK pid=2886112
[2026-06-07T10:39:04Z] lane_supervisor SKIPPED (BUY-31452 stop marker present; see data/buy30727-supervisor.stopped)
[2026-06-07T10:39:04Z] keep-alive tick complete
===== keep-alive tick 2026-06-07T10:44:43Z =====
[2026-06-07T10:44:43Z] deep_page_loop OK pid=2157349
[2026-06-07T10:44:43Z] sustained_loop OK pid=2886112
[2026-06-07T10:44:43Z] lane_supervisor SKIPPED (BUY-31452 stop marker present; see data/buy30727-supervisor.stopped)
[2026-06-07T10:44:43Z] keep-alive tick complete
===== keep-alive tick 2026-06-07T10:48:26Z =====
[2026-06-07T10:48:26Z] deep_page_loop OK pid=2157349
[2026-06-07T10:48:26Z] sustained_loop OK pid=2886112
[2026-06-07T10:48:26Z] lane_supervisor SKIPPED (BUY-31452 stop marker present; see data/buy30727-supervisor.stopped)
[2026-06-07T10:48:26Z] keep-alive tick complete
===== keep-alive tick 2026-06-07T10:53:04Z =====
[2026-06-07T10:53:04Z] deep_page_loop OK pid=2157349
[2026-06-07T10:53:04Z] sustained_loop OK pid=2886112
[2026-06-07T10:53:04Z] lane_supervisor SKIPPED (BUY-31452 stop marker present; see data/buy30727-supervisor.stopped)
[2026-06-07T10:53:04Z] keep-alive tick complete
===== keep-alive tick 2026-06-07T10:59:44Z =====
[2026-06-07T10:59:44Z] deep_page_loop OK pid=2157349
[2026-06-07T10:59:44Z] sustained_loop OK pid=2886112
[2026-06-07T10:59:44Z] lane_supervisor SKIPPED (BUY-31452 stop marker present; see data/buy30727-supervisor.stopped)
[2026-06-07T10:59:44Z] keep-alive tick complete
===== keep-alive tick 2026-06-07T11:05:49Z =====
[2026-06-07T11:05:49Z] deep_page_loop OK pid=2157349
[2026-06-07T11:05:49Z] sustained_loop OK pid=2886112
[2026-06-07T11:05:49Z] lane_supervisor SKIPPED (BUY-31452 stop marker present; see data/buy30727-supervisor.stopped)
[2026-06-07T11:05:49Z] keep-alive tick complete
===== keep-alive tick 2026-06-07T11:13:42Z =====
[2026-06-07T11:13:42Z] deep_page_loop OK pid=2157349
[2026-06-07T11:13:42Z] sustained_loop OK pid=2886112
[2026-06-07T11:13:42Z] lane_supervisor SKIPPED (BUY-31452 stop marker present; see data/buy30727-supervisor.stopped)
[2026-06-07T11:13:42Z] keep-alive tick complete
===== keep-alive tick 2026-06-07T11:19:50Z =====
[2026-06-07T11:19:50Z] deep_page_loop OK pid=2157349
[2026-06-07T11:19:50Z] sustained_loop OK pid=2886112
[2026-06-07T11:19:50Z] lane_supervisor SKIPPED (BUY-31452 stop marker present; see data/buy30727-supervisor.stopped)
[2026-06-07T11:19:50Z] keep-alive tick complete
===== keep-alive tick 2026-06-07T11:22:53Z =====
[2026-06-07T11:22:53Z] deep_page_loop OK pid=2157349
[2026-06-07T11:22:54Z] sustained_loop OK pid=2886112
[2026-06-07T11:22:54Z] lane_supervisor SKIPPED (BUY-31452 stop marker present; see data/buy30727-supervisor.stopped)
[2026-06-07T11:22:54Z] keep-alive tick complete
===== keep-alive tick 2026-06-07T11:24:05Z =====
[2026-06-07T11:24:05Z] deep_page_loop OK pid=2157349
[2026-06-07T11:24:05Z] sustained_loop OK pid=2886112
[2026-06-07T11:24:05Z] lane_supervisor SKIPPED (BUY-31452 stop marker present; see data/buy30727-supervisor.stopped)
[2026-06-07T11:24:05Z] keep-alive tick complete
===== keep-alive tick 2026-06-07T11:33:32Z =====
[2026-06-07T11:33:32Z] deep_page_loop OK pid=2157349
[2026-06-07T11:33:32Z] sustained_loop OK pid=2886112
[2026-06-07T11:33:32Z] lane_supervisor SKIPPED (BUY-31452 stop marker present; see data/buy30727-supervisor.stopped)
[2026-06-07T11:33:32Z] keep-alive tick complete
===== keep-alive tick 2026-06-07T11:42:34Z =====
[2026-06-07T11:42:34Z] deep_page_loop OK pid=2157349
[2026-06-07T11:42:34Z] sustained_loop OK pid=2886112
[2026-06-07T11:42:34Z] lane_supervisor SKIPPED (BUY-31452 stop marker present; see data/buy30727-supervisor.stopped)
[2026-06-07T11:42:34Z] keep-alive tick complete
===== keep-alive tick 2026-06-07T11:43:15Z =====
[2026-06-07T11:43:15Z] deep_page_loop OK pid=2157349
[2026-06-07T11:43:15Z] sustained_loop OK pid=2886112
[2026-06-07T11:43:15Z] lane_supervisor SKIPPED (BUY-31452 stop marker present; see data/buy30727-supervisor.stopped)
[2026-06-07T11:43:15Z] keep-alive tick complete
===== keep-alive tick 2026-06-07T11:51:04Z =====
[2026-06-07T11:51:04Z] deep_page_loop OK pid=2157349
[2026-06-07T11:51:04Z] sustained_loop OK pid=2886112
[2026-06-07T11:51:04Z] lane_supervisor SKIPPED (BUY-31452 stop marker present; see data/buy30727-supervisor.stopped)
[2026-06-07T11:51:04Z] keep-alive tick complete
===== keep-alive tick 2026-06-07T11:57:31Z =====
[2026-06-07T11:57:31Z] deep_page_loop OK pid=2157349
[2026-06-07T11:57:31Z] sustained_loop OK pid=2886112
[2026-06-07T11:57:31Z] lane_supervisor SKIPPED (BUY-31452 stop marker present; see data/buy30727-supervisor.stopped)
[2026-06-07T11:57:31Z] keep-alive tick complete
Terminated
===== keep-alive tick 2026-06-07T12:07:47Z =====
[2026-06-07T12:07:47Z] deep_page_loop OK pid=2157349
[2026-06-07T12:07:47Z] sustained_loop OK pid=3881881
[2026-06-07T12:07:47Z] lane_supervisor SKIPPED (BUY-31452 stop marker present; see data/buy30727-supervisor.stopped)
[2026-06-07T12:07:47Z] keep-alive tick complete
===== keep-alive tick 2026-06-07T12:14:32Z =====
[2026-06-07T12:14:32Z] deep_page_loop OK pid=2157349
[2026-06-07T12:14:32Z] sustained_loop OK pid=3881881
[2026-06-07T12:14:32Z] lane_supervisor SKIPPED (BUY-31452 stop marker present; see data/buy30727-supervisor.stopped)
[2026-06-07T12:14:32Z] keep-alive tick complete
===== keep-alive tick 2026-06-07T12:15:53Z =====
[2026-06-07T12:15:53Z] deep_page_loop OK pid=2157349
[2026-06-07T12:15:53Z] sustained_loop OK pid=3881881
[2026-06-07T12:15:53Z] lane_supervisor SKIPPED (BUY-31452 stop marker present; see data/buy30727-supervisor.stopped)
[2026-06-07T12:15:53Z] keep-alive tick complete
===== keep-alive tick 2026-06-07T12:17:26Z =====
[2026-06-07T12:17:26Z] deep_page_loop OK pid=2157349
[2026-06-07T12:17:26Z] sustained_loop OK pid=3881881
[2026-06-07T12:17:26Z] lane_supervisor SKIPPED (BUY-31452 stop marker present; see data/buy30727-supervisor.stopped)
[2026-06-07T12:17:26Z] keep-alive tick complete
===== keep-alive tick 2026-06-07T12:25:10Z =====
[2026-06-07T12:25:10Z] deep_page_loop OK pid=2157349
[2026-06-07T12:25:10Z] sustained_loop OK pid=3881881
[2026-06-07T12:25:10Z] lane_supervisor SKIPPED (BUY-31452 stop marker present; see data/buy30727-supervisor.stopped)
[2026-06-07T12:25:10Z] keep-alive tick complete
===== keep-alive tick 2026-06-07T12:26:56Z =====
[2026-06-07T12:26:56Z] deep_page_loop OK pid=2157349
[2026-06-07T12:26:56Z] sustained_loop OK pid=3881881
[2026-06-07T12:26:56Z] lane_supervisor SKIPPED (BUY-31452 stop marker present; see data/buy30727-supervisor.stopped)
[2026-06-07T12:26:56Z] keep-alive tick complete
===== keep-alive tick 2026-06-07T12:29:09Z =====
[2026-06-07T12:29:09Z] deep_page_loop OK pid=2157349
[2026-06-07T12:29:09Z] sustained_loop OK pid=3881881
[2026-06-07T12:29:09Z] lane_supervisor SKIPPED (BUY-31452 stop marker present; see data/buy30727-supervisor.stopped)
[2026-06-07T12:29:09Z] keep-alive tick complete
===== keep-alive tick 2026-06-07T12:31:30Z =====
[2026-06-07T12:31:30Z] deep_page_loop OK pid=2157349
[2026-06-07T12:31:30Z] sustained_loop OK pid=3881881
[2026-06-07T12:31:30Z] lane_supervisor SKIPPED (BUY-31452 stop marker present; see data/buy30727-supervisor.stopped)
[2026-06-07T12:31:30Z] keep-alive tick complete
===== keep-alive tick 2026-06-07T12:31:41Z =====
[2026-06-07T12:31:41Z] deep_page_loop OK pid=2157349
[2026-06-07T12:31:41Z] sustained_loop OK pid=3881881
[2026-06-07T12:31:41Z] lane_supervisor SKIPPED (BUY-31452 stop marker present; see data/buy30727-supervisor.stopped)
[2026-06-07T12:31:41Z] keep-alive tick complete
===== keep-alive tick 2026-06-07T12:36:27Z =====
[2026-06-07T12:36:27Z] deep_page_loop OK pid=2157349
[2026-06-07T12:36:27Z] sustained_loop OK pid=3881881
[2026-06-07T12:36:27Z] lane_supervisor SKIPPED (BUY-31452 stop marker present; see data/buy30727-supervisor.stopped)
[2026-06-07T12:36:27Z] keep-alive tick complete
===== keep-alive tick 2026-06-07T12:36:32Z =====
[2026-06-07T12:36:32Z] deep_page_loop OK pid=2157349
[2026-06-07T12:36:32Z] sustained_loop OK pid=3881881
[2026-06-07T12:36:32Z] lane_supervisor SKIPPED (BUY-31452 stop marker present; see data/buy30727-supervisor.stopped)
[2026-06-07T12:36:32Z] keep-alive tick complete
===== keep-alive tick 2026-06-07T12:42:59Z =====
[2026-06-07T12:42:59Z] deep_page_loop OK pid=2157349
[2026-06-07T12:42:59Z] sustained_loop OK pid=3881881
[2026-06-07T12:42:59Z] lane_supervisor SKIPPED (BUY-31452 stop marker present; see data/buy30727-supervisor.stopped)
[2026-06-07T12:42:59Z] keep-alive tick complete
===== keep-alive tick 2026-06-07T12:43:50Z =====
[2026-06-07T12:43:51Z] deep_page_loop OK pid=2157349
[2026-06-07T12:43:51Z] sustained_loop OK pid=3881881
[2026-06-07T12:43:51Z] lane_supervisor SKIPPED (BUY-31452 stop marker present; see data/buy30727-supervisor.stopped)
[2026-06-07T12:43:51Z] keep-alive tick complete
===== keep-alive tick 2026-06-07T12:47:27Z =====
[2026-06-07T12:47:27Z] deep_page_loop OK pid=2157349
[2026-06-07T12:47:27Z] sustained_loop OK pid=3881881
[2026-06-07T12:47:27Z] lane_supervisor SKIPPED (BUY-31452 stop marker present; see data/buy30727-supervisor.stopped)
[2026-06-07T12:47:27Z] keep-alive tick complete
===== keep-alive tick 2026-06-07T12:47:31Z =====
[2026-06-07T12:47:31Z] deep_page_loop OK pid=2157349
[2026-06-07T12:47:31Z] sustained_loop OK pid=3881881
[2026-06-07T12:47:31Z] lane_supervisor SKIPPED (BUY-31452 stop marker present; see data/buy30727-supervisor.stopped)
[2026-06-07T12:47:31Z] keep-alive tick complete
===== keep-alive tick 2026-06-07T12:47:51Z =====
[2026-06-07T12:47:51Z] deep_page_loop OK pid=2157349
[2026-06-07T12:47:51Z] sustained_loop OK pid=3881881
[2026-06-07T12:47:51Z] lane_supervisor SKIPPED (BUY-31452 stop marker present; see data/buy30727-supervisor.stopped)
[2026-06-07T12:47:51Z] keep-alive tick complete
===== keep-alive tick 2026-06-07T12:51:50Z =====
[2026-06-07T12:51:50Z] deep_page_loop DEAD — restarting (consecutive_dead_ticks=1)
[2026-06-07T12:51:52Z] deep_page_loop restarted pid=4138200 root=/paperclip/instances/default/workspaces/3ec8f6dd-1735-4479-9825-a2c42edac34c
[2026-06-07T12:51:52Z] sustained_loop OK pid=3881881
[2026-06-07T12:51:52Z] lane_supervisor SKIPPED (BUY-31452 stop marker present; see data/buy30727-supervisor.stopped)
[2026-06-07T12:51:52Z] keep-alive tick complete
===== keep-alive tick 2026-06-07T12:56:59Z =====
[2026-06-07T12:56:59Z] deep_page_loop OK pid=4138200
[2026-06-07T12:56:59Z] sustained_loop OK pid=3881881
[2026-06-07T12:56:59Z] lane_supervisor SKIPPED (BUY-31452 stop marker present; see data/buy30727-supervisor.stopped)
[2026-06-07T12:56:59Z] keep-alive tick complete
===== keep-alive tick 2026-06-07T13:03:22Z =====
[2026-06-07T13:03:22Z] deep_page_loop OK pid=4138200
[2026-06-07T13:03:22Z] sustained_loop OK pid=3881881
[2026-06-07T13:03:22Z] lane_supervisor SKIPPED (BUY-31452 stop marker present; see data/buy30727-supervisor.stopped)
[2026-06-07T13:03:22Z] keep-alive tick complete
===== keep-alive tick 2026-06-07T13:09:04Z =====
[2026-06-07T13:09:04Z] deep_page_loop OK pid=4138200
[2026-06-07T13:09:04Z] sustained_loop OK pid=3881881
[2026-06-07T13:09:04Z] lane_supervisor SKIPPED (BUY-31452 stop marker present; see data/buy30727-supervisor.stopped)
[2026-06-07T13:09:04Z] keep-alive tick complete
===== keep-alive tick 2026-06-07T13:13:33Z =====
[2026-06-07T13:13:33Z] deep_page_loop OK pid=4138200
[2026-06-07T13:13:33Z] sustained_loop OK pid=3881881
[2026-06-07T13:13:33Z] lane_supervisor SKIPPED (BUY-31452 stop marker present; see data/buy30727-supervisor.stopped)
[2026-06-07T13:13:33Z] keep-alive tick complete
===== keep-alive tick 2026-06-07T13:18:35Z =====
[2026-06-07T13:18:36Z] deep_page_loop OK pid=4138200
[2026-06-07T13:18:36Z] sustained_loop OK pid=3881881
[2026-06-07T13:18:36Z] lane_supervisor SKIPPED (BUY-31452 stop marker present; see data/buy30727-supervisor.stopped)
[2026-06-07T13:18:36Z] keep-alive tick complete
===== keep-alive tick 2026-06-07T13:24:49Z =====
[2026-06-07T13:24:49Z] deep_page_loop OK pid=4138200
[2026-06-07T13:24:49Z] sustained_loop OK pid=138557
[2026-06-07T13:24:49Z] lane_supervisor SKIPPED (BUY-31452 stop marker present; see data/buy30727-supervisor.stopped)
[2026-06-07T13:24:49Z] keep-alive tick complete
===== keep-alive tick 2026-06-07T13:27:07Z =====
[2026-06-07T13:27:07Z] deep_page_loop OK pid=4138200
[2026-06-07T13:27:07Z] sustained_loop OK pid=138557
[2026-06-07T13:27:08Z] lane_supervisor SKIPPED (BUY-31452 stop marker present; see data/buy30727-supervisor.stopped)
[2026-06-07T13:27:08Z] keep-alive tick complete
===== keep-alive tick 2026-06-07T13:32:46Z =====
[2026-06-07T13:32:46Z] deep_page_loop OK pid=4138200
[2026-06-07T13:32:46Z] sustained_loop OK pid=138557
[2026-06-07T13:32:47Z] lane_supervisor SKIPPED (BUY-31452 stop marker present; see data/buy30727-supervisor.stopped)
[2026-06-07T13:32:47Z] keep-alive tick complete
===== keep-alive tick 2026-06-07T13:38:35Z =====
[2026-06-07T13:38:35Z] deep_page_loop OK pid=4138200
[2026-06-07T13:38:35Z] sustained_loop OK pid=138557
[2026-06-07T13:38:35Z] lane_supervisor SKIPPED (BUY-31452 stop marker present; see data/buy30727-supervisor.stopped)
[2026-06-07T13:38:35Z] keep-alive tick complete
===== keep-alive tick 2026-06-07T13:46:07Z =====
[2026-06-07T13:46:07Z] deep_page_loop OK pid=4138200
[2026-06-07T13:46:07Z] sustained_loop OK pid=138557
[2026-06-07T13:46:07Z] lane_supervisor SKIPPED (BUY-31452 stop marker present; see data/buy30727-supervisor.stopped)
[2026-06-07T13:46:07Z] keep-alive tick complete
===== keep-alive tick 2026-06-07T13:52:02Z =====
[2026-06-07T13:52:03Z] deep_page_loop DEAD — restarting (consecutive_dead_ticks=1)
[2026-06-07T13:52:05Z] duplicate buy30590-deep-page-loop.mjs killed pid=280289 (kept 280432)
[2026-06-07T13:52:05Z] deep_page_loop restarted pid=280432 root=/paperclip/instances/default/workspaces/3ec8f6dd-1735-4479-9825-a2c42edac34c
Terminated
[2026-06-07T13:52:05Z] sustained_loop OK pid=138557
[2026-06-07T13:52:05Z] lane_supervisor SKIPPED (BUY-31452 stop marker present; see data/buy30727-supervisor.stopped)
[2026-06-07T13:52:05Z] keep-alive tick complete
===== keep-alive tick 2026-06-07T13:52:15Z =====
[2026-06-07T13:52:15Z] deep_page_loop OK pid=280432
[2026-06-07T13:52:15Z] duplicate buy30331-sustained-loop.mjs killed pid=138557 (kept 280937)
[2026-06-07T13:52:15Z] sustained_loop OK pid=280937
[2026-06-07T13:52:15Z] lane_supervisor SKIPPED (BUY-31452 stop marker present; see data/buy30727-supervisor.stopped)
[2026-06-07T13:52:15Z] keep-alive tick complete
===== keep-alive tick 2026-06-07T13:57:36Z =====
[2026-06-07T13:57:36Z] deep_page_loop OK pid=280432
[2026-06-07T13:57:36Z] sustained_loop OK pid=297143
[2026-06-07T13:57:37Z] lane_supervisor SKIPPED (BUY-31452 stop marker present; see data/buy30727-supervisor.stopped)
[2026-06-07T13:57:37Z] keep-alive tick complete
===== keep-alive tick 2026-06-07T14:03:52Z =====
[2026-06-07T14:03:52Z] deep_page_loop OK pid=280432
[2026-06-07T14:03:52Z] sustained_loop DEAD — restarting (consecutive_dead_ticks=1)
[2026-06-07T14:03:54Z] sustained_loop restarted pid=321253 root=/paperclip/instances/default/workspaces/3ec8f6dd-1735-4479-9825-a2c42edac34c
[2026-06-07T14:03:54Z] lane_supervisor SKIPPED (BUY-31452 stop marker present; see data/buy30727-supervisor.stopped)
[2026-06-07T14:03:54Z] keep-alive tick complete
++ ts
++ date -u +%Y-%m-%dT%H:%M:%SZ
+ echo '===== keep-alive tick 2026-06-07T14:04:52Z ====='
===== keep-alive tick 2026-06-07T14:04:52Z =====
+ restart_if_dead deep_page_loop buy30590-deep-page-loop.mjs buy30590-deep-page-loop.mjs 'node scripts/buy30590-deep-page-loop.mjs' /paperclip/instances/default/projects/177bc805-e3c8-4336-84cb-8e1e482d5a17/18221361-973a-493e-9e19-4c43b7a1c6eb/_default/logs/buy30590_deep_page_loop.log
+ local label=deep_page_loop
+ local pattern=buy30590-deep-page-loop.mjs
+ local script_name=buy30590-deep-page-loop.mjs
+ local 'cmd=node scripts/buy30590-deep-page-loop.mjs'
+ local logfile=/paperclip/instances/default/projects/177bc805-e3c8-4336-84cb-8e1e482d5a17/18221361-973a-493e-9e19-4c43b7a1c6eb/_default/logs/buy30590_deep_page_loop.log
+ local pid dead_ticks lane_root
++ pgrep_pat buy30590-deep-page-loop.mjs
++ local pattern=buy30590-deep-page-loop.mjs
++ local matches filtered pid count keep p
+++ pgrep -af buy30590-deep-page-loop.mjs
+++ grep -v buy30854-lane-keep-alive
+++ grep -v scripts/buy30854-lane-keep-alive.sh
++ matches='280432 node scripts/buy30590-deep-page-loop.mjs'
++ filtered=
++ '[' -z '280432 node scripts/buy30590-deep-page-loop.mjs' ']'
++ IFS=
++ read -r line
++ '[' -z '280432 node scripts/buy30590-deep-page-loop.mjs' ']'
+++ echo '280432 node scripts/buy30590-deep-page-loop.mjs'
+++ awk '{print $1}'
++ pid=280432
++ '[' -z 280432 ']'
++ filtered+='280432
'
++ IFS=
++ read -r line
+++ echo '280432
'
+++ sed '/^$/d'
++ filtered=280432
++ '[' -z 280432 ']'
+++ echo 280432
+++ wc -l
+++ tr -d ' '
++ count=1
++ '[' 1 -gt 1 ']'
++ echo 280432
+ pid=280432
+ '[' -n 280432 ']'
++ ts
++ date -u +%Y-%m-%dT%H:%M:%SZ
+ echo '[2026-06-07T14:04:52Z] deep_page_loop OK pid=280432'
[2026-06-07T14:04:52Z] deep_page_loop OK pid=280432
+ write_dead_count deep_page_loop 0
+ local label=deep_page_loop
+ local count=0
+ python3 -c '
import json, os
p='\''/paperclip/instances/default/projects/177bc805-e3c8-4336-84cb-8e1e482d5a17/18221361-973a-493e-9e19-4c43b7a1c6eb/_default/data/buy30854-keep-alive-state.json'\''
data = {}
if os.path.exists(p):
    try:
        data = json.load(open(p))
    except Exception:
        data = {}
data['\''deep_page_loop'\''] = 0
open(p, '\''w'\'').write(json.dumps(data, indent=2))
'
+ return 0
+ restart_if_dead sustained_loop buy30331-sustained-loop.mjs buy30331-sustained-loop.mjs 'node scripts/buy30331-sustained-loop.mjs' /paperclip/instances/default/projects/177bc805-e3c8-4336-84cb-8e1e482d5a17/18221361-973a-493e-9e19-4c43b7a1c6eb/_default/logs/buy30331_sustained_loop.log
+ local label=sustained_loop
+ local pattern=buy30331-sustained-loop.mjs
+ local script_name=buy30331-sustained-loop.mjs
+ local 'cmd=node scripts/buy30331-sustained-loop.mjs'
+ local logfile=/paperclip/instances/default/projects/177bc805-e3c8-4336-84cb-8e1e482d5a17/18221361-973a-493e-9e19-4c43b7a1c6eb/_default/logs/buy30331_sustained_loop.log
+ local pid dead_ticks lane_root
++ pgrep_pat buy30331-sustained-loop.mjs
++ local pattern=buy30331-sustained-loop.mjs
++ local matches filtered pid count keep p
+++ pgrep -af buy30331-sustained-loop.mjs
+++ grep -v buy30854-lane-keep-alive
+++ grep -v scripts/buy30854-lane-keep-alive.sh
++ matches='321253 node scripts/buy30331-sustained-loop.mjs'
++ filtered=
++ '[' -z '321253 node scripts/buy30331-sustained-loop.mjs' ']'
++ IFS=
++ read -r line
++ '[' -z '321253 node scripts/buy30331-sustained-loop.mjs' ']'
+++ echo '321253 node scripts/buy30331-sustained-loop.mjs'
+++ awk '{print $1}'
++ pid=321253
++ '[' -z 321253 ']'
++ filtered+='321253
'
++ IFS=
++ read -r line
+++ echo '321253
'
+++ sed '/^$/d'
++ filtered=321253
++ '[' -z 321253 ']'
+++ echo 321253
+++ wc -l
+++ tr -d ' '
++ count=1
++ '[' 1 -gt 1 ']'
++ echo 321253
+ pid=321253
+ '[' -n 321253 ']'
++ ts
++ date -u +%Y-%m-%dT%H:%M:%SZ
+ echo '[2026-06-07T14:04:52Z] sustained_loop OK pid=321253'
[2026-06-07T14:04:52Z] sustained_loop OK pid=321253
+ write_dead_count sustained_loop 0
+ local label=sustained_loop
+ local count=0
+ python3 -c '
import json, os
p='\''/paperclip/instances/default/projects/177bc805-e3c8-4336-84cb-8e1e482d5a17/18221361-973a-493e-9e19-4c43b7a1c6eb/_default/data/buy30854-keep-alive-state.json'\''
data = {}
if os.path.exists(p):
    try:
        data = json.load(open(p))
    except Exception:
        data = {}
data['\''sustained_loop'\''] = 0
open(p, '\''w'\'').write(json.dumps(data, indent=2))
'
+ return 0
+ '[' '!' -f /paperclip/instances/default/projects/177bc805-e3c8-4336-84cb-8e1e482d5a17/18221361-973a-493e-9e19-4c43b7a1c6eb/_default/data/checkpoints/buy30590_woocommerce.completed ']'
+ '[' -f /paperclip/instances/default/projects/177bc805-e3c8-4336-84cb-8e1e482d5a17/18221361-973a-493e-9e19-4c43b7a1c6eb/_default/data/buy30727-supervisor.stopped ']'
++ ts
++ date -u +%Y-%m-%dT%H:%M:%SZ
+ echo '[2026-06-07T14:04:52Z] lane_supervisor SKIPPED (BUY-31452 stop marker present; see data/buy30727-supervisor.stopped)'
[2026-06-07T14:04:52Z] lane_supervisor SKIPPED (BUY-31452 stop marker present; see data/buy30727-supervisor.stopped)
++ ts
++ date -u +%Y-%m-%dT%H:%M:%SZ
+ echo '[2026-06-07T14:04:52Z] keep-alive tick complete'
[2026-06-07T14:04:52Z] keep-alive tick complete
++ ts
++ date -u +%Y-%m-%dT%H:%M:%SZ
+ echo '===== keep-alive tick 2026-06-07T14:05:04Z ====='
===== keep-alive tick 2026-06-07T14:05:04Z =====
+ restart_if_dead deep_page_loop buy30590-deep-page-loop.mjs buy30590-deep-page-loop.mjs 'node scripts/buy30590-deep-page-loop.mjs' /paperclip/instances/default/projects/177bc805-e3c8-4336-84cb-8e1e482d5a17/18221361-973a-493e-9e19-4c43b7a1c6eb/_default/logs/buy30590_deep_page_loop.log
+ local label=deep_page_loop
+ local pattern=buy30590-deep-page-loop.mjs
+ local script_name=buy30590-deep-page-loop.mjs
+ local 'cmd=node scripts/buy30590-deep-page-loop.mjs'
+ local logfile=/paperclip/instances/default/projects/177bc805-e3c8-4336-84cb-8e1e482d5a17/18221361-973a-493e-9e19-4c43b7a1c6eb/_default/logs/buy30590_deep_page_loop.log
+ local pid dead_ticks lane_root
++ pgrep_pat buy30590-deep-page-loop.mjs
++ local pattern=buy30590-deep-page-loop.mjs
++ local matches filtered pid count keep p
+++ pgrep -af buy30590-deep-page-loop.mjs
+++ grep -v buy30854-lane-keep-alive
+++ grep -v scripts/buy30854-lane-keep-alive.sh
++ matches='280432 node scripts/buy30590-deep-page-loop.mjs'
++ filtered=
++ '[' -z '280432 node scripts/buy30590-deep-page-loop.mjs' ']'
++ IFS=
++ read -r line
++ '[' -z '280432 node scripts/buy30590-deep-page-loop.mjs' ']'
+++ echo '280432 node scripts/buy30590-deep-page-loop.mjs'
+++ awk '{print $1}'
++ pid=280432
++ '[' -z 280432 ']'
++ filtered+='280432
'
++ IFS=
++ read -r line
+++ echo '280432
'
+++ sed '/^$/d'
++ filtered=280432
++ '[' -z 280432 ']'
+++ echo 280432
+++ wc -l
+++ tr -d ' '
++ count=1
++ '[' 1 -gt 1 ']'
++ echo 280432
+ pid=280432
+ '[' -n 280432 ']'
++ ts
++ date -u +%Y-%m-%dT%H:%M:%SZ
+ echo '[2026-06-07T14:05:04Z] deep_page_loop OK pid=280432'
[2026-06-07T14:05:04Z] deep_page_loop OK pid=280432
+ write_dead_count deep_page_loop 0
+ local label=deep_page_loop
+ local count=0
+ python3 -c '
import json, os
p='\''/paperclip/instances/default/projects/177bc805-e3c8-4336-84cb-8e1e482d5a17/18221361-973a-493e-9e19-4c43b7a1c6eb/_default/data/buy30854-keep-alive-state.json'\''
data = {}
if os.path.exists(p):
    try:
        data = json.load(open(p))
    except Exception:
        data = {}
data['\''deep_page_loop'\''] = 0
open(p, '\''w'\'').write(json.dumps(data, indent=2))
'
+ return 0
+ restart_if_dead sustained_loop buy30331-sustained-loop.mjs buy30331-sustained-loop.mjs 'node scripts/buy30331-sustained-loop.mjs' /paperclip/instances/default/projects/177bc805-e3c8-4336-84cb-8e1e482d5a17/18221361-973a-493e-9e19-4c43b7a1c6eb/_default/logs/buy30331_sustained_loop.log
+ local label=sustained_loop
+ local pattern=buy30331-sustained-loop.mjs
+ local script_name=buy30331-sustained-loop.mjs
+ local 'cmd=node scripts/buy30331-sustained-loop.mjs'
+ local logfile=/paperclip/instances/default/projects/177bc805-e3c8-4336-84cb-8e1e482d5a17/18221361-973a-493e-9e19-4c43b7a1c6eb/_default/logs/buy30331_sustained_loop.log
+ local pid dead_ticks lane_root
++ pgrep_pat buy30331-sustained-loop.mjs
++ local pattern=buy30331-sustained-loop.mjs
++ local matches filtered pid count keep p
+++ pgrep -af buy30331-sustained-loop.mjs
+++ grep -v buy30854-lane-keep-alive
+++ grep -v scripts/buy30854-lane-keep-alive.sh
++ matches='321253 node scripts/buy30331-sustained-loop.mjs'
++ filtered=
++ '[' -z '321253 node scripts/buy30331-sustained-loop.mjs' ']'
++ IFS=
++ read -r line
++ '[' -z '321253 node scripts/buy30331-sustained-loop.mjs' ']'
+++ echo '321253 node scripts/buy30331-sustained-loop.mjs'
+++ awk '{print $1}'
++ pid=321253
++ '[' -z 321253 ']'
++ filtered+='321253
'
++ IFS=
++ read -r line
+++ echo '321253
'
+++ sed '/^$/d'
++ filtered=321253
++ '[' -z 321253 ']'
+++ echo 321253
+++ wc -l
+++ tr -d ' '
++ count=1
++ '[' 1 -gt 1 ']'
++ echo 321253
+ pid=321253
+ '[' -n 321253 ']'
++ ts
++ date -u +%Y-%m-%dT%H:%M:%SZ
+ echo '[2026-06-07T14:05:04Z] sustained_loop OK pid=321253'
[2026-06-07T14:05:04Z] sustained_loop OK pid=321253
+ write_dead_count sustained_loop 0
+ local label=sustained_loop
+ local count=0
+ python3 -c '
import json, os
p='\''/paperclip/instances/default/projects/177bc805-e3c8-4336-84cb-8e1e482d5a17/18221361-973a-493e-9e19-4c43b7a1c6eb/_default/data/buy30854-keep-alive-state.json'\''
data = {}
if os.path.exists(p):
    try:
        data = json.load(open(p))
    except Exception:
        data = {}
data['\''sustained_loop'\''] = 0
open(p, '\''w'\'').write(json.dumps(data, indent=2))
'
+ return 0
+ '[' '!' -f /paperclip/instances/default/projects/177bc805-e3c8-4336-84cb-8e1e482d5a17/18221361-973a-493e-9e19-4c43b7a1c6eb/_default/data/checkpoints/buy30590_woocommerce.completed ']'
+ '[' -f /paperclip/instances/default/projects/177bc805-e3c8-4336-84cb-8e1e482d5a17/18221361-973a-493e-9e19-4c43b7a1c6eb/_default/data/buy30727-supervisor.stopped ']'
++ ts
++ date -u +%Y-%m-%dT%H:%M:%SZ
+ echo '[2026-06-07T14:05:04Z] lane_supervisor SKIPPED (BUY-31452 stop marker present; see data/buy30727-supervisor.stopped)'
[2026-06-07T14:05:04Z] lane_supervisor SKIPPED (BUY-31452 stop marker present; see data/buy30727-supervisor.stopped)
++ ts
++ date -u +%Y-%m-%dT%H:%M:%SZ
+ echo '[2026-06-07T14:05:04Z] keep-alive tick complete'
[2026-06-07T14:05:04Z] keep-alive tick complete
===== keep-alive tick 2026-06-07T14:05:33Z =====
[2026-06-07T14:05:33Z] deep_page_loop OK pid=280432
[2026-06-07T14:05:33Z] sustained_loop OK pid=321253
[2026-06-07T14:05:33Z] lane_supervisor SKIPPED (BUY-31452 stop marker present; see data/buy30727-supervisor.stopped)
[2026-06-07T14:05:33Z] keep-alive tick complete
===== keep-alive tick 2026-06-07T14:07:35Z =====
[2026-06-07T14:07:35Z] deep_page_loop OK pid=280432
[2026-06-07T14:07:36Z] sustained_loop OK pid=332058
[2026-06-07T14:07:36Z] lane_supervisor SKIPPED (BUY-31452 stop marker present; see data/buy30727-supervisor.stopped)
[2026-06-07T14:07:36Z] keep-alive tick complete
===== keep-alive tick 2026-06-07T14:07:46Z =====
[2026-06-07T14:07:46Z] deep_page_loop OK pid=280432
[2026-06-07T14:07:46Z] sustained_loop OK pid=332058
[2026-06-07T14:07:46Z] lane_supervisor SKIPPED (BUY-31452 stop marker present; see data/buy30727-supervisor.stopped)
[2026-06-07T14:07:46Z] keep-alive tick complete
===== keep-alive tick 2026-06-07T14:13:12Z =====
[2026-06-07T14:13:12Z] deep_page_loop DEAD — restarting (consecutive_dead_ticks=1)
[2026-06-07T14:13:14Z] deep_page_loop restarted pid=351478 root=/paperclip/instances/default/workspaces/3ec8f6dd-1735-4479-9825-a2c42edac34c
[2026-06-07T14:13:14Z] sustained_loop OK pid=340278
[2026-06-07T14:13:14Z] lane_supervisor SKIPPED (BUY-31452 stop marker present; see data/buy30727-supervisor.stopped)
[2026-06-07T14:13:14Z] keep-alive tick complete
Terminated
===== keep-alive tick 2026-06-07T14:20:56Z =====
[2026-06-07T14:20:57Z] deep_page_loop DEAD — restarting (consecutive_dead_ticks=2)
[2026-06-07T14:20:59Z] deep_page_loop restarted pid=380116 root=/paperclip/instances/default/workspaces/3ec8f6dd-1735-4479-9825-a2c42edac34c
[2026-06-07T14:20:59Z] sustained_loop DEAD — restarting (consecutive_dead_ticks=1)
[2026-06-07T14:21:01Z] sustained_loop restarted pid=380313 root=/paperclip/instances/default/workspaces/3ec8f6dd-1735-4479-9825-a2c42edac34c
[2026-06-07T14:21:01Z] lane_supervisor SKIPPED (BUY-31452 stop marker present; see data/buy30727-supervisor.stopped)
[2026-06-07T14:21:01Z] keep-alive tick complete
===== keep-alive tick 2026-06-07T14:24:21Z =====
[2026-06-07T14:24:22Z] deep_page_loop DEAD — restarting (consecutive_dead_ticks=3)
[2026-06-07T14:24:24Z] deep_page_loop restarted pid=393552 root=/paperclip/instances/default/workspaces/3ec8f6dd-1735-4479-9825-a2c42edac34c
[2026-06-07T14:24:24Z] sustained_loop DEAD — restarting (consecutive_dead_ticks=2)
[2026-06-07T14:24:26Z] sustained_loop restarted pid=393662 root=/paperclip/instances/default/workspaces/3ec8f6dd-1735-4479-9825-a2c42edac34c
[2026-06-07T14:24:26Z] lane_supervisor SKIPPED (BUY-31452 stop marker present; see data/buy30727-supervisor.stopped)
[2026-06-07T14:24:26Z] keep-alive tick complete
Terminated
===== keep-alive tick 2026-06-07T14:26:07Z =====
[2026-06-07T14:26:07Z] deep_page_loop OK pid=393899
[2026-06-07T14:26:07Z] sustained_loop OK pid=393662
[2026-06-07T14:26:07Z] lane_supervisor SKIPPED (BUY-31452 stop marker present; see data/buy30727-supervisor.stopped)
[2026-06-07T14:26:07Z] keep-alive tick complete
===== keep-alive tick 2026-06-07T14:28:27Z =====
[2026-06-07T14:28:27Z] deep_page_loop OK pid=393899
[2026-06-07T14:28:27Z] sustained_loop OK pid=393662
[2026-06-07T14:28:27Z] lane_supervisor SKIPPED (BUY-31452 stop marker present; see data/buy30727-supervisor.stopped)
[2026-06-07T14:28:27Z] keep-alive tick complete
++ ts
++ date -u +%Y-%m-%dT%H:%M:%SZ
+ echo '===== keep-alive tick 2026-06-07T14:28:38Z ====='
===== keep-alive tick 2026-06-07T14:28:38Z =====
+ restart_if_dead deep_page_loop buy30590-deep-page-loop.mjs buy30590-deep-page-loop.mjs 'node scripts/buy30590-deep-page-loop.mjs' /paperclip/instances/default/projects/177bc805-e3c8-4336-84cb-8e1e482d5a17/18221361-973a-493e-9e19-4c43b7a1c6eb/_default/logs/buy30590_deep_page_loop.log
+ local label=deep_page_loop
+ local pattern=buy30590-deep-page-loop.mjs
+ local script_name=buy30590-deep-page-loop.mjs
+ local 'cmd=node scripts/buy30590-deep-page-loop.mjs'
+ local logfile=/paperclip/instances/default/projects/177bc805-e3c8-4336-84cb-8e1e482d5a17/18221361-973a-493e-9e19-4c43b7a1c6eb/_default/logs/buy30590_deep_page_loop.log
+ local pid dead_ticks lane_root
++ pgrep_pat buy30590-deep-page-loop.mjs
++ local pattern=buy30590-deep-page-loop.mjs
++ local matches filtered pid count keep p
+++ pgrep -af buy30590-deep-page-loop.mjs
+++ grep -v buy30854-lane-keep-alive
+++ grep -v scripts/buy30854-lane-keep-alive.sh
++ matches='393899 node scripts/buy30590-deep-page-loop.mjs'
++ filtered=
++ '[' -z '393899 node scripts/buy30590-deep-page-loop.mjs' ']'
++ IFS=
++ read -r line
++ '[' -z '393899 node scripts/buy30590-deep-page-loop.mjs' ']'
+++ echo '393899 node scripts/buy30590-deep-page-loop.mjs'
+++ awk '{print $1}'
++ pid=393899
++ '[' -z 393899 ']'
++ filtered+='393899
'
++ IFS=
++ read -r line
+++ echo '393899
'
+++ sed '/^$/d'
++ filtered=393899
++ '[' -z 393899 ']'
+++ echo 393899
+++ wc -l
+++ tr -d ' '
++ count=1
++ '[' 1 -gt 1 ']'
++ echo 393899
+ pid=393899
+ '[' -n 393899 ']'
++ ts
++ date -u +%Y-%m-%dT%H:%M:%SZ
+ echo '[2026-06-07T14:28:38Z] deep_page_loop OK pid=393899'
[2026-06-07T14:28:38Z] deep_page_loop OK pid=393899
+ write_dead_count deep_page_loop 0
+ local label=deep_page_loop
+ local count=0
+ python3 -c '
import json, os
p='\''/paperclip/instances/default/projects/177bc805-e3c8-4336-84cb-8e1e482d5a17/18221361-973a-493e-9e19-4c43b7a1c6eb/_default/data/buy30854-keep-alive-state.json'\''
data = {}
if os.path.exists(p):
    try:
        data = json.load(open(p))
    except Exception:
        data = {}
data['\''deep_page_loop'\''] = 0
open(p, '\''w'\'').write(json.dumps(data, indent=2))
'
+ return 0
+ restart_if_dead sustained_loop buy30331-sustained-loop.mjs buy30331-sustained-loop.mjs 'node scripts/buy30331-sustained-loop.mjs' /paperclip/instances/default/projects/177bc805-e3c8-4336-84cb-8e1e482d5a17/18221361-973a-493e-9e19-4c43b7a1c6eb/_default/logs/buy30331_sustained_loop.log
+ local label=sustained_loop
+ local pattern=buy30331-sustained-loop.mjs
+ local script_name=buy30331-sustained-loop.mjs
+ local 'cmd=node scripts/buy30331-sustained-loop.mjs'
+ local logfile=/paperclip/instances/default/projects/177bc805-e3c8-4336-84cb-8e1e482d5a17/18221361-973a-493e-9e19-4c43b7a1c6eb/_default/logs/buy30331_sustained_loop.log
+ local pid dead_ticks lane_root
++ pgrep_pat buy30331-sustained-loop.mjs
++ local pattern=buy30331-sustained-loop.mjs
++ local matches filtered pid count keep p
+++ pgrep -af buy30331-sustained-loop.mjs
+++ grep -v buy30854-lane-keep-alive
+++ grep -v scripts/buy30854-lane-keep-alive.sh
++ matches='393662 node scripts/buy30331-sustained-loop.mjs'
++ filtered=
++ '[' -z '393662 node scripts/buy30331-sustained-loop.mjs' ']'
++ IFS=
++ read -r line
++ '[' -z '393662 node scripts/buy30331-sustained-loop.mjs' ']'
+++ echo '393662 node scripts/buy30331-sustained-loop.mjs'
+++ awk '{print $1}'
++ pid=393662
++ '[' -z 393662 ']'
++ filtered+='393662
'
++ IFS=
++ read -r line
+++ echo '393662
'
+++ sed '/^$/d'
++ filtered=393662
++ '[' -z 393662 ']'
+++ echo 393662
+++ tr -d ' '
+++ wc -l
++ count=1
++ '[' 1 -gt 1 ']'
++ echo 393662
+ pid=393662
+ '[' -n 393662 ']'
++ ts
++ date -u +%Y-%m-%dT%H:%M:%SZ
+ echo '[2026-06-07T14:28:38Z] sustained_loop OK pid=393662'
[2026-06-07T14:28:38Z] sustained_loop OK pid=393662
+ write_dead_count sustained_loop 0
+ local label=sustained_loop
+ local count=0
+ python3 -c '
import json, os
p='\''/paperclip/instances/default/projects/177bc805-e3c8-4336-84cb-8e1e482d5a17/18221361-973a-493e-9e19-4c43b7a1c6eb/_default/data/buy30854-keep-alive-state.json'\''
data = {}
if os.path.exists(p):
    try:
        data = json.load(open(p))
    except Exception:
        data = {}
data['\''sustained_loop'\''] = 0
open(p, '\''w'\'').write(json.dumps(data, indent=2))
'
+ return 0
+ '[' '!' -f /paperclip/instances/default/projects/177bc805-e3c8-4336-84cb-8e1e482d5a17/18221361-973a-493e-9e19-4c43b7a1c6eb/_default/data/checkpoints/buy30590_woocommerce.completed ']'
+ '[' -f /paperclip/instances/default/projects/177bc805-e3c8-4336-84cb-8e1e482d5a17/18221361-973a-493e-9e19-4c43b7a1c6eb/_default/data/buy30727-supervisor.stopped ']'
++ ts
++ date -u +%Y-%m-%dT%H:%M:%SZ
+ echo '[2026-06-07T14:28:39Z] lane_supervisor SKIPPED (BUY-31452 stop marker present; see data/buy30727-supervisor.stopped)'
[2026-06-07T14:28:39Z] lane_supervisor SKIPPED (BUY-31452 stop marker present; see data/buy30727-supervisor.stopped)
++ ts
++ date -u +%Y-%m-%dT%H:%M:%SZ
+ echo '[2026-06-07T14:28:39Z] keep-alive tick complete'
[2026-06-07T14:28:39Z] keep-alive tick complete
===== keep-alive tick 2026-06-07T14:28:43Z =====
[2026-06-07T14:28:43Z] deep_page_loop OK pid=393899
[2026-06-07T14:28:43Z] sustained_loop OK pid=393662
[2026-06-07T14:28:43Z] lane_supervisor SKIPPED (BUY-31452 stop marker present; see data/buy30727-supervisor.stopped)
[2026-06-07T14:28:43Z] keep-alive tick complete
===== keep-alive tick 2026-06-07T14:47:12Z =====
[2026-06-07T14:47:12Z] deep_page_loop OK pid=393899
[2026-06-07T14:47:12Z] sustained_loop OK pid=488361
[2026-06-07T14:47:12Z] lane_supervisor SKIPPED (BUY-31452 stop marker present; see data/buy30727-supervisor.stopped)
[2026-06-07T14:47:12Z] keep-alive tick complete
===== keep-alive tick 2026-06-07T14:57:04Z =====
[2026-06-07T14:57:04Z] deep_page_loop OK pid=393899
[2026-06-07T14:57:05Z] sustained_loop DEAD — restarting (consecutive_dead_ticks=1)
[2026-06-07T14:57:07Z] sustained_loop restarted pid=522381 root=/paperclip/instances/default/workspaces/3ec8f6dd-1735-4479-9825-a2c42edac34c
[2026-06-07T14:57:07Z] lane_supervisor SKIPPED (BUY-31452 stop marker present; see data/buy30727-supervisor.stopped)
[2026-06-07T14:57:07Z] keep-alive tick complete
===== keep-alive tick 2026-06-07T14:57:59Z =====
[2026-06-07T14:57:59Z] deep_page_loop OK pid=393899
[2026-06-07T14:57:59Z] sustained_loop OK pid=522381
[2026-06-07T14:57:59Z] lane_supervisor SKIPPED (BUY-31452 stop marker present; see data/buy30727-supervisor.stopped)
[2026-06-07T14:57:59Z] keep-alive tick complete
===== keep-alive tick 2026-06-07T15:04:34Z =====
[2026-06-07T15:04:34Z] deep_page_loop OK pid=547578
[2026-06-07T15:04:34Z] sustained_loop OK pid=547832
[2026-06-07T15:04:34Z] lane_supervisor SKIPPED (BUY-31452 stop marker present; see data/buy30727-supervisor.stopped)
[2026-06-07T15:04:34Z] keep-alive tick complete
===== keep-alive tick 2026-06-07T15:11:51Z =====
[2026-06-07T15:11:51Z] deep_page_loop OK pid=547578
[2026-06-07T15:11:51Z] sustained_loop OK pid=565181
[2026-06-07T15:11:52Z] lane_supervisor SKIPPED (BUY-31452 stop marker present; see data/buy30727-supervisor.stopped)
[2026-06-07T15:11:52Z] keep-alive tick complete
===== keep-alive tick 2026-06-07T15:13:27Z =====
[2026-06-07T15:13:27Z] deep_page_loop OK pid=547578
[2026-06-07T15:13:27Z] sustained_loop OK pid=565181
[2026-06-07T15:13:27Z] lane_supervisor SKIPPED (BUY-31452 stop marker present; see data/buy30727-supervisor.stopped)
[2026-06-07T15:13:27Z] keep-alive tick complete
===== keep-alive tick 2026-06-07T15:13:32Z =====
[2026-06-07T15:13:32Z] deep_page_loop OK pid=547578
[2026-06-07T15:13:32Z] sustained_loop OK pid=565181
[2026-06-07T15:13:32Z] lane_supervisor SKIPPED (BUY-31452 stop marker present; see data/buy30727-supervisor.stopped)
[2026-06-07T15:13:32Z] keep-alive tick complete
===== keep-alive tick 2026-06-07T15:22:18Z =====
[2026-06-07T15:22:18Z] duplicate buy30590-deep-page-loop.mjs killed pid=547578 (kept 596362)
[2026-06-07T15:22:18Z] deep_page_loop OK pid=596362
[2026-06-07T15:22:18Z] sustained_loop OK pid=594813
[2026-06-07T15:22:18Z] lane_supervisor SKIPPED (BUY-31452 stop marker present; see data/buy30727-supervisor.stopped)
[2026-06-07T15:22:18Z] keep-alive tick complete
===== keep-alive tick 2026-06-07T15:23:04Z =====
[2026-06-07T15:23:04Z] deep_page_loop OK pid=596490
[2026-06-07T15:23:04Z] sustained_loop OK pid=594813
[2026-06-07T15:23:04Z] lane_supervisor SKIPPED (BUY-31452 stop marker present; see data/buy30727-supervisor.stopped)
[2026-06-07T15:23:04Z] keep-alive tick complete
===== keep-alive tick 2026-06-07T15:30:39Z =====
[2026-06-07T15:30:39Z] deep_page_loop OK pid=596490
[2026-06-07T15:30:39Z] sustained_loop OK pid=621170
[2026-06-07T15:30:39Z] lane_supervisor SKIPPED (BUY-31452 stop marker present; see data/buy30727-supervisor.stopped)
[2026-06-07T15:30:39Z] keep-alive tick complete
===== keep-alive tick 2026-06-07T15:33:53Z =====
[2026-06-07T15:33:53Z] deep_page_loop OK pid=596490
[2026-06-07T15:33:54Z] sustained_loop OK pid=621170
[2026-06-07T15:33:54Z] lane_supervisor SKIPPED (BUY-31452 stop marker present; see data/buy30727-supervisor.stopped)
[2026-06-07T15:33:54Z] keep-alive tick complete
===== keep-alive tick 2026-06-07T15:34:08Z =====
[2026-06-07T15:34:09Z] deep_page_loop OK pid=596490
[2026-06-07T15:34:09Z] sustained_loop OK pid=621170
[2026-06-07T15:34:09Z] lane_supervisor SKIPPED (BUY-31452 stop marker present; see data/buy30727-supervisor.stopped)
[2026-06-07T15:34:09Z] keep-alive tick complete
===== keep-alive tick 2026-06-07T15:38:18Z =====
[2026-06-07T15:38:18Z] deep_page_loop OK pid=596490
[2026-06-07T15:38:18Z] sustained_loop OK pid=621170
[2026-06-07T15:38:18Z] lane_supervisor SKIPPED (BUY-31452 stop marker present; see data/buy30727-supervisor.stopped)
[2026-06-07T15:38:18Z] keep-alive tick complete
===== keep-alive tick 2026-06-07T15:38:45Z =====
[2026-06-07T15:38:45Z] deep_page_loop OK pid=596490
[2026-06-07T15:38:45Z] sustained_loop OK pid=621170
[2026-06-07T15:38:45Z] lane_supervisor SKIPPED (BUY-31452 stop marker present; see data/buy30727-supervisor.stopped)
[2026-06-07T15:38:45Z] keep-alive tick complete
===== keep-alive tick 2026-06-07T15:39:36Z =====
[2026-06-07T15:39:36Z] deep_page_loop OK pid=596490
[2026-06-07T15:39:36Z] sustained_loop OK pid=621170
[2026-06-07T15:39:36Z] lane_supervisor SKIPPED (BUY-31452 stop marker present; see data/buy30727-supervisor.stopped)
[2026-06-07T15:39:36Z] keep-alive tick complete
===== keep-alive tick 2026-06-07T15:42:53Z =====
[2026-06-07T15:42:53Z] deep_page_loop OK pid=596490
[2026-06-07T15:42:53Z] sustained_loop OK pid=621170
[2026-06-07T15:42:53Z] lane_supervisor SKIPPED (BUY-31452 stop marker present; see data/buy30727-supervisor.stopped)
[2026-06-07T15:42:53Z] keep-alive tick complete
===== keep-alive tick 2026-06-07T15:47:56Z =====
[2026-06-07T15:47:56Z] deep_page_loop OK pid=596490
[2026-06-07T15:47:56Z] sustained_loop OK pid=621170
[2026-06-07T15:47:56Z] lane_supervisor SKIPPED (BUY-31452 stop marker present; see data/buy30727-supervisor.stopped)
[2026-06-07T15:47:56Z] keep-alive tick complete
===== keep-alive tick 2026-06-07T15:51:00Z =====
[2026-06-07T15:51:00Z] deep_page_loop OK pid=596490
[2026-06-07T15:51:00Z] sustained_loop OK pid=621170
[2026-06-07T15:51:00Z] lane_supervisor SKIPPED (BUY-31452 stop marker present; see data/buy30727-supervisor.stopped)
[2026-06-07T15:51:00Z] keep-alive tick complete
===== keep-alive tick 2026-06-07T15:53:30Z =====
[2026-06-07T15:53:30Z] deep_page_loop OK pid=596490
[2026-06-07T15:53:30Z] sustained_loop OK pid=621170
[2026-06-07T15:53:30Z] lane_supervisor SKIPPED (BUY-31452 stop marker present; see data/buy30727-supervisor.stopped)
[2026-06-07T15:53:30Z] keep-alive tick complete
===== keep-alive tick 2026-06-07T15:57:38Z =====
[2026-06-07T15:57:38Z] deep_page_loop OK pid=596490
[2026-06-07T15:57:38Z] sustained_loop OK pid=621170
[2026-06-07T15:57:38Z] lane_supervisor SKIPPED (BUY-31452 stop marker present; see data/buy30727-supervisor.stopped)
[2026-06-07T15:57:38Z] keep-alive tick complete
===== keep-alive tick 2026-06-07T16:03:47Z =====
[2026-06-07T16:03:47Z] deep_page_loop OK pid=596490
[2026-06-07T16:03:47Z] sustained_loop OK pid=621170
[2026-06-07T16:03:47Z] lane_supervisor SKIPPED (BUY-31452 stop marker present; see data/buy30727-supervisor.stopped)
[2026-06-07T16:03:47Z] keep-alive tick complete
===== keep-alive tick 2026-06-07T16:03:52Z =====
[2026-06-07T16:03:52Z] deep_page_loop OK pid=596490
[2026-06-07T16:03:53Z] sustained_loop OK pid=621170
[2026-06-07T16:03:53Z] lane_supervisor SKIPPED (BUY-31452 stop marker present; see data/buy30727-supervisor.stopped)
[2026-06-07T16:03:53Z] keep-alive tick complete
===== keep-alive tick 2026-06-07T16:08:04Z =====
[2026-06-07T16:08:04Z] deep_page_loop OK pid=596490
[2026-06-07T16:08:04Z] sustained_loop OK pid=621170
[2026-06-07T16:08:04Z] lane_supervisor SKIPPED (BUY-31452 stop marker present; see data/buy30727-supervisor.stopped)
[2026-06-07T16:08:04Z] keep-alive tick complete
===== keep-alive tick 2026-06-07T16:13:21Z =====
[2026-06-07T16:13:21Z] deep_page_loop OK pid=596490
[2026-06-07T16:13:21Z] sustained_loop OK pid=621170
[2026-06-07T16:13:21Z] lane_supervisor SKIPPED (BUY-31452 stop marker present; see data/buy30727-supervisor.stopped)
[2026-06-07T16:13:21Z] keep-alive tick complete
===== keep-alive tick 2026-06-07T16:13:46Z =====
[2026-06-07T16:13:46Z] deep_page_loop OK pid=596490
[2026-06-07T16:13:46Z] sustained_loop OK pid=621170
[2026-06-07T16:13:46Z] lane_supervisor SKIPPED (BUY-31452 stop marker present; see data/buy30727-supervisor.stopped)
[2026-06-07T16:13:46Z] keep-alive tick complete
===== keep-alive tick 2026-06-07T16:18:37Z =====
[2026-06-07T16:18:37Z] deep_page_loop OK pid=596490
[2026-06-07T16:18:37Z] sustained_loop OK pid=621170
[2026-06-07T16:18:37Z] lane_supervisor SKIPPED (BUY-31452 stop marker present; see data/buy30727-supervisor.stopped)
[2026-06-07T16:18:37Z] keep-alive tick complete
===== keep-alive tick 2026-06-07T16:22:09Z =====
[2026-06-07T16:22:09Z] deep_page_loop OK pid=596490
[2026-06-07T16:22:09Z] sustained_loop OK pid=621170
[2026-06-07T16:22:09Z] lane_supervisor SKIPPED (BUY-31452 stop marker present; see data/buy30727-supervisor.stopped)
[2026-06-07T16:22:09Z] keep-alive tick complete
===== keep-alive tick 2026-06-07T16:23:13Z =====
[2026-06-07T16:23:13Z] deep_page_loop OK pid=596490
[2026-06-07T16:23:13Z] sustained_loop OK pid=621170
[2026-06-07T16:23:13Z] lane_supervisor SKIPPED (BUY-31452 stop marker present; see data/buy30727-supervisor.stopped)
[2026-06-07T16:23:13Z] keep-alive tick complete
===== keep-alive tick 2026-06-07T16:27:51Z =====
[2026-06-07T16:27:51Z] deep_page_loop OK pid=596490
[2026-06-07T16:27:51Z] sustained_loop OK pid=621170
[2026-06-07T16:27:51Z] lane_supervisor SKIPPED (BUY-31452 stop marker present; see data/buy30727-supervisor.stopped)
[2026-06-07T16:27:51Z] keep-alive tick complete
===== keep-alive tick 2026-06-07T16:30:33Z =====
[2026-06-07T16:30:33Z] deep_page_loop OK pid=596490
[2026-06-07T16:30:33Z] sustained_loop OK pid=621170
[2026-06-07T16:30:33Z] lane_supervisor SKIPPED (BUY-31452 stop marker present; see data/buy30727-supervisor.stopped)
[2026-06-07T16:30:33Z] keep-alive tick complete
===== keep-alive tick 2026-06-07T16:33:42Z =====
[2026-06-07T16:33:42Z] deep_page_loop OK pid=596490
[2026-06-07T16:33:42Z] sustained_loop OK pid=801531
[2026-06-07T16:33:42Z] lane_supervisor SKIPPED (BUY-31452 stop marker present; see data/buy30727-supervisor.stopped)
[2026-06-07T16:33:42Z] keep-alive tick complete
===== keep-alive tick 2026-06-07T16:33:48Z =====
[2026-06-07T16:33:48Z] deep_page_loop OK pid=596490
[2026-06-07T16:33:48Z] sustained_loop OK pid=801531
[2026-06-07T16:33:48Z] lane_supervisor SKIPPED (BUY-31452 stop marker present; see data/buy30727-supervisor.stopped)
[2026-06-07T16:33:48Z] keep-alive tick complete
===== keep-alive tick 2026-06-07T16:37:51Z =====
[2026-06-07T16:37:52Z] deep_page_loop OK pid=596490
[2026-06-07T16:37:52Z] sustained_loop DEAD — restarting (consecutive_dead_ticks=1)
[2026-06-07T16:37:54Z] sustained_loop restarted pid=815642 root=/paperclip/instances/default/workspaces/3ec8f6dd-1735-4479-9825-a2c42edac34c
[2026-06-07T16:37:54Z] lane_supervisor SKIPPED (BUY-31452 stop marker present; see data/buy30727-supervisor.stopped)
[2026-06-07T16:37:54Z] keep-alive tick complete
===== keep-alive tick 2026-06-07T16:40:35Z =====
[2026-06-07T16:40:35Z] deep_page_loop OK pid=596490
[2026-06-07T16:40:35Z] sustained_loop DEAD — restarting (consecutive_dead_ticks=2)
[2026-06-07T16:40:37Z] sustained_loop restarted pid=823700 root=/paperclip/instances/default/workspaces/3ec8f6dd-1735-4479-9825-a2c42edac34c
[2026-06-07T16:40:37Z] lane_supervisor SKIPPED (BUY-31452 stop marker present; see data/buy30727-supervisor.stopped)
[2026-06-07T16:40:37Z] keep-alive tick complete
===== keep-alive tick 2026-06-07T16:43:47Z =====
[2026-06-07T16:43:47Z] deep_page_loop OK pid=596490
[2026-06-07T16:43:47Z] sustained_loop DEAD — restarting (consecutive_dead_ticks=3)
[2026-06-07T16:43:49Z] sustained_loop restarted pid=834148 root=/paperclip/instances/default/workspaces/3ec8f6dd-1735-4479-9825-a2c42edac34c
[2026-06-07T16:43:49Z] lane_supervisor SKIPPED (BUY-31452 stop marker present; see data/buy30727-supervisor.stopped)
[2026-06-07T16:43:49Z] keep-alive tick complete
===== keep-alive tick 2026-06-07T16:43:52Z =====
[2026-06-07T16:43:52Z] deep_page_loop OK pid=596490
[2026-06-07T16:43:52Z] sustained_loop OK pid=834148
[2026-06-07T16:43:52Z] lane_supervisor SKIPPED (BUY-31452 stop marker present; see data/buy30727-supervisor.stopped)
[2026-06-07T16:43:52Z] keep-alive tick complete
===== keep-alive tick 2026-06-07T16:45:48Z =====
[2026-06-07T16:45:48Z] deep_page_loop OK pid=596490
[2026-06-07T16:45:48Z] sustained_loop OK pid=834148
[2026-06-07T16:45:48Z] lane_supervisor SKIPPED (BUY-31452 stop marker present; see data/buy30727-supervisor.stopped)
[2026-06-07T16:45:48Z] keep-alive tick complete
===== keep-alive tick 2026-06-07T16:48:16Z =====
[2026-06-07T16:48:16Z] deep_page_loop OK pid=596490
[2026-06-07T16:48:16Z] sustained_loop DEAD — restarting (consecutive_dead_ticks=1)
[2026-06-07T16:48:18Z] sustained_loop restarted pid=849774 root=/paperclip/instances/default/workspaces/3ec8f6dd-1735-4479-9825-a2c42edac34c
[2026-06-07T16:48:18Z] lane_supervisor SKIPPED (BUY-31452 stop marker present; see data/buy30727-supervisor.stopped)
[2026-06-07T16:48:18Z] keep-alive tick complete
===== keep-alive tick 2026-06-07T16:48:31Z =====
[2026-06-07T16:48:31Z] deep_page_loop OK pid=596490
[2026-06-07T16:48:31Z] sustained_loop OK pid=849774
[2026-06-07T16:48:31Z] lane_supervisor SKIPPED (BUY-31452 stop marker present; see data/buy30727-supervisor.stopped)
[2026-06-07T16:48:31Z] keep-alive tick complete
===== keep-alive tick 2026-06-07T16:52:52Z =====
[2026-06-07T16:52:52Z] deep_page_loop OK pid=596490
[2026-06-07T16:52:52Z] sustained_loop DEAD — restarting (consecutive_dead_ticks=1)
[2026-06-07T16:52:55Z] sustained_loop restarted pid=891263 root=/paperclip/instances/default/workspaces/3ec8f6dd-1735-4479-9825-a2c42edac34c
[2026-06-07T16:52:55Z] lane_supervisor SKIPPED (BUY-31452 stop marker present; see data/buy30727-supervisor.stopped)
[2026-06-07T16:52:55Z] keep-alive tick complete
++ ts
++ date -u +%Y-%m-%dT%H:%M:%SZ
+ echo '===== keep-alive tick 2026-06-07T16:54:34Z ====='
===== keep-alive tick 2026-06-07T16:54:34Z =====
+ restart_if_dead deep_page_loop buy30590-deep-page-loop.mjs buy30590-deep-page-loop.mjs 'node scripts/buy30590-deep-page-loop.mjs' /paperclip/instances/default/projects/177bc805-e3c8-4336-84cb-8e1e482d5a17/18221361-973a-493e-9e19-4c43b7a1c6eb/_default/logs/buy30590_deep_page_loop.log
+ local label=deep_page_loop
+ local pattern=buy30590-deep-page-loop.mjs
+ local script_name=buy30590-deep-page-loop.mjs
+ local 'cmd=node scripts/buy30590-deep-page-loop.mjs'
+ local logfile=/paperclip/instances/default/projects/177bc805-e3c8-4336-84cb-8e1e482d5a17/18221361-973a-493e-9e19-4c43b7a1c6eb/_default/logs/buy30590_deep_page_loop.log
+ local pid dead_ticks lane_root
++ pgrep_pat buy30590-deep-page-loop.mjs
++ local pattern=buy30590-deep-page-loop.mjs
++ local matches filtered pid count keep p
+++ pgrep -af buy30590-deep-page-loop.mjs
+++ grep -v buy30854-lane-keep-alive
+++ grep -v scripts/buy30854-lane-keep-alive.sh
++ matches='596490 node scripts/buy30590-deep-page-loop.mjs'
++ filtered=
++ '[' -z '596490 node scripts/buy30590-deep-page-loop.mjs' ']'
++ IFS=
++ read -r line
++ '[' -z '596490 node scripts/buy30590-deep-page-loop.mjs' ']'
+++ echo '596490 node scripts/buy30590-deep-page-loop.mjs'
+++ awk '{print $1}'
++ pid=596490
++ '[' -z 596490 ']'
++ filtered+='596490
'
++ IFS=
++ read -r line
+++ echo '596490
'
+++ sed '/^$/d'
++ filtered=596490
++ '[' -z 596490 ']'
+++ echo 596490
+++ wc -l
+++ tr -d ' '
++ count=1
++ '[' 1 -gt 1 ']'
++ echo 596490
+ pid=596490
+ '[' -n 596490 ']'
++ ts
++ date -u +%Y-%m-%dT%H:%M:%SZ
+ echo '[2026-06-07T16:54:34Z] deep_page_loop OK pid=596490'
[2026-06-07T16:54:34Z] deep_page_loop OK pid=596490
+ write_dead_count deep_page_loop 0
+ local label=deep_page_loop
+ local count=0
+ python3 -c '
import json, os
p='\''/paperclip/instances/default/projects/177bc805-e3c8-4336-84cb-8e1e482d5a17/18221361-973a-493e-9e19-4c43b7a1c6eb/_default/data/buy30854-keep-alive-state.json'\''
data = {}
if os.path.exists(p):
    try:
        data = json.load(open(p))
    except Exception:
        data = {}
data['\''deep_page_loop'\''] = 0
open(p, '\''w'\'').write(json.dumps(data, indent=2))
'
+ return 0
+ restart_if_dead sustained_loop buy30331-sustained-loop.mjs buy30331-sustained-loop.mjs 'node scripts/buy30331-sustained-loop.mjs' /paperclip/instances/default/projects/177bc805-e3c8-4336-84cb-8e1e482d5a17/18221361-973a-493e-9e19-4c43b7a1c6eb/_default/logs/buy30331_sustained_loop.log
+ local label=sustained_loop
+ local pattern=buy30331-sustained-loop.mjs
+ local script_name=buy30331-sustained-loop.mjs
+ local 'cmd=node scripts/buy30331-sustained-loop.mjs'
+ local logfile=/paperclip/instances/default/projects/177bc805-e3c8-4336-84cb-8e1e482d5a17/18221361-973a-493e-9e19-4c43b7a1c6eb/_default/logs/buy30331_sustained_loop.log
+ local pid dead_ticks lane_root
++ pgrep_pat buy30331-sustained-loop.mjs
++ local pattern=buy30331-sustained-loop.mjs
++ local matches filtered pid count keep p
+++ pgrep -af buy30331-sustained-loop.mjs
+++ grep -v buy30854-lane-keep-alive
+++ grep -v scripts/buy30854-lane-keep-alive.sh
+++ true
++ matches=
++ filtered=
++ '[' -z '' ']'
++ echo ''
++ return
+ pid=
+ '[' -n '' ']'
++ read_dead_count sustained_loop
++ local label=sustained_loop
++ python3 -c '
import json, os
p='\''/paperclip/instances/default/projects/177bc805-e3c8-4336-84cb-8e1e482d5a17/18221361-973a-493e-9e19-4c43b7a1c6eb/_default/data/buy30854-keep-alive-state.json'\''
if not os.path.exists(p):
    print(0)
    raise SystemExit
try:
    data = json.load(open(p))
except Exception:
    data = {}
print(int(data.get('\''sustained_loop'\'', 0)))
'
+ dead_ticks=1
+ dead_ticks=2
+ write_dead_count sustained_loop 2
+ local label=sustained_loop
+ local count=2
+ python3 -c '
import json, os
p='\''/paperclip/instances/default/projects/177bc805-e3c8-4336-84cb-8e1e482d5a17/18221361-973a-493e-9e19-4c43b7a1c6eb/_default/data/buy30854-keep-alive-state.json'\''
data = {}
if os.path.exists(p):
    try:
        data = json.load(open(p))
    except Exception:
        data = {}
data['\''sustained_loop'\''] = 2
open(p, '\''w'\'').write(json.dumps(data, indent=2))
'
++ ts
++ date -u +%Y-%m-%dT%H:%M:%SZ
+ echo '[2026-06-07T16:54:34Z] sustained_loop DEAD — restarting (consecutive_dead_ticks=2)'
[2026-06-07T16:54:34Z] sustained_loop DEAD — restarting (consecutive_dead_ticks=2)
++ discover_lane_root buy30331-sustained-loop.mjs buy30331-sustained-loop.mjs
++ local script_name=buy30331-sustained-loop.mjs
++ local pattern=buy30331-sustained-loop.mjs
++ local candidate root
++ '[' -f /paperclip/instances/default/projects/177bc805-e3c8-4336-84cb-8e1e482d5a17/18221361-973a-493e-9e19-4c43b7a1c6eb/_default/scripts/buy30331-sustained-loop.mjs ']'
+++ discover_lane_root_from_processes buy30331-sustained-loop.mjs
+++ local pattern=buy30331-sustained-loop.mjs
+++ local matches pid root
++++ pgrep -af buy30331-sustained-loop.mjs
++++ grep -v buy30854-lane-keep-alive
++++ grep -v scripts/buy30854-lane-keep-alive.sh
++++ true
+++ matches=
+++ '[' -n '' ']'
+++ return 0
++ root=
++ '[' -n '' ']'
++ for candidate in "${WORKSPACES_ROOT}"/*/scripts/"${script_name}"
++ '[' -e /paperclip/instances/default/workspaces/3ec8f6dd-1735-4479-9825-a2c42edac34c/scripts/buy30331-sustained-loop.mjs ']'
+++ dirname /paperclip/instances/default/workspaces/3ec8f6dd-1735-4479-9825-a2c42edac34c/scripts/buy30331-sustained-loop.mjs
++ dirname /paperclip/instances/default/workspaces/3ec8f6dd-1735-4479-9825-a2c42edac34c/scripts
++ return 0
+ lane_root=/paperclip/instances/default/workspaces/3ec8f6dd-1735-4479-9825-a2c42edac34c
+ '[' '!' -f /paperclip/instances/default/workspaces/3ec8f6dd-1735-4479-9825-a2c42edac34c/scripts/buy30331-sustained-loop.mjs ']'
+ disown
+ cd /paperclip/instances/default/workspaces/3ec8f6dd-1735-4479-9825-a2c42edac34c
+ nohup bash -lc 'node scripts/buy30331-sustained-loop.mjs'
+ sleep 2
++ pgrep_pat buy30331-sustained-loop.mjs
++ local pattern=buy30331-sustained-loop.mjs
++ local matches filtered pid count keep p
+++ pgrep -af buy30331-sustained-loop.mjs
+++ grep -v buy30854-lane-keep-alive
+++ grep -v scripts/buy30854-lane-keep-alive.sh
++ matches='896398 node scripts/buy30331-sustained-loop.mjs'
++ filtered=
++ '[' -z '896398 node scripts/buy30331-sustained-loop.mjs' ']'
++ IFS=
++ read -r line
++ '[' -z '896398 node scripts/buy30331-sustained-loop.mjs' ']'
+++ echo '896398 node scripts/buy30331-sustained-loop.mjs'
+++ awk '{print $1}'
++ pid=896398
++ '[' -z 896398 ']'
++ filtered+='896398
'
++ IFS=
++ read -r line
+++ echo '896398
'
+++ sed '/^$/d'
++ filtered=896398
++ '[' -z 896398 ']'
+++ echo 896398
+++ wc -l
+++ tr -d ' '
++ count=1
++ '[' 1 -gt 1 ']'
++ echo 896398
+ pid=896398
++ ts
++ date -u +%Y-%m-%dT%H:%M:%SZ
+ echo '[2026-06-07T16:54:36Z] sustained_loop restarted pid=896398 root=/paperclip/instances/default/workspaces/3ec8f6dd-1735-4479-9825-a2c42edac34c'
[2026-06-07T16:54:36Z] sustained_loop restarted pid=896398 root=/paperclip/instances/default/workspaces/3ec8f6dd-1735-4479-9825-a2c42edac34c
+ '[' 2 -ge 4 ']'
+ '[' '!' -f /paperclip/instances/default/projects/177bc805-e3c8-4336-84cb-8e1e482d5a17/18221361-973a-493e-9e19-4c43b7a1c6eb/_default/data/checkpoints/buy30590_woocommerce.completed ']'
+ '[' -f /paperclip/instances/default/projects/177bc805-e3c8-4336-84cb-8e1e482d5a17/18221361-973a-493e-9e19-4c43b7a1c6eb/_default/data/buy30727-supervisor.stopped ']'
++ ts
++ date -u +%Y-%m-%dT%H:%M:%SZ
+ echo '[2026-06-07T16:54:36Z] lane_supervisor SKIPPED (BUY-31452 stop marker present; see data/buy30727-supervisor.stopped)'
[2026-06-07T16:54:36Z] lane_supervisor SKIPPED (BUY-31452 stop marker present; see data/buy30727-supervisor.stopped)
++ ts
++ date -u +%Y-%m-%dT%H:%M:%SZ
+ echo '[2026-06-07T16:54:36Z] keep-alive tick complete'
[2026-06-07T16:54:36Z] keep-alive tick complete
===== keep-alive tick 2026-06-07T16:55:05Z =====
[2026-06-07T16:55:05Z] deep_page_loop OK pid=596490
[2026-06-07T16:55:05Z] duplicate buy30331-sustained-loop.mjs killed pid=896398 (kept 898150)
[2026-06-07T16:55:05Z] sustained_loop OK pid=898150
[2026-06-07T16:55:05Z] lane_supervisor SKIPPED (BUY-31452 stop marker present; see data/buy30727-supervisor.stopped)
[2026-06-07T16:55:05Z] keep-alive tick complete
Terminated
===== keep-alive tick 2026-06-07T16:55:48Z =====
[2026-06-07T16:55:48Z] deep_page_loop OK pid=596490
[2026-06-07T16:55:48Z] sustained_loop DEAD — restarting (consecutive_dead_ticks=1)
[2026-06-07T16:55:50Z] sustained_loop restarted pid=900285 root=/paperclip/instances/default/workspaces/3ec8f6dd-1735-4479-9825-a2c42edac34c
[2026-06-07T16:55:50Z] lane_supervisor SKIPPED (BUY-31452 stop marker present; see data/buy30727-supervisor.stopped)
[2026-06-07T16:55:50Z] keep-alive tick complete
===== keep-alive tick 2026-06-07T16:57:41Z =====
[2026-06-07T16:57:41Z] deep_page_loop OK pid=596490
[2026-06-07T16:57:41Z] duplicate buy30331-sustained-loop.mjs killed pid=904993 (kept 905341)
[2026-06-07T16:57:41Z] sustained_loop OK pid=905341
[2026-06-07T16:57:41Z] lane_supervisor SKIPPED (BUY-31452 stop marker present; see data/buy30727-supervisor.stopped)
[2026-06-07T16:57:41Z] keep-alive tick complete
===== keep-alive tick 2026-06-07T16:58:20Z =====
[2026-06-07T16:58:20Z] deep_page_loop OK pid=596490
[2026-06-07T16:58:20Z] sustained_loop DEAD — restarting (consecutive_dead_ticks=1)
[2026-06-07T16:58:22Z] sustained_loop restarted pid=908172 root=/paperclip/instances/default/workspaces/3ec8f6dd-1735-4479-9825-a2c42edac34c
[2026-06-07T16:58:22Z] lane_supervisor SKIPPED (BUY-31452 stop marker present; see data/buy30727-supervisor.stopped)
[2026-06-07T16:58:22Z] keep-alive tick complete
===== keep-alive tick 2026-06-07T17:00:39Z =====
[2026-06-07T17:00:39Z] deep_page_loop OK pid=596490
[2026-06-07T17:00:39Z] sustained_loop DEAD — restarting (consecutive_dead_ticks=2)
[2026-06-07T17:00:41Z] sustained_loop restarted pid=915680 root=/paperclip/instances/default/workspaces/3ec8f6dd-1735-4479-9825-a2c42edac34c
[2026-06-07T17:00:41Z] lane_supervisor SKIPPED (BUY-31452 stop marker present; see data/buy30727-supervisor.stopped)
[2026-06-07T17:00:41Z] keep-alive tick complete
===== keep-alive tick 2026-06-07T17:08:33Z =====
[2026-06-07T17:08:33Z] deep_page_loop OK pid=596490
[2026-06-07T17:08:33Z] sustained_loop OK pid=940966
[2026-06-07T17:08:33Z] lane_supervisor SKIPPED (BUY-31452 stop marker present; see data/buy30727-supervisor.stopped)
[2026-06-07T17:08:33Z] keep-alive tick complete
===== keep-alive tick 2026-06-07T17:10:21Z =====
[2026-06-07T17:10:22Z] deep_page_loop OK pid=596490
[2026-06-07T17:10:22Z] sustained_loop OK pid=946851
[2026-06-07T17:10:22Z] lane_supervisor SKIPPED (BUY-31452 stop marker present; see data/buy30727-supervisor.stopped)
[2026-06-07T17:10:22Z] keep-alive tick complete
===== keep-alive tick 2026-06-07T17:14:37Z =====
[2026-06-07T17:14:37Z] deep_page_loop OK pid=956763
[2026-06-07T17:14:37Z] sustained_loop OK pid=957435
[2026-06-07T17:14:37Z] lane_supervisor SKIPPED (BUY-31452 stop marker present; see data/buy30727-supervisor.stopped)
[2026-06-07T17:14:37Z] keep-alive tick complete
===== keep-alive tick 2026-06-07T17:14:59Z =====
[2026-06-07T17:14:59Z] deep_page_loop OK pid=956763
[2026-06-07T17:14:59Z] sustained_loop OK pid=957435
[2026-06-07T17:14:59Z] lane_supervisor SKIPPED (BUY-31452 stop marker present; see data/buy30727-supervisor.stopped)
[2026-06-07T17:14:59Z] keep-alive tick complete
++ ts
++ date -u +%Y-%m-%dT%H:%M:%SZ
+ echo '===== keep-alive tick 2026-06-07T17:16:57Z ====='
===== keep-alive tick 2026-06-07T17:16:57Z =====
+ restart_if_dead deep_page_loop buy30590-deep-page-loop.mjs buy30590-deep-page-loop.mjs 'node scripts/buy30590-deep-page-loop.mjs' /paperclip/instances/default/projects/177bc805-e3c8-4336-84cb-8e1e482d5a17/18221361-973a-493e-9e19-4c43b7a1c6eb/_default/logs/buy30590_deep_page_loop.log
+ local label=deep_page_loop
+ local pattern=buy30590-deep-page-loop.mjs
+ local script_name=buy30590-deep-page-loop.mjs
+ local 'cmd=node scripts/buy30590-deep-page-loop.mjs'
+ local logfile=/paperclip/instances/default/projects/177bc805-e3c8-4336-84cb-8e1e482d5a17/18221361-973a-493e-9e19-4c43b7a1c6eb/_default/logs/buy30590_deep_page_loop.log
+ local pid dead_ticks lane_root
++ pgrep_pat buy30590-deep-page-loop.mjs
++ local pattern=buy30590-deep-page-loop.mjs
++ local matches filtered pid count keep p
+++ pgrep -af buy30590-deep-page-loop.mjs
+++ grep -v buy30854-lane-keep-alive
+++ grep -v scripts/buy30854-lane-keep-alive.sh
++ matches='956763 node scripts/buy30590-deep-page-loop.mjs'
++ filtered=
++ '[' -z '956763 node scripts/buy30590-deep-page-loop.mjs' ']'
++ IFS=
++ read -r line
++ '[' -z '956763 node scripts/buy30590-deep-page-loop.mjs' ']'
+++ echo '956763 node scripts/buy30590-deep-page-loop.mjs'
+++ awk '{print $1}'
++ pid=956763
++ '[' -z 956763 ']'
++ filtered+='956763
'
++ IFS=
++ read -r line
+++ echo '956763
'
+++ sed '/^$/d'
++ filtered=956763
++ '[' -z 956763 ']'
+++ echo 956763
+++ wc -l
+++ tr -d ' '
++ count=1
++ '[' 1 -gt 1 ']'
++ echo 956763
+ pid=956763
+ '[' -n 956763 ']'
++ ts
++ date -u +%Y-%m-%dT%H:%M:%SZ
+ echo '[2026-06-07T17:16:57Z] deep_page_loop OK pid=956763'
[2026-06-07T17:16:57Z] deep_page_loop OK pid=956763
+ write_dead_count deep_page_loop 0
+ local label=deep_page_loop
+ local count=0
+ python3 -c '
import json, os
p='\''/paperclip/instances/default/projects/177bc805-e3c8-4336-84cb-8e1e482d5a17/18221361-973a-493e-9e19-4c43b7a1c6eb/_default/data/buy30854-keep-alive-state.json'\''
data = {}
if os.path.exists(p):
    try:
        data = json.load(open(p))
    except Exception:
        data = {}
data['\''deep_page_loop'\''] = 0
open(p, '\''w'\'').write(json.dumps(data, indent=2))
'
+ return 0
+ restart_if_dead sustained_loop buy30331-sustained-loop.mjs buy30331-sustained-loop.mjs 'node scripts/buy30331-sustained-loop.mjs' /paperclip/instances/default/projects/177bc805-e3c8-4336-84cb-8e1e482d5a17/18221361-973a-493e-9e19-4c43b7a1c6eb/_default/logs/buy30331_sustained_loop.log
+ local label=sustained_loop
+ local pattern=buy30331-sustained-loop.mjs
+ local script_name=buy30331-sustained-loop.mjs
+ local 'cmd=node scripts/buy30331-sustained-loop.mjs'
+ local logfile=/paperclip/instances/default/projects/177bc805-e3c8-4336-84cb-8e1e482d5a17/18221361-973a-493e-9e19-4c43b7a1c6eb/_default/logs/buy30331_sustained_loop.log
+ local pid dead_ticks lane_root
++ pgrep_pat buy30331-sustained-loop.mjs
++ local pattern=buy30331-sustained-loop.mjs
++ local matches filtered pid count keep p
+++ pgrep -af buy30331-sustained-loop.mjs
+++ grep -v buy30854-lane-keep-alive
+++ grep -v scripts/buy30854-lane-keep-alive.sh
+++ true
++ matches=
++ filtered=
++ '[' -z '' ']'
++ echo ''
++ return
+ pid=
+ '[' -n '' ']'
++ read_dead_count sustained_loop
++ local label=sustained_loop
++ python3 -c '
import json, os
p='\''/paperclip/instances/default/projects/177bc805-e3c8-4336-84cb-8e1e482d5a17/18221361-973a-493e-9e19-4c43b7a1c6eb/_default/data/buy30854-keep-alive-state.json'\''
if not os.path.exists(p):
    print(0)
    raise SystemExit
try:
    data = json.load(open(p))
except Exception:
    data = {}
print(int(data.get('\''sustained_loop'\'', 0)))
'
+ dead_ticks=0
+ dead_ticks=1
+ write_dead_count sustained_loop 1
+ local label=sustained_loop
+ local count=1
+ python3 -c '
import json, os
p='\''/paperclip/instances/default/projects/177bc805-e3c8-4336-84cb-8e1e482d5a17/18221361-973a-493e-9e19-4c43b7a1c6eb/_default/data/buy30854-keep-alive-state.json'\''
data = {}
if os.path.exists(p):
    try:
        data = json.load(open(p))
    except Exception:
        data = {}
data['\''sustained_loop'\''] = 1
open(p, '\''w'\'').write(json.dumps(data, indent=2))
'
++ ts
++ date -u +%Y-%m-%dT%H:%M:%SZ
+ echo '[2026-06-07T17:16:57Z] sustained_loop DEAD — restarting (consecutive_dead_ticks=1)'
[2026-06-07T17:16:57Z] sustained_loop DEAD — restarting (consecutive_dead_ticks=1)
++ discover_lane_root buy30331-sustained-loop.mjs buy30331-sustained-loop.mjs
++ local script_name=buy30331-sustained-loop.mjs
++ local pattern=buy30331-sustained-loop.mjs
++ local candidate root
++ '[' -f /paperclip/instances/default/projects/177bc805-e3c8-4336-84cb-8e1e482d5a17/18221361-973a-493e-9e19-4c43b7a1c6eb/_default/scripts/buy30331-sustained-loop.mjs ']'
+++ discover_lane_root_from_processes buy30331-sustained-loop.mjs
+++ local pattern=buy30331-sustained-loop.mjs
+++ local matches pid root
++++ pgrep -af buy30331-sustained-loop.mjs
++++ grep -v buy30854-lane-keep-alive
++++ grep -v scripts/buy30854-lane-keep-alive.sh
++++ true
+++ matches=
+++ '[' -n '' ']'
+++ return 0
++ root=
++ '[' -n '' ']'
++ for candidate in "${WORKSPACES_ROOT}"/*/scripts/"${script_name}"
++ '[' -e /paperclip/instances/default/workspaces/3ec8f6dd-1735-4479-9825-a2c42edac34c/scripts/buy30331-sustained-loop.mjs ']'
+++ dirname /paperclip/instances/default/workspaces/3ec8f6dd-1735-4479-9825-a2c42edac34c/scripts/buy30331-sustained-loop.mjs
++ dirname /paperclip/instances/default/workspaces/3ec8f6dd-1735-4479-9825-a2c42edac34c/scripts
++ return 0
+ lane_root=/paperclip/instances/default/workspaces/3ec8f6dd-1735-4479-9825-a2c42edac34c
+ '[' '!' -f /paperclip/instances/default/workspaces/3ec8f6dd-1735-4479-9825-a2c42edac34c/scripts/buy30331-sustained-loop.mjs ']'
+ disown
+ cd /paperclip/instances/default/workspaces/3ec8f6dd-1735-4479-9825-a2c42edac34c
+ nohup bash -lc 'node scripts/buy30331-sustained-loop.mjs'
+ sleep 2
++ pgrep_pat buy30331-sustained-loop.mjs
++ local pattern=buy30331-sustained-loop.mjs
++ local matches filtered pid count keep p
+++ pgrep -af buy30331-sustained-loop.mjs
+++ grep -v buy30854-lane-keep-alive
+++ grep -v scripts/buy30854-lane-keep-alive.sh
++ matches='967909 node scripts/buy30331-sustained-loop.mjs'
++ filtered=
++ '[' -z '967909 node scripts/buy30331-sustained-loop.mjs' ']'
++ IFS=
++ read -r line
++ '[' -z '967909 node scripts/buy30331-sustained-loop.mjs' ']'
+++ echo '967909 node scripts/buy30331-sustained-loop.mjs'
+++ awk '{print $1}'
++ pid=967909
++ '[' -z 967909 ']'
++ filtered+='967909
'
++ IFS=
++ read -r line
+++ echo '967909
'
+++ sed '/^$/d'
++ filtered=967909
++ '[' -z 967909 ']'
+++ echo 967909
+++ wc -l
+++ tr -d ' '
++ count=1
++ '[' 1 -gt 1 ']'
++ echo 967909
+ pid=967909
++ ts
++ date -u +%Y-%m-%dT%H:%M:%SZ
+ echo '[2026-06-07T17:16:59Z] sustained_loop restarted pid=967909 root=/paperclip/instances/default/workspaces/3ec8f6dd-1735-4479-9825-a2c42edac34c'
[2026-06-07T17:16:59Z] sustained_loop restarted pid=967909 root=/paperclip/instances/default/workspaces/3ec8f6dd-1735-4479-9825-a2c42edac34c
+ '[' 1 -ge 4 ']'
+ '[' '!' -f /paperclip/instances/default/projects/177bc805-e3c8-4336-84cb-8e1e482d5a17/18221361-973a-493e-9e19-4c43b7a1c6eb/_default/data/checkpoints/buy30590_woocommerce.completed ']'
+ '[' -f /paperclip/instances/default/projects/177bc805-e3c8-4336-84cb-8e1e482d5a17/18221361-973a-493e-9e19-4c43b7a1c6eb/_default/data/buy30727-supervisor.stopped ']'
++ ts
++ date -u +%Y-%m-%dT%H:%M:%SZ
+ echo '[2026-06-07T17:16:59Z] lane_supervisor SKIPPED (BUY-31452 stop marker present; see data/buy30727-supervisor.stopped)'
[2026-06-07T17:16:59Z] lane_supervisor SKIPPED (BUY-31452 stop marker present; see data/buy30727-supervisor.stopped)
++ ts
++ date -u +%Y-%m-%dT%H:%M:%SZ
+ echo '[2026-06-07T17:16:59Z] keep-alive tick complete'
[2026-06-07T17:16:59Z] keep-alive tick complete
===== keep-alive tick 2026-06-07T17:19:52Z =====
[2026-06-07T17:19:52Z] deep_page_loop OK pid=956763
[2026-06-07T17:19:52Z] sustained_loop OK pid=971272
[2026-06-07T17:19:52Z] lane_supervisor SKIPPED (BUY-31452 stop marker present; see data/buy30727-supervisor.stopped)
[2026-06-07T17:19:52Z] keep-alive tick complete
===== keep-alive tick 2026-06-07T17:24:31Z =====
[2026-06-07T17:24:31Z] deep_page_loop OK pid=956763
[2026-06-07T17:24:31Z] sustained_loop OK pid=988575
[2026-06-07T17:24:31Z] lane_supervisor SKIPPED (BUY-31452 stop marker present; see data/buy30727-supervisor.stopped)
[2026-06-07T17:24:31Z] keep-alive tick complete
===== keep-alive tick 2026-06-07T17:29:56Z =====
[2026-06-07T17:29:56Z] deep_page_loop OK pid=956763
[2026-06-07T17:29:56Z] sustained_loop OK pid=1010755
[2026-06-07T17:29:56Z] lane_supervisor SKIPPED (BUY-31452 stop marker present; see data/buy30727-supervisor.stopped)
[2026-06-07T17:29:56Z] keep-alive tick complete
===== keep-alive tick 2026-06-07T17:32:56Z =====
[2026-06-07T17:32:56Z] deep_page_loop OK pid=956763
[2026-06-07T17:32:56Z] sustained_loop DEAD — restarting (consecutive_dead_ticks=1)
[2026-06-07T17:32:58Z] sustained_loop restarted pid=1020151 root=/paperclip/instances/default/workspaces/3ec8f6dd-1735-4479-9825-a2c42edac34c
[2026-06-07T17:32:58Z] lane_supervisor SKIPPED (BUY-31452 stop marker present; see data/buy30727-supervisor.stopped)
[2026-06-07T17:32:58Z] keep-alive tick complete
===== keep-alive tick 2026-06-07T17:38:07Z =====
[2026-06-07T17:38:07Z] deep_page_loop OK pid=956763
[2026-06-07T17:38:08Z] sustained_loop DEAD — restarting (consecutive_dead_ticks=2)
[2026-06-07T17:38:10Z] sustained_loop restarted pid=1036986 root=/paperclip/instances/default/workspaces/3ec8f6dd-1735-4479-9825-a2c42edac34c
[2026-06-07T17:38:10Z] lane_supervisor SKIPPED (BUY-31452 stop marker present; see data/buy30727-supervisor.stopped)
[2026-06-07T17:38:10Z] keep-alive tick complete
===== keep-alive tick 2026-06-07T17:44:29Z =====
[2026-06-07T17:44:29Z] deep_page_loop OK pid=956763
[2026-06-07T17:44:29Z] sustained_loop DEAD — restarting (consecutive_dead_ticks=3)
[2026-06-07T17:44:31Z] sustained_loop restarted pid=1056443 root=/paperclip/instances/default/workspaces/3ec8f6dd-1735-4479-9825-a2c42edac34c
[2026-06-07T17:44:31Z] lane_supervisor SKIPPED (BUY-31452 stop marker present; see data/buy30727-supervisor.stopped)
[2026-06-07T17:44:31Z] keep-alive tick complete
===== keep-alive tick 2026-06-07T17:45:59Z =====
[2026-06-07T17:45:59Z] deep_page_loop OK pid=956763
[2026-06-07T17:45:59Z] sustained_loop OK pid=1056443
[2026-06-07T17:45:59Z] lane_supervisor SKIPPED (BUY-31452 stop marker present; see data/buy30727-supervisor.stopped)
[2026-06-07T17:45:59Z] keep-alive tick complete
===== keep-alive tick 2026-06-07T17:49:40Z =====
[2026-06-07T17:49:40Z] deep_page_loop OK pid=956763
[2026-06-07T17:49:40Z] sustained_loop DEAD — restarting (consecutive_dead_ticks=1)
[2026-06-07T17:49:43Z] sustained_loop restarted pid=1100393 root=/paperclip/instances/default/workspaces/3ec8f6dd-1735-4479-9825-a2c42edac34c
[2026-06-07T17:49:43Z] lane_supervisor SKIPPED (BUY-31452 stop marker present; see data/buy30727-supervisor.stopped)
[2026-06-07T17:49:43Z] keep-alive tick complete
===== keep-alive tick 2026-06-07T17:50:36Z =====
[2026-06-07T17:50:36Z] deep_page_loop OK pid=956763
[2026-06-07T17:50:36Z] sustained_loop OK pid=1100393
[2026-06-07T17:50:36Z] lane_supervisor SKIPPED (BUY-31452 stop marker present; see data/buy30727-supervisor.stopped)
[2026-06-07T17:50:36Z] keep-alive tick complete
===== keep-alive tick 2026-06-07T17:54:49Z =====
[2026-06-07T17:54:49Z] deep_page_loop OK pid=956763
[2026-06-07T17:54:49Z] sustained_loop OK pid=1100393
[2026-06-07T17:54:49Z] lane_supervisor SKIPPED (BUY-31452 stop marker present; see data/buy30727-supervisor.stopped)
[2026-06-07T17:54:49Z] keep-alive tick complete
===== keep-alive tick 2026-06-07T17:59:07Z =====
[2026-06-07T17:59:07Z] deep_page_loop OK pid=956763
[2026-06-07T17:59:07Z] sustained_loop OK pid=1100393
[2026-06-07T17:59:07Z] lane_supervisor SKIPPED (BUY-31452 stop marker present; see data/buy30727-supervisor.stopped)
[2026-06-07T17:59:07Z] keep-alive tick complete
===== keep-alive tick 2026-06-07T18:05:49Z =====
[2026-06-07T18:05:49Z] deep_page_loop OK pid=956763
[2026-06-07T18:05:49Z] sustained_loop OK pid=1100393
[2026-06-07T18:05:49Z] lane_supervisor SKIPPED (BUY-31452 stop marker present; see data/buy30727-supervisor.stopped)
[2026-06-07T18:05:49Z] keep-alive tick complete
===== keep-alive tick 2026-06-07T18:11:45Z =====
[2026-06-07T18:11:45Z] deep_page_loop OK pid=956763
[2026-06-07T18:11:45Z] sustained_loop OK pid=1100393
[2026-06-07T18:11:45Z] lane_supervisor SKIPPED (BUY-31452 stop marker present; see data/buy30727-supervisor.stopped)
[2026-06-07T18:11:45Z] keep-alive tick complete
===== keep-alive tick 2026-06-07T18:12:14Z =====
[2026-06-07T18:12:14Z] deep_page_loop OK pid=956763
[2026-06-07T18:12:14Z] sustained_loop OK pid=1100393
[2026-06-07T18:12:14Z] lane_supervisor SKIPPED (BUY-31452 stop marker present; see data/buy30727-supervisor.stopped)
[2026-06-07T18:12:14Z] keep-alive tick complete
===== keep-alive tick 2026-06-07T18:12:22Z =====
[2026-06-07T18:12:22Z] deep_page_loop OK pid=956763
[2026-06-07T18:12:22Z] sustained_loop OK pid=1100393
[2026-06-07T18:12:22Z] lane_supervisor SKIPPED (BUY-31452 stop marker present; see data/buy30727-supervisor.stopped)
[2026-06-07T18:12:22Z] keep-alive tick complete
===== keep-alive tick 2026-06-07T18:14:20Z =====
[2026-06-07T18:14:20Z] deep_page_loop OK pid=956763
[2026-06-07T18:14:20Z] sustained_loop OK pid=1100393
[2026-06-07T18:14:20Z] lane_supervisor SKIPPED (BUY-31452 stop marker present; see data/buy30727-supervisor.stopped)
[2026-06-07T18:14:20Z] keep-alive tick complete
===== keep-alive tick 2026-06-07T18:14:25Z =====
[2026-06-07T18:14:25Z] deep_page_loop OK pid=956763
[2026-06-07T18:14:25Z] sustained_loop OK pid=1100393
[2026-06-07T18:14:25Z] lane_supervisor SKIPPED (BUY-31452 stop marker present; see data/buy30727-supervisor.stopped)
[2026-06-07T18:14:25Z] keep-alive tick complete
===== keep-alive tick 2026-06-07T18:19:07Z =====
[2026-06-07T18:19:07Z] deep_page_loop OK pid=956763
[2026-06-07T18:19:07Z] sustained_loop OK pid=1100393
[2026-06-07T18:19:07Z] lane_supervisor SKIPPED (BUY-31452 stop marker present; see data/buy30727-supervisor.stopped)
[2026-06-07T18:19:07Z] keep-alive tick complete
===== keep-alive tick 2026-06-07T18:24:08Z =====
[2026-06-07T18:24:08Z] deep_page_loop OK pid=956763
[2026-06-07T18:24:08Z] sustained_loop OK pid=1100393
[2026-06-07T18:24:08Z] lane_supervisor SKIPPED (BUY-31452 stop marker present; see data/buy30727-supervisor.stopped)
[2026-06-07T18:24:08Z] keep-alive tick complete
===== keep-alive tick 2026-06-07T18:29:30Z =====
[2026-06-07T18:29:30Z] deep_page_loop OK pid=956763
[2026-06-07T18:29:31Z] sustained_loop OK pid=1100393
[2026-06-07T18:29:31Z] lane_supervisor SKIPPED (BUY-31452 stop marker present; see data/buy30727-supervisor.stopped)
[2026-06-07T18:29:31Z] keep-alive tick complete
===== keep-alive tick 2026-06-07T18:34:39Z =====
[2026-06-07T18:34:39Z] deep_page_loop OK pid=956763
[2026-06-07T18:34:39Z] sustained_loop OK pid=1100393
[2026-06-07T18:34:39Z] lane_supervisor SKIPPED (BUY-31452 stop marker present; see data/buy30727-supervisor.stopped)
[2026-06-07T18:34:39Z] keep-alive tick complete
===== keep-alive tick 2026-06-07T18:34:45Z =====
[2026-06-07T18:34:45Z] deep_page_loop OK pid=956763
[2026-06-07T18:34:45Z] sustained_loop OK pid=1100393
[2026-06-07T18:34:45Z] lane_supervisor SKIPPED (BUY-31452 stop marker present; see data/buy30727-supervisor.stopped)
[2026-06-07T18:34:45Z] keep-alive tick complete
===== keep-alive tick 2026-06-07T18:40:23Z =====
[2026-06-07T18:40:23Z] deep_page_loop OK pid=956763
[2026-06-07T18:40:23Z] sustained_loop OK pid=1100393
[2026-06-07T18:40:24Z] lane_supervisor SKIPPED (BUY-31452 stop marker present; see data/buy30727-supervisor.stopped)
[2026-06-07T18:40:24Z] keep-alive tick complete
===== keep-alive tick 2026-06-07T18:44:48Z =====
[2026-06-07T18:44:48Z] deep_page_loop OK pid=956763
[2026-06-07T18:44:48Z] sustained_loop OK pid=1100393
[2026-06-07T18:44:48Z] lane_supervisor SKIPPED (BUY-31452 stop marker present; see data/buy30727-supervisor.stopped)
[2026-06-07T18:44:48Z] keep-alive tick complete
===== keep-alive tick 2026-06-07T18:50:04Z =====
[2026-06-07T18:50:04Z] deep_page_loop OK pid=956763
[2026-06-07T18:50:04Z] sustained_loop OK pid=1100393
[2026-06-07T18:50:04Z] lane_supervisor SKIPPED (BUY-31452 stop marker present; see data/buy30727-supervisor.stopped)
[2026-06-07T18:50:04Z] keep-alive tick complete
===== keep-alive tick 2026-06-07T18:51:56Z =====
[2026-06-07T18:51:56Z] deep_page_loop OK pid=956763
[2026-06-07T18:51:56Z] sustained_loop OK pid=1100393
[2026-06-07T18:51:56Z] lane_supervisor SKIPPED (BUY-31452 stop marker present; see data/buy30727-supervisor.stopped)
[2026-06-07T18:51:56Z] keep-alive tick complete
===== keep-alive tick 2026-06-07T18:54:52Z =====
[2026-06-07T18:54:52Z] deep_page_loop OK pid=956763
[2026-06-07T18:54:52Z] sustained_loop OK pid=1100393
[2026-06-07T18:54:52Z] lane_supervisor SKIPPED (BUY-31452 stop marker present; see data/buy30727-supervisor.stopped)
[2026-06-07T18:54:52Z] keep-alive tick complete
===== keep-alive tick 2026-06-07T18:59:08Z =====
[2026-06-07T18:59:08Z] deep_page_loop OK pid=956763
[2026-06-07T18:59:08Z] sustained_loop OK pid=1100393
[2026-06-07T18:59:09Z] lane_supervisor SKIPPED (BUY-31452 stop marker present; see data/buy30727-supervisor.stopped)
[2026-06-07T18:59:09Z] keep-alive tick complete
===== keep-alive tick 2026-06-07T19:02:22Z =====
[2026-06-07T19:02:22Z] deep_page_loop OK pid=956763
[2026-06-07T19:02:22Z] sustained_loop DEAD — restarting (consecutive_dead_ticks=1)
[2026-06-07T19:02:24Z] sustained_loop restarted pid=1434877 root=/paperclip/instances/default/workspaces/3ec8f6dd-1735-4479-9825-a2c42edac34c
[2026-06-07T19:02:24Z] lane_supervisor SKIPPED (BUY-31452 stop marker present; see data/buy30727-supervisor.stopped)
[2026-06-07T19:02:24Z] keep-alive tick complete
===== keep-alive tick 2026-06-07T19:06:55Z =====
[2026-06-07T19:06:55Z] deep_page_loop OK pid=956763
[2026-06-07T19:06:55Z] sustained_loop OK pid=1434877
[2026-06-07T19:06:58Z] lane_supervisor SKIPPED (BUY-31452 stop marker present; see data/buy30727-supervisor.stopped)
[2026-06-07T19:06:58Z] keep-alive tick complete
===== keep-alive tick 2026-06-07T19:10:45Z =====
[2026-06-07T19:10:45Z] deep_page_loop OK pid=956763
[2026-06-07T19:10:45Z] sustained_loop OK pid=1434877
[2026-06-07T19:10:45Z] lane_supervisor SKIPPED (BUY-31452 stop marker present; see data/buy30727-supervisor.stopped)
[2026-06-07T19:10:45Z] keep-alive tick complete
===== keep-alive tick 2026-06-07T19:11:07Z =====
[2026-06-07T19:11:07Z] deep_page_loop OK pid=956763
[2026-06-07T19:11:07Z] sustained_loop OK pid=1434877
[2026-06-07T19:11:07Z] lane_supervisor SKIPPED (BUY-31452 stop marker present; see data/buy30727-supervisor.stopped)
[2026-06-07T19:11:07Z] keep-alive tick complete
===== keep-alive tick 2026-06-07T19:12:54Z =====
[2026-06-07T19:12:54Z] deep_page_loop OK pid=956763
[2026-06-07T19:12:54Z] sustained_loop OK pid=1434877
[2026-06-07T19:12:54Z] lane_supervisor SKIPPED (BUY-31452 stop marker present; see data/buy30727-supervisor.stopped)
[2026-06-07T19:12:54Z] keep-alive tick complete
===== keep-alive tick 2026-06-07T19:14:17Z =====
[2026-06-07T19:14:17Z] deep_page_loop OK pid=956763
[2026-06-07T19:14:17Z] sustained_loop OK pid=1434877
[2026-06-07T19:14:17Z] lane_supervisor SKIPPED (BUY-31452 stop marker present; see data/buy30727-supervisor.stopped)
[2026-06-07T19:14:17Z] keep-alive tick complete
===== keep-alive tick 2026-06-07T19:15:57Z =====
[2026-06-07T19:15:57Z] deep_page_loop OK pid=956763
[2026-06-07T19:15:57Z] sustained_loop OK pid=1434877
[2026-06-07T19:15:57Z] lane_supervisor SKIPPED (BUY-31452 stop marker present; see data/buy30727-supervisor.stopped)
[2026-06-07T19:15:57Z] keep-alive tick complete
===== keep-alive tick 2026-06-07T19:21:25Z =====
[2026-06-07T19:21:25Z] deep_page_loop OK pid=956763
[2026-06-07T19:21:25Z] sustained_loop OK pid=1434877
[2026-06-07T19:21:25Z] lane_supervisor SKIPPED (BUY-31452 stop marker present; see data/buy30727-supervisor.stopped)
[2026-06-07T19:21:25Z] keep-alive tick complete
===== keep-alive tick 2026-06-07T19:23:12Z =====
[2026-06-07T19:23:12Z] deep_page_loop OK pid=956763
[2026-06-07T19:23:12Z] sustained_loop OK pid=1434877
[2026-06-07T19:23:12Z] lane_supervisor SKIPPED (BUY-31452 stop marker present; see data/buy30727-supervisor.stopped)
[2026-06-07T19:23:12Z] keep-alive tick complete
===== keep-alive tick 2026-06-07T19:24:31Z =====
[2026-06-07T19:24:31Z] deep_page_loop OK pid=956763
[2026-06-07T19:24:31Z] sustained_loop OK pid=1434877
[2026-06-07T19:24:31Z] lane_supervisor SKIPPED (BUY-31452 stop marker present; see data/buy30727-supervisor.stopped)
[2026-06-07T19:24:31Z] keep-alive tick complete
===== keep-alive tick 2026-06-07T19:26:55Z =====
[2026-06-07T19:26:55Z] deep_page_loop OK pid=956763
[2026-06-07T19:26:55Z] sustained_loop OK pid=1434877
[2026-06-07T19:26:55Z] lane_supervisor SKIPPED (BUY-31452 stop marker present; see data/buy30727-supervisor.stopped)
[2026-06-07T19:26:55Z] keep-alive tick complete
===== keep-alive tick 2026-06-07T19:30:09Z =====
[2026-06-07T19:30:09Z] deep_page_loop OK pid=956763
[2026-06-07T19:30:09Z] sustained_loop OK pid=1434877
[2026-06-07T19:30:09Z] lane_supervisor SKIPPED (BUY-31452 stop marker present; see data/buy30727-supervisor.stopped)
[2026-06-07T19:30:09Z] keep-alive tick complete
===== keep-alive tick 2026-06-07T19:32:40Z =====
[2026-06-07T19:32:40Z] deep_page_loop OK pid=956763
[2026-06-07T19:32:40Z] sustained_loop OK pid=1434877
[2026-06-07T19:32:40Z] lane_supervisor SKIPPED (BUY-31452 stop marker present; see data/buy30727-supervisor.stopped)
[2026-06-07T19:32:40Z] keep-alive tick complete
===== keep-alive tick 2026-06-07T19:37:02Z =====
[2026-06-07T19:37:02Z] deep_page_loop OK pid=956763
[2026-06-07T19:37:02Z] sustained_loop OK pid=1434877
[2026-06-07T19:37:02Z] lane_supervisor SKIPPED (BUY-31452 stop marker present; see data/buy30727-supervisor.stopped)
[2026-06-07T19:37:02Z] keep-alive tick complete
===== keep-alive tick 2026-06-07T19:37:31Z =====
[2026-06-07T19:37:31Z] deep_page_loop OK pid=956763
[2026-06-07T19:37:31Z] sustained_loop OK pid=1434877
[2026-06-07T19:37:31Z] lane_supervisor SKIPPED (BUY-31452 stop marker present; see data/buy30727-supervisor.stopped)
[2026-06-07T19:37:31Z] keep-alive tick complete
===== keep-alive tick 2026-06-07T19:40:09Z =====
[2026-06-07T19:40:09Z] deep_page_loop OK pid=956763
[2026-06-07T19:40:09Z] sustained_loop OK pid=1434877
[2026-06-07T19:40:09Z] lane_supervisor SKIPPED (BUY-31452 stop marker present; see data/buy30727-supervisor.stopped)
[2026-06-07T19:40:09Z] keep-alive tick complete
===== keep-alive tick 2026-06-07T19:44:59Z =====
[2026-06-07T19:44:59Z] deep_page_loop OK pid=956763
[2026-06-07T19:44:59Z] sustained_loop OK pid=1434877
[2026-06-07T19:44:59Z] lane_supervisor SKIPPED (BUY-31452 stop marker present; see data/buy30727-supervisor.stopped)
[2026-06-07T19:44:59Z] keep-alive tick complete
===== keep-alive tick 2026-06-07T19:45:52Z =====
[2026-06-07T19:45:52Z] deep_page_loop OK pid=956763
[2026-06-07T19:45:52Z] sustained_loop OK pid=1434877
[2026-06-07T19:45:52Z] lane_supervisor SKIPPED (BUY-31452 stop marker present; see data/buy30727-supervisor.stopped)
[2026-06-07T19:45:52Z] keep-alive tick complete
===== keep-alive tick 2026-06-07T19:48:54Z =====
[2026-06-07T19:48:54Z] deep_page_loop OK pid=956763
[2026-06-07T19:48:55Z] sustained_loop OK pid=1434877
[2026-06-07T19:48:55Z] lane_supervisor SKIPPED (BUY-31452 stop marker present; see data/buy30727-supervisor.stopped)
[2026-06-07T19:48:55Z] keep-alive tick complete
===== keep-alive tick 2026-06-07T19:54:58Z =====
[2026-06-07T19:54:58Z] deep_page_loop OK pid=956763
[2026-06-07T19:54:58Z] sustained_loop OK pid=1434877
[2026-06-07T19:54:58Z] lane_supervisor SKIPPED (BUY-31452 stop marker present; see data/buy30727-supervisor.stopped)
[2026-06-07T19:54:58Z] keep-alive tick complete
===== keep-alive tick 2026-06-07T19:55:12Z =====
[2026-06-07T19:55:12Z] deep_page_loop OK pid=956763
[2026-06-07T19:55:12Z] sustained_loop OK pid=1434877
[2026-06-07T19:55:12Z] lane_supervisor SKIPPED (BUY-31452 stop marker present; see data/buy30727-supervisor.stopped)
[2026-06-07T19:55:12Z] keep-alive tick complete
===== keep-alive tick 2026-06-07T19:59:47Z =====
[2026-06-07T19:59:47Z] deep_page_loop OK pid=956763
[2026-06-07T19:59:47Z] sustained_loop OK pid=1434877
[2026-06-07T19:59:47Z] lane_supervisor SKIPPED (BUY-31452 stop marker present; see data/buy30727-supervisor.stopped)
[2026-06-07T19:59:47Z] keep-alive tick complete
===== keep-alive tick 2026-06-07T20:02:43Z =====
[2026-06-07T20:02:43Z] deep_page_loop OK pid=956763
[2026-06-07T20:02:43Z] sustained_loop OK pid=1434877
[2026-06-07T20:02:43Z] lane_supervisor SKIPPED (BUY-31452 stop marker present; see data/buy30727-supervisor.stopped)
[2026-06-07T20:02:43Z] keep-alive tick complete
===== keep-alive tick 2026-06-07T20:08:08Z =====
[2026-06-07T20:08:08Z] deep_page_loop OK pid=956763
[2026-06-07T20:08:08Z] sustained_loop OK pid=1618077
[2026-06-07T20:08:08Z] lane_supervisor SKIPPED (BUY-31452 stop marker present; see data/buy30727-supervisor.stopped)
[2026-06-07T20:08:08Z] keep-alive tick complete
===== keep-alive tick 2026-06-07T20:08:33Z =====
[2026-06-07T20:08:33Z] deep_page_loop OK pid=956763
[2026-06-07T20:08:33Z] sustained_loop OK pid=1618077
[2026-06-07T20:08:33Z] lane_supervisor SKIPPED (BUY-31452 stop marker present; see data/buy30727-supervisor.stopped)
[2026-06-07T20:08:33Z] keep-alive tick complete
===== keep-alive tick 2026-06-07T20:18:29Z =====
[2026-06-07T20:18:29Z] deep_page_loop OK pid=956763
[2026-06-07T20:18:29Z] sustained_loop OK pid=1618077
[2026-06-07T20:18:29Z] lane_supervisor SKIPPED (BUY-31452 stop marker present; see data/buy30727-supervisor.stopped)
[2026-06-07T20:18:29Z] keep-alive tick complete
===== keep-alive tick 2026-06-07T20:29:09Z =====
[2026-06-07T20:29:09Z] deep_page_loop OK pid=956763
[2026-06-07T20:29:10Z] sustained_loop OK pid=1618077
[2026-06-07T20:29:10Z] lane_supervisor SKIPPED (BUY-31452 stop marker present; see data/buy30727-supervisor.stopped)
[2026-06-07T20:29:10Z] keep-alive tick complete
===== keep-alive tick 2026-06-07T20:39:55Z =====
[2026-06-07T20:39:55Z] deep_page_loop OK pid=956763
[2026-06-07T20:39:55Z] sustained_loop OK pid=1618077
[2026-06-07T20:39:55Z] lane_supervisor SKIPPED (BUY-31452 stop marker present; see data/buy30727-supervisor.stopped)
[2026-06-07T20:39:55Z] keep-alive tick complete
===== keep-alive tick 2026-06-07T20:44:01Z =====
[2026-06-07T20:44:01Z] deep_page_loop OK pid=956763
[2026-06-07T20:44:01Z] sustained_loop OK pid=1618077
[2026-06-07T20:44:01Z] lane_supervisor SKIPPED (BUY-31452 stop marker present; see data/buy30727-supervisor.stopped)
[2026-06-07T20:44:01Z] keep-alive tick complete
===== keep-alive tick 2026-06-07T20:46:04Z =====
[2026-06-07T20:46:04Z] deep_page_loop OK pid=956763
[2026-06-07T20:46:05Z] sustained_loop OK pid=1618077
[2026-06-07T20:46:05Z] lane_supervisor SKIPPED (BUY-31452 stop marker present; see data/buy30727-supervisor.stopped)
[2026-06-07T20:46:05Z] keep-alive tick complete
===== keep-alive tick 2026-06-07T20:49:38Z =====
[2026-06-07T20:49:38Z] deep_page_loop OK pid=956763
[2026-06-07T20:49:38Z] sustained_loop OK pid=1618077
[2026-06-07T20:49:38Z] lane_supervisor SKIPPED (BUY-31452 stop marker present; see data/buy30727-supervisor.stopped)
[2026-06-07T20:49:38Z] keep-alive tick complete
===== keep-alive tick 2026-06-07T20:50:13Z =====
[2026-06-07T20:50:13Z] deep_page_loop OK pid=956763
[2026-06-07T20:50:13Z] sustained_loop OK pid=1618077
[2026-06-07T20:50:13Z] lane_supervisor SKIPPED (BUY-31452 stop marker present; see data/buy30727-supervisor.stopped)
[2026-06-07T20:50:13Z] keep-alive tick complete
===== keep-alive tick 2026-06-07T20:51:30Z =====
[2026-06-07T20:51:30Z] deep_page_loop OK pid=956763
[2026-06-07T20:51:30Z] sustained_loop OK pid=1618077
[2026-06-07T20:51:30Z] lane_supervisor SKIPPED (BUY-31452 stop marker present; see data/buy30727-supervisor.stopped)
[2026-06-07T20:51:30Z] keep-alive tick complete
===== keep-alive tick 2026-06-07T20:54:50Z =====
[2026-06-07T20:54:50Z] deep_page_loop OK pid=956763
[2026-06-07T20:54:51Z] sustained_loop OK pid=1618077
[2026-06-07T20:54:51Z] lane_supervisor SKIPPED (BUY-31452 stop marker present; see data/buy30727-supervisor.stopped)
[2026-06-07T20:54:51Z] keep-alive tick complete
===== keep-alive tick 2026-06-07T20:56:17Z =====
[2026-06-07T20:56:18Z] deep_page_loop OK pid=956763
[2026-06-07T20:56:18Z] sustained_loop OK pid=1618077
[2026-06-07T20:56:18Z] lane_supervisor SKIPPED (BUY-31452 stop marker present; see data/buy30727-supervisor.stopped)
[2026-06-07T20:56:18Z] keep-alive tick complete
===== keep-alive tick 2026-06-07T20:59:07Z =====
[2026-06-07T20:59:07Z] deep_page_loop OK pid=956763
[2026-06-07T20:59:07Z] sustained_loop OK pid=1618077
[2026-06-07T20:59:07Z] lane_supervisor SKIPPED (BUY-31452 stop marker present; see data/buy30727-supervisor.stopped)
[2026-06-07T20:59:07Z] keep-alive tick complete
===== keep-alive tick 2026-06-07T20:59:48Z =====
[2026-06-07T20:59:48Z] deep_page_loop OK pid=956763
[2026-06-07T20:59:48Z] sustained_loop OK pid=1618077
[2026-06-07T20:59:48Z] lane_supervisor SKIPPED (BUY-31452 stop marker present; see data/buy30727-supervisor.stopped)
[2026-06-07T20:59:48Z] keep-alive tick complete
===== keep-alive tick 2026-06-07T21:04:11Z =====
[2026-06-07T21:04:11Z] deep_page_loop OK pid=956763
[2026-06-07T21:04:11Z] sustained_loop OK pid=1618077
[2026-06-07T21:04:11Z] lane_supervisor SKIPPED (BUY-31452 stop marker present; see data/buy30727-supervisor.stopped)
[2026-06-07T21:04:11Z] keep-alive tick complete
===== keep-alive tick 2026-06-07T21:04:41Z =====
[2026-06-07T21:04:41Z] deep_page_loop OK pid=956763
[2026-06-07T21:04:41Z] sustained_loop OK pid=1618077
[2026-06-07T21:04:41Z] lane_supervisor SKIPPED (BUY-31452 stop marker present; see data/buy30727-supervisor.stopped)
[2026-06-07T21:04:41Z] keep-alive tick complete
===== keep-alive tick 2026-06-07T21:04:49Z =====
[2026-06-07T21:04:49Z] deep_page_loop OK pid=956763
[2026-06-07T21:04:49Z] sustained_loop OK pid=1618077
[2026-06-07T21:04:49Z] lane_supervisor SKIPPED (BUY-31452 stop marker present; see data/buy30727-supervisor.stopped)
[2026-06-07T21:04:49Z] keep-alive tick complete
===== keep-alive tick 2026-06-07T21:09:27Z =====
[2026-06-07T21:09:27Z] deep_page_loop OK pid=956763
[2026-06-07T21:09:27Z] sustained_loop OK pid=1618077
[2026-06-07T21:09:27Z] lane_supervisor SKIPPED (BUY-31452 stop marker present; see data/buy30727-supervisor.stopped)
[2026-06-07T21:09:27Z] keep-alive tick complete
===== keep-alive tick 2026-06-07T21:15:20Z =====
[2026-06-07T21:15:20Z] deep_page_loop OK pid=956763
[2026-06-07T21:15:20Z] sustained_loop OK pid=1618077
[2026-06-07T21:15:20Z] lane_supervisor SKIPPED (BUY-31452 stop marker present; see data/buy30727-supervisor.stopped)
[2026-06-07T21:15:20Z] keep-alive tick complete
===== keep-alive tick 2026-06-07T21:16:10Z =====
[2026-06-07T21:16:10Z] deep_page_loop OK pid=956763
[2026-06-07T21:16:10Z] sustained_loop OK pid=1618077
[2026-06-07T21:16:10Z] lane_supervisor SKIPPED (BUY-31452 stop marker present; see data/buy30727-supervisor.stopped)
[2026-06-07T21:16:10Z] keep-alive tick complete
===== keep-alive tick 2026-06-07T21:20:00Z =====
[2026-06-07T21:20:00Z] deep_page_loop OK pid=956763
[2026-06-07T21:20:00Z] sustained_loop OK pid=1618077
[2026-06-07T21:20:00Z] lane_supervisor SKIPPED (BUY-31452 stop marker present; see data/buy30727-supervisor.stopped)
[2026-06-07T21:20:00Z] keep-alive tick complete
===== keep-alive tick 2026-06-07T21:20:32Z =====
[2026-06-07T21:20:32Z] deep_page_loop OK pid=956763
[2026-06-07T21:20:32Z] sustained_loop OK pid=1618077
[2026-06-07T21:20:32Z] lane_supervisor SKIPPED (BUY-31452 stop marker present; see data/buy30727-supervisor.stopped)
[2026-06-07T21:20:32Z] keep-alive tick complete
===== keep-alive tick 2026-06-07T21:24:20Z =====
[2026-06-07T21:24:20Z] deep_page_loop OK pid=956763
[2026-06-07T21:24:20Z] sustained_loop OK pid=1618077
[2026-06-07T21:24:20Z] lane_supervisor SKIPPED (BUY-31452 stop marker present; see data/buy30727-supervisor.stopped)
[2026-06-07T21:24:20Z] keep-alive tick complete
===== keep-alive tick 2026-06-07T21:25:38Z =====
[2026-06-07T21:25:38Z] deep_page_loop OK pid=956763
[2026-06-07T21:25:38Z] sustained_loop OK pid=1618077
[2026-06-07T21:25:38Z] lane_supervisor SKIPPED (BUY-31452 stop marker present; see data/buy30727-supervisor.stopped)
[2026-06-07T21:25:38Z] keep-alive tick complete
===== keep-alive tick 2026-06-07T21:30:31Z =====
[2026-06-07T21:30:31Z] deep_page_loop OK pid=956763
[2026-06-07T21:30:31Z] sustained_loop OK pid=1618077
[2026-06-07T21:30:31Z] lane_supervisor SKIPPED (BUY-31452 stop marker present; see data/buy30727-supervisor.stopped)
[2026-06-07T21:30:31Z] keep-alive tick complete
===== keep-alive tick 2026-06-07T21:34:38Z =====
[2026-06-07T21:34:38Z] deep_page_loop OK pid=956763
[2026-06-07T21:34:38Z] sustained_loop OK pid=1618077
[2026-06-07T21:34:38Z] lane_supervisor SKIPPED (BUY-31452 stop marker present; see data/buy30727-supervisor.stopped)
[2026-06-07T21:34:38Z] keep-alive tick complete
===== keep-alive tick 2026-06-07T21:37:11Z =====
[2026-06-07T21:37:11Z] deep_page_loop OK pid=956763
[2026-06-07T21:37:11Z] sustained_loop OK pid=1618077
[2026-06-07T21:37:11Z] lane_supervisor SKIPPED (BUY-31452 stop marker present; see data/buy30727-supervisor.stopped)
[2026-06-07T21:37:11Z] keep-alive tick complete
===== keep-alive tick 2026-06-07T21:40:26Z =====
[2026-06-07T21:40:26Z] deep_page_loop OK pid=956763
[2026-06-07T21:40:26Z] sustained_loop OK pid=1618077
[2026-06-07T21:40:26Z] lane_supervisor SKIPPED (BUY-31452 stop marker present; see data/buy30727-supervisor.stopped)
[2026-06-07T21:40:26Z] keep-alive tick complete
===== keep-alive tick 2026-06-07T21:42:00Z =====
[2026-06-07T21:42:00Z] deep_page_loop OK pid=956763
[2026-06-07T21:42:00Z] sustained_loop OK pid=1618077
[2026-06-07T21:42:01Z] lane_supervisor SKIPPED (BUY-31452 stop marker present; see data/buy30727-supervisor.stopped)
[2026-06-07T21:42:01Z] keep-alive tick complete
===== keep-alive tick 2026-06-07T21:44:17Z =====
[2026-06-07T21:44:17Z] deep_page_loop OK pid=956763
[2026-06-07T21:44:17Z] sustained_loop OK pid=1618077
[2026-06-07T21:44:17Z] lane_supervisor SKIPPED (BUY-31452 stop marker present; see data/buy30727-supervisor.stopped)
[2026-06-07T21:44:17Z] keep-alive tick complete
===== keep-alive tick 2026-06-07T21:46:36Z =====
[2026-06-07T21:46:36Z] deep_page_loop OK pid=956763
[2026-06-07T21:46:36Z] sustained_loop OK pid=1618077
[2026-06-07T21:46:36Z] lane_supervisor SKIPPED (BUY-31452 stop marker present; see data/buy30727-supervisor.stopped)
[2026-06-07T21:46:36Z] keep-alive tick complete
===== keep-alive tick 2026-06-07T21:50:18Z =====
[2026-06-07T21:50:18Z] deep_page_loop OK pid=956763
[2026-06-07T21:50:18Z] sustained_loop OK pid=1618077
[2026-06-07T21:50:18Z] lane_supervisor SKIPPED (BUY-31452 stop marker present; see data/buy30727-supervisor.stopped)
[2026-06-07T21:50:18Z] keep-alive tick complete
===== keep-alive tick 2026-06-07T21:50:25Z =====
[2026-06-07T21:50:25Z] deep_page_loop OK pid=956763
[2026-06-07T21:50:25Z] sustained_loop OK pid=1618077
[2026-06-07T21:50:25Z] lane_supervisor SKIPPED (BUY-31452 stop marker present; see data/buy30727-supervisor.stopped)
[2026-06-07T21:50:25Z] keep-alive tick complete
===== keep-alive tick 2026-06-07T21:54:22Z =====
[2026-06-07T21:54:22Z] deep_page_loop OK pid=956763
[2026-06-07T21:54:23Z] sustained_loop OK pid=1618077
[2026-06-07T21:54:23Z] lane_supervisor SKIPPED (BUY-31452 stop marker present; see data/buy30727-supervisor.stopped)
[2026-06-07T21:54:23Z] keep-alive tick complete
===== keep-alive tick 2026-06-07T21:55:32Z =====
[2026-06-07T21:55:32Z] deep_page_loop OK pid=956763
[2026-06-07T21:55:32Z] sustained_loop OK pid=1618077
[2026-06-07T21:55:32Z] lane_supervisor SKIPPED (BUY-31452 stop marker present; see data/buy30727-supervisor.stopped)
[2026-06-07T21:55:32Z] keep-alive tick complete
===== keep-alive tick 2026-06-07T21:55:37Z =====
[2026-06-07T21:55:37Z] deep_page_loop OK pid=956763
[2026-06-07T21:55:37Z] sustained_loop OK pid=1618077
[2026-06-07T21:55:37Z] lane_supervisor SKIPPED (BUY-31452 stop marker present; see data/buy30727-supervisor.stopped)
[2026-06-07T21:55:37Z] keep-alive tick complete
===== keep-alive tick 2026-06-07T21:59:33Z =====
[2026-06-07T21:59:33Z] deep_page_loop OK pid=956763
[2026-06-07T21:59:33Z] sustained_loop OK pid=1618077
[2026-06-07T21:59:33Z] lane_supervisor SKIPPED (BUY-31452 stop marker present; see data/buy30727-supervisor.stopped)
[2026-06-07T21:59:33Z] keep-alive tick complete
===== keep-alive tick 2026-06-07T21:59:35Z =====
[2026-06-07T21:59:35Z] deep_page_loop OK pid=956763
[2026-06-07T21:59:35Z] sustained_loop OK pid=1618077
[2026-06-07T21:59:35Z] lane_supervisor SKIPPED (BUY-31452 stop marker present; see data/buy30727-supervisor.stopped)
[2026-06-07T21:59:35Z] keep-alive tick complete
===== keep-alive tick 2026-06-07T22:04:18Z =====
[2026-06-07T22:04:18Z] deep_page_loop OK pid=956763
[2026-06-07T22:04:19Z] sustained_loop OK pid=1618077
[2026-06-07T22:04:19Z] lane_supervisor SKIPPED (BUY-31452 stop marker present; see data/buy30727-supervisor.stopped)
[2026-06-07T22:04:19Z] keep-alive tick complete
===== keep-alive tick 2026-06-07T22:10:06Z =====
[2026-06-07T22:10:06Z] deep_page_loop OK pid=956763
[2026-06-07T22:10:06Z] sustained_loop OK pid=1618077
[2026-06-07T22:10:06Z] lane_supervisor SKIPPED (BUY-31452 stop marker present; see data/buy30727-supervisor.stopped)
[2026-06-07T22:10:06Z] keep-alive tick complete
===== keep-alive tick 2026-06-07T22:13:28Z =====
[2026-06-07T22:13:28Z] deep_page_loop OK pid=956763
[2026-06-07T22:13:28Z] sustained_loop OK pid=1618077
[2026-06-07T22:13:28Z] lane_supervisor SKIPPED (BUY-31452 stop marker present; see data/buy30727-supervisor.stopped)
[2026-06-07T22:13:28Z] keep-alive tick complete
===== keep-alive tick 2026-06-07T22:14:12Z =====
[2026-06-07T22:14:12Z] deep_page_loop OK pid=956763
[2026-06-07T22:14:12Z] sustained_loop OK pid=1618077
[2026-06-07T22:14:12Z] lane_supervisor SKIPPED (BUY-31452 stop marker present; see data/buy30727-supervisor.stopped)
[2026-06-07T22:14:12Z] keep-alive tick complete
===== keep-alive tick 2026-06-07T22:19:15Z =====
[2026-06-07T22:19:15Z] deep_page_loop OK pid=956763
[2026-06-07T22:19:15Z] sustained_loop OK pid=1618077
[2026-06-07T22:19:15Z] lane_supervisor SKIPPED (BUY-31452 stop marker present; see data/buy30727-supervisor.stopped)
[2026-06-07T22:19:15Z] keep-alive tick complete
===== keep-alive tick 2026-06-07T22:19:41Z =====
[2026-06-07T22:19:41Z] deep_page_loop OK pid=956763
[2026-06-07T22:19:41Z] sustained_loop OK pid=1618077
[2026-06-07T22:19:41Z] lane_supervisor SKIPPED (BUY-31452 stop marker present; see data/buy30727-supervisor.stopped)
[2026-06-07T22:19:41Z] keep-alive tick complete
===== keep-alive tick 2026-06-07T22:23:54Z =====
[2026-06-07T22:23:54Z] deep_page_loop OK pid=956763
[2026-06-07T22:23:54Z] sustained_loop OK pid=1618077
[2026-06-07T22:23:54Z] lane_supervisor SKIPPED (BUY-31452 stop marker present; see data/buy30727-supervisor.stopped)
[2026-06-07T22:23:54Z] keep-alive tick complete
===== keep-alive tick 2026-06-07T22:26:37Z =====
[2026-06-07T22:26:37Z] deep_page_loop OK pid=956763
[2026-06-07T22:26:37Z] sustained_loop OK pid=1618077
[2026-06-07T22:26:37Z] lane_supervisor SKIPPED (BUY-31452 stop marker present; see data/buy30727-supervisor.stopped)
[2026-06-07T22:26:37Z] keep-alive tick complete
===== keep-alive tick 2026-06-07T22:28:54Z =====
[2026-06-07T22:28:54Z] deep_page_loop OK pid=956763
[2026-06-07T22:28:54Z] sustained_loop OK pid=1618077
[2026-06-07T22:28:54Z] lane_supervisor SKIPPED (BUY-31452 stop marker present; see data/buy30727-supervisor.stopped)
[2026-06-07T22:28:54Z] keep-alive tick complete
===== keep-alive tick 2026-06-07T22:29:59Z =====
[2026-06-07T22:29:59Z] deep_page_loop OK pid=956763
[2026-06-07T22:29:59Z] sustained_loop OK pid=1618077
[2026-06-07T22:29:59Z] lane_supervisor SKIPPED (BUY-31452 stop marker present; see data/buy30727-supervisor.stopped)
[2026-06-07T22:29:59Z] keep-alive tick complete
===== keep-alive tick 2026-06-07T22:34:00Z =====
[2026-06-07T22:34:00Z] deep_page_loop OK pid=956763
[2026-06-07T22:34:00Z] sustained_loop OK pid=1618077
[2026-06-07T22:34:00Z] lane_supervisor SKIPPED (BUY-31452 stop marker present; see data/buy30727-supervisor.stopped)
[2026-06-07T22:34:00Z] keep-alive tick complete
===== keep-alive tick 2026-06-07T22:35:41Z =====
[2026-06-07T22:35:41Z] deep_page_loop OK pid=956763
[2026-06-07T22:35:41Z] sustained_loop OK pid=1618077
[2026-06-07T22:35:41Z] lane_supervisor SKIPPED (BUY-31452 stop marker present; see data/buy30727-supervisor.stopped)
[2026-06-07T22:35:41Z] keep-alive tick complete
===== keep-alive tick 2026-06-07T22:38:50Z =====
[2026-06-07T22:38:50Z] deep_page_loop OK pid=956763
[2026-06-07T22:38:50Z] sustained_loop OK pid=1618077
[2026-06-07T22:38:50Z] lane_supervisor SKIPPED (BUY-31452 stop marker present; see data/buy30727-supervisor.stopped)
[2026-06-07T22:38:50Z] keep-alive tick complete
===== keep-alive tick 2026-06-07T22:40:05Z =====
[2026-06-07T22:40:05Z] deep_page_loop OK pid=956763
[2026-06-07T22:40:05Z] sustained_loop OK pid=1618077
[2026-06-07T22:40:05Z] lane_supervisor SKIPPED (BUY-31452 stop marker present; see data/buy30727-supervisor.stopped)
[2026-06-07T22:40:05Z] keep-alive tick complete
===== keep-alive tick 2026-06-07T22:43:50Z =====
[2026-06-07T22:43:50Z] deep_page_loop OK pid=956763
[2026-06-07T22:43:50Z] sustained_loop OK pid=1618077
[2026-06-07T22:43:50Z] lane_supervisor SKIPPED (BUY-31452 stop marker present; see data/buy30727-supervisor.stopped)
[2026-06-07T22:43:50Z] keep-alive tick complete
===== keep-alive tick 2026-06-07T22:44:02Z =====
[2026-06-07T22:44:02Z] deep_page_loop OK pid=956763
[2026-06-07T22:44:02Z] sustained_loop OK pid=1618077
[2026-06-07T22:44:02Z] lane_supervisor SKIPPED (BUY-31452 stop marker present; see data/buy30727-supervisor.stopped)
[2026-06-07T22:44:02Z] keep-alive tick complete
===== keep-alive tick 2026-06-07T22:48:51Z =====
[2026-06-07T22:48:51Z] deep_page_loop DEAD — restarting (consecutive_dead_ticks=1)
[2026-06-07T22:48:53Z] deep_page_loop restarted pid=2336216 root=/paperclip/instances/default/workspaces/3ec8f6dd-1735-4479-9825-a2c42edac34c
[2026-06-07T22:48:53Z] sustained_loop OK pid=1618077
[2026-06-07T22:48:53Z] lane_supervisor SKIPPED (BUY-31452 stop marker present; see data/buy30727-supervisor.stopped)
[2026-06-07T22:48:53Z] keep-alive tick complete
===== keep-alive tick 2026-06-07T22:50:00Z =====
[2026-06-07T22:50:00Z] deep_page_loop OK pid=2336216
[2026-06-07T22:50:00Z] sustained_loop OK pid=1618077
[2026-06-07T22:50:00Z] lane_supervisor SKIPPED (BUY-31452 stop marker present; see data/buy30727-supervisor.stopped)
[2026-06-07T22:50:00Z] keep-alive tick complete
===== keep-alive tick 2026-06-07T22:50:55Z =====
[2026-06-07T22:50:55Z] deep_page_loop OK pid=2336216
[2026-06-07T22:50:55Z] sustained_loop OK pid=1618077
[2026-06-07T22:50:55Z] lane_supervisor SKIPPED (BUY-31452 stop marker present; see data/buy30727-supervisor.stopped)
[2026-06-07T22:50:55Z] keep-alive tick complete
===== keep-alive tick 2026-06-07T22:53:52Z =====
[2026-06-07T22:53:52Z] deep_page_loop OK pid=2336216
[2026-06-07T22:53:52Z] sustained_loop OK pid=1618077
[2026-06-07T22:53:52Z] lane_supervisor SKIPPED (BUY-31452 stop marker present; see data/buy30727-supervisor.stopped)
[2026-06-07T22:53:52Z] keep-alive tick complete
===== keep-alive tick 2026-06-07T22:54:40Z =====
[2026-06-07T22:54:40Z] deep_page_loop OK pid=2336216
[2026-06-07T22:54:40Z] sustained_loop OK pid=1618077
[2026-06-07T22:54:40Z] lane_supervisor SKIPPED (BUY-31452 stop marker present; see data/buy30727-supervisor.stopped)
[2026-06-07T22:54:40Z] keep-alive tick complete
===== keep-alive tick 2026-06-07T22:57:28Z =====
[2026-06-07T22:57:28Z] deep_page_loop OK pid=2336216
[2026-06-07T22:57:28Z] sustained_loop OK pid=1618077
[2026-06-07T22:57:28Z] lane_supervisor SKIPPED (BUY-31452 stop marker present; see data/buy30727-supervisor.stopped)
[2026-06-07T22:57:28Z] keep-alive tick complete
===== keep-alive tick 2026-06-07T22:57:32Z =====
[2026-06-07T22:57:33Z] deep_page_loop OK pid=2336216
[2026-06-07T22:57:33Z] sustained_loop OK pid=1618077
[2026-06-07T22:57:33Z] lane_supervisor SKIPPED (BUY-31452 stop marker present; see data/buy30727-supervisor.stopped)
[2026-06-07T22:57:33Z] keep-alive tick complete
===== keep-alive tick 2026-06-07T22:57:40Z =====
[2026-06-07T22:57:40Z] deep_page_loop OK pid=2336216
[2026-06-07T22:57:40Z] sustained_loop OK pid=1618077
[2026-06-07T22:57:40Z] lane_supervisor SKIPPED (BUY-31452 stop marker present; see data/buy30727-supervisor.stopped)
[2026-06-07T22:57:40Z] keep-alive tick complete
===== keep-alive tick 2026-06-07T22:59:21Z =====
[2026-06-07T22:59:21Z] deep_page_loop OK pid=2336216
[2026-06-07T22:59:21Z] sustained_loop OK pid=1618077
[2026-06-07T22:59:21Z] lane_supervisor SKIPPED (BUY-31452 stop marker present; see data/buy30727-supervisor.stopped)
[2026-06-07T22:59:21Z] keep-alive tick complete
===== keep-alive tick 2026-06-07T22:59:34Z =====
[2026-06-07T22:59:34Z] deep_page_loop OK pid=2336216
[2026-06-07T22:59:34Z] sustained_loop OK pid=1618077
[2026-06-07T22:59:34Z] lane_supervisor SKIPPED (BUY-31452 stop marker present; see data/buy30727-supervisor.stopped)
[2026-06-07T22:59:34Z] keep-alive tick complete
===== keep-alive tick 2026-06-07T23:04:03Z =====
[2026-06-07T23:04:03Z] deep_page_loop OK pid=2336216
[2026-06-07T23:04:03Z] sustained_loop OK pid=1618077
[2026-06-07T23:04:03Z] lane_supervisor SKIPPED (BUY-31452 stop marker present; see data/buy30727-supervisor.stopped)
[2026-06-07T23:04:03Z] keep-alive tick complete
===== keep-alive tick 2026-06-07T23:04:42Z =====
[2026-06-07T23:04:42Z] deep_page_loop OK pid=2336216
[2026-06-07T23:04:42Z] sustained_loop OK pid=1618077
[2026-06-07T23:04:42Z] lane_supervisor SKIPPED (BUY-31452 stop marker present; see data/buy30727-supervisor.stopped)
[2026-06-07T23:04:42Z] keep-alive tick complete
===== keep-alive tick 2026-06-07T23:08:50Z =====
[2026-06-07T23:08:50Z] deep_page_loop OK pid=2336216
[2026-06-07T23:08:50Z] sustained_loop OK pid=1618077
[2026-06-07T23:08:50Z] lane_supervisor SKIPPED (BUY-31452 stop marker present; see data/buy30727-supervisor.stopped)
[2026-06-07T23:08:50Z] keep-alive tick complete
===== keep-alive tick 2026-06-07T23:09:44Z =====
[2026-06-07T23:09:44Z] deep_page_loop OK pid=2336216
[2026-06-07T23:09:44Z] sustained_loop OK pid=1618077
[2026-06-07T23:09:44Z] lane_supervisor SKIPPED (BUY-31452 stop marker present; see data/buy30727-supervisor.stopped)
[2026-06-07T23:09:44Z] keep-alive tick complete
===== keep-alive tick 2026-06-07T23:10:44Z =====
[2026-06-07T23:10:44Z] deep_page_loop OK pid=2336216
[2026-06-07T23:10:44Z] sustained_loop OK pid=1618077
[2026-06-07T23:10:44Z] lane_supervisor SKIPPED (BUY-31452 stop marker present; see data/buy30727-supervisor.stopped)
[2026-06-07T23:10:44Z] keep-alive tick complete
===== keep-alive tick 2026-06-07T23:14:20Z =====
[2026-06-07T23:14:20Z] deep_page_loop OK pid=2336216
[2026-06-07T23:14:20Z] sustained_loop OK pid=1618077
[2026-06-07T23:14:21Z] lane_supervisor SKIPPED (BUY-31452 stop marker present; see data/buy30727-supervisor.stopped)
[2026-06-07T23:14:21Z] keep-alive tick complete
===== keep-alive tick 2026-06-07T23:15:45Z =====
[2026-06-07T23:15:45Z] deep_page_loop OK pid=2336216
[2026-06-07T23:15:45Z] sustained_loop OK pid=1618077
[2026-06-07T23:15:45Z] lane_supervisor SKIPPED (BUY-31452 stop marker present; see data/buy30727-supervisor.stopped)
[2026-06-07T23:15:45Z] keep-alive tick complete
===== keep-alive tick 2026-06-07T23:19:11Z =====
[2026-06-07T23:19:11Z] deep_page_loop OK pid=2336216
[2026-06-07T23:19:11Z] sustained_loop OK pid=2430740
[2026-06-07T23:19:11Z] lane_supervisor SKIPPED (BUY-31452 stop marker present; see data/buy30727-supervisor.stopped)
[2026-06-07T23:19:11Z] keep-alive tick complete
===== keep-alive tick 2026-06-07T23:19:27Z =====
[2026-06-07T23:19:27Z] deep_page_loop OK pid=2336216
[2026-06-07T23:19:27Z] sustained_loop OK pid=2430740
[2026-06-07T23:19:27Z] lane_supervisor SKIPPED (BUY-31452 stop marker present; see data/buy30727-supervisor.stopped)
[2026-06-07T23:19:27Z] keep-alive tick complete
===== keep-alive tick 2026-06-07T23:23:53Z =====
[2026-06-07T23:23:54Z] deep_page_loop OK pid=2336216
[2026-06-07T23:23:54Z] sustained_loop OK pid=2430740
[2026-06-07T23:23:54Z] lane_supervisor SKIPPED (BUY-31452 stop marker present; see data/buy30727-supervisor.stopped)
[2026-06-07T23:23:54Z] keep-alive tick complete
===== keep-alive tick 2026-06-07T23:24:18Z =====
[2026-06-07T23:24:18Z] deep_page_loop OK pid=2336216
[2026-06-07T23:24:20Z] sustained_loop OK pid=2430740
[2026-06-07T23:24:20Z] lane_supervisor SKIPPED (BUY-31452 stop marker present; see data/buy30727-supervisor.stopped)
[2026-06-07T23:24:20Z] keep-alive tick complete
===== keep-alive tick 2026-06-07T23:28:48Z =====
[2026-06-07T23:28:48Z] deep_page_loop OK pid=2336216
[2026-06-07T23:28:48Z] sustained_loop OK pid=2430740
[2026-06-07T23:28:48Z] lane_supervisor SKIPPED (BUY-31452 stop marker present; see data/buy30727-supervisor.stopped)
[2026-06-07T23:28:48Z] keep-alive tick complete
===== keep-alive tick 2026-06-07T23:29:15Z =====
[2026-06-07T23:29:15Z] deep_page_loop OK pid=2336216
[2026-06-07T23:29:15Z] sustained_loop OK pid=2430740
[2026-06-07T23:29:15Z] lane_supervisor SKIPPED (BUY-31452 stop marker present; see data/buy30727-supervisor.stopped)
[2026-06-07T23:29:15Z] keep-alive tick complete
===== keep-alive tick 2026-06-07T23:34:04Z =====
[2026-06-07T23:34:04Z] deep_page_loop OK pid=2336216
[2026-06-07T23:34:04Z] sustained_loop OK pid=2430740
[2026-06-07T23:34:04Z] lane_supervisor SKIPPED (BUY-31452 stop marker present; see data/buy30727-supervisor.stopped)
[2026-06-07T23:34:04Z] keep-alive tick complete
===== keep-alive tick 2026-06-07T23:34:15Z =====
[2026-06-07T23:34:15Z] deep_page_loop OK pid=2336216
[2026-06-07T23:34:15Z] sustained_loop OK pid=2430740
[2026-06-07T23:34:15Z] lane_supervisor SKIPPED (BUY-31452 stop marker present; see data/buy30727-supervisor.stopped)
[2026-06-07T23:34:15Z] keep-alive tick complete
===== keep-alive tick 2026-06-07T23:38:54Z =====
[2026-06-07T23:38:54Z] deep_page_loop OK pid=2336216
[2026-06-07T23:38:54Z] sustained_loop OK pid=2430740
[2026-06-07T23:38:54Z] lane_supervisor SKIPPED (BUY-31452 stop marker present; see data/buy30727-supervisor.stopped)
[2026-06-07T23:38:55Z] keep-alive tick complete
===== keep-alive tick 2026-06-07T23:39:31Z =====
[2026-06-07T23:39:31Z] deep_page_loop OK pid=2336216
[2026-06-07T23:39:31Z] sustained_loop OK pid=2430740
[2026-06-07T23:39:31Z] lane_supervisor SKIPPED (BUY-31452 stop marker present; see data/buy30727-supervisor.stopped)
[2026-06-07T23:39:31Z] keep-alive tick complete
===== keep-alive tick 2026-06-07T23:44:22Z =====
[2026-06-07T23:44:22Z] deep_page_loop OK pid=2336216
[2026-06-07T23:44:22Z] sustained_loop OK pid=2430740
[2026-06-07T23:44:22Z] lane_supervisor SKIPPED (BUY-31452 stop marker present; see data/buy30727-supervisor.stopped)
[2026-06-07T23:44:22Z] keep-alive tick complete
===== keep-alive tick 2026-06-07T23:45:15Z =====
[2026-06-07T23:45:15Z] deep_page_loop OK pid=2336216
[2026-06-07T23:45:15Z] sustained_loop OK pid=2430740
[2026-06-07T23:45:15Z] lane_supervisor SKIPPED (BUY-31452 stop marker present; see data/buy30727-supervisor.stopped)
[2026-06-07T23:45:15Z] keep-alive tick complete
===== keep-alive tick 2026-06-07T23:49:22Z =====
[2026-06-07T23:49:22Z] deep_page_loop OK pid=2336216
[2026-06-07T23:49:22Z] sustained_loop OK pid=2430740
[2026-06-07T23:49:22Z] lane_supervisor SKIPPED (BUY-31452 stop marker present; see data/buy30727-supervisor.stopped)
[2026-06-07T23:49:22Z] keep-alive tick complete
===== keep-alive tick 2026-06-07T23:50:10Z =====
[2026-06-07T23:50:10Z] deep_page_loop OK pid=2336216
[2026-06-07T23:50:10Z] sustained_loop OK pid=2430740
[2026-06-07T23:50:10Z] lane_supervisor SKIPPED (BUY-31452 stop marker present; see data/buy30727-supervisor.stopped)
[2026-06-07T23:50:10Z] keep-alive tick complete
===== keep-alive tick 2026-06-07T23:54:31Z =====
[2026-06-07T23:54:31Z] deep_page_loop OK pid=2336216
[2026-06-07T23:54:31Z] sustained_loop OK pid=2430740
[2026-06-07T23:54:31Z] lane_supervisor SKIPPED (BUY-31452 stop marker present; see data/buy30727-supervisor.stopped)
[2026-06-07T23:54:31Z] keep-alive tick complete
===== keep-alive tick 2026-06-07T23:55:10Z =====
[2026-06-07T23:55:10Z] deep_page_loop OK pid=2336216
[2026-06-07T23:55:10Z] sustained_loop OK pid=2430740
[2026-06-07T23:55:10Z] lane_supervisor SKIPPED (BUY-31452 stop marker present; see data/buy30727-supervisor.stopped)
[2026-06-07T23:55:10Z] keep-alive tick complete
===== keep-alive tick 2026-06-07T23:59:18Z =====
[2026-06-07T23:59:18Z] deep_page_loop DEAD — restarting (consecutive_dead_ticks=1)
[2026-06-07T23:59:20Z] deep_page_loop restarted pid=2579615 root=/paperclip/instances/default/workspaces/3ec8f6dd-1735-4479-9825-a2c42edac34c
[2026-06-07T23:59:21Z] sustained_loop OK pid=2430740
[2026-06-07T23:59:21Z] lane_supervisor SKIPPED (BUY-31452 stop marker present; see data/buy30727-supervisor.stopped)
[2026-06-07T23:59:21Z] keep-alive tick complete
===== keep-alive tick 2026-06-08T00:01:25Z =====
[2026-06-08T00:01:25Z] deep_page_loop OK pid=2579615
[2026-06-08T00:01:25Z] sustained_loop OK pid=2430740
[2026-06-08T00:01:25Z] lane_supervisor SKIPPED (BUY-31452 stop marker present; see data/buy30727-supervisor.stopped)
[2026-06-08T00:01:25Z] keep-alive tick complete
===== keep-alive tick 2026-06-08T00:03:58Z =====
[2026-06-08T00:03:58Z] deep_page_loop OK pid=2579615
[2026-06-08T00:03:58Z] sustained_loop OK pid=2430740
[2026-06-08T00:03:58Z] lane_supervisor SKIPPED (BUY-31452 stop marker present; see data/buy30727-supervisor.stopped)
[2026-06-08T00:03:58Z] keep-alive tick complete
===== keep-alive tick 2026-06-08T00:06:51Z =====
[2026-06-08T00:06:51Z] deep_page_loop OK pid=2579615
[2026-06-08T00:06:51Z] sustained_loop OK pid=2430740
[2026-06-08T00:06:51Z] lane_supervisor SKIPPED (BUY-31452 stop marker present; see data/buy30727-supervisor.stopped)
[2026-06-08T00:06:51Z] keep-alive tick complete
===== keep-alive tick 2026-06-08T00:07:56Z =====
[2026-06-08T00:07:56Z] deep_page_loop OK pid=2579615
[2026-06-08T00:07:56Z] sustained_loop OK pid=2430740
[2026-06-08T00:07:56Z] lane_supervisor SKIPPED (BUY-31452 stop marker present; see data/buy30727-supervisor.stopped)
[2026-06-08T00:07:56Z] keep-alive tick complete
===== keep-alive tick 2026-06-08T00:39:37Z =====
[2026-06-08T00:39:37Z] deep_page_loop OK pid=2579615
[2026-06-08T00:39:37Z] sustained_loop OK pid=2430740
[2026-06-08T00:39:37Z] lane_supervisor SKIPPED (BUY-31452 stop marker present; see data/buy30727-supervisor.stopped)
[2026-06-08T00:39:37Z] keep-alive tick complete
===== keep-alive tick 2026-06-08T00:41:44Z =====
[2026-06-08T00:41:44Z] deep_page_loop OK pid=2579615
[2026-06-08T00:41:44Z] sustained_loop OK pid=2430740
[2026-06-08T00:41:44Z] lane_supervisor SKIPPED (BUY-31452 stop marker present; see data/buy30727-supervisor.stopped)
[2026-06-08T00:41:44Z] keep-alive tick complete
===== keep-alive tick 2026-06-08T00:42:21Z =====
[2026-06-08T00:42:21Z] deep_page_loop OK pid=2579615
[2026-06-08T00:42:21Z] sustained_loop OK pid=2430740
[2026-06-08T00:42:21Z] lane_supervisor SKIPPED (BUY-31452 stop marker present; see data/buy30727-supervisor.stopped)
[2026-06-08T00:42:21Z] keep-alive tick complete
===== keep-alive tick 2026-06-08T00:50:47Z =====
[2026-06-08T00:50:47Z] deep_page_loop OK pid=2579615
[2026-06-08T00:50:47Z] sustained_loop OK pid=2430740
[2026-06-08T00:50:47Z] lane_supervisor SKIPPED (BUY-31452 stop marker present; see data/buy30727-supervisor.stopped)
[2026-06-08T00:50:47Z] keep-alive tick complete
===== keep-alive tick 2026-06-08T00:51:05Z =====
[2026-06-08T00:51:05Z] deep_page_loop OK pid=2579615
[2026-06-08T00:51:05Z] sustained_loop OK pid=2430740
[2026-06-08T00:51:05Z] lane_supervisor SKIPPED (BUY-31452 stop marker present; see data/buy30727-supervisor.stopped)
[2026-06-08T00:51:05Z] keep-alive tick complete
===== keep-alive tick 2026-06-08T00:56:22Z =====
[2026-06-08T00:56:22Z] deep_page_loop OK pid=2579615
[2026-06-08T00:56:22Z] sustained_loop OK pid=2430740
[2026-06-08T00:56:22Z] lane_supervisor SKIPPED (BUY-31452 stop marker present; see data/buy30727-supervisor.stopped)
[2026-06-08T00:56:22Z] keep-alive tick complete
===== keep-alive tick 2026-06-08T00:57:07Z =====
[2026-06-08T00:57:07Z] deep_page_loop OK pid=2579615
[2026-06-08T00:57:07Z] sustained_loop OK pid=2430740
[2026-06-08T00:57:07Z] lane_supervisor SKIPPED (BUY-31452 stop marker present; see data/buy30727-supervisor.stopped)
[2026-06-08T00:57:07Z] keep-alive tick complete
===== keep-alive tick 2026-06-08T01:02:02Z =====
[2026-06-08T01:02:02Z] deep_page_loop OK pid=2579615
[2026-06-08T01:02:02Z] sustained_loop OK pid=2430740
[2026-06-08T01:02:02Z] lane_supervisor SKIPPED (BUY-31452 stop marker present; see data/buy30727-supervisor.stopped)
[2026-06-08T01:02:02Z] keep-alive tick complete
===== keep-alive tick 2026-06-08T01:03:34Z =====
[2026-06-08T01:03:34Z] deep_page_loop OK pid=2579615
[2026-06-08T01:03:34Z] sustained_loop OK pid=2430740
[2026-06-08T01:03:34Z] lane_supervisor SKIPPED (BUY-31452 stop marker present; see data/buy30727-supervisor.stopped)
[2026-06-08T01:03:34Z] keep-alive tick complete
===== keep-alive tick 2026-06-08T01:03:46Z =====
[2026-06-08T01:03:46Z] deep_page_loop OK pid=2579615
[2026-06-08T01:03:46Z] sustained_loop OK pid=2430740
[2026-06-08T01:03:46Z] lane_supervisor SKIPPED (BUY-31452 stop marker present; see data/buy30727-supervisor.stopped)
[2026-06-08T01:03:46Z] keep-alive tick complete
===== keep-alive tick 2026-06-08T01:08:27Z =====
[2026-06-08T01:08:27Z] deep_page_loop OK pid=2579615
[2026-06-08T01:08:27Z] sustained_loop OK pid=2430740
[2026-06-08T01:08:27Z] lane_supervisor SKIPPED (BUY-31452 stop marker present; see data/buy30727-supervisor.stopped)
[2026-06-08T01:08:27Z] keep-alive tick complete
===== keep-alive tick 2026-06-08T01:09:00Z =====
[2026-06-08T01:09:00Z] deep_page_loop OK pid=2579615
[2026-06-08T01:09:01Z] sustained_loop OK pid=2430740
[2026-06-08T01:09:01Z] lane_supervisor SKIPPED (BUY-31452 stop marker present; see data/buy30727-supervisor.stopped)
[2026-06-08T01:09:01Z] keep-alive tick complete
===== keep-alive tick 2026-06-08T01:13:38Z =====
[2026-06-08T01:13:38Z] deep_page_loop OK pid=2579615
[2026-06-08T01:13:38Z] sustained_loop OK pid=2430740
[2026-06-08T01:13:38Z] lane_supervisor SKIPPED (BUY-31452 stop marker present; see data/buy30727-supervisor.stopped)
[2026-06-08T01:13:38Z] keep-alive tick complete
===== keep-alive tick 2026-06-08T01:15:20Z =====
[2026-06-08T01:15:20Z] deep_page_loop OK pid=2579615
[2026-06-08T01:15:20Z] sustained_loop OK pid=2430740
[2026-06-08T01:15:20Z] lane_supervisor SKIPPED (BUY-31452 stop marker present; see data/buy30727-supervisor.stopped)
[2026-06-08T01:15:20Z] keep-alive tick complete
===== keep-alive tick 2026-06-08T01:18:30Z =====
[2026-06-08T01:18:30Z] deep_page_loop OK pid=2579615
[2026-06-08T01:18:30Z] sustained_loop OK pid=2430740
[2026-06-08T01:18:30Z] lane_supervisor SKIPPED (BUY-31452 stop marker present; see data/buy30727-supervisor.stopped)
[2026-06-08T01:18:30Z] keep-alive tick complete
===== keep-alive tick 2026-06-08T01:20:25Z =====
[2026-06-08T01:20:25Z] deep_page_loop OK pid=2579615
[2026-06-08T01:20:25Z] sustained_loop OK pid=2430740
[2026-06-08T01:20:25Z] lane_supervisor SKIPPED (BUY-31452 stop marker present; see data/buy30727-supervisor.stopped)
[2026-06-08T01:20:25Z] keep-alive tick complete
===== keep-alive tick 2026-06-08T01:23:36Z =====
[2026-06-08T01:23:36Z] deep_page_loop OK pid=2579615
[2026-06-08T01:23:36Z] sustained_loop OK pid=2430740
[2026-06-08T01:23:37Z] lane_supervisor SKIPPED (BUY-31452 stop marker present; see data/buy30727-supervisor.stopped)
[2026-06-08T01:23:37Z] keep-alive tick complete
===== keep-alive tick 2026-06-08T01:24:30Z =====
[2026-06-08T01:24:30Z] deep_page_loop OK pid=2579615
[2026-06-08T01:24:30Z] sustained_loop OK pid=2430740
[2026-06-08T01:24:30Z] lane_supervisor SKIPPED (BUY-31452 stop marker present; see data/buy30727-supervisor.stopped)
[2026-06-08T01:24:30Z] keep-alive tick complete
===== keep-alive tick 2026-06-08T01:28:28Z =====
[2026-06-08T01:28:28Z] deep_page_loop OK pid=2579615
[2026-06-08T01:28:28Z] duplicate buy30331-sustained-loop.mjs killed pid=2913979 (kept 2913977)
[2026-06-08T01:28:28Z] sustained_loop OK pid=2913977
[2026-06-08T01:28:28Z] lane_supervisor SKIPPED (BUY-31452 stop marker present; see data/buy30727-supervisor.stopped)
[2026-06-08T01:28:28Z] keep-alive tick complete
===== keep-alive tick 2026-06-08T01:29:16Z =====
[2026-06-08T01:29:16Z] deep_page_loop OK pid=2579615
[2026-06-08T01:29:16Z] sustained_loop OK pid=2923710
[2026-06-08T01:29:16Z] lane_supervisor SKIPPED (BUY-31452 stop marker present; see data/buy30727-supervisor.stopped)
[2026-06-08T01:29:16Z] keep-alive tick complete
===== keep-alive tick 2026-06-08T01:33:26Z =====
[2026-06-08T01:33:26Z] deep_page_loop OK pid=2579615
[2026-06-08T01:33:26Z] sustained_loop OK pid=2923710
[2026-06-08T01:33:26Z] lane_supervisor SKIPPED (BUY-31452 stop marker present; see data/buy30727-supervisor.stopped)
[2026-06-08T01:33:26Z] keep-alive tick complete
===== keep-alive tick 2026-06-08T01:38:39Z =====
[2026-06-08T01:38:39Z] deep_page_loop OK pid=2579615
[2026-06-08T01:38:39Z] sustained_loop OK pid=2923710
[2026-06-08T01:38:39Z] lane_supervisor SKIPPED (BUY-31452 stop marker present; see data/buy30727-supervisor.stopped)
[2026-06-08T01:38:39Z] keep-alive tick complete
===== keep-alive tick 2026-06-08T01:42:50Z =====
[2026-06-08T01:42:50Z] deep_page_loop OK pid=2579615
[2026-06-08T01:42:50Z] sustained_loop OK pid=2923710
[2026-06-08T01:42:50Z] lane_supervisor SKIPPED (BUY-31452 stop marker present; see data/buy30727-supervisor.stopped)
[2026-06-08T01:42:50Z] keep-alive tick complete
===== keep-alive tick 2026-06-08T01:43:29Z =====
[2026-06-08T01:43:29Z] deep_page_loop OK pid=2579615
[2026-06-08T01:43:29Z] sustained_loop OK pid=2923710
[2026-06-08T01:43:29Z] lane_supervisor SKIPPED (BUY-31452 stop marker present; see data/buy30727-supervisor.stopped)
[2026-06-08T01:43:29Z] keep-alive tick complete
===== keep-alive tick 2026-06-08T01:48:41Z =====
[2026-06-08T01:48:41Z] deep_page_loop OK pid=2579615
[2026-06-08T01:48:41Z] sustained_loop OK pid=2923710
[2026-06-08T01:48:41Z] lane_supervisor SKIPPED (BUY-31452 stop marker present; see data/buy30727-supervisor.stopped)
[2026-06-08T01:48:41Z] keep-alive tick complete
===== keep-alive tick 2026-06-08T01:49:33Z =====
[2026-06-08T01:49:33Z] deep_page_loop OK pid=2579615
[2026-06-08T01:49:33Z] sustained_loop OK pid=2923710
[2026-06-08T01:49:33Z] lane_supervisor SKIPPED (BUY-31452 stop marker present; see data/buy30727-supervisor.stopped)
[2026-06-08T01:49:33Z] keep-alive tick complete
===== keep-alive tick 2026-06-08T01:53:30Z =====
[2026-06-08T01:53:30Z] deep_page_loop OK pid=2579615
[2026-06-08T01:53:30Z] sustained_loop OK pid=2923710
[2026-06-08T01:53:30Z] lane_supervisor SKIPPED (BUY-31452 stop marker present; see data/buy30727-supervisor.stopped)
[2026-06-08T01:53:30Z] keep-alive tick complete
===== keep-alive tick 2026-06-08T01:54:08Z =====
[2026-06-08T01:54:08Z] deep_page_loop OK pid=2579615
[2026-06-08T01:54:08Z] sustained_loop OK pid=2923710
[2026-06-08T01:54:08Z] lane_supervisor SKIPPED (BUY-31452 stop marker present; see data/buy30727-supervisor.stopped)
[2026-06-08T01:54:08Z] keep-alive tick complete
===== keep-alive tick 2026-06-08T01:55:55Z =====
[2026-06-08T01:55:55Z] deep_page_loop OK pid=2579615
[2026-06-08T01:55:55Z] sustained_loop OK pid=2923710
[2026-06-08T01:55:55Z] lane_supervisor SKIPPED (BUY-31452 stop marker present; see data/buy30727-supervisor.stopped)
[2026-06-08T01:55:55Z] keep-alive tick complete
===== keep-alive tick 2026-06-08T01:58:54Z =====
[2026-06-08T01:58:54Z] deep_page_loop OK pid=2579615
[2026-06-08T01:58:54Z] sustained_loop OK pid=2923710
[2026-06-08T01:58:54Z] lane_supervisor SKIPPED (BUY-31452 stop marker present; see data/buy30727-supervisor.stopped)
[2026-06-08T01:58:54Z] keep-alive tick complete
===== keep-alive tick 2026-06-08T01:59:07Z =====
[2026-06-08T01:59:07Z] deep_page_loop OK pid=2579615
[2026-06-08T01:59:07Z] sustained_loop OK pid=2923710
[2026-06-08T01:59:07Z] lane_supervisor SKIPPED (BUY-31452 stop marker present; see data/buy30727-supervisor.stopped)
[2026-06-08T01:59:07Z] keep-alive tick complete
===== keep-alive tick 2026-06-08T02:04:13Z =====
[2026-06-08T02:04:13Z] deep_page_loop OK pid=2579615
[2026-06-08T02:04:13Z] sustained_loop OK pid=2923710
[2026-06-08T02:04:13Z] lane_supervisor SKIPPED (BUY-31452 stop marker present; see data/buy30727-supervisor.stopped)
[2026-06-08T02:04:13Z] keep-alive tick complete
===== keep-alive tick 2026-06-08T02:08:50Z =====
[2026-06-08T02:08:50Z] deep_page_loop OK pid=2579615
[2026-06-08T02:08:50Z] sustained_loop OK pid=2923710
[2026-06-08T02:08:50Z] lane_supervisor SKIPPED (BUY-31452 stop marker present; see data/buy30727-supervisor.stopped)
[2026-06-08T02:08:50Z] keep-alive tick complete
===== keep-alive tick 2026-06-08T02:14:11Z =====
[2026-06-08T02:14:11Z] deep_page_loop OK pid=2579615
[2026-06-08T02:14:11Z] sustained_loop OK pid=2923710
[2026-06-08T02:14:11Z] lane_supervisor SKIPPED (BUY-31452 stop marker present; see data/buy30727-supervisor.stopped)
[2026-06-08T02:14:11Z] keep-alive tick complete
===== keep-alive tick 2026-06-08T02:15:37Z =====
[2026-06-08T02:15:37Z] deep_page_loop OK pid=2579615
[2026-06-08T02:15:37Z] sustained_loop OK pid=2923710
[2026-06-08T02:15:37Z] lane_supervisor SKIPPED (BUY-31452 stop marker present; see data/buy30727-supervisor.stopped)
[2026-06-08T02:15:37Z] keep-alive tick complete
===== keep-alive tick 2026-06-08T02:19:02Z =====
[2026-06-08T02:19:02Z] deep_page_loop OK pid=2579615
[2026-06-08T02:19:02Z] sustained_loop OK pid=2923710
[2026-06-08T02:19:02Z] lane_supervisor SKIPPED (BUY-31452 stop marker present; see data/buy30727-supervisor.stopped)
[2026-06-08T02:19:02Z] keep-alive tick complete
===== keep-alive tick 2026-06-08T02:23:45Z =====
[2026-06-08T02:23:45Z] deep_page_loop OK pid=2579615
[2026-06-08T02:23:45Z] sustained_loop OK pid=2923710
[2026-06-08T02:23:45Z] lane_supervisor SKIPPED (BUY-31452 stop marker present; see data/buy30727-supervisor.stopped)
[2026-06-08T02:23:45Z] keep-alive tick complete
===== keep-alive tick 2026-06-08T02:24:20Z =====
[2026-06-08T02:24:20Z] deep_page_loop OK pid=2579615
[2026-06-08T02:24:20Z] sustained_loop OK pid=2923710
[2026-06-08T02:24:20Z] lane_supervisor SKIPPED (BUY-31452 stop marker present; see data/buy30727-supervisor.stopped)
[2026-06-08T02:24:20Z] keep-alive tick complete
===== keep-alive tick 2026-06-08T02:28:58Z =====
[2026-06-08T02:28:58Z] deep_page_loop OK pid=2579615
[2026-06-08T02:28:58Z] sustained_loop OK pid=2923710
[2026-06-08T02:28:58Z] lane_supervisor SKIPPED (BUY-31452 stop marker present; see data/buy30727-supervisor.stopped)
[2026-06-08T02:28:58Z] keep-alive tick complete
===== keep-alive tick 2026-06-08T02:33:53Z =====
[2026-06-08T02:33:53Z] deep_page_loop OK pid=2579615
[2026-06-08T02:33:53Z] sustained_loop OK pid=2923710
[2026-06-08T02:33:53Z] lane_supervisor SKIPPED (BUY-31452 stop marker present; see data/buy30727-supervisor.stopped)
[2026-06-08T02:33:53Z] keep-alive tick complete
===== keep-alive tick 2026-06-08T02:34:47Z =====
[2026-06-08T02:34:47Z] deep_page_loop OK pid=2579615
[2026-06-08T02:34:47Z] sustained_loop OK pid=2923710
[2026-06-08T02:34:47Z] lane_supervisor SKIPPED (BUY-31452 stop marker present; see data/buy30727-supervisor.stopped)
[2026-06-08T02:34:47Z] keep-alive tick complete
===== keep-alive tick 2026-06-08T02:38:34Z =====
[2026-06-08T02:38:34Z] deep_page_loop OK pid=2579615
[2026-06-08T02:38:34Z] sustained_loop OK pid=2923710
[2026-06-08T02:38:34Z] lane_supervisor SKIPPED (BUY-31452 stop marker present; see data/buy30727-supervisor.stopped)
[2026-06-08T02:38:34Z] keep-alive tick complete
===== keep-alive tick 2026-06-08T02:39:22Z =====
[2026-06-08T02:39:22Z] deep_page_loop OK pid=2579615
[2026-06-08T02:39:22Z] sustained_loop OK pid=2923710
[2026-06-08T02:39:22Z] lane_supervisor SKIPPED (BUY-31452 stop marker present; see data/buy30727-supervisor.stopped)
[2026-06-08T02:39:22Z] keep-alive tick complete
===== keep-alive tick 2026-06-08T02:43:28Z =====
[2026-06-08T02:43:28Z] deep_page_loop OK pid=2579615
[2026-06-08T02:43:28Z] sustained_loop OK pid=2923710
[2026-06-08T02:43:28Z] lane_supervisor SKIPPED (BUY-31452 stop marker present; see data/buy30727-supervisor.stopped)
[2026-06-08T02:43:28Z] keep-alive tick complete
===== keep-alive tick 2026-06-08T02:43:59Z =====
[2026-06-08T02:43:59Z] deep_page_loop OK pid=2579615
[2026-06-08T02:43:59Z] sustained_loop OK pid=2923710
[2026-06-08T02:43:59Z] lane_supervisor SKIPPED (BUY-31452 stop marker present; see data/buy30727-supervisor.stopped)
[2026-06-08T02:43:59Z] keep-alive tick complete
===== keep-alive tick 2026-06-08T02:48:36Z =====
[2026-06-08T02:48:36Z] deep_page_loop OK pid=2579615
[2026-06-08T02:48:36Z] sustained_loop OK pid=2923710
[2026-06-08T02:48:36Z] lane_supervisor SKIPPED (BUY-31452 stop marker present; see data/buy30727-supervisor.stopped)
[2026-06-08T02:48:36Z] keep-alive tick complete
===== keep-alive tick 2026-06-08T02:49:49Z =====
[2026-06-08T02:49:49Z] deep_page_loop OK pid=2579615
[2026-06-08T02:49:50Z] sustained_loop OK pid=2923710
[2026-06-08T02:49:50Z] lane_supervisor SKIPPED (BUY-31452 stop marker present; see data/buy30727-supervisor.stopped)
[2026-06-08T02:49:50Z] keep-alive tick complete
===== keep-alive tick 2026-06-08T02:54:10Z =====
[2026-06-08T02:54:10Z] deep_page_loop OK pid=2579615
[2026-06-08T02:54:10Z] sustained_loop OK pid=2923710
[2026-06-08T02:54:10Z] lane_supervisor SKIPPED (BUY-31452 stop marker present; see data/buy30727-supervisor.stopped)
[2026-06-08T02:54:10Z] keep-alive tick complete
===== keep-alive tick 2026-06-08T02:59:02Z =====
[2026-06-08T02:59:02Z] deep_page_loop OK pid=2579615
[2026-06-08T02:59:03Z] sustained_loop OK pid=2923710
[2026-06-08T02:59:03Z] lane_supervisor SKIPPED (BUY-31452 stop marker present; see data/buy30727-supervisor.stopped)
[2026-06-08T02:59:03Z] keep-alive tick complete
===== keep-alive tick 2026-06-08T03:03:01Z =====
[2026-06-08T03:03:01Z] deep_page_loop OK pid=2579615
[2026-06-08T03:03:01Z] sustained_loop OK pid=2923710
[2026-06-08T03:03:01Z] lane_supervisor SKIPPED (BUY-31452 stop marker present; see data/buy30727-supervisor.stopped)
[2026-06-08T03:03:01Z] keep-alive tick complete
===== keep-alive tick 2026-06-08T03:03:28Z =====
[2026-06-08T03:03:28Z] deep_page_loop OK pid=2579615
[2026-06-08T03:03:28Z] sustained_loop OK pid=2923710
[2026-06-08T03:03:29Z] lane_supervisor SKIPPED (BUY-31452 stop marker present; see data/buy30727-supervisor.stopped)
[2026-06-08T03:03:29Z] keep-alive tick complete
===== keep-alive tick 2026-06-08T03:08:38Z =====
[2026-06-08T03:08:38Z] deep_page_loop OK pid=2579615
[2026-06-08T03:08:38Z] sustained_loop OK pid=2923710
[2026-06-08T03:08:38Z] lane_supervisor SKIPPED (BUY-31452 stop marker present; see data/buy30727-supervisor.stopped)
[2026-06-08T03:08:38Z] keep-alive tick complete
===== keep-alive tick 2026-06-08T03:09:20Z =====
[2026-06-08T03:09:20Z] deep_page_loop OK pid=2579615
[2026-06-08T03:09:20Z] sustained_loop OK pid=2923710
[2026-06-08T03:09:20Z] lane_supervisor SKIPPED (BUY-31452 stop marker present; see data/buy30727-supervisor.stopped)
[2026-06-08T03:09:20Z] keep-alive tick complete
===== keep-alive tick 2026-06-08T03:13:56Z =====
[2026-06-08T03:13:56Z] deep_page_loop OK pid=2579615
[2026-06-08T03:13:56Z] sustained_loop OK pid=2923710
[2026-06-08T03:13:56Z] lane_supervisor SKIPPED (BUY-31452 stop marker present; see data/buy30727-supervisor.stopped)
[2026-06-08T03:13:56Z] keep-alive tick complete
===== keep-alive tick 2026-06-08T03:14:03Z =====
[2026-06-08T03:14:03Z] deep_page_loop OK pid=2579615
[2026-06-08T03:14:03Z] sustained_loop OK pid=2923710
[2026-06-08T03:14:03Z] lane_supervisor SKIPPED (BUY-31452 stop marker present; see data/buy30727-supervisor.stopped)
[2026-06-08T03:14:03Z] keep-alive tick complete
===== keep-alive tick 2026-06-08T03:14:50Z =====
[2026-06-08T03:14:50Z] deep_page_loop OK pid=2579615
[2026-06-08T03:14:50Z] sustained_loop OK pid=2923710
[2026-06-08T03:14:50Z] lane_supervisor SKIPPED (BUY-31452 stop marker present; see data/buy30727-supervisor.stopped)
[2026-06-08T03:14:50Z] keep-alive tick complete
===== keep-alive tick 2026-06-08T03:18:29Z =====
[2026-06-08T03:18:29Z] deep_page_loop OK pid=2579615
[2026-06-08T03:18:29Z] sustained_loop OK pid=2923710
[2026-06-08T03:18:30Z] lane_supervisor SKIPPED (BUY-31452 stop marker present; see data/buy30727-supervisor.stopped)
[2026-06-08T03:18:30Z] keep-alive tick complete
===== keep-alive tick 2026-06-08T03:20:31Z =====
[2026-06-08T03:20:31Z] deep_page_loop OK pid=2579615
[2026-06-08T03:20:31Z] sustained_loop OK pid=2923710
[2026-06-08T03:20:31Z] lane_supervisor SKIPPED (BUY-31452 stop marker present; see data/buy30727-supervisor.stopped)
[2026-06-08T03:20:31Z] keep-alive tick complete
===== keep-alive tick 2026-06-08T03:24:19Z =====
[2026-06-08T03:24:19Z] deep_page_loop OK pid=2579615
[2026-06-08T03:24:20Z] sustained_loop OK pid=2923710
[2026-06-08T03:24:20Z] lane_supervisor SKIPPED (BUY-31452 stop marker present; see data/buy30727-supervisor.stopped)
[2026-06-08T03:24:20Z] keep-alive tick complete
===== keep-alive tick 2026-06-08T03:28:33Z =====
[2026-06-08T03:28:33Z] deep_page_loop OK pid=2579615
[2026-06-08T03:28:33Z] sustained_loop OK pid=2923710
[2026-06-08T03:28:33Z] lane_supervisor SKIPPED (BUY-31452 stop marker present; see data/buy30727-supervisor.stopped)
[2026-06-08T03:28:33Z] keep-alive tick complete
===== keep-alive tick 2026-06-08T03:29:54Z =====
[2026-06-08T03:29:54Z] deep_page_loop OK pid=2579615
[2026-06-08T03:29:54Z] sustained_loop OK pid=2923710
[2026-06-08T03:29:54Z] lane_supervisor SKIPPED (BUY-31452 stop marker present; see data/buy30727-supervisor.stopped)
[2026-06-08T03:29:54Z] keep-alive tick complete
===== manual keep-alive tick 2026-06-08T03:30:53Z (Vera BUY-35113) =====
===== keep-alive tick 2026-06-08T03:30:53Z =====
[2026-06-08T03:30:53Z] deep_page_loop OK pid=2579615
[2026-06-08T03:30:53Z] sustained_loop OK pid=2923710
[2026-06-08T03:30:53Z] lane_supervisor SKIPPED (BUY-31452 stop marker present; see data/buy30727-supervisor.stopped)
[2026-06-08T03:30:53Z] keep-alive tick complete
===== keep-alive tick 2026-06-08T03:33:35Z =====
[2026-06-08T03:33:35Z] deep_page_loop OK pid=2579615
[2026-06-08T03:33:35Z] sustained_loop OK pid=2923710
[2026-06-08T03:33:36Z] lane_supervisor SKIPPED (BUY-31452 stop marker present; see data/buy30727-supervisor.stopped)
[2026-06-08T03:33:36Z] keep-alive tick complete
===== keep-alive tick 2026-06-08T03:34:05Z =====
[2026-06-08T03:34:06Z] deep_page_loop OK pid=2579615
[2026-06-08T03:34:06Z] sustained_loop OK pid=2923710
[2026-06-08T03:34:06Z] lane_supervisor SKIPPED (BUY-31452 stop marker present; see data/buy30727-supervisor.stopped)
[2026-06-08T03:34:06Z] keep-alive tick complete
===== keep-alive tick 2026-06-08T03:38:36Z =====
[2026-06-08T03:38:36Z] deep_page_loop OK pid=2579615
[2026-06-08T03:38:36Z] sustained_loop OK pid=2923710
[2026-06-08T03:38:36Z] lane_supervisor SKIPPED (BUY-31452 stop marker present; see data/buy30727-supervisor.stopped)
[2026-06-08T03:38:36Z] keep-alive tick complete
===== keep-alive tick 2026-06-08T03:40:14Z =====
[2026-06-08T03:40:14Z] deep_page_loop OK pid=2579615
[2026-06-08T03:40:14Z] sustained_loop OK pid=2923710
[2026-06-08T03:40:14Z] lane_supervisor SKIPPED (BUY-31452 stop marker present; see data/buy30727-supervisor.stopped)
[2026-06-08T03:40:14Z] keep-alive tick complete
===== keep-alive tick 2026-06-08T03:43:42Z =====
[2026-06-08T03:43:42Z] deep_page_loop OK pid=2579615
[2026-06-08T03:43:42Z] sustained_loop OK pid=2923710
[2026-06-08T03:43:42Z] lane_supervisor SKIPPED (BUY-31452 stop marker present; see data/buy30727-supervisor.stopped)
[2026-06-08T03:43:42Z] keep-alive tick complete
===== keep-alive tick 2026-06-08T03:44:34Z =====
[2026-06-08T03:44:34Z] deep_page_loop OK pid=2579615
[2026-06-08T03:44:34Z] sustained_loop OK pid=2923710
[2026-06-08T03:44:34Z] lane_supervisor SKIPPED (BUY-31452 stop marker present; see data/buy30727-supervisor.stopped)
[2026-06-08T03:44:34Z] keep-alive tick complete
===== keep-alive tick 2026-06-08T03:48:24Z =====
[2026-06-08T03:48:24Z] deep_page_loop OK pid=2579615
[2026-06-08T03:48:24Z] sustained_loop OK pid=2923710
[2026-06-08T03:48:24Z] lane_supervisor SKIPPED (BUY-31452 stop marker present; see data/buy30727-supervisor.stopped)
[2026-06-08T03:48:24Z] keep-alive tick complete
===== keep-alive tick 2026-06-08T03:49:04Z =====
[2026-06-08T03:49:04Z] deep_page_loop OK pid=2579615
[2026-06-08T03:49:04Z] sustained_loop OK pid=2923710
[2026-06-08T03:49:04Z] lane_supervisor SKIPPED (BUY-31452 stop marker present; see data/buy30727-supervisor.stopped)
[2026-06-08T03:49:04Z] keep-alive tick complete
===== keep-alive tick 2026-06-08T03:53:55Z =====
[2026-06-08T03:53:55Z] deep_page_loop OK pid=2579615
[2026-06-08T03:53:55Z] sustained_loop OK pid=2923710
[2026-06-08T03:53:55Z] lane_supervisor SKIPPED (BUY-31452 stop marker present; see data/buy30727-supervisor.stopped)
[2026-06-08T03:53:55Z] keep-alive tick complete
===== keep-alive tick 2026-06-08T03:54:12Z =====
[2026-06-08T03:54:12Z] deep_page_loop OK pid=2579615
[2026-06-08T03:54:12Z] sustained_loop OK pid=2923710
[2026-06-08T03:54:12Z] lane_supervisor SKIPPED (BUY-31452 stop marker present; see data/buy30727-supervisor.stopped)
[2026-06-08T03:54:12Z] keep-alive tick complete
===== keep-alive tick 2026-06-08T03:58:41Z =====
[2026-06-08T03:58:41Z] deep_page_loop OK pid=2579615
[2026-06-08T03:58:41Z] sustained_loop OK pid=2923710
[2026-06-08T03:58:41Z] lane_supervisor SKIPPED (BUY-31452 stop marker present; see data/buy30727-supervisor.stopped)
[2026-06-08T03:58:41Z] keep-alive tick complete
===== keep-alive tick 2026-06-08T04:01:18Z =====
[2026-06-08T04:01:18Z] deep_page_loop OK pid=2579615
[2026-06-08T04:01:18Z] sustained_loop OK pid=2923710
[2026-06-08T04:01:18Z] lane_supervisor SKIPPED (BUY-31452 stop marker present; see data/buy30727-supervisor.stopped)
[2026-06-08T04:01:18Z] keep-alive tick complete
===== keep-alive tick 2026-06-08T04:02:42Z =====
[2026-06-08T04:02:42Z] deep_page_loop OK pid=2579615
[2026-06-08T04:02:43Z] sustained_loop OK pid=2923710
[2026-06-08T04:02:43Z] lane_supervisor SKIPPED (BUY-31452 stop marker present; see data/buy30727-supervisor.stopped)
[2026-06-08T04:02:43Z] keep-alive tick complete
===== keep-alive tick 2026-06-08T04:06:52Z =====
[2026-06-08T04:06:52Z] deep_page_loop OK pid=2579615
[2026-06-08T04:06:52Z] sustained_loop OK pid=2923710
[2026-06-08T04:06:52Z] lane_supervisor SKIPPED (BUY-31452 stop marker present; see data/buy30727-supervisor.stopped)
[2026-06-08T04:06:52Z] keep-alive tick complete
===== keep-alive tick 2026-06-08T04:11:35Z =====
[2026-06-08T04:11:35Z] deep_page_loop OK pid=2579615
[2026-06-08T04:11:36Z] sustained_loop OK pid=2923710
[2026-06-08T04:11:36Z] lane_supervisor SKIPPED (BUY-31452 stop marker present; see data/buy30727-supervisor.stopped)
[2026-06-08T04:11:36Z] keep-alive tick complete
===== keep-alive tick 2026-06-08T04:12:17Z =====
[2026-06-08T04:12:17Z] deep_page_loop OK pid=2579615
[2026-06-08T04:12:17Z] sustained_loop OK pid=2923710
[2026-06-08T04:12:17Z] lane_supervisor SKIPPED (BUY-31452 stop marker present; see data/buy30727-supervisor.stopped)
[2026-06-08T04:12:17Z] keep-alive tick complete
===== keep-alive tick 2026-06-08T04:17:20Z =====
[2026-06-08T04:17:20Z] deep_page_loop OK pid=2579615
[2026-06-08T04:17:20Z] sustained_loop OK pid=2923710
[2026-06-08T04:17:20Z] lane_supervisor SKIPPED (BUY-31452 stop marker present; see data/buy30727-supervisor.stopped)
[2026-06-08T04:17:20Z] keep-alive tick complete
===== keep-alive tick 2026-06-08T04:19:15Z =====
[2026-06-08T04:19:15Z] deep_page_loop OK pid=2579615
[2026-06-08T04:19:15Z] sustained_loop OK pid=2923710
[2026-06-08T04:19:15Z] lane_supervisor SKIPPED (BUY-31452 stop marker present; see data/buy30727-supervisor.stopped)
[2026-06-08T04:19:15Z] keep-alive tick complete
===== keep-alive tick 2026-06-08T04:21:35Z =====
[2026-06-08T04:21:35Z] deep_page_loop OK pid=2579615
[2026-06-08T04:21:35Z] sustained_loop OK pid=2923710
[2026-06-08T04:21:35Z] lane_supervisor SKIPPED (BUY-31452 stop marker present; see data/buy30727-supervisor.stopped)
[2026-06-08T04:21:35Z] keep-alive tick complete
===== keep-alive tick 2026-06-08T04:26:12Z =====
[2026-06-08T04:26:12Z] deep_page_loop OK pid=2579615
[2026-06-08T04:26:12Z] sustained_loop OK pid=2923710
[2026-06-08T04:26:12Z] lane_supervisor SKIPPED (BUY-31452 stop marker present; see data/buy30727-supervisor.stopped)
[2026-06-08T04:26:12Z] keep-alive tick complete
===== keep-alive tick 2026-06-08T04:31:27Z =====
[2026-06-08T04:31:27Z] deep_page_loop OK pid=2579615
[2026-06-08T04:31:27Z] sustained_loop OK pid=2923710
[2026-06-08T04:31:27Z] lane_supervisor SKIPPED (BUY-31452 stop marker present; see data/buy30727-supervisor.stopped)
[2026-06-08T04:31:27Z] keep-alive tick complete
===== keep-alive tick 2026-06-08T04:31:55Z =====
[2026-06-08T04:31:55Z] deep_page_loop OK pid=2579615
[2026-06-08T04:31:55Z] sustained_loop OK pid=2923710
[2026-06-08T04:31:55Z] lane_supervisor SKIPPED (BUY-31452 stop marker present; see data/buy30727-supervisor.stopped)
[2026-06-08T04:31:55Z] keep-alive tick complete
===== keep-alive tick 2026-06-08T04:36:22Z =====
[2026-06-08T04:36:22Z] deep_page_loop OK pid=2579615
[2026-06-08T04:36:23Z] sustained_loop OK pid=2923710
[2026-06-08T04:36:23Z] lane_supervisor SKIPPED (BUY-31452 stop marker present; see data/buy30727-supervisor.stopped)
[2026-06-08T04:36:23Z] keep-alive tick complete
===== keep-alive tick 2026-06-08T04:41:05Z =====
[2026-06-08T04:41:05Z] deep_page_loop OK pid=2579615
[2026-06-08T04:41:05Z] sustained_loop OK pid=2923710
[2026-06-08T04:41:05Z] lane_supervisor SKIPPED (BUY-31452 stop marker present; see data/buy30727-supervisor.stopped)
[2026-06-08T04:41:05Z] keep-alive tick complete
===== keep-alive tick 2026-06-08T04:46:10Z =====
[2026-06-08T04:46:10Z] deep_page_loop OK pid=2579615
[2026-06-08T04:46:10Z] sustained_loop OK pid=2923710
[2026-06-08T04:46:10Z] lane_supervisor SKIPPED (BUY-31452 stop marker present; see data/buy30727-supervisor.stopped)
[2026-06-08T04:46:10Z] keep-alive tick complete
===== keep-alive tick 2026-06-08T04:47:26Z =====
[2026-06-08T04:47:26Z] deep_page_loop OK pid=2579615
[2026-06-08T04:47:26Z] sustained_loop OK pid=2923710
[2026-06-08T04:47:26Z] lane_supervisor SKIPPED (BUY-31452 stop marker present; see data/buy30727-supervisor.stopped)
[2026-06-08T04:47:26Z] keep-alive tick complete
===== keep-alive tick 2026-06-08T04:51:44Z =====
[2026-06-08T04:51:44Z] deep_page_loop OK pid=2579615
[2026-06-08T04:51:44Z] sustained_loop OK pid=2923710
[2026-06-08T04:51:44Z] lane_supervisor SKIPPED (BUY-31452 stop marker present; see data/buy30727-supervisor.stopped)
[2026-06-08T04:51:44Z] keep-alive tick complete
===== keep-alive tick 2026-06-08T04:53:17Z =====
[2026-06-08T04:53:17Z] deep_page_loop OK pid=2579615
[2026-06-08T04:53:17Z] sustained_loop OK pid=2923710
[2026-06-08T04:53:17Z] lane_supervisor SKIPPED (BUY-31452 stop marker present; see data/buy30727-supervisor.stopped)
[2026-06-08T04:53:17Z] keep-alive tick complete
===== keep-alive tick 2026-06-08T04:56:16Z =====
[2026-06-08T04:56:16Z] deep_page_loop OK pid=2579615
[2026-06-08T04:56:16Z] sustained_loop OK pid=2923710
[2026-06-08T04:56:16Z] lane_supervisor SKIPPED (BUY-31452 stop marker present; see data/buy30727-supervisor.stopped)
[2026-06-08T04:56:16Z] keep-alive tick complete
===== keep-alive tick 2026-06-08T04:56:52Z =====
[2026-06-08T04:56:53Z] deep_page_loop OK pid=2579615
[2026-06-08T04:56:53Z] sustained_loop OK pid=2923710
[2026-06-08T04:56:53Z] lane_supervisor SKIPPED (BUY-31452 stop marker present; see data/buy30727-supervisor.stopped)
[2026-06-08T04:56:53Z] keep-alive tick complete
===== keep-alive tick 2026-06-08T05:01:31Z =====
[2026-06-08T05:01:31Z] deep_page_loop OK pid=2579615
[2026-06-08T05:01:31Z] sustained_loop OK pid=2923710
[2026-06-08T05:01:31Z] lane_supervisor SKIPPED (BUY-31452 stop marker present; see data/buy30727-supervisor.stopped)
[2026-06-08T05:01:31Z] keep-alive tick complete
===== keep-alive tick 2026-06-08T05:01:33Z =====
[2026-06-08T05:01:33Z] deep_page_loop OK pid=2579615
[2026-06-08T05:01:33Z] sustained_loop OK pid=2923710
[2026-06-08T05:01:33Z] lane_supervisor SKIPPED (BUY-31452 stop marker present; see data/buy30727-supervisor.stopped)
[2026-06-08T05:01:33Z] keep-alive tick complete
===== keep-alive tick 2026-06-08T05:06:47Z =====
[2026-06-08T05:06:47Z] deep_page_loop OK pid=2579615
[2026-06-08T05:06:47Z] sustained_loop OK pid=2923710
[2026-06-08T05:06:47Z] lane_supervisor SKIPPED (BUY-31452 stop marker present; see data/buy30727-supervisor.stopped)
[2026-06-08T05:06:47Z] keep-alive tick complete
===== keep-alive tick 2026-06-08T05:11:07Z =====
[2026-06-08T05:11:07Z] deep_page_loop OK pid=2579615
[2026-06-08T05:11:07Z] sustained_loop OK pid=2923710
[2026-06-08T05:11:07Z] lane_supervisor SKIPPED (BUY-31452 stop marker present; see data/buy30727-supervisor.stopped)
[2026-06-08T05:11:07Z] keep-alive tick complete
===== keep-alive tick 2026-06-08T05:11:10Z =====
[2026-06-08T05:11:10Z] deep_page_loop OK pid=2579615
[2026-06-08T05:11:10Z] sustained_loop OK pid=2923710
[2026-06-08T05:11:10Z] lane_supervisor SKIPPED (BUY-31452 stop marker present; see data/buy30727-supervisor.stopped)
[2026-06-08T05:11:11Z] keep-alive tick complete
===== keep-alive tick 2026-06-08T05:11:19Z =====
[2026-06-08T05:11:19Z] deep_page_loop OK pid=2579615
[2026-06-08T05:11:19Z] sustained_loop OK pid=2923710
[2026-06-08T05:11:19Z] lane_supervisor SKIPPED (BUY-31452 stop marker present; see data/buy30727-supervisor.stopped)
[2026-06-08T05:11:19Z] keep-alive tick complete
===== keep-alive tick 2026-06-08T05:12:38Z =====
[2026-06-08T05:12:38Z] deep_page_loop OK pid=2579615
[2026-06-08T05:12:38Z] sustained_loop OK pid=2923710
[2026-06-08T05:12:38Z] lane_supervisor SKIPPED (BUY-31452 stop marker present; see data/buy30727-supervisor.stopped)
[2026-06-08T05:12:38Z] keep-alive tick complete
===== keep-alive tick 2026-06-08T05:16:45Z =====
[2026-06-08T05:16:45Z] deep_page_loop DEAD — restarting (consecutive_dead_ticks=1)
[2026-06-08T05:16:47Z] deep_page_loop restarted pid=3677960 root=/paperclip/instances/default/workspaces/3ec8f6dd-1735-4479-9825-a2c42edac34c
[2026-06-08T05:16:48Z] sustained_loop DEAD — restarting (consecutive_dead_ticks=1)
[2026-06-08T05:16:50Z] sustained_loop restarted pid=3678151 root=/paperclip/instances/default/workspaces/3ec8f6dd-1735-4479-9825-a2c42edac34c
[2026-06-08T05:16:50Z] lane_supervisor SKIPPED (BUY-31452 stop marker present; see data/buy30727-supervisor.stopped)
[2026-06-08T05:16:50Z] keep-alive tick complete
===== keep-alive tick 2026-06-08T05:21:20Z =====
[2026-06-08T05:21:20Z] deep_page_loop DEAD — restarting (consecutive_dead_ticks=2)
[2026-06-08T05:21:22Z] deep_page_loop restarted pid=3749068 root=/paperclip/instances/default/workspaces/3ec8f6dd-1735-4479-9825-a2c42edac34c
[2026-06-08T05:21:22Z] sustained_loop DEAD — restarting (consecutive_dead_ticks=2)
[2026-06-08T05:21:24Z] sustained_loop restarted pid=3749312 root=/paperclip/instances/default/workspaces/3ec8f6dd-1735-4479-9825-a2c42edac34c
[2026-06-08T05:21:24Z] lane_supervisor SKIPPED (BUY-31452 stop marker present; see data/buy30727-supervisor.stopped)
[2026-06-08T05:21:24Z] keep-alive tick complete
===== keep-alive tick 2026-06-08T05:21:29Z =====
[2026-06-08T05:21:29Z] deep_page_loop OK pid=3749068
[2026-06-08T05:21:29Z] sustained_loop OK pid=3749312
[2026-06-08T05:21:29Z] lane_supervisor SKIPPED (BUY-31452 stop marker present; see data/buy30727-supervisor.stopped)
[2026-06-08T05:21:29Z] keep-alive tick complete
===== keep-alive tick 2026-06-08T05:22:13Z =====
[2026-06-08T05:22:13Z] deep_page_loop OK pid=3749068
[2026-06-08T05:22:13Z] sustained_loop OK pid=3749312
[2026-06-08T05:22:13Z] lane_supervisor SKIPPED (BUY-31452 stop marker present; see data/buy30727-supervisor.stopped)
[2026-06-08T05:22:13Z] keep-alive tick complete
===== keep-alive tick 2026-06-08T05:26:59Z =====
[2026-06-08T05:26:59Z] deep_page_loop DEAD — restarting (consecutive_dead_ticks=1)
[2026-06-08T05:27:01Z] deep_page_loop restarted pid=3767648 root=/paperclip/instances/default/workspaces/3ec8f6dd-1735-4479-9825-a2c42edac34c
[2026-06-08T05:27:01Z] sustained_loop DEAD — restarting (consecutive_dead_ticks=1)
[2026-06-08T05:27:03Z] sustained_loop restarted pid=3767845 root=/paperclip/instances/default/workspaces/3ec8f6dd-1735-4479-9825-a2c42edac34c
[2026-06-08T05:27:03Z] lane_supervisor SKIPPED (BUY-31452 stop marker present; see data/buy30727-supervisor.stopped)
[2026-06-08T05:27:03Z] keep-alive tick complete
===== keep-alive tick 2026-06-08T05:28:01Z =====
[2026-06-08T05:28:01Z] deep_page_loop OK pid=3767648
[2026-06-08T05:28:01Z] sustained_loop OK pid=3767845
[2026-06-08T05:28:01Z] lane_supervisor SKIPPED (BUY-31452 stop marker present; see data/buy30727-supervisor.stopped)
[2026-06-08T05:28:01Z] keep-alive tick complete
===== keep-alive tick 2026-06-08T05:32:35Z =====
[2026-06-08T05:32:35Z] deep_page_loop DEAD — restarting (consecutive_dead_ticks=1)
[2026-06-08T05:32:37Z] deep_page_loop restarted pid=3785158 root=/paperclip/instances/default/workspaces/3ec8f6dd-1735-4479-9825-a2c42edac34c
[2026-06-08T05:32:37Z] sustained_loop OK pid=3782235
[2026-06-08T05:32:37Z] lane_supervisor SKIPPED (BUY-31452 stop marker present; see data/buy30727-supervisor.stopped)
[2026-06-08T05:32:37Z] keep-alive tick complete
===== keep-alive tick 2026-06-08T05:37:40Z =====
[2026-06-08T05:37:40Z] deep_page_loop DEAD — restarting (consecutive_dead_ticks=2)
[2026-06-08T05:37:42Z] deep_page_loop restarted pid=3800254 root=/paperclip/instances/default/workspaces/3ec8f6dd-1735-4479-9825-a2c42edac34c
[2026-06-08T05:37:42Z] sustained_loop OK pid=3792511
[2026-06-08T05:37:42Z] lane_supervisor SKIPPED (BUY-31452 stop marker present; see data/buy30727-supervisor.stopped)
[2026-06-08T05:37:42Z] keep-alive tick complete
===== keep-alive tick 2026-06-08T05:40:43Z =====
[2026-06-08T05:40:43Z] deep_page_loop DEAD — restarting (consecutive_dead_ticks=3)
[2026-06-08T05:40:45Z] deep_page_loop restarted pid=3807757 root=/paperclip/instances/default/workspaces/3ec8f6dd-1735-4479-9825-a2c42edac34c
[2026-06-08T05:40:46Z] sustained_loop DEAD — restarting (consecutive_dead_ticks=1)
[2026-06-08T05:40:48Z] sustained_loop restarted pid=3807935 root=/paperclip/instances/default/workspaces/3ec8f6dd-1735-4479-9825-a2c42edac34c
[2026-06-08T05:40:48Z] lane_supervisor SKIPPED (BUY-31452 stop marker present; see data/buy30727-supervisor.stopped)
[2026-06-08T05:40:48Z] keep-alive tick complete
===== keep-alive tick 2026-06-08T05:42:10Z =====
[2026-06-08T05:42:10Z] deep_page_loop OK pid=3807757
[2026-06-08T05:42:10Z] sustained_loop OK pid=3807935
[2026-06-08T05:42:10Z] lane_supervisor SKIPPED (BUY-31452 stop marker present; see data/buy30727-supervisor.stopped)
[2026-06-08T05:42:10Z] keep-alive tick complete
===== keep-alive tick 2026-06-08T05:43:38Z =====
[2026-06-08T05:43:38Z] deep_page_loop OK pid=3807757
[2026-06-08T05:43:38Z] sustained_loop OK pid=3807935
[2026-06-08T05:43:38Z] lane_supervisor SKIPPED (BUY-31452 stop marker present; see data/buy30727-supervisor.stopped)
[2026-06-08T05:43:38Z] keep-alive tick complete
===== keep-alive tick 2026-06-08T05:49:23Z =====
[2026-06-08T05:49:24Z] deep_page_loop DEAD — restarting (consecutive_dead_ticks=1)
[2026-06-08T05:49:26Z] deep_page_loop restarted pid=3841310 root=/paperclip/instances/default/workspaces/3ec8f6dd-1735-4479-9825-a2c42edac34c
[2026-06-08T05:49:26Z] sustained_loop DEAD — restarting (consecutive_dead_ticks=1)
[2026-06-08T05:49:28Z] sustained_loop restarted pid=3841390 root=/paperclip/instances/default/workspaces/3ec8f6dd-1735-4479-9825-a2c42edac34c
[2026-06-08T05:49:28Z] lane_supervisor SKIPPED (BUY-31452 stop marker present; see data/buy30727-supervisor.stopped)
[2026-06-08T05:49:28Z] keep-alive tick complete
===== keep-alive tick 2026-06-08T05:56:50Z =====
[2026-06-08T05:56:50Z] deep_page_loop DEAD — restarting (consecutive_dead_ticks=2)
[2026-06-08T05:56:52Z] deep_page_loop restarted pid=3875486 root=/paperclip/instances/default/workspaces/3ec8f6dd-1735-4479-9825-a2c42edac34c
[2026-06-08T05:56:52Z] duplicate buy30331-sustained-loop.mjs killed pid=3848429 (kept 3848427)
[2026-06-08T05:56:52Z] sustained_loop OK pid=3848427
[2026-06-08T05:56:52Z] lane_supervisor SKIPPED (BUY-31452 stop marker present; see data/buy30727-supervisor.stopped)
[2026-06-08T05:56:52Z] keep-alive tick complete
===== keep-alive tick 2026-06-08T05:58:57Z =====
[2026-06-08T05:58:57Z] deep_page_loop OK pid=3875486
[2026-06-08T05:58:57Z] sustained_loop DEAD — restarting (consecutive_dead_ticks=1)
[2026-06-08T05:58:59Z] sustained_loop restarted pid=3884591 root=/paperclip/instances/default/workspaces/3ec8f6dd-1735-4479-9825-a2c42edac34c
[2026-06-08T05:58:59Z] lane_supervisor SKIPPED (BUY-31452 stop marker present; see data/buy30727-supervisor.stopped)
[2026-06-08T05:58:59Z] keep-alive tick complete
===== keep-alive tick 2026-06-08T06:02:49Z =====
[2026-06-08T06:02:49Z] deep_page_loop DEAD — restarting (consecutive_dead_ticks=1)
[2026-06-08T06:02:51Z] deep_page_loop restarted pid=3900946 root=/paperclip/instances/default/workspaces/3ec8f6dd-1735-4479-9825-a2c42edac34c
[2026-06-08T06:02:51Z] duplicate buy30331-sustained-loop.mjs killed pid=3890510 (kept 3890508)
[2026-06-08T06:02:51Z] sustained_loop OK pid=3890508
[2026-06-08T06:02:51Z] lane_supervisor SKIPPED (BUY-31452 stop marker present; see data/buy30727-supervisor.stopped)
[2026-06-08T06:02:51Z] keep-alive tick complete
===== keep-alive tick 2026-06-08T06:03:25Z =====
[2026-06-08T06:03:25Z] deep_page_loop OK pid=3900946
[2026-06-08T06:03:25Z] sustained_loop DEAD — restarting (consecutive_dead_ticks=1)
[2026-06-08T06:03:27Z] sustained_loop restarted pid=3907415 root=/paperclip/instances/default/workspaces/3ec8f6dd-1735-4479-9825-a2c42edac34c
[2026-06-08T06:03:27Z] lane_supervisor SKIPPED (BUY-31452 stop marker present; see data/buy30727-supervisor.stopped)
[2026-06-08T06:03:27Z] keep-alive tick complete
===== keep-alive tick 2026-06-08T06:10:23Z =====
[2026-06-08T06:10:23Z] deep_page_loop DEAD — restarting (consecutive_dead_ticks=1)
[2026-06-08T06:10:25Z] deep_page_loop restarted pid=3937991 root=/paperclip/instances/default/workspaces/3ec8f6dd-1735-4479-9825-a2c42edac34c
[2026-06-08T06:10:25Z] sustained_loop DEAD — restarting (consecutive_dead_ticks=2)
[2026-06-08T06:10:28Z] sustained_loop restarted pid=3938112 root=/paperclip/instances/default/workspaces/3ec8f6dd-1735-4479-9825-a2c42edac34c
[2026-06-08T06:10:28Z] lane_supervisor SKIPPED (BUY-31452 stop marker present; see data/buy30727-supervisor.stopped)
[2026-06-08T06:10:28Z] keep-alive tick complete
===== keep-alive tick 2026-06-08T06:15:00Z =====
[2026-06-08T06:15:00Z] deep_page_loop OK pid=3937991
[2026-06-08T06:15:00Z] sustained_loop OK pid=3938112
[2026-06-08T06:15:00Z] lane_supervisor SKIPPED (BUY-31452 stop marker present; see data/buy30727-supervisor.stopped)
[2026-06-08T06:15:00Z] keep-alive tick complete
===== keep-alive tick 2026-06-08T06:20:07Z =====
[2026-06-08T06:20:07Z] deep_page_loop DEAD — restarting (consecutive_dead_ticks=1)
[2026-06-08T06:20:09Z] deep_page_loop restarted pid=3974556 root=/paperclip/instances/default/workspaces/3ec8f6dd-1735-4479-9825-a2c42edac34c
[2026-06-08T06:20:09Z] duplicate buy30331-sustained-loop.mjs killed pid=3968143 (kept 3968141)
[2026-06-08T06:20:09Z] sustained_loop OK pid=3968141
[2026-06-08T06:20:09Z] lane_supervisor SKIPPED (BUY-31452 stop marker present; see data/buy30727-supervisor.stopped)
[2026-06-08T06:20:09Z] keep-alive tick complete
===== keep-alive tick 2026-06-08T06:22:21Z =====
[2026-06-08T06:22:21Z] deep_page_loop OK pid=3974556
[2026-06-08T06:22:21Z] sustained_loop OK pid=3979366
[2026-06-08T06:22:21Z] lane_supervisor SKIPPED (BUY-31452 stop marker present; see data/buy30727-supervisor.stopped)
[2026-06-08T06:22:21Z] keep-alive tick complete
===== keep-alive tick 2026-06-08T06:25:07Z =====
[2026-06-08T06:25:07Z] deep_page_loop DEAD — restarting (consecutive_dead_ticks=1)
[2026-06-08T06:25:09Z] deep_page_loop restarted pid=3997470 root=/paperclip/instances/default/workspaces/3ec8f6dd-1735-4479-9825-a2c42edac34c
[2026-06-08T06:25:09Z] sustained_loop OK pid=3979366
[2026-06-08T06:25:09Z] lane_supervisor SKIPPED (BUY-31452 stop marker present; see data/buy30727-supervisor.stopped)
[2026-06-08T06:25:09Z] keep-alive tick complete
===== keep-alive tick 2026-06-08T06:26:38Z =====
[2026-06-08T06:26:38Z] deep_page_loop OK pid=3997470
[2026-06-08T06:26:38Z] sustained_loop OK pid=3979366
[2026-06-08T06:26:38Z] lane_supervisor SKIPPED (BUY-31452 stop marker present; see data/buy30727-supervisor.stopped)
[2026-06-08T06:26:38Z] keep-alive tick complete
===== keep-alive tick 2026-06-08T06:27:00Z =====
[2026-06-08T06:27:00Z] deep_page_loop OK pid=3997470
[2026-06-08T06:27:00Z] sustained_loop OK pid=3979366
[2026-06-08T06:27:00Z] lane_supervisor SKIPPED (BUY-31452 stop marker present; see data/buy30727-supervisor.stopped)
[2026-06-08T06:27:00Z] keep-alive tick complete
===== keep-alive tick 2026-06-08T06:35:26Z =====
[2026-06-08T06:35:26Z] deep_page_loop OK pid=4044040
[2026-06-08T06:35:26Z] sustained_loop DEAD — restarting (consecutive_dead_ticks=1)
[2026-06-08T06:35:28Z] sustained_loop restarted pid=4053859 root=/paperclip/instances/default/workspaces/3ec8f6dd-1735-4479-9825-a2c42edac34c
[2026-06-08T06:35:28Z] lane_supervisor SKIPPED (BUY-31452 stop marker present; see data/buy30727-supervisor.stopped)
[2026-06-08T06:35:28Z] keep-alive tick complete
===== keep-alive tick 2026-06-08T06:37:05Z =====
[2026-06-08T06:37:05Z] deep_page_loop OK pid=4044040
[2026-06-08T06:37:05Z] sustained_loop OK pid=4053859
[2026-06-08T06:37:05Z] lane_supervisor SKIPPED (BUY-31452 stop marker present; see data/buy30727-supervisor.stopped)
[2026-06-08T06:37:05Z] keep-alive tick complete
===== keep-alive tick 2026-06-08T06:41:59Z =====
[2026-06-08T06:41:59Z] deep_page_loop OK pid=4044040
[2026-06-08T06:41:59Z] sustained_loop DEAD — restarting (consecutive_dead_ticks=1)
[2026-06-08T06:42:01Z] sustained_loop restarted pid=4084397 root=/paperclip/instances/default/workspaces/3ec8f6dd-1735-4479-9825-a2c42edac34c
[2026-06-08T06:42:01Z] lane_supervisor SKIPPED (BUY-31452 stop marker present; see data/buy30727-supervisor.stopped)
[2026-06-08T06:42:01Z] keep-alive tick complete
===== keep-alive tick 2026-06-08T06:45:06Z =====
[2026-06-08T06:45:06Z] deep_page_loop OK pid=4044040
[2026-06-08T06:45:06Z] sustained_loop OK pid=4084397
[2026-06-08T06:45:06Z] lane_supervisor SKIPPED (BUY-31452 stop marker present; see data/buy30727-supervisor.stopped)
[2026-06-08T06:45:06Z] keep-alive tick complete
===== keep-alive tick 2026-06-08T06:46:14Z =====
[2026-06-08T06:46:14Z] deep_page_loop OK pid=4044040
[2026-06-08T06:46:14Z] sustained_loop DEAD — restarting (consecutive_dead_ticks=1)
[2026-06-08T06:46:16Z] sustained_loop restarted pid=4112240 root=/paperclip/instances/default/workspaces/3ec8f6dd-1735-4479-9825-a2c42edac34c
[2026-06-08T06:46:16Z] lane_supervisor SKIPPED (BUY-31452 stop marker present; see data/buy30727-supervisor.stopped)
[2026-06-08T06:46:16Z] keep-alive tick complete
===== keep-alive tick 2026-06-08T06:51:45Z =====
[2026-06-08T06:51:45Z] deep_page_loop OK pid=4044040
[2026-06-08T06:51:45Z] sustained_loop DEAD — restarting (consecutive_dead_ticks=2)
[2026-06-08T06:51:47Z] sustained_loop restarted pid=4158034 root=/paperclip/instances/default/workspaces/3ec8f6dd-1735-4479-9825-a2c42edac34c
[2026-06-08T06:51:47Z] lane_supervisor SKIPPED (BUY-31452 stop marker present; see data/buy30727-supervisor.stopped)
[2026-06-08T06:51:47Z] keep-alive tick complete
===== keep-alive tick 2026-06-08T06:52:11Z =====
[2026-06-08T06:52:11Z] deep_page_loop OK pid=4044040
[2026-06-08T06:52:11Z] sustained_loop OK pid=4158034
[2026-06-08T06:52:11Z] lane_supervisor SKIPPED (BUY-31452 stop marker present; see data/buy30727-supervisor.stopped)
[2026-06-08T06:52:11Z] keep-alive tick complete
===== keep-alive tick 2026-06-08T06:57:19Z =====
[2026-06-08T06:57:19Z] deep_page_loop OK pid=4044040
[2026-06-08T06:57:19Z] sustained_loop OK pid=4173035
[2026-06-08T06:57:19Z] lane_supervisor SKIPPED (BUY-31452 stop marker present; see data/buy30727-supervisor.stopped)
[2026-06-08T06:57:19Z] keep-alive tick complete
===== keep-alive tick 2026-06-08T07:02:17Z =====
[2026-06-08T07:02:17Z] deep_page_loop OK pid=4044040
[2026-06-08T07:02:17Z] sustained_loop OK pid=4173035
[2026-06-08T07:02:17Z] lane_supervisor SKIPPED (BUY-31452 stop marker present; see data/buy30727-supervisor.stopped)
[2026-06-08T07:02:17Z] keep-alive tick complete
===== keep-alive tick 2026-06-08T07:06:18Z =====
[2026-06-08T07:06:18Z] deep_page_loop OK pid=4044040
[2026-06-08T07:06:18Z] sustained_loop OK pid=4173035
[2026-06-08T07:06:18Z] lane_supervisor SKIPPED (BUY-31452 stop marker present; see data/buy30727-supervisor.stopped)
[2026-06-08T07:06:18Z] keep-alive tick complete
===== keep-alive tick 2026-06-08T07:12:13Z =====
[2026-06-08T07:12:13Z] deep_page_loop OK pid=4044040
[2026-06-08T07:12:13Z] sustained_loop OK pid=4173035
[2026-06-08T07:12:13Z] lane_supervisor SKIPPED (BUY-31452 stop marker present; see data/buy30727-supervisor.stopped)
[2026-06-08T07:12:13Z] keep-alive tick complete
===== keep-alive tick 2026-06-08T07:13:03Z =====
[2026-06-08T07:13:03Z] deep_page_loop OK pid=4044040
[2026-06-08T07:13:04Z] sustained_loop OK pid=4173035
[2026-06-08T07:13:04Z] lane_supervisor SKIPPED (BUY-31452 stop marker present; see data/buy30727-supervisor.stopped)
[2026-06-08T07:13:04Z] keep-alive tick complete
===== keep-alive tick 2026-06-08T07:13:24Z =====
[2026-06-08T07:13:24Z] deep_page_loop OK pid=4044040
[2026-06-08T07:13:24Z] sustained_loop OK pid=4173035
[2026-06-08T07:13:24Z] lane_supervisor SKIPPED (BUY-31452 stop marker present; see data/buy30727-supervisor.stopped)
[2026-06-08T07:13:24Z] keep-alive tick complete
===== keep-alive tick 2026-06-08T07:16:14Z =====
[2026-06-08T07:16:14Z] deep_page_loop OK pid=4044040
[2026-06-08T07:16:14Z] sustained_loop OK pid=4173035
[2026-06-08T07:16:14Z] lane_supervisor SKIPPED (BUY-31452 stop marker present; see data/buy30727-supervisor.stopped)
[2026-06-08T07:16:14Z] keep-alive tick complete
===== keep-alive tick 2026-06-08T07:21:12Z =====
[2026-06-08T07:21:12Z] deep_page_loop OK pid=4044040
[2026-06-08T07:21:12Z] sustained_loop OK pid=4173035
[2026-06-08T07:21:12Z] lane_supervisor SKIPPED (BUY-31452 stop marker present; see data/buy30727-supervisor.stopped)
[2026-06-08T07:21:12Z] keep-alive tick complete
===== keep-alive tick 2026-06-08T07:21:26Z =====
[2026-06-08T07:21:26Z] deep_page_loop OK pid=4044040
[2026-06-08T07:21:27Z] sustained_loop OK pid=4173035
[2026-06-08T07:21:27Z] lane_supervisor SKIPPED (BUY-31452 stop marker present; see data/buy30727-supervisor.stopped)
[2026-06-08T07:21:27Z] keep-alive tick complete
===== keep-alive tick 2026-06-08T07:26:52Z =====
[2026-06-08T07:26:52Z] deep_page_loop OK pid=4044040
[2026-06-08T07:26:52Z] sustained_loop OK pid=4173035
[2026-06-08T07:26:52Z] lane_supervisor SKIPPED (BUY-31452 stop marker present; see data/buy30727-supervisor.stopped)
[2026-06-08T07:26:52Z] keep-alive tick complete
===== keep-alive tick 2026-06-08T07:27:22Z =====
[2026-06-08T07:27:22Z] deep_page_loop OK pid=4044040
[2026-06-08T07:27:22Z] sustained_loop OK pid=4173035
[2026-06-08T07:27:22Z] lane_supervisor SKIPPED (BUY-31452 stop marker present; see data/buy30727-supervisor.stopped)
[2026-06-08T07:27:22Z] keep-alive tick complete
===== keep-alive tick 2026-06-08T07:31:13Z =====
[2026-06-08T07:31:13Z] deep_page_loop OK pid=4044040
[2026-06-08T07:31:13Z] sustained_loop OK pid=4173035
[2026-06-08T07:31:13Z] lane_supervisor SKIPPED (BUY-31452 stop marker present; see data/buy30727-supervisor.stopped)
[2026-06-08T07:31:13Z] keep-alive tick complete
===== keep-alive tick 2026-06-08T07:31:47Z =====
[2026-06-08T07:31:47Z] deep_page_loop OK pid=4044040
[2026-06-08T07:31:47Z] sustained_loop OK pid=4173035
[2026-06-08T07:31:47Z] lane_supervisor SKIPPED (BUY-31452 stop marker present; see data/buy30727-supervisor.stopped)
[2026-06-08T07:31:47Z] keep-alive tick complete
===== keep-alive tick 2026-06-08T07:32:59Z =====
[2026-06-08T07:32:59Z] deep_page_loop OK pid=4044040
[2026-06-08T07:32:59Z] sustained_loop OK pid=4173035
[2026-06-08T07:32:59Z] lane_supervisor SKIPPED (BUY-31452 stop marker present; see data/buy30727-supervisor.stopped)
[2026-06-08T07:32:59Z] keep-alive tick complete
===== keep-alive tick 2026-06-08T07:37:02Z =====
[2026-06-08T07:37:02Z] deep_page_loop OK pid=4044040
[2026-06-08T07:37:03Z] sustained_loop OK pid=4173035
[2026-06-08T07:37:03Z] lane_supervisor SKIPPED (BUY-31452 stop marker present; see data/buy30727-supervisor.stopped)
[2026-06-08T07:37:03Z] keep-alive tick complete
===== keep-alive tick 2026-06-08T07:41:50Z =====
[2026-06-08T07:41:50Z] deep_page_loop OK pid=4044040
[2026-06-08T07:41:50Z] sustained_loop OK pid=4173035
[2026-06-08T07:41:50Z] lane_supervisor SKIPPED (BUY-31452 stop marker present; see data/buy30727-supervisor.stopped)
[2026-06-08T07:41:50Z] keep-alive tick complete
===== keep-alive tick 2026-06-08T07:42:39Z =====
[2026-06-08T07:42:39Z] deep_page_loop OK pid=4044040
[2026-06-08T07:42:39Z] sustained_loop OK pid=4173035
[2026-06-08T07:42:39Z] lane_supervisor SKIPPED (BUY-31452 stop marker present; see data/buy30727-supervisor.stopped)
[2026-06-08T07:42:39Z] keep-alive tick complete
===== keep-alive tick 2026-06-08T07:46:32Z =====
[2026-06-08T07:46:32Z] deep_page_loop OK pid=4044040
[2026-06-08T07:46:32Z] sustained_loop OK pid=4173035
[2026-06-08T07:46:32Z] lane_supervisor SKIPPED (BUY-31452 stop marker present; see data/buy30727-supervisor.stopped)
[2026-06-08T07:46:32Z] keep-alive tick complete
===== keep-alive tick 2026-06-08T07:48:02Z =====
[2026-06-08T07:48:02Z] deep_page_loop OK pid=4044040
[2026-06-08T07:48:02Z] sustained_loop OK pid=4173035
[2026-06-08T07:48:02Z] lane_supervisor SKIPPED (BUY-31452 stop marker present; see data/buy30727-supervisor.stopped)
[2026-06-08T07:48:02Z] keep-alive tick complete
===== keep-alive tick 2026-06-08T08:04:02Z =====
[2026-06-08T08:04:02Z] deep_page_loop OK pid=4044040
[2026-06-08T08:04:02Z] sustained_loop OK pid=4173035
[2026-06-08T08:04:03Z] lane_supervisor SKIPPED (BUY-31452 stop marker present; see data/buy30727-supervisor.stopped)
[2026-06-08T08:04:03Z] keep-alive tick complete
===== keep-alive tick 2026-06-08T08:07:26Z =====
[2026-06-08T08:07:26Z] deep_page_loop OK pid=4044040
[2026-06-08T08:07:26Z] sustained_loop OK pid=4173035
[2026-06-08T08:07:26Z] lane_supervisor SKIPPED (BUY-31452 stop marker present; see data/buy30727-supervisor.stopped)
[2026-06-08T08:07:26Z] keep-alive tick complete
===== keep-alive tick 2026-06-08T08:12:13Z =====
[2026-06-08T08:12:13Z] deep_page_loop OK pid=4044040
[2026-06-08T08:12:13Z] sustained_loop OK pid=4173035
[2026-06-08T08:12:13Z] lane_supervisor SKIPPED (BUY-31452 stop marker present; see data/buy30727-supervisor.stopped)
[2026-06-08T08:12:13Z] keep-alive tick complete
===== keep-alive tick 2026-06-08T08:12:55Z =====
[2026-06-08T08:12:55Z] deep_page_loop OK pid=4044040
[2026-06-08T08:12:55Z] sustained_loop OK pid=4173035
[2026-06-08T08:12:55Z] lane_supervisor SKIPPED (BUY-31452 stop marker present; see data/buy30727-supervisor.stopped)
[2026-06-08T08:12:55Z] keep-alive tick complete
===== keep-alive tick 2026-06-08T08:17:06Z =====
[2026-06-08T08:17:06Z] deep_page_loop OK pid=4044040
[2026-06-08T08:17:06Z] sustained_loop OK pid=4173035
[2026-06-08T08:17:06Z] lane_supervisor SKIPPED (BUY-31452 stop marker present; see data/buy30727-supervisor.stopped)
[2026-06-08T08:17:06Z] keep-alive tick complete
===== keep-alive tick 2026-06-08T08:42:54Z =====
[2026-06-08T08:42:54Z] deep_page_loop OK pid=4044040
[2026-06-08T08:42:54Z] sustained_loop OK pid=4173035
[2026-06-08T08:42:54Z] lane_supervisor SKIPPED (BUY-31452 stop marker present; see data/buy30727-supervisor.stopped)
[2026-06-08T08:42:54Z] keep-alive tick complete
===== keep-alive tick 2026-06-08T08:47:35Z =====
[2026-06-08T08:47:35Z] deep_page_loop OK pid=4044040
[2026-06-08T08:47:35Z] sustained_loop OK pid=4173035
[2026-06-08T08:47:35Z] lane_supervisor SKIPPED (BUY-31452 stop marker present; see data/buy30727-supervisor.stopped)
[2026-06-08T08:47:35Z] keep-alive tick complete
===== keep-alive tick 2026-06-08T08:48:14Z =====
[2026-06-08T08:48:14Z] deep_page_loop OK pid=4044040
[2026-06-08T08:48:14Z] sustained_loop OK pid=4173035
[2026-06-08T08:48:14Z] lane_supervisor SKIPPED (BUY-31452 stop marker present; see data/buy30727-supervisor.stopped)
[2026-06-08T08:48:14Z] keep-alive tick complete
===== keep-alive tick 2026-06-08T08:52:35Z =====
[2026-06-08T08:52:35Z] deep_page_loop OK pid=4044040
[2026-06-08T08:52:36Z] sustained_loop DEAD — restarting (consecutive_dead_ticks=1)
[2026-06-08T08:52:38Z] sustained_loop restarted pid=403787 root=/paperclip/instances/default/workspaces/3ec8f6dd-1735-4479-9825-a2c42edac34c
[2026-06-08T08:52:38Z] lane_supervisor SKIPPED (BUY-31452 stop marker present; see data/buy30727-supervisor.stopped)
[2026-06-08T08:52:38Z] keep-alive tick complete
===== keep-alive tick 2026-06-08T08:52:46Z =====
[2026-06-08T08:52:47Z] deep_page_loop OK pid=4044040
[2026-06-08T08:52:47Z] sustained_loop OK pid=403787
[2026-06-08T08:52:47Z] lane_supervisor SKIPPED (BUY-31452 stop marker present; see data/buy30727-supervisor.stopped)
[2026-06-08T08:52:47Z] keep-alive tick complete
===== keep-alive tick 2026-06-08T08:58:06Z =====
[2026-06-08T08:58:06Z] deep_page_loop OK pid=4044040
[2026-06-08T08:58:06Z] sustained_loop DEAD — restarting (consecutive_dead_ticks=1)
[2026-06-08T08:58:08Z] sustained_loop restarted pid=430875 root=/paperclip/instances/default/workspaces/3ec8f6dd-1735-4479-9825-a2c42edac34c
[2026-06-08T08:58:08Z] lane_supervisor SKIPPED (BUY-31452 stop marker present; see data/buy30727-supervisor.stopped)
[2026-06-08T08:58:08Z] keep-alive tick complete
===== keep-alive tick 2026-06-08T08:59:35Z =====
[2026-06-08T08:59:35Z] deep_page_loop OK pid=4044040
[2026-06-08T08:59:35Z] sustained_loop OK pid=430875
[2026-06-08T08:59:36Z] lane_supervisor SKIPPED (BUY-31452 stop marker present; see data/buy30727-supervisor.stopped)
[2026-06-08T08:59:36Z] keep-alive tick complete
===== keep-alive tick 2026-06-08T09:02:56Z =====
[2026-06-08T09:02:56Z] deep_page_loop OK pid=4044040
[2026-06-08T09:02:56Z] sustained_loop DEAD — restarting (consecutive_dead_ticks=1)
[2026-06-08T09:02:58Z] sustained_loop restarted pid=451296 root=/paperclip/instances/default/workspaces/3ec8f6dd-1735-4479-9825-a2c42edac34c
[2026-06-08T09:02:58Z] lane_supervisor SKIPPED (BUY-31452 stop marker present; see data/buy30727-supervisor.stopped)
[2026-06-08T09:02:58Z] keep-alive tick complete
===== keep-alive tick 2026-06-08T09:04:31Z =====
[2026-06-08T09:04:31Z] deep_page_loop OK pid=4044040
[2026-06-08T09:04:31Z] sustained_loop OK pid=451296
[2026-06-08T09:04:31Z] lane_supervisor SKIPPED (BUY-31452 stop marker present; see data/buy30727-supervisor.stopped)
[2026-06-08T09:04:31Z] keep-alive tick complete
===== keep-alive tick 2026-06-08T09:08:46Z =====
[2026-06-08T09:08:46Z] deep_page_loop OK pid=4044040
[2026-06-08T09:08:46Z] sustained_loop OK pid=466411
[2026-06-08T09:08:46Z] lane_supervisor SKIPPED (BUY-31452 stop marker present; see data/buy30727-supervisor.stopped)
[2026-06-08T09:08:46Z] keep-alive tick complete
===== keep-alive tick 2026-06-08T09:12:39Z =====
[2026-06-08T09:12:39Z] deep_page_loop OK pid=4044040
[2026-06-08T09:12:39Z] sustained_loop OK pid=466411
[2026-06-08T09:12:39Z] lane_supervisor SKIPPED (BUY-31452 stop marker present; see data/buy30727-supervisor.stopped)
[2026-06-08T09:12:39Z] keep-alive tick complete
===== keep-alive tick 2026-06-08T09:13:38Z =====
[2026-06-08T09:13:38Z] deep_page_loop OK pid=4044040
[2026-06-08T09:13:38Z] sustained_loop OK pid=466411
[2026-06-08T09:13:38Z] lane_supervisor SKIPPED (BUY-31452 stop marker present; see data/buy30727-supervisor.stopped)
[2026-06-08T09:13:38Z] keep-alive tick complete
===== keep-alive tick 2026-06-08T09:17:38Z =====
[2026-06-08T09:17:38Z] deep_page_loop OK pid=4044040
[2026-06-08T09:17:38Z] sustained_loop OK pid=466411
[2026-06-08T09:17:38Z] lane_supervisor SKIPPED (BUY-31452 stop marker present; see data/buy30727-supervisor.stopped)
[2026-06-08T09:17:38Z] keep-alive tick complete
===== keep-alive tick 2026-06-08T09:19:12Z =====
[2026-06-08T09:19:12Z] deep_page_loop OK pid=4044040
[2026-06-08T09:19:12Z] sustained_loop OK pid=466411
[2026-06-08T09:19:12Z] lane_supervisor SKIPPED (BUY-31452 stop marker present; see data/buy30727-supervisor.stopped)
[2026-06-08T09:19:12Z] keep-alive tick complete
===== keep-alive tick 2026-06-08T09:22:31Z =====
[2026-06-08T09:22:31Z] deep_page_loop OK pid=4044040
[2026-06-08T09:22:31Z] sustained_loop OK pid=466411
[2026-06-08T09:22:32Z] lane_supervisor SKIPPED (BUY-31452 stop marker present; see data/buy30727-supervisor.stopped)
[2026-06-08T09:22:32Z] keep-alive tick complete
===== keep-alive tick 2026-06-08T09:27:30Z =====
[2026-06-08T09:27:30Z] deep_page_loop OK pid=4044040
[2026-06-08T09:27:30Z] sustained_loop OK pid=466411
[2026-06-08T09:27:30Z] lane_supervisor SKIPPED (BUY-31452 stop marker present; see data/buy30727-supervisor.stopped)
[2026-06-08T09:27:30Z] keep-alive tick complete
===== keep-alive tick 2026-06-08T09:32:16Z =====
[2026-06-08T09:32:16Z] deep_page_loop OK pid=4044040
[2026-06-08T09:32:16Z] sustained_loop OK pid=466411
[2026-06-08T09:32:16Z] lane_supervisor SKIPPED (BUY-31452 stop marker present; see data/buy30727-supervisor.stopped)
[2026-06-08T09:32:16Z] keep-alive tick complete
===== keep-alive tick 2026-06-08T09:37:40Z =====
[2026-06-08T09:37:40Z] deep_page_loop OK pid=4044040
[2026-06-08T09:37:40Z] sustained_loop OK pid=466411
[2026-06-08T09:37:40Z] lane_supervisor SKIPPED (BUY-31452 stop marker present; see data/buy30727-supervisor.stopped)
[2026-06-08T09:37:40Z] keep-alive tick complete
===== keep-alive tick 2026-06-08T09:38:57Z =====
[2026-06-08T09:38:57Z] deep_page_loop OK pid=4044040
[2026-06-08T09:38:57Z] sustained_loop OK pid=466411
[2026-06-08T09:38:57Z] lane_supervisor SKIPPED (BUY-31452 stop marker present; see data/buy30727-supervisor.stopped)
[2026-06-08T09:38:57Z] keep-alive tick complete
===== keep-alive tick 2026-06-08T09:42:45Z =====
[2026-06-08T09:42:45Z] deep_page_loop OK pid=4044040
[2026-06-08T09:42:45Z] sustained_loop OK pid=466411
[2026-06-08T09:42:45Z] lane_supervisor SKIPPED (BUY-31452 stop marker present; see data/buy30727-supervisor.stopped)
[2026-06-08T09:42:45Z] keep-alive tick complete
===== keep-alive tick 2026-06-08T09:47:44Z =====
[2026-06-08T09:47:44Z] deep_page_loop OK pid=4044040
[2026-06-08T09:47:44Z] sustained_loop OK pid=466411
[2026-06-08T09:47:44Z] lane_supervisor SKIPPED (BUY-31452 stop marker present; see data/buy30727-supervisor.stopped)
[2026-06-08T09:47:44Z] keep-alive tick complete
===== keep-alive tick 2026-06-08T09:49:02Z =====
[2026-06-08T09:49:02Z] deep_page_loop OK pid=4044040
[2026-06-08T09:49:02Z] sustained_loop OK pid=466411
[2026-06-08T09:49:02Z] lane_supervisor SKIPPED (BUY-31452 stop marker present; see data/buy30727-supervisor.stopped)
[2026-06-08T09:49:02Z] keep-alive tick complete
===== keep-alive tick 2026-06-08T09:52:52Z =====
[2026-06-08T09:52:52Z] deep_page_loop OK pid=4044040
[2026-06-08T09:52:52Z] sustained_loop OK pid=466411
[2026-06-08T09:52:52Z] lane_supervisor SKIPPED (BUY-31452 stop marker present; see data/buy30727-supervisor.stopped)
[2026-06-08T09:52:52Z] keep-alive tick complete
===== keep-alive tick 2026-06-08T09:54:14Z =====
[2026-06-08T09:54:14Z] deep_page_loop OK pid=4044040
[2026-06-08T09:54:14Z] sustained_loop OK pid=466411
[2026-06-08T09:54:14Z] lane_supervisor SKIPPED (BUY-31452 stop marker present; see data/buy30727-supervisor.stopped)
[2026-06-08T09:54:14Z] keep-alive tick complete
===== keep-alive tick 2026-06-08T09:57:43Z =====
[2026-06-08T09:57:43Z] deep_page_loop OK pid=4044040
[2026-06-08T09:57:43Z] sustained_loop OK pid=466411
[2026-06-08T09:57:43Z] lane_supervisor SKIPPED (BUY-31452 stop marker present; see data/buy30727-supervisor.stopped)
[2026-06-08T09:57:43Z] keep-alive tick complete
===== keep-alive tick 2026-06-08T09:59:46Z =====
[2026-06-08T09:59:46Z] deep_page_loop OK pid=4044040
[2026-06-08T09:59:46Z] sustained_loop OK pid=466411
[2026-06-08T09:59:46Z] lane_supervisor SKIPPED (BUY-31452 stop marker present; see data/buy30727-supervisor.stopped)
[2026-06-08T09:59:46Z] keep-alive tick complete
===== keep-alive tick 2026-06-08T10:07:42Z =====
[2026-06-08T10:07:42Z] deep_page_loop OK pid=4044040
[2026-06-08T10:07:42Z] sustained_loop OK pid=466411
[2026-06-08T10:07:42Z] lane_supervisor SKIPPED (BUY-31452 stop marker present; see data/buy30727-supervisor.stopped)
[2026-06-08T10:07:42Z] keep-alive tick complete
===== keep-alive tick 2026-06-08T10:12:28Z =====
[2026-06-08T10:12:28Z] deep_page_loop OK pid=4044040
[2026-06-08T10:12:28Z] sustained_loop OK pid=466411
[2026-06-08T10:12:29Z] lane_supervisor SKIPPED (BUY-31452 stop marker present; see data/buy30727-supervisor.stopped)
[2026-06-08T10:12:29Z] keep-alive tick complete
===== keep-alive tick 2026-06-08T10:16:00Z =====
[2026-06-08T10:16:00Z] deep_page_loop OK pid=4044040
[2026-06-08T10:16:01Z] sustained_loop OK pid=466411
[2026-06-08T10:16:01Z] lane_supervisor SKIPPED (BUY-31452 stop marker present; see data/buy30727-supervisor.stopped)
[2026-06-08T10:16:01Z] keep-alive tick complete
===== keep-alive tick 2026-06-08T10:17:39Z =====
[2026-06-08T10:17:39Z] deep_page_loop OK pid=4044040
[2026-06-08T10:17:39Z] sustained_loop OK pid=466411
[2026-06-08T10:17:39Z] lane_supervisor SKIPPED (BUY-31452 stop marker present; see data/buy30727-supervisor.stopped)
[2026-06-08T10:17:39Z] keep-alive tick complete
===== keep-alive tick 2026-06-08T10:18:20Z =====
[2026-06-08T10:18:21Z] deep_page_loop OK pid=4044040
[2026-06-08T10:18:21Z] sustained_loop OK pid=466411
[2026-06-08T10:18:21Z] lane_supervisor SKIPPED (BUY-31452 stop marker present; see data/buy30727-supervisor.stopped)
[2026-06-08T10:18:21Z] keep-alive tick complete
===== keep-alive tick 2026-06-08T10:23:16Z =====
[2026-06-08T10:23:16Z] deep_page_loop OK pid=4044040
[2026-06-08T10:23:16Z] sustained_loop OK pid=466411
[2026-06-08T10:23:16Z] lane_supervisor SKIPPED (BUY-31452 stop marker present; see data/buy30727-supervisor.stopped)
[2026-06-08T10:23:16Z] keep-alive tick complete
===== keep-alive tick 2026-06-08T10:27:48Z =====
[2026-06-08T10:27:48Z] deep_page_loop OK pid=4044040
[2026-06-08T10:27:48Z] sustained_loop OK pid=466411
[2026-06-08T10:27:48Z] lane_supervisor SKIPPED (BUY-31452 stop marker present; see data/buy30727-supervisor.stopped)
[2026-06-08T10:27:48Z] keep-alive tick complete
===== keep-alive tick 2026-06-08T10:32:52Z =====
[2026-06-08T10:32:52Z] deep_page_loop OK pid=4044040
[2026-06-08T10:32:52Z] sustained_loop OK pid=466411
[2026-06-08T10:32:52Z] lane_supervisor SKIPPED (BUY-31452 stop marker present; see data/buy30727-supervisor.stopped)
[2026-06-08T10:32:52Z] keep-alive tick complete
===== keep-alive tick 2026-06-08T10:38:05Z =====
[2026-06-08T10:38:05Z] deep_page_loop OK pid=4044040
[2026-06-08T10:38:05Z] sustained_loop OK pid=466411
[2026-06-08T10:38:05Z] lane_supervisor SKIPPED (BUY-31452 stop marker present; see data/buy30727-supervisor.stopped)
[2026-06-08T10:38:05Z] keep-alive tick complete
===== keep-alive tick 2026-06-08T10:42:39Z =====
[2026-06-08T10:42:39Z] deep_page_loop OK pid=4044040
[2026-06-08T10:42:39Z] sustained_loop OK pid=466411
[2026-06-08T10:42:39Z] lane_supervisor SKIPPED (BUY-31452 stop marker present; see data/buy30727-supervisor.stopped)
[2026-06-08T10:42:39Z] keep-alive tick complete
===== keep-alive tick 2026-06-08T10:47:25Z =====
[2026-06-08T10:47:25Z] deep_page_loop OK pid=4044040
[2026-06-08T10:47:25Z] sustained_loop OK pid=466411
[2026-06-08T10:47:25Z] lane_supervisor SKIPPED (BUY-31452 stop marker present; see data/buy30727-supervisor.stopped)
[2026-06-08T10:47:25Z] keep-alive tick complete
===== keep-alive tick 2026-06-08T10:48:21Z =====
[2026-06-08T10:48:21Z] deep_page_loop OK pid=4044040
[2026-06-08T10:48:21Z] sustained_loop OK pid=466411
[2026-06-08T10:48:21Z] lane_supervisor SKIPPED (BUY-31452 stop marker present; see data/buy30727-supervisor.stopped)
[2026-06-08T10:48:21Z] keep-alive tick complete
===== keep-alive tick 2026-06-08T10:52:50Z =====
[2026-06-08T10:52:50Z] deep_page_loop OK pid=4044040
[2026-06-08T10:52:50Z] sustained_loop OK pid=466411
[2026-06-08T10:52:50Z] lane_supervisor SKIPPED (BUY-31452 stop marker present; see data/buy30727-supervisor.stopped)
[2026-06-08T10:52:50Z] keep-alive tick complete
===== keep-alive tick 2026-06-08T10:55:17Z =====
[2026-06-08T10:55:17Z] deep_page_loop OK pid=4044040
[2026-06-08T10:55:18Z] sustained_loop OK pid=466411
[2026-06-08T10:55:18Z] lane_supervisor SKIPPED (BUY-31452 stop marker present; see data/buy30727-supervisor.stopped)
[2026-06-08T10:55:18Z] keep-alive tick complete
===== keep-alive tick 2026-06-08T10:57:32Z =====
[2026-06-08T10:57:32Z] deep_page_loop OK pid=4044040
[2026-06-08T10:57:32Z] sustained_loop OK pid=466411
[2026-06-08T10:57:32Z] lane_supervisor SKIPPED (BUY-31452 stop marker present; see data/buy30727-supervisor.stopped)
[2026-06-08T10:57:32Z] keep-alive tick complete
===== keep-alive tick 2026-06-08T10:57:40Z =====
[2026-06-08T10:57:40Z] deep_page_loop OK pid=4044040
[2026-06-08T10:57:40Z] sustained_loop OK pid=466411
[2026-06-08T10:57:40Z] lane_supervisor SKIPPED (BUY-31452 stop marker present; see data/buy30727-supervisor.stopped)
[2026-06-08T10:57:40Z] keep-alive tick complete
===== keep-alive tick 2026-06-08T11:03:13Z =====
[2026-06-08T11:03:13Z] deep_page_loop OK pid=4044040
[2026-06-08T11:03:14Z] sustained_loop OK pid=466411
[2026-06-08T11:03:14Z] lane_supervisor SKIPPED (BUY-31452 stop marker present; see data/buy30727-supervisor.stopped)
[2026-06-08T11:03:14Z] keep-alive tick complete
===== keep-alive tick 2026-06-08T11:03:22Z =====
[2026-06-08T11:03:22Z] deep_page_loop OK pid=4044040
[2026-06-08T11:03:22Z] sustained_loop OK pid=466411
[2026-06-08T11:03:22Z] lane_supervisor SKIPPED (BUY-31452 stop marker present; see data/buy30727-supervisor.stopped)
[2026-06-08T11:03:22Z] keep-alive tick complete
===== keep-alive tick 2026-06-08T11:07:36Z =====
[2026-06-08T11:07:36Z] deep_page_loop OK pid=4044040
[2026-06-08T11:07:36Z] sustained_loop OK pid=466411
[2026-06-08T11:07:37Z] lane_supervisor SKIPPED (BUY-31452 stop marker present; see data/buy30727-supervisor.stopped)
[2026-06-08T11:07:37Z] keep-alive tick complete
===== keep-alive tick 2026-06-08T11:09:30Z =====
[2026-06-08T11:09:30Z] deep_page_loop OK pid=4044040
[2026-06-08T11:09:30Z] sustained_loop OK pid=466411
[2026-06-08T11:09:30Z] lane_supervisor SKIPPED (BUY-31452 stop marker present; see data/buy30727-supervisor.stopped)
[2026-06-08T11:09:30Z] keep-alive tick complete
===== keep-alive tick 2026-06-08T11:12:34Z =====
[2026-06-08T11:12:34Z] deep_page_loop OK pid=4044040
[2026-06-08T11:12:34Z] sustained_loop OK pid=466411
[2026-06-08T11:12:34Z] lane_supervisor SKIPPED (BUY-31452 stop marker present; see data/buy30727-supervisor.stopped)
[2026-06-08T11:12:34Z] keep-alive tick complete
===== keep-alive tick 2026-06-08T11:13:03Z =====
[2026-06-08T11:13:03Z] deep_page_loop OK pid=4044040
[2026-06-08T11:13:03Z] sustained_loop OK pid=466411
[2026-06-08T11:13:03Z] lane_supervisor SKIPPED (BUY-31452 stop marker present; see data/buy30727-supervisor.stopped)
[2026-06-08T11:13:03Z] keep-alive tick complete
===== keep-alive tick 2026-06-08T11:17:34Z =====
[2026-06-08T11:17:34Z] deep_page_loop OK pid=4044040
[2026-06-08T11:17:34Z] sustained_loop OK pid=466411
[2026-06-08T11:17:34Z] lane_supervisor SKIPPED (BUY-31452 stop marker present; see data/buy30727-supervisor.stopped)
[2026-06-08T11:17:34Z] keep-alive tick complete
===== keep-alive tick 2026-06-08T11:22:27Z =====
[2026-06-08T11:22:27Z] deep_page_loop OK pid=4044040
[2026-06-08T11:22:27Z] sustained_loop OK pid=466411
[2026-06-08T11:22:27Z] lane_supervisor SKIPPED (BUY-31452 stop marker present; see data/buy30727-supervisor.stopped)
[2026-06-08T11:22:27Z] keep-alive tick complete
===== keep-alive tick 2026-06-08T11:25:44Z =====
[2026-06-08T11:25:44Z] deep_page_loop OK pid=4044040
[2026-06-08T11:25:44Z] sustained_loop OK pid=466411
[2026-06-08T11:25:44Z] lane_supervisor SKIPPED (BUY-31452 stop marker present; see data/buy30727-supervisor.stopped)
[2026-06-08T11:25:44Z] keep-alive tick complete
===== keep-alive tick 2026-06-08T11:27:45Z =====
[2026-06-08T11:27:45Z] deep_page_loop OK pid=4044040
[2026-06-08T11:27:45Z] sustained_loop OK pid=466411
[2026-06-08T11:27:45Z] lane_supervisor SKIPPED (BUY-31452 stop marker present; see data/buy30727-supervisor.stopped)
[2026-06-08T11:27:45Z] keep-alive tick complete
===== keep-alive tick 2026-06-08T11:30:47Z =====
[2026-06-08T11:30:47Z] deep_page_loop OK pid=4044040
[2026-06-08T11:30:47Z] sustained_loop OK pid=466411
[2026-06-08T11:30:47Z] lane_supervisor SKIPPED (BUY-31452 stop marker present; see data/buy30727-supervisor.stopped)
[2026-06-08T11:30:47Z] keep-alive tick complete
===== keep-alive tick 2026-06-08T11:32:29Z =====
[2026-06-08T11:32:29Z] deep_page_loop OK pid=4044040
[2026-06-08T11:32:29Z] sustained_loop OK pid=466411
[2026-06-08T11:32:29Z] lane_supervisor SKIPPED (BUY-31452 stop marker present; see data/buy30727-supervisor.stopped)
[2026-06-08T11:32:29Z] keep-alive tick complete
===== keep-alive tick 2026-06-08T11:37:34Z =====
[2026-06-08T11:37:34Z] deep_page_loop OK pid=4044040
[2026-06-08T11:37:34Z] sustained_loop OK pid=466411
[2026-06-08T11:37:34Z] lane_supervisor SKIPPED (BUY-31452 stop marker present; see data/buy30727-supervisor.stopped)
[2026-06-08T11:37:34Z] keep-alive tick complete
===== keep-alive tick 2026-06-08T11:39:19Z =====
[2026-06-08T11:39:19Z] deep_page_loop OK pid=4044040
[2026-06-08T11:39:19Z] sustained_loop OK pid=466411
[2026-06-08T11:39:19Z] lane_supervisor SKIPPED (BUY-31452 stop marker present; see data/buy30727-supervisor.stopped)
[2026-06-08T11:39:19Z] keep-alive tick complete
===== keep-alive tick 2026-06-08T11:42:45Z =====
[2026-06-08T11:42:45Z] deep_page_loop OK pid=4044040
[2026-06-08T11:42:45Z] sustained_loop OK pid=466411
[2026-06-08T11:42:45Z] lane_supervisor SKIPPED (BUY-31452 stop marker present; see data/buy30727-supervisor.stopped)
[2026-06-08T11:42:45Z] keep-alive tick complete
===== keep-alive tick 2026-06-08T11:45:52Z =====
[2026-06-08T11:45:52Z] deep_page_loop OK pid=4044040
[2026-06-08T11:45:52Z] sustained_loop OK pid=466411
[2026-06-08T11:45:52Z] lane_supervisor SKIPPED (BUY-31452 stop marker present; see data/buy30727-supervisor.stopped)
[2026-06-08T11:45:52Z] keep-alive tick complete
===== keep-alive tick 2026-06-08T11:47:33Z =====
[2026-06-08T11:47:34Z] deep_page_loop OK pid=4044040
[2026-06-08T11:47:34Z] sustained_loop OK pid=466411
[2026-06-08T11:47:34Z] lane_supervisor SKIPPED (BUY-31452 stop marker present; see data/buy30727-supervisor.stopped)
[2026-06-08T11:47:34Z] keep-alive tick complete
===== keep-alive tick 2026-06-08T11:52:29Z =====
[2026-06-08T11:52:29Z] deep_page_loop OK pid=4044040
[2026-06-08T11:52:29Z] sustained_loop OK pid=466411
[2026-06-08T11:52:29Z] lane_supervisor SKIPPED (BUY-31452 stop marker present; see data/buy30727-supervisor.stopped)
[2026-06-08T11:52:29Z] keep-alive tick complete
===== keep-alive tick 2026-06-08T11:53:42Z =====
[2026-06-08T11:53:42Z] deep_page_loop OK pid=4044040
[2026-06-08T11:53:42Z] sustained_loop OK pid=466411
[2026-06-08T11:53:42Z] lane_supervisor SKIPPED (BUY-31452 stop marker present; see data/buy30727-supervisor.stopped)
[2026-06-08T11:53:42Z] keep-alive tick complete
===== keep-alive tick 2026-06-08T11:53:46Z =====
[2026-06-08T11:53:46Z] deep_page_loop OK pid=4044040
[2026-06-08T11:53:46Z] sustained_loop OK pid=466411
[2026-06-08T11:53:46Z] lane_supervisor SKIPPED (BUY-31452 stop marker present; see data/buy30727-supervisor.stopped)
[2026-06-08T11:53:46Z] keep-alive tick complete
===== keep-alive tick 2026-06-08T11:57:48Z =====
[2026-06-08T11:57:48Z] deep_page_loop OK pid=4044040
[2026-06-08T11:57:49Z] sustained_loop OK pid=466411
[2026-06-08T11:57:49Z] lane_supervisor SKIPPED (BUY-31452 stop marker present; see data/buy30727-supervisor.stopped)
[2026-06-08T11:57:49Z] keep-alive tick complete
===== keep-alive tick 2026-06-08T11:57:50Z =====
[2026-06-08T11:57:50Z] deep_page_loop OK pid=4044040
[2026-06-08T11:57:50Z] sustained_loop OK pid=466411
[2026-06-08T11:57:50Z] lane_supervisor SKIPPED (BUY-31452 stop marker present; see data/buy30727-supervisor.stopped)
[2026-06-08T11:57:50Z] keep-alive tick complete
===== keep-alive tick 2026-06-08T12:07:32Z =====
[2026-06-08T12:07:32Z] deep_page_loop OK pid=4044040
[2026-06-08T12:07:32Z] sustained_loop OK pid=466411
[2026-06-08T12:07:32Z] lane_supervisor SKIPPED (BUY-31452 stop marker present; see data/buy30727-supervisor.stopped)
[2026-06-08T12:07:32Z] keep-alive tick complete
===== keep-alive tick 2026-06-08T12:12:33Z =====
[2026-06-08T12:12:33Z] deep_page_loop OK pid=4044040
[2026-06-08T12:12:33Z] sustained_loop OK pid=466411
[2026-06-08T12:12:33Z] lane_supervisor SKIPPED (BUY-31452 stop marker present; see data/buy30727-supervisor.stopped)
[2026-06-08T12:12:33Z] keep-alive tick complete
===== keep-alive tick 2026-06-08T12:13:12Z =====
[2026-06-08T12:13:12Z] deep_page_loop OK pid=4044040
[2026-06-08T12:13:12Z] sustained_loop OK pid=466411
[2026-06-08T12:13:12Z] lane_supervisor SKIPPED (BUY-31452 stop marker present; see data/buy30727-supervisor.stopped)
[2026-06-08T12:13:12Z] keep-alive tick complete
===== keep-alive tick 2026-06-08T12:15:32Z =====
[2026-06-08T12:15:32Z] deep_page_loop OK pid=4044040
[2026-06-08T12:15:32Z] sustained_loop OK pid=466411
[2026-06-08T12:15:32Z] lane_supervisor SKIPPED (BUY-31452 stop marker present; see data/buy30727-supervisor.stopped)
[2026-06-08T12:15:32Z] keep-alive tick complete
===== keep-alive tick 2026-06-08T12:18:20Z =====
[2026-06-08T12:18:20Z] deep_page_loop OK pid=4044040
[2026-06-08T12:18:20Z] sustained_loop OK pid=466411
[2026-06-08T12:18:20Z] lane_supervisor SKIPPED (BUY-31452 stop marker present; see data/buy30727-supervisor.stopped)
[2026-06-08T12:18:20Z] keep-alive tick complete
===== keep-alive tick 2026-06-08T12:22:43Z =====
[2026-06-08T12:22:43Z] deep_page_loop OK pid=4044040
[2026-06-08T12:22:43Z] sustained_loop OK pid=466411
[2026-06-08T12:22:43Z] lane_supervisor SKIPPED (BUY-31452 stop marker present; see data/buy30727-supervisor.stopped)
[2026-06-08T12:22:43Z] keep-alive tick complete
===== keep-alive tick 2026-06-08T12:27:56Z =====
[2026-06-08T12:27:56Z] deep_page_loop OK pid=4044040
[2026-06-08T12:27:56Z] sustained_loop OK pid=466411
[2026-06-08T12:27:56Z] lane_supervisor SKIPPED (BUY-31452 stop marker present; see data/buy30727-supervisor.stopped)
[2026-06-08T12:27:56Z] keep-alive tick complete
===== keep-alive tick 2026-06-08T12:32:45Z =====
[2026-06-08T12:32:45Z] deep_page_loop OK pid=4044040
[2026-06-08T12:32:45Z] sustained_loop OK pid=466411
[2026-06-08T12:32:45Z] lane_supervisor SKIPPED (BUY-31452 stop marker present; see data/buy30727-supervisor.stopped)
[2026-06-08T12:32:45Z] keep-alive tick complete
===== keep-alive tick 2026-06-08T12:34:06Z =====
[2026-06-08T12:34:06Z] deep_page_loop OK pid=4044040
[2026-06-08T12:34:06Z] sustained_loop OK pid=466411
[2026-06-08T12:34:06Z] lane_supervisor SKIPPED (BUY-31452 stop marker present; see data/buy30727-supervisor.stopped)
[2026-06-08T12:34:06Z] keep-alive tick complete
===== keep-alive tick 2026-06-08T12:37:37Z =====
[2026-06-08T12:37:37Z] deep_page_loop OK pid=4044040
[2026-06-08T12:37:37Z] sustained_loop OK pid=466411
[2026-06-08T12:37:37Z] lane_supervisor SKIPPED (BUY-31452 stop marker present; see data/buy30727-supervisor.stopped)
[2026-06-08T12:37:37Z] keep-alive tick complete
===== keep-alive tick 2026-06-08T12:38:15Z =====
[2026-06-08T12:38:15Z] deep_page_loop OK pid=4044040
[2026-06-08T12:38:15Z] sustained_loop OK pid=466411
[2026-06-08T12:38:15Z] lane_supervisor SKIPPED (BUY-31452 stop marker present; see data/buy30727-supervisor.stopped)
[2026-06-08T12:38:15Z] keep-alive tick complete
===== keep-alive tick 2026-06-08T12:42:36Z =====
[2026-06-08T12:42:36Z] deep_page_loop OK pid=4044040
[2026-06-08T12:42:36Z] sustained_loop OK pid=466411
[2026-06-08T12:42:36Z] lane_supervisor SKIPPED (BUY-31452 stop marker present; see data/buy30727-supervisor.stopped)
[2026-06-08T12:42:36Z] keep-alive tick complete
===== keep-alive tick 2026-06-08T12:47:40Z =====
[2026-06-08T12:47:40Z] deep_page_loop OK pid=4044040
[2026-06-08T12:47:40Z] sustained_loop OK pid=466411
[2026-06-08T12:47:40Z] lane_supervisor SKIPPED (BUY-31452 stop marker present; see data/buy30727-supervisor.stopped)
[2026-06-08T12:47:40Z] keep-alive tick complete
===== keep-alive tick 2026-06-08T12:52:48Z =====
[2026-06-08T12:52:48Z] deep_page_loop OK pid=4044040
[2026-06-08T12:52:48Z] sustained_loop OK pid=466411
[2026-06-08T12:52:48Z] lane_supervisor SKIPPED (BUY-31452 stop marker present; see data/buy30727-supervisor.stopped)
[2026-06-08T12:52:48Z] keep-alive tick complete
===== keep-alive tick 2026-06-08T12:57:41Z =====
[2026-06-08T12:57:41Z] deep_page_loop OK pid=4044040
[2026-06-08T12:57:41Z] sustained_loop OK pid=466411
[2026-06-08T12:57:42Z] lane_supervisor SKIPPED (BUY-31452 stop marker present; see data/buy30727-supervisor.stopped)
[2026-06-08T12:57:42Z] keep-alive tick complete
===== keep-alive tick 2026-06-08T12:57:45Z =====
[2026-06-08T12:57:46Z] deep_page_loop OK pid=4044040
[2026-06-08T12:57:46Z] sustained_loop OK pid=466411
[2026-06-08T12:57:46Z] lane_supervisor SKIPPED (BUY-31452 stop marker present; see data/buy30727-supervisor.stopped)
[2026-06-08T12:57:46Z] keep-alive tick complete
===== keep-alive tick 2026-06-08T13:03:02Z =====
[2026-06-08T13:03:02Z] deep_page_loop OK pid=4044040
[2026-06-08T13:03:02Z] sustained_loop OK pid=466411
[2026-06-08T13:03:02Z] lane_supervisor SKIPPED (BUY-31452 stop marker present; see data/buy30727-supervisor.stopped)
[2026-06-08T13:03:02Z] keep-alive tick complete
===== keep-alive tick 2026-06-08T13:07:33Z =====
[2026-06-08T13:07:33Z] deep_page_loop OK pid=4044040
[2026-06-08T13:07:33Z] sustained_loop OK pid=466411
[2026-06-08T13:07:33Z] lane_supervisor SKIPPED (BUY-31452 stop marker present; see data/buy30727-supervisor.stopped)
[2026-06-08T13:07:33Z] keep-alive tick complete
===== keep-alive tick 2026-06-08T13:08:11Z =====
[2026-06-08T13:08:11Z] deep_page_loop OK pid=4044040
[2026-06-08T13:08:11Z] sustained_loop OK pid=466411
[2026-06-08T13:08:11Z] lane_supervisor SKIPPED (BUY-31452 stop marker present; see data/buy30727-supervisor.stopped)
[2026-06-08T13:08:11Z] keep-alive tick complete
===== keep-alive tick 2026-06-08T13:12:38Z =====
[2026-06-08T13:12:38Z] deep_page_loop OK pid=4044040
[2026-06-08T13:12:38Z] sustained_loop OK pid=466411
[2026-06-08T13:12:38Z] lane_supervisor SKIPPED (BUY-31452 stop marker present; see data/buy30727-supervisor.stopped)
[2026-06-08T13:12:38Z] keep-alive tick complete
===== keep-alive tick 2026-06-08T13:17:36Z =====
[2026-06-08T13:17:36Z] deep_page_loop OK pid=4044040
[2026-06-08T13:17:36Z] sustained_loop OK pid=466411
[2026-06-08T13:17:36Z] lane_supervisor SKIPPED (BUY-31452 stop marker present; see data/buy30727-supervisor.stopped)
[2026-06-08T13:17:36Z] keep-alive tick complete
===== keep-alive tick 2026-06-08T13:18:55Z =====
[2026-06-08T13:18:55Z] deep_page_loop OK pid=4044040
[2026-06-08T13:18:55Z] sustained_loop OK pid=466411
[2026-06-08T13:18:56Z] lane_supervisor SKIPPED (BUY-31452 stop marker present; see data/buy30727-supervisor.stopped)
[2026-06-08T13:18:56Z] keep-alive tick complete
===== keep-alive tick 2026-06-08T13:22:36Z =====
[2026-06-08T13:22:36Z] deep_page_loop OK pid=4044040
[2026-06-08T13:22:36Z] sustained_loop OK pid=466411
[2026-06-08T13:22:36Z] lane_supervisor SKIPPED (BUY-31452 stop marker present; see data/buy30727-supervisor.stopped)
[2026-06-08T13:22:36Z] keep-alive tick complete
===== keep-alive tick 2026-06-08T13:28:01Z =====
[2026-06-08T13:28:01Z] deep_page_loop OK pid=4044040
[2026-06-08T13:28:01Z] sustained_loop OK pid=466411
[2026-06-08T13:28:01Z] lane_supervisor SKIPPED (BUY-31452 stop marker present; see data/buy30727-supervisor.stopped)
[2026-06-08T13:28:01Z] keep-alive tick complete
===== keep-alive tick 2026-06-08T13:32:53Z =====
[2026-06-08T13:32:53Z] deep_page_loop OK pid=4044040
[2026-06-08T13:32:53Z] sustained_loop OK pid=466411
[2026-06-08T13:32:53Z] lane_supervisor SKIPPED (BUY-31452 stop marker present; see data/buy30727-supervisor.stopped)
[2026-06-08T13:32:53Z] keep-alive tick complete
===== keep-alive tick 2026-06-08T13:37:50Z =====
[2026-06-08T13:37:50Z] deep_page_loop OK pid=4044040
[2026-06-08T13:37:50Z] sustained_loop OK pid=466411
[2026-06-08T13:37:50Z] lane_supervisor SKIPPED (BUY-31452 stop marker present; see data/buy30727-supervisor.stopped)
[2026-06-08T13:37:50Z] keep-alive tick complete
===== keep-alive tick 2026-06-08T13:38:05Z =====
[2026-06-08T13:38:05Z] deep_page_loop OK pid=4044040
[2026-06-08T13:38:05Z] sustained_loop OK pid=466411
[2026-06-08T13:38:05Z] lane_supervisor SKIPPED (BUY-31452 stop marker present; see data/buy30727-supervisor.stopped)
[2026-06-08T13:38:05Z] keep-alive tick complete
===== keep-alive tick 2026-06-08T13:42:44Z =====
[2026-06-08T13:42:44Z] deep_page_loop OK pid=4044040
[2026-06-08T13:42:44Z] sustained_loop OK pid=466411
[2026-06-08T13:42:44Z] lane_supervisor SKIPPED (BUY-31452 stop marker present; see data/buy30727-supervisor.stopped)
[2026-06-08T13:42:44Z] keep-alive tick complete
===== keep-alive tick 2026-06-08T13:47:49Z =====
[2026-06-08T13:47:49Z] deep_page_loop OK pid=4044040
[2026-06-08T13:47:49Z] sustained_loop OK pid=466411
[2026-06-08T13:47:49Z] lane_supervisor SKIPPED (BUY-31452 stop marker present; see data/buy30727-supervisor.stopped)
[2026-06-08T13:47:49Z] keep-alive tick complete
===== keep-alive tick 2026-06-08T13:52:39Z =====
[2026-06-08T13:52:39Z] deep_page_loop OK pid=4044040
[2026-06-08T13:52:39Z] sustained_loop OK pid=466411
[2026-06-08T13:52:39Z] lane_supervisor SKIPPED (BUY-31452 stop marker present; see data/buy30727-supervisor.stopped)
[2026-06-08T13:52:39Z] keep-alive tick complete
===== keep-alive tick 2026-06-08T13:57:45Z =====
[2026-06-08T13:57:45Z] deep_page_loop OK pid=4044040
[2026-06-08T13:57:45Z] sustained_loop OK pid=466411
[2026-06-08T13:57:45Z] lane_supervisor SKIPPED (BUY-31452 stop marker present; see data/buy30727-supervisor.stopped)
[2026-06-08T13:57:45Z] keep-alive tick complete
===== keep-alive tick 2026-06-08T14:02:08Z =====
[2026-06-08T14:02:08Z] deep_page_loop OK pid=4044040
[2026-06-08T14:02:08Z] sustained_loop OK pid=466411
[2026-06-08T14:02:08Z] lane_supervisor SKIPPED (BUY-31452 stop marker present; see data/buy30727-supervisor.stopped)
[2026-06-08T14:02:08Z] keep-alive tick complete
===== keep-alive tick 2026-06-08T14:02:34Z =====
[2026-06-08T14:02:34Z] deep_page_loop OK pid=4044040
[2026-06-08T14:02:34Z] sustained_loop OK pid=466411
[2026-06-08T14:02:34Z] lane_supervisor SKIPPED (BUY-31452 stop marker present; see data/buy30727-supervisor.stopped)
[2026-06-08T14:02:34Z] keep-alive tick complete
===== keep-alive tick 2026-06-08T14:03:02Z =====
[2026-06-08T14:03:02Z] deep_page_loop OK pid=4044040
[2026-06-08T14:03:02Z] sustained_loop OK pid=466411
[2026-06-08T14:03:02Z] lane_supervisor SKIPPED (BUY-31452 stop marker present; see data/buy30727-supervisor.stopped)
[2026-06-08T14:03:02Z] keep-alive tick complete
===== keep-alive tick 2026-06-08T14:07:29Z =====
[2026-06-08T14:07:29Z] deep_page_loop OK pid=4044040
[2026-06-08T14:07:29Z] sustained_loop OK pid=466411
[2026-06-08T14:07:29Z] lane_supervisor SKIPPED (BUY-31452 stop marker present; see data/buy30727-supervisor.stopped)
[2026-06-08T14:07:29Z] keep-alive tick complete
===== keep-alive tick 2026-06-08T14:12:35Z =====
[2026-06-08T14:12:35Z] deep_page_loop OK pid=4044040
[2026-06-08T14:12:35Z] sustained_loop OK pid=466411
[2026-06-08T14:12:35Z] lane_supervisor SKIPPED (BUY-31452 stop marker present; see data/buy30727-supervisor.stopped)
[2026-06-08T14:12:35Z] keep-alive tick complete
===== keep-alive tick 2026-06-08T14:14:29Z =====
[2026-06-08T14:14:29Z] deep_page_loop OK pid=4044040
[2026-06-08T14:14:29Z] sustained_loop OK pid=466411
[2026-06-08T14:14:29Z] lane_supervisor SKIPPED (BUY-31452 stop marker present; see data/buy30727-supervisor.stopped)
[2026-06-08T14:14:29Z] keep-alive tick complete
===== keep-alive tick 2026-06-08T14:17:50Z =====
[2026-06-08T14:17:50Z] deep_page_loop OK pid=4044040
[2026-06-08T14:17:50Z] sustained_loop OK pid=466411
[2026-06-08T14:17:50Z] lane_supervisor SKIPPED (BUY-31452 stop marker present; see data/buy30727-supervisor.stopped)
[2026-06-08T14:17:50Z] keep-alive tick complete
===== keep-alive tick 2026-06-08T14:28:48Z =====
[2026-06-08T14:28:48Z] deep_page_loop OK pid=4044040
[2026-06-08T14:28:49Z] sustained_loop DEAD — restarting (consecutive_dead_ticks=1)
[2026-06-08T14:28:51Z] sustained_loop restarted pid=1687940 root=/paperclip/instances/default/workspaces/3ec8f6dd-1735-4479-9825-a2c42edac34c
[2026-06-08T14:28:51Z] lane_supervisor SKIPPED (BUY-31452 stop marker present; see data/buy30727-supervisor.stopped)
[2026-06-08T14:28:51Z] keep-alive tick complete
===== keep-alive tick 2026-06-08T14:30:00Z =====
[2026-06-08T14:30:00Z] deep_page_loop OK pid=4044040
[2026-06-08T14:30:00Z] sustained_loop OK pid=1687940
[2026-06-08T14:30:00Z] lane_supervisor SKIPPED (BUY-31452 stop marker present; see data/buy30727-supervisor.stopped)
[2026-06-08T14:30:00Z] keep-alive tick complete
===== keep-alive tick 2026-06-08T14:32:53Z =====
[2026-06-08T14:32:53Z] deep_page_loop OK pid=4044040
[2026-06-08T14:32:53Z] sustained_loop DEAD — restarting (consecutive_dead_ticks=1)
[2026-06-08T14:32:55Z] sustained_loop restarted pid=1698432 root=/paperclip/instances/default/workspaces/3ec8f6dd-1735-4479-9825-a2c42edac34c
[2026-06-08T14:32:55Z] lane_supervisor SKIPPED (BUY-31452 stop marker present; see data/buy30727-supervisor.stopped)
[2026-06-08T14:32:55Z] keep-alive tick complete
===== keep-alive tick 2026-06-08T14:34:19Z =====
[2026-06-08T14:34:19Z] deep_page_loop OK pid=4044040
[2026-06-08T14:34:19Z] sustained_loop OK pid=1698432
[2026-06-08T14:34:19Z] lane_supervisor SKIPPED (BUY-31452 stop marker present; see data/buy30727-supervisor.stopped)
[2026-06-08T14:34:19Z] keep-alive tick complete
===== keep-alive tick 2026-06-08T14:38:24Z =====
[2026-06-08T14:38:24Z] deep_page_loop OK pid=4044040
[2026-06-08T14:38:24Z] sustained_loop OK pid=1713766
[2026-06-08T14:38:24Z] lane_supervisor SKIPPED (BUY-31452 stop marker present; see data/buy30727-supervisor.stopped)
[2026-06-08T14:38:24Z] keep-alive tick complete
===== keep-alive tick 2026-06-08T14:38:55Z =====
[2026-06-08T14:38:55Z] deep_page_loop OK pid=4044040
[2026-06-08T14:38:55Z] sustained_loop OK pid=1713766
[2026-06-08T14:38:55Z] lane_supervisor SKIPPED (BUY-31452 stop marker present; see data/buy30727-supervisor.stopped)
[2026-06-08T14:38:55Z] keep-alive tick complete
===== keep-alive tick 2026-06-08T14:42:53Z =====
[2026-06-08T14:42:53Z] deep_page_loop OK pid=4044040
[2026-06-08T14:42:53Z] sustained_loop OK pid=1713766
[2026-06-08T14:42:53Z] lane_supervisor SKIPPED (BUY-31452 stop marker present; see data/buy30727-supervisor.stopped)
[2026-06-08T14:42:53Z] keep-alive tick complete
===== keep-alive tick 2026-06-08T14:47:54Z =====
[2026-06-08T14:47:54Z] deep_page_loop OK pid=4044040
[2026-06-08T14:47:54Z] sustained_loop OK pid=1713766
[2026-06-08T14:47:54Z] lane_supervisor SKIPPED (BUY-31452 stop marker present; see data/buy30727-supervisor.stopped)
[2026-06-08T14:47:54Z] keep-alive tick complete
===== keep-alive tick 2026-06-08T14:51:42Z =====
[2026-06-08T14:51:42Z] deep_page_loop OK pid=4044040
[2026-06-08T14:51:42Z] sustained_loop OK pid=1713766
[2026-06-08T14:51:42Z] lane_supervisor SKIPPED (BUY-31452 stop marker present; see data/buy30727-supervisor.stopped)
[2026-06-08T14:51:42Z] keep-alive tick complete
===== keep-alive tick 2026-06-08T14:54:11Z =====
[2026-06-08T14:54:11Z] deep_page_loop OK pid=4044040
[2026-06-08T14:54:11Z] sustained_loop OK pid=1713766
[2026-06-08T14:54:11Z] lane_supervisor SKIPPED (BUY-31452 stop marker present; see data/buy30727-supervisor.stopped)
[2026-06-08T14:54:11Z] keep-alive tick complete
===== keep-alive tick 2026-06-08T14:57:36Z =====
[2026-06-08T14:57:36Z] deep_page_loop OK pid=4044040
[2026-06-08T14:57:36Z] sustained_loop OK pid=1713766
[2026-06-08T14:57:36Z] lane_supervisor SKIPPED (BUY-31452 stop marker present; see data/buy30727-supervisor.stopped)
[2026-06-08T14:57:36Z] keep-alive tick complete
===== keep-alive tick 2026-06-08T15:02:36Z =====
[2026-06-08T15:02:36Z] deep_page_loop OK pid=4044040
[2026-06-08T15:02:37Z] sustained_loop OK pid=1713766
[2026-06-08T15:02:37Z] lane_supervisor SKIPPED (BUY-31452 stop marker present; see data/buy30727-supervisor.stopped)
[2026-06-08T15:02:37Z] keep-alive tick complete
===== keep-alive tick 2026-06-08T15:08:40Z =====
[2026-06-08T15:08:40Z] deep_page_loop OK pid=4044040
[2026-06-08T15:08:40Z] sustained_loop OK pid=1713766
[2026-06-08T15:08:40Z] lane_supervisor SKIPPED (BUY-31452 stop marker present; see data/buy30727-supervisor.stopped)
[2026-06-08T15:08:40Z] keep-alive tick complete
===== keep-alive tick 2026-06-08T15:12:37Z =====
[2026-06-08T15:12:37Z] deep_page_loop OK pid=4044040
[2026-06-08T15:12:37Z] sustained_loop DEAD — restarting (consecutive_dead_ticks=1)
[2026-06-08T15:12:39Z] sustained_loop restarted pid=1812792 root=/paperclip/instances/default/workspaces/3ec8f6dd-1735-4479-9825-a2c42edac34c
[2026-06-08T15:12:39Z] lane_supervisor SKIPPED (BUY-31452 stop marker present; see data/buy30727-supervisor.stopped)
[2026-06-08T15:12:39Z] keep-alive tick complete
===== keep-alive tick 2026-06-08T18:38:19Z =====
[2026-06-08T18:38:19Z] deep_page_loop DEAD — restarting (consecutive_dead_ticks=1)
[2026-06-08T18:38:21Z] deep_page_loop restarted pid=2128918 root=/paperclip/instances/default/workspaces/3ec8f6dd-1735-4479-9825-a2c42edac34c
[2026-06-08T18:38:21Z] sustained_loop OK pid=2097541
[2026-06-08T18:38:21Z] lane_supervisor SKIPPED (BUY-31452 stop marker present; see data/buy30727-supervisor.stopped)
[2026-06-08T18:38:21Z] keep-alive tick complete
===== keep-alive tick 2026-06-08T18:58:19Z =====
[2026-06-08T18:58:19Z] deep_page_loop DEAD — restarting (consecutive_dead_ticks=2)
[2026-06-08T18:58:21Z] deep_page_loop restarted pid=2225710 root=/paperclip/instances/default/workspaces/3ec8f6dd-1735-4479-9825-a2c42edac34c
[2026-06-08T18:58:21Z] sustained_loop OK pid=2097541
[2026-06-08T18:58:21Z] lane_supervisor SKIPPED (BUY-31452 stop marker present; see data/buy30727-supervisor.stopped)
[2026-06-08T18:58:21Z] keep-alive tick complete
===== keep-alive tick 2026-06-08T19:02:26Z =====
[2026-06-08T19:02:26Z] deep_page_loop DEAD — restarting (consecutive_dead_ticks=3)
[2026-06-08T19:02:28Z] deep_page_loop restarted pid=2283265 root=/paperclip/instances/default/workspaces/3ec8f6dd-1735-4479-9825-a2c42edac34c
[2026-06-08T19:02:28Z] sustained_loop OK pid=2097541
[2026-06-08T19:02:28Z] lane_supervisor SKIPPED (BUY-31452 stop marker present; see data/buy30727-supervisor.stopped)
[2026-06-08T19:02:28Z] keep-alive tick complete
===== keep-alive tick 2026-06-08T19:04:54Z =====
[2026-06-08T19:04:54Z] deep_page_loop OK pid=2283265
[2026-06-08T19:04:54Z] sustained_loop OK pid=2097541
[2026-06-08T19:04:54Z] lane_supervisor SKIPPED (BUY-31452 stop marker present; see data/buy30727-supervisor.stopped)
[2026-06-08T19:04:54Z] keep-alive tick complete
===== keep-alive tick 2026-06-08T19:08:02Z =====
[2026-06-08T19:08:02Z] deep_page_loop DEAD — restarting (consecutive_dead_ticks=1)
[2026-06-08T19:08:04Z] deep_page_loop restarted pid=2316017 root=/paperclip/instances/default/workspaces/3ec8f6dd-1735-4479-9825-a2c42edac34c
[2026-06-08T19:08:04Z] sustained_loop DEAD — restarting (consecutive_dead_ticks=1)
[2026-06-08T19:08:06Z] sustained_loop restarted pid=2316112 root=/paperclip/instances/default/workspaces/3ec8f6dd-1735-4479-9825-a2c42edac34c
[2026-06-08T19:08:06Z] lane_supervisor SKIPPED (BUY-31452 stop marker present; see data/buy30727-supervisor.stopped)
[2026-06-08T19:08:06Z] keep-alive tick complete
===== keep-alive tick 2026-06-08T19:10:12Z =====
[2026-06-08T19:10:12Z] deep_page_loop DEAD — restarting (consecutive_dead_ticks=2)
[2026-06-08T19:10:14Z] deep_page_loop restarted pid=2324004 root=/paperclip/instances/default/workspaces/3ec8f6dd-1735-4479-9825-a2c42edac34c
[2026-06-08T19:10:14Z] sustained_loop OK pid=2316112
[2026-06-08T19:10:14Z] lane_supervisor SKIPPED (BUY-31452 stop marker present; see data/buy30727-supervisor.stopped)
[2026-06-08T19:10:14Z] keep-alive tick complete
===== keep-alive tick 2026-06-08T19:10:49Z =====
[2026-06-08T19:10:49Z] deep_page_loop OK pid=2324004
[2026-06-08T19:10:49Z] sustained_loop DEAD — restarting (consecutive_dead_ticks=1)
[2026-06-08T19:10:51Z] sustained_loop restarted pid=2325337 root=/paperclip/instances/default/workspaces/3ec8f6dd-1735-4479-9825-a2c42edac34c
[2026-06-08T19:10:51Z] lane_supervisor SKIPPED (BUY-31452 stop marker present; see data/buy30727-supervisor.stopped)
[2026-06-08T19:10:51Z] keep-alive tick complete
===== keep-alive tick 2026-06-08T19:12:45Z =====
[2026-06-08T19:12:45Z] deep_page_loop OK pid=2324004
[2026-06-08T19:12:46Z] sustained_loop OK pid=2325337
[2026-06-08T19:12:46Z] lane_supervisor SKIPPED (BUY-31452 stop marker present; see data/buy30727-supervisor.stopped)
[2026-06-08T19:12:46Z] keep-alive tick complete
===== keep-alive tick 2026-06-08T19:22:54Z =====
[2026-06-08T19:22:54Z] deep_page_loop DEAD — restarting (consecutive_dead_ticks=1)
[2026-06-08T19:22:56Z] deep_page_loop restarted pid=2365475 root=/paperclip/instances/default/workspaces/3ec8f6dd-1735-4479-9825-a2c42edac34c
[2026-06-08T19:22:56Z] sustained_loop OK pid=2350985
[2026-06-08T19:22:56Z] lane_supervisor SKIPPED (BUY-31452 stop marker present; see data/buy30727-supervisor.stopped)
[2026-06-08T19:22:56Z] keep-alive tick complete
===== keep-alive tick 2026-06-08T19:23:07Z =====
[2026-06-08T19:23:07Z] deep_page_loop OK pid=2365475
[2026-06-08T19:23:07Z] sustained_loop OK pid=2350985
[2026-06-08T19:23:07Z] lane_supervisor SKIPPED (BUY-31452 stop marker present; see data/buy30727-supervisor.stopped)
[2026-06-08T19:23:07Z] keep-alive tick complete
===== keep-alive tick 2026-06-08T19:28:07Z =====
[2026-06-08T19:28:07Z] deep_page_loop DEAD — restarting (consecutive_dead_ticks=1)
[2026-06-08T19:28:09Z] deep_page_loop restarted pid=2384091 root=/paperclip/instances/default/workspaces/3ec8f6dd-1735-4479-9825-a2c42edac34c
[2026-06-08T19:28:09Z] sustained_loop OK pid=2350985
[2026-06-08T19:28:09Z] lane_supervisor SKIPPED (BUY-31452 stop marker present; see data/buy30727-supervisor.stopped)
[2026-06-08T19:28:09Z] keep-alive tick complete
===== keep-alive tick 2026-06-08T19:28:26Z =====
[2026-06-08T19:28:26Z] deep_page_loop OK pid=2384091
[2026-06-08T19:28:26Z] sustained_loop OK pid=2350985
[2026-06-08T19:28:26Z] lane_supervisor SKIPPED (BUY-31452 stop marker present; see data/buy30727-supervisor.stopped)
[2026-06-08T19:28:26Z] keep-alive tick complete
===== keep-alive tick 2026-06-08T19:38:21Z =====
[2026-06-08T19:38:21Z] deep_page_loop DEAD — restarting (consecutive_dead_ticks=1)
[2026-06-08T19:38:23Z] deep_page_loop restarted pid=2416562 root=/paperclip/instances/default/workspaces/3ec8f6dd-1735-4479-9825-a2c42edac34c
[2026-06-08T19:38:23Z] sustained_loop OK pid=2350985
[2026-06-08T19:38:23Z] lane_supervisor SKIPPED (BUY-31452 stop marker present; see data/buy30727-supervisor.stopped)
[2026-06-08T19:38:23Z] keep-alive tick complete
===== keep-alive tick 2026-06-08T19:38:34Z =====
[2026-06-08T19:38:34Z] deep_page_loop OK pid=2416562
[2026-06-08T19:38:34Z] sustained_loop OK pid=2350985
[2026-06-08T19:38:34Z] lane_supervisor SKIPPED (BUY-31452 stop marker present; see data/buy30727-supervisor.stopped)
[2026-06-08T19:38:34Z] keep-alive tick complete
===== keep-alive tick 2026-06-08T19:47:33Z =====
[2026-06-08T19:47:33Z] deep_page_loop DEAD — restarting (consecutive_dead_ticks=1)
[2026-06-08T19:47:35Z] deep_page_loop restarted pid=2441961 root=/paperclip/instances/default/workspaces/3ec8f6dd-1735-4479-9825-a2c42edac34c
[2026-06-08T19:47:36Z] sustained_loop OK pid=2350985
[2026-06-08T19:47:36Z] lane_supervisor SKIPPED (BUY-31452 stop marker present; see data/buy30727-supervisor.stopped)
[2026-06-08T19:47:36Z] keep-alive tick complete
===== keep-alive tick 2026-06-08T19:52:56Z =====
[2026-06-08T19:52:56Z] deep_page_loop DEAD — restarting (consecutive_dead_ticks=2)
[2026-06-08T19:52:58Z] deep_page_loop restarted pid=2454910 root=/paperclip/instances/default/workspaces/3ec8f6dd-1735-4479-9825-a2c42edac34c
[2026-06-08T19:52:58Z] sustained_loop OK pid=2350985
[2026-06-08T19:52:58Z] lane_supervisor SKIPPED (BUY-31452 stop marker present; see data/buy30727-supervisor.stopped)
[2026-06-08T19:52:58Z] keep-alive tick complete
===== keep-alive tick 2026-06-08T19:56:07Z =====
[2026-06-08T19:56:07Z] deep_page_loop OK pid=2463799
[2026-06-08T19:56:07Z] sustained_loop OK pid=2350985
[2026-06-08T19:56:07Z] lane_supervisor SKIPPED (BUY-31452 stop marker present; see data/buy30727-supervisor.stopped)
[2026-06-08T19:56:07Z] keep-alive tick complete
===== keep-alive tick 2026-06-08T19:57:46Z =====
[2026-06-08T19:57:46Z] deep_page_loop DEAD — restarting (consecutive_dead_ticks=1)
[2026-06-08T19:57:48Z] deep_page_loop restarted pid=2469719 root=/paperclip/instances/default/workspaces/3ec8f6dd-1735-4479-9825-a2c42edac34c
[2026-06-08T19:57:48Z] sustained_loop OK pid=2350985
[2026-06-08T19:57:48Z] lane_supervisor SKIPPED (BUY-31452 stop marker present; see data/buy30727-supervisor.stopped)
[2026-06-08T19:57:48Z] keep-alive tick complete
===== keep-alive tick 2026-06-08T19:58:10Z =====
[2026-06-08T19:58:10Z] deep_page_loop OK pid=2469719
[2026-06-08T19:58:10Z] sustained_loop OK pid=2350985
[2026-06-08T19:58:10Z] lane_supervisor SKIPPED (BUY-31452 stop marker present; see data/buy30727-supervisor.stopped)
[2026-06-08T19:58:10Z] keep-alive tick complete
===== keep-alive tick 2026-06-08T20:03:02Z =====
[2026-06-08T20:03:02Z] deep_page_loop DEAD — restarting (consecutive_dead_ticks=1)
[2026-06-08T20:03:04Z] deep_page_loop restarted pid=2486855 root=/paperclip/instances/default/workspaces/3ec8f6dd-1735-4479-9825-a2c42edac34c
[2026-06-08T20:03:04Z] sustained_loop OK pid=2350985
[2026-06-08T20:03:04Z] lane_supervisor SKIPPED (BUY-31452 stop marker present; see data/buy30727-supervisor.stopped)
[2026-06-08T20:03:04Z] keep-alive tick complete
===== keep-alive tick 2026-06-08T20:07:53Z =====
[2026-06-08T20:07:53Z] deep_page_loop DEAD — restarting (consecutive_dead_ticks=2)
[2026-06-08T20:07:55Z] deep_page_loop restarted pid=2511568 root=/paperclip/instances/default/workspaces/3ec8f6dd-1735-4479-9825-a2c42edac34c
[2026-06-08T20:07:55Z] sustained_loop OK pid=2350985
[2026-06-08T20:07:55Z] lane_supervisor SKIPPED (BUY-31452 stop marker present; see data/buy30727-supervisor.stopped)
[2026-06-08T20:07:55Z] keep-alive tick complete
===== keep-alive tick 2026-06-08T20:08:04Z =====
[2026-06-08T20:08:04Z] deep_page_loop OK pid=2511568
[2026-06-08T20:08:04Z] sustained_loop OK pid=2350985
[2026-06-08T20:08:04Z] lane_supervisor SKIPPED (BUY-31452 stop marker present; see data/buy30727-supervisor.stopped)
[2026-06-08T20:08:04Z] keep-alive tick complete
++ ts
++ date -u +%Y-%m-%dT%H:%M:%SZ
+ echo '===== keep-alive tick 2026-06-08T20:08:13Z ====='
===== keep-alive tick 2026-06-08T20:08:13Z =====
+ restart_if_dead deep_page_loop buy30590-deep-page-loop.mjs buy30590-deep-page-loop.mjs 'node scripts/buy30590-deep-page-loop.mjs' /paperclip/instances/default/projects/177bc805-e3c8-4336-84cb-8e1e482d5a17/18221361-973a-493e-9e19-4c43b7a1c6eb/_default/logs/buy30590_deep_page_loop.log
+ local label=deep_page_loop
+ local pattern=buy30590-deep-page-loop.mjs
+ local script_name=buy30590-deep-page-loop.mjs
+ local 'cmd=node scripts/buy30590-deep-page-loop.mjs'
+ local logfile=/paperclip/instances/default/projects/177bc805-e3c8-4336-84cb-8e1e482d5a17/18221361-973a-493e-9e19-4c43b7a1c6eb/_default/logs/buy30590_deep_page_loop.log
+ local pid dead_ticks lane_root
++ pgrep_pat buy30590-deep-page-loop.mjs
++ local pattern=buy30590-deep-page-loop.mjs
++ local matches filtered pid count keep p
+++ pgrep -af buy30590-deep-page-loop.mjs
+++ grep -vE '^\S+\s+((/usr/bin|/bin)/)?(ba)?sh\b'
+++ grep -vE '\.claude/shell-snapshots'
+++ grep -v buy30854-lane-keep-alive
+++ grep -v scripts/buy30854-lane-keep-alive.sh
++ matches='2511568 node scripts/buy30590-deep-page-loop.mjs'
++ filtered=
++ '[' -z '2511568 node scripts/buy30590-deep-page-loop.mjs' ']'
++ IFS=
++ read -r line
++ '[' -z '2511568 node scripts/buy30590-deep-page-loop.mjs' ']'
+++ echo '2511568 node scripts/buy30590-deep-page-loop.mjs'
+++ awk '{print $1}'
++ pid=2511568
++ '[' -z 2511568 ']'
++ filtered+='2511568
'
++ IFS=
++ read -r line
+++ echo '2511568
'
+++ sed '/^$/d'
++ filtered=2511568
++ '[' -z 2511568 ']'
+++ echo 2511568
+++ wc -l
+++ tr -d ' '
++ count=1
++ '[' 1 -gt 1 ']'
++ echo 2511568
+ pid=2511568
+ '[' -n 2511568 ']'
++ ts
++ date -u +%Y-%m-%dT%H:%M:%SZ
+ echo '[2026-06-08T20:08:14Z] deep_page_loop OK pid=2511568'
[2026-06-08T20:08:14Z] deep_page_loop OK pid=2511568
+ write_dead_count deep_page_loop 0
+ local label=deep_page_loop
+ local count=0
+ python3 -c '
import json, os
p='\''/paperclip/instances/default/projects/177bc805-e3c8-4336-84cb-8e1e482d5a17/18221361-973a-493e-9e19-4c43b7a1c6eb/_default/data/buy30854-keep-alive-state.json'\''
data = {}
if os.path.exists(p):
    try:
        data = json.load(open(p))
    except Exception:
        data = {}
data['\''deep_page_loop'\''] = 0
open(p, '\''w'\'').write(json.dumps(data, indent=2))
'
+ return 0
+ restart_if_dead sustained_loop buy30331-sustained-loop.mjs buy30331-sustained-loop.mjs 'node scripts/buy30331-sustained-loop.mjs' /paperclip/instances/default/projects/177bc805-e3c8-4336-84cb-8e1e482d5a17/18221361-973a-493e-9e19-4c43b7a1c6eb/_default/logs/buy30331_sustained_loop.log
+ local label=sustained_loop
+ local pattern=buy30331-sustained-loop.mjs
+ local script_name=buy30331-sustained-loop.mjs
+ local 'cmd=node scripts/buy30331-sustained-loop.mjs'
+ local logfile=/paperclip/instances/default/projects/177bc805-e3c8-4336-84cb-8e1e482d5a17/18221361-973a-493e-9e19-4c43b7a1c6eb/_default/logs/buy30331_sustained_loop.log
+ local pid dead_ticks lane_root
++ pgrep_pat buy30331-sustained-loop.mjs
++ local pattern=buy30331-sustained-loop.mjs
++ local matches filtered pid count keep p
+++ pgrep -af buy30331-sustained-loop.mjs
+++ grep -vE '^\S+\s+((/usr/bin|/bin)/)?(ba)?sh\b'
+++ grep -vE '\.claude/shell-snapshots'
+++ grep -v buy30854-lane-keep-alive
+++ grep -v scripts/buy30854-lane-keep-alive.sh
++ matches='2350985 node scripts/buy30331-sustained-loop.mjs'
++ filtered=
++ '[' -z '2350985 node scripts/buy30331-sustained-loop.mjs' ']'
++ IFS=
++ read -r line
++ '[' -z '2350985 node scripts/buy30331-sustained-loop.mjs' ']'
+++ echo '2350985 node scripts/buy30331-sustained-loop.mjs'
+++ awk '{print $1}'
++ pid=2350985
++ '[' -z 2350985 ']'
++ filtered+='2350985
'
++ IFS=
++ read -r line
+++ echo '2350985
'
+++ sed '/^$/d'
++ filtered=2350985
++ '[' -z 2350985 ']'
+++ echo 2350985
+++ wc -l
+++ tr -d ' '
++ count=1
++ '[' 1 -gt 1 ']'
++ echo 2350985
+ pid=2350985
+ '[' -n 2350985 ']'
++ ts
++ date -u +%Y-%m-%dT%H:%M:%SZ
+ echo '[2026-06-08T20:08:14Z] sustained_loop OK pid=2350985'
[2026-06-08T20:08:14Z] sustained_loop OK pid=2350985
+ write_dead_count sustained_loop 0
+ local label=sustained_loop
+ local count=0
+ python3 -c '
import json, os
p='\''/paperclip/instances/default/projects/177bc805-e3c8-4336-84cb-8e1e482d5a17/18221361-973a-493e-9e19-4c43b7a1c6eb/_default/data/buy30854-keep-alive-state.json'\''
data = {}
if os.path.exists(p):
    try:
        data = json.load(open(p))
    except Exception:
        data = {}
data['\''sustained_loop'\''] = 0
open(p, '\''w'\'').write(json.dumps(data, indent=2))
'
+ return 0
+ '[' '!' -f /paperclip/instances/default/projects/177bc805-e3c8-4336-84cb-8e1e482d5a17/18221361-973a-493e-9e19-4c43b7a1c6eb/_default/data/checkpoints/buy30590_woocommerce.completed ']'
+ '[' -f /paperclip/instances/default/projects/177bc805-e3c8-4336-84cb-8e1e482d5a17/18221361-973a-493e-9e19-4c43b7a1c6eb/_default/data/buy30727-supervisor.stopped ']'
++ ts
++ date -u +%Y-%m-%dT%H:%M:%SZ
+ echo '[2026-06-08T20:08:14Z] lane_supervisor SKIPPED (BUY-31452 stop marker present; see data/buy30727-supervisor.stopped)'
[2026-06-08T20:08:14Z] lane_supervisor SKIPPED (BUY-31452 stop marker present; see data/buy30727-supervisor.stopped)
++ ts
++ date -u +%Y-%m-%dT%H:%M:%SZ
+ echo '[2026-06-08T20:08:14Z] keep-alive tick complete'
[2026-06-08T20:08:14Z] keep-alive tick complete
===== keep-alive tick 2026-06-08T20:08:55Z =====
[2026-06-08T20:08:55Z] deep_page_loop OK pid=2511568
[2026-06-08T20:08:55Z] sustained_loop OK pid=2350985
[2026-06-08T20:08:55Z] lane_supervisor SKIPPED (BUY-31452 stop marker present; see data/buy30727-supervisor.stopped)
[2026-06-08T20:08:55Z] keep-alive tick complete
[2026-06-08T20:08:56Z] keep-alive tick skipped — another instance already holds /paperclip/instances/default/projects/177bc805-e3c8-4336-84cb-8e1e482d5a17/18221361-973a-493e-9e19-4c43b7a1c6eb/_default/data/buy30854-keep-alive.lock
===== keep-alive tick 2026-06-08T20:13:09Z =====
[2026-06-08T20:13:09Z] deep_page_loop DEAD — restarting (consecutive_dead_ticks=1)
[2026-06-08T20:13:11Z] deep_page_loop restarted pid=2542784 root=/paperclip/instances/default/workspaces/3ec8f6dd-1735-4479-9825-a2c42edac34c
[2026-06-08T20:13:11Z] sustained_loop OK pid=2350985
[2026-06-08T20:13:11Z] lane_supervisor SKIPPED (BUY-31452 stop marker present; see data/buy30727-supervisor.stopped)
[2026-06-08T20:13:11Z] keep-alive tick complete
===== keep-alive tick 2026-06-08T20:17:34Z =====
[2026-06-08T20:17:34Z] deep_page_loop DEAD — restarting (consecutive_dead_ticks=2)
[2026-06-08T20:17:36Z] deep_page_loop restarted pid=2553926 root=/paperclip/instances/default/workspaces/3ec8f6dd-1735-4479-9825-a2c42edac34c
[2026-06-08T20:17:36Z] sustained_loop OK pid=2350985
[2026-06-08T20:17:36Z] lane_supervisor SKIPPED (BUY-31452 stop marker present; see data/buy30727-supervisor.stopped)
[2026-06-08T20:17:36Z] keep-alive tick complete
===== keep-alive tick 2026-06-08T20:25:44Z =====
[2026-06-08T20:25:44Z] deep_page_loop DEAD — restarting (consecutive_dead_ticks=3)
[2026-06-08T20:25:46Z] deep_page_loop restarted pid=2578142 root=/paperclip/instances/default/workspaces/3ec8f6dd-1735-4479-9825-a2c42edac34c
[2026-06-08T20:25:46Z] sustained_loop OK pid=2350985
[2026-06-08T20:25:46Z] lane_supervisor SKIPPED (BUY-31452 stop marker present; see data/buy30727-supervisor.stopped)
[2026-06-08T20:25:46Z] keep-alive tick complete
[2026-06-08T20:27:57Z] keep-alive tick skipped — another instance already holds /paperclip/instances/default/projects/177bc805-e3c8-4336-84cb-8e1e482d5a17/18221361-973a-493e-9e19-4c43b7a1c6eb/_default/data/buy30854-keep-alive.lock
===== keep-alive tick 2026-06-08T20:33:34Z =====
[2026-06-08T20:33:34Z] deep_page_loop DEAD — restarting (consecutive_dead_ticks=4)
[2026-06-08T20:33:36Z] deep_page_loop restarted pid=2609295 root=/paperclip/instances/default/workspaces/3ec8f6dd-1735-4479-9825-a2c42edac34c
[2026-06-08T20:33:36Z] deep_page_loop ESCALATED — consecutive_dead_ticks=4 >= 4; written to /paperclip/instances/default/projects/177bc805-e3c8-4336-84cb-8e1e482d5a17/18221361-973a-493e-9e19-4c43b7a1c6eb/_default/data/buy30854-keep-alive-escalation.json
[2026-06-08T20:33:36Z] sustained_loop OK pid=2350985
[2026-06-08T20:33:36Z] lane_supervisor SKIPPED (BUY-31452 stop marker present; see data/buy30727-supervisor.stopped)
[2026-06-08T20:33:36Z] keep-alive tick complete
[2026-06-08T20:35:05Z] keep-alive tick skipped — another instance already holds /paperclip/instances/default/projects/177bc805-e3c8-4336-84cb-8e1e482d5a17/18221361-973a-493e-9e19-4c43b7a1c6eb/_default/data/buy30854-keep-alive.lock
===== keep-alive tick 2026-06-08T20:37:57Z =====
[2026-06-08T20:37:57Z] deep_page_loop DEAD — restarting (consecutive_dead_ticks=5)
[2026-06-08T20:37:59Z] deep_page_loop restarted pid=2626115 root=/paperclip/instances/default/workspaces/3ec8f6dd-1735-4479-9825-a2c42edac34c
[2026-06-08T20:37:59Z] deep_page_loop ESCALATED — consecutive_dead_ticks=5 >= 4; written to /paperclip/instances/default/projects/177bc805-e3c8-4336-84cb-8e1e482d5a17/18221361-973a-493e-9e19-4c43b7a1c6eb/_default/data/buy30854-keep-alive-escalation.json
[2026-06-08T20:37:59Z] sustained_loop OK pid=2350985
[2026-06-08T20:37:59Z] lane_supervisor SKIPPED (BUY-31452 stop marker present; see data/buy30727-supervisor.stopped)
[2026-06-08T20:37:59Z] keep-alive tick complete
===== keep-alive tick 2026-06-08T20:42:44Z =====
[2026-06-08T20:42:44Z] deep_page_loop DEAD — restarting (consecutive_dead_ticks=6)
[2026-06-08T20:42:46Z] keep-alive tick skipped — another instance already holds /paperclip/instances/default/projects/177bc805-e3c8-4336-84cb-8e1e482d5a17/18221361-973a-493e-9e19-4c43b7a1c6eb/_default/data/buy30854-keep-alive.lock
[2026-06-08T20:42:46Z] deep_page_loop restarted pid=2640508 root=/paperclip/instances/default/workspaces/3ec8f6dd-1735-4479-9825-a2c42edac34c
[2026-06-08T20:42:46Z] deep_page_loop ESCALATED — consecutive_dead_ticks=6 >= 4; written to /paperclip/instances/default/projects/177bc805-e3c8-4336-84cb-8e1e482d5a17/18221361-973a-493e-9e19-4c43b7a1c6eb/_default/data/buy30854-keep-alive-escalation.json
[2026-06-08T20:42:46Z] sustained_loop OK pid=2350985
[2026-06-08T20:42:47Z] lane_supervisor SKIPPED (BUY-31452 stop marker present; see data/buy30727-supervisor.stopped)
[2026-06-08T20:42:47Z] keep-alive tick complete
===== keep-alive tick 2026-06-08T20:48:05Z =====
[2026-06-08T20:48:05Z] deep_page_loop OK pid=2654414
[2026-06-08T20:48:05Z] sustained_loop OK pid=2350985
[2026-06-08T20:48:05Z] lane_supervisor SKIPPED (BUY-31452 stop marker present; see data/buy30727-supervisor.stopped)
[2026-06-08T20:48:05Z] keep-alive tick complete
===== keep-alive tick 2026-06-08T20:49:00Z =====
[2026-06-08T20:49:00Z] deep_page_loop DEAD — restarting (consecutive_dead_ticks=1)
[2026-06-08T20:49:02Z] deep_page_loop restarted pid=2662082 root=/paperclip/instances/default/workspaces/3ec8f6dd-1735-4479-9825-a2c42edac34c
[2026-06-08T20:49:02Z] sustained_loop OK pid=2350985
[2026-06-08T20:49:02Z] lane_supervisor SKIPPED (BUY-31452 stop marker present; see data/buy30727-supervisor.stopped)
[2026-06-08T20:49:02Z] keep-alive tick complete
===== keep-alive tick 2026-06-08T20:49:31Z =====
[2026-06-08T20:49:31Z] deep_page_loop DEAD — restarting (consecutive_dead_ticks=2)
[2026-06-08T20:49:33Z] deep_page_loop restarted pid=2662992 root=/paperclip/instances/default/workspaces/3ec8f6dd-1735-4479-9825-a2c42edac34c
[2026-06-08T20:49:33Z] sustained_loop OK pid=2350985
[2026-06-08T20:49:33Z] lane_supervisor SKIPPED (BUY-31452 stop marker present; see data/buy30727-supervisor.stopped)
[2026-06-08T20:49:33Z] keep-alive tick complete
[2026-06-08T20:53:03Z] keep-alive tick skipped — another instance already holds /paperclip/instances/default/projects/177bc805-e3c8-4336-84cb-8e1e482d5a17/18221361-973a-493e-9e19-4c43b7a1c6eb/_default/data/buy30854-keep-alive.lock
===== keep-alive tick 2026-06-08T20:57:47Z =====
[2026-06-08T20:57:47Z] deep_page_loop DEAD — restarting (consecutive_dead_ticks=3)
[2026-06-08T20:57:49Z] deep_page_loop restarted pid=2691946 root=/paperclip/instances/default/workspaces/3ec8f6dd-1735-4479-9825-a2c42edac34c
[2026-06-08T20:57:49Z] sustained_loop OK pid=2691392
[2026-06-08T20:57:49Z] lane_supervisor SKIPPED (BUY-31452 stop marker present; see data/buy30727-supervisor.stopped)
[2026-06-08T20:57:49Z] keep-alive tick complete
[2026-06-08T20:57:49Z] keep-alive tick skipped — another instance already holds /paperclip/instances/default/projects/177bc805-e3c8-4336-84cb-8e1e482d5a17/18221361-973a-493e-9e19-4c43b7a1c6eb/_default/data/buy30854-keep-alive.lock
===== keep-alive tick 2026-06-08T21:02:49Z =====
[2026-06-08T21:02:49Z] deep_page_loop DEAD — restarting (consecutive_dead_ticks=4)
[2026-06-08T21:02:51Z] deep_page_loop restarted pid=2708157 root=/paperclip/instances/default/workspaces/3ec8f6dd-1735-4479-9825-a2c42edac34c
[2026-06-08T21:02:51Z] deep_page_loop ESCALATED — consecutive_dead_ticks=4 >= 4; written to /paperclip/instances/default/projects/177bc805-e3c8-4336-84cb-8e1e482d5a17/18221361-973a-493e-9e19-4c43b7a1c6eb/_default/data/buy30854-keep-alive-escalation.json
[2026-06-08T21:02:51Z] sustained_loop OK pid=2691392
[2026-06-08T21:02:51Z] lane_supervisor SKIPPED (BUY-31452 stop marker present; see data/buy30727-supervisor.stopped)
[2026-06-08T21:02:51Z] keep-alive tick complete
===== keep-alive tick 2026-06-08T21:05:42Z =====
[2026-06-08T21:05:43Z] deep_page_loop DEAD — restarting (consecutive_dead_ticks=5)
[2026-06-08T21:05:45Z] deep_page_loop restarted pid=2721335 root=/paperclip/instances/default/workspaces/3ec8f6dd-1735-4479-9825-a2c42edac34c
[2026-06-08T21:05:45Z] deep_page_loop ESCALATED — consecutive_dead_ticks=5 >= 4; written to /paperclip/instances/default/projects/177bc805-e3c8-4336-84cb-8e1e482d5a17/18221361-973a-493e-9e19-4c43b7a1c6eb/_default/data/buy30854-keep-alive-escalation.json
[2026-06-08T21:05:45Z] sustained_loop OK pid=2691392
[2026-06-08T21:05:45Z] lane_supervisor SKIPPED (BUY-31452 stop marker present; see data/buy30727-supervisor.stopped)
[2026-06-08T21:05:45Z] keep-alive tick complete
[2026-06-08T21:07:50Z] keep-alive tick skipped — another instance already holds /paperclip/instances/default/projects/177bc805-e3c8-4336-84cb-8e1e482d5a17/18221361-973a-493e-9e19-4c43b7a1c6eb/_default/data/buy30854-keep-alive.lock
[2026-06-08T21:08:43Z] keep-alive tick skipped — another instance already holds /paperclip/instances/default/projects/177bc805-e3c8-4336-84cb-8e1e482d5a17/18221361-973a-493e-9e19-4c43b7a1c6eb/_default/data/buy30854-keep-alive.lock
===== keep-alive tick 2026-06-08T21:12:51Z =====
[2026-06-08T21:12:52Z] deep_page_loop DEAD — restarting (consecutive_dead_ticks=6)
[2026-06-08T21:12:54Z] deep_page_loop restarted pid=2747536 root=/paperclip/instances/default/workspaces/3ec8f6dd-1735-4479-9825-a2c42edac34c
[2026-06-08T21:12:54Z] deep_page_loop ESCALATED — consecutive_dead_ticks=6 >= 4; written to /paperclip/instances/default/projects/177bc805-e3c8-4336-84cb-8e1e482d5a17/18221361-973a-493e-9e19-4c43b7a1c6eb/_default/data/buy30854-keep-alive-escalation.json
[2026-06-08T21:12:54Z] sustained_loop OK pid=2691392
[2026-06-08T21:12:54Z] lane_supervisor SKIPPED (BUY-31452 stop marker present; see data/buy30727-supervisor.stopped)
[2026-06-08T21:12:54Z] keep-alive tick complete
[2026-06-08T21:13:09Z] keep-alive tick skipped — another instance already holds /paperclip/instances/default/projects/177bc805-e3c8-4336-84cb-8e1e482d5a17/18221361-973a-493e-9e19-4c43b7a1c6eb/_default/data/buy30854-keep-alive.lock
===== keep-alive tick 2026-06-08T21:17:48Z =====
[2026-06-08T21:17:48Z] deep_page_loop DEAD — restarting (consecutive_dead_ticks=7)
[2026-06-08T21:17:50Z] deep_page_loop restarted pid=2767026 root=/paperclip/instances/default/workspaces/3ec8f6dd-1735-4479-9825-a2c42edac34c
[2026-06-08T21:17:50Z] deep_page_loop ESCALATED — consecutive_dead_ticks=7 >= 4; written to /paperclip/instances/default/projects/177bc805-e3c8-4336-84cb-8e1e482d5a17/18221361-973a-493e-9e19-4c43b7a1c6eb/_default/data/buy30854-keep-alive-escalation.json
[2026-06-08T21:17:50Z] sustained_loop OK pid=2691392
[2026-06-08T21:17:50Z] lane_supervisor SKIPPED (BUY-31452 stop marker present; see data/buy30727-supervisor.stopped)
[2026-06-08T21:17:50Z] keep-alive tick complete
===== keep-alive tick 2026-06-08T21:21:46Z =====
[2026-06-08T21:21:46Z] deep_page_loop DEAD — restarting (consecutive_dead_ticks=8)
[2026-06-08T21:21:49Z] deep_page_loop restarted pid=2778633 root=/paperclip/instances/default/workspaces/3ec8f6dd-1735-4479-9825-a2c42edac34c spawned=2778630
[2026-06-08T21:21:49Z] deep_page_loop ESCALATED — consecutive_dead_ticks=8 >= 4; written to /paperclip/instances/default/projects/177bc805-e3c8-4336-84cb-8e1e482d5a17/18221361-973a-493e-9e19-4c43b7a1c6eb/_default/data/buy30854-keep-alive-escalation.json
[2026-06-08T21:21:49Z] sustained_loop OK pid=2691392
[2026-06-08T21:21:49Z] lane_supervisor SKIPPED (BUY-31452 stop marker present; see data/buy30727-supervisor.stopped)
[2026-06-08T21:21:49Z] keep-alive tick complete
===== keep-alive tick 2026-06-08T21:28:32Z =====
[2026-06-08T21:28:32Z] deep_page_loop OK pid=2778633
[2026-06-08T21:28:32Z] sustained_loop OK pid=2691392
[2026-06-08T21:28:32Z] lane_supervisor SKIPPED (BUY-31452 stop marker present; see data/buy30727-supervisor.stopped)
[2026-06-08T21:28:32Z] keep-alive tick complete
===== keep-alive tick 2026-06-08T21:29:59Z =====
[2026-06-08T21:29:59Z] deep_page_loop OK pid=2778633
[2026-06-08T21:29:59Z] sustained_loop OK pid=2691392
[2026-06-08T21:29:59Z] lane_supervisor SKIPPED (BUY-31452 stop marker present; see data/buy30727-supervisor.stopped)
[2026-06-08T21:29:59Z] keep-alive tick complete
===== keep-alive tick 2026-06-08T21:33:04Z =====
[2026-06-08T21:33:04Z] deep_page_loop OK pid=2778633
[2026-06-08T21:33:04Z] sustained_loop OK pid=2691392
[2026-06-08T21:33:04Z] lane_supervisor SKIPPED (BUY-31452 stop marker present; see data/buy30727-supervisor.stopped)
[2026-06-08T21:33:04Z] keep-alive tick complete
===== keep-alive tick 2026-06-08T21:34:31Z =====
[2026-06-08T21:34:31Z] deep_page_loop OK pid=2778633
[2026-06-08T21:34:31Z] sustained_loop OK pid=2691392
[2026-06-08T21:34:31Z] lane_supervisor SKIPPED (BUY-31452 stop marker present; see data/buy30727-supervisor.stopped)
[2026-06-08T21:34:31Z] keep-alive tick complete
===== keep-alive tick 2026-06-08T21:37:42Z =====
[2026-06-08T21:37:42Z] deep_page_loop OK pid=2778633
[2026-06-08T21:37:42Z] sustained_loop OK pid=2691392
[2026-06-08T21:37:42Z] lane_supervisor SKIPPED (BUY-31452 stop marker present; see data/buy30727-supervisor.stopped)
[2026-06-08T21:37:42Z] keep-alive tick complete
===== keep-alive tick 2026-06-08T21:39:57Z =====
[2026-06-08T21:39:57Z] deep_page_loop OK pid=2778633
[2026-06-08T21:39:57Z] sustained_loop OK pid=2691392
[2026-06-08T21:39:57Z] lane_supervisor SKIPPED (BUY-31452 stop marker present; see data/buy30727-supervisor.stopped)
[2026-06-08T21:39:57Z] keep-alive tick complete
===== keep-alive tick 2026-06-08T21:42:54Z =====
[2026-06-08T21:42:54Z] deep_page_loop OK pid=2778633
[2026-06-08T21:42:54Z] sustained_loop OK pid=2691392
[2026-06-08T21:42:54Z] lane_supervisor SKIPPED (BUY-31452 stop marker present; see data/buy30727-supervisor.stopped)
[2026-06-08T21:42:54Z] keep-alive tick complete
===== keep-alive tick 2026-06-08T21:44:50Z =====
[2026-06-08T21:44:50Z] deep_page_loop OK pid=2778633
[2026-06-08T21:44:50Z] sustained_loop OK pid=2691392
[2026-06-08T21:44:50Z] lane_supervisor SKIPPED (BUY-31452 stop marker present; see data/buy30727-supervisor.stopped)
[2026-06-08T21:44:50Z] keep-alive tick complete
===== keep-alive tick 2026-06-08T21:47:53Z =====
[2026-06-08T21:47:53Z] deep_page_loop OK pid=2778633
[2026-06-08T21:47:53Z] sustained_loop OK pid=2691392
[2026-06-08T21:47:53Z] lane_supervisor SKIPPED (BUY-31452 stop marker present; see data/buy30727-supervisor.stopped)
[2026-06-08T21:47:53Z] keep-alive tick complete
===== keep-alive tick 2026-06-08T21:49:59Z =====
[2026-06-08T21:49:59Z] deep_page_loop OK pid=2778633
[2026-06-08T21:49:59Z] sustained_loop OK pid=2691392
[2026-06-08T21:50:00Z] lane_supervisor SKIPPED (BUY-31452 stop marker present; see data/buy30727-supervisor.stopped)
[2026-06-08T21:50:00Z] keep-alive tick complete
===== keep-alive tick 2026-06-08T21:52:59Z =====
[2026-06-08T21:52:59Z] deep_page_loop OK pid=2778633
[2026-06-08T21:52:59Z] sustained_loop OK pid=2691392
[2026-06-08T21:52:59Z] lane_supervisor SKIPPED (BUY-31452 stop marker present; see data/buy30727-supervisor.stopped)
[2026-06-08T21:52:59Z] keep-alive tick complete
===== keep-alive tick 2026-06-08T21:54:31Z =====
[2026-06-08T21:54:31Z] deep_page_loop OK pid=2778633
[2026-06-08T21:54:31Z] sustained_loop OK pid=2691392
[2026-06-08T21:54:31Z] lane_supervisor SKIPPED (BUY-31452 stop marker present; see data/buy30727-supervisor.stopped)
[2026-06-08T21:54:31Z] keep-alive tick complete
===== keep-alive tick 2026-06-08T21:57:51Z =====
[2026-06-08T21:57:51Z] deep_page_loop OK pid=2778633
[2026-06-08T21:57:51Z] sustained_loop OK pid=2691392
[2026-06-08T21:57:51Z] lane_supervisor SKIPPED (BUY-31452 stop marker present; see data/buy30727-supervisor.stopped)
[2026-06-08T21:57:51Z] keep-alive tick complete
===== keep-alive tick 2026-06-08T21:59:35Z =====
[2026-06-08T21:59:35Z] deep_page_loop OK pid=2778633
[2026-06-08T21:59:35Z] sustained_loop OK pid=2691392
[2026-06-08T21:59:35Z] lane_supervisor SKIPPED (BUY-31452 stop marker present; see data/buy30727-supervisor.stopped)
[2026-06-08T21:59:35Z] keep-alive tick complete
===== keep-alive tick 2026-06-08T22:02:45Z =====
[2026-06-08T22:02:45Z] deep_page_loop OK pid=2778633
[2026-06-08T22:02:45Z] sustained_loop OK pid=2691392
[2026-06-08T22:02:45Z] lane_supervisor SKIPPED (BUY-31452 stop marker present; see data/buy30727-supervisor.stopped)
[2026-06-08T22:02:45Z] keep-alive tick complete
===== keep-alive tick 2026-06-08T22:04:57Z =====
[2026-06-08T22:04:57Z] deep_page_loop OK pid=2778633
[2026-06-08T22:04:57Z] sustained_loop OK pid=2691392
[2026-06-08T22:04:57Z] lane_supervisor SKIPPED (BUY-31452 stop marker present; see data/buy30727-supervisor.stopped)
[2026-06-08T22:04:57Z] keep-alive tick complete
===== keep-alive tick 2026-06-08T22:08:26Z =====
[2026-06-08T22:08:26Z] deep_page_loop OK pid=2778633
[2026-06-08T22:08:26Z] sustained_loop OK pid=2691392
[2026-06-08T22:08:26Z] lane_supervisor SKIPPED (BUY-31452 stop marker present; see data/buy30727-supervisor.stopped)
[2026-06-08T22:08:26Z] keep-alive tick complete
===== keep-alive tick 2026-06-08T22:12:08Z =====
[2026-06-08T22:12:08Z] deep_page_loop OK pid=2778633
[2026-06-08T22:12:08Z] sustained_loop OK pid=2691392
[2026-06-08T22:12:08Z] lane_supervisor SKIPPED (BUY-31452 stop marker present; see data/buy30727-supervisor.stopped)
[2026-06-08T22:12:08Z] keep-alive tick complete
===== keep-alive tick 2026-06-08T22:12:55Z =====
[2026-06-08T22:12:55Z] deep_page_loop OK pid=2778633
[2026-06-08T22:12:55Z] sustained_loop OK pid=2691392
[2026-06-08T22:12:55Z] lane_supervisor SKIPPED (BUY-31452 stop marker present; see data/buy30727-supervisor.stopped)
[2026-06-08T22:12:55Z] keep-alive tick complete
===== keep-alive tick 2026-06-08T22:18:02Z =====
[2026-06-08T22:18:02Z] deep_page_loop OK pid=2778633
[2026-06-08T22:18:02Z] sustained_loop OK pid=2691392
[2026-06-08T22:18:02Z] lane_supervisor SKIPPED (BUY-31452 stop marker present; see data/buy30727-supervisor.stopped)
[2026-06-08T22:18:02Z] keep-alive tick complete
===== keep-alive tick 2026-06-08T22:20:11Z =====
[2026-06-08T22:20:11Z] deep_page_loop OK pid=2778633
[2026-06-08T22:20:12Z] sustained_loop OK pid=2691392
[2026-06-08T22:20:12Z] lane_supervisor SKIPPED (BUY-31452 stop marker present; see data/buy30727-supervisor.stopped)
[2026-06-08T22:20:12Z] keep-alive tick complete
++ ts
++ date -u +%Y-%m-%dT%H:%M:%SZ
+ echo '===== keep-alive tick 2026-06-08T22:20:23Z ====='
===== keep-alive tick 2026-06-08T22:20:23Z =====
+ restart_if_dead deep_page_loop buy30590-deep-page-loop.mjs buy30590-deep-page-loop.mjs 'node scripts/buy30590-deep-page-loop.mjs' /paperclip/instances/default/projects/177bc805-e3c8-4336-84cb-8e1e482d5a17/18221361-973a-493e-9e19-4c43b7a1c6eb/_default/logs/buy30590_deep_page_loop.log
+ local label=deep_page_loop
+ local pattern=buy30590-deep-page-loop.mjs
+ local script_name=buy30590-deep-page-loop.mjs
+ local 'cmd=node scripts/buy30590-deep-page-loop.mjs'
+ local logfile=/paperclip/instances/default/projects/177bc805-e3c8-4336-84cb-8e1e482d5a17/18221361-973a-493e-9e19-4c43b7a1c6eb/_default/logs/buy30590_deep_page_loop.log
+ local pid dead_ticks lane_root lane_pid
++ pgrep_pat buy30590-deep-page-loop.mjs
++ local pattern=buy30590-deep-page-loop.mjs
++ local matches filtered pid count keep p
+++ pgrep -af buy30590-deep-page-loop.mjs
+++ grep -vE '^\S+\s+((/usr/bin|/bin)/)?(ba)?sh\b'
+++ grep -vE '\.claude/shell-snapshots'
+++ grep -v buy30854-lane-keep-alive
+++ grep -v scripts/buy30854-lane-keep-alive.sh
++ matches='2778633 node scripts/buy30590-deep-page-loop.mjs'
++ filtered=
++ '[' -z '2778633 node scripts/buy30590-deep-page-loop.mjs' ']'
++ IFS=
++ read -r line
++ '[' -z '2778633 node scripts/buy30590-deep-page-loop.mjs' ']'
+++ echo '2778633 node scripts/buy30590-deep-page-loop.mjs'
+++ awk '{print $1}'
++ pid=2778633
++ '[' -z 2778633 ']'
++ filtered+='2778633
'
++ IFS=
++ read -r line
+++ echo '2778633
'
+++ sed '/^$/d'
++ filtered=2778633
++ '[' -z 2778633 ']'
+++ echo 2778633
+++ wc -l
+++ tr -d ' '
++ count=1
++ '[' 1 -gt 1 ']'
++ echo 2778633
+ pid=2778633
+ '[' -n 2778633 ']'
++ ts
++ date -u +%Y-%m-%dT%H:%M:%SZ
+ echo '[2026-06-08T22:20:23Z] deep_page_loop OK pid=2778633'
[2026-06-08T22:20:23Z] deep_page_loop OK pid=2778633
+ write_dead_count deep_page_loop 0
+ local label=deep_page_loop
+ local count=0
+ python3 -c '
import json, os, tempfile
p='\''/paperclip/instances/default/projects/177bc805-e3c8-4336-84cb-8e1e482d5a17/18221361-973a-493e-9e19-4c43b7a1c6eb/_default/data/buy30854-keep-alive-state.json'\''
data = {}
if os.path.exists(p):
    try:
        data = json.load(open(p))
    except Exception:
        data = {}
data['\''deep_page_loop'\''] = 0
fd, tmp = tempfile.mkstemp(dir=os.path.dirname(p), prefix='\''.buy30854-state.'\'', suffix='\''.tmp'\'')
with os.fdopen(fd, '\''w'\'') as fh:
    fh.write(json.dumps(data, indent=2))
    fh.write('\''\n'\'')
os.replace(tmp, p)
'
+ return 0
+ restart_if_dead sustained_loop buy30331-sustained-loop.mjs buy30331-sustained-loop.mjs 'node scripts/buy30331-sustained-loop.mjs' /paperclip/instances/default/projects/177bc805-e3c8-4336-84cb-8e1e482d5a17/18221361-973a-493e-9e19-4c43b7a1c6eb/_default/logs/buy30331_sustained_loop.log
+ local label=sustained_loop
+ local pattern=buy30331-sustained-loop.mjs
+ local script_name=buy30331-sustained-loop.mjs
+ local 'cmd=node scripts/buy30331-sustained-loop.mjs'
+ local logfile=/paperclip/instances/default/projects/177bc805-e3c8-4336-84cb-8e1e482d5a17/18221361-973a-493e-9e19-4c43b7a1c6eb/_default/logs/buy30331_sustained_loop.log
+ local pid dead_ticks lane_root lane_pid
++ pgrep_pat buy30331-sustained-loop.mjs
++ local pattern=buy30331-sustained-loop.mjs
++ local matches filtered pid count keep p
+++ pgrep -af buy30331-sustained-loop.mjs
+++ grep -vE '^\S+\s+((/usr/bin|/bin)/)?(ba)?sh\b'
+++ grep -vE '\.claude/shell-snapshots'
+++ grep -v buy30854-lane-keep-alive
+++ grep -v scripts/buy30854-lane-keep-alive.sh
++ matches='2691392 node scripts/buy30331-sustained-loop.mjs'
++ filtered=
++ '[' -z '2691392 node scripts/buy30331-sustained-loop.mjs' ']'
++ IFS=
++ read -r line
++ '[' -z '2691392 node scripts/buy30331-sustained-loop.mjs' ']'
+++ echo '2691392 node scripts/buy30331-sustained-loop.mjs'
+++ awk '{print $1}'
++ pid=2691392
++ '[' -z 2691392 ']'
++ filtered+='2691392
'
++ IFS=
++ read -r line
+++ echo '2691392
'
+++ sed '/^$/d'
++ filtered=2691392
++ '[' -z 2691392 ']'
+++ echo 2691392
+++ wc -l
+++ tr -d ' '
++ count=1
++ '[' 1 -gt 1 ']'
++ echo 2691392
+ pid=2691392
+ '[' -n 2691392 ']'
++ ts
++ date -u +%Y-%m-%dT%H:%M:%SZ
+ echo '[2026-06-08T22:20:23Z] sustained_loop OK pid=2691392'
[2026-06-08T22:20:23Z] sustained_loop OK pid=2691392
+ write_dead_count sustained_loop 0
+ local label=sustained_loop
+ local count=0
+ python3 -c '
import json, os, tempfile
p='\''/paperclip/instances/default/projects/177bc805-e3c8-4336-84cb-8e1e482d5a17/18221361-973a-493e-9e19-4c43b7a1c6eb/_default/data/buy30854-keep-alive-state.json'\''
data = {}
if os.path.exists(p):
    try:
        data = json.load(open(p))
    except Exception:
        data = {}
data['\''sustained_loop'\''] = 0
fd, tmp = tempfile.mkstemp(dir=os.path.dirname(p), prefix='\''.buy30854-state.'\'', suffix='\''.tmp'\'')
with os.fdopen(fd, '\''w'\'') as fh:
    fh.write(json.dumps(data, indent=2))
    fh.write('\''\n'\'')
os.replace(tmp, p)
'
+ return 0
+ '[' '!' -f /paperclip/instances/default/projects/177bc805-e3c8-4336-84cb-8e1e482d5a17/18221361-973a-493e-9e19-4c43b7a1c6eb/_default/data/checkpoints/buy30590_woocommerce.completed ']'
+ '[' -f /paperclip/instances/default/projects/177bc805-e3c8-4336-84cb-8e1e482d5a17/18221361-973a-493e-9e19-4c43b7a1c6eb/_default/data/buy30727-supervisor.stopped ']'
++ ts
++ date -u +%Y-%m-%dT%H:%M:%SZ
+ echo '[2026-06-08T22:20:23Z] lane_supervisor SKIPPED (BUY-31452 stop marker present; see data/buy30727-supervisor.stopped)'
[2026-06-08T22:20:23Z] lane_supervisor SKIPPED (BUY-31452 stop marker present; see data/buy30727-supervisor.stopped)
++ ts
++ date -u +%Y-%m-%dT%H:%M:%SZ
+ echo '[2026-06-08T22:20:23Z] keep-alive tick complete'
[2026-06-08T22:20:23Z] keep-alive tick complete
===== keep-alive tick 2026-06-08T22:23:44Z =====
[2026-06-08T22:23:44Z] deep_page_loop OK pid=2778633
[2026-06-08T22:23:44Z] sustained_loop OK pid=2691392
[2026-06-08T22:23:44Z] lane_supervisor SKIPPED (BUY-31452 stop marker present; see data/buy30727-supervisor.stopped)
[2026-06-08T22:23:44Z] keep-alive tick complete
===== keep-alive tick 2026-06-08T22:25:48Z =====
[2026-06-08T22:25:48Z] deep_page_loop OK pid=2778633
[2026-06-08T22:25:49Z] sustained_loop OK pid=2691392
[2026-06-08T22:25:49Z] lane_supervisor SKIPPED (BUY-31452 stop marker present; see data/buy30727-supervisor.stopped)
[2026-06-08T22:25:49Z] keep-alive tick complete
===== keep-alive tick 2026-06-08T22:28:06Z =====
[2026-06-08T22:28:06Z] deep_page_loop OK pid=2778633
[2026-06-08T22:28:06Z] sustained_loop OK pid=2691392
[2026-06-08T22:28:06Z] lane_supervisor SKIPPED (BUY-31452 stop marker present; see data/buy30727-supervisor.stopped)
[2026-06-08T22:28:06Z] keep-alive tick complete
===== keep-alive tick 2026-06-08T22:30:56Z =====
[2026-06-08T22:30:56Z] deep_page_loop OK pid=2778633
[2026-06-08T22:30:56Z] sustained_loop OK pid=2691392
[2026-06-08T22:30:56Z] lane_supervisor SKIPPED (BUY-31452 stop marker present; see data/buy30727-supervisor.stopped)
[2026-06-08T22:30:56Z] keep-alive tick complete
===== keep-alive tick 2026-06-08T22:33:05Z =====
[2026-06-08T22:33:05Z] deep_page_loop OK pid=2778633
[2026-06-08T22:33:05Z] sustained_loop OK pid=2691392
[2026-06-08T22:33:05Z] lane_supervisor SKIPPED (BUY-31452 stop marker present; see data/buy30727-supervisor.stopped)
[2026-06-08T22:33:05Z] keep-alive tick complete
===== keep-alive tick 2026-06-08T22:35:22Z =====
[2026-06-08T22:35:22Z] deep_page_loop OK pid=2778633
[2026-06-08T22:35:22Z] sustained_loop OK pid=2691392
[2026-06-08T22:35:22Z] lane_supervisor SKIPPED (BUY-31452 stop marker present; see data/buy30727-supervisor.stopped)
[2026-06-08T22:35:22Z] keep-alive tick complete
===== keep-alive tick 2026-06-08T22:37:57Z =====
[2026-06-08T22:37:57Z] deep_page_loop OK pid=2778633
[2026-06-08T22:37:57Z] sustained_loop OK pid=2691392
[2026-06-08T22:37:57Z] lane_supervisor SKIPPED (BUY-31452 stop marker present; see data/buy30727-supervisor.stopped)
[2026-06-08T22:37:57Z] keep-alive tick complete
===== keep-alive tick 2026-06-08T22:40:07Z =====
[2026-06-08T22:40:07Z] deep_page_loop OK pid=2778633
[2026-06-08T22:40:07Z] sustained_loop OK pid=2691392
[2026-06-08T22:40:07Z] lane_supervisor SKIPPED (BUY-31452 stop marker present; see data/buy30727-supervisor.stopped)
[2026-06-08T22:40:07Z] keep-alive tick complete
===== keep-alive tick 2026-06-08T22:43:00Z =====
[2026-06-08T22:43:00Z] deep_page_loop OK pid=2778633
[2026-06-08T22:43:00Z] sustained_loop OK pid=2691392
[2026-06-08T22:43:00Z] lane_supervisor SKIPPED (BUY-31452 stop marker present; see data/buy30727-supervisor.stopped)
[2026-06-08T22:43:00Z] keep-alive tick complete
===== keep-alive tick 2026-06-08T22:45:02Z =====
[2026-06-08T22:45:02Z] deep_page_loop OK pid=2778633
[2026-06-08T22:45:03Z] sustained_loop OK pid=2691392
[2026-06-08T22:45:03Z] lane_supervisor SKIPPED (BUY-31452 stop marker present; see data/buy30727-supervisor.stopped)
[2026-06-08T22:45:03Z] keep-alive tick complete
===== keep-alive tick 2026-06-08T22:47:49Z =====
[2026-06-08T22:47:49Z] deep_page_loop OK pid=2778633
[2026-06-08T22:47:49Z] sustained_loop OK pid=2691392
[2026-06-08T22:47:49Z] lane_supervisor SKIPPED (BUY-31452 stop marker present; see data/buy30727-supervisor.stopped)
[2026-06-08T22:47:49Z] keep-alive tick complete
===== keep-alive tick 2026-06-08T22:50:25Z =====
[2026-06-08T22:50:25Z] deep_page_loop OK pid=2778633
[2026-06-08T22:50:25Z] sustained_loop OK pid=2691392
[2026-06-08T22:50:25Z] lane_supervisor SKIPPED (BUY-31452 stop marker present; see data/buy30727-supervisor.stopped)
[2026-06-08T22:50:25Z] keep-alive tick complete
===== keep-alive tick 2026-06-08T22:52:57Z =====
[2026-06-08T22:52:57Z] deep_page_loop OK pid=2778633
[2026-06-08T22:52:57Z] sustained_loop OK pid=2691392
[2026-06-08T22:52:57Z] lane_supervisor SKIPPED (BUY-31452 stop marker present; see data/buy30727-supervisor.stopped)
[2026-06-08T22:52:57Z] keep-alive tick complete
===== keep-alive tick 2026-06-08T22:54:36Z =====
[2026-06-08T22:54:36Z] deep_page_loop OK pid=2778633
[2026-06-08T22:54:36Z] sustained_loop OK pid=2691392
[2026-06-08T22:54:36Z] lane_supervisor SKIPPED (BUY-31452 stop marker present; see data/buy30727-supervisor.stopped)
[2026-06-08T22:54:36Z] keep-alive tick complete
===== keep-alive tick 2026-06-08T22:57:48Z =====
[2026-06-08T22:57:48Z] deep_page_loop OK pid=2778633
[2026-06-08T22:57:48Z] sustained_loop OK pid=2691392
[2026-06-08T22:57:48Z] lane_supervisor SKIPPED (BUY-31452 stop marker present; see data/buy30727-supervisor.stopped)
[2026-06-08T22:57:48Z] keep-alive tick complete
===== keep-alive tick 2026-06-08T22:59:33Z =====
[2026-06-08T22:59:33Z] deep_page_loop OK pid=2778633
[2026-06-08T22:59:33Z] sustained_loop OK pid=2691392
[2026-06-08T22:59:33Z] lane_supervisor SKIPPED (BUY-31452 stop marker present; see data/buy30727-supervisor.stopped)
[2026-06-08T22:59:33Z] keep-alive tick complete
===== keep-alive tick 2026-06-08T23:02:44Z =====
[2026-06-08T23:02:44Z] deep_page_loop OK pid=2778633
[2026-06-08T23:02:44Z] sustained_loop OK pid=2691392
[2026-06-08T23:02:45Z] lane_supervisor SKIPPED (BUY-31452 stop marker present; see data/buy30727-supervisor.stopped)
[2026-06-08T23:02:45Z] keep-alive tick complete
===== keep-alive tick 2026-06-08T23:04:48Z =====
[2026-06-08T23:04:48Z] deep_page_loop OK pid=2778633
[2026-06-08T23:04:48Z] sustained_loop OK pid=2691392
[2026-06-08T23:04:48Z] lane_supervisor SKIPPED (BUY-31452 stop marker present; see data/buy30727-supervisor.stopped)
[2026-06-08T23:04:48Z] keep-alive tick complete
===== keep-alive tick 2026-06-08T23:06:29Z =====
[2026-06-08T23:06:29Z] deep_page_loop OK pid=2778633
[2026-06-08T23:06:29Z] sustained_loop OK pid=2691392
[2026-06-08T23:06:29Z] lane_supervisor SKIPPED (BUY-31452 stop marker present; see data/buy30727-supervisor.stopped)
[2026-06-08T23:06:29Z] keep-alive tick complete
===== keep-alive tick 2026-06-08T23:09:40Z =====
[2026-06-08T23:09:40Z] deep_page_loop OK pid=2778633
[2026-06-08T23:09:40Z] sustained_loop OK pid=2691392
[2026-06-08T23:09:40Z] lane_supervisor SKIPPED (BUY-31452 stop marker present; see data/buy30727-supervisor.stopped)
[2026-06-08T23:09:40Z] keep-alive tick complete
===== keep-alive tick 2026-06-08T23:11:55Z =====
[2026-06-08T23:11:55Z] deep_page_loop OK pid=2778633
[2026-06-08T23:11:55Z] sustained_loop OK pid=2691392
[2026-06-08T23:11:55Z] lane_supervisor SKIPPED (BUY-31452 stop marker present; see data/buy30727-supervisor.stopped)
[2026-06-08T23:11:55Z] keep-alive tick complete
===== keep-alive tick 2026-06-08T23:14:41Z =====
[2026-06-08T23:14:41Z] deep_page_loop OK pid=2778633
[2026-06-08T23:14:42Z] sustained_loop OK pid=2691392
[2026-06-08T23:14:42Z] lane_supervisor SKIPPED (BUY-31452 stop marker present; see data/buy30727-supervisor.stopped)
[2026-06-08T23:14:42Z] keep-alive tick complete
===== keep-alive tick 2026-06-08T23:16:52Z =====
[2026-06-08T23:16:52Z] deep_page_loop OK pid=2778633
[2026-06-08T23:16:52Z] sustained_loop OK pid=2691392
[2026-06-08T23:16:52Z] lane_supervisor SKIPPED (BUY-31452 stop marker present; see data/buy30727-supervisor.stopped)
[2026-06-08T23:16:52Z] keep-alive tick complete
===== keep-alive tick 2026-06-08T23:19:46Z =====
[2026-06-08T23:19:46Z] deep_page_loop OK pid=2778633
[2026-06-08T23:19:46Z] sustained_loop OK pid=2691392
[2026-06-08T23:19:46Z] lane_supervisor SKIPPED (BUY-31452 stop marker present; see data/buy30727-supervisor.stopped)
[2026-06-08T23:19:46Z] keep-alive tick complete
===== keep-alive tick 2026-06-08T23:21:37Z =====
[2026-06-08T23:21:37Z] deep_page_loop OK pid=2778633
[2026-06-08T23:21:37Z] sustained_loop OK pid=2691392
[2026-06-08T23:21:37Z] lane_supervisor SKIPPED (BUY-31452 stop marker present; see data/buy30727-supervisor.stopped)
[2026-06-08T23:21:37Z] keep-alive tick complete
===== keep-alive tick 2026-06-08T23:24:57Z =====
[2026-06-08T23:24:57Z] deep_page_loop OK pid=2778633
[2026-06-08T23:24:58Z] sustained_loop OK pid=2691392
[2026-06-08T23:24:58Z] lane_supervisor SKIPPED (BUY-31452 stop marker present; see data/buy30727-supervisor.stopped)
[2026-06-08T23:24:58Z] keep-alive tick complete
===== keep-alive tick 2026-06-08T23:26:43Z =====
[2026-06-08T23:26:43Z] deep_page_loop OK pid=2778633
[2026-06-08T23:26:43Z] sustained_loop OK pid=2691392
[2026-06-08T23:26:43Z] lane_supervisor SKIPPED (BUY-31452 stop marker present; see data/buy30727-supervisor.stopped)
[2026-06-08T23:26:43Z] keep-alive tick complete
===== keep-alive tick 2026-06-08T23:29:41Z =====
[2026-06-08T23:29:41Z] deep_page_loop OK pid=2778633
[2026-06-08T23:29:41Z] sustained_loop OK pid=2691392
[2026-06-08T23:29:41Z] lane_supervisor SKIPPED (BUY-31452 stop marker present; see data/buy30727-supervisor.stopped)
[2026-06-08T23:29:41Z] keep-alive tick complete
===== keep-alive tick 2026-06-08T23:33:02Z =====
[2026-06-08T23:33:02Z] deep_page_loop OK pid=2778633
[2026-06-08T23:33:03Z] sustained_loop OK pid=2691392
[2026-06-08T23:33:03Z] lane_supervisor SKIPPED (BUY-31452 stop marker present; see data/buy30727-supervisor.stopped)
[2026-06-08T23:33:03Z] keep-alive tick complete
===== keep-alive tick 2026-06-08T23:35:17Z =====
[2026-06-08T23:35:17Z] deep_page_loop OK pid=2778633
[2026-06-08T23:35:17Z] sustained_loop OK pid=2691392
[2026-06-08T23:35:17Z] lane_supervisor SKIPPED (BUY-31452 stop marker present; see data/buy30727-supervisor.stopped)
[2026-06-08T23:35:17Z] keep-alive tick complete
===== keep-alive tick 2026-06-08T23:36:58Z =====
[2026-06-08T23:36:58Z] deep_page_loop OK pid=2778633
[2026-06-08T23:36:58Z] sustained_loop OK pid=2691392
[2026-06-08T23:36:58Z] lane_supervisor SKIPPED (BUY-31452 stop marker present; see data/buy30727-supervisor.stopped)
[2026-06-08T23:36:58Z] keep-alive tick complete
===== keep-alive tick 2026-06-08T23:38:39Z =====
[2026-06-08T23:38:39Z] deep_page_loop OK pid=2778633
[2026-06-08T23:38:39Z] sustained_loop OK pid=2691392
[2026-06-08T23:38:39Z] lane_supervisor SKIPPED (BUY-31452 stop marker present; see data/buy30727-supervisor.stopped)
[2026-06-08T23:38:39Z] keep-alive tick complete
===== keep-alive tick 2026-06-08T23:41:35Z =====
[2026-06-08T23:41:35Z] deep_page_loop OK pid=2778633
[2026-06-08T23:41:35Z] sustained_loop OK pid=2691392
[2026-06-08T23:41:35Z] lane_supervisor SKIPPED (BUY-31452 stop marker present; see data/buy30727-supervisor.stopped)
[2026-06-08T23:41:35Z] keep-alive tick complete
===== keep-alive tick 2026-06-08T23:43:43Z =====
[2026-06-08T23:43:43Z] deep_page_loop OK pid=2778633
[2026-06-08T23:43:43Z] sustained_loop OK pid=2691392
[2026-06-08T23:43:43Z] lane_supervisor SKIPPED (BUY-31452 stop marker present; see data/buy30727-supervisor.stopped)
[2026-06-08T23:43:43Z] keep-alive tick complete
===== keep-alive tick 2026-06-08T23:46:42Z =====
[2026-06-08T23:46:42Z] deep_page_loop OK pid=2778633
[2026-06-08T23:46:42Z] sustained_loop OK pid=2691392
[2026-06-08T23:46:42Z] lane_supervisor SKIPPED (BUY-31452 stop marker present; see data/buy30727-supervisor.stopped)
[2026-06-08T23:46:42Z] keep-alive tick complete
===== keep-alive tick 2026-06-08T23:47:58Z =====
[2026-06-08T23:47:58Z] deep_page_loop OK pid=2778633
[2026-06-08T23:47:58Z] sustained_loop OK pid=2691392
[2026-06-08T23:47:58Z] lane_supervisor SKIPPED (BUY-31452 stop marker present; see data/buy30727-supervisor.stopped)
[2026-06-08T23:47:58Z] keep-alive tick complete
===== keep-alive tick 2026-06-08T23:51:42Z =====
[2026-06-08T23:51:42Z] deep_page_loop OK pid=2778633
[2026-06-08T23:51:42Z] sustained_loop OK pid=2691392
[2026-06-08T23:51:42Z] lane_supervisor SKIPPED (BUY-31452 stop marker present; see data/buy30727-supervisor.stopped)
[2026-06-08T23:51:42Z] keep-alive tick complete
===== keep-alive tick 2026-06-08T23:54:20Z =====
[2026-06-08T23:54:20Z] deep_page_loop OK pid=2778633
[2026-06-08T23:54:20Z] sustained_loop OK pid=2691392
[2026-06-08T23:54:20Z] lane_supervisor SKIPPED (BUY-31452 stop marker present; see data/buy30727-supervisor.stopped)
[2026-06-08T23:54:20Z] keep-alive tick complete
===== keep-alive tick 2026-06-08T23:57:03Z =====
[2026-06-08T23:57:03Z] deep_page_loop OK pid=2778633
[2026-06-08T23:57:03Z] sustained_loop OK pid=2691392
[2026-06-08T23:57:03Z] lane_supervisor SKIPPED (BUY-31452 stop marker present; see data/buy30727-supervisor.stopped)
[2026-06-08T23:57:03Z] keep-alive tick complete
===== keep-alive tick 2026-06-08T23:58:15Z =====
[2026-06-08T23:58:15Z] deep_page_loop OK pid=2778633
[2026-06-08T23:58:15Z] sustained_loop OK pid=2691392
[2026-06-08T23:58:15Z] lane_supervisor SKIPPED (BUY-31452 stop marker present; see data/buy30727-supervisor.stopped)
[2026-06-08T23:58:15Z] keep-alive tick complete
===== keep-alive tick 2026-06-09T00:01:55Z =====
[2026-06-09T00:01:55Z] deep_page_loop OK pid=2778633
[2026-06-09T00:01:55Z] sustained_loop OK pid=2691392
[2026-06-09T00:01:55Z] lane_supervisor SKIPPED (BUY-31452 stop marker present; see data/buy30727-supervisor.stopped)
[2026-06-09T00:01:55Z] keep-alive tick complete
===== keep-alive tick 2026-06-09T00:04:52Z =====
[2026-06-09T00:04:52Z] deep_page_loop OK pid=2778633
[2026-06-09T00:04:52Z] sustained_loop OK pid=2691392
[2026-06-09T00:04:52Z] lane_supervisor SKIPPED (BUY-31452 stop marker present; see data/buy30727-supervisor.stopped)
[2026-06-09T00:04:52Z] keep-alive tick complete
===== keep-alive tick 2026-06-09T00:07:26Z =====
[2026-06-09T00:07:26Z] deep_page_loop OK pid=2778633
[2026-06-09T00:07:26Z] sustained_loop OK pid=2691392
[2026-06-09T00:07:26Z] lane_supervisor SKIPPED (BUY-31452 stop marker present; see data/buy30727-supervisor.stopped)
[2026-06-09T00:07:26Z] keep-alive tick complete
===== keep-alive tick 2026-06-09T00:08:38Z =====
[2026-06-09T00:08:38Z] deep_page_loop OK pid=2778633
[2026-06-09T00:08:38Z] sustained_loop OK pid=2691392
[2026-06-09T00:08:38Z] lane_supervisor SKIPPED (BUY-31452 stop marker present; see data/buy30727-supervisor.stopped)
[2026-06-09T00:08:38Z] keep-alive tick complete
===== keep-alive tick 2026-06-09T00:12:09Z =====
[2026-06-09T00:12:09Z] deep_page_loop OK pid=2778633
[2026-06-09T00:12:09Z] sustained_loop OK pid=2691392
[2026-06-09T00:12:09Z] lane_supervisor SKIPPED (BUY-31452 stop marker present; see data/buy30727-supervisor.stopped)
[2026-06-09T00:12:09Z] keep-alive tick complete
===== keep-alive tick 2026-06-09T00:16:40Z =====
[2026-06-09T00:16:40Z] deep_page_loop OK pid=2778633
[2026-06-09T00:16:40Z] sustained_loop OK pid=2691392
[2026-06-09T00:16:40Z] lane_supervisor SKIPPED (BUY-31452 stop marker present; see data/buy30727-supervisor.stopped)
[2026-06-09T00:16:40Z] keep-alive tick complete
===== keep-alive tick 2026-06-09T00:17:03Z =====
[2026-06-09T00:17:03Z] deep_page_loop OK pid=2778633
[2026-06-09T00:17:03Z] sustained_loop OK pid=2691392
[2026-06-09T00:17:03Z] lane_supervisor SKIPPED (BUY-31452 stop marker present; see data/buy30727-supervisor.stopped)
[2026-06-09T00:17:03Z] keep-alive tick complete
===== keep-alive tick 2026-06-09T00:21:52Z =====
[2026-06-09T00:21:52Z] deep_page_loop OK pid=2778633
[2026-06-09T00:21:52Z] sustained_loop OK pid=2691392
[2026-06-09T00:21:52Z] lane_supervisor SKIPPED (BUY-31452 stop marker present; see data/buy30727-supervisor.stopped)
[2026-06-09T00:21:52Z] keep-alive tick complete
===== keep-alive tick 2026-06-09T00:24:23Z =====
[2026-06-09T00:24:23Z] deep_page_loop OK pid=2778633
[2026-06-09T00:24:23Z] sustained_loop OK pid=2691392
[2026-06-09T00:24:23Z] lane_supervisor SKIPPED (BUY-31452 stop marker present; see data/buy30727-supervisor.stopped)
[2026-06-09T00:24:23Z] keep-alive tick complete
===== keep-alive tick 2026-06-09T00:27:00Z =====
[2026-06-09T00:27:00Z] deep_page_loop OK pid=2778633
[2026-06-09T00:27:00Z] sustained_loop OK pid=2691392
[2026-06-09T00:27:00Z] lane_supervisor SKIPPED (BUY-31452 stop marker present; see data/buy30727-supervisor.stopped)
[2026-06-09T00:27:00Z] keep-alive tick complete
===== keep-alive tick 2026-06-09T00:31:46Z =====
[2026-06-09T00:31:46Z] deep_page_loop OK pid=2778633
[2026-06-09T00:31:46Z] sustained_loop OK pid=2691392
[2026-06-09T00:31:46Z] lane_supervisor SKIPPED (BUY-31452 stop marker present; see data/buy30727-supervisor.stopped)
[2026-06-09T00:31:46Z] keep-alive tick complete
===== keep-alive tick 2026-06-09T00:34:38Z =====
[2026-06-09T00:34:38Z] deep_page_loop OK pid=2778633
[2026-06-09T00:34:38Z] sustained_loop OK pid=2691392
[2026-06-09T00:34:38Z] lane_supervisor SKIPPED (BUY-31452 stop marker present; see data/buy30727-supervisor.stopped)
[2026-06-09T00:34:38Z] keep-alive tick complete
===== keep-alive tick 2026-06-09T00:35:33Z =====
[2026-06-09T00:35:33Z] deep_page_loop OK pid=2778633
[2026-06-09T00:35:33Z] sustained_loop OK pid=2691392
[2026-06-09T00:35:33Z] lane_supervisor SKIPPED (BUY-31452 stop marker present; see data/buy30727-supervisor.stopped)
[2026-06-09T00:35:33Z] keep-alive tick complete
===== keep-alive tick 2026-06-09T00:38:49Z =====
[2026-06-09T00:38:49Z] deep_page_loop OK pid=2778633
[2026-06-09T00:38:49Z] sustained_loop OK pid=2691392
[2026-06-09T00:38:49Z] lane_supervisor SKIPPED (BUY-31452 stop marker present; see data/buy30727-supervisor.stopped)
[2026-06-09T00:38:49Z] keep-alive tick complete
===== keep-alive tick 2026-06-09T00:41:54Z =====
[2026-06-09T00:41:54Z] deep_page_loop OK pid=2778633
[2026-06-09T00:41:54Z] sustained_loop OK pid=2691392
[2026-06-09T00:41:54Z] lane_supervisor SKIPPED (BUY-31452 stop marker present; see data/buy30727-supervisor.stopped)
[2026-06-09T00:41:54Z] keep-alive tick complete
===== keep-alive tick 2026-06-09T00:43:41Z =====
[2026-06-09T00:43:41Z] deep_page_loop OK pid=2778633
[2026-06-09T00:43:41Z] sustained_loop OK pid=2691392
[2026-06-09T00:43:41Z] lane_supervisor SKIPPED (BUY-31452 stop marker present; see data/buy30727-supervisor.stopped)
[2026-06-09T00:43:41Z] keep-alive tick complete
===== keep-alive tick 2026-06-09T00:46:51Z =====
[2026-06-09T00:46:51Z] deep_page_loop OK pid=2778633
[2026-06-09T00:46:51Z] sustained_loop OK pid=2691392
[2026-06-09T00:46:51Z] lane_supervisor SKIPPED (BUY-31452 stop marker present; see data/buy30727-supervisor.stopped)
[2026-06-09T00:46:51Z] keep-alive tick complete
===== keep-alive tick 2026-06-09T00:48:42Z =====
[2026-06-09T00:48:42Z] deep_page_loop OK pid=2778633
[2026-06-09T00:48:42Z] sustained_loop OK pid=2691392
[2026-06-09T00:48:42Z] lane_supervisor SKIPPED (BUY-31452 stop marker present; see data/buy30727-supervisor.stopped)
[2026-06-09T00:48:42Z] keep-alive tick complete
===== keep-alive tick 2026-06-09T00:50:31Z =====
[2026-06-09T00:50:31Z] deep_page_loop OK pid=2778633
[2026-06-09T00:50:31Z] sustained_loop OK pid=2691392
[2026-06-09T00:50:31Z] lane_supervisor SKIPPED (BUY-31452 stop marker present; see data/buy30727-supervisor.stopped)
[2026-06-09T00:50:31Z] keep-alive tick complete
===== keep-alive tick 2026-06-09T00:53:48Z =====
[2026-06-09T00:53:48Z] deep_page_loop OK pid=2778633
[2026-06-09T00:53:48Z] sustained_loop OK pid=2691392
[2026-06-09T00:53:48Z] lane_supervisor SKIPPED (BUY-31452 stop marker present; see data/buy30727-supervisor.stopped)
[2026-06-09T00:53:48Z] keep-alive tick complete
===== keep-alive tick 2026-06-09T00:58:42Z =====
[2026-06-09T00:58:42Z] deep_page_loop OK pid=2778633
[2026-06-09T00:58:43Z] sustained_loop OK pid=2691392
[2026-06-09T00:58:43Z] lane_supervisor SKIPPED (BUY-31452 stop marker present; see data/buy30727-supervisor.stopped)
[2026-06-09T00:58:43Z] keep-alive tick complete
===== keep-alive tick 2026-06-09T00:59:59Z =====
[2026-06-09T00:59:59Z] deep_page_loop OK pid=2778633
[2026-06-09T00:59:59Z] sustained_loop OK pid=2691392
[2026-06-09T00:59:59Z] lane_supervisor SKIPPED (BUY-31452 stop marker present; see data/buy30727-supervisor.stopped)
[2026-06-09T00:59:59Z] keep-alive tick complete
===== keep-alive tick 2026-06-09T01:05:42Z =====
[2026-06-09T01:05:42Z] deep_page_loop OK pid=2778633
[2026-06-09T01:05:42Z] sustained_loop OK pid=2691392
[2026-06-09T01:05:42Z] lane_supervisor SKIPPED (BUY-31452 stop marker present; see data/buy30727-supervisor.stopped)
[2026-06-09T01:05:42Z] keep-alive tick complete
===== keep-alive tick 2026-06-09T01:11:11Z =====
[2026-06-09T01:11:11Z] deep_page_loop OK pid=2778633
[2026-06-09T01:11:11Z] sustained_loop OK pid=2691392
[2026-06-09T01:11:11Z] lane_supervisor SKIPPED (BUY-31452 stop marker present; see data/buy30727-supervisor.stopped)
[2026-06-09T01:11:11Z] keep-alive tick complete
===== keep-alive tick 2026-06-09T01:11:35Z =====
[2026-06-09T01:11:35Z] deep_page_loop OK pid=2778633
[2026-06-09T01:11:36Z] sustained_loop OK pid=2691392
[2026-06-09T01:11:36Z] lane_supervisor SKIPPED (BUY-31452 stop marker present; see data/buy30727-supervisor.stopped)
[2026-06-09T01:11:36Z] keep-alive tick complete
===== keep-alive tick 2026-06-09T01:15:40Z =====
[2026-06-09T01:15:40Z] deep_page_loop OK pid=2778633
[2026-06-09T01:15:40Z] sustained_loop OK pid=2691392
[2026-06-09T01:15:40Z] lane_supervisor SKIPPED (BUY-31452 stop marker present; see data/buy30727-supervisor.stopped)
[2026-06-09T01:15:40Z] keep-alive tick complete
===== keep-alive tick 2026-06-09T01:20:23Z =====
[2026-06-09T01:20:23Z] deep_page_loop OK pid=2778633
[2026-06-09T01:20:23Z] sustained_loop OK pid=2691392
[2026-06-09T01:20:23Z] lane_supervisor SKIPPED (BUY-31452 stop marker present; see data/buy30727-supervisor.stopped)
[2026-06-09T01:20:23Z] keep-alive tick complete
===== keep-alive tick 2026-06-09T01:20:36Z =====
[2026-06-09T01:20:36Z] deep_page_loop OK pid=2778633
[2026-06-09T01:20:36Z] sustained_loop OK pid=2691392
[2026-06-09T01:20:36Z] lane_supervisor SKIPPED (BUY-31452 stop marker present; see data/buy30727-supervisor.stopped)
[2026-06-09T01:20:36Z] keep-alive tick complete
===== keep-alive tick 2026-06-09T01:25:39Z =====
[2026-06-09T01:25:39Z] deep_page_loop OK pid=2778633
[2026-06-09T01:25:40Z] sustained_loop OK pid=2691392
[2026-06-09T01:25:40Z] lane_supervisor SKIPPED (BUY-31452 stop marker present; see data/buy30727-supervisor.stopped)
[2026-06-09T01:25:40Z] keep-alive tick complete
===== keep-alive tick 2026-06-09T01:27:31Z =====
[2026-06-09T01:27:31Z] deep_page_loop OK pid=2778633
[2026-06-09T01:27:31Z] sustained_loop OK pid=2691392
[2026-06-09T01:27:31Z] lane_supervisor SKIPPED (BUY-31452 stop marker present; see data/buy30727-supervisor.stopped)
[2026-06-09T01:27:31Z] keep-alive tick complete
===== keep-alive tick 2026-06-09T01:30:47Z =====
[2026-06-09T01:30:47Z] deep_page_loop OK pid=2778633
[2026-06-09T01:30:47Z] sustained_loop OK pid=2691392
[2026-06-09T01:30:47Z] lane_supervisor SKIPPED (BUY-31452 stop marker present; see data/buy30727-supervisor.stopped)
[2026-06-09T01:30:47Z] keep-alive tick complete
===== keep-alive tick 2026-06-09T01:32:25Z =====
[2026-06-09T01:32:25Z] deep_page_loop OK pid=2778633
[2026-06-09T01:32:25Z] sustained_loop OK pid=2691392
[2026-06-09T01:32:25Z] lane_supervisor SKIPPED (BUY-31452 stop marker present; see data/buy30727-supervisor.stopped)
[2026-06-09T01:32:25Z] keep-alive tick complete
===== keep-alive tick 2026-06-09T01:35:45Z =====
[2026-06-09T01:35:45Z] deep_page_loop OK pid=2778633
[2026-06-09T01:35:45Z] sustained_loop OK pid=2691392
[2026-06-09T01:35:45Z] lane_supervisor SKIPPED (BUY-31452 stop marker present; see data/buy30727-supervisor.stopped)
[2026-06-09T01:35:45Z] keep-alive tick complete
===== keep-alive tick 2026-06-09T01:37:38Z =====
[2026-06-09T01:37:38Z] deep_page_loop OK pid=2778633
[2026-06-09T01:37:38Z] sustained_loop OK pid=2691392
[2026-06-09T01:37:38Z] lane_supervisor SKIPPED (BUY-31452 stop marker present; see data/buy30727-supervisor.stopped)
[2026-06-09T01:37:38Z] keep-alive tick complete
===== keep-alive tick 2026-06-09T01:38:33Z =====
[2026-06-09T01:38:33Z] deep_page_loop OK pid=2778633
[2026-06-09T01:38:33Z] sustained_loop OK pid=2691392
[2026-06-09T01:38:33Z] lane_supervisor SKIPPED (BUY-31452 stop marker present; see data/buy30727-supervisor.stopped)
[2026-06-09T01:38:33Z] keep-alive tick complete
===== keep-alive tick 2026-06-09T01:49:33Z =====
[2026-06-09T01:49:33Z] deep_page_loop OK pid=2778633
[2026-06-09T01:49:33Z] sustained_loop OK pid=2691392
[2026-06-09T01:49:33Z] lane_supervisor SKIPPED (BUY-31452 stop marker present; see data/buy30727-supervisor.stopped)
[2026-06-09T01:49:33Z] keep-alive tick complete
===== keep-alive tick 2026-06-09T01:51:14Z =====
[2026-06-09T01:51:14Z] deep_page_loop OK pid=2778633
[2026-06-09T01:51:14Z] sustained_loop OK pid=2691392
[2026-06-09T01:51:14Z] lane_supervisor SKIPPED (BUY-31452 stop marker present; see data/buy30727-supervisor.stopped)
[2026-06-09T01:51:14Z] keep-alive tick complete
===== keep-alive tick 2026-06-09T01:54:51Z =====
[2026-06-09T01:54:51Z] deep_page_loop OK pid=2778633
[2026-06-09T01:54:51Z] sustained_loop OK pid=2691392
[2026-06-09T01:54:51Z] lane_supervisor SKIPPED (BUY-31452 stop marker present; see data/buy30727-supervisor.stopped)
[2026-06-09T01:54:51Z] keep-alive tick complete
===== keep-alive tick 2026-06-09T01:55:56Z =====
[2026-06-09T01:55:56Z] deep_page_loop OK pid=2778633
[2026-06-09T01:55:57Z] sustained_loop OK pid=2691392
[2026-06-09T01:55:57Z] lane_supervisor SKIPPED (BUY-31452 stop marker present; see data/buy30727-supervisor.stopped)
[2026-06-09T01:55:57Z] keep-alive tick complete
===== keep-alive tick 2026-06-09T01:59:27Z =====
[2026-06-09T01:59:27Z] deep_page_loop OK pid=2778633
[2026-06-09T01:59:27Z] sustained_loop OK pid=2691392
[2026-06-09T01:59:27Z] lane_supervisor SKIPPED (BUY-31452 stop marker present; see data/buy30727-supervisor.stopped)
[2026-06-09T01:59:27Z] keep-alive tick complete
===== keep-alive tick 2026-06-09T02:01:36Z =====
[2026-06-09T02:01:36Z] deep_page_loop OK pid=2778633
[2026-06-09T02:01:36Z] sustained_loop OK pid=2691392
[2026-06-09T02:01:36Z] lane_supervisor SKIPPED (BUY-31452 stop marker present; see data/buy30727-supervisor.stopped)
[2026-06-09T02:01:36Z] keep-alive tick complete
===== keep-alive tick 2026-06-09T02:04:58Z =====
[2026-06-09T02:04:58Z] deep_page_loop OK pid=2778633
[2026-06-09T02:04:58Z] sustained_loop OK pid=2691392
[2026-06-09T02:04:58Z] lane_supervisor SKIPPED (BUY-31452 stop marker present; see data/buy30727-supervisor.stopped)
[2026-06-09T02:04:58Z] keep-alive tick complete
===== keep-alive tick 2026-06-09T02:06:21Z =====
[2026-06-09T02:06:21Z] deep_page_loop OK pid=2778633
[2026-06-09T02:06:21Z] sustained_loop OK pid=2691392
[2026-06-09T02:06:21Z] lane_supervisor SKIPPED (BUY-31452 stop marker present; see data/buy30727-supervisor.stopped)
[2026-06-09T02:06:21Z] keep-alive tick complete
===== keep-alive tick 2026-06-09T02:09:29Z =====
[2026-06-09T02:09:29Z] deep_page_loop OK pid=2778633
[2026-06-09T02:09:29Z] sustained_loop OK pid=2691392
[2026-06-09T02:09:29Z] lane_supervisor SKIPPED (BUY-31452 stop marker present; see data/buy30727-supervisor.stopped)
[2026-06-09T02:09:29Z] keep-alive tick complete
===== keep-alive tick 2026-06-09T02:09:54Z =====
[2026-06-09T02:09:54Z] deep_page_loop OK pid=2778633
[2026-06-09T02:09:54Z] sustained_loop OK pid=2691392
[2026-06-09T02:09:54Z] woocommerce_discover SKIPPED (completion marker present; see data/checkpoints/buy30590_woocommerce.completed)
[2026-06-09T02:09:54Z] lane_supervisor SKIPPED (BUY-31452 stop marker present; see data/buy30727-supervisor.stopped)
[2026-06-09T02:09:54Z] keep-alive tick complete
===== keep-alive tick 2026-06-09T02:14:05Z =====
[2026-06-09T02:14:05Z] deep_page_loop OK pid=2778633
[2026-06-09T02:14:06Z] sustained_loop OK pid=2691392
[2026-06-09T02:14:06Z] woocommerce_discover SKIPPED (completion marker present; see data/checkpoints/buy30590_woocommerce.completed)
[2026-06-09T02:14:06Z] lane_supervisor SKIPPED (BUY-31452 stop marker present; see data/buy30727-supervisor.stopped)
[2026-06-09T02:14:06Z] keep-alive tick complete
===== keep-alive tick 2026-06-09T02:14:49Z =====
[2026-06-09T02:14:49Z] deep_page_loop OK pid=2778633
[2026-06-09T02:14:49Z] sustained_loop OK pid=2691392
[2026-06-09T02:14:49Z] woocommerce_discover SKIPPED (completion marker present; see data/checkpoints/buy30590_woocommerce.completed)
[2026-06-09T02:14:49Z] lane_supervisor SKIPPED (BUY-31452 stop marker present; see data/buy30727-supervisor.stopped)
[2026-06-09T02:14:49Z] keep-alive tick complete
===== keep-alive tick 2026-06-09T02:19:31Z =====
[2026-06-09T02:19:31Z] deep_page_loop DEAD — restarting (consecutive_dead_ticks=1)
[2026-06-09T02:19:33Z] deep_page_loop restarted pid=3907026 root=/paperclip/instances/default/workspaces/3ec8f6dd-1735-4479-9825-a2c42edac34c spawned=3907023
[2026-06-09T02:19:33Z] sustained_loop DEAD — restarting (consecutive_dead_ticks=1)
[2026-06-09T02:19:35Z] sustained_loop restarted pid=3907215 root=/paperclip/instances/default/workspaces/3ec8f6dd-1735-4479-9825-a2c42edac34c spawned=3907212
[2026-06-09T02:19:35Z] woocommerce_discover SKIPPED (completion marker present; see data/checkpoints/buy30590_woocommerce.completed)
[2026-06-09T02:19:35Z] lane_supervisor SKIPPED (BUY-31452 stop marker present; see data/buy30727-supervisor.stopped)
[2026-06-09T02:19:35Z] keep-alive tick complete
===== keep-alive tick 2026-06-09T02:24:39Z =====
[2026-06-09T02:24:39Z] deep_page_loop OK pid=3907026
[2026-06-09T02:24:39Z] sustained_loop OK pid=3907215
[2026-06-09T02:24:39Z] woocommerce_discover SKIPPED (completion marker present; see data/checkpoints/buy30590_woocommerce.completed)
[2026-06-09T02:24:39Z] lane_supervisor SKIPPED (BUY-31452 stop marker present; see data/buy30727-supervisor.stopped)
[2026-06-09T02:24:39Z] keep-alive tick complete
===== keep-alive tick 2026-06-09T02:34:42Z =====
[2026-06-09T02:34:42Z] deep_page_loop OK pid=3907026
[2026-06-09T02:34:42Z] sustained_loop OK pid=3907215
[2026-06-09T02:34:42Z] woocommerce_discover SKIPPED (completion marker present; see data/checkpoints/buy30590_woocommerce.completed)
[2026-06-09T02:34:42Z] lane_supervisor SKIPPED (BUY-31452 stop marker present; see data/buy30727-supervisor.stopped)
[2026-06-09T02:34:42Z] keep-alive tick complete
===== keep-alive tick 2026-06-09T02:39:38Z =====
[2026-06-09T02:39:38Z] deep_page_loop OK pid=3907026
[2026-06-09T02:39:38Z] sustained_loop OK pid=3907215
[2026-06-09T02:39:38Z] woocommerce_discover SKIPPED (completion marker present; see data/checkpoints/buy30590_woocommerce.completed)
[2026-06-09T02:39:38Z] lane_supervisor SKIPPED (BUY-31452 stop marker present; see data/buy30727-supervisor.stopped)
[2026-06-09T02:39:38Z] keep-alive tick complete
===== keep-alive tick 2026-06-09T02:44:37Z =====
[2026-06-09T02:44:37Z] deep_page_loop OK pid=3907026
[2026-06-09T02:44:37Z] sustained_loop OK pid=3907215
[2026-06-09T02:44:37Z] woocommerce_discover SKIPPED (completion marker present; see data/checkpoints/buy30590_woocommerce.completed)
[2026-06-09T02:44:37Z] lane_supervisor SKIPPED (BUY-31452 stop marker present; see data/buy30727-supervisor.stopped)
[2026-06-09T02:44:37Z] keep-alive tick complete
===== keep-alive tick 2026-06-09T02:49:34Z =====
[2026-06-09T02:49:34Z] deep_page_loop OK pid=3907026
[2026-06-09T02:49:34Z] sustained_loop OK pid=3907215
[2026-06-09T02:49:34Z] woocommerce_discover SKIPPED (completion marker present; see data/checkpoints/buy30590_woocommerce.completed)
[2026-06-09T02:49:34Z] lane_supervisor SKIPPED (BUY-31452 stop marker present; see data/buy30727-supervisor.stopped)
[2026-06-09T02:49:34Z] keep-alive tick complete
===== keep-alive tick 2026-06-09T02:54:28Z =====
[2026-06-09T02:54:28Z] deep_page_loop OK pid=3907026
[2026-06-09T02:54:29Z] sustained_loop OK pid=3907215
[2026-06-09T02:54:29Z] woocommerce_discover SKIPPED (completion marker present; see data/checkpoints/buy30590_woocommerce.completed)
[2026-06-09T02:54:29Z] lane_supervisor SKIPPED (BUY-31452 stop marker present; see data/buy30727-supervisor.stopped)
[2026-06-09T02:54:29Z] keep-alive tick complete
===== keep-alive tick 2026-06-09T03:19:27Z =====
[2026-06-09T03:19:27Z] deep_page_loop OK pid=3907026
[2026-06-09T03:19:27Z] sustained_loop OK pid=3907215
[2026-06-09T03:19:27Z] woocommerce_discover SKIPPED (completion marker present; see data/checkpoints/buy30590_woocommerce.completed)
[2026-06-09T03:19:27Z] lane_supervisor SKIPPED (BUY-31452 stop marker present; see data/buy30727-supervisor.stopped)
[2026-06-09T03:19:27Z] keep-alive tick complete
===== keep-alive tick 2026-06-09T03:24:43Z =====
[2026-06-09T03:24:43Z] deep_page_loop OK pid=3907026
[2026-06-09T03:24:44Z] sustained_loop OK pid=3907215
[2026-06-09T03:24:44Z] woocommerce_discover SKIPPED (completion marker present; see data/checkpoints/buy30590_woocommerce.completed)
[2026-06-09T03:24:44Z] lane_supervisor SKIPPED (BUY-31452 stop marker present; see data/buy30727-supervisor.stopped)
[2026-06-09T03:24:44Z] keep-alive tick complete
===== keep-alive tick 2026-06-09T03:26:58Z =====
[2026-06-09T03:26:59Z] deep_page_loop OK pid=3907026
[2026-06-09T03:26:59Z] sustained_loop OK pid=3907215
[2026-06-09T03:26:59Z] woocommerce_discover SKIPPED (completion marker present; see data/checkpoints/buy30590_woocommerce.completed)
[2026-06-09T03:26:59Z] lane_supervisor SKIPPED (BUY-31452 stop marker present; see data/buy30727-supervisor.stopped)
[2026-06-09T03:26:59Z] keep-alive tick complete
===== keep-alive tick 2026-06-09T03:30:01Z =====
[2026-06-09T03:30:01Z] deep_page_loop OK pid=3907026
[2026-06-09T03:30:01Z] sustained_loop OK pid=3907215
[2026-06-09T03:30:01Z] woocommerce_discover SKIPPED (completion marker present; see data/checkpoints/buy30590_woocommerce.completed)
[2026-06-09T03:30:01Z] lane_supervisor SKIPPED (BUY-31452 stop marker present; see data/buy30727-supervisor.stopped)
[2026-06-09T03:30:01Z] keep-alive tick complete
===== keep-alive tick 2026-06-09T03:32:42Z =====
[2026-06-09T03:32:42Z] deep_page_loop OK pid=3907026
[2026-06-09T03:32:42Z] sustained_loop OK pid=3907215
[2026-06-09T03:32:42Z] woocommerce_discover SKIPPED (completion marker present; see data/checkpoints/buy30590_woocommerce.completed)
[2026-06-09T03:32:42Z] lane_supervisor SKIPPED (BUY-31452 stop marker present; see data/buy30727-supervisor.stopped)
[2026-06-09T03:32:42Z] keep-alive tick complete
===== keep-alive tick 2026-06-09T03:34:39Z =====
[2026-06-09T03:34:39Z] deep_page_loop OK pid=3907026
[2026-06-09T03:34:39Z] sustained_loop OK pid=3907215
[2026-06-09T03:34:39Z] woocommerce_discover SKIPPED (completion marker present; see data/checkpoints/buy30590_woocommerce.completed)
[2026-06-09T03:34:39Z] lane_supervisor SKIPPED (BUY-31452 stop marker present; see data/buy30727-supervisor.stopped)
[2026-06-09T03:34:39Z] keep-alive tick complete
===== keep-alive tick 2026-06-09T03:39:43Z =====
[2026-06-09T03:39:43Z] deep_page_loop OK pid=3907026
[2026-06-09T03:39:43Z] sustained_loop OK pid=3907215
[2026-06-09T03:39:43Z] woocommerce_discover SKIPPED (completion marker present; see data/checkpoints/buy30590_woocommerce.completed)
[2026-06-09T03:39:43Z] lane_supervisor SKIPPED (BUY-31452 stop marker present; see data/buy30727-supervisor.stopped)
[2026-06-09T03:39:43Z] keep-alive tick complete
===== keep-alive tick 2026-06-09T03:44:55Z =====
[2026-06-09T03:44:56Z] deep_page_loop OK pid=3907026
[2026-06-09T03:44:56Z] sustained_loop OK pid=3907215
[2026-06-09T03:44:56Z] woocommerce_discover SKIPPED (completion marker present; see data/checkpoints/buy30590_woocommerce.completed)
[2026-06-09T03:44:56Z] lane_supervisor SKIPPED (BUY-31452 stop marker present; see data/buy30727-supervisor.stopped)
[2026-06-09T03:44:56Z] keep-alive tick complete
===== keep-alive tick 2026-06-09T03:49:40Z =====
[2026-06-09T03:49:40Z] deep_page_loop OK pid=3907026
[2026-06-09T03:49:40Z] sustained_loop OK pid=3907215
[2026-06-09T03:49:40Z] woocommerce_discover SKIPPED (completion marker present; see data/checkpoints/buy30590_woocommerce.completed)
[2026-06-09T03:49:40Z] lane_supervisor SKIPPED (BUY-31452 stop marker present; see data/buy30727-supervisor.stopped)
[2026-06-09T03:49:40Z] keep-alive tick complete
===== keep-alive tick 2026-06-09T03:54:33Z =====
[2026-06-09T03:54:33Z] deep_page_loop OK pid=3907026
[2026-06-09T03:54:33Z] sustained_loop OK pid=3907215
[2026-06-09T03:54:33Z] woocommerce_discover SKIPPED (completion marker present; see data/checkpoints/buy30590_woocommerce.completed)
[2026-06-09T03:54:33Z] lane_supervisor SKIPPED (BUY-31452 stop marker present; see data/buy30727-supervisor.stopped)
[2026-06-09T03:54:33Z] keep-alive tick complete
===== keep-alive tick 2026-06-09T04:02:10Z =====
[2026-06-09T04:02:10Z] deep_page_loop OK pid=3907026
[2026-06-09T04:02:10Z] sustained_loop OK pid=3907215
[2026-06-09T04:02:10Z] woocommerce_discover SKIPPED (completion marker present; see data/checkpoints/buy30590_woocommerce.completed)
[2026-06-09T04:02:10Z] lane_supervisor SKIPPED (BUY-31452 stop marker present; see data/buy30727-supervisor.stopped)
[2026-06-09T04:02:10Z] keep-alive tick complete
===== keep-alive tick 2026-06-09T04:04:32Z =====
[2026-06-09T04:04:33Z] deep_page_loop OK pid=3907026
[2026-06-09T04:04:33Z] sustained_loop OK pid=3907215
[2026-06-09T04:04:33Z] woocommerce_discover SKIPPED (completion marker present; see data/checkpoints/buy30590_woocommerce.completed)
[2026-06-09T04:04:33Z] lane_supervisor SKIPPED (BUY-31452 stop marker present; see data/buy30727-supervisor.stopped)
[2026-06-09T04:04:33Z] keep-alive tick complete
===== keep-alive tick 2026-06-09T04:07:18Z =====
[2026-06-09T04:07:18Z] deep_page_loop OK pid=3907026
[2026-06-09T04:07:18Z] sustained_loop OK pid=3907215
[2026-06-09T04:07:18Z] woocommerce_discover SKIPPED (completion marker present; see data/checkpoints/buy30590_woocommerce.completed)
[2026-06-09T04:07:18Z] lane_supervisor SKIPPED (BUY-31452 stop marker present; see data/buy30727-supervisor.stopped)
[2026-06-09T04:07:18Z] keep-alive tick complete
===== keep-alive tick 2026-06-09T04:09:24Z =====
[2026-06-09T04:09:24Z] deep_page_loop OK pid=3907026
[2026-06-09T04:09:24Z] sustained_loop OK pid=3907215
[2026-06-09T04:09:24Z] woocommerce_discover SKIPPED (completion marker present; see data/checkpoints/buy30590_woocommerce.completed)
[2026-06-09T04:09:24Z] lane_supervisor SKIPPED (BUY-31452 stop marker present; see data/buy30727-supervisor.stopped)
[2026-06-09T04:09:24Z] keep-alive tick complete
===== keep-alive tick 2026-06-09T04:13:45Z =====
[2026-06-09T04:13:45Z] deep_page_loop OK pid=3907026
[2026-06-09T04:13:45Z] sustained_loop OK pid=3907215
[2026-06-09T04:13:45Z] woocommerce_discover SKIPPED (completion marker present; see data/checkpoints/buy30590_woocommerce.completed)
[2026-06-09T04:13:45Z] lane_supervisor SKIPPED (BUY-31452 stop marker present; see data/buy30727-supervisor.stopped)
[2026-06-09T04:13:45Z] keep-alive tick complete
===== keep-alive tick 2026-06-09T04:14:57Z =====
[2026-06-09T04:14:57Z] deep_page_loop OK pid=3907026
[2026-06-09T04:14:57Z] sustained_loop OK pid=3907215
[2026-06-09T04:14:57Z] woocommerce_discover SKIPPED (completion marker present; see data/checkpoints/buy30590_woocommerce.completed)
[2026-06-09T04:14:57Z] lane_supervisor SKIPPED (BUY-31452 stop marker present; see data/buy30727-supervisor.stopped)
[2026-06-09T04:14:57Z] keep-alive tick complete
===== keep-alive tick 2026-06-09T04:19:53Z =====
[2026-06-09T04:19:53Z] deep_page_loop OK pid=3907026
[2026-06-09T04:19:53Z] sustained_loop OK pid=3907215
[2026-06-09T04:19:53Z] woocommerce_discover SKIPPED (completion marker present; see data/checkpoints/buy30590_woocommerce.completed)
[2026-06-09T04:19:53Z] lane_supervisor SKIPPED (BUY-31452 stop marker present; see data/buy30727-supervisor.stopped)
[2026-06-09T04:19:53Z] keep-alive tick complete
===== keep-alive tick 2026-06-09T04:21:53Z =====
[2026-06-09T04:21:53Z] deep_page_loop OK pid=3907026
[2026-06-09T04:21:53Z] sustained_loop OK pid=3907215
[2026-06-09T04:21:53Z] woocommerce_discover SKIPPED (completion marker present; see data/checkpoints/buy30590_woocommerce.completed)
[2026-06-09T04:21:53Z] lane_supervisor SKIPPED (BUY-31452 stop marker present; see data/buy30727-supervisor.stopped)
[2026-06-09T04:21:53Z] keep-alive tick complete
===== keep-alive tick 2026-06-09T04:24:15Z =====
[2026-06-09T04:24:15Z] deep_page_loop OK pid=3907026
[2026-06-09T04:24:15Z] sustained_loop OK pid=3907215
[2026-06-09T04:24:15Z] woocommerce_discover SKIPPED (completion marker present; see data/checkpoints/buy30590_woocommerce.completed)
[2026-06-09T04:24:15Z] lane_supervisor SKIPPED (BUY-31452 stop marker present; see data/buy30727-supervisor.stopped)
[2026-06-09T04:24:15Z] keep-alive tick complete
===== keep-alive tick 2026-06-09T04:27:33Z =====
[2026-06-09T04:27:33Z] deep_page_loop OK pid=3907026
[2026-06-09T04:27:33Z] sustained_loop OK pid=3907215
[2026-06-09T04:27:33Z] woocommerce_discover SKIPPED (completion marker present; see data/checkpoints/buy30590_woocommerce.completed)
[2026-06-09T04:27:33Z] lane_supervisor SKIPPED (BUY-31452 stop marker present; see data/buy30727-supervisor.stopped)
[2026-06-09T04:27:33Z] keep-alive tick complete
===== keep-alive tick 2026-06-09T04:29:48Z =====
[2026-06-09T04:29:48Z] deep_page_loop OK pid=3907026
[2026-06-09T04:29:48Z] sustained_loop OK pid=3907215
[2026-06-09T04:29:48Z] woocommerce_discover SKIPPED (completion marker present; see data/checkpoints/buy30590_woocommerce.completed)
[2026-06-09T04:29:48Z] lane_supervisor SKIPPED (BUY-31452 stop marker present; see data/buy30727-supervisor.stopped)
[2026-06-09T04:29:48Z] keep-alive tick complete
===== keep-alive tick 2026-06-09T04:34:03Z =====
[2026-06-09T04:34:03Z] deep_page_loop OK pid=3907026
[2026-06-09T04:34:03Z] sustained_loop OK pid=3907215
[2026-06-09T04:34:03Z] woocommerce_discover SKIPPED (completion marker present; see data/checkpoints/buy30590_woocommerce.completed)
[2026-06-09T04:34:03Z] lane_supervisor SKIPPED (BUY-31452 stop marker present; see data/buy30727-supervisor.stopped)
[2026-06-09T04:34:03Z] keep-alive tick complete
===== keep-alive tick 2026-06-09T04:34:12Z =====
[2026-06-09T04:34:12Z] deep_page_loop OK pid=3907026
[2026-06-09T04:34:12Z] sustained_loop OK pid=3907215
[2026-06-09T04:34:12Z] woocommerce_discover SKIPPED (completion marker present; see data/checkpoints/buy30590_woocommerce.completed)
[2026-06-09T04:34:12Z] lane_supervisor SKIPPED (BUY-31452 stop marker present; see data/buy30727-supervisor.stopped)
[2026-06-09T04:34:12Z] keep-alive tick complete
===== keep-alive tick 2026-06-09T04:34:40Z =====
[2026-06-09T04:34:40Z] deep_page_loop OK pid=3907026
[2026-06-09T04:34:41Z] sustained_loop OK pid=3907215
[2026-06-09T04:34:41Z] woocommerce_discover SKIPPED (completion marker present; see data/checkpoints/buy30590_woocommerce.completed)
[2026-06-09T04:34:41Z] lane_supervisor SKIPPED (BUY-31452 stop marker present; see data/buy30727-supervisor.stopped)
[2026-06-09T04:34:41Z] keep-alive tick complete
===== keep-alive tick 2026-06-09T04:39:23Z =====
[2026-06-09T04:39:23Z] deep_page_loop OK pid=3907026
[2026-06-09T04:39:23Z] sustained_loop OK pid=3907215
[2026-06-09T04:39:23Z] woocommerce_discover SKIPPED (completion marker present; see data/checkpoints/buy30590_woocommerce.completed)
[2026-06-09T04:39:23Z] lane_supervisor SKIPPED (BUY-31452 stop marker present; see data/buy30727-supervisor.stopped)
[2026-06-09T04:39:23Z] keep-alive tick complete
===== keep-alive tick 2026-06-09T04:40:59Z =====
[2026-06-09T04:40:59Z] deep_page_loop OK pid=3907026
[2026-06-09T04:40:59Z] sustained_loop OK pid=3907215
[2026-06-09T04:40:59Z] woocommerce_discover SKIPPED (completion marker present; see data/checkpoints/buy30590_woocommerce.completed)
[2026-06-09T04:40:59Z] lane_supervisor SKIPPED (BUY-31452 stop marker present; see data/buy30727-supervisor.stopped)
[2026-06-09T04:40:59Z] keep-alive tick complete
===== keep-alive tick 2026-06-09T04:44:23Z =====
[2026-06-09T04:44:23Z] deep_page_loop OK pid=3907026
[2026-06-09T04:44:23Z] sustained_loop OK pid=3907215
[2026-06-09T04:44:23Z] woocommerce_discover SKIPPED (completion marker present; see data/checkpoints/buy30590_woocommerce.completed)
[2026-06-09T04:44:23Z] lane_supervisor SKIPPED (BUY-31452 stop marker present; see data/buy30727-supervisor.stopped)
[2026-06-09T04:44:23Z] keep-alive tick complete
===== keep-alive tick 2026-06-09T04:46:16Z =====
[2026-06-09T04:46:16Z] deep_page_loop OK pid=3907026
[2026-06-09T04:46:16Z] sustained_loop OK pid=3907215
[2026-06-09T04:46:16Z] woocommerce_discover SKIPPED (completion marker present; see data/checkpoints/buy30590_woocommerce.completed)
[2026-06-09T04:46:16Z] lane_supervisor SKIPPED (BUY-31452 stop marker present; see data/buy30727-supervisor.stopped)
[2026-06-09T04:46:16Z] keep-alive tick complete
===== keep-alive tick 2026-06-09T04:49:29Z =====
[2026-06-09T04:49:29Z] deep_page_loop OK pid=3907026
[2026-06-09T04:49:29Z] sustained_loop OK pid=3907215
[2026-06-09T04:49:29Z] woocommerce_discover SKIPPED (completion marker present; see data/checkpoints/buy30590_woocommerce.completed)
[2026-06-09T04:49:29Z] lane_supervisor SKIPPED (BUY-31452 stop marker present; see data/buy30727-supervisor.stopped)
[2026-06-09T04:49:29Z] keep-alive tick complete
===== keep-alive tick 2026-06-09T04:51:28Z =====
[2026-06-09T04:51:28Z] deep_page_loop OK pid=3907026
[2026-06-09T04:51:28Z] sustained_loop OK pid=3907215
[2026-06-09T04:51:28Z] woocommerce_discover SKIPPED (completion marker present; see data/checkpoints/buy30590_woocommerce.completed)
[2026-06-09T04:51:29Z] lane_supervisor SKIPPED (BUY-31452 stop marker present; see data/buy30727-supervisor.stopped)
[2026-06-09T04:51:29Z] keep-alive tick complete
===== keep-alive tick 2026-06-09T04:54:41Z =====
[2026-06-09T04:54:41Z] deep_page_loop OK pid=3907026
[2026-06-09T04:54:41Z] sustained_loop OK pid=3907215
[2026-06-09T04:54:41Z] woocommerce_discover SKIPPED (completion marker present; see data/checkpoints/buy30590_woocommerce.completed)
[2026-06-09T04:54:41Z] lane_supervisor SKIPPED (BUY-31452 stop marker present; see data/buy30727-supervisor.stopped)
[2026-06-09T04:54:41Z] keep-alive tick complete
===== keep-alive tick 2026-06-09T04:56:14Z =====
[2026-06-09T04:56:14Z] deep_page_loop OK pid=3907026
[2026-06-09T04:56:14Z] sustained_loop OK pid=3907215
[2026-06-09T04:56:14Z] woocommerce_discover SKIPPED (completion marker present; see data/checkpoints/buy30590_woocommerce.completed)
[2026-06-09T04:56:14Z] lane_supervisor SKIPPED (BUY-31452 stop marker present; see data/buy30727-supervisor.stopped)
[2026-06-09T04:56:14Z] keep-alive tick complete
===== keep-alive tick 2026-06-09T04:59:36Z =====
[2026-06-09T04:59:36Z] deep_page_loop OK pid=3907026
[2026-06-09T04:59:36Z] sustained_loop OK pid=3907215
[2026-06-09T04:59:36Z] woocommerce_discover SKIPPED (completion marker present; see data/checkpoints/buy30590_woocommerce.completed)
[2026-06-09T04:59:36Z] lane_supervisor SKIPPED (BUY-31452 stop marker present; see data/buy30727-supervisor.stopped)
[2026-06-09T04:59:36Z] keep-alive tick complete
===== keep-alive tick 2026-06-09T05:00:53Z =====
[2026-06-09T05:00:53Z] deep_page_loop OK pid=3907026
[2026-06-09T05:00:53Z] sustained_loop OK pid=3907215
[2026-06-09T05:00:53Z] woocommerce_discover SKIPPED (completion marker present; see data/checkpoints/buy30590_woocommerce.completed)
[2026-06-09T05:00:53Z] lane_supervisor SKIPPED (BUY-31452 stop marker present; see data/buy30727-supervisor.stopped)
[2026-06-09T05:00:53Z] keep-alive tick complete
===== keep-alive tick 2026-06-09T05:04:51Z =====
[2026-06-09T05:04:51Z] deep_page_loop OK pid=3907026
[2026-06-09T05:04:51Z] sustained_loop OK pid=3907215
[2026-06-09T05:04:51Z] woocommerce_discover SKIPPED (completion marker present; see data/checkpoints/buy30590_woocommerce.completed)
[2026-06-09T05:04:51Z] lane_supervisor SKIPPED (BUY-31452 stop marker present; see data/buy30727-supervisor.stopped)
[2026-06-09T05:04:51Z] keep-alive tick complete
===== keep-alive tick 2026-06-09T05:07:14Z =====
[2026-06-09T05:07:14Z] deep_page_loop OK pid=3907026
[2026-06-09T05:07:14Z] sustained_loop OK pid=3907215
[2026-06-09T05:07:14Z] woocommerce_discover SKIPPED (completion marker present; see data/checkpoints/buy30590_woocommerce.completed)
[2026-06-09T05:07:14Z] lane_supervisor SKIPPED (BUY-31452 stop marker present; see data/buy30727-supervisor.stopped)
[2026-06-09T05:07:14Z] keep-alive tick complete
===== keep-alive tick 2026-06-09T05:09:25Z =====
[2026-06-09T05:09:25Z] deep_page_loop OK pid=3907026
[2026-06-09T05:09:25Z] sustained_loop OK pid=3907215
[2026-06-09T05:09:25Z] woocommerce_discover SKIPPED (completion marker present; see data/checkpoints/buy30590_woocommerce.completed)
[2026-06-09T05:09:25Z] lane_supervisor SKIPPED (BUY-31452 stop marker present; see data/buy30727-supervisor.stopped)
[2026-06-09T05:09:25Z] keep-alive tick complete
===== keep-alive tick 2026-06-09T05:10:28Z =====
[2026-06-09T05:10:28Z] deep_page_loop OK pid=3907026
[2026-06-09T05:10:28Z] sustained_loop OK pid=3907215
[2026-06-09T05:10:28Z] woocommerce_discover SKIPPED (completion marker present; see data/checkpoints/buy30590_woocommerce.completed)
[2026-06-09T05:10:28Z] lane_supervisor SKIPPED (BUY-31452 stop marker present; see data/buy30727-supervisor.stopped)
[2026-06-09T05:10:28Z] keep-alive tick complete
===== keep-alive tick 2026-06-09T05:14:32Z =====
[2026-06-09T05:14:32Z] deep_page_loop OK pid=3907026
[2026-06-09T05:14:32Z] sustained_loop OK pid=3907215
[2026-06-09T05:14:32Z] woocommerce_discover SKIPPED (completion marker present; see data/checkpoints/buy30590_woocommerce.completed)
[2026-06-09T05:14:32Z] lane_supervisor SKIPPED (BUY-31452 stop marker present; see data/buy30727-supervisor.stopped)
[2026-06-09T05:14:32Z] keep-alive tick complete
===== keep-alive tick 2026-06-09T05:17:28Z =====
[2026-06-09T05:17:28Z] deep_page_loop OK pid=3907026
[2026-06-09T05:17:29Z] sustained_loop OK pid=3907215
[2026-06-09T05:17:29Z] woocommerce_discover SKIPPED (completion marker present; see data/checkpoints/buy30590_woocommerce.completed)
[2026-06-09T05:17:29Z] lane_supervisor SKIPPED (BUY-31452 stop marker present; see data/buy30727-supervisor.stopped)
[2026-06-09T05:17:29Z] keep-alive tick complete
===== keep-alive tick 2026-06-09T05:19:20Z =====
[2026-06-09T05:19:20Z] deep_page_loop OK pid=3907026
[2026-06-09T05:19:20Z] sustained_loop OK pid=3907215
[2026-06-09T05:19:20Z] woocommerce_discover SKIPPED (completion marker present; see data/checkpoints/buy30590_woocommerce.completed)
[2026-06-09T05:19:20Z] lane_supervisor SKIPPED (BUY-31452 stop marker present; see data/buy30727-supervisor.stopped)
[2026-06-09T05:19:20Z] keep-alive tick complete
===== keep-alive tick 2026-06-09T05:21:39Z =====
[2026-06-09T05:21:39Z] deep_page_loop OK pid=3907026
[2026-06-09T05:21:39Z] sustained_loop OK pid=3907215
[2026-06-09T05:21:39Z] woocommerce_discover SKIPPED (completion marker present; see data/checkpoints/buy30590_woocommerce.completed)
[2026-06-09T05:21:39Z] lane_supervisor SKIPPED (BUY-31452 stop marker present; see data/buy30727-supervisor.stopped)
[2026-06-09T05:21:39Z] keep-alive tick complete
===== keep-alive tick 2026-06-09T05:24:43Z =====
[2026-06-09T05:24:43Z] deep_page_loop OK pid=3907026
[2026-06-09T05:24:43Z] sustained_loop OK pid=3907215
[2026-06-09T05:24:43Z] woocommerce_discover SKIPPED (completion marker present; see data/checkpoints/buy30590_woocommerce.completed)
[2026-06-09T05:24:43Z] lane_supervisor SKIPPED (BUY-31452 stop marker present; see data/buy30727-supervisor.stopped)
[2026-06-09T05:24:43Z] keep-alive tick complete
===== keep-alive tick 2026-06-09T05:26:04Z =====
[2026-06-09T05:26:04Z] duplicate buy30590-deep-page-loop.mjs killed pid=3907026 (kept 374655)
[2026-06-09T05:26:04Z] deep_page_loop OK pid=374655
[2026-06-09T05:26:04Z] sustained_loop OK pid=3907215
[2026-06-09T05:26:04Z] woocommerce_discover SKIPPED (completion marker present; see data/checkpoints/buy30590_woocommerce.completed)
[2026-06-09T05:26:04Z] lane_supervisor SKIPPED (BUY-31452 stop marker present; see data/buy30727-supervisor.stopped)
[2026-06-09T05:26:04Z] keep-alive tick complete
===== keep-alive tick 2026-06-09T05:26:32Z =====
[2026-06-09T05:26:32Z] deep_page_loop DEAD — restarting (consecutive_dead_ticks=1)
[2026-06-09T05:26:34Z] deep_page_loop restarted pid=375929 root=/paperclip/instances/default/workspaces/3ec8f6dd-1735-4479-9825-a2c42edac34c spawned=375926
[2026-06-09T05:26:35Z] sustained_loop OK pid=3907215
[2026-06-09T05:26:35Z] woocommerce_discover SKIPPED (completion marker present; see data/checkpoints/buy30590_woocommerce.completed)
[2026-06-09T05:26:35Z] lane_supervisor SKIPPED (BUY-31452 stop marker present; see data/buy30727-supervisor.stopped)
[2026-06-09T05:26:35Z] keep-alive tick complete
===== keep-alive tick 2026-06-09T05:29:39Z =====
[2026-06-09T05:29:40Z] deep_page_loop OK pid=375929
[2026-06-09T05:29:40Z] sustained_loop OK pid=3907215
[2026-06-09T05:29:40Z] woocommerce_discover SKIPPED (completion marker present; see data/checkpoints/buy30590_woocommerce.completed)
[2026-06-09T05:29:40Z] lane_supervisor SKIPPED (BUY-31452 stop marker present; see data/buy30727-supervisor.stopped)
[2026-06-09T05:29:40Z] keep-alive tick complete
===== keep-alive tick 2026-06-09T05:31:45Z =====
[2026-06-09T05:31:45Z] deep_page_loop OK pid=375929
[2026-06-09T05:31:45Z] sustained_loop OK pid=3907215
[2026-06-09T05:31:45Z] woocommerce_discover SKIPPED (completion marker present; see data/checkpoints/buy30590_woocommerce.completed)
[2026-06-09T05:31:45Z] lane_supervisor SKIPPED (BUY-31452 stop marker present; see data/buy30727-supervisor.stopped)
[2026-06-09T05:31:45Z] keep-alive tick complete
===== keep-alive tick 2026-06-09T05:34:36Z =====
[2026-06-09T05:34:36Z] deep_page_loop OK pid=375929
[2026-06-09T05:34:36Z] sustained_loop OK pid=3907215
[2026-06-09T05:34:36Z] woocommerce_discover SKIPPED (completion marker present; see data/checkpoints/buy30590_woocommerce.completed)
[2026-06-09T05:34:36Z] lane_supervisor SKIPPED (BUY-31452 stop marker present; see data/buy30727-supervisor.stopped)
[2026-06-09T05:34:36Z] keep-alive tick complete
===== keep-alive tick 2026-06-09T05:36:27Z =====
[2026-06-09T05:36:27Z] deep_page_loop OK pid=375929
[2026-06-09T05:36:28Z] sustained_loop OK pid=3907215
[2026-06-09T05:36:28Z] woocommerce_discover SKIPPED (completion marker present; see data/checkpoints/buy30590_woocommerce.completed)
[2026-06-09T05:36:28Z] lane_supervisor SKIPPED (BUY-31452 stop marker present; see data/buy30727-supervisor.stopped)
[2026-06-09T05:36:28Z] keep-alive tick complete
===== keep-alive tick 2026-06-09T05:39:23Z =====
[2026-06-09T05:39:23Z] deep_page_loop OK pid=375929
[2026-06-09T05:39:23Z] sustained_loop OK pid=3907215
[2026-06-09T05:39:23Z] woocommerce_discover SKIPPED (completion marker present; see data/checkpoints/buy30590_woocommerce.completed)
[2026-06-09T05:39:23Z] lane_supervisor SKIPPED (BUY-31452 stop marker present; see data/buy30727-supervisor.stopped)
[2026-06-09T05:39:23Z] keep-alive tick complete
===== keep-alive tick 2026-06-09T05:41:30Z =====
[2026-06-09T05:41:30Z] deep_page_loop OK pid=375929
[2026-06-09T05:41:30Z] sustained_loop OK pid=3907215
[2026-06-09T05:41:31Z] woocommerce_discover SKIPPED (completion marker present; see data/checkpoints/buy30590_woocommerce.completed)
[2026-06-09T05:41:31Z] lane_supervisor SKIPPED (BUY-31452 stop marker present; see data/buy30727-supervisor.stopped)
[2026-06-09T05:41:31Z] keep-alive tick complete
===== keep-alive tick 2026-06-09T05:44:23Z =====
[2026-06-09T05:44:23Z] deep_page_loop OK pid=375929
[2026-06-09T05:44:23Z] sustained_loop OK pid=3907215
[2026-06-09T05:44:23Z] woocommerce_discover SKIPPED (completion marker present; see data/checkpoints/buy30590_woocommerce.completed)
[2026-06-09T05:44:23Z] lane_supervisor SKIPPED (BUY-31452 stop marker present; see data/buy30727-supervisor.stopped)
[2026-06-09T05:44:23Z] keep-alive tick complete
===== keep-alive tick 2026-06-09T05:45:25Z =====
[2026-06-09T05:45:25Z] deep_page_loop OK pid=375929
[2026-06-09T05:45:25Z] sustained_loop OK pid=3907215
[2026-06-09T05:45:25Z] woocommerce_discover SKIPPED (completion marker present; see data/checkpoints/buy30590_woocommerce.completed)
[2026-06-09T05:45:25Z] lane_supervisor SKIPPED (BUY-31452 stop marker present; see data/buy30727-supervisor.stopped)
[2026-06-09T05:45:25Z] keep-alive tick complete
===== keep-alive tick 2026-06-09T05:49:16Z =====
[2026-06-09T05:49:16Z] deep_page_loop OK pid=375929
[2026-06-09T05:49:16Z] sustained_loop OK pid=3907215
[2026-06-09T05:49:16Z] woocommerce_discover SKIPPED (completion marker present; see data/checkpoints/buy30590_woocommerce.completed)
[2026-06-09T05:49:16Z] lane_supervisor SKIPPED (BUY-31452 stop marker present; see data/buy30727-supervisor.stopped)
[2026-06-09T05:49:16Z] keep-alive tick complete
===== keep-alive tick 2026-06-09T05:51:07Z =====
[2026-06-09T05:51:07Z] deep_page_loop OK pid=375929
[2026-06-09T05:51:07Z] sustained_loop OK pid=3907215
[2026-06-09T05:51:07Z] woocommerce_discover SKIPPED (completion marker present; see data/checkpoints/buy30590_woocommerce.completed)
[2026-06-09T05:51:07Z] lane_supervisor SKIPPED (BUY-31452 stop marker present; see data/buy30727-supervisor.stopped)
[2026-06-09T05:51:07Z] keep-alive tick complete
===== keep-alive tick 2026-06-09T05:54:29Z =====
[2026-06-09T05:54:29Z] deep_page_loop OK pid=375929
[2026-06-09T05:54:29Z] sustained_loop OK pid=3907215
[2026-06-09T05:54:30Z] woocommerce_discover SKIPPED (completion marker present; see data/checkpoints/buy30590_woocommerce.completed)
[2026-06-09T05:54:30Z] lane_supervisor SKIPPED (BUY-31452 stop marker present; see data/buy30727-supervisor.stopped)
[2026-06-09T05:54:30Z] keep-alive tick complete
===== keep-alive tick 2026-06-09T05:57:00Z =====
[2026-06-09T05:57:00Z] deep_page_loop OK pid=375929
[2026-06-09T05:57:00Z] sustained_loop OK pid=3907215
[2026-06-09T05:57:00Z] woocommerce_discover SKIPPED (completion marker present; see data/checkpoints/buy30590_woocommerce.completed)
[2026-06-09T05:57:00Z] lane_supervisor SKIPPED (BUY-31452 stop marker present; see data/buy30727-supervisor.stopped)
[2026-06-09T05:57:00Z] keep-alive tick complete
===== keep-alive tick 2026-06-09T05:59:29Z =====
[2026-06-09T05:59:29Z] deep_page_loop OK pid=375929
[2026-06-09T05:59:29Z] sustained_loop OK pid=3907215
[2026-06-09T05:59:29Z] woocommerce_discover SKIPPED (completion marker present; see data/checkpoints/buy30590_woocommerce.completed)
[2026-06-09T05:59:29Z] lane_supervisor SKIPPED (BUY-31452 stop marker present; see data/buy30727-supervisor.stopped)
[2026-06-09T05:59:29Z] keep-alive tick complete
===== keep-alive tick 2026-06-09T06:03:35Z =====
[2026-06-09T06:03:35Z] deep_page_loop OK pid=375929
[2026-06-09T06:03:35Z] sustained_loop OK pid=3907215
[2026-06-09T06:03:35Z] woocommerce_discover SKIPPED (completion marker present; see data/checkpoints/buy30590_woocommerce.completed)
[2026-06-09T06:03:35Z] lane_supervisor SKIPPED (BUY-31452 stop marker present; see data/buy30727-supervisor.stopped)
[2026-06-09T06:03:35Z] keep-alive tick complete
===== keep-alive tick 2026-06-09T06:04:26Z =====
[2026-06-09T06:04:26Z] deep_page_loop OK pid=375929
[2026-06-09T06:04:26Z] sustained_loop OK pid=3907215
[2026-06-09T06:04:26Z] woocommerce_discover SKIPPED (completion marker present; see data/checkpoints/buy30590_woocommerce.completed)
[2026-06-09T06:04:26Z] lane_supervisor SKIPPED (BUY-31452 stop marker present; see data/buy30727-supervisor.stopped)
[2026-06-09T06:04:26Z] keep-alive tick complete
===== keep-alive tick 2026-06-09T06:14:29Z =====
[2026-06-09T06:14:29Z] deep_page_loop OK pid=375929
[2026-06-09T06:14:29Z] sustained_loop OK pid=3907215
[2026-06-09T06:14:29Z] woocommerce_discover SKIPPED (completion marker present; see data/checkpoints/buy30590_woocommerce.completed)
[2026-06-09T06:14:29Z] lane_supervisor SKIPPED (BUY-31452 stop marker present; see data/buy30727-supervisor.stopped)
[2026-06-09T06:14:29Z] keep-alive tick complete
===== keep-alive tick 2026-06-09T06:15:19Z =====
[2026-06-09T06:15:19Z] deep_page_loop OK pid=375929
[2026-06-09T06:15:19Z] sustained_loop OK pid=3907215
[2026-06-09T06:15:19Z] woocommerce_discover SKIPPED (completion marker present; see data/checkpoints/buy30590_woocommerce.completed)
[2026-06-09T06:15:19Z] lane_supervisor SKIPPED (BUY-31452 stop marker present; see data/buy30727-supervisor.stopped)
[2026-06-09T06:15:19Z] keep-alive tick complete
===== keep-alive tick 2026-06-09T06:19:32Z =====
[2026-06-09T06:19:32Z] deep_page_loop OK pid=375929
[2026-06-09T06:19:32Z] sustained_loop OK pid=3907215
[2026-06-09T06:19:32Z] woocommerce_discover SKIPPED (completion marker present; see data/checkpoints/buy30590_woocommerce.completed)
[2026-06-09T06:19:32Z] lane_supervisor SKIPPED (BUY-31452 stop marker present; see data/buy30727-supervisor.stopped)
[2026-06-09T06:19:32Z] keep-alive tick complete
===== keep-alive tick 2026-06-09T06:24:39Z =====
[2026-06-09T06:24:39Z] deep_page_loop OK pid=375929
[2026-06-09T06:24:39Z] sustained_loop OK pid=3907215
[2026-06-09T06:24:39Z] woocommerce_discover SKIPPED (completion marker present; see data/checkpoints/buy30590_woocommerce.completed)
[2026-06-09T06:24:39Z] lane_supervisor SKIPPED (BUY-31452 stop marker present; see data/buy30727-supervisor.stopped)
[2026-06-09T06:24:39Z] keep-alive tick complete
===== keep-alive tick 2026-06-09T06:29:33Z =====
[2026-06-09T06:29:34Z] deep_page_loop OK pid=375929
[2026-06-09T06:29:34Z] sustained_loop OK pid=3907215
[2026-06-09T06:29:34Z] woocommerce_discover SKIPPED (completion marker present; see data/checkpoints/buy30590_woocommerce.completed)
[2026-06-09T06:29:34Z] lane_supervisor SKIPPED (BUY-31452 stop marker present; see data/buy30727-supervisor.stopped)
[2026-06-09T06:29:34Z] keep-alive tick complete
===== keep-alive tick 2026-06-09T06:34:35Z =====
[2026-06-09T06:34:35Z] deep_page_loop OK pid=375929
[2026-06-09T06:34:35Z] sustained_loop OK pid=3907215
[2026-06-09T06:34:35Z] woocommerce_discover SKIPPED (completion marker present; see data/checkpoints/buy30590_woocommerce.completed)
[2026-06-09T06:34:35Z] lane_supervisor SKIPPED (BUY-31452 stop marker present; see data/buy30727-supervisor.stopped)
[2026-06-09T06:34:35Z] keep-alive tick complete
===== keep-alive tick 2026-06-09T06:34:50Z =====
[2026-06-09T06:34:50Z] deep_page_loop OK pid=375929
[2026-06-09T06:34:50Z] sustained_loop OK pid=3907215
[2026-06-09T06:34:50Z] woocommerce_discover SKIPPED (completion marker present; see data/checkpoints/buy30590_woocommerce.completed)
[2026-06-09T06:34:50Z] lane_supervisor SKIPPED (BUY-31452 stop marker present; see data/buy30727-supervisor.stopped)
[2026-06-09T06:34:50Z] keep-alive tick complete
===== keep-alive tick 2026-06-09T06:39:59Z =====
[2026-06-09T06:39:59Z] deep_page_loop OK pid=375929
[2026-06-09T06:39:59Z] sustained_loop OK pid=3907215
[2026-06-09T06:39:59Z] woocommerce_discover SKIPPED (completion marker present; see data/checkpoints/buy30590_woocommerce.completed)
[2026-06-09T06:39:59Z] lane_supervisor SKIPPED (BUY-31452 stop marker present; see data/buy30727-supervisor.stopped)
[2026-06-09T06:39:59Z] keep-alive tick complete
===== keep-alive tick 2026-06-09T06:41:42Z =====
[2026-06-09T06:41:42Z] deep_page_loop OK pid=375929
[2026-06-09T06:41:42Z] sustained_loop OK pid=3907215
[2026-06-09T06:41:42Z] woocommerce_discover SKIPPED (completion marker present; see data/checkpoints/buy30590_woocommerce.completed)
[2026-06-09T06:41:42Z] lane_supervisor SKIPPED (BUY-31452 stop marker present; see data/buy30727-supervisor.stopped)
[2026-06-09T06:41:42Z] keep-alive tick complete
===== keep-alive tick 2026-06-09T06:44:24Z =====
[2026-06-09T06:44:24Z] deep_page_loop OK pid=375929
[2026-06-09T06:44:24Z] sustained_loop OK pid=3907215
[2026-06-09T06:44:24Z] woocommerce_discover SKIPPED (completion marker present; see data/checkpoints/buy30590_woocommerce.completed)
[2026-06-09T06:44:24Z] lane_supervisor SKIPPED (BUY-31452 stop marker present; see data/buy30727-supervisor.stopped)
[2026-06-09T06:44:24Z] keep-alive tick complete
===== keep-alive tick 2026-06-09T06:55:00Z =====
[2026-06-09T06:55:00Z] deep_page_loop OK pid=375929
[2026-06-09T06:55:00Z] sustained_loop OK pid=670904
[2026-06-09T06:55:00Z] woocommerce_discover SKIPPED (completion marker present; see data/checkpoints/buy30590_woocommerce.completed)
[2026-06-09T06:55:00Z] lane_supervisor SKIPPED (BUY-31452 stop marker present; see data/buy30727-supervisor.stopped)
[2026-06-09T06:55:00Z] keep-alive tick complete
===== keep-alive tick 2026-06-09T06:59:39Z =====
[2026-06-09T06:59:39Z] deep_page_loop OK pid=375929
[2026-06-09T06:59:39Z] sustained_loop OK pid=670904
[2026-06-09T06:59:39Z] woocommerce_discover SKIPPED (completion marker present; see data/checkpoints/buy30590_woocommerce.completed)
[2026-06-09T06:59:39Z] lane_supervisor SKIPPED (BUY-31452 stop marker present; see data/buy30727-supervisor.stopped)
[2026-06-09T06:59:39Z] keep-alive tick complete
===== keep-alive tick 2026-06-09T07:04:28Z =====
[2026-06-09T07:04:28Z] deep_page_loop OK pid=375929
[2026-06-09T07:04:28Z] sustained_loop OK pid=670904
[2026-06-09T07:04:28Z] woocommerce_discover SKIPPED (completion marker present; see data/checkpoints/buy30590_woocommerce.completed)
[2026-06-09T07:04:28Z] lane_supervisor SKIPPED (BUY-31452 stop marker present; see data/buy30727-supervisor.stopped)
[2026-06-09T07:04:28Z] keep-alive tick complete
===== keep-alive tick 2026-06-09T07:09:53Z =====
[2026-06-09T07:09:53Z] deep_page_loop OK pid=375929
[2026-06-09T07:09:53Z] sustained_loop OK pid=670904
[2026-06-09T07:09:54Z] woocommerce_discover SKIPPED (completion marker present; see data/checkpoints/buy30590_woocommerce.completed)
[2026-06-09T07:09:54Z] lane_supervisor SKIPPED (BUY-31452 stop marker present; see data/buy30727-supervisor.stopped)
[2026-06-09T07:09:54Z] keep-alive tick complete
===== keep-alive tick 2026-06-09T07:10:05Z =====
[2026-06-09T07:10:05Z] deep_page_loop OK pid=375929
[2026-06-09T07:10:05Z] sustained_loop OK pid=670904
[2026-06-09T07:10:05Z] woocommerce_discover SKIPPED (completion marker present; see data/checkpoints/buy30590_woocommerce.completed)
[2026-06-09T07:10:05Z] lane_supervisor SKIPPED (BUY-31452 stop marker present; see data/buy30727-supervisor.stopped)
[2026-06-09T07:10:05Z] keep-alive tick complete
===== keep-alive tick 2026-06-09T07:10:16Z =====
[2026-06-09T07:10:16Z] deep_page_loop DEAD — restarting (consecutive_dead_ticks=1)
[2026-06-09T07:10:18Z] deep_page_loop restarted pid=748760 root=/paperclip/instances/default/workspaces/3ec8f6dd-1735-4479-9825-a2c42edac34c spawned=748757
[2026-06-09T07:10:18Z] sustained_loop OK pid=670904
[2026-06-09T07:10:18Z] woocommerce_discover SKIPPED (completion marker present; see data/checkpoints/buy30590_woocommerce.completed)
[2026-06-09T07:10:18Z] lane_supervisor SKIPPED (BUY-31452 stop marker present; see data/buy30727-supervisor.stopped)
[2026-06-09T07:10:18Z] keep-alive tick complete
===== keep-alive tick 2026-06-09T07:10:34Z =====
[2026-06-09T07:10:34Z] deep_page_loop OK pid=748760
[2026-06-09T07:10:34Z] sustained_loop OK pid=670904
[2026-06-09T07:10:34Z] woocommerce_discover SKIPPED (completion marker present; see data/checkpoints/buy30590_woocommerce.completed)
[2026-06-09T07:10:34Z] lane_supervisor SKIPPED (BUY-31452 stop marker present; see data/buy30727-supervisor.stopped)
[2026-06-09T07:10:34Z] keep-alive tick complete
===== keep-alive tick 2026-06-09T07:12:12Z =====
[2026-06-09T07:12:12Z] deep_page_loop OK pid=748760
[2026-06-09T07:12:12Z] sustained_loop OK pid=670904
[2026-06-09T07:12:12Z] woocommerce_discover SKIPPED (completion marker present; see data/checkpoints/buy30590_woocommerce.completed)
[2026-06-09T07:12:12Z] lane_supervisor SKIPPED (BUY-31452 stop marker present; see data/buy30727-supervisor.stopped)
[2026-06-09T07:12:12Z] keep-alive tick complete
===== keep-alive tick 2026-06-09T07:14:31Z =====
[2026-06-09T07:14:31Z] deep_page_loop OK pid=748760
[2026-06-09T07:14:31Z] sustained_loop OK pid=670904
[2026-06-09T07:14:31Z] woocommerce_discover SKIPPED (completion marker present; see data/checkpoints/buy30590_woocommerce.completed)
[2026-06-09T07:14:31Z] lane_supervisor SKIPPED (BUY-31452 stop marker present; see data/buy30727-supervisor.stopped)
[2026-06-09T07:14:31Z] keep-alive tick complete
===== keep-alive tick 2026-06-09T07:17:51Z =====
[2026-06-09T07:17:51Z] deep_page_loop OK pid=748760
[2026-06-09T07:17:51Z] sustained_loop OK pid=670904
[2026-06-09T07:17:51Z] woocommerce_discover SKIPPED (completion marker present; see data/checkpoints/buy30590_woocommerce.completed)
[2026-06-09T07:17:51Z] lane_supervisor SKIPPED (BUY-31452 stop marker present; see data/buy30727-supervisor.stopped)
[2026-06-09T07:17:51Z] keep-alive tick complete
===== keep-alive tick 2026-06-09T07:19:34Z =====
[2026-06-09T07:19:34Z] deep_page_loop OK pid=748760
[2026-06-09T07:19:34Z] sustained_loop OK pid=670904
[2026-06-09T07:19:34Z] woocommerce_discover SKIPPED (completion marker present; see data/checkpoints/buy30590_woocommerce.completed)
[2026-06-09T07:19:34Z] lane_supervisor SKIPPED (BUY-31452 stop marker present; see data/buy30727-supervisor.stopped)
[2026-06-09T07:19:34Z] keep-alive tick complete
===== keep-alive tick 2026-06-09T07:24:11Z =====
[2026-06-09T07:24:11Z] deep_page_loop OK pid=748760
[2026-06-09T07:24:11Z] sustained_loop OK pid=670904
[2026-06-09T07:24:11Z] woocommerce_discover SKIPPED (completion marker present; see data/checkpoints/buy30590_woocommerce.completed)
[2026-06-09T07:24:11Z] lane_supervisor SKIPPED (BUY-31452 stop marker present; see data/buy30727-supervisor.stopped)
[2026-06-09T07:24:11Z] keep-alive tick complete
===== keep-alive tick 2026-06-09T07:24:54Z =====
[2026-06-09T07:24:54Z] deep_page_loop OK pid=748760
[2026-06-09T07:24:54Z] sustained_loop OK pid=670904
[2026-06-09T07:24:54Z] woocommerce_discover SKIPPED (completion marker present; see data/checkpoints/buy30590_woocommerce.completed)
[2026-06-09T07:24:54Z] lane_supervisor SKIPPED (BUY-31452 stop marker present; see data/buy30727-supervisor.stopped)
[2026-06-09T07:24:54Z] keep-alive tick complete
===== keep-alive tick 2026-06-09T07:29:34Z =====
[2026-06-09T07:29:34Z] deep_page_loop OK pid=748760
[2026-06-09T07:29:34Z] sustained_loop OK pid=670904
[2026-06-09T07:29:34Z] woocommerce_discover SKIPPED (completion marker present; see data/checkpoints/buy30590_woocommerce.completed)
[2026-06-09T07:29:34Z] lane_supervisor SKIPPED (BUY-31452 stop marker present; see data/buy30727-supervisor.stopped)
[2026-06-09T07:29:34Z] keep-alive tick complete
===== keep-alive tick 2026-06-09T07:31:08Z =====
[2026-06-09T07:31:08Z] deep_page_loop OK pid=748760
[2026-06-09T07:31:08Z] sustained_loop OK pid=670904
[2026-06-09T07:31:08Z] woocommerce_discover SKIPPED (completion marker present; see data/checkpoints/buy30590_woocommerce.completed)
[2026-06-09T07:31:08Z] lane_supervisor SKIPPED (BUY-31452 stop marker present; see data/buy30727-supervisor.stopped)
[2026-06-09T07:31:08Z] keep-alive tick complete
===== keep-alive tick 2026-06-09T07:34:24Z =====
[2026-06-09T07:34:24Z] deep_page_loop OK pid=748760
[2026-06-09T07:34:25Z] sustained_loop OK pid=670904
[2026-06-09T07:34:25Z] woocommerce_discover SKIPPED (completion marker present; see data/checkpoints/buy30590_woocommerce.completed)
[2026-06-09T07:34:25Z] lane_supervisor SKIPPED (BUY-31452 stop marker present; see data/buy30727-supervisor.stopped)
[2026-06-09T07:34:25Z] keep-alive tick complete
===== keep-alive tick 2026-06-09T07:36:34Z =====
[2026-06-09T07:36:34Z] deep_page_loop OK pid=748760
[2026-06-09T07:36:35Z] sustained_loop OK pid=670904
[2026-06-09T07:36:35Z] woocommerce_discover SKIPPED (completion marker present; see data/checkpoints/buy30590_woocommerce.completed)
[2026-06-09T07:36:35Z] lane_supervisor SKIPPED (BUY-31452 stop marker present; see data/buy30727-supervisor.stopped)
[2026-06-09T07:36:35Z] keep-alive tick complete
===== keep-alive tick 2026-06-09T07:39:32Z =====
[2026-06-09T07:39:33Z] deep_page_loop OK pid=748760
[2026-06-09T07:39:33Z] sustained_loop OK pid=670904
[2026-06-09T07:39:33Z] woocommerce_discover SKIPPED (completion marker present; see data/checkpoints/buy30590_woocommerce.completed)
[2026-06-09T07:39:33Z] lane_supervisor SKIPPED (BUY-31452 stop marker present; see data/buy30727-supervisor.stopped)
[2026-06-09T07:39:33Z] keep-alive tick complete
===== keep-alive tick 2026-06-09T07:41:09Z =====
[2026-06-09T07:41:09Z] deep_page_loop OK pid=748760
[2026-06-09T07:41:09Z] sustained_loop OK pid=670904
[2026-06-09T07:41:09Z] woocommerce_discover SKIPPED (completion marker present; see data/checkpoints/buy30590_woocommerce.completed)
[2026-06-09T07:41:09Z] lane_supervisor SKIPPED (BUY-31452 stop marker present; see data/buy30727-supervisor.stopped)
[2026-06-09T07:41:09Z] keep-alive tick complete
===== keep-alive tick 2026-06-09T07:44:38Z =====
[2026-06-09T07:44:38Z] deep_page_loop OK pid=748760
[2026-06-09T07:44:38Z] sustained_loop OK pid=670904
[2026-06-09T07:44:38Z] woocommerce_discover SKIPPED (completion marker present; see data/checkpoints/buy30590_woocommerce.completed)
[2026-06-09T07:44:39Z] lane_supervisor SKIPPED (BUY-31452 stop marker present; see data/buy30727-supervisor.stopped)
[2026-06-09T07:44:39Z] keep-alive tick complete
===== keep-alive tick 2026-06-09T07:46:42Z =====
[2026-06-09T07:46:42Z] deep_page_loop OK pid=748760
[2026-06-09T07:46:42Z] sustained_loop OK pid=670904
[2026-06-09T07:46:42Z] woocommerce_discover SKIPPED (completion marker present; see data/checkpoints/buy30590_woocommerce.completed)
[2026-06-09T07:46:42Z] lane_supervisor SKIPPED (BUY-31452 stop marker present; see data/buy30727-supervisor.stopped)
[2026-06-09T07:46:42Z] keep-alive tick complete
===== keep-alive tick 2026-06-09T07:49:43Z =====
[2026-06-09T07:49:43Z] deep_page_loop OK pid=748760
[2026-06-09T07:49:43Z] sustained_loop OK pid=670904
[2026-06-09T07:49:43Z] woocommerce_discover SKIPPED (completion marker present; see data/checkpoints/buy30590_woocommerce.completed)
[2026-06-09T07:49:43Z] lane_supervisor SKIPPED (BUY-31452 stop marker present; see data/buy30727-supervisor.stopped)
[2026-06-09T07:49:43Z] keep-alive tick complete
===== keep-alive tick 2026-06-09T07:50:57Z =====
[2026-06-09T07:50:57Z] deep_page_loop OK pid=748760
[2026-06-09T07:50:57Z] sustained_loop OK pid=670904
[2026-06-09T07:50:57Z] woocommerce_discover SKIPPED (completion marker present; see data/checkpoints/buy30590_woocommerce.completed)
[2026-06-09T07:50:57Z] lane_supervisor SKIPPED (BUY-31452 stop marker present; see data/buy30727-supervisor.stopped)
[2026-06-09T07:50:57Z] keep-alive tick complete
===== keep-alive tick 2026-06-09T07:54:28Z =====
[2026-06-09T07:54:28Z] deep_page_loop OK pid=748760
[2026-06-09T07:54:28Z] sustained_loop OK pid=670904
[2026-06-09T07:54:28Z] woocommerce_discover SKIPPED (completion marker present; see data/checkpoints/buy30590_woocommerce.completed)
[2026-06-09T07:54:28Z] lane_supervisor SKIPPED (BUY-31452 stop marker present; see data/buy30727-supervisor.stopped)
[2026-06-09T07:54:28Z] keep-alive tick complete
===== keep-alive tick 2026-06-09T07:56:27Z =====
[2026-06-09T07:56:27Z] deep_page_loop OK pid=748760
[2026-06-09T07:56:27Z] sustained_loop OK pid=670904
[2026-06-09T07:56:27Z] woocommerce_discover SKIPPED (completion marker present; see data/checkpoints/buy30590_woocommerce.completed)
[2026-06-09T07:56:27Z] lane_supervisor SKIPPED (BUY-31452 stop marker present; see data/buy30727-supervisor.stopped)
[2026-06-09T07:56:27Z] keep-alive tick complete
===== keep-alive tick 2026-06-09T07:59:49Z =====
[2026-06-09T07:59:49Z] deep_page_loop OK pid=748760
[2026-06-09T07:59:49Z] sustained_loop OK pid=670904
[2026-06-09T07:59:49Z] woocommerce_discover SKIPPED (completion marker present; see data/checkpoints/buy30590_woocommerce.completed)
[2026-06-09T07:59:49Z] lane_supervisor SKIPPED (BUY-31452 stop marker present; see data/buy30727-supervisor.stopped)
[2026-06-09T07:59:49Z] keep-alive tick complete
===== keep-alive tick 2026-06-09T08:05:35Z =====
[2026-06-09T08:05:35Z] deep_page_loop OK pid=748760
[2026-06-09T08:05:35Z] sustained_loop OK pid=670904
[2026-06-09T08:05:36Z] woocommerce_discover SKIPPED (completion marker present; see data/checkpoints/buy30590_woocommerce.completed)
[2026-06-09T08:05:36Z] lane_supervisor SKIPPED (BUY-31452 stop marker present; see data/buy30727-supervisor.stopped)
[2026-06-09T08:05:36Z] keep-alive tick complete
===== keep-alive tick 2026-06-09T08:09:28Z =====
[2026-06-09T08:09:28Z] deep_page_loop OK pid=748760
[2026-06-09T08:09:28Z] sustained_loop OK pid=670904
[2026-06-09T08:09:28Z] woocommerce_discover SKIPPED (completion marker present; see data/checkpoints/buy30590_woocommerce.completed)
[2026-06-09T08:09:28Z] lane_supervisor SKIPPED (BUY-31452 stop marker present; see data/buy30727-supervisor.stopped)
[2026-06-09T08:09:28Z] keep-alive tick complete
===== keep-alive tick 2026-06-09T08:11:33Z =====
[2026-06-09T08:11:33Z] deep_page_loop OK pid=748760
[2026-06-09T08:11:33Z] sustained_loop OK pid=670904
[2026-06-09T08:11:33Z] woocommerce_discover SKIPPED (completion marker present; see data/checkpoints/buy30590_woocommerce.completed)
[2026-06-09T08:11:34Z] lane_supervisor SKIPPED (BUY-31452 stop marker present; see data/buy30727-supervisor.stopped)
[2026-06-09T08:11:34Z] keep-alive tick complete
===== keep-alive tick 2026-06-09T08:14:57Z =====
[2026-06-09T08:14:58Z] deep_page_loop OK pid=748760
[2026-06-09T08:14:58Z] sustained_loop OK pid=670904
[2026-06-09T08:14:58Z] woocommerce_discover SKIPPED (completion marker present; see data/checkpoints/buy30590_woocommerce.completed)
[2026-06-09T08:14:58Z] lane_supervisor SKIPPED (BUY-31452 stop marker present; see data/buy30727-supervisor.stopped)
[2026-06-09T08:14:58Z] keep-alive tick complete
===== keep-alive tick 2026-06-09T08:18:08Z =====
[2026-06-09T08:18:08Z] deep_page_loop OK pid=748760
[2026-06-09T08:18:08Z] sustained_loop OK pid=670904
[2026-06-09T08:18:08Z] woocommerce_discover SKIPPED (completion marker present; see data/checkpoints/buy30590_woocommerce.completed)
[2026-06-09T08:18:08Z] lane_supervisor SKIPPED (BUY-31452 stop marker present; see data/buy30727-supervisor.stopped)
[2026-06-09T08:18:08Z] keep-alive tick complete
===== keep-alive tick 2026-06-09T08:19:24Z =====
[2026-06-09T08:19:24Z] deep_page_loop OK pid=748760
[2026-06-09T08:19:25Z] sustained_loop OK pid=670904
[2026-06-09T08:19:25Z] woocommerce_discover SKIPPED (completion marker present; see data/checkpoints/buy30590_woocommerce.completed)
[2026-06-09T08:19:25Z] lane_supervisor SKIPPED (BUY-31452 stop marker present; see data/buy30727-supervisor.stopped)
[2026-06-09T08:19:25Z] keep-alive tick complete
===== keep-alive tick 2026-06-09T08:24:25Z =====
[2026-06-09T08:24:25Z] deep_page_loop OK pid=748760
[2026-06-09T08:24:25Z] sustained_loop OK pid=670904
[2026-06-09T08:24:25Z] woocommerce_discover SKIPPED (completion marker present; see data/checkpoints/buy30590_woocommerce.completed)
[2026-06-09T08:24:25Z] lane_supervisor SKIPPED (BUY-31452 stop marker present; see data/buy30727-supervisor.stopped)
[2026-06-09T08:24:25Z] keep-alive tick complete
===== keep-alive tick 2026-06-09T08:28:16Z =====
[2026-06-09T08:28:16Z] deep_page_loop OK pid=748760
[2026-06-09T08:28:16Z] sustained_loop OK pid=670904
[2026-06-09T08:28:16Z] woocommerce_discover SKIPPED (completion marker present; see data/checkpoints/buy30590_woocommerce.completed)
[2026-06-09T08:28:16Z] lane_supervisor SKIPPED (BUY-31452 stop marker present; see data/buy30727-supervisor.stopped)
[2026-06-09T08:28:16Z] keep-alive tick complete
===== keep-alive tick 2026-06-09T08:29:41Z =====
[2026-06-09T08:29:41Z] deep_page_loop OK pid=748760
[2026-06-09T08:29:41Z] sustained_loop OK pid=670904
[2026-06-09T08:29:41Z] woocommerce_discover SKIPPED (completion marker present; see data/checkpoints/buy30590_woocommerce.completed)
[2026-06-09T08:29:41Z] lane_supervisor SKIPPED (BUY-31452 stop marker present; see data/buy30727-supervisor.stopped)
[2026-06-09T08:29:41Z] keep-alive tick complete
===== keep-alive tick 2026-06-09T08:34:39Z =====
[2026-06-09T08:34:39Z] deep_page_loop OK pid=748760
[2026-06-09T08:34:40Z] sustained_loop OK pid=670904
[2026-06-09T08:34:40Z] woocommerce_discover SKIPPED (completion marker present; see data/checkpoints/buy30590_woocommerce.completed)
[2026-06-09T08:34:40Z] lane_supervisor SKIPPED (BUY-31452 stop marker present; see data/buy30727-supervisor.stopped)
[2026-06-09T08:34:40Z] keep-alive tick complete
===== keep-alive tick 2026-06-09T08:36:38Z =====
[2026-06-09T08:36:38Z] deep_page_loop OK pid=748760
[2026-06-09T08:36:38Z] sustained_loop OK pid=670904
[2026-06-09T08:36:38Z] woocommerce_discover SKIPPED (completion marker present; see data/checkpoints/buy30590_woocommerce.completed)
[2026-06-09T08:36:38Z] lane_supervisor SKIPPED (BUY-31452 stop marker present; see data/buy30727-supervisor.stopped)
[2026-06-09T08:36:38Z] keep-alive tick complete
===== keep-alive tick 2026-06-09T08:41:36Z =====
[2026-06-09T08:41:36Z] deep_page_loop OK pid=748760
[2026-06-09T08:41:36Z] sustained_loop OK pid=670904
[2026-06-09T08:41:36Z] woocommerce_discover SKIPPED (completion marker present; see data/checkpoints/buy30590_woocommerce.completed)
[2026-06-09T08:41:36Z] lane_supervisor SKIPPED (BUY-31452 stop marker present; see data/buy30727-supervisor.stopped)
[2026-06-09T08:41:36Z] keep-alive tick complete
===== keep-alive tick 2026-06-09T08:44:25Z =====
[2026-06-09T08:44:25Z] deep_page_loop OK pid=748760
[2026-06-09T08:44:25Z] sustained_loop OK pid=670904
[2026-06-09T08:44:25Z] woocommerce_discover SKIPPED (completion marker present; see data/checkpoints/buy30590_woocommerce.completed)
[2026-06-09T08:44:25Z] lane_supervisor SKIPPED (BUY-31452 stop marker present; see data/buy30727-supervisor.stopped)
[2026-06-09T08:44:25Z] keep-alive tick complete
===== keep-alive tick 2026-06-09T08:49:37Z =====
[2026-06-09T08:49:37Z] deep_page_loop OK pid=748760
[2026-06-09T08:49:37Z] sustained_loop OK pid=670904
[2026-06-09T08:49:37Z] woocommerce_discover SKIPPED (completion marker present; see data/checkpoints/buy30590_woocommerce.completed)
[2026-06-09T08:49:37Z] lane_supervisor SKIPPED (BUY-31452 stop marker present; see data/buy30727-supervisor.stopped)
[2026-06-09T08:49:37Z] keep-alive tick complete
===== keep-alive tick 2026-06-09T08:54:43Z =====
[2026-06-09T08:54:43Z] deep_page_loop OK pid=748760
[2026-06-09T08:54:43Z] sustained_loop OK pid=670904
[2026-06-09T08:54:44Z] woocommerce_discover SKIPPED (completion marker present; see data/checkpoints/buy30590_woocommerce.completed)
[2026-06-09T08:54:44Z] lane_supervisor SKIPPED (BUY-31452 stop marker present; see data/buy30727-supervisor.stopped)
[2026-06-09T08:54:44Z] keep-alive tick complete
===== keep-alive tick 2026-06-09T08:55:21Z =====
[2026-06-09T08:55:21Z] deep_page_loop OK pid=748760
[2026-06-09T08:55:21Z] sustained_loop OK pid=670904
[2026-06-09T08:55:22Z] woocommerce_discover SKIPPED (completion marker present; see data/checkpoints/buy30590_woocommerce.completed)
[2026-06-09T08:55:22Z] lane_supervisor SKIPPED (BUY-31452 stop marker present; see data/buy30727-supervisor.stopped)
[2026-06-09T08:55:22Z] keep-alive tick complete
===== keep-alive tick 2026-06-09T08:59:36Z =====
[2026-06-09T08:59:36Z] deep_page_loop OK pid=748760
[2026-06-09T08:59:37Z] sustained_loop OK pid=670904
[2026-06-09T08:59:37Z] woocommerce_discover SKIPPED (completion marker present; see data/checkpoints/buy30590_woocommerce.completed)
[2026-06-09T08:59:37Z] lane_supervisor SKIPPED (BUY-31452 stop marker present; see data/buy30727-supervisor.stopped)
[2026-06-09T08:59:37Z] keep-alive tick complete
===== keep-alive tick 2026-06-09T09:06:33Z =====
[2026-06-09T09:06:33Z] deep_page_loop OK pid=748760
[2026-06-09T09:06:33Z] sustained_loop OK pid=670904
[2026-06-09T09:06:33Z] woocommerce_discover SKIPPED (completion marker present; see data/checkpoints/buy30590_woocommerce.completed)
[2026-06-09T09:06:33Z] lane_supervisor SKIPPED (BUY-31452 stop marker present; see data/buy30727-supervisor.stopped)
[2026-06-09T09:06:33Z] keep-alive tick complete
===== keep-alive tick 2026-06-09T09:11:30Z =====
[2026-06-09T09:11:30Z] deep_page_loop OK pid=748760
[2026-06-09T09:11:30Z] sustained_loop OK pid=670904
[2026-06-09T09:11:31Z] woocommerce_discover SKIPPED (completion marker present; see data/checkpoints/buy30590_woocommerce.completed)
[2026-06-09T09:11:31Z] lane_supervisor SKIPPED (BUY-31452 stop marker present; see data/buy30727-supervisor.stopped)
[2026-06-09T09:11:31Z] keep-alive tick complete
===== keep-alive tick 2026-06-09T09:11:46Z =====
[2026-06-09T09:11:46Z] deep_page_loop OK pid=748760
[2026-06-09T09:11:46Z] sustained_loop OK pid=670904
[2026-06-09T09:11:46Z] woocommerce_discover SKIPPED (completion marker present; see data/checkpoints/buy30590_woocommerce.completed)
[2026-06-09T09:11:46Z] lane_supervisor SKIPPED (BUY-31452 stop marker present; see data/buy30727-supervisor.stopped)
[2026-06-09T09:11:46Z] keep-alive tick complete
===== keep-alive tick 2026-06-09T09:16:51Z =====
[2026-06-09T09:16:51Z] deep_page_loop OK pid=748760
[2026-06-09T09:16:51Z] sustained_loop OK pid=670904
[2026-06-09T09:16:51Z] woocommerce_discover SKIPPED (completion marker present; see data/checkpoints/buy30590_woocommerce.completed)
[2026-06-09T09:16:51Z] lane_supervisor SKIPPED (BUY-31452 stop marker present; see data/buy30727-supervisor.stopped)
[2026-06-09T09:16:51Z] keep-alive tick complete
===== keep-alive tick 2026-06-09T09:19:42Z =====
[2026-06-09T09:19:42Z] deep_page_loop OK pid=748760
[2026-06-09T09:19:42Z] sustained_loop OK pid=670904
[2026-06-09T09:19:42Z] woocommerce_discover SKIPPED (completion marker present; see data/checkpoints/buy30590_woocommerce.completed)
[2026-06-09T09:19:42Z] lane_supervisor SKIPPED (BUY-31452 stop marker present; see data/buy30727-supervisor.stopped)
[2026-06-09T09:19:42Z] keep-alive tick complete
===== keep-alive tick 2026-06-09T09:21:17Z =====
[2026-06-09T09:21:17Z] deep_page_loop OK pid=748760
[2026-06-09T09:21:17Z] sustained_loop OK pid=670904
[2026-06-09T09:21:17Z] woocommerce_discover SKIPPED (completion marker present; see data/checkpoints/buy30590_woocommerce.completed)
[2026-06-09T09:21:17Z] lane_supervisor SKIPPED (BUY-31452 stop marker present; see data/buy30727-supervisor.stopped)
[2026-06-09T09:21:17Z] keep-alive tick complete
===== keep-alive tick 2026-06-09T09:24:18Z =====
[2026-06-09T09:24:18Z] deep_page_loop OK pid=748760
[2026-06-09T09:24:18Z] sustained_loop OK pid=670904
[2026-06-09T09:24:18Z] woocommerce_discover SKIPPED (completion marker present; see data/checkpoints/buy30590_woocommerce.completed)
[2026-06-09T09:24:18Z] lane_supervisor SKIPPED (BUY-31452 stop marker present; see data/buy30727-supervisor.stopped)
[2026-06-09T09:24:18Z] keep-alive tick complete
===== keep-alive tick 2026-06-09T09:26:22Z =====
[2026-06-09T09:26:22Z] deep_page_loop OK pid=748760
[2026-06-09T09:26:22Z] sustained_loop OK pid=670904
[2026-06-09T09:26:22Z] woocommerce_discover SKIPPED (completion marker present; see data/checkpoints/buy30590_woocommerce.completed)
[2026-06-09T09:26:22Z] lane_supervisor SKIPPED (BUY-31452 stop marker present; see data/buy30727-supervisor.stopped)
[2026-06-09T09:26:22Z] keep-alive tick complete
===== keep-alive tick 2026-06-09T09:30:04Z =====
[2026-06-09T09:30:04Z] deep_page_loop OK pid=748760
[2026-06-09T09:30:04Z] sustained_loop OK pid=670904
[2026-06-09T09:30:04Z] woocommerce_discover SKIPPED (completion marker present; see data/checkpoints/buy30590_woocommerce.completed)
[2026-06-09T09:30:04Z] lane_supervisor SKIPPED (BUY-31452 stop marker present; see data/buy30727-supervisor.stopped)
[2026-06-09T09:30:04Z] keep-alive tick complete
===== keep-alive tick 2026-06-09T09:31:40Z =====
[2026-06-09T09:31:40Z] deep_page_loop OK pid=748760
[2026-06-09T09:31:40Z] sustained_loop OK pid=670904
[2026-06-09T09:31:40Z] woocommerce_discover SKIPPED (completion marker present; see data/checkpoints/buy30590_woocommerce.completed)
[2026-06-09T09:31:40Z] lane_supervisor SKIPPED (BUY-31452 stop marker present; see data/buy30727-supervisor.stopped)
[2026-06-09T09:31:40Z] keep-alive tick complete
===== keep-alive tick 2026-06-09T09:36:51Z =====
[2026-06-09T09:36:51Z] deep_page_loop OK pid=748760
[2026-06-09T09:36:51Z] sustained_loop OK pid=670904
[2026-06-09T09:36:51Z] woocommerce_discover SKIPPED (completion marker present; see data/checkpoints/buy30590_woocommerce.completed)
[2026-06-09T09:36:51Z] lane_supervisor SKIPPED (BUY-31452 stop marker present; see data/buy30727-supervisor.stopped)
[2026-06-09T09:36:51Z] keep-alive tick complete
===== keep-alive tick 2026-06-09T09:38:53Z =====
[2026-06-09T09:38:53Z] deep_page_loop OK pid=748760
[2026-06-09T09:38:53Z] sustained_loop OK pid=670904
[2026-06-09T09:38:53Z] woocommerce_discover SKIPPED (completion marker present; see data/checkpoints/buy30590_woocommerce.completed)
[2026-06-09T09:38:53Z] lane_supervisor SKIPPED (BUY-31452 stop marker present; see data/buy30727-supervisor.stopped)
[2026-06-09T09:38:53Z] keep-alive tick complete
===== keep-alive tick 2026-06-09T09:41:44Z =====
[2026-06-09T09:41:44Z] deep_page_loop OK pid=748760
[2026-06-09T09:41:44Z] sustained_loop OK pid=670904
[2026-06-09T09:41:44Z] woocommerce_discover SKIPPED (completion marker present; see data/checkpoints/buy30590_woocommerce.completed)
[2026-06-09T09:41:44Z] lane_supervisor SKIPPED (BUY-31452 stop marker present; see data/buy30727-supervisor.stopped)
[2026-06-09T09:41:44Z] keep-alive tick complete
===== keep-alive tick 2026-06-09T09:43:18Z =====
[2026-06-09T09:43:18Z] deep_page_loop OK pid=748760
[2026-06-09T09:43:18Z] sustained_loop OK pid=670904
[2026-06-09T09:43:18Z] woocommerce_discover SKIPPED (completion marker present; see data/checkpoints/buy30590_woocommerce.completed)
[2026-06-09T09:43:18Z] lane_supervisor SKIPPED (BUY-31452 stop marker present; see data/buy30727-supervisor.stopped)
[2026-06-09T09:43:18Z] keep-alive tick complete
===== keep-alive tick 2026-06-09T09:46:30Z =====
[2026-06-09T09:46:31Z] deep_page_loop OK pid=748760
[2026-06-09T09:46:31Z] sustained_loop OK pid=670904
[2026-06-09T09:46:31Z] woocommerce_discover SKIPPED (completion marker present; see data/checkpoints/buy30590_woocommerce.completed)
[2026-06-09T09:46:31Z] lane_supervisor SKIPPED (BUY-31452 stop marker present; see data/buy30727-supervisor.stopped)
[2026-06-09T09:46:31Z] keep-alive tick complete
===== keep-alive tick 2026-06-09T09:48:40Z =====
[2026-06-09T09:48:40Z] deep_page_loop OK pid=748760
[2026-06-09T09:48:40Z] sustained_loop OK pid=670904
[2026-06-09T09:48:40Z] woocommerce_discover SKIPPED (completion marker present; see data/checkpoints/buy30590_woocommerce.completed)
[2026-06-09T09:48:40Z] lane_supervisor SKIPPED (BUY-31452 stop marker present; see data/buy30727-supervisor.stopped)
[2026-06-09T09:48:40Z] keep-alive tick complete
===== keep-alive tick 2026-06-09T09:51:52Z =====
[2026-06-09T09:51:52Z] deep_page_loop OK pid=748760
[2026-06-09T09:51:52Z] sustained_loop OK pid=670904
[2026-06-09T09:51:52Z] woocommerce_discover SKIPPED (completion marker present; see data/checkpoints/buy30590_woocommerce.completed)
[2026-06-09T09:51:52Z] lane_supervisor SKIPPED (BUY-31452 stop marker present; see data/buy30727-supervisor.stopped)
[2026-06-09T09:51:52Z] keep-alive tick complete
===== keep-alive tick 2026-06-09T09:52:53Z =====
[2026-06-09T09:52:53Z] deep_page_loop OK pid=748760
[2026-06-09T09:52:53Z] sustained_loop OK pid=670904
[2026-06-09T09:52:53Z] woocommerce_discover SKIPPED (completion marker present; see data/checkpoints/buy30590_woocommerce.completed)
[2026-06-09T09:52:53Z] lane_supervisor SKIPPED (BUY-31452 stop marker present; see data/buy30727-supervisor.stopped)
[2026-06-09T09:52:53Z] keep-alive tick complete
===== keep-alive tick 2026-06-09T09:56:31Z =====
[2026-06-09T09:56:31Z] deep_page_loop OK pid=748760
[2026-06-09T09:56:31Z] sustained_loop OK pid=670904
[2026-06-09T09:56:31Z] woocommerce_discover SKIPPED (completion marker present; see data/checkpoints/buy30590_woocommerce.completed)
[2026-06-09T09:56:31Z] lane_supervisor SKIPPED (BUY-31452 stop marker present; see data/buy30727-supervisor.stopped)
[2026-06-09T09:56:31Z] keep-alive tick complete
===== keep-alive tick 2026-06-09T09:58:19Z =====
[2026-06-09T09:58:19Z] deep_page_loop OK pid=748760
[2026-06-09T09:58:20Z] sustained_loop OK pid=670904
[2026-06-09T09:58:20Z] woocommerce_discover SKIPPED (completion marker present; see data/checkpoints/buy30590_woocommerce.completed)
[2026-06-09T09:58:20Z] lane_supervisor SKIPPED (BUY-31452 stop marker present; see data/buy30727-supervisor.stopped)
[2026-06-09T09:58:20Z] keep-alive tick complete
===== keep-alive tick 2026-06-09T10:01:18Z =====
[2026-06-09T10:01:18Z] deep_page_loop OK pid=748760
[2026-06-09T10:01:18Z] sustained_loop OK pid=670904
[2026-06-09T10:01:18Z] woocommerce_discover SKIPPED (completion marker present; see data/checkpoints/buy30590_woocommerce.completed)
[2026-06-09T10:01:18Z] lane_supervisor SKIPPED (BUY-31452 stop marker present; see data/buy30727-supervisor.stopped)
[2026-06-09T10:01:18Z] keep-alive tick complete
===== keep-alive tick 2026-06-09T10:03:32Z =====
[2026-06-09T10:03:32Z] deep_page_loop OK pid=748760
[2026-06-09T10:03:32Z] sustained_loop OK pid=670904
[2026-06-09T10:03:33Z] woocommerce_discover SKIPPED (completion marker present; see data/checkpoints/buy30590_woocommerce.completed)
[2026-06-09T10:03:33Z] lane_supervisor SKIPPED (BUY-31452 stop marker present; see data/buy30727-supervisor.stopped)
[2026-06-09T10:03:33Z] keep-alive tick complete
===== keep-alive tick 2026-06-09T10:09:25Z =====
[2026-06-09T10:09:25Z] deep_page_loop DEAD — restarting (consecutive_dead_ticks=1)
[2026-06-09T10:09:27Z] deep_page_loop restarted pid=2119031 root=/paperclip/instances/default/workspaces/3ec8f6dd-1735-4479-9825-a2c42edac34c spawned=2119028
[2026-06-09T10:09:27Z] sustained_loop DEAD — restarting (consecutive_dead_ticks=1)
[2026-06-09T10:09:29Z] sustained_loop restarted pid=2119205 root=/paperclip/instances/default/workspaces/3ec8f6dd-1735-4479-9825-a2c42edac34c spawned=2119202
[2026-06-09T10:09:29Z] woocommerce_discover SKIPPED (completion marker present; see data/checkpoints/buy30590_woocommerce.completed)
[2026-06-09T10:09:29Z] lane_supervisor SKIPPED (BUY-31452 stop marker present; see data/buy30727-supervisor.stopped)
[2026-06-09T10:09:29Z] keep-alive tick complete
===== keep-alive tick 2026-06-09T10:12:57Z =====
[2026-06-09T10:12:57Z] deep_page_loop DEAD — restarting (consecutive_dead_ticks=2)
[2026-06-09T10:12:59Z] deep_page_loop restarted pid=2138816 root=/paperclip/instances/default/workspaces/3ec8f6dd-1735-4479-9825-a2c42edac34c spawned=2138813
[2026-06-09T10:12:59Z] sustained_loop DEAD — restarting (consecutive_dead_ticks=2)
[2026-06-09T10:13:01Z] sustained_loop restarted pid=2139271 root=/paperclip/instances/default/workspaces/3ec8f6dd-1735-4479-9825-a2c42edac34c spawned=2139268
[2026-06-09T10:13:01Z] woocommerce_discover SKIPPED (completion marker present; see data/checkpoints/buy30590_woocommerce.completed)
[2026-06-09T10:13:01Z] lane_supervisor SKIPPED (BUY-31452 stop marker present; see data/buy30727-supervisor.stopped)
[2026-06-09T10:13:01Z] keep-alive tick complete
===== keep-alive tick 2026-06-09T10:13:31Z =====
[2026-06-09T10:13:31Z] deep_page_loop OK pid=2138816
[2026-06-09T10:13:31Z] sustained_loop OK pid=2139271
[2026-06-09T10:13:31Z] woocommerce_discover SKIPPED (completion marker present; see data/checkpoints/buy30590_woocommerce.completed)
[2026-06-09T10:13:31Z] lane_supervisor SKIPPED (BUY-31452 stop marker present; see data/buy30727-supervisor.stopped)
[2026-06-09T10:13:31Z] keep-alive tick complete
===== keep-alive tick 2026-06-09T10:14:01Z =====
[2026-06-09T10:14:01Z] deep_page_loop OK pid=2138816
[2026-06-09T10:14:01Z] sustained_loop OK pid=2139271
[2026-06-09T10:14:01Z] woocommerce_discover SKIPPED (completion marker present; see data/checkpoints/buy30590_woocommerce.completed)
[2026-06-09T10:14:01Z] lane_supervisor SKIPPED (BUY-31452 stop marker present; see data/buy30727-supervisor.stopped)
[2026-06-09T10:14:01Z] keep-alive tick complete
===== keep-alive tick 2026-06-09T10:16:54Z =====
[2026-06-09T10:16:54Z] deep_page_loop OK pid=2138816
[2026-06-09T10:16:54Z] sustained_loop OK pid=2139271
[2026-06-09T10:16:54Z] woocommerce_discover SKIPPED (completion marker present; see data/checkpoints/buy30590_woocommerce.completed)
[2026-06-09T10:16:54Z] lane_supervisor SKIPPED (BUY-31452 stop marker present; see data/buy30727-supervisor.stopped)
[2026-06-09T10:16:54Z] keep-alive tick complete
===== keep-alive tick 2026-06-09T10:18:48Z =====
[2026-06-09T10:18:48Z] deep_page_loop OK pid=2138816
[2026-06-09T10:18:48Z] sustained_loop OK pid=2139271
[2026-06-09T10:18:48Z] woocommerce_discover SKIPPED (completion marker present; see data/checkpoints/buy30590_woocommerce.completed)
[2026-06-09T10:18:48Z] lane_supervisor SKIPPED (BUY-31452 stop marker present; see data/buy30727-supervisor.stopped)
[2026-06-09T10:18:48Z] keep-alive tick complete
===== keep-alive tick 2026-06-09T10:25:31Z =====
[2026-06-09T10:25:31Z] deep_page_loop OK pid=2138816
[2026-06-09T10:25:31Z] sustained_loop OK pid=2139271
[2026-06-09T10:25:31Z] woocommerce_discover SKIPPED (completion marker present; see data/checkpoints/buy30590_woocommerce.completed)
[2026-06-09T10:25:31Z] lane_supervisor SKIPPED (BUY-31452 stop marker present; see data/buy30727-supervisor.stopped)
[2026-06-09T10:25:31Z] keep-alive tick complete
===== keep-alive tick 2026-06-09T10:26:38Z =====
[2026-06-09T10:26:38Z] deep_page_loop OK pid=2138816
[2026-06-09T10:26:38Z] sustained_loop OK pid=2139271
[2026-06-09T10:26:38Z] woocommerce_discover SKIPPED (completion marker present; see data/checkpoints/buy30590_woocommerce.completed)
[2026-06-09T10:26:38Z] lane_supervisor SKIPPED (BUY-31452 stop marker present; see data/buy30727-supervisor.stopped)
[2026-06-09T10:26:38Z] keep-alive tick complete
===== keep-alive tick 2026-06-09T10:31:38Z =====
[2026-06-09T10:31:39Z] deep_page_loop OK pid=2138816
[2026-06-09T10:31:39Z] sustained_loop OK pid=2139271
[2026-06-09T10:31:39Z] woocommerce_discover SKIPPED (completion marker present; see data/checkpoints/buy30590_woocommerce.completed)
[2026-06-09T10:31:39Z] lane_supervisor SKIPPED (BUY-31452 stop marker present; see data/buy30727-supervisor.stopped)
[2026-06-09T10:31:39Z] keep-alive tick complete
===== keep-alive tick 2026-06-09T10:33:26Z =====
[2026-06-09T10:33:27Z] deep_page_loop OK pid=2138816
[2026-06-09T10:33:27Z] sustained_loop OK pid=2139271
[2026-06-09T10:33:27Z] woocommerce_discover SKIPPED (completion marker present; see data/checkpoints/buy30590_woocommerce.completed)
[2026-06-09T10:33:27Z] lane_supervisor SKIPPED (BUY-31452 stop marker present; see data/buy30727-supervisor.stopped)
[2026-06-09T10:33:27Z] keep-alive tick complete
===== keep-alive tick 2026-06-09T10:36:35Z =====
[2026-06-09T10:36:35Z] deep_page_loop OK pid=2138816
[2026-06-09T10:36:35Z] sustained_loop OK pid=2139271
[2026-06-09T10:36:35Z] woocommerce_discover SKIPPED (completion marker present; see data/checkpoints/buy30590_woocommerce.completed)
[2026-06-09T10:36:35Z] lane_supervisor SKIPPED (BUY-31452 stop marker present; see data/buy30727-supervisor.stopped)
[2026-06-09T10:36:35Z] keep-alive tick complete
===== keep-alive tick 2026-06-09T10:39:02Z =====
[2026-06-09T10:39:02Z] deep_page_loop OK pid=2138816
[2026-06-09T10:39:02Z] sustained_loop OK pid=2139271
[2026-06-09T10:39:02Z] woocommerce_discover SKIPPED (completion marker present; see data/checkpoints/buy30590_woocommerce.completed)
[2026-06-09T10:39:02Z] lane_supervisor SKIPPED (BUY-31452 stop marker present; see data/buy30727-supervisor.stopped)
[2026-06-09T10:39:02Z] keep-alive tick complete
===== keep-alive tick 2026-06-09T10:41:18Z =====
[2026-06-09T10:41:18Z] deep_page_loop OK pid=2138816
[2026-06-09T10:41:18Z] sustained_loop OK pid=2139271
[2026-06-09T10:41:18Z] woocommerce_discover SKIPPED (completion marker present; see data/checkpoints/buy30590_woocommerce.completed)
[2026-06-09T10:41:18Z] lane_supervisor SKIPPED (BUY-31452 stop marker present; see data/buy30727-supervisor.stopped)
[2026-06-09T10:41:18Z] keep-alive tick complete
===== keep-alive tick 2026-06-09T10:43:23Z =====
[2026-06-09T10:43:23Z] deep_page_loop OK pid=2138816
[2026-06-09T10:43:24Z] sustained_loop OK pid=2139271
[2026-06-09T10:43:24Z] woocommerce_discover SKIPPED (completion marker present; see data/checkpoints/buy30590_woocommerce.completed)
[2026-06-09T10:43:24Z] lane_supervisor SKIPPED (BUY-31452 stop marker present; see data/buy30727-supervisor.stopped)
[2026-06-09T10:43:24Z] keep-alive tick complete
===== keep-alive tick 2026-06-09T10:46:28Z =====
[2026-06-09T10:46:28Z] deep_page_loop OK pid=2138816
[2026-06-09T10:46:28Z] sustained_loop OK pid=2139271
[2026-06-09T10:46:28Z] woocommerce_discover SKIPPED (completion marker present; see data/checkpoints/buy30590_woocommerce.completed)
[2026-06-09T10:46:28Z] lane_supervisor SKIPPED (BUY-31452 stop marker present; see data/buy30727-supervisor.stopped)
[2026-06-09T10:46:28Z] keep-alive tick complete
===== keep-alive tick 2026-06-09T10:47:50Z =====
[2026-06-09T10:47:50Z] deep_page_loop OK pid=2138816
[2026-06-09T10:47:50Z] sustained_loop OK pid=2139271
[2026-06-09T10:47:50Z] woocommerce_discover SKIPPED (completion marker present; see data/checkpoints/buy30590_woocommerce.completed)
[2026-06-09T10:47:50Z] lane_supervisor SKIPPED (BUY-31452 stop marker present; see data/buy30727-supervisor.stopped)
[2026-06-09T10:47:50Z] keep-alive tick complete
===== keep-alive tick 2026-06-09T10:51:22Z =====
[2026-06-09T10:51:22Z] deep_page_loop OK pid=2138816
[2026-06-09T10:51:22Z] sustained_loop OK pid=2139271
[2026-06-09T10:51:22Z] woocommerce_discover SKIPPED (completion marker present; see data/checkpoints/buy30590_woocommerce.completed)
[2026-06-09T10:51:22Z] lane_supervisor SKIPPED (BUY-31452 stop marker present; see data/buy30727-supervisor.stopped)
[2026-06-09T10:51:22Z] keep-alive tick complete
===== keep-alive tick 2026-06-09T10:53:13Z =====
[2026-06-09T10:53:13Z] deep_page_loop OK pid=2138816
[2026-06-09T10:53:14Z] sustained_loop OK pid=2139271
[2026-06-09T10:53:14Z] woocommerce_discover SKIPPED (completion marker present; see data/checkpoints/buy30590_woocommerce.completed)
[2026-06-09T10:53:14Z] lane_supervisor SKIPPED (BUY-31452 stop marker present; see data/buy30727-supervisor.stopped)
[2026-06-09T10:53:14Z] keep-alive tick complete
===== keep-alive tick 2026-06-09T10:58:35Z =====
[2026-06-09T10:58:35Z] deep_page_loop OK pid=2138816
[2026-06-09T10:58:35Z] sustained_loop OK pid=2139271
[2026-06-09T10:58:35Z] woocommerce_discover SKIPPED (completion marker present; see data/checkpoints/buy30590_woocommerce.completed)
[2026-06-09T10:58:35Z] lane_supervisor SKIPPED (BUY-31452 stop marker present; see data/buy30727-supervisor.stopped)
[2026-06-09T10:58:35Z] keep-alive tick complete
===== keep-alive tick 2026-06-09T11:01:40Z =====
[2026-06-09T11:01:40Z] deep_page_loop OK pid=2138816
[2026-06-09T11:01:41Z] sustained_loop OK pid=2139271
[2026-06-09T11:01:41Z] woocommerce_discover SKIPPED (completion marker present; see data/checkpoints/buy30590_woocommerce.completed)
[2026-06-09T11:01:41Z] lane_supervisor SKIPPED (BUY-31452 stop marker present; see data/buy30727-supervisor.stopped)
[2026-06-09T11:01:41Z] keep-alive tick complete
===== keep-alive tick 2026-06-09T11:03:06Z =====
[2026-06-09T11:03:06Z] deep_page_loop OK pid=2138816
[2026-06-09T11:03:06Z] sustained_loop OK pid=2139271
[2026-06-09T11:03:06Z] woocommerce_discover SKIPPED (completion marker present; see data/checkpoints/buy30590_woocommerce.completed)
[2026-06-09T11:03:06Z] lane_supervisor SKIPPED (BUY-31452 stop marker present; see data/buy30727-supervisor.stopped)
[2026-06-09T11:03:06Z] keep-alive tick complete
===== keep-alive tick 2026-06-09T11:06:48Z =====
[2026-06-09T11:06:48Z] deep_page_loop OK pid=2138816
[2026-06-09T11:06:48Z] sustained_loop OK pid=2139271
[2026-06-09T11:06:48Z] woocommerce_discover SKIPPED (completion marker present; see data/checkpoints/buy30590_woocommerce.completed)
[2026-06-09T11:06:48Z] lane_supervisor SKIPPED (BUY-31452 stop marker present; see data/buy30727-supervisor.stopped)
[2026-06-09T11:06:48Z] keep-alive tick complete
===== keep-alive tick 2026-06-09T11:08:21Z =====
[2026-06-09T11:08:21Z] deep_page_loop OK pid=2138816
[2026-06-09T11:08:22Z] sustained_loop OK pid=2139271
[2026-06-09T11:08:22Z] woocommerce_discover SKIPPED (completion marker present; see data/checkpoints/buy30590_woocommerce.completed)
[2026-06-09T11:08:22Z] lane_supervisor SKIPPED (BUY-31452 stop marker present; see data/buy30727-supervisor.stopped)
[2026-06-09T11:08:22Z] keep-alive tick complete
===== keep-alive tick 2026-06-09T11:11:38Z =====
[2026-06-09T11:11:38Z] deep_page_loop OK pid=2138816
[2026-06-09T11:11:38Z] sustained_loop OK pid=2139271
[2026-06-09T11:11:38Z] woocommerce_discover SKIPPED (completion marker present; see data/checkpoints/buy30590_woocommerce.completed)
[2026-06-09T11:11:38Z] lane_supervisor SKIPPED (BUY-31452 stop marker present; see data/buy30727-supervisor.stopped)
[2026-06-09T11:11:38Z] keep-alive tick complete
===== keep-alive tick 2026-06-09T11:14:22Z =====
[2026-06-09T11:14:22Z] deep_page_loop OK pid=2138816
[2026-06-09T11:14:23Z] sustained_loop OK pid=2139271
[2026-06-09T11:14:23Z] woocommerce_discover SKIPPED (completion marker present; see data/checkpoints/buy30590_woocommerce.completed)
[2026-06-09T11:14:23Z] lane_supervisor SKIPPED (BUY-31452 stop marker present; see data/buy30727-supervisor.stopped)
[2026-06-09T11:14:23Z] keep-alive tick complete
===== keep-alive tick 2026-06-09T11:16:16Z =====
[2026-06-09T11:16:16Z] deep_page_loop OK pid=2138816
[2026-06-09T11:16:17Z] sustained_loop OK pid=2139271
[2026-06-09T11:16:17Z] woocommerce_discover SKIPPED (completion marker present; see data/checkpoints/buy30590_woocommerce.completed)
[2026-06-09T11:16:17Z] lane_supervisor SKIPPED (BUY-31452 stop marker present; see data/buy30727-supervisor.stopped)
[2026-06-09T11:16:17Z] keep-alive tick complete
===== keep-alive tick 2026-06-09T11:18:27Z =====
[2026-06-09T11:18:27Z] deep_page_loop OK pid=2138816
[2026-06-09T11:18:27Z] sustained_loop OK pid=2139271
[2026-06-09T11:18:27Z] woocommerce_discover SKIPPED (completion marker present; see data/checkpoints/buy30590_woocommerce.completed)
[2026-06-09T11:18:27Z] lane_supervisor SKIPPED (BUY-31452 stop marker present; see data/buy30727-supervisor.stopped)
[2026-06-09T11:18:27Z] keep-alive tick complete
===== keep-alive tick 2026-06-09T11:21:43Z =====
[2026-06-09T11:21:43Z] deep_page_loop OK pid=2138816
[2026-06-09T11:21:43Z] sustained_loop OK pid=2139271
[2026-06-09T11:21:43Z] woocommerce_discover SKIPPED (completion marker present; see data/checkpoints/buy30590_woocommerce.completed)
[2026-06-09T11:21:43Z] lane_supervisor SKIPPED (BUY-31452 stop marker present; see data/buy30727-supervisor.stopped)
[2026-06-09T11:21:43Z] keep-alive tick complete
===== keep-alive tick 2026-06-09T11:23:08Z =====
[2026-06-09T11:23:08Z] deep_page_loop OK pid=2138816
[2026-06-09T11:23:09Z] sustained_loop OK pid=2139271
[2026-06-09T11:23:09Z] woocommerce_discover SKIPPED (completion marker present; see data/checkpoints/buy30590_woocommerce.completed)
[2026-06-09T11:23:09Z] lane_supervisor SKIPPED (BUY-31452 stop marker present; see data/buy30727-supervisor.stopped)
[2026-06-09T11:23:09Z] keep-alive tick complete
===== keep-alive tick 2026-06-09T11:26:25Z =====
[2026-06-09T11:26:25Z] deep_page_loop OK pid=2138816
[2026-06-09T11:26:26Z] sustained_loop OK pid=2139271
[2026-06-09T11:26:26Z] woocommerce_discover SKIPPED (completion marker present; see data/checkpoints/buy30590_woocommerce.completed)
[2026-06-09T11:26:26Z] lane_supervisor SKIPPED (BUY-31452 stop marker present; see data/buy30727-supervisor.stopped)
[2026-06-09T11:26:26Z] keep-alive tick complete
===== keep-alive tick 2026-06-09T11:28:11Z =====
[2026-06-09T11:28:11Z] deep_page_loop OK pid=2138816
[2026-06-09T11:28:11Z] sustained_loop OK pid=2139271
[2026-06-09T11:28:11Z] woocommerce_discover SKIPPED (completion marker present; see data/checkpoints/buy30590_woocommerce.completed)
[2026-06-09T11:28:11Z] lane_supervisor SKIPPED (BUY-31452 stop marker present; see data/buy30727-supervisor.stopped)
[2026-06-09T11:28:11Z] keep-alive tick complete
===== keep-alive tick 2026-06-09T11:31:44Z =====
[2026-06-09T11:31:44Z] deep_page_loop OK pid=2138816
[2026-06-09T11:31:44Z] sustained_loop OK pid=2139271
[2026-06-09T11:31:44Z] woocommerce_discover SKIPPED (completion marker present; see data/checkpoints/buy30590_woocommerce.completed)
[2026-06-09T11:31:45Z] lane_supervisor SKIPPED (BUY-31452 stop marker present; see data/buy30727-supervisor.stopped)
[2026-06-09T11:31:45Z] keep-alive tick complete
===== keep-alive tick 2026-06-09T11:33:45Z =====
[2026-06-09T11:33:45Z] deep_page_loop OK pid=2138816
[2026-06-09T11:33:45Z] sustained_loop OK pid=2139271
[2026-06-09T11:33:45Z] woocommerce_discover SKIPPED (completion marker present; see data/checkpoints/buy30590_woocommerce.completed)
[2026-06-09T11:33:45Z] lane_supervisor SKIPPED (BUY-31452 stop marker present; see data/buy30727-supervisor.stopped)
[2026-06-09T11:33:45Z] keep-alive tick complete
===== keep-alive tick 2026-06-09T11:36:27Z =====
[2026-06-09T11:36:27Z] deep_page_loop OK pid=2138816
[2026-06-09T11:36:27Z] sustained_loop OK pid=2139271
[2026-06-09T11:36:27Z] woocommerce_discover SKIPPED (completion marker present; see data/checkpoints/buy30590_woocommerce.completed)
[2026-06-09T11:36:27Z] lane_supervisor SKIPPED (BUY-31452 stop marker present; see data/buy30727-supervisor.stopped)
[2026-06-09T11:36:27Z] keep-alive tick complete
===== keep-alive tick 2026-06-09T11:41:49Z =====
[2026-06-09T11:41:49Z] deep_page_loop OK pid=2138816
[2026-06-09T11:41:49Z] sustained_loop OK pid=2139271
[2026-06-09T11:41:49Z] woocommerce_discover SKIPPED (completion marker present; see data/checkpoints/buy30590_woocommerce.completed)
[2026-06-09T11:41:49Z] lane_supervisor SKIPPED (BUY-31452 stop marker present; see data/buy30727-supervisor.stopped)
[2026-06-09T11:41:49Z] keep-alive tick complete
===== keep-alive tick 2026-06-09T11:46:52Z =====
[2026-06-09T11:46:52Z] deep_page_loop OK pid=2138816
[2026-06-09T11:46:52Z] sustained_loop OK pid=2139271
[2026-06-09T11:46:52Z] woocommerce_discover SKIPPED (completion marker present; see data/checkpoints/buy30590_woocommerce.completed)
[2026-06-09T11:46:52Z] lane_supervisor SKIPPED (BUY-31452 stop marker present; see data/buy30727-supervisor.stopped)
[2026-06-09T11:46:52Z] keep-alive tick complete
===== keep-alive tick 2026-06-09T11:49:32Z =====
[2026-06-09T11:49:32Z] deep_page_loop OK pid=2138816
[2026-06-09T11:49:32Z] sustained_loop OK pid=2139271
[2026-06-09T11:49:33Z] woocommerce_discover SKIPPED (completion marker present; see data/checkpoints/buy30590_woocommerce.completed)
[2026-06-09T11:49:33Z] lane_supervisor SKIPPED (BUY-31452 stop marker present; see data/buy30727-supervisor.stopped)
[2026-06-09T11:49:33Z] keep-alive tick complete
===== keep-alive tick 2026-06-09T11:51:21Z =====
[2026-06-09T11:51:21Z] deep_page_loop OK pid=2138816
[2026-06-09T11:51:22Z] sustained_loop OK pid=2139271
[2026-06-09T11:51:22Z] woocommerce_discover SKIPPED (completion marker present; see data/checkpoints/buy30590_woocommerce.completed)
[2026-06-09T11:51:22Z] lane_supervisor SKIPPED (BUY-31452 stop marker present; see data/buy30727-supervisor.stopped)
[2026-06-09T11:51:22Z] keep-alive tick complete
===== keep-alive tick 2026-06-09T11:53:18Z =====
[2026-06-09T11:53:18Z] deep_page_loop OK pid=2138816
[2026-06-09T11:53:18Z] sustained_loop OK pid=2139271
[2026-06-09T11:53:18Z] woocommerce_discover SKIPPED (completion marker present; see data/checkpoints/buy30590_woocommerce.completed)
[2026-06-09T11:53:18Z] lane_supervisor SKIPPED (BUY-31452 stop marker present; see data/buy30727-supervisor.stopped)
[2026-06-09T11:53:18Z] keep-alive tick complete
===== keep-alive tick 2026-06-09T11:56:29Z =====
[2026-06-09T11:56:29Z] deep_page_loop OK pid=2138816
[2026-06-09T11:56:29Z] sustained_loop OK pid=2139271
[2026-06-09T11:56:29Z] woocommerce_discover SKIPPED (completion marker present; see data/checkpoints/buy30590_woocommerce.completed)
[2026-06-09T11:56:30Z] lane_supervisor SKIPPED (BUY-31452 stop marker present; see data/buy30727-supervisor.stopped)
[2026-06-09T11:56:30Z] keep-alive tick complete
===== keep-alive tick 2026-06-09T11:58:17Z =====
[2026-06-09T11:58:17Z] deep_page_loop OK pid=2138816
[2026-06-09T11:58:17Z] sustained_loop OK pid=2139271
[2026-06-09T11:58:17Z] woocommerce_discover SKIPPED (completion marker present; see data/checkpoints/buy30590_woocommerce.completed)
[2026-06-09T11:58:17Z] lane_supervisor SKIPPED (BUY-31452 stop marker present; see data/buy30727-supervisor.stopped)
[2026-06-09T11:58:17Z] keep-alive tick complete
===== keep-alive tick 2026-06-09T12:04:55Z =====
[2026-06-09T12:04:55Z] deep_page_loop OK pid=2138816
[2026-06-09T12:04:55Z] sustained_loop OK pid=2139271
[2026-06-09T12:04:55Z] woocommerce_discover SKIPPED (completion marker present; see data/checkpoints/buy30590_woocommerce.completed)
[2026-06-09T12:04:55Z] lane_supervisor SKIPPED (BUY-31452 stop marker present; see data/buy30727-supervisor.stopped)
[2026-06-09T12:04:55Z] keep-alive tick complete
===== keep-alive tick 2026-06-09T12:06:39Z =====
[2026-06-09T12:06:39Z] deep_page_loop OK pid=2138816
[2026-06-09T12:06:39Z] sustained_loop OK pid=2139271
[2026-06-09T12:06:39Z] woocommerce_discover SKIPPED (completion marker present; see data/checkpoints/buy30590_woocommerce.completed)
[2026-06-09T12:06:39Z] lane_supervisor SKIPPED (BUY-31452 stop marker present; see data/buy30727-supervisor.stopped)
[2026-06-09T12:06:39Z] keep-alive tick complete
===== keep-alive tick 2026-06-09T12:14:22Z =====
[2026-06-09T12:14:22Z] deep_page_loop OK pid=2138816
[2026-06-09T12:14:22Z] sustained_loop OK pid=2139271
[2026-06-09T12:14:22Z] woocommerce_discover SKIPPED (completion marker present; see data/checkpoints/buy30590_woocommerce.completed)
[2026-06-09T12:14:22Z] lane_supervisor SKIPPED (BUY-31452 stop marker present; see data/buy30727-supervisor.stopped)
[2026-06-09T12:14:22Z] keep-alive tick complete
===== keep-alive tick 2026-06-09T12:22:23Z =====
[2026-06-09T12:22:23Z] deep_page_loop OK pid=2138816
[2026-06-09T12:22:23Z] sustained_loop OK pid=2139271
[2026-06-09T12:22:23Z] woocommerce_discover SKIPPED (completion marker present; see data/checkpoints/buy30590_woocommerce.completed)
[2026-06-09T12:22:23Z] lane_supervisor SKIPPED (BUY-31452 stop marker present; see data/buy30727-supervisor.stopped)
[2026-06-09T12:22:23Z] keep-alive tick complete
===== keep-alive tick 2026-06-09T12:23:46Z =====
[2026-06-09T12:23:46Z] deep_page_loop DEAD — restarting (consecutive_dead_ticks=1)
[2026-06-09T12:23:48Z] deep_page_loop restarted pid=2733361 root=/paperclip/instances/default/workspaces/3ec8f6dd-1735-4479-9825-a2c42edac34c spawned=2733358
[2026-06-09T12:23:48Z] sustained_loop OK pid=2139271
[2026-06-09T12:23:48Z] woocommerce_discover SKIPPED (completion marker present; see data/checkpoints/buy30590_woocommerce.completed)
[2026-06-09T12:23:48Z] lane_supervisor SKIPPED (BUY-31452 stop marker present; see data/buy30727-supervisor.stopped)
[2026-06-09T12:23:48Z] keep-alive tick complete
===== keep-alive tick 2026-06-09T12:26:40Z =====
[2026-06-09T12:26:40Z] deep_page_loop DEAD — restarting (consecutive_dead_ticks=2)
[2026-06-09T12:26:42Z] deep_page_loop restarted pid=2751471 root=/paperclip/instances/default/workspaces/3ec8f6dd-1735-4479-9825-a2c42edac34c spawned=2751468
[2026-06-09T12:26:42Z] sustained_loop OK pid=2139271
[2026-06-09T12:26:42Z] woocommerce_discover SKIPPED (completion marker present; see data/checkpoints/buy30590_woocommerce.completed)
[2026-06-09T12:26:42Z] lane_supervisor SKIPPED (BUY-31452 stop marker present; see data/buy30727-supervisor.stopped)
[2026-06-09T12:26:42Z] keep-alive tick complete
===== keep-alive tick 2026-06-09T12:27:19Z =====
[2026-06-09T12:27:19Z] deep_page_loop DEAD — restarting (consecutive_dead_ticks=3)
[2026-06-09T12:27:21Z] deep_page_loop restarted pid=2755754 root=/paperclip/instances/default/workspaces/3ec8f6dd-1735-4479-9825-a2c42edac34c spawned=2755751
[2026-06-09T12:27:21Z] sustained_loop OK pid=2139271
[2026-06-09T12:27:22Z] woocommerce_discover SKIPPED (completion marker present; see data/checkpoints/buy30590_woocommerce.completed)
[2026-06-09T12:27:22Z] lane_supervisor SKIPPED (BUY-31452 stop marker present; see data/buy30727-supervisor.stopped)
[2026-06-09T12:27:22Z] keep-alive tick complete
===== keep-alive tick 2026-06-09T12:30:38Z =====
[2026-06-09T12:30:38Z] deep_page_loop DEAD — restarting (consecutive_dead_ticks=1)
[2026-06-09T12:30:40Z] deep_page_loop restarted pid=2776061 root=/paperclip/instances/default/workspaces/3ec8f6dd-1735-4479-9825-a2c42edac34c spawned=2776058
[2026-06-09T12:30:40Z] sustained_loop OK pid=2775043
[2026-06-09T12:30:40Z] woocommerce_discover SKIPPED (completion marker present; see data/checkpoints/buy30590_woocommerce.completed)
[2026-06-09T12:30:40Z] lane_supervisor SKIPPED (BUY-31452 stop marker present; see data/buy30727-supervisor.stopped)
[2026-06-09T12:30:40Z] keep-alive tick complete
===== keep-alive tick 2026-06-09T12:31:24Z =====
[2026-06-09T12:31:24Z] deep_page_loop OK pid=2776061
[2026-06-09T12:31:24Z] sustained_loop OK pid=2775043
[2026-06-09T12:31:24Z] woocommerce_discover SKIPPED (completion marker present; see data/checkpoints/buy30590_woocommerce.completed)
[2026-06-09T12:31:24Z] lane_supervisor SKIPPED (BUY-31452 stop marker present; see data/buy30727-supervisor.stopped)
[2026-06-09T12:31:24Z] keep-alive tick complete
===== keep-alive tick 2026-06-09T12:32:37Z =====
[2026-06-09T12:32:37Z] deep_page_loop STOPPED (already absent)
[2026-06-09T12:32:37Z] deep_page_loop SKIPPED (stop marker present; see data/buy30590-deep-page-loop.stopped)
[2026-06-09T12:32:37Z] sustained_loop OK pid=2775043
[2026-06-09T12:32:38Z] woocommerce_discover SKIPPED (completion marker present; see data/checkpoints/buy30590_woocommerce.completed)
[2026-06-09T12:32:38Z] lane_supervisor SKIPPED (BUY-31452 stop marker present; see data/buy30727-supervisor.stopped)
[2026-06-09T12:32:38Z] keep-alive tick complete
===== keep-alive tick 2026-06-09T12:36:29Z =====
[2026-06-09T12:36:29Z] deep_page_loop STOPPED (already absent)
[2026-06-09T12:36:29Z] deep_page_loop SKIPPED (stop marker present; see data/buy30590-deep-page-loop.stopped)
[2026-06-09T12:36:29Z] sustained_loop OK pid=2775043
[2026-06-09T12:36:29Z] woocommerce_discover SKIPPED (completion marker present; see data/checkpoints/buy30590_woocommerce.completed)
[2026-06-09T12:36:29Z] lane_supervisor SKIPPED (BUY-31452 stop marker present; see data/buy30727-supervisor.stopped)
[2026-06-09T12:36:29Z] keep-alive tick complete
===== keep-alive tick 2026-06-09T12:39:33Z =====
[2026-06-09T12:39:33Z] deep_page_loop STOPPED (already absent)
[2026-06-09T12:39:33Z] deep_page_loop SKIPPED (stop marker present; see data/buy30590-deep-page-loop.stopped)
[2026-06-09T12:39:33Z] sustained_loop OK pid=2775043
[2026-06-09T12:39:33Z] woocommerce_discover SKIPPED (completion marker present; see data/checkpoints/buy30590_woocommerce.completed)
[2026-06-09T12:39:33Z] lane_supervisor SKIPPED (BUY-31452 stop marker present; see data/buy30727-supervisor.stopped)
[2026-06-09T12:39:33Z] keep-alive tick complete
===== keep-alive tick 2026-06-09T12:41:49Z =====
[2026-06-09T12:41:49Z] deep_page_loop STOPPED (already absent)
[2026-06-09T12:41:49Z] deep_page_loop SKIPPED (stop marker present; see data/buy30590-deep-page-loop.stopped)
[2026-06-09T12:41:49Z] sustained_loop OK pid=2775043
[2026-06-09T12:41:49Z] woocommerce_discover SKIPPED (completion marker present; see data/checkpoints/buy30590_woocommerce.completed)
[2026-06-09T12:41:49Z] lane_supervisor SKIPPED (BUY-31452 stop marker present; see data/buy30727-supervisor.stopped)
[2026-06-09T12:41:49Z] keep-alive tick complete
===== keep-alive tick 2026-06-09T12:45:56Z =====
[2026-06-09T12:45:56Z] deep_page_loop STOPPED (already absent)
[2026-06-09T12:45:56Z] deep_page_loop SKIPPED (stop marker present; see data/buy30590-deep-page-loop.stopped)
[2026-06-09T12:45:56Z] sustained_loop OK pid=2775043
[2026-06-09T12:45:57Z] woocommerce_discover SKIPPED (completion marker present; see data/checkpoints/buy30590_woocommerce.completed)
[2026-06-09T12:45:57Z] lane_supervisor SKIPPED (BUY-31452 stop marker present; see data/buy30727-supervisor.stopped)
[2026-06-09T12:45:57Z] keep-alive tick complete
===== keep-alive tick 2026-06-09T12:46:31Z =====
[2026-06-09T12:46:31Z] deep_page_loop STOPPED (already absent)
[2026-06-09T12:46:31Z] deep_page_loop SKIPPED (stop marker present; see data/buy30590-deep-page-loop.stopped)
[2026-06-09T12:46:31Z] sustained_loop OK pid=2775043
[2026-06-09T12:46:31Z] woocommerce_discover SKIPPED (completion marker present; see data/checkpoints/buy30590_woocommerce.completed)
[2026-06-09T12:46:31Z] lane_supervisor SKIPPED (BUY-31452 stop marker present; see data/buy30727-supervisor.stopped)
[2026-06-09T12:46:31Z] keep-alive tick complete
===== keep-alive tick 2026-06-09T12:51:24Z =====
[2026-06-09T12:51:24Z] deep_page_loop STOPPED (already absent)
[2026-06-09T12:51:24Z] deep_page_loop SKIPPED (stop marker present; see data/buy30590-deep-page-loop.stopped)
[2026-06-09T12:51:24Z] sustained_loop OK pid=2775043
[2026-06-09T12:51:24Z] woocommerce_discover SKIPPED (completion marker present; see data/checkpoints/buy30590_woocommerce.completed)
[2026-06-09T12:51:24Z] lane_supervisor SKIPPED (BUY-31452 stop marker present; see data/buy30727-supervisor.stopped)
[2026-06-09T12:51:24Z] keep-alive tick complete
===== keep-alive tick 2026-06-09T12:53:52Z =====
[2026-06-09T12:53:52Z] deep_page_loop STOPPED (already absent)
[2026-06-09T12:53:52Z] deep_page_loop SKIPPED (stop marker present; see data/buy30590-deep-page-loop.stopped)
[2026-06-09T12:53:52Z] sustained_loop OK pid=2775043
[2026-06-09T12:53:52Z] woocommerce_discover SKIPPED (completion marker present; see data/checkpoints/buy30590_woocommerce.completed)
[2026-06-09T12:53:52Z] lane_supervisor SKIPPED (BUY-31452 stop marker present; see data/buy30727-supervisor.stopped)
[2026-06-09T12:53:52Z] keep-alive tick complete
===== keep-alive tick 2026-06-09T12:56:30Z =====
[2026-06-09T12:56:30Z] deep_page_loop STOPPED (already absent)
[2026-06-09T12:56:30Z] deep_page_loop SKIPPED (stop marker present; see data/buy30590-deep-page-loop.stopped)
[2026-06-09T12:56:30Z] sustained_loop OK pid=2775043
[2026-06-09T12:56:30Z] woocommerce_discover SKIPPED (completion marker present; see data/checkpoints/buy30590_woocommerce.completed)
[2026-06-09T12:56:30Z] lane_supervisor SKIPPED (BUY-31452 stop marker present; see data/buy30727-supervisor.stopped)
[2026-06-09T12:56:30Z] keep-alive tick complete
===== keep-alive tick 2026-06-09T12:57:56Z =====
[2026-06-09T12:57:56Z] deep_page_loop STOPPED (already absent)
[2026-06-09T12:57:56Z] deep_page_loop SKIPPED (stop marker present; see data/buy30590-deep-page-loop.stopped)
[2026-06-09T12:57:56Z] sustained_loop OK pid=2775043
[2026-06-09T12:57:56Z] woocommerce_discover SKIPPED (completion marker present; see data/checkpoints/buy30590_woocommerce.completed)
[2026-06-09T12:57:56Z] lane_supervisor SKIPPED (BUY-31452 stop marker present; see data/buy30727-supervisor.stopped)
[2026-06-09T12:57:56Z] keep-alive tick complete
===== keep-alive tick 2026-06-09T13:01:34Z =====
[2026-06-09T13:01:34Z] deep_page_loop STOPPED (already absent)
[2026-06-09T13:01:35Z] deep_page_loop SKIPPED (stop marker present; see data/buy30590-deep-page-loop.stopped)
[2026-06-09T13:01:35Z] sustained_loop OK pid=2775043
[2026-06-09T13:01:35Z] woocommerce_discover SKIPPED (completion marker present; see data/checkpoints/buy30590_woocommerce.completed)
[2026-06-09T13:01:35Z] lane_supervisor SKIPPED (BUY-31452 stop marker present; see data/buy30727-supervisor.stopped)
[2026-06-09T13:01:35Z] keep-alive tick complete
===== keep-alive tick 2026-06-09T13:04:28Z =====
[2026-06-09T13:04:28Z] deep_page_loop STOPPED (already absent)
[2026-06-09T13:04:28Z] deep_page_loop SKIPPED (stop marker present; see data/buy30590-deep-page-loop.stopped)
[2026-06-09T13:04:28Z] sustained_loop OK pid=2775043
[2026-06-09T13:04:28Z] woocommerce_discover SKIPPED (completion marker present; see data/checkpoints/buy30590_woocommerce.completed)
[2026-06-09T13:04:29Z] lane_supervisor SKIPPED (BUY-31452 stop marker present; see data/buy30727-supervisor.stopped)
[2026-06-09T13:04:29Z] keep-alive tick complete
===== keep-alive tick 2026-06-09T13:06:31Z =====
[2026-06-09T13:06:32Z] deep_page_loop STOPPED (already absent)
[2026-06-09T13:06:32Z] deep_page_loop SKIPPED (stop marker present; see data/buy30590-deep-page-loop.stopped)
[2026-06-09T13:06:32Z] sustained_loop OK pid=2775043
[2026-06-09T13:06:32Z] woocommerce_discover SKIPPED (completion marker present; see data/checkpoints/buy30590_woocommerce.completed)
[2026-06-09T13:06:32Z] lane_supervisor SKIPPED (BUY-31452 stop marker present; see data/buy30727-supervisor.stopped)
[2026-06-09T13:06:32Z] keep-alive tick complete
===== keep-alive tick 2026-06-09T13:08:07Z =====
[2026-06-09T13:08:07Z] deep_page_loop STOPPED (already absent)
[2026-06-09T13:08:07Z] deep_page_loop SKIPPED (stop marker present; see data/buy30590-deep-page-loop.stopped)
[2026-06-09T13:08:07Z] sustained_loop OK pid=2775043
[2026-06-09T13:08:08Z] woocommerce_discover SKIPPED (completion marker present; see data/checkpoints/buy30590_woocommerce.completed)
[2026-06-09T13:08:08Z] lane_supervisor SKIPPED (BUY-31452 stop marker present; see data/buy30727-supervisor.stopped)
[2026-06-09T13:08:08Z] keep-alive tick complete
===== keep-alive tick 2026-06-09T13:11:29Z =====
[2026-06-09T13:11:29Z] deep_page_loop STOPPED (already absent)
[2026-06-09T13:11:29Z] deep_page_loop SKIPPED (stop marker present; see data/buy30590-deep-page-loop.stopped)
[2026-06-09T13:11:29Z] sustained_loop OK pid=2775043
[2026-06-09T13:11:29Z] woocommerce_discover SKIPPED (completion marker present; see data/checkpoints/buy30590_woocommerce.completed)
[2026-06-09T13:11:29Z] lane_supervisor SKIPPED (BUY-31452 stop marker present; see data/buy30727-supervisor.stopped)
[2026-06-09T13:11:29Z] keep-alive tick complete
===== keep-alive tick 2026-06-09T13:14:06Z =====
[2026-06-09T13:14:06Z] deep_page_loop STOPPED (already absent)
[2026-06-09T13:14:06Z] deep_page_loop SKIPPED (stop marker present; see data/buy30590-deep-page-loop.stopped)
[2026-06-09T13:14:06Z] sustained_loop OK pid=2775043
[2026-06-09T13:14:06Z] woocommerce_discover SKIPPED (completion marker present; see data/checkpoints/buy30590_woocommerce.completed)
[2026-06-09T13:14:06Z] lane_supervisor SKIPPED (BUY-31452 stop marker present; see data/buy30727-supervisor.stopped)
[2026-06-09T13:14:06Z] keep-alive tick complete
===== keep-alive tick 2026-06-09T13:16:28Z =====
[2026-06-09T13:16:28Z] deep_page_loop STOPPED (already absent)
[2026-06-09T13:16:28Z] deep_page_loop SKIPPED (stop marker present; see data/buy30590-deep-page-loop.stopped)
[2026-06-09T13:16:28Z] sustained_loop OK pid=2775043
[2026-06-09T13:16:28Z] woocommerce_discover SKIPPED (completion marker present; see data/checkpoints/buy30590_woocommerce.completed)
[2026-06-09T13:16:28Z] lane_supervisor SKIPPED (BUY-31452 stop marker present; see data/buy30727-supervisor.stopped)
[2026-06-09T13:16:28Z] keep-alive tick complete
===== keep-alive tick 2026-06-09T13:18:28Z =====
[2026-06-09T13:18:28Z] deep_page_loop STOPPED (already absent)
[2026-06-09T13:18:28Z] deep_page_loop SKIPPED (stop marker present; see data/buy30590-deep-page-loop.stopped)
[2026-06-09T13:18:28Z] sustained_loop OK pid=2775043
[2026-06-09T13:18:28Z] woocommerce_discover SKIPPED (completion marker present; see data/checkpoints/buy30590_woocommerce.completed)
[2026-06-09T13:18:28Z] lane_supervisor SKIPPED (BUY-31452 stop marker present; see data/buy30727-supervisor.stopped)
[2026-06-09T13:18:28Z] keep-alive tick complete
===== keep-alive tick 2026-06-09T13:21:37Z =====
[2026-06-09T13:21:37Z] deep_page_loop STOPPED (already absent)
[2026-06-09T13:21:37Z] deep_page_loop SKIPPED (stop marker present; see data/buy30590-deep-page-loop.stopped)
[2026-06-09T13:21:37Z] sustained_loop OK pid=2775043
[2026-06-09T13:21:37Z] woocommerce_discover SKIPPED (completion marker present; see data/checkpoints/buy30590_woocommerce.completed)
[2026-06-09T13:21:37Z] lane_supervisor SKIPPED (BUY-31452 stop marker present; see data/buy30727-supervisor.stopped)
[2026-06-09T13:21:37Z] keep-alive tick complete
===== keep-alive tick 2026-06-09T13:24:17Z =====
[2026-06-09T13:24:17Z] deep_page_loop STOPPED (already absent)
[2026-06-09T13:24:17Z] deep_page_loop SKIPPED (stop marker present; see data/buy30590-deep-page-loop.stopped)
[2026-06-09T13:24:17Z] sustained_loop OK pid=2775043
[2026-06-09T13:24:17Z] woocommerce_discover SKIPPED (completion marker present; see data/checkpoints/buy30590_woocommerce.completed)
[2026-06-09T13:24:17Z] lane_supervisor SKIPPED (BUY-31452 stop marker present; see data/buy30727-supervisor.stopped)
[2026-06-09T13:24:17Z] keep-alive tick complete
===== keep-alive tick 2026-06-09T13:26:30Z =====
[2026-06-09T13:26:31Z] deep_page_loop STOPPED (already absent)
[2026-06-09T13:26:31Z] deep_page_loop SKIPPED (stop marker present; see data/buy30590-deep-page-loop.stopped)
[2026-06-09T13:26:31Z] sustained_loop OK pid=2775043
[2026-06-09T13:26:31Z] woocommerce_discover SKIPPED (completion marker present; see data/checkpoints/buy30590_woocommerce.completed)
[2026-06-09T13:26:31Z] lane_supervisor SKIPPED (BUY-31452 stop marker present; see data/buy30727-supervisor.stopped)
[2026-06-09T13:26:31Z] keep-alive tick complete
===== keep-alive tick 2026-06-09T13:31:23Z =====
[2026-06-09T13:31:23Z] deep_page_loop STOPPED (already absent)
[2026-06-09T13:31:23Z] deep_page_loop SKIPPED (stop marker present; see data/buy30590-deep-page-loop.stopped)
[2026-06-09T13:31:23Z] sustained_loop OK pid=2775043
[2026-06-09T13:31:23Z] woocommerce_discover SKIPPED (completion marker present; see data/checkpoints/buy30590_woocommerce.completed)
[2026-06-09T13:31:24Z] lane_supervisor SKIPPED (BUY-31452 stop marker present; see data/buy30727-supervisor.stopped)
[2026-06-09T13:31:24Z] keep-alive tick complete
===== keep-alive tick 2026-06-09T13:31:24Z =====
[2026-06-09T13:31:24Z] deep_page_loop STOPPED (already absent)
[2026-06-09T13:31:24Z] deep_page_loop SKIPPED (stop marker present; see data/buy30590-deep-page-loop.stopped)
[2026-06-09T13:31:24Z] sustained_loop OK pid=2775043
[2026-06-09T13:31:24Z] woocommerce_discover SKIPPED (completion marker present; see data/checkpoints/buy30590_woocommerce.completed)
[2026-06-09T13:31:24Z] lane_supervisor SKIPPED (BUY-31452 stop marker present; see data/buy30727-supervisor.stopped)
[2026-06-09T13:31:24Z] keep-alive tick complete
===== keep-alive tick 2026-06-09T13:36:28Z =====
[2026-06-09T13:36:29Z] deep_page_loop STOPPED (already absent)
[2026-06-09T13:36:29Z] deep_page_loop SKIPPED (stop marker present; see data/buy30590-deep-page-loop.stopped)
[2026-06-09T13:36:29Z] sustained_loop OK pid=2775043
[2026-06-09T13:36:29Z] woocommerce_discover SKIPPED (completion marker present; see data/checkpoints/buy30590_woocommerce.completed)
[2026-06-09T13:36:29Z] lane_supervisor SKIPPED (BUY-31452 stop marker present; see data/buy30727-supervisor.stopped)
[2026-06-09T13:36:29Z] keep-alive tick complete
===== keep-alive tick 2026-06-09T13:39:08Z =====
[2026-06-09T13:39:08Z] deep_page_loop STOPPED (already absent)
[2026-06-09T13:39:08Z] deep_page_loop SKIPPED (stop marker present; see data/buy30590-deep-page-loop.stopped)
[2026-06-09T13:39:08Z] sustained_loop OK pid=2775043
[2026-06-09T13:39:08Z] woocommerce_discover SKIPPED (completion marker present; see data/checkpoints/buy30590_woocommerce.completed)
[2026-06-09T13:39:08Z] lane_supervisor SKIPPED (BUY-31452 stop marker present; see data/buy30727-supervisor.stopped)
[2026-06-09T13:39:08Z] keep-alive tick complete
===== keep-alive tick 2026-06-09T13:41:34Z =====
[2026-06-09T13:41:35Z] deep_page_loop STOPPED (already absent)
[2026-06-09T13:41:35Z] deep_page_loop SKIPPED (stop marker present; see data/buy30590-deep-page-loop.stopped)
[2026-06-09T13:41:35Z] sustained_loop OK pid=2775043
[2026-06-09T13:41:35Z] woocommerce_discover SKIPPED (completion marker present; see data/checkpoints/buy30590_woocommerce.completed)
[2026-06-09T13:41:35Z] lane_supervisor SKIPPED (BUY-31452 stop marker present; see data/buy30727-supervisor.stopped)
[2026-06-09T13:41:35Z] keep-alive tick complete
===== keep-alive tick 2026-06-09T13:45:13Z =====
[2026-06-09T13:45:13Z] deep_page_loop STOPPED (already absent)
[2026-06-09T13:45:13Z] deep_page_loop SKIPPED (stop marker present; see data/buy30590-deep-page-loop.stopped)
[2026-06-09T13:45:13Z] sustained_loop OK pid=2775043
[2026-06-09T13:45:13Z] woocommerce_discover SKIPPED (completion marker present; see data/checkpoints/buy30590_woocommerce.completed)
[2026-06-09T13:45:13Z] lane_supervisor SKIPPED (BUY-31452 stop marker present; see data/buy30727-supervisor.stopped)
[2026-06-09T13:45:13Z] keep-alive tick complete
===== keep-alive tick 2026-06-09T13:46:20Z =====
[2026-06-09T13:46:20Z] deep_page_loop STOPPED (already absent)
[2026-06-09T13:46:20Z] deep_page_loop SKIPPED (stop marker present; see data/buy30590-deep-page-loop.stopped)
[2026-06-09T13:46:20Z] sustained_loop OK pid=2775043
[2026-06-09T13:46:20Z] woocommerce_discover SKIPPED (completion marker present; see data/checkpoints/buy30590_woocommerce.completed)
[2026-06-09T13:46:20Z] lane_supervisor SKIPPED (BUY-31452 stop marker present; see data/buy30727-supervisor.stopped)
[2026-06-09T13:46:20Z] keep-alive tick complete
===== keep-alive tick 2026-06-09T13:51:58Z =====
[2026-06-09T13:51:58Z] deep_page_loop STOPPED (already absent)
[2026-06-09T13:51:58Z] deep_page_loop SKIPPED (stop marker present; see data/buy30590-deep-page-loop.stopped)
[2026-06-09T13:51:58Z] sustained_loop OK pid=2775043
[2026-06-09T13:51:58Z] woocommerce_discover SKIPPED (completion marker present; see data/checkpoints/buy30590_woocommerce.completed)
[2026-06-09T13:51:58Z] lane_supervisor SKIPPED (BUY-31452 stop marker present; see data/buy30727-supervisor.stopped)
[2026-06-09T13:51:58Z] keep-alive tick complete
===== keep-alive tick 2026-06-09T13:54:52Z =====
[2026-06-09T13:54:53Z] deep_page_loop STOPPED (already absent)
[2026-06-09T13:54:53Z] deep_page_loop SKIPPED (stop marker present; see data/buy30590-deep-page-loop.stopped)
[2026-06-09T13:54:53Z] sustained_loop OK pid=2775043
[2026-06-09T13:54:53Z] woocommerce_discover SKIPPED (completion marker present; see data/checkpoints/buy30590_woocommerce.completed)
[2026-06-09T13:54:53Z] lane_supervisor SKIPPED (BUY-31452 stop marker present; see data/buy30727-supervisor.stopped)
[2026-06-09T13:54:53Z] keep-alive tick complete
===== keep-alive tick 2026-06-09T13:56:19Z =====
[2026-06-09T13:56:19Z] deep_page_loop STOPPED (already absent)
[2026-06-09T13:56:20Z] deep_page_loop SKIPPED (stop marker present; see data/buy30590-deep-page-loop.stopped)
[2026-06-09T13:56:20Z] sustained_loop OK pid=2775043
[2026-06-09T13:56:20Z] woocommerce_discover SKIPPED (completion marker present; see data/checkpoints/buy30590_woocommerce.completed)
[2026-06-09T13:56:20Z] lane_supervisor SKIPPED (BUY-31452 stop marker present; see data/buy30727-supervisor.stopped)
[2026-06-09T13:56:20Z] keep-alive tick complete
===== keep-alive tick 2026-06-09T13:58:16Z =====
[2026-06-09T13:58:16Z] deep_page_loop STOPPED (already absent)
[2026-06-09T13:58:17Z] deep_page_loop SKIPPED (stop marker present; see data/buy30590-deep-page-loop.stopped)
[2026-06-09T13:58:17Z] sustained_loop OK pid=2775043
[2026-06-09T13:58:17Z] woocommerce_discover SKIPPED (completion marker present; see data/checkpoints/buy30590_woocommerce.completed)
[2026-06-09T13:58:17Z] lane_supervisor SKIPPED (BUY-31452 stop marker present; see data/buy30727-supervisor.stopped)
[2026-06-09T13:58:17Z] keep-alive tick complete
===== keep-alive tick 2026-06-09T14:01:32Z =====
[2026-06-09T14:01:32Z] deep_page_loop STOPPED (already absent)
[2026-06-09T14:01:32Z] deep_page_loop SKIPPED (stop marker present; see data/buy30590-deep-page-loop.stopped)
[2026-06-09T14:01:32Z] sustained_loop OK pid=2775043
[2026-06-09T14:01:33Z] woocommerce_discover SKIPPED (completion marker present; see data/checkpoints/buy30590_woocommerce.completed)
[2026-06-09T14:01:33Z] lane_supervisor SKIPPED (BUY-31452 stop marker present; see data/buy30727-supervisor.stopped)
[2026-06-09T14:01:33Z] keep-alive tick complete
===== keep-alive tick 2026-06-09T14:04:18Z =====
[2026-06-09T14:04:18Z] deep_page_loop STOPPED (already absent)
[2026-06-09T14:04:18Z] deep_page_loop SKIPPED (stop marker present; see data/buy30590-deep-page-loop.stopped)
[2026-06-09T14:04:18Z] sustained_loop OK pid=2775043
[2026-06-09T14:04:18Z] woocommerce_discover SKIPPED (completion marker present; see data/checkpoints/buy30590_woocommerce.completed)
[2026-06-09T14:04:18Z] lane_supervisor SKIPPED (BUY-31452 stop marker present; see data/buy30727-supervisor.stopped)
[2026-06-09T14:04:18Z] keep-alive tick complete
===== keep-alive tick 2026-06-09T14:06:18Z =====
[2026-06-09T14:06:18Z] deep_page_loop STOPPED (already absent)
[2026-06-09T14:06:18Z] deep_page_loop SKIPPED (stop marker present; see data/buy30590-deep-page-loop.stopped)
[2026-06-09T14:06:18Z] sustained_loop OK pid=2775043
[2026-06-09T14:06:18Z] woocommerce_discover SKIPPED (completion marker present; see data/checkpoints/buy30590_woocommerce.completed)
[2026-06-09T14:06:18Z] lane_supervisor SKIPPED (BUY-31452 stop marker present; see data/buy30727-supervisor.stopped)
[2026-06-09T14:06:18Z] keep-alive tick complete
===== keep-alive tick 2026-06-09T14:12:22Z =====
[2026-06-09T14:12:22Z] deep_page_loop STOPPED (already absent)
[2026-06-09T14:12:22Z] deep_page_loop SKIPPED (stop marker present; see data/buy30590-deep-page-loop.stopped)
[2026-06-09T14:12:22Z] sustained_loop DEAD — restarting (consecutive_dead_ticks=1)
[2026-06-09T14:12:24Z] sustained_loop restarted pid=3131982 root=/paperclip/instances/default/workspaces/3ec8f6dd-1735-4479-9825-a2c42edac34c spawned=3131979
[2026-06-09T14:12:25Z] woocommerce_discover SKIPPED (completion marker present; see data/checkpoints/buy30590_woocommerce.completed)
[2026-06-09T14:12:25Z] lane_supervisor SKIPPED (BUY-31452 stop marker present; see data/buy30727-supervisor.stopped)
[2026-06-09T14:12:25Z] keep-alive tick complete
===== keep-alive tick 2026-06-09T14:13:04Z =====
[2026-06-09T14:13:04Z] deep_page_loop STOPPED (already absent)
[2026-06-09T14:13:04Z] deep_page_loop SKIPPED (stop marker present; see data/buy30590-deep-page-loop.stopped)
[2026-06-09T14:13:04Z] sustained_loop OK pid=3131982
[2026-06-09T14:13:04Z] woocommerce_discover SKIPPED (completion marker present; see data/checkpoints/buy30590_woocommerce.completed)
[2026-06-09T14:13:04Z] lane_supervisor SKIPPED (BUY-31452 stop marker present; see data/buy30727-supervisor.stopped)
[2026-06-09T14:13:04Z] keep-alive tick complete
===== keep-alive tick 2026-06-09T14:16:36Z =====
[2026-06-09T14:16:36Z] deep_page_loop STOPPED (already absent)
[2026-06-09T14:16:36Z] deep_page_loop SKIPPED (stop marker present; see data/buy30590-deep-page-loop.stopped)
[2026-06-09T14:16:36Z] sustained_loop OK pid=3131982
[2026-06-09T14:16:36Z] woocommerce_discover SKIPPED (completion marker present; see data/checkpoints/buy30590_woocommerce.completed)
[2026-06-09T14:16:36Z] lane_supervisor SKIPPED (BUY-31452 stop marker present; see data/buy30727-supervisor.stopped)
[2026-06-09T14:16:36Z] keep-alive tick complete
===== keep-alive tick 2026-06-09T14:20:15Z =====
[2026-06-09T14:20:15Z] deep_page_loop STOPPED (already absent)
[2026-06-09T14:20:15Z] deep_page_loop SKIPPED (stop marker present; see data/buy30590-deep-page-loop.stopped)
[2026-06-09T14:20:15Z] sustained_loop OK pid=3131982
[2026-06-09T14:20:15Z] woocommerce_discover SKIPPED (completion marker present; see data/checkpoints/buy30590_woocommerce.completed)
[2026-06-09T14:20:15Z] lane_supervisor SKIPPED (BUY-31452 stop marker present; see data/buy30727-supervisor.stopped)
[2026-06-09T14:20:15Z] keep-alive tick complete
===== keep-alive tick 2026-06-09T14:21:32Z =====
[2026-06-09T14:21:32Z] deep_page_loop STOPPED (already absent)
[2026-06-09T14:21:32Z] deep_page_loop SKIPPED (stop marker present; see data/buy30590-deep-page-loop.stopped)
[2026-06-09T14:21:32Z] sustained_loop OK pid=3131982
[2026-06-09T14:21:32Z] woocommerce_discover SKIPPED (completion marker present; see data/checkpoints/buy30590_woocommerce.completed)
[2026-06-09T14:21:32Z] lane_supervisor SKIPPED (BUY-31452 stop marker present; see data/buy30727-supervisor.stopped)
[2026-06-09T14:21:32Z] keep-alive tick complete
===== keep-alive tick 2026-06-09T14:26:45Z =====
[2026-06-09T14:26:45Z] deep_page_loop STOPPED (already absent)
[2026-06-09T14:26:45Z] deep_page_loop SKIPPED (stop marker present; see data/buy30590-deep-page-loop.stopped)
[2026-06-09T14:26:45Z] sustained_loop OK pid=3131982
[2026-06-09T14:26:45Z] woocommerce_discover SKIPPED (completion marker present; see data/checkpoints/buy30590_woocommerce.completed)
[2026-06-09T14:26:45Z] lane_supervisor SKIPPED (BUY-31452 stop marker present; see data/buy30727-supervisor.stopped)
[2026-06-09T14:26:45Z] keep-alive tick complete
===== keep-alive tick 2026-06-09T14:27:52Z =====
[2026-06-09T14:27:52Z] deep_page_loop STOPPED (already absent)
[2026-06-09T14:27:52Z] deep_page_loop SKIPPED (stop marker present; see data/buy30590-deep-page-loop.stopped)
[2026-06-09T14:27:52Z] sustained_loop OK pid=3131982
[2026-06-09T14:27:52Z] woocommerce_discover SKIPPED (completion marker present; see data/checkpoints/buy30590_woocommerce.completed)
[2026-06-09T14:27:53Z] lane_supervisor SKIPPED (BUY-31452 stop marker present; see data/buy30727-supervisor.stopped)
[2026-06-09T14:27:53Z] keep-alive tick complete
===== keep-alive tick 2026-06-09T14:31:29Z =====
[2026-06-09T14:31:29Z] deep_page_loop STOPPED (already absent)
[2026-06-09T14:31:29Z] deep_page_loop SKIPPED (stop marker present; see data/buy30590-deep-page-loop.stopped)
[2026-06-09T14:31:29Z] sustained_loop OK pid=3131982
[2026-06-09T14:31:29Z] woocommerce_discover SKIPPED (completion marker present; see data/checkpoints/buy30590_woocommerce.completed)
[2026-06-09T14:31:29Z] lane_supervisor SKIPPED (BUY-31452 stop marker present; see data/buy30727-supervisor.stopped)
[2026-06-09T14:31:29Z] keep-alive tick complete
===== keep-alive tick 2026-06-09T14:36:29Z =====
[2026-06-09T14:36:29Z] deep_page_loop STOPPED (already absent)
[2026-06-09T14:36:29Z] deep_page_loop SKIPPED (stop marker present; see data/buy30590-deep-page-loop.stopped)
[2026-06-09T14:36:29Z] sustained_loop OK pid=3131982
[2026-06-09T14:36:29Z] woocommerce_discover SKIPPED (completion marker present; see data/checkpoints/buy30590_woocommerce.completed)
[2026-06-09T14:36:29Z] lane_supervisor SKIPPED (BUY-31452 stop marker present; see data/buy30727-supervisor.stopped)
[2026-06-09T14:36:29Z] keep-alive tick complete
===== keep-alive tick 2026-06-09T14:41:33Z =====
[2026-06-09T14:41:33Z] deep_page_loop STOPPED (already absent)
[2026-06-09T14:41:33Z] deep_page_loop SKIPPED (stop marker present; see data/buy30590-deep-page-loop.stopped)
[2026-06-09T14:41:34Z] sustained_loop OK pid=3131982
[2026-06-09T14:41:34Z] woocommerce_discover SKIPPED (completion marker present; see data/checkpoints/buy30590_woocommerce.completed)
[2026-06-09T14:41:34Z] lane_supervisor SKIPPED (BUY-31452 stop marker present; see data/buy30727-supervisor.stopped)
[2026-06-09T14:41:34Z] keep-alive tick complete
===== keep-alive tick 2026-06-09T14:42:21Z =====
[2026-06-09T14:42:21Z] deep_page_loop STOPPED (already absent)
[2026-06-09T14:42:22Z] deep_page_loop SKIPPED (stop marker present; see data/buy30590-deep-page-loop.stopped)
[2026-06-09T14:42:22Z] sustained_loop OK pid=3131982
[2026-06-09T14:42:22Z] woocommerce_discover SKIPPED (completion marker present; see data/checkpoints/buy30590_woocommerce.completed)
[2026-06-09T14:42:22Z] lane_supervisor SKIPPED (BUY-31452 stop marker present; see data/buy30727-supervisor.stopped)
[2026-06-09T14:42:22Z] keep-alive tick complete
===== keep-alive tick 2026-06-09T14:46:28Z =====
[2026-06-09T14:46:28Z] deep_page_loop STOPPED (already absent)
[2026-06-09T14:46:28Z] deep_page_loop SKIPPED (stop marker present; see data/buy30590-deep-page-loop.stopped)
[2026-06-09T14:46:28Z] sustained_loop OK pid=3131982
[2026-06-09T14:46:28Z] woocommerce_discover SKIPPED (completion marker present; see data/checkpoints/buy30590_woocommerce.completed)
[2026-06-09T14:46:28Z] lane_supervisor SKIPPED (BUY-31452 stop marker present; see data/buy30727-supervisor.stopped)
[2026-06-09T14:46:28Z] keep-alive tick complete
===== keep-alive tick 2026-06-09T14:48:33Z =====
[2026-06-09T14:48:33Z] deep_page_loop STOPPED (already absent)
[2026-06-09T14:48:33Z] deep_page_loop SKIPPED (stop marker present; see data/buy30590-deep-page-loop.stopped)
[2026-06-09T14:48:33Z] sustained_loop OK pid=3131982
[2026-06-09T14:48:33Z] woocommerce_discover SKIPPED (completion marker present; see data/checkpoints/buy30590_woocommerce.completed)
[2026-06-09T14:48:33Z] lane_supervisor SKIPPED (BUY-31452 stop marker present; see data/buy30727-supervisor.stopped)
[2026-06-09T14:48:33Z] keep-alive tick complete
===== keep-alive tick 2026-06-09T14:51:44Z =====
[2026-06-09T14:51:44Z] deep_page_loop STOPPED (already absent)
[2026-06-09T14:51:44Z] deep_page_loop SKIPPED (stop marker present; see data/buy30590-deep-page-loop.stopped)
[2026-06-09T14:51:44Z] sustained_loop OK pid=3131982
[2026-06-09T14:51:44Z] woocommerce_discover SKIPPED (completion marker present; see data/checkpoints/buy30590_woocommerce.completed)
[2026-06-09T14:51:44Z] lane_supervisor SKIPPED (BUY-31452 stop marker present; see data/buy30727-supervisor.stopped)
[2026-06-09T14:51:44Z] keep-alive tick complete
===== keep-alive tick 2026-06-09T14:53:56Z =====
[2026-06-09T14:53:56Z] deep_page_loop STOPPED (already absent)
[2026-06-09T14:53:56Z] deep_page_loop SKIPPED (stop marker present; see data/buy30590-deep-page-loop.stopped)
[2026-06-09T14:53:56Z] sustained_loop OK pid=3131982
[2026-06-09T14:53:56Z] woocommerce_discover SKIPPED (completion marker present; see data/checkpoints/buy30590_woocommerce.completed)
[2026-06-09T14:53:56Z] lane_supervisor SKIPPED (BUY-31452 stop marker present; see data/buy30727-supervisor.stopped)
[2026-06-09T14:53:56Z] keep-alive tick complete
===== keep-alive tick 2026-06-09T14:56:36Z =====
[2026-06-09T14:56:36Z] deep_page_loop STOPPED (already absent)
[2026-06-09T14:56:36Z] deep_page_loop SKIPPED (stop marker present; see data/buy30590-deep-page-loop.stopped)
[2026-06-09T14:56:36Z] sustained_loop OK pid=3131982
[2026-06-09T14:56:36Z] woocommerce_discover SKIPPED (completion marker present; see data/checkpoints/buy30590_woocommerce.completed)
[2026-06-09T14:56:36Z] lane_supervisor SKIPPED (BUY-31452 stop marker present; see data/buy30727-supervisor.stopped)
[2026-06-09T14:56:36Z] keep-alive tick complete
===== keep-alive tick 2026-06-09T14:58:17Z =====
[2026-06-09T14:58:17Z] deep_page_loop STOPPED (already absent)
[2026-06-09T14:58:17Z] deep_page_loop SKIPPED (stop marker present; see data/buy30590-deep-page-loop.stopped)
[2026-06-09T14:58:17Z] sustained_loop OK pid=3131982
[2026-06-09T14:58:17Z] woocommerce_discover SKIPPED (completion marker present; see data/checkpoints/buy30590_woocommerce.completed)
[2026-06-09T14:58:17Z] lane_supervisor SKIPPED (BUY-31452 stop marker present; see data/buy30727-supervisor.stopped)
[2026-06-09T14:58:17Z] keep-alive tick complete
===== keep-alive tick 2026-06-09T15:01:40Z =====
[2026-06-09T15:01:40Z] deep_page_loop STOPPED (already absent)
[2026-06-09T15:01:40Z] deep_page_loop SKIPPED (stop marker present; see data/buy30590-deep-page-loop.stopped)
[2026-06-09T15:01:40Z] sustained_loop OK pid=3131982
[2026-06-09T15:01:40Z] woocommerce_discover SKIPPED (completion marker present; see data/checkpoints/buy30590_woocommerce.completed)
[2026-06-09T15:01:40Z] lane_supervisor SKIPPED (BUY-31452 stop marker present; see data/buy30727-supervisor.stopped)
[2026-06-09T15:01:40Z] keep-alive tick complete
===== keep-alive tick 2026-06-09T15:05:09Z =====
[2026-06-09T15:05:09Z] deep_page_loop STOPPED (already absent)
[2026-06-09T15:05:09Z] deep_page_loop SKIPPED (stop marker present; see data/buy30590-deep-page-loop.stopped)
[2026-06-09T15:05:09Z] sustained_loop OK pid=3131982
[2026-06-09T15:05:09Z] woocommerce_discover SKIPPED (completion marker present; see data/checkpoints/buy30590_woocommerce.completed)
[2026-06-09T15:05:09Z] lane_supervisor SKIPPED (BUY-31452 stop marker present; see data/buy30727-supervisor.stopped)
[2026-06-09T15:05:09Z] keep-alive tick complete
===== keep-alive tick 2026-06-09T15:06:54Z =====
[2026-06-09T15:06:54Z] deep_page_loop STOPPED (already absent)
[2026-06-09T15:06:54Z] deep_page_loop SKIPPED (stop marker present; see data/buy30590-deep-page-loop.stopped)
[2026-06-09T15:06:54Z] sustained_loop OK pid=3131982
[2026-06-09T15:06:55Z] woocommerce_discover SKIPPED (completion marker present; see data/checkpoints/buy30590_woocommerce.completed)
[2026-06-09T15:06:55Z] lane_supervisor SKIPPED (BUY-31452 stop marker present; see data/buy30727-supervisor.stopped)
[2026-06-09T15:06:55Z] keep-alive tick complete
===== keep-alive tick 2026-06-09T15:11:12Z =====
[2026-06-09T15:11:12Z] deep_page_loop STOPPED (already absent)
[2026-06-09T15:11:12Z] deep_page_loop SKIPPED (stop marker present; see data/buy30590-deep-page-loop.stopped)
[2026-06-09T15:11:12Z] sustained_loop OK pid=3131982
[2026-06-09T15:11:12Z] woocommerce_discover SKIPPED (completion marker present; see data/checkpoints/buy30590_woocommerce.completed)
[2026-06-09T15:11:12Z] lane_supervisor SKIPPED (BUY-31452 stop marker present; see data/buy30727-supervisor.stopped)
[2026-06-09T15:11:12Z] keep-alive tick complete
===== keep-alive tick 2026-06-09T15:13:46Z =====
[2026-06-09T15:13:46Z] deep_page_loop STOPPED (already absent)
[2026-06-09T15:13:46Z] deep_page_loop SKIPPED (stop marker present; see data/buy30590-deep-page-loop.stopped)
[2026-06-09T15:13:46Z] sustained_loop OK pid=3131982
[2026-06-09T15:13:46Z] woocommerce_discover SKIPPED (completion marker present; see data/checkpoints/buy30590_woocommerce.completed)
[2026-06-09T15:13:46Z] lane_supervisor SKIPPED (BUY-31452 stop marker present; see data/buy30727-supervisor.stopped)
[2026-06-09T15:13:46Z] keep-alive tick complete
===== keep-alive tick 2026-06-09T15:16:13Z =====
[2026-06-09T15:16:13Z] deep_page_loop STOPPED (already absent)
[2026-06-09T15:16:13Z] deep_page_loop SKIPPED (stop marker present; see data/buy30590-deep-page-loop.stopped)
[2026-06-09T15:16:13Z] sustained_loop OK pid=3131982
[2026-06-09T15:16:13Z] woocommerce_discover SKIPPED (completion marker present; see data/checkpoints/buy30590_woocommerce.completed)
[2026-06-09T15:16:13Z] lane_supervisor SKIPPED (BUY-31452 stop marker present; see data/buy30727-supervisor.stopped)
[2026-06-09T15:16:13Z] keep-alive tick complete
===== keep-alive tick 2026-06-09T15:19:15Z =====
[2026-06-09T15:19:15Z] deep_page_loop STOPPED (already absent)
[2026-06-09T15:19:15Z] deep_page_loop SKIPPED (stop marker present; see data/buy30590-deep-page-loop.stopped)
[2026-06-09T15:19:15Z] sustained_loop OK pid=3131982
[2026-06-09T15:19:15Z] woocommerce_discover SKIPPED (completion marker present; see data/checkpoints/buy30590_woocommerce.completed)
[2026-06-09T15:19:15Z] lane_supervisor SKIPPED (BUY-31452 stop marker present; see data/buy30727-supervisor.stopped)
[2026-06-09T15:19:15Z] keep-alive tick complete
===== keep-alive tick 2026-06-09T15:21:12Z =====
[2026-06-09T15:21:12Z] deep_page_loop STOPPED (already absent)
[2026-06-09T15:21:12Z] deep_page_loop SKIPPED (stop marker present; see data/buy30590-deep-page-loop.stopped)
[2026-06-09T15:21:13Z] sustained_loop OK pid=3131982
[2026-06-09T15:21:13Z] woocommerce_discover SKIPPED (completion marker present; see data/checkpoints/buy30590_woocommerce.completed)
[2026-06-09T15:21:13Z] lane_supervisor SKIPPED (BUY-31452 stop marker present; see data/buy30727-supervisor.stopped)
[2026-06-09T15:21:13Z] keep-alive tick complete
===== keep-alive tick 2026-06-09T15:26:29Z =====
[2026-06-09T15:26:29Z] deep_page_loop STOPPED (already absent)
[2026-06-09T15:26:29Z] deep_page_loop SKIPPED (stop marker present; see data/buy30590-deep-page-loop.stopped)
[2026-06-09T15:26:29Z] sustained_loop OK pid=3131982
[2026-06-09T15:26:29Z] woocommerce_discover SKIPPED (completion marker present; see data/checkpoints/buy30590_woocommerce.completed)
[2026-06-09T15:26:29Z] lane_supervisor SKIPPED (BUY-31452 stop marker present; see data/buy30727-supervisor.stopped)
[2026-06-09T15:26:29Z] keep-alive tick complete
===== keep-alive tick 2026-06-09T15:26:44Z =====
[2026-06-09T15:26:44Z] deep_page_loop STOPPED (already absent)
[2026-06-09T15:26:44Z] deep_page_loop SKIPPED (stop marker present; see data/buy30590-deep-page-loop.stopped)
[2026-06-09T15:26:44Z] sustained_loop OK pid=3131982
[2026-06-09T15:26:44Z] woocommerce_discover SKIPPED (completion marker present; see data/checkpoints/buy30590_woocommerce.completed)
[2026-06-09T15:26:44Z] lane_supervisor SKIPPED (BUY-31452 stop marker present; see data/buy30727-supervisor.stopped)
[2026-06-09T15:26:44Z] keep-alive tick complete
===== keep-alive tick 2026-06-09T15:31:39Z =====
[2026-06-09T15:31:39Z] deep_page_loop STOPPED (already absent)
[2026-06-09T15:31:39Z] deep_page_loop SKIPPED (stop marker present; see data/buy30590-deep-page-loop.stopped)
[2026-06-09T15:31:39Z] sustained_loop OK pid=3131982
[2026-06-09T15:31:39Z] woocommerce_discover SKIPPED (completion marker present; see data/checkpoints/buy30590_woocommerce.completed)
[2026-06-09T15:31:39Z] lane_supervisor SKIPPED (BUY-31452 stop marker present; see data/buy30727-supervisor.stopped)
[2026-06-09T15:31:39Z] keep-alive tick complete
===== keep-alive tick 2026-06-09T15:34:04Z =====
[2026-06-09T15:34:04Z] deep_page_loop STOPPED (already absent)
[2026-06-09T15:34:05Z] deep_page_loop SKIPPED (stop marker present; see data/buy30590-deep-page-loop.stopped)
[2026-06-09T15:34:05Z] sustained_loop OK pid=3131982
[2026-06-09T15:34:05Z] woocommerce_discover SKIPPED (completion marker present; see data/checkpoints/buy30590_woocommerce.completed)
[2026-06-09T15:34:05Z] lane_supervisor SKIPPED (BUY-31452 stop marker present; see data/buy30727-supervisor.stopped)
[2026-06-09T15:34:05Z] keep-alive tick complete
===== keep-alive tick 2026-06-09T15:36:24Z =====
[2026-06-09T15:36:24Z] deep_page_loop STOPPED (already absent)
[2026-06-09T15:36:24Z] deep_page_loop SKIPPED (stop marker present; see data/buy30590-deep-page-loop.stopped)
[2026-06-09T15:36:24Z] sustained_loop OK pid=3131982
[2026-06-09T15:36:25Z] woocommerce_discover SKIPPED (completion marker present; see data/checkpoints/buy30590_woocommerce.completed)
[2026-06-09T15:36:25Z] lane_supervisor SKIPPED (BUY-31452 stop marker present; see data/buy30727-supervisor.stopped)
[2026-06-09T15:36:25Z] keep-alive tick complete
===== keep-alive tick 2026-06-09T15:39:57Z =====
[2026-06-09T15:39:57Z] deep_page_loop STOPPED (already absent)
[2026-06-09T15:39:57Z] deep_page_loop SKIPPED (stop marker present; see data/buy30590-deep-page-loop.stopped)
[2026-06-09T15:39:57Z] sustained_loop OK pid=3131982
[2026-06-09T15:39:58Z] woocommerce_discover SKIPPED (completion marker present; see data/checkpoints/buy30590_woocommerce.completed)
[2026-06-09T15:39:58Z] lane_supervisor SKIPPED (BUY-31452 stop marker present; see data/buy30727-supervisor.stopped)
[2026-06-09T15:39:58Z] keep-alive tick complete
===== keep-alive tick 2026-06-09T15:46:22Z =====
[2026-06-09T15:46:22Z] deep_page_loop STOPPED (already absent)
[2026-06-09T15:46:22Z] deep_page_loop SKIPPED (stop marker present; see data/buy30590-deep-page-loop.stopped)
[2026-06-09T15:46:23Z] sustained_loop OK pid=3131982
[2026-06-09T15:46:23Z] woocommerce_discover SKIPPED (completion marker present; see data/checkpoints/buy30590_woocommerce.completed)
[2026-06-09T15:46:23Z] lane_supervisor SKIPPED (BUY-31452 stop marker present; see data/buy30727-supervisor.stopped)
[2026-06-09T15:46:23Z] keep-alive tick complete
===== keep-alive tick 2026-06-09T15:48:30Z =====
[2026-06-09T15:48:30Z] deep_page_loop STOPPED (already absent)
[2026-06-09T15:48:30Z] deep_page_loop SKIPPED (stop marker present; see data/buy30590-deep-page-loop.stopped)
[2026-06-09T15:48:30Z] sustained_loop OK pid=3131982
[2026-06-09T15:48:30Z] woocommerce_discover SKIPPED (completion marker present; see data/checkpoints/buy30590_woocommerce.completed)
[2026-06-09T15:48:30Z] lane_supervisor SKIPPED (BUY-31452 stop marker present; see data/buy30727-supervisor.stopped)
[2026-06-09T15:48:30Z] keep-alive tick complete
===== keep-alive tick 2026-06-09T15:51:34Z =====
[2026-06-09T15:51:34Z] deep_page_loop STOPPED (already absent)
[2026-06-09T15:51:34Z] deep_page_loop SKIPPED (stop marker present; see data/buy30590-deep-page-loop.stopped)
[2026-06-09T15:51:34Z] sustained_loop OK pid=3131982
[2026-06-09T15:51:34Z] woocommerce_discover SKIPPED (completion marker present; see data/checkpoints/buy30590_woocommerce.completed)
[2026-06-09T15:51:34Z] lane_supervisor SKIPPED (BUY-31452 stop marker present; see data/buy30727-supervisor.stopped)
[2026-06-09T15:51:34Z] keep-alive tick complete
===== keep-alive tick 2026-06-09T15:55:52Z =====
[2026-06-09T15:55:52Z] deep_page_loop STOPPED (already absent)
[2026-06-09T15:55:52Z] deep_page_loop SKIPPED (stop marker present; see data/buy30590-deep-page-loop.stopped)
[2026-06-09T15:55:52Z] sustained_loop OK pid=3131982
[2026-06-09T15:55:52Z] woocommerce_discover SKIPPED (completion marker present; see data/checkpoints/buy30590_woocommerce.completed)
[2026-06-09T15:55:52Z] lane_supervisor SKIPPED (BUY-31452 stop marker present; see data/buy30727-supervisor.stopped)
[2026-06-09T15:55:52Z] keep-alive tick complete
===== keep-alive tick 2026-06-09T15:57:03Z =====
[2026-06-09T15:57:03Z] deep_page_loop STOPPED (already absent)
[2026-06-09T15:57:03Z] deep_page_loop SKIPPED (stop marker present; see data/buy30590-deep-page-loop.stopped)
[2026-06-09T15:57:03Z] sustained_loop OK pid=3131982
[2026-06-09T15:57:03Z] woocommerce_discover SKIPPED (completion marker present; see data/checkpoints/buy30590_woocommerce.completed)
[2026-06-09T15:57:03Z] lane_supervisor SKIPPED (BUY-31452 stop marker present; see data/buy30727-supervisor.stopped)
[2026-06-09T15:57:03Z] keep-alive tick complete
===== keep-alive tick 2026-06-09T16:01:46Z =====
[2026-06-09T16:01:47Z] deep_page_loop STOPPED (already absent)
[2026-06-09T16:01:47Z] deep_page_loop SKIPPED (stop marker present; see data/buy30590-deep-page-loop.stopped)
[2026-06-09T16:01:47Z] sustained_loop OK pid=3131982
[2026-06-09T16:01:47Z] woocommerce_discover SKIPPED (completion marker present; see data/checkpoints/buy30590_woocommerce.completed)
[2026-06-09T16:01:47Z] lane_supervisor SKIPPED (BUY-31452 stop marker present; see data/buy30727-supervisor.stopped)
[2026-06-09T16:01:47Z] keep-alive tick complete
===== keep-alive tick 2026-06-09T16:06:25Z =====
[2026-06-09T16:06:25Z] deep_page_loop STOPPED (already absent)
[2026-06-09T16:06:25Z] deep_page_loop SKIPPED (stop marker present; see data/buy30590-deep-page-loop.stopped)
[2026-06-09T16:06:25Z] sustained_loop OK pid=3131982
[2026-06-09T16:06:25Z] woocommerce_discover SKIPPED (completion marker present; see data/checkpoints/buy30590_woocommerce.completed)
[2026-06-09T16:06:25Z] lane_supervisor SKIPPED (BUY-31452 stop marker present; see data/buy30727-supervisor.stopped)
[2026-06-09T16:06:25Z] keep-alive tick complete
===== keep-alive tick 2026-06-09T16:06:26Z =====
[2026-06-09T16:06:26Z] deep_page_loop STOPPED (already absent)
[2026-06-09T16:06:26Z] deep_page_loop SKIPPED (stop marker present; see data/buy30590-deep-page-loop.stopped)
[2026-06-09T16:06:26Z] sustained_loop OK pid=3131982
[2026-06-09T16:06:26Z] woocommerce_discover SKIPPED (completion marker present; see data/checkpoints/buy30590_woocommerce.completed)
[2026-06-09T16:06:27Z] lane_supervisor SKIPPED (BUY-31452 stop marker present; see data/buy30727-supervisor.stopped)
[2026-06-09T16:06:27Z] keep-alive tick complete
===== keep-alive tick 2026-06-09T16:11:41Z =====
[2026-06-09T16:11:41Z] deep_page_loop STOPPED (already absent)
[2026-06-09T16:11:41Z] deep_page_loop SKIPPED (stop marker present; see data/buy30590-deep-page-loop.stopped)
[2026-06-09T16:11:41Z] sustained_loop OK pid=3131982
[2026-06-09T16:11:41Z] woocommerce_discover SKIPPED (completion marker present; see data/checkpoints/buy30590_woocommerce.completed)
[2026-06-09T16:11:41Z] lane_supervisor SKIPPED (BUY-31452 stop marker present; see data/buy30727-supervisor.stopped)
[2026-06-09T16:11:41Z] keep-alive tick complete
===== keep-alive tick 2026-06-09T16:14:52Z =====
[2026-06-09T16:14:53Z] deep_page_loop STOPPED (already absent)
[2026-06-09T16:14:53Z] deep_page_loop SKIPPED (stop marker present; see data/buy30590-deep-page-loop.stopped)
[2026-06-09T16:14:53Z] sustained_loop OK pid=3131982
[2026-06-09T16:14:53Z] woocommerce_discover SKIPPED (completion marker present; see data/checkpoints/buy30590_woocommerce.completed)
[2026-06-09T16:14:53Z] lane_supervisor SKIPPED (BUY-31452 stop marker present; see data/buy30727-supervisor.stopped)
[2026-06-09T16:14:53Z] keep-alive tick complete
===== keep-alive tick 2026-06-09T16:16:37Z =====
[2026-06-09T16:16:37Z] deep_page_loop STOPPED (already absent)
[2026-06-09T16:16:37Z] deep_page_loop SKIPPED (stop marker present; see data/buy30590-deep-page-loop.stopped)
[2026-06-09T16:16:37Z] sustained_loop OK pid=3131982
[2026-06-09T16:16:37Z] woocommerce_discover SKIPPED (completion marker present; see data/checkpoints/buy30590_woocommerce.completed)
[2026-06-09T16:16:37Z] lane_supervisor SKIPPED (BUY-31452 stop marker present; see data/buy30727-supervisor.stopped)
[2026-06-09T16:16:37Z] keep-alive tick complete
===== keep-alive tick 2026-06-09T16:21:48Z =====
[2026-06-09T16:21:48Z] deep_page_loop STOPPED (already absent)
[2026-06-09T16:21:48Z] deep_page_loop SKIPPED (stop marker present; see data/buy30590-deep-page-loop.stopped)
[2026-06-09T16:21:48Z] sustained_loop OK pid=3131982
[2026-06-09T16:21:49Z] woocommerce_discover SKIPPED (completion marker present; see data/checkpoints/buy30590_woocommerce.completed)
[2026-06-09T16:21:49Z] lane_supervisor SKIPPED (BUY-31452 stop marker present; see data/buy30727-supervisor.stopped)
[2026-06-09T16:21:49Z] keep-alive tick complete
===== keep-alive tick 2026-06-09T16:22:41Z =====
[2026-06-09T16:22:41Z] deep_page_loop STOPPED (already absent)
[2026-06-09T16:22:41Z] deep_page_loop SKIPPED (stop marker present; see data/buy30590-deep-page-loop.stopped)
[2026-06-09T16:22:41Z] sustained_loop DEAD — restarting (consecutive_dead_ticks=1)
[2026-06-09T16:22:43Z] sustained_loop restarted pid=3578415 root=/paperclip/instances/default/workspaces/3ec8f6dd-1735-4479-9825-a2c42edac34c spawned=3578412
[2026-06-09T16:22:43Z] woocommerce_discover SKIPPED (completion marker present; see data/checkpoints/buy30590_woocommerce.completed)
[2026-06-09T16:22:43Z] lane_supervisor SKIPPED (BUY-31452 stop marker present; see data/buy30727-supervisor.stopped)
[2026-06-09T16:22:43Z] keep-alive tick complete
===== keep-alive tick 2026-06-09T16:24:19Z =====
[2026-06-09T16:24:19Z] deep_page_loop STOPPED (already absent)
[2026-06-09T16:24:19Z] deep_page_loop SKIPPED (stop marker present; see data/buy30590-deep-page-loop.stopped)
[2026-06-09T16:24:19Z] sustained_loop OK pid=3578415
[2026-06-09T16:24:19Z] woocommerce_discover SKIPPED (completion marker present; see data/checkpoints/buy30590_woocommerce.completed)
[2026-06-09T16:24:19Z] lane_supervisor SKIPPED (BUY-31452 stop marker present; see data/buy30727-supervisor.stopped)
[2026-06-09T16:24:19Z] keep-alive tick complete
===== keep-alive tick 2026-06-09T16:26:27Z =====
[2026-06-09T16:26:28Z] deep_page_loop STOPPED (already absent)
[2026-06-09T16:26:28Z] deep_page_loop SKIPPED (stop marker present; see data/buy30590-deep-page-loop.stopped)
[2026-06-09T16:26:28Z] sustained_loop OK pid=3578415
[2026-06-09T16:26:28Z] woocommerce_discover SKIPPED (completion marker present; see data/checkpoints/buy30590_woocommerce.completed)
[2026-06-09T16:26:28Z] lane_supervisor SKIPPED (BUY-31452 stop marker present; see data/buy30727-supervisor.stopped)
[2026-06-09T16:26:28Z] keep-alive tick complete
===== keep-alive tick 2026-06-09T16:30:13Z =====
[2026-06-09T16:30:13Z] deep_page_loop STOPPED (already absent)
[2026-06-09T16:30:13Z] deep_page_loop SKIPPED (stop marker present; see data/buy30590-deep-page-loop.stopped)
[2026-06-09T16:30:13Z] sustained_loop OK pid=3578415
[2026-06-09T16:30:13Z] woocommerce_discover SKIPPED (completion marker present; see data/checkpoints/buy30590_woocommerce.completed)
[2026-06-09T16:30:13Z] lane_supervisor SKIPPED (BUY-31452 stop marker present; see data/buy30727-supervisor.stopped)
[2026-06-09T16:30:13Z] keep-alive tick complete
===== keep-alive tick 2026-06-09T16:31:18Z =====
[2026-06-09T16:31:18Z] deep_page_loop STOPPED (already absent)
[2026-06-09T16:31:18Z] deep_page_loop SKIPPED (stop marker present; see data/buy30590-deep-page-loop.stopped)
[2026-06-09T16:31:18Z] sustained_loop OK pid=3578415
[2026-06-09T16:31:18Z] woocommerce_discover SKIPPED (completion marker present; see data/checkpoints/buy30590_woocommerce.completed)
[2026-06-09T16:31:18Z] lane_supervisor SKIPPED (BUY-31452 stop marker present; see data/buy30727-supervisor.stopped)
[2026-06-09T16:31:18Z] keep-alive tick complete
===== keep-alive tick 2026-06-09T16:36:27Z =====
[2026-06-09T16:36:27Z] deep_page_loop STOPPED (already absent)
[2026-06-09T16:36:27Z] deep_page_loop SKIPPED (stop marker present; see data/buy30590-deep-page-loop.stopped)
[2026-06-09T16:36:27Z] sustained_loop OK pid=3578415
[2026-06-09T16:36:27Z] woocommerce_discover SKIPPED (completion marker present; see data/checkpoints/buy30590_woocommerce.completed)
[2026-06-09T16:36:27Z] lane_supervisor SKIPPED (BUY-31452 stop marker present; see data/buy30727-supervisor.stopped)
[2026-06-09T16:36:27Z] keep-alive tick complete
===== keep-alive tick 2026-06-09T16:40:35Z =====
[2026-06-09T16:40:35Z] deep_page_loop STOPPED (already absent)
[2026-06-09T16:40:35Z] deep_page_loop SKIPPED (stop marker present; see data/buy30590-deep-page-loop.stopped)
[2026-06-09T16:40:35Z] sustained_loop OK pid=3578415
[2026-06-09T16:40:35Z] woocommerce_discover SKIPPED (completion marker present; see data/checkpoints/buy30590_woocommerce.completed)
[2026-06-09T16:40:36Z] lane_supervisor SKIPPED (BUY-31452 stop marker present; see data/buy30727-supervisor.stopped)
[2026-06-09T16:40:36Z] keep-alive tick complete
===== keep-alive tick 2026-06-09T16:41:20Z =====
[2026-06-09T16:41:20Z] deep_page_loop STOPPED (already absent)
[2026-06-09T16:41:20Z] deep_page_loop SKIPPED (stop marker present; see data/buy30590-deep-page-loop.stopped)
[2026-06-09T16:41:20Z] sustained_loop OK pid=3578415
[2026-06-09T16:41:20Z] woocommerce_discover SKIPPED (completion marker present; see data/checkpoints/buy30590_woocommerce.completed)
[2026-06-09T16:41:20Z] lane_supervisor SKIPPED (BUY-31452 stop marker present; see data/buy30727-supervisor.stopped)
[2026-06-09T16:41:20Z] keep-alive tick complete
===== keep-alive tick 2026-06-09T16:46:15Z =====
[2026-06-09T16:46:15Z] deep_page_loop STOPPED (already absent)
[2026-06-09T16:46:15Z] deep_page_loop SKIPPED (stop marker present; see data/buy30590-deep-page-loop.stopped)
[2026-06-09T16:46:15Z] sustained_loop OK pid=3578415
[2026-06-09T16:46:15Z] woocommerce_discover SKIPPED (completion marker present; see data/checkpoints/buy30590_woocommerce.completed)
[2026-06-09T16:46:15Z] lane_supervisor SKIPPED (BUY-31452 stop marker present; see data/buy30727-supervisor.stopped)
[2026-06-09T16:46:15Z] keep-alive tick complete
===== keep-alive tick 2026-06-09T16:47:46Z =====
[2026-06-09T16:47:46Z] deep_page_loop STOPPED (already absent)
[2026-06-09T16:47:46Z] deep_page_loop SKIPPED (stop marker present; see data/buy30590-deep-page-loop.stopped)
[2026-06-09T16:47:46Z] sustained_loop OK pid=3578415
[2026-06-09T16:47:46Z] woocommerce_discover SKIPPED (completion marker present; see data/checkpoints/buy30590_woocommerce.completed)
[2026-06-09T16:47:46Z] lane_supervisor SKIPPED (BUY-31452 stop marker present; see data/buy30727-supervisor.stopped)
[2026-06-09T16:47:46Z] keep-alive tick complete
===== keep-alive tick 2026-06-09T16:51:13Z =====
[2026-06-09T16:51:13Z] deep_page_loop STOPPED (already absent)
[2026-06-09T16:51:13Z] deep_page_loop SKIPPED (stop marker present; see data/buy30590-deep-page-loop.stopped)
[2026-06-09T16:51:13Z] sustained_loop OK pid=3578415
[2026-06-09T16:51:13Z] woocommerce_discover SKIPPED (completion marker present; see data/checkpoints/buy30590_woocommerce.completed)
[2026-06-09T16:51:13Z] lane_supervisor SKIPPED (BUY-31452 stop marker present; see data/buy30727-supervisor.stopped)
[2026-06-09T16:51:13Z] keep-alive tick complete
===== keep-alive tick 2026-06-09T16:55:59Z =====
[2026-06-09T16:55:59Z] deep_page_loop STOPPED (already absent)
[2026-06-09T16:55:59Z] deep_page_loop SKIPPED (stop marker present; see data/buy30590-deep-page-loop.stopped)
[2026-06-09T16:55:59Z] sustained_loop OK pid=3578415
[2026-06-09T16:55:59Z] woocommerce_discover SKIPPED (completion marker present; see data/checkpoints/buy30590_woocommerce.completed)
[2026-06-09T16:55:59Z] lane_supervisor SKIPPED (BUY-31452 stop marker present; see data/buy30727-supervisor.stopped)
[2026-06-09T16:55:59Z] keep-alive tick complete
===== keep-alive tick 2026-06-09T16:56:46Z =====
[2026-06-09T16:56:46Z] deep_page_loop STOPPED (already absent)
[2026-06-09T16:56:46Z] deep_page_loop SKIPPED (stop marker present; see data/buy30590-deep-page-loop.stopped)
[2026-06-09T16:56:46Z] sustained_loop OK pid=3578415
[2026-06-09T16:56:46Z] woocommerce_discover SKIPPED (completion marker present; see data/checkpoints/buy30590_woocommerce.completed)
[2026-06-09T16:56:46Z] lane_supervisor SKIPPED (BUY-31452 stop marker present; see data/buy30727-supervisor.stopped)
[2026-06-09T16:56:46Z] keep-alive tick complete
===== keep-alive tick 2026-06-09T17:03:04Z =====
[2026-06-09T17:03:04Z] deep_page_loop STOPPED (already absent)
[2026-06-09T17:03:04Z] deep_page_loop SKIPPED (stop marker present; see data/buy30590-deep-page-loop.stopped)
[2026-06-09T17:03:04Z] sustained_loop OK pid=3578415
[2026-06-09T17:03:04Z] woocommerce_discover SKIPPED (completion marker present; see data/checkpoints/buy30590_woocommerce.completed)
[2026-06-09T17:03:04Z] lane_supervisor SKIPPED (BUY-31452 stop marker present; see data/buy30727-supervisor.stopped)
[2026-06-09T17:03:04Z] keep-alive tick complete
===== keep-alive tick 2026-06-09T17:03:58Z =====
[2026-06-09T17:03:58Z] deep_page_loop STOPPED (already absent)
[2026-06-09T17:03:58Z] deep_page_loop SKIPPED (stop marker present; see data/buy30590-deep-page-loop.stopped)
[2026-06-09T17:03:58Z] sustained_loop OK pid=3578415
[2026-06-09T17:03:58Z] woocommerce_discover SKIPPED (completion marker present; see data/checkpoints/buy30590_woocommerce.completed)
[2026-06-09T17:03:58Z] lane_supervisor SKIPPED (BUY-31452 stop marker present; see data/buy30727-supervisor.stopped)
[2026-06-09T17:03:58Z] keep-alive tick complete
===== keep-alive tick 2026-06-09T17:06:41Z =====
[2026-06-09T17:06:41Z] deep_page_loop STOPPED (already absent)
[2026-06-09T17:06:41Z] deep_page_loop SKIPPED (stop marker present; see data/buy30590-deep-page-loop.stopped)
[2026-06-09T17:06:41Z] sustained_loop OK pid=3578415
[2026-06-09T17:06:41Z] woocommerce_discover SKIPPED (completion marker present; see data/checkpoints/buy30590_woocommerce.completed)
[2026-06-09T17:06:41Z] lane_supervisor SKIPPED (BUY-31452 stop marker present; see data/buy30727-supervisor.stopped)
[2026-06-09T17:06:41Z] keep-alive tick complete
===== keep-alive tick 2026-06-09T17:07:20Z =====
[2026-06-09T17:07:21Z] deep_page_loop STOPPED (already absent)
[2026-06-09T17:07:21Z] deep_page_loop SKIPPED (stop marker present; see data/buy30590-deep-page-loop.stopped)
[2026-06-09T17:07:21Z] sustained_loop OK pid=3578415
[2026-06-09T17:07:21Z] woocommerce_discover SKIPPED (completion marker present; see data/checkpoints/buy30590_woocommerce.completed)
[2026-06-09T17:07:21Z] lane_supervisor SKIPPED (BUY-31452 stop marker present; see data/buy30727-supervisor.stopped)
[2026-06-09T17:07:21Z] keep-alive tick complete
===== keep-alive tick 2026-06-09T17:09:06Z =====
[2026-06-09T17:09:06Z] deep_page_loop STOPPED (already absent)
[2026-06-09T17:09:06Z] deep_page_loop SKIPPED (stop marker present; see data/buy30590-deep-page-loop.stopped)
[2026-06-09T17:09:06Z] sustained_loop OK pid=3578415
[2026-06-09T17:09:06Z] woocommerce_discover SKIPPED (completion marker present; see data/checkpoints/buy30590_woocommerce.completed)
[2026-06-09T17:09:06Z] lane_supervisor SKIPPED (BUY-31452 stop marker present; see data/buy30727-supervisor.stopped)
[2026-06-09T17:09:06Z] keep-alive tick complete
===== keep-alive tick 2026-06-09T17:11:44Z =====
[2026-06-09T17:11:44Z] deep_page_loop STOPPED (already absent)
[2026-06-09T17:11:44Z] deep_page_loop SKIPPED (stop marker present; see data/buy30590-deep-page-loop.stopped)
[2026-06-09T17:11:44Z] sustained_loop OK pid=3578415
[2026-06-09T17:11:44Z] woocommerce_discover SKIPPED (completion marker present; see data/checkpoints/buy30590_woocommerce.completed)
[2026-06-09T17:11:44Z] lane_supervisor SKIPPED (BUY-31452 stop marker present; see data/buy30727-supervisor.stopped)
[2026-06-09T17:11:44Z] keep-alive tick complete
===== keep-alive tick 2026-06-09T17:14:50Z =====
[2026-06-09T17:14:50Z] deep_page_loop STOPPED (already absent)
[2026-06-09T17:14:50Z] deep_page_loop SKIPPED (stop marker present; see data/buy30590-deep-page-loop.stopped)
[2026-06-09T17:14:50Z] sustained_loop OK pid=3578415
[2026-06-09T17:14:51Z] woocommerce_discover SKIPPED (completion marker present; see data/checkpoints/buy30590_woocommerce.completed)
[2026-06-09T17:14:51Z] lane_supervisor SKIPPED (BUY-31452 stop marker present; see data/buy30727-supervisor.stopped)
[2026-06-09T17:14:51Z] keep-alive tick complete
===== keep-alive tick 2026-06-09T17:16:35Z =====
[2026-06-09T17:16:35Z] deep_page_loop STOPPED (already absent)
[2026-06-09T17:16:35Z] deep_page_loop SKIPPED (stop marker present; see data/buy30590-deep-page-loop.stopped)
[2026-06-09T17:16:35Z] sustained_loop OK pid=3578415
[2026-06-09T17:16:35Z] woocommerce_discover SKIPPED (completion marker present; see data/checkpoints/buy30590_woocommerce.completed)
[2026-06-09T17:16:35Z] lane_supervisor SKIPPED (BUY-31452 stop marker present; see data/buy30727-supervisor.stopped)
[2026-06-09T17:16:35Z] keep-alive tick complete
===== keep-alive tick 2026-06-09T17:24:00Z =====
[2026-06-09T17:24:00Z] deep_page_loop STOPPED (already absent)
[2026-06-09T17:24:00Z] deep_page_loop SKIPPED (stop marker present; see data/buy30590-deep-page-loop.stopped)
[2026-06-09T17:24:00Z] sustained_loop OK pid=3782962
[2026-06-09T17:24:00Z] woocommerce_discover SKIPPED (completion marker present; see data/checkpoints/buy30590_woocommerce.completed)
[2026-06-09T17:24:00Z] lane_supervisor SKIPPED (BUY-31452 stop marker present; see data/buy30727-supervisor.stopped)
[2026-06-09T17:24:00Z] keep-alive tick complete
===== keep-alive tick 2026-06-09T17:26:54Z =====
[2026-06-09T17:26:54Z] deep_page_loop STOPPED (already absent)
[2026-06-09T17:26:54Z] deep_page_loop SKIPPED (stop marker present; see data/buy30590-deep-page-loop.stopped)
[2026-06-09T17:26:54Z] sustained_loop OK pid=3782962
[2026-06-09T17:26:55Z] woocommerce_discover SKIPPED (completion marker present; see data/checkpoints/buy30590_woocommerce.completed)
[2026-06-09T17:26:55Z] lane_supervisor SKIPPED (BUY-31452 stop marker present; see data/buy30727-supervisor.stopped)
[2026-06-09T17:26:55Z] keep-alive tick complete
===== keep-alive tick 2026-06-09T17:29:46Z =====
[2026-06-09T17:29:46Z] deep_page_loop STOPPED (already absent)
[2026-06-09T17:29:46Z] deep_page_loop SKIPPED (stop marker present; see data/buy30590-deep-page-loop.stopped)
[2026-06-09T17:29:46Z] sustained_loop OK pid=3782962
[2026-06-09T17:29:46Z] woocommerce_discover SKIPPED (completion marker present; see data/checkpoints/buy30590_woocommerce.completed)
[2026-06-09T17:29:46Z] lane_supervisor SKIPPED (BUY-31452 stop marker present; see data/buy30727-supervisor.stopped)
[2026-06-09T17:29:46Z] keep-alive tick complete
===== keep-alive tick 2026-06-09T17:31:30Z =====
[2026-06-09T17:31:30Z] deep_page_loop STOPPED (already absent)
[2026-06-09T17:31:30Z] deep_page_loop SKIPPED (stop marker present; see data/buy30590-deep-page-loop.stopped)
[2026-06-09T17:31:30Z] sustained_loop OK pid=3782962
[2026-06-09T17:31:30Z] woocommerce_discover SKIPPED (completion marker present; see data/checkpoints/buy30590_woocommerce.completed)
[2026-06-09T17:31:30Z] lane_supervisor SKIPPED (BUY-31452 stop marker present; see data/buy30727-supervisor.stopped)
[2026-06-09T17:31:30Z] keep-alive tick complete
===== keep-alive tick 2026-06-09T17:36:28Z =====
[2026-06-09T17:36:28Z] deep_page_loop STOPPED (already absent)
[2026-06-09T17:36:29Z] deep_page_loop SKIPPED (stop marker present; see data/buy30590-deep-page-loop.stopped)
[2026-06-09T17:36:29Z] sustained_loop OK pid=3782962
[2026-06-09T17:36:29Z] woocommerce_discover SKIPPED (completion marker present; see data/checkpoints/buy30590_woocommerce.completed)
[2026-06-09T17:36:29Z] lane_supervisor SKIPPED (BUY-31452 stop marker present; see data/buy30727-supervisor.stopped)
[2026-06-09T17:36:29Z] keep-alive tick complete
===== keep-alive tick 2026-06-09T17:39:24Z =====
[2026-06-09T17:39:24Z] deep_page_loop STOPPED (already absent)
[2026-06-09T17:39:24Z] deep_page_loop SKIPPED (stop marker present; see data/buy30590-deep-page-loop.stopped)
[2026-06-09T17:39:24Z] sustained_loop OK pid=3782962
[2026-06-09T17:39:24Z] woocommerce_discover SKIPPED (completion marker present; see data/checkpoints/buy30590_woocommerce.completed)
[2026-06-09T17:39:24Z] lane_supervisor SKIPPED (BUY-31452 stop marker present; see data/buy30727-supervisor.stopped)
[2026-06-09T17:39:24Z] keep-alive tick complete
===== keep-alive tick 2026-06-09T17:41:36Z =====
[2026-06-09T17:41:36Z] deep_page_loop STOPPED (already absent)
[2026-06-09T17:41:36Z] deep_page_loop SKIPPED (stop marker present; see data/buy30590-deep-page-loop.stopped)
[2026-06-09T17:41:36Z] sustained_loop OK pid=3782962
[2026-06-09T17:41:36Z] woocommerce_discover SKIPPED (completion marker present; see data/checkpoints/buy30590_woocommerce.completed)
[2026-06-09T17:41:36Z] lane_supervisor SKIPPED (BUY-31452 stop marker present; see data/buy30727-supervisor.stopped)
[2026-06-09T17:41:36Z] keep-alive tick complete
===== keep-alive tick 2026-06-09T17:42:43Z =====
[2026-06-09T17:42:43Z] deep_page_loop STOPPED (already absent)
[2026-06-09T17:42:43Z] deep_page_loop SKIPPED (stop marker present; see data/buy30590-deep-page-loop.stopped)
[2026-06-09T17:42:43Z] sustained_loop OK pid=3782962
[2026-06-09T17:42:44Z] woocommerce_discover SKIPPED (completion marker present; see data/checkpoints/buy30590_woocommerce.completed)
[2026-06-09T17:42:44Z] lane_supervisor SKIPPED (BUY-31452 stop marker present; see data/buy30727-supervisor.stopped)
[2026-06-09T17:42:44Z] keep-alive tick complete
===== keep-alive tick 2026-06-09T17:46:26Z =====
[2026-06-09T17:46:26Z] deep_page_loop STOPPED (already absent)
[2026-06-09T17:46:26Z] deep_page_loop SKIPPED (stop marker present; see data/buy30590-deep-page-loop.stopped)
[2026-06-09T17:46:26Z] sustained_loop OK pid=3782962
[2026-06-09T17:46:26Z] woocommerce_discover SKIPPED (completion marker present; see data/checkpoints/buy30590_woocommerce.completed)
[2026-06-09T17:46:26Z] lane_supervisor SKIPPED (BUY-31452 stop marker present; see data/buy30727-supervisor.stopped)
[2026-06-09T17:46:26Z] keep-alive tick complete
===== keep-alive tick 2026-06-09T17:51:24Z =====
[2026-06-09T17:51:24Z] deep_page_loop STOPPED (already absent)
[2026-06-09T17:51:24Z] deep_page_loop SKIPPED (stop marker present; see data/buy30590-deep-page-loop.stopped)
[2026-06-09T17:51:24Z] sustained_loop OK pid=3782962
[2026-06-09T17:51:24Z] woocommerce_discover SKIPPED (completion marker present; see data/checkpoints/buy30590_woocommerce.completed)
[2026-06-09T17:51:24Z] lane_supervisor SKIPPED (BUY-31452 stop marker present; see data/buy30727-supervisor.stopped)
[2026-06-09T17:51:24Z] keep-alive tick complete
===== keep-alive tick 2026-06-09T17:56:17Z =====
[2026-06-09T17:56:17Z] deep_page_loop STOPPED (already absent)
[2026-06-09T17:56:18Z] deep_page_loop SKIPPED (stop marker present; see data/buy30590-deep-page-loop.stopped)
[2026-06-09T17:56:18Z] sustained_loop OK pid=3782962
[2026-06-09T17:56:18Z] woocommerce_discover SKIPPED (completion marker present; see data/checkpoints/buy30590_woocommerce.completed)
[2026-06-09T17:56:18Z] lane_supervisor SKIPPED (BUY-31452 stop marker present; see data/buy30727-supervisor.stopped)
[2026-06-09T17:56:18Z] keep-alive tick complete
===== keep-alive tick 2026-06-09T18:03:44Z =====
[2026-06-09T18:03:44Z] deep_page_loop STOPPED (already absent)
[2026-06-09T18:03:44Z] deep_page_loop SKIPPED (stop marker present; see data/buy30590-deep-page-loop.stopped)
[2026-06-09T18:03:44Z] sustained_loop OK pid=3782962
[2026-06-09T18:03:44Z] woocommerce_discover SKIPPED (completion marker present; see data/checkpoints/buy30590_woocommerce.completed)
[2026-06-09T18:03:44Z] lane_supervisor SKIPPED (BUY-31452 stop marker present; see data/buy30727-supervisor.stopped)
[2026-06-09T18:03:44Z] keep-alive tick complete
===== keep-alive tick 2026-06-09T18:09:14Z =====
[2026-06-09T18:09:14Z] deep_page_loop STOPPED (already absent)
[2026-06-09T18:09:14Z] deep_page_loop SKIPPED (stop marker present; see data/buy30590-deep-page-loop.stopped)
[2026-06-09T18:09:14Z] sustained_loop OK pid=3782962
[2026-06-09T18:09:14Z] woocommerce_discover SKIPPED (completion marker present; see data/checkpoints/buy30590_woocommerce.completed)
[2026-06-09T18:09:14Z] lane_supervisor SKIPPED (BUY-31452 stop marker present; see data/buy30727-supervisor.stopped)
[2026-06-09T18:09:14Z] keep-alive tick complete
===== keep-alive tick 2026-06-09T18:14:04Z =====
[2026-06-09T18:14:04Z] deep_page_loop STOPPED (already absent)
[2026-06-09T18:14:04Z] deep_page_loop SKIPPED (stop marker present; see data/buy30590-deep-page-loop.stopped)
[2026-06-09T18:14:04Z] sustained_loop OK pid=3782962
[2026-06-09T18:14:04Z] woocommerce_discover SKIPPED (completion marker present; see data/checkpoints/buy30590_woocommerce.completed)
[2026-06-09T18:14:04Z] lane_supervisor SKIPPED (BUY-31452 stop marker present; see data/buy30727-supervisor.stopped)
[2026-06-09T18:14:04Z] keep-alive tick complete
===== keep-alive tick 2026-06-09T18:18:45Z =====
[2026-06-09T18:18:45Z] deep_page_loop STOPPED (already absent)
[2026-06-09T18:18:45Z] deep_page_loop SKIPPED (stop marker present; see data/buy30590-deep-page-loop.stopped)
[2026-06-09T18:18:45Z] sustained_loop OK pid=3782962
[2026-06-09T18:18:45Z] woocommerce_discover SKIPPED (completion marker present; see data/checkpoints/buy30590_woocommerce.completed)
[2026-06-09T18:18:45Z] lane_supervisor SKIPPED (BUY-31452 stop marker present; see data/buy30727-supervisor.stopped)
[2026-06-09T18:18:45Z] keep-alive tick complete
===== keep-alive tick 2026-06-09T18:24:02Z =====
[2026-06-09T18:24:02Z] deep_page_loop STOPPED (already absent)
[2026-06-09T18:24:02Z] deep_page_loop SKIPPED (stop marker present; see data/buy30590-deep-page-loop.stopped)
[2026-06-09T18:24:02Z] sustained_loop OK pid=3782962
[2026-06-09T18:24:02Z] woocommerce_discover SKIPPED (completion marker present; see data/checkpoints/buy30590_woocommerce.completed)
[2026-06-09T18:24:02Z] lane_supervisor SKIPPED (BUY-31452 stop marker present; see data/buy30727-supervisor.stopped)
[2026-06-09T18:24:02Z] keep-alive tick complete
===== keep-alive tick 2026-06-09T18:28:48Z =====
[2026-06-09T18:28:48Z] deep_page_loop STOPPED (already absent)
[2026-06-09T18:28:48Z] deep_page_loop SKIPPED (stop marker present; see data/buy30590-deep-page-loop.stopped)
[2026-06-09T18:28:48Z] sustained_loop OK pid=3782962
[2026-06-09T18:28:48Z] woocommerce_discover SKIPPED (completion marker present; see data/checkpoints/buy30590_woocommerce.completed)
[2026-06-09T18:28:48Z] lane_supervisor SKIPPED (BUY-31452 stop marker present; see data/buy30727-supervisor.stopped)
[2026-06-09T18:28:48Z] keep-alive tick complete
===== keep-alive tick 2026-06-09T18:33:40Z =====
[2026-06-09T18:33:40Z] deep_page_loop STOPPED (already absent)
[2026-06-09T18:33:40Z] deep_page_loop SKIPPED (stop marker present; see data/buy30590-deep-page-loop.stopped)
[2026-06-09T18:33:40Z] sustained_loop OK pid=3782962
[2026-06-09T18:33:40Z] woocommerce_discover SKIPPED (completion marker present; see data/checkpoints/buy30590_woocommerce.completed)
[2026-06-09T18:33:40Z] lane_supervisor SKIPPED (BUY-31452 stop marker present; see data/buy30727-supervisor.stopped)
[2026-06-09T18:33:40Z] keep-alive tick complete
===== keep-alive tick 2026-06-09T18:44:02Z =====
[2026-06-09T18:44:02Z] deep_page_loop STOPPED (already absent)
[2026-06-09T18:44:02Z] deep_page_loop SKIPPED (stop marker present; see data/buy30590-deep-page-loop.stopped)
[2026-06-09T18:44:02Z] sustained_loop OK pid=3782962
[2026-06-09T18:44:02Z] woocommerce_discover SKIPPED (completion marker present; see data/checkpoints/buy30590_woocommerce.completed)
[2026-06-09T18:44:02Z] lane_supervisor SKIPPED (BUY-31452 stop marker present; see data/buy30727-supervisor.stopped)
[2026-06-09T18:44:02Z] keep-alive tick complete
===== keep-alive tick 2026-06-09T18:48:55Z =====
[2026-06-09T18:48:55Z] deep_page_loop STOPPED (already absent)
[2026-06-09T18:48:55Z] deep_page_loop SKIPPED (stop marker present; see data/buy30590-deep-page-loop.stopped)
[2026-06-09T18:48:55Z] sustained_loop OK pid=3782962
[2026-06-09T18:48:55Z] woocommerce_discover SKIPPED (completion marker present; see data/checkpoints/buy30590_woocommerce.completed)
[2026-06-09T18:48:55Z] lane_supervisor SKIPPED (BUY-31452 stop marker present; see data/buy30727-supervisor.stopped)
[2026-06-09T18:48:55Z] keep-alive tick complete
===== keep-alive tick 2026-06-09T18:54:11Z =====
[2026-06-09T18:54:11Z] deep_page_loop STOPPED (already absent)
[2026-06-09T18:54:11Z] deep_page_loop SKIPPED (stop marker present; see data/buy30590-deep-page-loop.stopped)
[2026-06-09T18:54:11Z] sustained_loop OK pid=3782962
[2026-06-09T18:54:11Z] woocommerce_discover SKIPPED (completion marker present; see data/checkpoints/buy30590_woocommerce.completed)
[2026-06-09T18:54:11Z] lane_supervisor SKIPPED (BUY-31452 stop marker present; see data/buy30727-supervisor.stopped)
[2026-06-09T18:54:11Z] keep-alive tick complete
===== keep-alive tick 2026-06-09T18:58:56Z =====
[2026-06-09T18:58:56Z] deep_page_loop STOPPED (already absent)
[2026-06-09T18:58:56Z] deep_page_loop SKIPPED (stop marker present; see data/buy30590-deep-page-loop.stopped)
[2026-06-09T18:58:56Z] sustained_loop OK pid=3782962
[2026-06-09T18:58:56Z] woocommerce_discover SKIPPED (completion marker present; see data/checkpoints/buy30590_woocommerce.completed)
[2026-06-09T18:58:56Z] lane_supervisor SKIPPED (BUY-31452 stop marker present; see data/buy30727-supervisor.stopped)
[2026-06-09T18:58:56Z] keep-alive tick complete
===== keep-alive tick 2026-06-09T19:03:50Z =====
[2026-06-09T19:03:50Z] deep_page_loop STOPPED (already absent)
[2026-06-09T19:03:50Z] deep_page_loop SKIPPED (stop marker present; see data/buy30590-deep-page-loop.stopped)
[2026-06-09T19:03:50Z] sustained_loop OK pid=3782962
[2026-06-09T19:03:50Z] woocommerce_discover SKIPPED (completion marker present; see data/checkpoints/buy30590_woocommerce.completed)
[2026-06-09T19:03:50Z] lane_supervisor SKIPPED (BUY-31452 stop marker present; see data/buy30727-supervisor.stopped)
[2026-06-09T19:03:50Z] keep-alive tick complete
===== keep-alive tick 2026-06-09T19:08:52Z =====
[2026-06-09T19:08:52Z] deep_page_loop STOPPED (already absent)
[2026-06-09T19:08:53Z] deep_page_loop SKIPPED (stop marker present; see data/buy30590-deep-page-loop.stopped)
[2026-06-09T19:08:53Z] sustained_loop OK pid=3782962
[2026-06-09T19:08:53Z] woocommerce_discover SKIPPED (completion marker present; see data/checkpoints/buy30590_woocommerce.completed)
[2026-06-09T19:08:53Z] lane_supervisor SKIPPED (BUY-31452 stop marker present; see data/buy30727-supervisor.stopped)
[2026-06-09T19:08:53Z] keep-alive tick complete
===== keep-alive tick 2026-06-09T19:13:59Z =====
[2026-06-09T19:13:59Z] deep_page_loop STOPPED (already absent)
[2026-06-09T19:13:59Z] deep_page_loop SKIPPED (stop marker present; see data/buy30590-deep-page-loop.stopped)
[2026-06-09T19:13:59Z] sustained_loop OK pid=3782962
[2026-06-09T19:13:59Z] woocommerce_discover SKIPPED (completion marker present; see data/checkpoints/buy30590_woocommerce.completed)
[2026-06-09T19:13:59Z] lane_supervisor SKIPPED (BUY-31452 stop marker present; see data/buy30727-supervisor.stopped)
[2026-06-09T19:13:59Z] keep-alive tick complete
===== keep-alive tick 2026-06-09T19:18:52Z =====
[2026-06-09T19:18:52Z] deep_page_loop STOPPED (already absent)
[2026-06-09T19:18:52Z] deep_page_loop SKIPPED (stop marker present; see data/buy30590-deep-page-loop.stopped)
[2026-06-09T19:18:52Z] sustained_loop OK pid=3782962
[2026-06-09T19:18:52Z] woocommerce_discover SKIPPED (completion marker present; see data/checkpoints/buy30590_woocommerce.completed)
[2026-06-09T19:18:52Z] lane_supervisor SKIPPED (BUY-31452 stop marker present; see data/buy30727-supervisor.stopped)
[2026-06-09T19:18:52Z] keep-alive tick complete
===== keep-alive tick 2026-06-09T19:23:38Z =====
[2026-06-09T19:23:38Z] deep_page_loop STOPPED (already absent)
[2026-06-09T19:23:38Z] deep_page_loop SKIPPED (stop marker present; see data/buy30590-deep-page-loop.stopped)
[2026-06-09T19:23:38Z] sustained_loop OK pid=3782962
[2026-06-09T19:23:38Z] woocommerce_discover SKIPPED (completion marker present; see data/checkpoints/buy30590_woocommerce.completed)
[2026-06-09T19:23:39Z] lane_supervisor SKIPPED (BUY-31452 stop marker present; see data/buy30727-supervisor.stopped)
[2026-06-09T19:23:39Z] keep-alive tick complete
===== keep-alive tick 2026-06-09T19:28:54Z =====
[2026-06-09T19:28:55Z] deep_page_loop STOPPED (already absent)
[2026-06-09T19:28:55Z] deep_page_loop SKIPPED (stop marker present; see data/buy30590-deep-page-loop.stopped)
[2026-06-09T19:28:55Z] sustained_loop OK pid=3782962
[2026-06-09T19:28:55Z] woocommerce_discover SKIPPED (completion marker present; see data/checkpoints/buy30590_woocommerce.completed)
[2026-06-09T19:28:55Z] lane_supervisor SKIPPED (BUY-31452 stop marker present; see data/buy30727-supervisor.stopped)
[2026-06-09T19:28:55Z] keep-alive tick complete
===== keep-alive tick 2026-06-09T19:33:59Z =====
[2026-06-09T19:33:59Z] deep_page_loop STOPPED (already absent)
[2026-06-09T19:33:59Z] deep_page_loop SKIPPED (stop marker present; see data/buy30590-deep-page-loop.stopped)
[2026-06-09T19:33:59Z] sustained_loop OK pid=3782962
[2026-06-09T19:33:59Z] woocommerce_discover SKIPPED (completion marker present; see data/checkpoints/buy30590_woocommerce.completed)
[2026-06-09T19:33:59Z] lane_supervisor SKIPPED (BUY-31452 stop marker present; see data/buy30727-supervisor.stopped)
[2026-06-09T19:33:59Z] keep-alive tick complete
===== keep-alive tick 2026-06-09T19:43:51Z =====
[2026-06-09T19:43:51Z] deep_page_loop STOPPED (already absent)
[2026-06-09T19:43:51Z] deep_page_loop SKIPPED (stop marker present; see data/buy30590-deep-page-loop.stopped)
[2026-06-09T19:43:51Z] sustained_loop OK pid=3782962
[2026-06-09T19:43:51Z] woocommerce_discover SKIPPED (completion marker present; see data/checkpoints/buy30590_woocommerce.completed)
[2026-06-09T19:43:51Z] lane_supervisor SKIPPED (BUY-31452 stop marker present; see data/buy30727-supervisor.stopped)
[2026-06-09T19:43:51Z] keep-alive tick complete
===== keep-alive tick 2026-06-09T19:48:42Z =====
[2026-06-09T19:48:42Z] deep_page_loop STOPPED (already absent)
[2026-06-09T19:48:42Z] deep_page_loop SKIPPED (stop marker present; see data/buy30590-deep-page-loop.stopped)
[2026-06-09T19:48:42Z] sustained_loop OK pid=3782962
[2026-06-09T19:48:43Z] woocommerce_discover SKIPPED (completion marker present; see data/checkpoints/buy30590_woocommerce.completed)
[2026-06-09T19:48:43Z] lane_supervisor SKIPPED (BUY-31452 stop marker present; see data/buy30727-supervisor.stopped)
[2026-06-09T19:48:43Z] keep-alive tick complete
===== keep-alive tick 2026-06-09T19:53:53Z =====
[2026-06-09T19:53:53Z] deep_page_loop STOPPED (already absent)
[2026-06-09T19:53:53Z] deep_page_loop SKIPPED (stop marker present; see data/buy30590-deep-page-loop.stopped)
[2026-06-09T19:53:53Z] sustained_loop OK pid=3782962
[2026-06-09T19:53:54Z] woocommerce_discover SKIPPED (completion marker present; see data/checkpoints/buy30590_woocommerce.completed)
[2026-06-09T19:53:54Z] lane_supervisor SKIPPED (BUY-31452 stop marker present; see data/buy30727-supervisor.stopped)
[2026-06-09T19:53:54Z] keep-alive tick complete
===== keep-alive tick 2026-06-09T19:58:43Z =====
[2026-06-09T19:58:44Z] deep_page_loop STOPPED (already absent)
[2026-06-09T19:58:44Z] deep_page_loop SKIPPED (stop marker present; see data/buy30590-deep-page-loop.stopped)
[2026-06-09T19:58:44Z] sustained_loop OK pid=3782962
[2026-06-09T19:58:44Z] woocommerce_discover SKIPPED (completion marker present; see data/checkpoints/buy30590_woocommerce.completed)
[2026-06-09T19:58:44Z] lane_supervisor SKIPPED (BUY-31452 stop marker present; see data/buy30727-supervisor.stopped)
[2026-06-09T19:58:44Z] keep-alive tick complete
===== keep-alive tick 2026-06-09T20:03:47Z =====
[2026-06-09T20:03:47Z] deep_page_loop STOPPED (already absent)
[2026-06-09T20:03:47Z] deep_page_loop SKIPPED (stop marker present; see data/buy30590-deep-page-loop.stopped)
[2026-06-09T20:03:47Z] sustained_loop OK pid=3782962
[2026-06-09T20:03:47Z] woocommerce_discover SKIPPED (completion marker present; see data/checkpoints/buy30590_woocommerce.completed)
[2026-06-09T20:03:47Z] lane_supervisor SKIPPED (BUY-31452 stop marker present; see data/buy30727-supervisor.stopped)
[2026-06-09T20:03:47Z] keep-alive tick complete
===== keep-alive tick 2026-06-09T20:08:47Z =====
[2026-06-09T20:08:47Z] deep_page_loop STOPPED (already absent)
[2026-06-09T20:08:47Z] deep_page_loop SKIPPED (stop marker present; see data/buy30590-deep-page-loop.stopped)
[2026-06-09T20:08:47Z] sustained_loop OK pid=3782962
[2026-06-09T20:08:47Z] woocommerce_discover SKIPPED (completion marker present; see data/checkpoints/buy30590_woocommerce.completed)
[2026-06-09T20:08:48Z] lane_supervisor SKIPPED (BUY-31452 stop marker present; see data/buy30727-supervisor.stopped)
[2026-06-09T20:08:48Z] keep-alive tick complete
===== keep-alive tick 2026-06-09T20:13:45Z =====
[2026-06-09T20:13:45Z] deep_page_loop STOPPED (already absent)
[2026-06-09T20:13:45Z] deep_page_loop SKIPPED (stop marker present; see data/buy30590-deep-page-loop.stopped)
[2026-06-09T20:13:45Z] sustained_loop OK pid=3782962
[2026-06-09T20:13:45Z] woocommerce_discover SKIPPED (completion marker present; see data/checkpoints/buy30590_woocommerce.completed)
[2026-06-09T20:13:45Z] lane_supervisor SKIPPED (BUY-31452 stop marker present; see data/buy30727-supervisor.stopped)
[2026-06-09T20:13:45Z] keep-alive tick complete
===== keep-alive tick 2026-06-09T20:18:54Z =====
[2026-06-09T20:18:54Z] deep_page_loop STOPPED (already absent)
[2026-06-09T20:18:54Z] deep_page_loop SKIPPED (stop marker present; see data/buy30590-deep-page-loop.stopped)
[2026-06-09T20:18:54Z] sustained_loop OK pid=3782962
[2026-06-09T20:18:54Z] woocommerce_discover SKIPPED (completion marker present; see data/checkpoints/buy30590_woocommerce.completed)
[2026-06-09T20:18:54Z] lane_supervisor SKIPPED (BUY-31452 stop marker present; see data/buy30727-supervisor.stopped)
[2026-06-09T20:18:54Z] keep-alive tick complete
===== keep-alive tick 2026-06-09T20:23:56Z =====
[2026-06-09T20:23:56Z] deep_page_loop STOPPED (already absent)
[2026-06-09T20:23:56Z] deep_page_loop SKIPPED (stop marker present; see data/buy30590-deep-page-loop.stopped)
[2026-06-09T20:23:56Z] sustained_loop OK pid=3782962
[2026-06-09T20:23:56Z] woocommerce_discover SKIPPED (completion marker present; see data/checkpoints/buy30590_woocommerce.completed)
[2026-06-09T20:23:56Z] lane_supervisor SKIPPED (BUY-31452 stop marker present; see data/buy30727-supervisor.stopped)
[2026-06-09T20:23:56Z] keep-alive tick complete
===== keep-alive tick 2026-06-09T20:28:56Z =====
[2026-06-09T20:28:56Z] deep_page_loop STOPPED (already absent)
[2026-06-09T20:28:56Z] deep_page_loop SKIPPED (stop marker present; see data/buy30590-deep-page-loop.stopped)
[2026-06-09T20:28:56Z] sustained_loop OK pid=3782962
[2026-06-09T20:28:56Z] woocommerce_discover SKIPPED (completion marker present; see data/checkpoints/buy30590_woocommerce.completed)
[2026-06-09T20:28:56Z] lane_supervisor SKIPPED (BUY-31452 stop marker present; see data/buy30727-supervisor.stopped)
[2026-06-09T20:28:56Z] keep-alive tick complete
===== keep-alive tick 2026-06-09T20:33:56Z =====
[2026-06-09T20:33:56Z] deep_page_loop STOPPED (already absent)
[2026-06-09T20:33:56Z] deep_page_loop SKIPPED (stop marker present; see data/buy30590-deep-page-loop.stopped)
[2026-06-09T20:33:56Z] sustained_loop OK pid=3782962
[2026-06-09T20:33:56Z] woocommerce_discover SKIPPED (completion marker present; see data/checkpoints/buy30590_woocommerce.completed)
[2026-06-09T20:33:56Z] lane_supervisor SKIPPED (BUY-31452 stop marker present; see data/buy30727-supervisor.stopped)
[2026-06-09T20:33:56Z] keep-alive tick complete
===== keep-alive tick 2026-06-10T03:13:05Z =====
[2026-06-10T03:13:05Z] deep_page_loop STOPPED (already absent)
[2026-06-10T03:13:05Z] deep_page_loop SKIPPED (stop marker present; see data/buy30590-deep-page-loop.stopped)
[2026-06-10T03:13:05Z] sustained_loop OK pid=3782962
[2026-06-10T03:13:05Z] woocommerce_discover SKIPPED (completion marker present; see data/checkpoints/buy30590_woocommerce.completed)
[2026-06-10T03:13:05Z] lane_supervisor SKIPPED (BUY-31452 stop marker present; see data/buy30727-supervisor.stopped)
[2026-06-10T03:13:05Z] keep-alive tick complete
===== keep-alive tick 2026-06-10T03:19:18Z =====
[2026-06-10T03:19:18Z] deep_page_loop STOPPED (already absent)
[2026-06-10T03:19:18Z] deep_page_loop SKIPPED (stop marker present; see data/buy30590-deep-page-loop.stopped)
[2026-06-10T03:19:18Z] sustained_loop OK pid=3782962
[2026-06-10T03:19:18Z] woocommerce_discover SKIPPED (completion marker present; see data/checkpoints/buy30590_woocommerce.completed)
[2026-06-10T03:19:18Z] lane_supervisor SKIPPED (BUY-31452 stop marker present; see data/buy30727-supervisor.stopped)
[2026-06-10T03:19:18Z] keep-alive tick complete
===== keep-alive tick 2026-06-10T03:22:17Z =====
[2026-06-10T03:22:17Z] deep_page_loop STOPPED (already absent)
[2026-06-10T03:22:17Z] deep_page_loop SKIPPED (stop marker present; see data/buy30590-deep-page-loop.stopped)
[2026-06-10T03:22:17Z] sustained_loop OK pid=3782962
[2026-06-10T03:22:17Z] woocommerce_discover SKIPPED (completion marker present; see data/checkpoints/buy30590_woocommerce.completed)
[2026-06-10T03:22:17Z] lane_supervisor SKIPPED (BUY-31452 stop marker present; see data/buy30727-supervisor.stopped)
[2026-06-10T03:22:17Z] keep-alive tick complete
===== keep-alive tick 2026-06-10T03:26:26Z =====
[2026-06-10T03:26:26Z] deep_page_loop STOPPED (already absent)
[2026-06-10T03:26:26Z] deep_page_loop SKIPPED (stop marker present; see data/buy30590-deep-page-loop.stopped)
[2026-06-10T03:26:26Z] sustained_loop OK pid=3782962
[2026-06-10T03:26:26Z] woocommerce_discover SKIPPED (completion marker present; see data/checkpoints/buy30590_woocommerce.completed)
[2026-06-10T03:26:26Z] lane_supervisor SKIPPED (BUY-31452 stop marker present; see data/buy30727-supervisor.stopped)
[2026-06-10T03:26:26Z] keep-alive tick complete
===== keep-alive tick 2026-06-10T03:28:03Z =====
[2026-06-10T03:28:03Z] deep_page_loop STOPPED (already absent)
[2026-06-10T03:28:03Z] deep_page_loop SKIPPED (stop marker present; see data/buy30590-deep-page-loop.stopped)
[2026-06-10T03:28:03Z] sustained_loop OK pid=3782962
[2026-06-10T03:28:03Z] woocommerce_discover SKIPPED (completion marker present; see data/checkpoints/buy30590_woocommerce.completed)
[2026-06-10T03:28:03Z] lane_supervisor SKIPPED (BUY-31452 stop marker present; see data/buy30727-supervisor.stopped)
[2026-06-10T03:28:03Z] keep-alive tick complete
===== keep-alive tick 2026-06-10T03:30:35Z =====
[2026-06-10T03:30:35Z] deep_page_loop STOPPED (already absent)
[2026-06-10T03:30:35Z] deep_page_loop SKIPPED (stop marker present; see data/buy30590-deep-page-loop.stopped)
[2026-06-10T03:30:35Z] sustained_loop OK pid=3782962
[2026-06-10T03:30:36Z] woocommerce_discover SKIPPED (completion marker present; see data/checkpoints/buy30590_woocommerce.completed)
[2026-06-10T03:30:36Z] lane_supervisor SKIPPED (BUY-31452 stop marker present; see data/buy30727-supervisor.stopped)
[2026-06-10T03:30:36Z] keep-alive tick complete
===== keep-alive tick 2026-06-10T03:39:13Z =====
[2026-06-10T03:39:13Z] deep_page_loop STOPPED (already absent)
[2026-06-10T03:39:13Z] deep_page_loop SKIPPED (stop marker present; see data/buy30590-deep-page-loop.stopped)
[2026-06-10T03:39:13Z] sustained_loop OK pid=3782962
[2026-06-10T03:39:13Z] woocommerce_discover SKIPPED (completion marker present; see data/checkpoints/buy30590_woocommerce.completed)
[2026-06-10T03:39:13Z] lane_supervisor SKIPPED (BUY-31452 stop marker present; see data/buy30727-supervisor.stopped)
[2026-06-10T03:39:13Z] keep-alive tick complete
===== keep-alive tick 2026-06-10T03:45:16Z =====
[2026-06-10T03:45:17Z] deep_page_loop STOPPED (already absent)
[2026-06-10T03:45:17Z] deep_page_loop SKIPPED (stop marker present; see data/buy30590-deep-page-loop.stopped)
[2026-06-10T03:45:17Z] sustained_loop OK pid=3782962
[2026-06-10T03:45:17Z] woocommerce_discover SKIPPED (completion marker present; see data/checkpoints/buy30590_woocommerce.completed)
[2026-06-10T03:45:17Z] lane_supervisor SKIPPED (BUY-31452 stop marker present; see data/buy30727-supervisor.stopped)
[2026-06-10T03:45:17Z] keep-alive tick complete
===== keep-alive tick 2026-06-10T03:47:53Z =====
[2026-06-10T03:47:54Z] deep_page_loop STOPPED pid=1417603 (stop marker present)
[2026-06-10T03:47:54Z] deep_page_loop SKIPPED (stop marker present; see data/buy30590-deep-page-loop.stopped)
[2026-06-10T03:47:54Z] sustained_loop OK pid=3782962
[2026-06-10T03:47:54Z] woocommerce_discover SKIPPED (completion marker present; see data/checkpoints/buy30590_woocommerce.completed)
[2026-06-10T03:47:55Z] lane_supervisor SKIPPED (BUY-31452 stop marker present; see data/buy30727-supervisor.stopped)
[2026-06-10T03:47:55Z] keep-alive tick complete
===== keep-alive tick 2026-06-10T03:49:49Z =====
[2026-06-10T03:49:49Z] deep_page_loop STOPPED (already absent)
[2026-06-10T03:49:49Z] deep_page_loop SKIPPED (stop marker present; see data/buy30590-deep-page-loop.stopped)
[2026-06-10T03:49:49Z] sustained_loop OK pid=3782962
[2026-06-10T03:49:49Z] woocommerce_discover SKIPPED (completion marker present; see data/checkpoints/buy30590_woocommerce.completed)
[2026-06-10T03:49:49Z] lane_supervisor SKIPPED (BUY-31452 stop marker present; see data/buy30727-supervisor.stopped)
[2026-06-10T03:49:49Z] keep-alive tick complete
++ ts
++ date -u +%Y-%m-%dT%H:%M:%SZ
+ echo '===== keep-alive tick 2026-06-10T03:50:04Z ====='
===== keep-alive tick 2026-06-10T03:50:04Z =====
+ prune_legacy_lane_counts
+ local label
+ for label in "buy30745_substrate_supervisor" "buy33243_custom_domain_supervisor"
+ delete_state_key buy30745_substrate_supervisor
+ local label=buy30745_substrate_supervisor
+ python3 -c '
import json, os, tempfile
p='\''/paperclip/instances/default/projects/177bc805-e3c8-4336-84cb-8e1e482d5a17/18221361-973a-493e-9e19-4c43b7a1c6eb/_default/data/buy30854-keep-alive-state.json'\''
if not os.path.exists(p):
    raise SystemExit
try:
    data = json.load(open(p))
except Exception:
    data = {}
if '\''buy30745_substrate_supervisor'\'' not in data:
    raise SystemExit
del data['\''buy30745_substrate_supervisor'\'']
fd, tmp = tempfile.mkstemp(dir=os.path.dirname(p), prefix='\''.buy30854-state.'\'', suffix='\''.tmp'\'')
with os.fdopen(fd, '\''w'\'') as fh:
    fh.write(json.dumps(data, indent=2))
    fh.write('\''\n'\'')
os.replace(tmp, p)
'
+ for label in "buy30745_substrate_supervisor" "buy33243_custom_domain_supervisor"
+ delete_state_key buy33243_custom_domain_supervisor
+ local label=buy33243_custom_domain_supervisor
+ python3 -c '
import json, os, tempfile
p='\''/paperclip/instances/default/projects/177bc805-e3c8-4336-84cb-8e1e482d5a17/18221361-973a-493e-9e19-4c43b7a1c6eb/_default/data/buy30854-keep-alive-state.json'\''
if not os.path.exists(p):
    raise SystemExit
try:
    data = json.load(open(p))
except Exception:
    data = {}
if '\''buy33243_custom_domain_supervisor'\'' not in data:
    raise SystemExit
del data['\''buy33243_custom_domain_supervisor'\'']
fd, tmp = tempfile.mkstemp(dir=os.path.dirname(p), prefix='\''.buy30854-state.'\'', suffix='\''.tmp'\'')
with os.fdopen(fd, '\''w'\'') as fh:
    fh.write(json.dumps(data, indent=2))
    fh.write('\''\n'\'')
os.replace(tmp, p)
'
+ '[' -f /paperclip/instances/default/projects/177bc805-e3c8-4336-84cb-8e1e482d5a17/18221361-973a-493e-9e19-4c43b7a1c6eb/_default/data/buy30590-deep-page-loop.stopped ']'
+ stop_if_running deep_page_loop buy30590-deep-page-loop.mjs
+ local label=deep_page_loop
+ local pattern=buy30590-deep-page-loop.mjs
+ local pid
++ pgrep_pat buy30590-deep-page-loop.mjs
++ local pattern=buy30590-deep-page-loop.mjs
++ local matches filtered pid count keep p
+++ pgrep -af buy30590-deep-page-loop.mjs
+++ grep -vE '^\S+\s+((/usr/bin|/bin)/)?(ba)?sh\b'
+++ grep -vE '\.claude/shell-snapshots'
+++ grep -v buy30854-lane-keep-alive
+++ grep -v scripts/buy30854-lane-keep-alive.sh
+++ true
++ matches=
++ filtered=
++ '[' -z '' ']'
++ echo ''
++ return
+ pid=
+ '[' -z '' ']'
++ ts
++ date -u +%Y-%m-%dT%H:%M:%SZ
+ echo '[2026-06-10T03:50:04Z] deep_page_loop STOPPED (already absent)'
[2026-06-10T03:50:04Z] deep_page_loop STOPPED (already absent)
+ write_dead_count deep_page_loop 0
+ local label=deep_page_loop
+ local count=0
+ python3 -c '
import json, os, tempfile
p='\''/paperclip/instances/default/projects/177bc805-e3c8-4336-84cb-8e1e482d5a17/18221361-973a-493e-9e19-4c43b7a1c6eb/_default/data/buy30854-keep-alive-state.json'\''
data = {}
if os.path.exists(p):
    try:
        data = json.load(open(p))
    except Exception:
        data = {}
data['\''deep_page_loop'\''] = 0
fd, tmp = tempfile.mkstemp(dir=os.path.dirname(p), prefix='\''.buy30854-state.'\'', suffix='\''.tmp'\'')
with os.fdopen(fd, '\''w'\'') as fh:
    fh.write(json.dumps(data, indent=2))
    fh.write('\''\n'\'')
os.replace(tmp, p)
'
+ return 0
++ ts
++ date -u +%Y-%m-%dT%H:%M:%SZ
+ echo '[2026-06-10T03:50:04Z] deep_page_loop SKIPPED (stop marker present; see data/buy30590-deep-page-loop.stopped)'
[2026-06-10T03:50:04Z] deep_page_loop SKIPPED (stop marker present; see data/buy30590-deep-page-loop.stopped)
+ restart_if_dead sustained_loop buy30331-sustained-loop.mjs buy30331-sustained-loop.mjs 'node scripts/buy30331-sustained-loop.mjs' /paperclip/instances/default/projects/177bc805-e3c8-4336-84cb-8e1e482d5a17/18221361-973a-493e-9e19-4c43b7a1c6eb/_default/logs/buy30331_sustained_loop.log
+ local label=sustained_loop
+ local pattern=buy30331-sustained-loop.mjs
+ local script_name=buy30331-sustained-loop.mjs
+ local 'cmd=node scripts/buy30331-sustained-loop.mjs'
+ local logfile=/paperclip/instances/default/projects/177bc805-e3c8-4336-84cb-8e1e482d5a17/18221361-973a-493e-9e19-4c43b7a1c6eb/_default/logs/buy30331_sustained_loop.log
+ local pid dead_ticks lane_root lane_pid
++ pgrep_pat buy30331-sustained-loop.mjs
++ local pattern=buy30331-sustained-loop.mjs
++ local matches filtered pid count keep p
+++ pgrep -af buy30331-sustained-loop.mjs
+++ grep -vE '^\S+\s+((/usr/bin|/bin)/)?(ba)?sh\b'
+++ grep -vE '\.claude/shell-snapshots'
+++ grep -v buy30854-lane-keep-alive
+++ grep -v scripts/buy30854-lane-keep-alive.sh
++ matches='3782962 node scripts/buy30331-sustained-loop.mjs'
++ filtered=
++ '[' -z '3782962 node scripts/buy30331-sustained-loop.mjs' ']'
++ IFS=
++ read -r line
++ '[' -z '3782962 node scripts/buy30331-sustained-loop.mjs' ']'
+++ echo '3782962 node scripts/buy30331-sustained-loop.mjs'
+++ awk '{print $1}'
++ pid=3782962
++ '[' -z 3782962 ']'
++ filtered+='3782962
'
++ IFS=
++ read -r line
+++ echo '3782962
'
+++ sed '/^$/d'
++ filtered=3782962
++ '[' -z 3782962 ']'
+++ echo 3782962
+++ wc -l
+++ tr -d ' '
++ count=1
++ '[' 1 -gt 1 ']'
++ echo 3782962
+ pid=3782962
+ '[' -n 3782962 ']'
++ ts
++ date -u +%Y-%m-%dT%H:%M:%SZ
+ echo '[2026-06-10T03:50:04Z] sustained_loop OK pid=3782962'
[2026-06-10T03:50:04Z] sustained_loop OK pid=3782962
+ write_dead_count sustained_loop 0
+ local label=sustained_loop
+ local count=0
+ python3 -c '
import json, os, tempfile
p='\''/paperclip/instances/default/projects/177bc805-e3c8-4336-84cb-8e1e482d5a17/18221361-973a-493e-9e19-4c43b7a1c6eb/_default/data/buy30854-keep-alive-state.json'\''
data = {}
if os.path.exists(p):
    try:
        data = json.load(open(p))
    except Exception:
        data = {}
data['\''sustained_loop'\''] = 0
fd, tmp = tempfile.mkstemp(dir=os.path.dirname(p), prefix='\''.buy30854-state.'\'', suffix='\''.tmp'\'')
with os.fdopen(fd, '\''w'\'') as fh:
    fh.write(json.dumps(data, indent=2))
    fh.write('\''\n'\'')
os.replace(tmp, p)
'
+ return 0
+ '[' '!' -f /paperclip/instances/default/projects/177bc805-e3c8-4336-84cb-8e1e482d5a17/18221361-973a-493e-9e19-4c43b7a1c6eb/_default/data/checkpoints/buy30590_woocommerce.completed ']'
+ write_dead_count woocommerce_discover 0
+ local label=woocommerce_discover
+ local count=0
+ python3 -c '
import json, os, tempfile
p='\''/paperclip/instances/default/projects/177bc805-e3c8-4336-84cb-8e1e482d5a17/18221361-973a-493e-9e19-4c43b7a1c6eb/_default/data/buy30854-keep-alive-state.json'\''
data = {}
if os.path.exists(p):
    try:
        data = json.load(open(p))
    except Exception:
        data = {}
data['\''woocommerce_discover'\''] = 0
fd, tmp = tempfile.mkstemp(dir=os.path.dirname(p), prefix='\''.buy30854-state.'\'', suffix='\''.tmp'\'')
with os.fdopen(fd, '\''w'\'') as fh:
    fh.write(json.dumps(data, indent=2))
    fh.write('\''\n'\'')
os.replace(tmp, p)
'
++ ts
++ date -u +%Y-%m-%dT%H:%M:%SZ
+ echo '[2026-06-10T03:50:05Z] woocommerce_discover SKIPPED (completion marker present; see data/checkpoints/buy30590_woocommerce.completed)'
[2026-06-10T03:50:05Z] woocommerce_discover SKIPPED (completion marker present; see data/checkpoints/buy30590_woocommerce.completed)
+ '[' -f /paperclip/instances/default/projects/177bc805-e3c8-4336-84cb-8e1e482d5a17/18221361-973a-493e-9e19-4c43b7a1c6eb/_default/data/buy30727-supervisor.stopped ']'
+ write_dead_count lane_supervisor 0
+ local label=lane_supervisor
+ local count=0
+ python3 -c '
import json, os, tempfile
p='\''/paperclip/instances/default/projects/177bc805-e3c8-4336-84cb-8e1e482d5a17/18221361-973a-493e-9e19-4c43b7a1c6eb/_default/data/buy30854-keep-alive-state.json'\''
data = {}
if os.path.exists(p):
    try:
        data = json.load(open(p))
    except Exception:
        data = {}
data['\''lane_supervisor'\''] = 0
fd, tmp = tempfile.mkstemp(dir=os.path.dirname(p), prefix='\''.buy30854-state.'\'', suffix='\''.tmp'\'')
with os.fdopen(fd, '\''w'\'') as fh:
    fh.write(json.dumps(data, indent=2))
    fh.write('\''\n'\'')
os.replace(tmp, p)
'
++ ts
++ date -u +%Y-%m-%dT%H:%M:%SZ
+ echo '[2026-06-10T03:50:05Z] lane_supervisor SKIPPED (BUY-31452 stop marker present; see data/buy30727-supervisor.stopped)'
[2026-06-10T03:50:05Z] lane_supervisor SKIPPED (BUY-31452 stop marker present; see data/buy30727-supervisor.stopped)
++ ts
++ date -u +%Y-%m-%dT%H:%M:%SZ
+ echo '[2026-06-10T03:50:05Z] keep-alive tick complete'
[2026-06-10T03:50:05Z] keep-alive tick complete
===== keep-alive tick 2026-06-10T03:50:40Z =====
[2026-06-10T03:50:40Z] deep_page_loop STOPPED (already absent)
[2026-06-10T03:50:40Z] deep_page_loop SKIPPED (stop marker present; see data/buy30590-deep-page-loop.stopped)
[2026-06-10T03:50:40Z] sustained_loop OK pid=3782962
[2026-06-10T03:50:40Z] woocommerce_discover SKIPPED (completion marker present; see data/checkpoints/buy30590_woocommerce.completed)
[2026-06-10T03:50:40Z] lane_supervisor SKIPPED (BUY-31452 stop marker present; see data/buy30727-supervisor.stopped)
[2026-06-10T03:50:40Z] keep-alive tick complete
===== keep-alive tick 2026-06-10T03:57:42Z =====
[2026-06-10T03:57:43Z] deep_page_loop STOPPED (already absent)
[2026-06-10T03:57:43Z] deep_page_loop SKIPPED (stop marker present; see data/buy30590-deep-page-loop.stopped)
[2026-06-10T03:57:43Z] sustained_loop OK pid=3782962
[2026-06-10T03:57:43Z] woocommerce_discover SKIPPED (completion marker present; see data/checkpoints/buy30590_woocommerce.completed)
[2026-06-10T03:57:43Z] lane_supervisor SKIPPED (BUY-31452 stop marker present; see data/buy30727-supervisor.stopped)
[2026-06-10T03:57:43Z] keep-alive tick complete
===== keep-alive tick 2026-06-10T04:01:15Z =====
[2026-06-10T04:01:15Z] deep_page_loop STOPPED (already absent)
[2026-06-10T04:01:15Z] deep_page_loop SKIPPED (stop marker present; see data/buy30590-deep-page-loop.stopped)
[2026-06-10T04:01:15Z] sustained_loop OK pid=3782962
[2026-06-10T04:01:15Z] woocommerce_discover SKIPPED (completion marker present; see data/checkpoints/buy30590_woocommerce.completed)
[2026-06-10T04:01:15Z] lane_supervisor SKIPPED (BUY-31452 stop marker present; see data/buy30727-supervisor.stopped)
[2026-06-10T04:01:15Z] keep-alive tick complete
===== keep-alive tick 2026-06-10T04:28:04Z =====
[2026-06-10T04:28:04Z] deep_page_loop STOPPED (already absent)
[2026-06-10T04:28:04Z] deep_page_loop SKIPPED (stop marker present; see data/buy30590-deep-page-loop.stopped)
[2026-06-10T04:28:04Z] sustained_loop OK pid=3782962
[2026-06-10T04:28:04Z] woocommerce_discover SKIPPED (completion marker present; see data/checkpoints/buy30590_woocommerce.completed)
[2026-06-10T04:28:04Z] lane_supervisor SKIPPED (BUY-31452 stop marker present; see data/buy30727-supervisor.stopped)
[2026-06-10T04:28:04Z] keep-alive tick complete
===== keep-alive tick 2026-06-10T04:54:41Z =====
[2026-06-10T04:54:41Z] deep_page_loop STOPPED (already absent)
[2026-06-10T04:54:41Z] deep_page_loop SKIPPED (stop marker present; see data/buy30590-deep-page-loop.stopped)
[2026-06-10T04:54:41Z] sustained_loop OK pid=3782962
[2026-06-10T04:54:41Z] woocommerce_discover SKIPPED (completion marker present; see data/checkpoints/buy30590_woocommerce.completed)
[2026-06-10T04:54:41Z] lane_supervisor SKIPPED (BUY-31452 stop marker present; see data/buy30727-supervisor.stopped)
[2026-06-10T04:54:41Z] keep-alive tick complete
===== keep-alive tick 2026-06-10T05:16:27Z =====
[2026-06-10T05:16:27Z] deep_page_loop STOPPED (already absent)
[2026-06-10T05:16:27Z] deep_page_loop SKIPPED (stop marker present; see data/buy30590-deep-page-loop.stopped)
[2026-06-10T05:16:27Z] sustained_loop OK pid=3782962
[2026-06-10T05:16:27Z] woocommerce_discover SKIPPED (completion marker present; see data/checkpoints/buy30590_woocommerce.completed)
[2026-06-10T05:16:27Z] lane_supervisor SKIPPED (BUY-31452 stop marker present; see data/buy30727-supervisor.stopped)
[2026-06-10T05:16:27Z] keep-alive tick complete
===== keep-alive tick 2026-06-10T05:16:55Z =====
[2026-06-10T05:16:55Z] deep_page_loop STOPPED (already absent)
[2026-06-10T05:16:55Z] deep_page_loop SKIPPED (stop marker present; see data/buy30590-deep-page-loop.stopped)
[2026-06-10T05:16:55Z] sustained_loop OK pid=3782962
[2026-06-10T05:16:55Z] woocommerce_discover SKIPPED (completion marker present; see data/checkpoints/buy30590_woocommerce.completed)
[2026-06-10T05:16:55Z] lane_supervisor SKIPPED (BUY-31452 stop marker present; see data/buy30727-supervisor.stopped)
[2026-06-10T05:16:55Z] keep-alive tick complete
===== keep-alive tick 2026-06-10T05:32:07Z =====
[2026-06-10T05:32:07Z] deep_page_loop STOPPED (already absent)
[2026-06-10T05:32:07Z] deep_page_loop SKIPPED (stop marker present; see data/buy30590-deep-page-loop.stopped)
[2026-06-10T05:32:07Z] sustained_loop OK pid=3782962
[2026-06-10T05:32:07Z] woocommerce_discover SKIPPED (completion marker present; see data/checkpoints/buy30590_woocommerce.completed)
[2026-06-10T05:32:07Z] lane_supervisor SKIPPED (BUY-31452 stop marker present; see data/buy30727-supervisor.stopped)
[2026-06-10T05:32:07Z] keep-alive tick complete
===== keep-alive tick 2026-06-10T05:41:42Z =====
[2026-06-10T05:41:42Z] deep_page_loop STOPPED (already absent)
[2026-06-10T05:41:42Z] deep_page_loop SKIPPED (stop marker present; see data/buy30590-deep-page-loop.stopped)
[2026-06-10T05:41:42Z] sustained_loop OK pid=3782962
[2026-06-10T05:41:42Z] woocommerce_discover SKIPPED (completion marker present; see data/checkpoints/buy30590_woocommerce.completed)
[2026-06-10T05:41:42Z] lane_supervisor SKIPPED (BUY-31452 stop marker present; see data/buy30727-supervisor.stopped)
[2026-06-10T05:41:42Z] keep-alive tick complete
===== keep-alive tick 2026-06-10T05:43:14Z =====
[2026-06-10T05:43:14Z] deep_page_loop STOPPED (already absent)
[2026-06-10T05:43:14Z] deep_page_loop SKIPPED (stop marker present; see data/buy30590-deep-page-loop.stopped)
[2026-06-10T05:43:14Z] sustained_loop OK pid=3782962
[2026-06-10T05:43:14Z] woocommerce_discover SKIPPED (completion marker present; see data/checkpoints/buy30590_woocommerce.completed)
[2026-06-10T05:43:14Z] lane_supervisor SKIPPED (BUY-31452 stop marker present; see data/buy30727-supervisor.stopped)
[2026-06-10T05:43:14Z] keep-alive tick complete
===== keep-alive tick 2026-06-10T05:57:24Z =====
[2026-06-10T05:57:25Z] deep_page_loop DEAD — restarting (consecutive_dead_ticks=1)
[2026-06-10T05:57:27Z] deep_page_loop restarted pid=1915798 root=/paperclip/instances/default/workspaces/3ec8f6dd-1735-4479-9825-a2c42edac34c spawned=1915795
[2026-06-10T05:57:27Z] sustained_loop OK pid=3782962
[2026-06-10T05:57:27Z] woocommerce_discover SKIPPED (completion marker present; see data/checkpoints/buy30590_woocommerce.completed)
[2026-06-10T05:57:27Z] lane_supervisor SKIPPED (BUY-31452 stop marker present; see data/buy30727-supervisor.stopped)
[2026-06-10T05:57:27Z] keep-alive tick complete
===== keep-alive tick 2026-06-10T06:06:58Z =====
[2026-06-10T06:06:59Z] deep_page_loop OK pid=1915798
[2026-06-10T06:06:59Z] sustained_loop OK pid=3782962
[2026-06-10T06:06:59Z] woocommerce_discover SKIPPED (completion marker present; see data/checkpoints/buy30590_woocommerce.completed)
[2026-06-10T06:06:59Z] lane_supervisor SKIPPED (BUY-31452 stop marker present; see data/buy30727-supervisor.stopped)
[2026-06-10T06:06:59Z] keep-alive tick complete
===== keep-alive tick 2026-06-10T06:07:58Z =====
[2026-06-10T06:07:58Z] deep_page_loop OK pid=1915798
[2026-06-10T06:07:58Z] sustained_loop OK pid=3782962
[2026-06-10T06:07:58Z] woocommerce_discover SKIPPED (completion marker present; see data/checkpoints/buy30590_woocommerce.completed)
[2026-06-10T06:07:58Z] lane_supervisor SKIPPED (BUY-31452 stop marker present; see data/buy30727-supervisor.stopped)
[2026-06-10T06:07:58Z] keep-alive tick complete
===== keep-alive tick 2026-06-10T06:32:04Z =====
[2026-06-10T06:32:04Z] deep_page_loop OK pid=1915798
[2026-06-10T06:32:04Z] sustained_loop OK pid=3782962
[2026-06-10T06:32:04Z] woocommerce_discover SKIPPED (completion marker present; see data/checkpoints/buy30590_woocommerce.completed)
[2026-06-10T06:32:04Z] lane_supervisor SKIPPED (BUY-31452 stop marker present; see data/buy30727-supervisor.stopped)
[2026-06-10T06:32:04Z] keep-alive tick complete
===== keep-alive tick 2026-06-10T06:32:40Z =====
[2026-06-10T06:32:40Z] deep_page_loop OK pid=1915798
[2026-06-10T06:32:40Z] sustained_loop OK pid=3782962
[2026-06-10T06:32:40Z] woocommerce_discover SKIPPED (completion marker present; see data/checkpoints/buy30590_woocommerce.completed)
[2026-06-10T06:32:40Z] lane_supervisor SKIPPED (BUY-31452 stop marker present; see data/buy30727-supervisor.stopped)
[2026-06-10T06:32:40Z] keep-alive tick complete
===== keep-alive tick 2026-06-10T06:36:13Z =====
[2026-06-10T06:36:13Z] deep_page_loop OK pid=1915798
[2026-06-10T06:36:13Z] sustained_loop OK pid=3782962
[2026-06-10T06:36:13Z] woocommerce_discover SKIPPED (completion marker present; see data/checkpoints/buy30590_woocommerce.completed)
[2026-06-10T06:36:13Z] lane_supervisor SKIPPED (BUY-31452 stop marker present; see data/buy30727-supervisor.stopped)
[2026-06-10T06:36:13Z] keep-alive tick complete
===== keep-alive tick 2026-06-10T06:37:57Z =====
[2026-06-10T06:37:57Z] deep_page_loop OK pid=1915798
[2026-06-10T06:37:57Z] sustained_loop OK pid=3782962
[2026-06-10T06:37:57Z] woocommerce_discover SKIPPED (completion marker present; see data/checkpoints/buy30590_woocommerce.completed)
[2026-06-10T06:37:57Z] lane_supervisor SKIPPED (BUY-31452 stop marker present; see data/buy30727-supervisor.stopped)
[2026-06-10T06:37:57Z] keep-alive tick complete
===== keep-alive tick 2026-06-10T06:46:38Z =====
[2026-06-10T06:46:38Z] deep_page_loop DEAD — restarting (consecutive_dead_ticks=1)
[2026-06-10T06:46:40Z] deep_page_loop restarted pid=2026481 root=/paperclip/instances/default/workspaces/3ec8f6dd-1735-4479-9825-a2c42edac34c spawned=2026478
[2026-06-10T06:46:40Z] sustained_loop DEAD — restarting (consecutive_dead_ticks=1)
[2026-06-10T06:46:42Z] sustained_loop restarted pid=2026671 root=/paperclip/instances/default/workspaces/3ec8f6dd-1735-4479-9825-a2c42edac34c spawned=2026668
[2026-06-10T06:46:42Z] woocommerce_discover SKIPPED (completion marker present; see data/checkpoints/buy30590_woocommerce.completed)
[2026-06-10T06:46:42Z] lane_supervisor SKIPPED (BUY-31452 stop marker present; see data/buy30727-supervisor.stopped)
[2026-06-10T06:46:42Z] keep-alive tick complete
===== keep-alive tick 2026-06-10T06:51:44Z =====
[2026-06-10T06:51:44Z] deep_page_loop OK pid=2026481
[2026-06-10T06:51:44Z] sustained_loop OK pid=2026671
[2026-06-10T06:51:44Z] woocommerce_discover SKIPPED (completion marker present; see data/checkpoints/buy30590_woocommerce.completed)
[2026-06-10T06:51:44Z] lane_supervisor SKIPPED (BUY-31452 stop marker present; see data/buy30727-supervisor.stopped)
[2026-06-10T06:51:44Z] keep-alive tick complete
===== keep-alive tick 2026-06-10T07:01:56Z =====
[2026-06-10T07:01:57Z] deep_page_loop DEAD — restarting (consecutive_dead_ticks=1)
[2026-06-10T07:01:59Z] deep_page_loop restarted pid=2055182 root=/paperclip/instances/default/workspaces/3ec8f6dd-1735-4479-9825-a2c42edac34c spawned=2055179
[2026-06-10T07:01:59Z] sustained_loop DEAD — restarting (consecutive_dead_ticks=1)
[2026-06-10T07:02:01Z] sustained_loop restarted pid=2055267 root=/paperclip/instances/default/workspaces/3ec8f6dd-1735-4479-9825-a2c42edac34c spawned=2055264
[2026-06-10T07:02:01Z] woocommerce_discover SKIPPED (completion marker present; see data/checkpoints/buy30590_woocommerce.completed)
[2026-06-10T07:02:01Z] lane_supervisor SKIPPED (BUY-31452 stop marker present; see data/buy30727-supervisor.stopped)
[2026-06-10T07:02:01Z] keep-alive tick complete
===== keep-alive tick 2026-06-10T07:04:57Z =====
[2026-06-10T07:04:57Z] deep_page_loop OK pid=2055182
[2026-06-10T07:04:58Z] sustained_loop OK pid=2055267
[2026-06-10T07:04:58Z] woocommerce_discover SKIPPED (completion marker present; see data/checkpoints/buy30590_woocommerce.completed)
[2026-06-10T07:04:58Z] lane_supervisor SKIPPED (BUY-31452 stop marker present; see data/buy30727-supervisor.stopped)
[2026-06-10T07:04:58Z] keep-alive tick complete
===== keep-alive tick 2026-06-10T07:06:41Z =====
[2026-06-10T07:06:41Z] deep_page_loop OK pid=2055182
[2026-06-10T07:06:42Z] sustained_loop OK pid=2055267
[2026-06-10T07:06:42Z] woocommerce_discover SKIPPED (completion marker present; see data/checkpoints/buy30590_woocommerce.completed)
[2026-06-10T07:06:42Z] lane_supervisor SKIPPED (BUY-31452 stop marker present; see data/buy30727-supervisor.stopped)
[2026-06-10T07:06:42Z] keep-alive tick complete
===== keep-alive tick 2026-06-10T07:11:43Z =====
[2026-06-10T07:11:43Z] deep_page_loop OK pid=2055182
[2026-06-10T07:11:43Z] sustained_loop OK pid=2055267
[2026-06-10T07:11:43Z] woocommerce_discover SKIPPED (completion marker present; see data/checkpoints/buy30590_woocommerce.completed)
[2026-06-10T07:11:43Z] lane_supervisor SKIPPED (BUY-31452 stop marker present; see data/buy30727-supervisor.stopped)
[2026-06-10T07:11:43Z] keep-alive tick complete
===== keep-alive tick 2026-06-10T07:17:03Z =====
[2026-06-10T07:17:03Z] deep_page_loop OK pid=2055182
[2026-06-10T07:17:03Z] sustained_loop OK pid=2055267
[2026-06-10T07:17:03Z] woocommerce_discover SKIPPED (completion marker present; see data/checkpoints/buy30590_woocommerce.completed)
[2026-06-10T07:17:03Z] lane_supervisor SKIPPED (BUY-31452 stop marker present; see data/buy30727-supervisor.stopped)
[2026-06-10T07:17:03Z] keep-alive tick complete
===== keep-alive tick 2026-06-10T07:21:38Z =====
[2026-06-10T07:21:38Z] deep_page_loop OK pid=2055182
[2026-06-10T07:21:38Z] sustained_loop OK pid=2055267
[2026-06-10T07:21:38Z] woocommerce_discover SKIPPED (completion marker present; see data/checkpoints/buy30590_woocommerce.completed)
[2026-06-10T07:21:39Z] lane_supervisor SKIPPED (BUY-31452 stop marker present; see data/buy30727-supervisor.stopped)
[2026-06-10T07:21:39Z] keep-alive tick complete
===== keep-alive tick 2026-06-10T07:31:45Z =====
[2026-06-10T07:31:45Z] deep_page_loop DEAD — restarting (consecutive_dead_ticks=1)
[2026-06-10T07:31:47Z] deep_page_loop restarted pid=2125586 root=/paperclip/instances/default/workspaces/3ec8f6dd-1735-4479-9825-a2c42edac34c spawned=2125583
[2026-06-10T07:31:47Z] sustained_loop OK pid=2114109
[2026-06-10T07:31:47Z] woocommerce_discover SKIPPED (completion marker present; see data/checkpoints/buy30590_woocommerce.completed)
[2026-06-10T07:31:47Z] lane_supervisor SKIPPED (BUY-31452 stop marker present; see data/buy30727-supervisor.stopped)
[2026-06-10T07:31:47Z] keep-alive tick complete
===== keep-alive tick 2026-06-10T08:26:21Z =====
[2026-06-10T08:26:21Z] deep_page_loop OK pid=2125586
[2026-06-10T08:26:21Z] sustained_loop OK pid=2163920
[2026-06-10T08:26:21Z] woocommerce_discover SKIPPED (completion marker present; see data/checkpoints/buy30590_woocommerce.completed)
[2026-06-10T08:26:21Z] lane_supervisor SKIPPED (BUY-31452 stop marker present; see data/buy30727-supervisor.stopped)
[2026-06-10T08:26:21Z] keep-alive tick complete
===== keep-alive tick 2026-06-10T08:27:08Z =====
[2026-06-10T08:27:08Z] deep_page_loop OK pid=2125586
[2026-06-10T08:27:08Z] sustained_loop OK pid=2163920
[2026-06-10T08:27:08Z] woocommerce_discover SKIPPED (completion marker present; see data/checkpoints/buy30590_woocommerce.completed)
[2026-06-10T08:27:08Z] lane_supervisor SKIPPED (BUY-31452 stop marker present; see data/buy30727-supervisor.stopped)
[2026-06-10T08:27:08Z] keep-alive tick complete
===== keep-alive tick 2026-06-10T08:31:37Z =====
[2026-06-10T08:31:37Z] deep_page_loop OK pid=2125586
[2026-06-10T08:31:37Z] sustained_loop OK pid=2163920
[2026-06-10T08:31:37Z] woocommerce_discover SKIPPED (completion marker present; see data/checkpoints/buy30590_woocommerce.completed)
[2026-06-10T08:31:37Z] lane_supervisor SKIPPED (BUY-31452 stop marker present; see data/buy30727-supervisor.stopped)
[2026-06-10T08:31:37Z] keep-alive tick complete
===== keep-alive tick 2026-06-10T08:36:40Z =====
[2026-06-10T08:36:40Z] deep_page_loop OK pid=2125586
[2026-06-10T08:36:40Z] sustained_loop OK pid=2163920
[2026-06-10T08:36:40Z] woocommerce_discover SKIPPED (completion marker present; see data/checkpoints/buy30590_woocommerce.completed)
[2026-06-10T08:36:40Z] lane_supervisor SKIPPED (BUY-31452 stop marker present; see data/buy30727-supervisor.stopped)
[2026-06-10T08:36:40Z] keep-alive tick complete
===== keep-alive tick 2026-06-10T08:38:11Z =====
[2026-06-10T08:38:11Z] deep_page_loop OK pid=2125586
[2026-06-10T08:38:11Z] sustained_loop OK pid=2163920
[2026-06-10T08:38:11Z] woocommerce_discover SKIPPED (completion marker present; see data/checkpoints/buy30590_woocommerce.completed)
[2026-06-10T08:38:11Z] lane_supervisor SKIPPED (BUY-31452 stop marker present; see data/buy30727-supervisor.stopped)
[2026-06-10T08:38:11Z] keep-alive tick complete
===== keep-alive tick 2026-06-10T08:41:51Z =====
[2026-06-10T08:41:52Z] deep_page_loop OK pid=2125586
[2026-06-10T08:41:52Z] sustained_loop OK pid=2163920
[2026-06-10T08:41:52Z] woocommerce_discover SKIPPED (completion marker present; see data/checkpoints/buy30590_woocommerce.completed)
[2026-06-10T08:41:52Z] lane_supervisor SKIPPED (BUY-31452 stop marker present; see data/buy30727-supervisor.stopped)
[2026-06-10T08:41:52Z] keep-alive tick complete
===== keep-alive tick 2026-06-10T08:45:13Z =====
[2026-06-10T08:45:13Z] deep_page_loop OK pid=2125586
[2026-06-10T08:45:14Z] sustained_loop OK pid=2163920
[2026-06-10T08:45:14Z] woocommerce_discover SKIPPED (completion marker present; see data/checkpoints/buy30590_woocommerce.completed)
[2026-06-10T08:45:14Z] lane_supervisor SKIPPED (BUY-31452 stop marker present; see data/buy30727-supervisor.stopped)
[2026-06-10T08:45:14Z] keep-alive tick complete
===== keep-alive tick 2026-06-10T08:46:35Z =====
[2026-06-10T08:46:35Z] deep_page_loop OK pid=2125586
[2026-06-10T08:46:35Z] sustained_loop OK pid=2163920
[2026-06-10T08:46:35Z] woocommerce_discover SKIPPED (completion marker present; see data/checkpoints/buy30590_woocommerce.completed)
[2026-06-10T08:46:35Z] lane_supervisor SKIPPED (BUY-31452 stop marker present; see data/buy30727-supervisor.stopped)
[2026-06-10T08:46:35Z] keep-alive tick complete
===== keep-alive tick 2026-06-10T08:51:38Z =====
[2026-06-10T08:51:39Z] deep_page_loop OK pid=2125586
[2026-06-10T08:51:39Z] sustained_loop OK pid=2163920
[2026-06-10T08:51:39Z] woocommerce_discover SKIPPED (completion marker present; see data/checkpoints/buy30590_woocommerce.completed)
[2026-06-10T08:51:39Z] lane_supervisor SKIPPED (BUY-31452 stop marker present; see data/buy30727-supervisor.stopped)
[2026-06-10T08:51:39Z] keep-alive tick complete
===== keep-alive tick 2026-06-10T08:51:54Z =====
[2026-06-10T08:51:54Z] deep_page_loop OK pid=2125586
[2026-06-10T08:51:54Z] sustained_loop OK pid=2163920
[2026-06-10T08:51:54Z] woocommerce_discover SKIPPED (completion marker present; see data/checkpoints/buy30590_woocommerce.completed)
[2026-06-10T08:51:54Z] lane_supervisor SKIPPED (BUY-31452 stop marker present; see data/buy30727-supervisor.stopped)
[2026-06-10T08:51:54Z] keep-alive tick complete
===== keep-alive tick 2026-06-10T08:56:39Z =====
[2026-06-10T08:56:39Z] deep_page_loop OK pid=2125586
[2026-06-10T08:56:39Z] sustained_loop OK pid=2163920
[2026-06-10T08:56:39Z] woocommerce_discover SKIPPED (completion marker present; see data/checkpoints/buy30590_woocommerce.completed)
[2026-06-10T08:56:40Z] lane_supervisor SKIPPED (BUY-31452 stop marker present; see data/buy30727-supervisor.stopped)
[2026-06-10T08:56:40Z] keep-alive tick complete
===== keep-alive tick 2026-06-10T09:01:26Z =====
[2026-06-10T09:01:26Z] deep_page_loop OK pid=2125586
[2026-06-10T09:01:27Z] sustained_loop OK pid=2163920
[2026-06-10T09:01:27Z] woocommerce_discover SKIPPED (completion marker present; see data/checkpoints/buy30590_woocommerce.completed)
[2026-06-10T09:01:27Z] lane_supervisor SKIPPED (BUY-31452 stop marker present; see data/buy30727-supervisor.stopped)
[2026-06-10T09:01:27Z] keep-alive tick complete
===== keep-alive tick 2026-06-10T09:01:33Z =====
[2026-06-10T09:01:33Z] deep_page_loop OK pid=2125586
[2026-06-10T09:01:33Z] sustained_loop OK pid=2163920
[2026-06-10T09:01:33Z] woocommerce_discover SKIPPED (completion marker present; see data/checkpoints/buy30590_woocommerce.completed)
[2026-06-10T09:01:33Z] lane_supervisor SKIPPED (BUY-31452 stop marker present; see data/buy30727-supervisor.stopped)
[2026-06-10T09:01:33Z] keep-alive tick complete
===== keep-alive tick 2026-06-10T09:01:43Z =====
[2026-06-10T09:01:43Z] deep_page_loop OK pid=2125586
[2026-06-10T09:01:43Z] sustained_loop OK pid=2163920
[2026-06-10T09:01:43Z] woocommerce_discover SKIPPED (completion marker present; see data/checkpoints/buy30590_woocommerce.completed)
[2026-06-10T09:01:43Z] lane_supervisor SKIPPED (BUY-31452 stop marker present; see data/buy30727-supervisor.stopped)
[2026-06-10T09:01:43Z] keep-alive tick complete
===== keep-alive tick 2026-06-10T09:06:34Z =====
[2026-06-10T09:06:34Z] deep_page_loop OK pid=2125586
[2026-06-10T09:06:34Z] sustained_loop OK pid=2163920
[2026-06-10T09:06:34Z] woocommerce_discover SKIPPED (completion marker present; see data/checkpoints/buy30590_woocommerce.completed)
[2026-06-10T09:06:34Z] lane_supervisor SKIPPED (BUY-31452 stop marker present; see data/buy30727-supervisor.stopped)
[2026-06-10T09:06:34Z] keep-alive tick complete
===== keep-alive tick 2026-06-10T09:11:45Z =====
[2026-06-10T09:11:45Z] deep_page_loop OK pid=2125586
[2026-06-10T09:11:46Z] sustained_loop OK pid=2163920
[2026-06-10T09:11:46Z] woocommerce_discover SKIPPED (completion marker present; see data/checkpoints/buy30590_woocommerce.completed)
[2026-06-10T09:11:46Z] lane_supervisor SKIPPED (BUY-31452 stop marker present; see data/buy30727-supervisor.stopped)
[2026-06-10T09:11:46Z] keep-alive tick complete
===== keep-alive tick 2026-06-10T09:12:06Z =====
[2026-06-10T09:12:06Z] deep_page_loop OK pid=2125586
[2026-06-10T09:12:06Z] sustained_loop OK pid=2163920
[2026-06-10T09:12:06Z] woocommerce_discover SKIPPED (completion marker present; see data/checkpoints/buy30590_woocommerce.completed)
[2026-06-10T09:12:06Z] lane_supervisor SKIPPED (BUY-31452 stop marker present; see data/buy30727-supervisor.stopped)
[2026-06-10T09:12:06Z] keep-alive tick complete
===== keep-alive tick 2026-06-10T09:16:38Z =====
[2026-06-10T09:16:38Z] deep_page_loop OK pid=2125586
[2026-06-10T09:16:38Z] sustained_loop OK pid=2163920
[2026-06-10T09:16:38Z] woocommerce_discover SKIPPED (completion marker present; see data/checkpoints/buy30590_woocommerce.completed)
[2026-06-10T09:16:38Z] lane_supervisor SKIPPED (BUY-31452 stop marker present; see data/buy30727-supervisor.stopped)
[2026-06-10T09:16:38Z] keep-alive tick complete
===== keep-alive tick 2026-06-10T09:21:39Z =====
[2026-06-10T09:21:39Z] deep_page_loop OK pid=2125586
[2026-06-10T09:21:39Z] sustained_loop OK pid=2163920
[2026-06-10T09:21:40Z] woocommerce_discover SKIPPED (completion marker present; see data/checkpoints/buy30590_woocommerce.completed)
[2026-06-10T09:21:40Z] lane_supervisor SKIPPED (BUY-31452 stop marker present; see data/buy30727-supervisor.stopped)
[2026-06-10T09:21:40Z] keep-alive tick complete
===== keep-alive tick 2026-06-10T09:26:35Z =====
[2026-06-10T09:26:35Z] deep_page_loop OK pid=2125586
[2026-06-10T09:26:36Z] sustained_loop OK pid=2163920
[2026-06-10T09:26:36Z] woocommerce_discover SKIPPED (completion marker present; see data/checkpoints/buy30590_woocommerce.completed)
[2026-06-10T09:26:36Z] lane_supervisor SKIPPED (BUY-31452 stop marker present; see data/buy30727-supervisor.stopped)
[2026-06-10T09:26:36Z] keep-alive tick complete
===== keep-alive tick 2026-06-10T09:27:08Z =====
[2026-06-10T09:27:08Z] deep_page_loop OK pid=2125586
[2026-06-10T09:27:08Z] sustained_loop OK pid=2163920
[2026-06-10T09:27:08Z] woocommerce_discover SKIPPED (completion marker present; see data/checkpoints/buy30590_woocommerce.completed)
[2026-06-10T09:27:08Z] lane_supervisor SKIPPED (BUY-31452 stop marker present; see data/buy30727-supervisor.stopped)
[2026-06-10T09:27:08Z] keep-alive tick complete
===== keep-alive tick 2026-06-10T09:31:39Z =====
[2026-06-10T09:31:39Z] deep_page_loop OK pid=2125586
[2026-06-10T09:31:39Z] sustained_loop OK pid=2163920
[2026-06-10T09:31:40Z] woocommerce_discover SKIPPED (completion marker present; see data/checkpoints/buy30590_woocommerce.completed)
[2026-06-10T09:31:40Z] lane_supervisor SKIPPED (BUY-31452 stop marker present; see data/buy30727-supervisor.stopped)
[2026-06-10T09:31:40Z] keep-alive tick complete
===== keep-alive tick 2026-06-10T09:33:52Z =====
[2026-06-10T09:33:52Z] deep_page_loop OK pid=2125586
[2026-06-10T09:33:52Z] sustained_loop OK pid=2163920
[2026-06-10T09:33:53Z] woocommerce_discover SKIPPED (completion marker present; see data/checkpoints/buy30590_woocommerce.completed)
[2026-06-10T09:33:53Z] lane_supervisor SKIPPED (BUY-31452 stop marker present; see data/buy30727-supervisor.stopped)
[2026-06-10T09:33:53Z] keep-alive tick complete
===== keep-alive tick 2026-06-10T09:36:36Z =====
[2026-06-10T09:36:36Z] deep_page_loop OK pid=2125586
[2026-06-10T09:36:36Z] sustained_loop OK pid=2163920
[2026-06-10T09:36:36Z] woocommerce_discover SKIPPED (completion marker present; see data/checkpoints/buy30590_woocommerce.completed)
[2026-06-10T09:36:36Z] lane_supervisor SKIPPED (BUY-31452 stop marker present; see data/buy30727-supervisor.stopped)
[2026-06-10T09:36:36Z] keep-alive tick complete
===== keep-alive tick 2026-06-10T09:41:47Z =====
[2026-06-10T09:41:47Z] deep_page_loop OK pid=2125586
[2026-06-10T09:41:47Z] sustained_loop OK pid=2163920
[2026-06-10T09:41:47Z] woocommerce_discover SKIPPED (completion marker present; see data/checkpoints/buy30590_woocommerce.completed)
[2026-06-10T09:41:48Z] lane_supervisor SKIPPED (BUY-31452 stop marker present; see data/buy30727-supervisor.stopped)
[2026-06-10T09:41:48Z] keep-alive tick complete
===== keep-alive tick 2026-06-10T09:42:56Z =====
[2026-06-10T09:42:56Z] deep_page_loop OK pid=2125586
[2026-06-10T09:42:56Z] sustained_loop OK pid=2163920
[2026-06-10T09:42:56Z] woocommerce_discover SKIPPED (completion marker present; see data/checkpoints/buy30590_woocommerce.completed)
[2026-06-10T09:42:56Z] lane_supervisor SKIPPED (BUY-31452 stop marker present; see data/buy30727-supervisor.stopped)
[2026-06-10T09:42:56Z] keep-alive tick complete
===== keep-alive tick 2026-06-10T09:46:41Z =====
[2026-06-10T09:46:41Z] deep_page_loop OK pid=2125586
[2026-06-10T09:46:41Z] sustained_loop OK pid=2163920
[2026-06-10T09:46:41Z] woocommerce_discover SKIPPED (completion marker present; see data/checkpoints/buy30590_woocommerce.completed)
[2026-06-10T09:46:41Z] lane_supervisor SKIPPED (BUY-31452 stop marker present; see data/buy30727-supervisor.stopped)
[2026-06-10T09:46:41Z] keep-alive tick complete
===== keep-alive tick 2026-06-10T09:51:43Z =====
[2026-06-10T09:51:43Z] deep_page_loop OK pid=2125586
[2026-06-10T09:51:43Z] sustained_loop OK pid=2163920
[2026-06-10T09:51:43Z] woocommerce_discover SKIPPED (completion marker present; see data/checkpoints/buy30590_woocommerce.completed)
[2026-06-10T09:51:43Z] lane_supervisor SKIPPED (BUY-31452 stop marker present; see data/buy30727-supervisor.stopped)
[2026-06-10T09:51:43Z] keep-alive tick complete
===== keep-alive tick 2026-06-10T09:51:46Z =====
[2026-06-10T09:51:46Z] deep_page_loop OK pid=2125586
[2026-06-10T09:51:46Z] sustained_loop OK pid=2163920
[2026-06-10T09:51:46Z] woocommerce_discover SKIPPED (completion marker present; see data/checkpoints/buy30590_woocommerce.completed)
[2026-06-10T09:51:46Z] lane_supervisor SKIPPED (BUY-31452 stop marker present; see data/buy30727-supervisor.stopped)
[2026-06-10T09:51:46Z] keep-alive tick complete
===== keep-alive tick 2026-06-10T09:56:35Z =====
[2026-06-10T09:56:35Z] deep_page_loop OK pid=2125586
[2026-06-10T09:56:35Z] sustained_loop OK pid=2163920
[2026-06-10T09:56:35Z] woocommerce_discover SKIPPED (completion marker present; see data/checkpoints/buy30590_woocommerce.completed)
[2026-06-10T09:56:35Z] lane_supervisor SKIPPED (BUY-31452 stop marker present; see data/buy30727-supervisor.stopped)
[2026-06-10T09:56:35Z] keep-alive tick complete
===== keep-alive tick 2026-06-10T10:00:48Z =====
[2026-06-10T10:00:48Z] deep_page_loop OK pid=2125586
[2026-06-10T10:00:48Z] sustained_loop OK pid=2163920
[2026-06-10T10:00:48Z] woocommerce_discover SKIPPED (completion marker present; see data/checkpoints/buy30590_woocommerce.completed)
[2026-06-10T10:00:48Z] lane_supervisor SKIPPED (BUY-31452 stop marker present; see data/buy30727-supervisor.stopped)
[2026-06-10T10:00:48Z] keep-alive tick complete
===== keep-alive tick 2026-06-10T10:00:52Z =====
[2026-06-10T10:00:52Z] deep_page_loop OK pid=2125586
[2026-06-10T10:00:52Z] sustained_loop OK pid=2163920
[2026-06-10T10:00:52Z] woocommerce_discover SKIPPED (completion marker present; see data/checkpoints/buy30590_woocommerce.completed)
[2026-06-10T10:00:52Z] lane_supervisor SKIPPED (BUY-31452 stop marker present; see data/buy30727-supervisor.stopped)
[2026-06-10T10:00:52Z] keep-alive tick complete
===== keep-alive tick 2026-06-10T10:01:32Z =====
[2026-06-10T10:01:32Z] deep_page_loop OK pid=2125586
[2026-06-10T10:01:32Z] sustained_loop OK pid=2163920
[2026-06-10T10:01:33Z] woocommerce_discover SKIPPED (completion marker present; see data/checkpoints/buy30590_woocommerce.completed)
[2026-06-10T10:01:33Z] lane_supervisor SKIPPED (BUY-31452 stop marker present; see data/buy30727-supervisor.stopped)
[2026-06-10T10:01:33Z] keep-alive tick complete
===== keep-alive tick 2026-06-10T10:06:39Z =====
[2026-06-10T10:06:39Z] deep_page_loop OK pid=2125586
[2026-06-10T10:06:39Z] sustained_loop OK pid=2163920
[2026-06-10T10:06:39Z] woocommerce_discover SKIPPED (completion marker present; see data/checkpoints/buy30590_woocommerce.completed)
[2026-06-10T10:06:39Z] lane_supervisor SKIPPED (BUY-31452 stop marker present; see data/buy30727-supervisor.stopped)
[2026-06-10T10:06:39Z] keep-alive tick complete
===== keep-alive tick 2026-06-10T10:08:00Z =====
[2026-06-10T10:08:00Z] deep_page_loop OK pid=2125586
[2026-06-10T10:08:00Z] sustained_loop OK pid=2163920
[2026-06-10T10:08:00Z] woocommerce_discover SKIPPED (completion marker present; see data/checkpoints/buy30590_woocommerce.completed)
[2026-06-10T10:08:00Z] lane_supervisor SKIPPED (BUY-31452 stop marker present; see data/buy30727-supervisor.stopped)
[2026-06-10T10:08:00Z] keep-alive tick complete
===== keep-alive tick 2026-06-10T10:11:33Z =====
[2026-06-10T10:11:33Z] deep_page_loop OK pid=2125586
[2026-06-10T10:11:33Z] sustained_loop OK pid=2163920
[2026-06-10T10:11:33Z] woocommerce_discover SKIPPED (completion marker present; see data/checkpoints/buy30590_woocommerce.completed)
[2026-06-10T10:11:33Z] lane_supervisor SKIPPED (BUY-31452 stop marker present; see data/buy30727-supervisor.stopped)
[2026-06-10T10:11:33Z] keep-alive tick complete
===== keep-alive tick 2026-06-10T10:16:34Z =====
[2026-06-10T10:16:34Z] deep_page_loop OK pid=2125586
[2026-06-10T10:16:34Z] sustained_loop OK pid=2163920
[2026-06-10T10:16:35Z] woocommerce_discover SKIPPED (completion marker present; see data/checkpoints/buy30590_woocommerce.completed)
[2026-06-10T10:16:35Z] lane_supervisor SKIPPED (BUY-31452 stop marker present; see data/buy30727-supervisor.stopped)
[2026-06-10T10:16:35Z] keep-alive tick complete
===== keep-alive tick 2026-06-10T10:21:33Z =====
[2026-06-10T10:21:33Z] deep_page_loop OK pid=2125586
[2026-06-10T10:21:33Z] sustained_loop OK pid=2163920
[2026-06-10T10:21:34Z] woocommerce_discover SKIPPED (completion marker present; see data/checkpoints/buy30590_woocommerce.completed)
[2026-06-10T10:21:34Z] lane_supervisor SKIPPED (BUY-31452 stop marker present; see data/buy30727-supervisor.stopped)
[2026-06-10T10:21:34Z] keep-alive tick complete
===== keep-alive tick 2026-06-10T10:26:29Z =====
[2026-06-10T10:26:29Z] deep_page_loop DEAD — restarting (consecutive_dead_ticks=1)
[2026-06-10T10:26:31Z] deep_page_loop restarted pid=2460103 root=/paperclip/instances/default/workspaces/3ec8f6dd-1735-4479-9825-a2c42edac34c spawned=2460100
[2026-06-10T10:26:32Z] sustained_loop DEAD — restarting (consecutive_dead_ticks=1)
[2026-06-10T10:26:34Z] sustained_loop restarted pid=2460282 root=/paperclip/instances/default/workspaces/3ec8f6dd-1735-4479-9825-a2c42edac34c spawned=2460279
[2026-06-10T10:26:34Z] woocommerce_discover SKIPPED (completion marker present; see data/checkpoints/buy30590_woocommerce.completed)
[2026-06-10T10:26:34Z] lane_supervisor SKIPPED (BUY-31452 stop marker present; see data/buy30727-supervisor.stopped)
[2026-06-10T10:26:34Z] keep-alive tick complete
===== keep-alive tick 2026-06-10T10:26:49Z =====
[2026-06-10T10:26:49Z] deep_page_loop OK pid=2460103
[2026-06-10T10:26:49Z] sustained_loop OK pid=2460282
[2026-06-10T10:26:49Z] woocommerce_discover SKIPPED (completion marker present; see data/checkpoints/buy30590_woocommerce.completed)
[2026-06-10T10:26:49Z] lane_supervisor SKIPPED (BUY-31452 stop marker present; see data/buy30727-supervisor.stopped)
[2026-06-10T10:26:49Z] keep-alive tick complete
===== keep-alive tick 2026-06-10T10:31:37Z =====
[2026-06-10T10:31:37Z] deep_page_loop DEAD — restarting (consecutive_dead_ticks=1)
[2026-06-10T10:31:39Z] deep_page_loop restarted pid=2473117 root=/paperclip/instances/default/workspaces/3ec8f6dd-1735-4479-9825-a2c42edac34c spawned=2473113
[2026-06-10T10:31:40Z] sustained_loop OK pid=2469685
[2026-06-10T10:31:40Z] woocommerce_discover SKIPPED (completion marker present; see data/checkpoints/buy30590_woocommerce.completed)
[2026-06-10T10:31:40Z] lane_supervisor SKIPPED (BUY-31452 stop marker present; see data/buy30727-supervisor.stopped)
[2026-06-10T10:31:40Z] keep-alive tick complete
===== keep-alive tick 2026-06-10T10:32:46Z =====
[2026-06-10T10:32:46Z] deep_page_loop OK pid=2473117
[2026-06-10T10:32:47Z] sustained_loop OK pid=2469685
[2026-06-10T10:32:47Z] woocommerce_discover SKIPPED (completion marker present; see data/checkpoints/buy30590_woocommerce.completed)
[2026-06-10T10:32:47Z] lane_supervisor SKIPPED (BUY-31452 stop marker present; see data/buy30727-supervisor.stopped)
[2026-06-10T10:32:47Z] keep-alive tick complete
===== keep-alive tick 2026-06-10T10:34:53Z =====
[2026-06-10T10:34:53Z] deep_page_loop DEAD — restarting (consecutive_dead_ticks=1)
[2026-06-10T10:34:55Z] deep_page_loop restarted pid=2479932 root=/paperclip/instances/default/workspaces/3ec8f6dd-1735-4479-9825-a2c42edac34c spawned=2479928
[2026-06-10T10:34:55Z] sustained_loop DEAD — restarting (consecutive_dead_ticks=1)
[2026-06-10T10:34:57Z] sustained_loop restarted pid=2480041 root=/paperclip/instances/default/workspaces/3ec8f6dd-1735-4479-9825-a2c42edac34c spawned=2480038
[2026-06-10T10:34:57Z] woocommerce_discover SKIPPED (completion marker present; see data/checkpoints/buy30590_woocommerce.completed)
[2026-06-10T10:34:57Z] lane_supervisor SKIPPED (BUY-31452 stop marker present; see data/buy30727-supervisor.stopped)
[2026-06-10T10:34:57Z] keep-alive tick complete
===== keep-alive tick 2026-06-10T10:36:37Z =====
[2026-06-10T10:36:37Z] deep_page_loop OK pid=2479932
[2026-06-10T10:36:37Z] sustained_loop OK pid=2480041
[2026-06-10T10:36:37Z] woocommerce_discover SKIPPED (completion marker present; see data/checkpoints/buy30590_woocommerce.completed)
[2026-06-10T10:36:37Z] lane_supervisor SKIPPED (BUY-31452 stop marker present; see data/buy30727-supervisor.stopped)
[2026-06-10T10:36:37Z] keep-alive tick complete
===== keep-alive tick 2026-06-10T10:41:32Z =====
[2026-06-10T10:41:32Z] deep_page_loop OK pid=2479932
[2026-06-10T10:41:33Z] sustained_loop OK pid=2480041
[2026-06-10T10:41:33Z] woocommerce_discover SKIPPED (completion marker present; see data/checkpoints/buy30590_woocommerce.completed)
[2026-06-10T10:41:33Z] lane_supervisor SKIPPED (BUY-31452 stop marker present; see data/buy30727-supervisor.stopped)
[2026-06-10T10:41:33Z] keep-alive tick complete
===== keep-alive tick 2026-06-10T10:41:38Z =====
[2026-06-10T10:41:38Z] deep_page_loop OK pid=2479932
[2026-06-10T10:41:38Z] sustained_loop OK pid=2480041
[2026-06-10T10:41:38Z] woocommerce_discover SKIPPED (completion marker present; see data/checkpoints/buy30590_woocommerce.completed)
[2026-06-10T10:41:38Z] lane_supervisor SKIPPED (BUY-31452 stop marker present; see data/buy30727-supervisor.stopped)
[2026-06-10T10:41:38Z] keep-alive tick complete
===== keep-alive tick 2026-06-10T10:46:32Z =====
[2026-06-10T10:46:32Z] deep_page_loop OK pid=2479932
[2026-06-10T10:46:32Z] sustained_loop OK pid=2480041
[2026-06-10T10:46:32Z] woocommerce_discover SKIPPED (completion marker present; see data/checkpoints/buy30590_woocommerce.completed)
[2026-06-10T10:46:33Z] lane_supervisor SKIPPED (BUY-31452 stop marker present; see data/buy30727-supervisor.stopped)
[2026-06-10T10:46:33Z] keep-alive tick complete
===== keep-alive tick 2026-06-10T10:51:37Z =====
[2026-06-10T10:51:37Z] deep_page_loop OK pid=2479932
[2026-06-10T10:51:37Z] sustained_loop OK pid=2480041
[2026-06-10T10:51:38Z] woocommerce_discover SKIPPED (completion marker present; see data/checkpoints/buy30590_woocommerce.completed)
[2026-06-10T10:51:38Z] lane_supervisor SKIPPED (BUY-31452 stop marker present; see data/buy30727-supervisor.stopped)
[2026-06-10T10:51:38Z] keep-alive tick complete
===== keep-alive tick 2026-06-10T10:52:08Z =====
[2026-06-10T10:52:08Z] deep_page_loop OK pid=2479932
[2026-06-10T10:52:08Z] sustained_loop OK pid=2480041
[2026-06-10T10:52:08Z] woocommerce_discover SKIPPED (completion marker present; see data/checkpoints/buy30590_woocommerce.completed)
[2026-06-10T10:52:08Z] lane_supervisor SKIPPED (BUY-31452 stop marker present; see data/buy30727-supervisor.stopped)
[2026-06-10T10:52:08Z] keep-alive tick complete
===== keep-alive tick 2026-06-10T10:56:34Z =====
[2026-06-10T10:56:34Z] deep_page_loop OK pid=2479932
[2026-06-10T10:56:34Z] sustained_loop OK pid=2480041
[2026-06-10T10:56:34Z] woocommerce_discover SKIPPED (completion marker present; see data/checkpoints/buy30590_woocommerce.completed)
[2026-06-10T10:56:34Z] lane_supervisor SKIPPED (BUY-31452 stop marker present; see data/buy30727-supervisor.stopped)
[2026-06-10T10:56:34Z] keep-alive tick complete
===== keep-alive tick 2026-06-10T10:58:18Z =====
[2026-06-10T10:58:19Z] deep_page_loop OK pid=2479932
[2026-06-10T10:58:19Z] sustained_loop OK pid=2480041
[2026-06-10T10:58:19Z] woocommerce_discover SKIPPED (completion marker present; see data/checkpoints/buy30590_woocommerce.completed)
[2026-06-10T10:58:19Z] lane_supervisor SKIPPED (BUY-31452 stop marker present; see data/buy30727-supervisor.stopped)
[2026-06-10T10:58:19Z] keep-alive tick complete
===== keep-alive tick 2026-06-10T11:01:42Z =====
[2026-06-10T11:01:42Z] deep_page_loop OK pid=2479932
[2026-06-10T11:01:42Z] sustained_loop OK pid=2480041
[2026-06-10T11:01:42Z] woocommerce_discover SKIPPED (completion marker present; see data/checkpoints/buy30590_woocommerce.completed)
[2026-06-10T11:01:43Z] lane_supervisor SKIPPED (BUY-31452 stop marker present; see data/buy30727-supervisor.stopped)
[2026-06-10T11:01:43Z] keep-alive tick complete
===== keep-alive tick 2026-06-10T11:04:16Z =====
[2026-06-10T11:04:16Z] deep_page_loop OK pid=2479932
[2026-06-10T11:04:17Z] sustained_loop OK pid=2480041
[2026-06-10T11:04:17Z] woocommerce_discover SKIPPED (completion marker present; see data/checkpoints/buy30590_woocommerce.completed)
[2026-06-10T11:04:17Z] lane_supervisor SKIPPED (BUY-31452 stop marker present; see data/buy30727-supervisor.stopped)
[2026-06-10T11:04:17Z] keep-alive tick complete
===== keep-alive tick 2026-06-10T11:06:40Z =====
[2026-06-10T11:06:40Z] deep_page_loop OK pid=2479932
[2026-06-10T11:06:40Z] sustained_loop OK pid=2480041
[2026-06-10T11:06:40Z] woocommerce_discover SKIPPED (completion marker present; see data/checkpoints/buy30590_woocommerce.completed)
[2026-06-10T11:06:40Z] lane_supervisor SKIPPED (BUY-31452 stop marker present; see data/buy30727-supervisor.stopped)
[2026-06-10T11:06:40Z] keep-alive tick complete
===== keep-alive tick 2026-06-10T11:11:51Z =====
[2026-06-10T11:11:51Z] deep_page_loop OK pid=2479932
[2026-06-10T11:11:51Z] sustained_loop OK pid=2480041
[2026-06-10T11:11:51Z] woocommerce_discover SKIPPED (completion marker present; see data/checkpoints/buy30590_woocommerce.completed)
[2026-06-10T11:11:51Z] lane_supervisor SKIPPED (BUY-31452 stop marker present; see data/buy30727-supervisor.stopped)
[2026-06-10T11:11:51Z] keep-alive tick complete
===== keep-alive tick 2026-06-10T11:17:13Z =====
[2026-06-10T11:17:13Z] deep_page_loop DEAD — restarting (consecutive_dead_ticks=1)
[2026-06-10T11:17:15Z] deep_page_loop restarted pid=2559138 root=/paperclip/instances/default/workspaces/3ec8f6dd-1735-4479-9825-a2c42edac34c spawned=2559135
[2026-06-10T11:17:15Z] sustained_loop OK pid=2552951
[2026-06-10T11:17:15Z] woocommerce_discover SKIPPED (completion marker present; see data/checkpoints/buy30590_woocommerce.completed)
[2026-06-10T11:17:15Z] lane_supervisor SKIPPED (BUY-31452 stop marker present; see data/buy30727-supervisor.stopped)
[2026-06-10T11:17:15Z] keep-alive tick complete
===== keep-alive tick 2026-06-10T11:21:47Z =====
[2026-06-10T11:21:48Z] deep_page_loop OK pid=2559138
[2026-06-10T11:21:48Z] sustained_loop OK pid=2552951
[2026-06-10T11:21:48Z] woocommerce_discover SKIPPED (completion marker present; see data/checkpoints/buy30590_woocommerce.completed)
[2026-06-10T11:21:48Z] lane_supervisor SKIPPED (BUY-31452 stop marker present; see data/buy30727-supervisor.stopped)
[2026-06-10T11:21:48Z] keep-alive tick complete
===== keep-alive tick 2026-06-10T11:26:35Z =====
[2026-06-10T11:26:36Z] deep_page_loop OK pid=2559138
[2026-06-10T11:26:36Z] sustained_loop OK pid=2552951
[2026-06-10T11:26:36Z] woocommerce_discover SKIPPED (completion marker present; see data/checkpoints/buy30590_woocommerce.completed)
[2026-06-10T11:26:36Z] lane_supervisor SKIPPED (BUY-31452 stop marker present; see data/buy30727-supervisor.stopped)
[2026-06-10T11:26:36Z] keep-alive tick complete
===== keep-alive tick 2026-06-10T11:31:58Z =====
[2026-06-10T11:31:58Z] deep_page_loop OK pid=2559138
[2026-06-10T11:31:58Z] sustained_loop OK pid=2552951
[2026-06-10T11:31:58Z] woocommerce_discover SKIPPED (completion marker present; see data/checkpoints/buy30590_woocommerce.completed)
[2026-06-10T11:31:58Z] lane_supervisor SKIPPED (BUY-31452 stop marker present; see data/buy30727-supervisor.stopped)
[2026-06-10T11:31:58Z] keep-alive tick complete
===== keep-alive tick 2026-06-10T11:36:46Z =====
[2026-06-10T11:36:47Z] deep_page_loop OK pid=2559138
[2026-06-10T11:36:47Z] sustained_loop OK pid=2552951
[2026-06-10T11:36:47Z] woocommerce_discover SKIPPED (completion marker present; see data/checkpoints/buy30590_woocommerce.completed)
[2026-06-10T11:36:47Z] lane_supervisor SKIPPED (BUY-31452 stop marker present; see data/buy30727-supervisor.stopped)
[2026-06-10T11:36:47Z] keep-alive tick complete
===== keep-alive tick 2026-06-10T11:41:34Z =====
[2026-06-10T11:41:34Z] deep_page_loop OK pid=2559138
[2026-06-10T11:41:34Z] sustained_loop OK pid=2552951
[2026-06-10T11:41:34Z] woocommerce_discover SKIPPED (completion marker present; see data/checkpoints/buy30590_woocommerce.completed)
[2026-06-10T11:41:34Z] lane_supervisor SKIPPED (BUY-31452 stop marker present; see data/buy30727-supervisor.stopped)
[2026-06-10T11:41:34Z] keep-alive tick complete
===== keep-alive tick 2026-06-10T11:46:40Z =====
[2026-06-10T11:46:40Z] deep_page_loop OK pid=2559138
[2026-06-10T11:46:40Z] sustained_loop OK pid=2552951
[2026-06-10T11:46:40Z] woocommerce_discover SKIPPED (completion marker present; see data/checkpoints/buy30590_woocommerce.completed)
[2026-06-10T11:46:40Z] lane_supervisor SKIPPED (BUY-31452 stop marker present; see data/buy30727-supervisor.stopped)
[2026-06-10T11:46:40Z] keep-alive tick complete
===== keep-alive tick 2026-06-10T11:51:57Z =====
[2026-06-10T11:51:57Z] deep_page_loop OK pid=2559138
[2026-06-10T11:51:57Z] sustained_loop OK pid=2552951
[2026-06-10T11:51:57Z] woocommerce_discover SKIPPED (completion marker present; see data/checkpoints/buy30590_woocommerce.completed)
[2026-06-10T11:51:57Z] lane_supervisor SKIPPED (BUY-31452 stop marker present; see data/buy30727-supervisor.stopped)
[2026-06-10T11:51:57Z] keep-alive tick complete
===== keep-alive tick 2026-06-10T11:56:43Z =====
[2026-06-10T11:56:43Z] deep_page_loop OK pid=2559138
[2026-06-10T11:56:43Z] sustained_loop OK pid=2552951
[2026-06-10T11:56:43Z] woocommerce_discover SKIPPED (completion marker present; see data/checkpoints/buy30590_woocommerce.completed)
[2026-06-10T11:56:43Z] lane_supervisor SKIPPED (BUY-31452 stop marker present; see data/buy30727-supervisor.stopped)
[2026-06-10T11:56:43Z] keep-alive tick complete
===== keep-alive tick 2026-06-10T12:01:44Z =====
[2026-06-10T12:01:44Z] deep_page_loop OK pid=2559138
[2026-06-10T12:01:44Z] sustained_loop OK pid=2552951
[2026-06-10T12:01:44Z] woocommerce_discover SKIPPED (completion marker present; see data/checkpoints/buy30590_woocommerce.completed)
[2026-06-10T12:01:44Z] lane_supervisor SKIPPED (BUY-31452 stop marker present; see data/buy30727-supervisor.stopped)
[2026-06-10T12:01:44Z] keep-alive tick complete
===== keep-alive tick 2026-06-10T12:06:33Z =====
[2026-06-10T12:06:33Z] deep_page_loop OK pid=2559138
[2026-06-10T12:06:33Z] sustained_loop OK pid=2552951
[2026-06-10T12:06:33Z] woocommerce_discover SKIPPED (completion marker present; see data/checkpoints/buy30590_woocommerce.completed)
[2026-06-10T12:06:33Z] lane_supervisor SKIPPED (BUY-31452 stop marker present; see data/buy30727-supervisor.stopped)
[2026-06-10T12:06:33Z] keep-alive tick complete
===== keep-alive tick 2026-06-10T12:12:13Z =====
[2026-06-10T12:12:14Z] deep_page_loop OK pid=2559138
[2026-06-10T12:12:14Z] sustained_loop OK pid=2552951
[2026-06-10T12:12:14Z] woocommerce_discover SKIPPED (completion marker present; see data/checkpoints/buy30590_woocommerce.completed)
[2026-06-10T12:12:14Z] lane_supervisor SKIPPED (BUY-31452 stop marker present; see data/buy30727-supervisor.stopped)
[2026-06-10T12:12:14Z] keep-alive tick complete
===== keep-alive tick 2026-06-10T12:13:08Z =====
[2026-06-10T12:13:09Z] deep_page_loop OK pid=2559138
[2026-06-10T12:13:09Z] sustained_loop OK pid=2552951
[2026-06-10T12:13:09Z] woocommerce_discover SKIPPED (completion marker present; see data/checkpoints/buy30590_woocommerce.completed)
[2026-06-10T12:13:09Z] lane_supervisor SKIPPED (BUY-31452 stop marker present; see data/buy30727-supervisor.stopped)
[2026-06-10T12:13:09Z] keep-alive tick complete
===== keep-alive tick 2026-06-10T12:16:37Z =====
[2026-06-10T12:16:37Z] deep_page_loop OK pid=2559138
[2026-06-10T12:16:38Z] sustained_loop OK pid=2552951
[2026-06-10T12:16:38Z] woocommerce_discover SKIPPED (completion marker present; see data/checkpoints/buy30590_woocommerce.completed)
[2026-06-10T12:16:38Z] lane_supervisor SKIPPED (BUY-31452 stop marker present; see data/buy30727-supervisor.stopped)
[2026-06-10T12:16:38Z] keep-alive tick complete
===== keep-alive tick 2026-06-10T12:21:36Z =====
[2026-06-10T12:21:36Z] deep_page_loop OK pid=2559138
[2026-06-10T12:21:36Z] sustained_loop OK pid=2552951
[2026-06-10T12:21:37Z] woocommerce_discover SKIPPED (completion marker present; see data/checkpoints/buy30590_woocommerce.completed)
[2026-06-10T12:21:37Z] lane_supervisor SKIPPED (BUY-31452 stop marker present; see data/buy30727-supervisor.stopped)
[2026-06-10T12:21:37Z] keep-alive tick complete
===== keep-alive tick 2026-06-10T12:26:35Z =====
[2026-06-10T12:26:36Z] deep_page_loop OK pid=2559138
[2026-06-10T12:26:36Z] sustained_loop OK pid=2552951
[2026-06-10T12:26:36Z] woocommerce_discover SKIPPED (completion marker present; see data/checkpoints/buy30590_woocommerce.completed)
[2026-06-10T12:26:36Z] lane_supervisor SKIPPED (BUY-31452 stop marker present; see data/buy30727-supervisor.stopped)
[2026-06-10T12:26:36Z] keep-alive tick complete
===== keep-alive tick 2026-06-10T12:31:41Z =====
[2026-06-10T12:31:41Z] deep_page_loop OK pid=2559138
[2026-06-10T12:31:41Z] sustained_loop OK pid=2552951
[2026-06-10T12:31:41Z] woocommerce_discover SKIPPED (completion marker present; see data/checkpoints/buy30590_woocommerce.completed)
[2026-06-10T12:31:41Z] lane_supervisor SKIPPED (BUY-31452 stop marker present; see data/buy30727-supervisor.stopped)
[2026-06-10T12:31:41Z] keep-alive tick complete
===== keep-alive tick 2026-06-10T12:36:35Z =====
[2026-06-10T12:36:35Z] deep_page_loop OK pid=2559138
[2026-06-10T12:36:35Z] sustained_loop OK pid=2552951
[2026-06-10T12:36:35Z] woocommerce_discover SKIPPED (completion marker present; see data/checkpoints/buy30590_woocommerce.completed)
[2026-06-10T12:36:35Z] lane_supervisor SKIPPED (BUY-31452 stop marker present; see data/buy30727-supervisor.stopped)
[2026-06-10T12:36:35Z] keep-alive tick complete
===== keep-alive tick 2026-06-10T12:41:37Z =====
[2026-06-10T12:41:37Z] deep_page_loop OK pid=2559138
[2026-06-10T12:41:37Z] sustained_loop OK pid=2552951
[2026-06-10T12:41:37Z] woocommerce_discover SKIPPED (completion marker present; see data/checkpoints/buy30590_woocommerce.completed)
[2026-06-10T12:41:37Z] lane_supervisor SKIPPED (BUY-31452 stop marker present; see data/buy30727-supervisor.stopped)
[2026-06-10T12:41:37Z] keep-alive tick complete
===== keep-alive tick 2026-06-10T12:46:36Z =====
[2026-06-10T12:46:36Z] deep_page_loop OK pid=2559138
[2026-06-10T12:46:36Z] sustained_loop OK pid=2552951
[2026-06-10T12:46:36Z] woocommerce_discover SKIPPED (completion marker present; see data/checkpoints/buy30590_woocommerce.completed)
[2026-06-10T12:46:36Z] lane_supervisor SKIPPED (BUY-31452 stop marker present; see data/buy30727-supervisor.stopped)
[2026-06-10T12:46:36Z] keep-alive tick complete
===== keep-alive tick 2026-06-10T12:51:54Z =====
[2026-06-10T12:51:54Z] deep_page_loop OK pid=2559138
[2026-06-10T12:51:54Z] sustained_loop OK pid=2552951
[2026-06-10T12:51:54Z] woocommerce_discover SKIPPED (completion marker present; see data/checkpoints/buy30590_woocommerce.completed)
[2026-06-10T12:51:54Z] lane_supervisor SKIPPED (BUY-31452 stop marker present; see data/buy30727-supervisor.stopped)
[2026-06-10T12:51:54Z] keep-alive tick complete
===== keep-alive tick 2026-06-10T12:55:00Z =====
[2026-06-10T12:55:00Z] deep_page_loop OK pid=2559138
[2026-06-10T12:55:01Z] sustained_loop OK pid=2552951
[2026-06-10T12:55:01Z] woocommerce_discover SKIPPED (completion marker present; see data/checkpoints/buy30590_woocommerce.completed)
[2026-06-10T12:55:01Z] lane_supervisor SKIPPED (BUY-31452 stop marker present; see data/buy30727-supervisor.stopped)
[2026-06-10T12:55:01Z] keep-alive tick complete
===== keep-alive tick 2026-06-10T13:02:05Z =====
[2026-06-10T13:02:05Z] deep_page_loop DEAD — restarting (consecutive_dead_ticks=1)
[2026-06-10T13:02:08Z] deep_page_loop restarted pid=2793717 root=/paperclip/instances/default/workspaces/3ec8f6dd-1735-4479-9825-a2c42edac34c spawned=2793714
[2026-06-10T13:02:08Z] sustained_loop OK pid=2788687
[2026-06-10T13:02:08Z] woocommerce_discover SKIPPED (completion marker present; see data/checkpoints/buy30590_woocommerce.completed)
[2026-06-10T13:02:08Z] lane_supervisor SKIPPED (BUY-31452 stop marker present; see data/buy30727-supervisor.stopped)
[2026-06-10T13:02:08Z] keep-alive tick complete
===== keep-alive tick 2026-06-10T13:02:52Z =====
[2026-06-10T13:02:52Z] deep_page_loop OK pid=2793717
[2026-06-10T13:02:52Z] sustained_loop OK pid=2788687
[2026-06-10T13:02:52Z] woocommerce_discover SKIPPED (completion marker present; see data/checkpoints/buy30590_woocommerce.completed)
[2026-06-10T13:02:52Z] lane_supervisor SKIPPED (BUY-31452 stop marker present; see data/buy30727-supervisor.stopped)
[2026-06-10T13:02:52Z] keep-alive tick complete
===== keep-alive tick 2026-06-10T13:03:57Z =====
[2026-06-10T13:03:57Z] deep_page_loop OK pid=2793717
[2026-06-10T13:03:57Z] sustained_loop OK pid=2788687
[2026-06-10T13:03:57Z] woocommerce_discover SKIPPED (completion marker present; see data/checkpoints/buy30590_woocommerce.completed)
[2026-06-10T13:03:58Z] lane_supervisor SKIPPED (BUY-31452 stop marker present; see data/buy30727-supervisor.stopped)
[2026-06-10T13:03:58Z] keep-alive tick complete
===== keep-alive tick 2026-06-10T13:06:35Z =====
[2026-06-10T13:06:35Z] deep_page_loop OK pid=2793717
[2026-06-10T13:06:35Z] sustained_loop OK pid=2788687
[2026-06-10T13:06:35Z] woocommerce_discover SKIPPED (completion marker present; see data/checkpoints/buy30590_woocommerce.completed)
[2026-06-10T13:06:35Z] lane_supervisor SKIPPED (BUY-31452 stop marker present; see data/buy30727-supervisor.stopped)
[2026-06-10T13:06:35Z] keep-alive tick complete
===== keep-alive tick 2026-06-10T13:11:38Z =====
[2026-06-10T13:11:38Z] deep_page_loop OK pid=2793717
[2026-06-10T13:11:38Z] sustained_loop OK pid=2788687
[2026-06-10T13:11:38Z] woocommerce_discover SKIPPED (completion marker present; see data/checkpoints/buy30590_woocommerce.completed)
[2026-06-10T13:11:38Z] lane_supervisor SKIPPED (BUY-31452 stop marker present; see data/buy30727-supervisor.stopped)
[2026-06-10T13:11:38Z] keep-alive tick complete
===== keep-alive tick 2026-06-10T13:14:14Z =====
[2026-06-10T13:14:14Z] deep_page_loop OK pid=2793717
[2026-06-10T13:14:14Z] sustained_loop OK pid=2788687
[2026-06-10T13:14:14Z] woocommerce_discover SKIPPED (completion marker present; see data/checkpoints/buy30590_woocommerce.completed)
[2026-06-10T13:14:14Z] lane_supervisor SKIPPED (BUY-31452 stop marker present; see data/buy30727-supervisor.stopped)
[2026-06-10T13:14:14Z] keep-alive tick complete
===== keep-alive tick 2026-06-10T13:16:51Z =====
[2026-06-10T13:16:51Z] deep_page_loop OK pid=2793717
[2026-06-10T13:16:51Z] sustained_loop OK pid=2788687
[2026-06-10T13:16:51Z] woocommerce_discover SKIPPED (completion marker present; see data/checkpoints/buy30590_woocommerce.completed)
[2026-06-10T13:16:51Z] lane_supervisor SKIPPED (BUY-31452 stop marker present; see data/buy30727-supervisor.stopped)
[2026-06-10T13:16:51Z] keep-alive tick complete
===== keep-alive tick 2026-06-10T13:21:50Z =====
[2026-06-10T13:21:50Z] deep_page_loop OK pid=2793717
[2026-06-10T13:21:50Z] sustained_loop OK pid=2788687
[2026-06-10T13:21:51Z] woocommerce_discover SKIPPED (completion marker present; see data/checkpoints/buy30590_woocommerce.completed)
[2026-06-10T13:21:51Z] lane_supervisor SKIPPED (BUY-31452 stop marker present; see data/buy30727-supervisor.stopped)
[2026-06-10T13:21:51Z] keep-alive tick complete
===== keep-alive tick 2026-06-10T13:26:33Z =====
[2026-06-10T13:26:33Z] deep_page_loop OK pid=2793717
[2026-06-10T13:26:33Z] sustained_loop OK pid=2788687
[2026-06-10T13:26:33Z] woocommerce_discover SKIPPED (completion marker present; see data/checkpoints/buy30590_woocommerce.completed)
[2026-06-10T13:26:33Z] lane_supervisor SKIPPED (BUY-31452 stop marker present; see data/buy30727-supervisor.stopped)
[2026-06-10T13:26:33Z] keep-alive tick complete
===== keep-alive tick 2026-06-10T13:31:48Z =====
[2026-06-10T13:31:49Z] deep_page_loop OK pid=2793717
[2026-06-10T13:31:49Z] sustained_loop OK pid=2788687
[2026-06-10T13:31:49Z] woocommerce_discover SKIPPED (completion marker present; see data/checkpoints/buy30590_woocommerce.completed)
[2026-06-10T13:31:49Z] lane_supervisor SKIPPED (BUY-31452 stop marker present; see data/buy30727-supervisor.stopped)
[2026-06-10T13:31:49Z] keep-alive tick complete
===== keep-alive tick 2026-06-10T13:33:14Z =====
[2026-06-10T13:33:14Z] deep_page_loop OK pid=2793717
[2026-06-10T13:33:14Z] sustained_loop OK pid=2788687
[2026-06-10T13:33:14Z] woocommerce_discover SKIPPED (completion marker present; see data/checkpoints/buy30590_woocommerce.completed)
[2026-06-10T13:33:14Z] lane_supervisor SKIPPED (BUY-31452 stop marker present; see data/buy30727-supervisor.stopped)
[2026-06-10T13:33:14Z] keep-alive tick complete
===== keep-alive tick 2026-06-10T13:37:38Z =====
[2026-06-10T13:37:38Z] deep_page_loop OK pid=2793717
[2026-06-10T13:37:38Z] sustained_loop OK pid=2788687
[2026-06-10T13:37:38Z] woocommerce_discover SKIPPED (completion marker present; see data/checkpoints/buy30590_woocommerce.completed)
[2026-06-10T13:37:38Z] lane_supervisor SKIPPED (BUY-31452 stop marker present; see data/buy30727-supervisor.stopped)
[2026-06-10T13:37:38Z] keep-alive tick complete
===== keep-alive tick 2026-06-10T13:38:57Z =====
[2026-06-10T13:38:57Z] deep_page_loop OK pid=2793717
[2026-06-10T13:38:57Z] sustained_loop OK pid=2788687
[2026-06-10T13:38:57Z] woocommerce_discover SKIPPED (completion marker present; see data/checkpoints/buy30590_woocommerce.completed)
[2026-06-10T13:38:57Z] lane_supervisor SKIPPED (BUY-31452 stop marker present; see data/buy30727-supervisor.stopped)
[2026-06-10T13:38:57Z] keep-alive tick complete
===== keep-alive tick 2026-06-10T13:41:34Z =====
[2026-06-10T13:41:34Z] deep_page_loop OK pid=2793717
[2026-06-10T13:41:34Z] sustained_loop OK pid=2788687
[2026-06-10T13:41:34Z] woocommerce_discover SKIPPED (completion marker present; see data/checkpoints/buy30590_woocommerce.completed)
[2026-06-10T13:41:34Z] lane_supervisor SKIPPED (BUY-31452 stop marker present; see data/buy30727-supervisor.stopped)
[2026-06-10T13:41:34Z] keep-alive tick complete
===== keep-alive tick 2026-06-10T13:46:35Z =====
[2026-06-10T13:46:35Z] deep_page_loop OK pid=2793717
[2026-06-10T13:46:35Z] sustained_loop OK pid=2788687
[2026-06-10T13:46:35Z] woocommerce_discover SKIPPED (completion marker present; see data/checkpoints/buy30590_woocommerce.completed)
[2026-06-10T13:46:35Z] lane_supervisor SKIPPED (BUY-31452 stop marker present; see data/buy30727-supervisor.stopped)
[2026-06-10T13:46:35Z] keep-alive tick complete
===== keep-alive tick 2026-06-10T13:51:32Z =====
[2026-06-10T13:51:33Z] deep_page_loop OK pid=2793717
[2026-06-10T13:51:33Z] sustained_loop OK pid=2788687
[2026-06-10T13:51:33Z] woocommerce_discover SKIPPED (completion marker present; see data/checkpoints/buy30590_woocommerce.completed)
[2026-06-10T13:51:33Z] lane_supervisor SKIPPED (BUY-31452 stop marker present; see data/buy30727-supervisor.stopped)
[2026-06-10T13:51:33Z] keep-alive tick complete
===== keep-alive tick 2026-06-10T13:56:32Z =====
[2026-06-10T13:56:32Z] deep_page_loop OK pid=2793717
[2026-06-10T13:56:32Z] sustained_loop OK pid=2788687
[2026-06-10T13:56:32Z] woocommerce_discover SKIPPED (completion marker present; see data/checkpoints/buy30590_woocommerce.completed)
[2026-06-10T13:56:32Z] lane_supervisor SKIPPED (BUY-31452 stop marker present; see data/buy30727-supervisor.stopped)
[2026-06-10T13:56:32Z] keep-alive tick complete
===== keep-alive tick 2026-06-10T14:02:09Z =====
[2026-06-10T14:02:09Z] deep_page_loop OK pid=2793717
[2026-06-10T14:02:09Z] sustained_loop OK pid=2788687
[2026-06-10T14:02:09Z] woocommerce_discover SKIPPED (completion marker present; see data/checkpoints/buy30590_woocommerce.completed)
[2026-06-10T14:02:09Z] lane_supervisor SKIPPED (BUY-31452 stop marker present; see data/buy30727-supervisor.stopped)
[2026-06-10T14:02:09Z] keep-alive tick complete
===== keep-alive tick 2026-06-10T14:06:38Z =====
[2026-06-10T14:06:38Z] deep_page_loop OK pid=2793717
[2026-06-10T14:06:38Z] sustained_loop OK pid=2788687
[2026-06-10T14:06:38Z] woocommerce_discover SKIPPED (completion marker present; see data/checkpoints/buy30590_woocommerce.completed)
[2026-06-10T14:06:38Z] lane_supervisor SKIPPED (BUY-31452 stop marker present; see data/buy30727-supervisor.stopped)
[2026-06-10T14:06:38Z] keep-alive tick complete
===== keep-alive tick 2026-06-10T14:11:54Z =====
[2026-06-10T14:11:54Z] deep_page_loop OK pid=2793717
[2026-06-10T14:11:54Z] sustained_loop OK pid=2788687
[2026-06-10T14:11:54Z] woocommerce_discover SKIPPED (completion marker present; see data/checkpoints/buy30590_woocommerce.completed)
[2026-06-10T14:11:54Z] lane_supervisor SKIPPED (BUY-31452 stop marker present; see data/buy30727-supervisor.stopped)
[2026-06-10T14:11:54Z] keep-alive tick complete
===== keep-alive tick 2026-06-10T14:13:39Z =====
[2026-06-10T14:13:39Z] deep_page_loop OK pid=2793717
[2026-06-10T14:13:39Z] sustained_loop OK pid=2788687
[2026-06-10T14:13:39Z] woocommerce_discover SKIPPED (completion marker present; see data/checkpoints/buy30590_woocommerce.completed)
[2026-06-10T14:13:39Z] lane_supervisor SKIPPED (BUY-31452 stop marker present; see data/buy30727-supervisor.stopped)
[2026-06-10T14:13:39Z] keep-alive tick complete
===== keep-alive tick 2026-06-10T14:13:45Z =====
[2026-06-10T14:13:45Z] deep_page_loop OK pid=2793717
[2026-06-10T14:13:45Z] sustained_loop OK pid=2788687
[2026-06-10T14:13:46Z] woocommerce_discover SKIPPED (completion marker present; see data/checkpoints/buy30590_woocommerce.completed)
[2026-06-10T14:13:46Z] lane_supervisor SKIPPED (BUY-31452 stop marker present; see data/buy30727-supervisor.stopped)
[2026-06-10T14:13:46Z] keep-alive tick complete
===== keep-alive tick 2026-06-10T14:16:50Z =====
[2026-06-10T14:16:50Z] deep_page_loop OK pid=2793717
[2026-06-10T14:16:50Z] sustained_loop OK pid=2788687
[2026-06-10T14:16:50Z] woocommerce_discover SKIPPED (completion marker present; see data/checkpoints/buy30590_woocommerce.completed)
[2026-06-10T14:16:50Z] lane_supervisor SKIPPED (BUY-31452 stop marker present; see data/buy30727-supervisor.stopped)
[2026-06-10T14:16:50Z] keep-alive tick complete
===== keep-alive tick 2026-06-10T14:21:42Z =====
[2026-06-10T14:21:42Z] deep_page_loop OK pid=2793717
[2026-06-10T14:21:42Z] sustained_loop OK pid=2788687
[2026-06-10T14:21:42Z] woocommerce_discover SKIPPED (completion marker present; see data/checkpoints/buy30590_woocommerce.completed)
[2026-06-10T14:21:42Z] lane_supervisor SKIPPED (BUY-31452 stop marker present; see data/buy30727-supervisor.stopped)
[2026-06-10T14:21:42Z] keep-alive tick complete
===== keep-alive tick 2026-06-10T14:26:44Z =====
[2026-06-10T14:26:44Z] deep_page_loop OK pid=2793717
[2026-06-10T14:26:44Z] sustained_loop OK pid=2788687
[2026-06-10T14:26:45Z] woocommerce_discover SKIPPED (completion marker present; see data/checkpoints/buy30590_woocommerce.completed)
[2026-06-10T14:26:45Z] lane_supervisor SKIPPED (BUY-31452 stop marker present; see data/buy30727-supervisor.stopped)
[2026-06-10T14:26:45Z] keep-alive tick complete
===== keep-alive tick 2026-06-10T14:26:50Z =====
[2026-06-10T14:26:50Z] deep_page_loop OK pid=2793717
[2026-06-10T14:26:51Z] sustained_loop OK pid=2788687
[2026-06-10T14:26:51Z] woocommerce_discover SKIPPED (completion marker present; see data/checkpoints/buy30590_woocommerce.completed)
[2026-06-10T14:26:51Z] lane_supervisor SKIPPED (BUY-31452 stop marker present; see data/buy30727-supervisor.stopped)
[2026-06-10T14:26:51Z] keep-alive tick complete
===== keep-alive tick 2026-06-10T14:31:35Z =====
[2026-06-10T14:31:36Z] deep_page_loop OK pid=2793717
[2026-06-10T14:31:36Z] sustained_loop OK pid=2788687
[2026-06-10T14:31:36Z] woocommerce_discover SKIPPED (completion marker present; see data/checkpoints/buy30590_woocommerce.completed)
[2026-06-10T14:31:36Z] lane_supervisor SKIPPED (BUY-31452 stop marker present; see data/buy30727-supervisor.stopped)
[2026-06-10T14:31:36Z] keep-alive tick complete
===== keep-alive tick 2026-06-10T14:34:16Z =====
[2026-06-10T14:34:16Z] deep_page_loop OK pid=2793717
[2026-06-10T14:34:16Z] sustained_loop OK pid=2788687
[2026-06-10T14:34:16Z] woocommerce_discover SKIPPED (completion marker present; see data/checkpoints/buy30590_woocommerce.completed)
[2026-06-10T14:34:16Z] lane_supervisor SKIPPED (BUY-31452 stop marker present; see data/buy30727-supervisor.stopped)
[2026-06-10T14:34:16Z] keep-alive tick complete
===== keep-alive tick 2026-06-10T14:36:44Z =====
[2026-06-10T14:36:45Z] deep_page_loop OK pid=2793717
[2026-06-10T14:36:45Z] sustained_loop OK pid=2788687
[2026-06-10T14:36:45Z] woocommerce_discover SKIPPED (completion marker present; see data/checkpoints/buy30590_woocommerce.completed)
[2026-06-10T14:36:45Z] lane_supervisor SKIPPED (BUY-31452 stop marker present; see data/buy30727-supervisor.stopped)
[2026-06-10T14:36:45Z] keep-alive tick complete
===== keep-alive tick 2026-06-10T14:39:59Z =====
[2026-06-10T14:39:59Z] deep_page_loop OK pid=2793717
[2026-06-10T14:39:59Z] sustained_loop OK pid=2788687
[2026-06-10T14:40:00Z] woocommerce_discover SKIPPED (completion marker present; see data/checkpoints/buy30590_woocommerce.completed)
[2026-06-10T14:40:00Z] lane_supervisor SKIPPED (BUY-31452 stop marker present; see data/buy30727-supervisor.stopped)
[2026-06-10T14:40:00Z] keep-alive tick complete
++ ts
++ date -u +%Y-%m-%dT%H:%M:%SZ
+ echo '===== keep-alive tick 2026-06-10T14:40:05Z ====='
===== keep-alive tick 2026-06-10T14:40:05Z =====
+ prune_legacy_lane_counts
+ local label
+ for label in "buy30745_substrate_supervisor" "buy33243_custom_domain_supervisor"
+ delete_state_key buy30745_substrate_supervisor
+ local label=buy30745_substrate_supervisor
+ python3 -c '
import json, os, tempfile
p='\''/paperclip/instances/default/projects/177bc805-e3c8-4336-84cb-8e1e482d5a17/18221361-973a-493e-9e19-4c43b7a1c6eb/_default/data/buy30854-keep-alive-state.json'\''
if not os.path.exists(p):
    raise SystemExit
try:
    data = json.load(open(p))
except Exception:
    data = {}
if '\''buy30745_substrate_supervisor'\'' not in data:
    raise SystemExit
del data['\''buy30745_substrate_supervisor'\'']
fd, tmp = tempfile.mkstemp(dir=os.path.dirname(p), prefix='\''.buy30854-state.'\'', suffix='\''.tmp'\'')
with os.fdopen(fd, '\''w'\'') as fh:
    fh.write(json.dumps(data, indent=2))
    fh.write('\''\n'\'')
os.replace(tmp, p)
'
+ for label in "buy30745_substrate_supervisor" "buy33243_custom_domain_supervisor"
+ delete_state_key buy33243_custom_domain_supervisor
+ local label=buy33243_custom_domain_supervisor
+ python3 -c '
import json, os, tempfile
p='\''/paperclip/instances/default/projects/177bc805-e3c8-4336-84cb-8e1e482d5a17/18221361-973a-493e-9e19-4c43b7a1c6eb/_default/data/buy30854-keep-alive-state.json'\''
if not os.path.exists(p):
    raise SystemExit
try:
    data = json.load(open(p))
except Exception:
    data = {}
if '\''buy33243_custom_domain_supervisor'\'' not in data:
    raise SystemExit
del data['\''buy33243_custom_domain_supervisor'\'']
fd, tmp = tempfile.mkstemp(dir=os.path.dirname(p), prefix='\''.buy30854-state.'\'', suffix='\''.tmp'\'')
with os.fdopen(fd, '\''w'\'') as fh:
    fh.write(json.dumps(data, indent=2))
    fh.write('\''\n'\'')
os.replace(tmp, p)
'
+ '[' -f /paperclip/instances/default/projects/177bc805-e3c8-4336-84cb-8e1e482d5a17/18221361-973a-493e-9e19-4c43b7a1c6eb/_default/data/buy30590-deep-page-loop.stopped ']'
+ restart_if_dead deep_page_loop buy30590-deep-page-loop.mjs buy30590-deep-page-loop.mjs 'node scripts/buy30590-deep-page-loop.mjs' /paperclip/instances/default/projects/177bc805-e3c8-4336-84cb-8e1e482d5a17/18221361-973a-493e-9e19-4c43b7a1c6eb/_default/logs/buy30590_deep_page_loop.log
+ local label=deep_page_loop
+ local pattern=buy30590-deep-page-loop.mjs
+ local script_name=buy30590-deep-page-loop.mjs
+ local 'cmd=node scripts/buy30590-deep-page-loop.mjs'
+ local logfile=/paperclip/instances/default/projects/177bc805-e3c8-4336-84cb-8e1e482d5a17/18221361-973a-493e-9e19-4c43b7a1c6eb/_default/logs/buy30590_deep_page_loop.log
+ local pid dead_ticks lane_root lane_pid
++ pgrep_pat buy30590-deep-page-loop.mjs
++ local pattern=buy30590-deep-page-loop.mjs
++ local matches filtered pid count keep p
+++ pgrep -af buy30590-deep-page-loop.mjs
+++ grep -vE '^\S+\s+((/usr/bin|/bin)/)?(ba)?sh\b'
+++ grep -vE '\.claude/shell-snapshots'
+++ grep -v buy30854-lane-keep-alive
+++ grep -v scripts/buy30854-lane-keep-alive.sh
++ matches='2793717 node scripts/buy30590-deep-page-loop.mjs'
++ filtered=
++ '[' -z '2793717 node scripts/buy30590-deep-page-loop.mjs' ']'
++ IFS=
++ read -r line
++ '[' -z '2793717 node scripts/buy30590-deep-page-loop.mjs' ']'
+++ echo '2793717 node scripts/buy30590-deep-page-loop.mjs'
+++ awk '{print $1}'
++ pid=2793717
++ '[' -z 2793717 ']'
++ filtered+='2793717
'
++ IFS=
++ read -r line
+++ echo '2793717
'
+++ sed '/^$/d'
++ filtered=2793717
++ '[' -z 2793717 ']'
+++ echo 2793717
+++ wc -l
+++ tr -d ' '
++ count=1
++ '[' 1 -gt 1 ']'
++ echo 2793717
+ pid=2793717
+ '[' -n 2793717 ']'
++ ts
++ date -u +%Y-%m-%dT%H:%M:%SZ
+ echo '[2026-06-10T14:40:05Z] deep_page_loop OK pid=2793717'
[2026-06-10T14:40:05Z] deep_page_loop OK pid=2793717
+ write_dead_count deep_page_loop 0
+ local label=deep_page_loop
+ local count=0
+ python3 -c '
import json, os, tempfile
p='\''/paperclip/instances/default/projects/177bc805-e3c8-4336-84cb-8e1e482d5a17/18221361-973a-493e-9e19-4c43b7a1c6eb/_default/data/buy30854-keep-alive-state.json'\''
data = {}
if os.path.exists(p):
    try:
        data = json.load(open(p))
    except Exception:
        data = {}
data['\''deep_page_loop'\''] = 0
fd, tmp = tempfile.mkstemp(dir=os.path.dirname(p), prefix='\''.buy30854-state.'\'', suffix='\''.tmp'\'')
with os.fdopen(fd, '\''w'\'') as fh:
    fh.write(json.dumps(data, indent=2))
    fh.write('\''\n'\'')
os.replace(tmp, p)
'
+ return 0
+ restart_if_dead sustained_loop buy30331-sustained-loop.mjs buy30331-sustained-loop.mjs 'node scripts/buy30331-sustained-loop.mjs' /paperclip/instances/default/projects/177bc805-e3c8-4336-84cb-8e1e482d5a17/18221361-973a-493e-9e19-4c43b7a1c6eb/_default/logs/buy30331_sustained_loop.log
+ local label=sustained_loop
+ local pattern=buy30331-sustained-loop.mjs
+ local script_name=buy30331-sustained-loop.mjs
+ local 'cmd=node scripts/buy30331-sustained-loop.mjs'
+ local logfile=/paperclip/instances/default/projects/177bc805-e3c8-4336-84cb-8e1e482d5a17/18221361-973a-493e-9e19-4c43b7a1c6eb/_default/logs/buy30331_sustained_loop.log
+ local pid dead_ticks lane_root lane_pid
++ pgrep_pat buy30331-sustained-loop.mjs
++ local pattern=buy30331-sustained-loop.mjs
++ local matches filtered pid count keep p
+++ pgrep -af buy30331-sustained-loop.mjs
+++ grep -vE '^\S+\s+((/usr/bin|/bin)/)?(ba)?sh\b'
+++ grep -vE '\.claude/shell-snapshots'
+++ grep -v buy30854-lane-keep-alive
+++ grep -v scripts/buy30854-lane-keep-alive.sh
++ matches='2788687 node scripts/buy30331-sustained-loop.mjs'
++ filtered=
++ '[' -z '2788687 node scripts/buy30331-sustained-loop.mjs' ']'
++ IFS=
++ read -r line
++ '[' -z '2788687 node scripts/buy30331-sustained-loop.mjs' ']'
+++ echo '2788687 node scripts/buy30331-sustained-loop.mjs'
+++ awk '{print $1}'
++ pid=2788687
++ '[' -z 2788687 ']'
++ filtered+='2788687
'
++ IFS=
++ read -r line
+++ echo '2788687
'
+++ sed '/^$/d'
++ filtered=2788687
++ '[' -z 2788687 ']'
+++ echo 2788687
+++ wc -l
+++ tr -d ' '
++ count=1
++ '[' 1 -gt 1 ']'
++ echo 2788687
+ pid=2788687
+ '[' -n 2788687 ']'
++ ts
++ date -u +%Y-%m-%dT%H:%M:%SZ
+ echo '[2026-06-10T14:40:05Z] sustained_loop OK pid=2788687'
[2026-06-10T14:40:05Z] sustained_loop OK pid=2788687
+ write_dead_count sustained_loop 0
+ local label=sustained_loop
+ local count=0
+ python3 -c '
import json, os, tempfile
p='\''/paperclip/instances/default/projects/177bc805-e3c8-4336-84cb-8e1e482d5a17/18221361-973a-493e-9e19-4c43b7a1c6eb/_default/data/buy30854-keep-alive-state.json'\''
data = {}
if os.path.exists(p):
    try:
        data = json.load(open(p))
    except Exception:
        data = {}
data['\''sustained_loop'\''] = 0
fd, tmp = tempfile.mkstemp(dir=os.path.dirname(p), prefix='\''.buy30854-state.'\'', suffix='\''.tmp'\'')
with os.fdopen(fd, '\''w'\'') as fh:
    fh.write(json.dumps(data, indent=2))
    fh.write('\''\n'\'')
os.replace(tmp, p)
'
+ return 0
+ '[' '!' -f /paperclip/instances/default/projects/177bc805-e3c8-4336-84cb-8e1e482d5a17/18221361-973a-493e-9e19-4c43b7a1c6eb/_default/data/checkpoints/buy30590_woocommerce.completed ']'
+ write_dead_count woocommerce_discover 0
+ local label=woocommerce_discover
+ local count=0
+ python3 -c '
import json, os, tempfile
p='\''/paperclip/instances/default/projects/177bc805-e3c8-4336-84cb-8e1e482d5a17/18221361-973a-493e-9e19-4c43b7a1c6eb/_default/data/buy30854-keep-alive-state.json'\''
data = {}
if os.path.exists(p):
    try:
        data = json.load(open(p))
    except Exception:
        data = {}
data['\''woocommerce_discover'\''] = 0
fd, tmp = tempfile.mkstemp(dir=os.path.dirname(p), prefix='\''.buy30854-state.'\'', suffix='\''.tmp'\'')
with os.fdopen(fd, '\''w'\'') as fh:
    fh.write(json.dumps(data, indent=2))
    fh.write('\''\n'\'')
os.replace(tmp, p)
'
++ ts
++ date -u +%Y-%m-%dT%H:%M:%SZ
+ echo '[2026-06-10T14:40:05Z] woocommerce_discover SKIPPED (completion marker present; see data/checkpoints/buy30590_woocommerce.completed)'
[2026-06-10T14:40:05Z] woocommerce_discover SKIPPED (completion marker present; see data/checkpoints/buy30590_woocommerce.completed)
+ '[' -f /paperclip/instances/default/projects/177bc805-e3c8-4336-84cb-8e1e482d5a17/18221361-973a-493e-9e19-4c43b7a1c6eb/_default/data/buy30727-supervisor.stopped ']'
+ write_dead_count lane_supervisor 0
+ local label=lane_supervisor
+ local count=0
+ python3 -c '
import json, os, tempfile
p='\''/paperclip/instances/default/projects/177bc805-e3c8-4336-84cb-8e1e482d5a17/18221361-973a-493e-9e19-4c43b7a1c6eb/_default/data/buy30854-keep-alive-state.json'\''
data = {}
if os.path.exists(p):
    try:
        data = json.load(open(p))
    except Exception:
        data = {}
data['\''lane_supervisor'\''] = 0
fd, tmp = tempfile.mkstemp(dir=os.path.dirname(p), prefix='\''.buy30854-state.'\'', suffix='\''.tmp'\'')
with os.fdopen(fd, '\''w'\'') as fh:
    fh.write(json.dumps(data, indent=2))
    fh.write('\''\n'\'')
os.replace(tmp, p)
'
++ ts
++ date -u +%Y-%m-%dT%H:%M:%SZ
+ echo '[2026-06-10T14:40:05Z] lane_supervisor SKIPPED (BUY-31452 stop marker present; see data/buy30727-supervisor.stopped)'
[2026-06-10T14:40:05Z] lane_supervisor SKIPPED (BUY-31452 stop marker present; see data/buy30727-supervisor.stopped)
++ ts
++ date -u +%Y-%m-%dT%H:%M:%SZ
+ echo '[2026-06-10T14:40:05Z] keep-alive tick complete'
[2026-06-10T14:40:05Z] keep-alive tick complete
===== keep-alive tick 2026-06-10T14:41:37Z =====
[2026-06-10T14:41:37Z] deep_page_loop OK pid=2793717
[2026-06-10T14:41:38Z] sustained_loop OK pid=2788687
[2026-06-10T14:41:38Z] woocommerce_discover SKIPPED (completion marker present; see data/checkpoints/buy30590_woocommerce.completed)
[2026-06-10T14:41:38Z] lane_supervisor SKIPPED (BUY-31452 stop marker present; see data/buy30727-supervisor.stopped)
[2026-06-10T14:41:38Z] keep-alive tick complete
===== keep-alive tick 2026-06-10T14:46:43Z =====
[2026-06-10T14:46:43Z] deep_page_loop OK pid=2793717
[2026-06-10T14:46:43Z] sustained_loop OK pid=2788687
[2026-06-10T14:46:43Z] woocommerce_discover SKIPPED (completion marker present; see data/checkpoints/buy30590_woocommerce.completed)
[2026-06-10T14:46:43Z] lane_supervisor SKIPPED (BUY-31452 stop marker present; see data/buy30727-supervisor.stopped)
[2026-06-10T14:46:43Z] keep-alive tick complete
===== keep-alive tick 2026-06-10T14:51:42Z =====
[2026-06-10T14:51:42Z] deep_page_loop OK pid=2793717
[2026-06-10T14:51:42Z] sustained_loop OK pid=2788687
[2026-06-10T14:51:42Z] woocommerce_discover SKIPPED (completion marker present; see data/checkpoints/buy30590_woocommerce.completed)
[2026-06-10T14:51:42Z] lane_supervisor SKIPPED (BUY-31452 stop marker present; see data/buy30727-supervisor.stopped)
[2026-06-10T14:51:42Z] keep-alive tick complete
===== keep-alive tick 2026-06-10T14:56:36Z =====
[2026-06-10T14:56:36Z] deep_page_loop OK pid=2793717
[2026-06-10T14:56:37Z] sustained_loop OK pid=2788687
[2026-06-10T14:56:37Z] woocommerce_discover SKIPPED (completion marker present; see data/checkpoints/buy30590_woocommerce.completed)
[2026-06-10T14:56:37Z] lane_supervisor SKIPPED (BUY-31452 stop marker present; see data/buy30727-supervisor.stopped)
[2026-06-10T14:56:37Z] keep-alive tick complete
===== keep-alive tick 2026-06-10T15:00:22Z =====
[2026-06-10T15:00:22Z] deep_page_loop OK pid=2793717
[2026-06-10T15:00:22Z] sustained_loop OK pid=2788687
[2026-06-10T15:00:22Z] woocommerce_discover SKIPPED (completion marker present; see data/checkpoints/buy30590_woocommerce.completed)
[2026-06-10T15:00:22Z] lane_supervisor SKIPPED (BUY-31452 stop marker present; see data/buy30727-supervisor.stopped)
[2026-06-10T15:00:22Z] keep-alive tick complete
===== keep-alive tick 2026-06-10T15:01:53Z =====
[2026-06-10T15:01:53Z] deep_page_loop OK pid=2793717
[2026-06-10T15:01:53Z] sustained_loop OK pid=2788687
[2026-06-10T15:01:53Z] woocommerce_discover SKIPPED (completion marker present; see data/checkpoints/buy30590_woocommerce.completed)
[2026-06-10T15:01:53Z] lane_supervisor SKIPPED (BUY-31452 stop marker present; see data/buy30727-supervisor.stopped)
[2026-06-10T15:01:53Z] keep-alive tick complete
===== keep-alive tick 2026-06-10T15:02:51Z =====
[2026-06-10T15:02:51Z] deep_page_loop OK pid=2793717
[2026-06-10T15:02:51Z] sustained_loop OK pid=2788687
[2026-06-10T15:02:51Z] woocommerce_discover SKIPPED (completion marker present; see data/checkpoints/buy30590_woocommerce.completed)
[2026-06-10T15:02:51Z] lane_supervisor SKIPPED (BUY-31452 stop marker present; see data/buy30727-supervisor.stopped)
[2026-06-10T15:02:51Z] keep-alive tick complete
===== keep-alive tick 2026-06-10T15:06:59Z =====
[2026-06-10T15:06:59Z] deep_page_loop OK pid=2793717
[2026-06-10T15:06:59Z] sustained_loop OK pid=2788687
[2026-06-10T15:06:59Z] woocommerce_discover SKIPPED (completion marker present; see data/checkpoints/buy30590_woocommerce.completed)
[2026-06-10T15:06:59Z] lane_supervisor SKIPPED (BUY-31452 stop marker present; see data/buy30727-supervisor.stopped)
[2026-06-10T15:06:59Z] keep-alive tick complete
===== keep-alive tick 2026-06-10T15:08:21Z =====
[2026-06-10T15:08:21Z] deep_page_loop OK pid=2793717
[2026-06-10T15:08:22Z] sustained_loop OK pid=2788687
[2026-06-10T15:08:22Z] woocommerce_discover SKIPPED (completion marker present; see data/checkpoints/buy30590_woocommerce.completed)
[2026-06-10T15:08:22Z] lane_supervisor SKIPPED (BUY-31452 stop marker present; see data/buy30727-supervisor.stopped)
[2026-06-10T15:08:22Z] keep-alive tick complete
===== keep-alive tick 2026-06-10T15:11:36Z =====
[2026-06-10T15:11:36Z] deep_page_loop OK pid=2793717
[2026-06-10T15:11:36Z] sustained_loop OK pid=2788687
[2026-06-10T15:11:37Z] woocommerce_discover SKIPPED (completion marker present; see data/checkpoints/buy30590_woocommerce.completed)
[2026-06-10T15:11:37Z] lane_supervisor SKIPPED (BUY-31452 stop marker present; see data/buy30727-supervisor.stopped)
[2026-06-10T15:11:37Z] keep-alive tick complete
===== keep-alive tick 2026-06-10T15:15:35Z =====
[2026-06-10T15:15:35Z] deep_page_loop OK pid=2793717
[2026-06-10T15:15:35Z] sustained_loop OK pid=2788687
[2026-06-10T15:15:35Z] woocommerce_discover SKIPPED (completion marker present; see data/checkpoints/buy30590_woocommerce.completed)
[2026-06-10T15:15:36Z] lane_supervisor SKIPPED (BUY-31452 stop marker present; see data/buy30727-supervisor.stopped)
[2026-06-10T15:15:36Z] keep-alive tick complete
===== keep-alive tick 2026-06-10T15:16:38Z =====
[2026-06-10T15:16:38Z] deep_page_loop OK pid=2793717
[2026-06-10T15:16:38Z] sustained_loop OK pid=2788687
[2026-06-10T15:16:38Z] woocommerce_discover SKIPPED (completion marker present; see data/checkpoints/buy30590_woocommerce.completed)
[2026-06-10T15:16:38Z] lane_supervisor SKIPPED (BUY-31452 stop marker present; see data/buy30727-supervisor.stopped)
[2026-06-10T15:16:38Z] keep-alive tick complete
===== keep-alive tick 2026-06-10T15:21:48Z =====
[2026-06-10T15:21:48Z] deep_page_loop OK pid=2793717
[2026-06-10T15:21:48Z] sustained_loop OK pid=2788687
[2026-06-10T15:21:48Z] woocommerce_discover SKIPPED (completion marker present; see data/checkpoints/buy30590_woocommerce.completed)
[2026-06-10T15:21:48Z] lane_supervisor SKIPPED (BUY-31452 stop marker present; see data/buy30727-supervisor.stopped)
[2026-06-10T15:21:48Z] keep-alive tick complete
===== keep-alive tick 2026-06-10T15:26:15Z =====
[2026-06-10T15:26:15Z] deep_page_loop OK pid=2793717
[2026-06-10T15:26:15Z] sustained_loop OK pid=2788687
[2026-06-10T15:26:15Z] woocommerce_discover SKIPPED (completion marker present; see data/checkpoints/buy30590_woocommerce.completed)
[2026-06-10T15:26:15Z] lane_supervisor SKIPPED (BUY-31452 stop marker present; see data/buy30727-supervisor.stopped)
[2026-06-10T15:26:15Z] keep-alive tick complete
===== keep-alive tick 2026-06-10T15:27:49Z =====
[2026-06-10T15:27:49Z] deep_page_loop OK pid=2793717
[2026-06-10T15:27:50Z] sustained_loop OK pid=2788687
[2026-06-10T15:27:50Z] woocommerce_discover SKIPPED (completion marker present; see data/checkpoints/buy30590_woocommerce.completed)
[2026-06-10T15:27:50Z] lane_supervisor SKIPPED (BUY-31452 stop marker present; see data/buy30727-supervisor.stopped)
[2026-06-10T15:27:50Z] keep-alive tick complete
===== keep-alive tick 2026-06-10T15:31:36Z =====
[2026-06-10T15:31:36Z] deep_page_loop OK pid=2793717
[2026-06-10T15:31:36Z] sustained_loop OK pid=2788687
[2026-06-10T15:31:36Z] woocommerce_discover SKIPPED (completion marker present; see data/checkpoints/buy30590_woocommerce.completed)
[2026-06-10T15:31:36Z] lane_supervisor SKIPPED (BUY-31452 stop marker present; see data/buy30727-supervisor.stopped)
[2026-06-10T15:31:36Z] keep-alive tick complete
===== keep-alive tick 2026-06-10T15:36:35Z =====
[2026-06-10T15:36:35Z] deep_page_loop OK pid=2793717
[2026-06-10T15:36:35Z] sustained_loop OK pid=2788687
[2026-06-10T15:36:36Z] woocommerce_discover SKIPPED (completion marker present; see data/checkpoints/buy30590_woocommerce.completed)
[2026-06-10T15:36:36Z] lane_supervisor SKIPPED (BUY-31452 stop marker present; see data/buy30727-supervisor.stopped)
[2026-06-10T15:36:36Z] keep-alive tick complete
===== keep-alive tick 2026-06-10T15:37:09Z =====
[2026-06-10T15:37:09Z] deep_page_loop OK pid=2793717
[2026-06-10T15:37:09Z] sustained_loop OK pid=2788687
[2026-06-10T15:37:10Z] woocommerce_discover SKIPPED (completion marker present; see data/checkpoints/buy30590_woocommerce.completed)
[2026-06-10T15:37:10Z] lane_supervisor SKIPPED (BUY-31452 stop marker present; see data/buy30727-supervisor.stopped)
[2026-06-10T15:37:10Z] keep-alive tick complete
===== keep-alive tick 2026-06-10T15:41:33Z =====
[2026-06-10T15:41:33Z] deep_page_loop OK pid=2793717
[2026-06-10T15:41:34Z] sustained_loop OK pid=2788687
[2026-06-10T15:41:34Z] woocommerce_discover SKIPPED (completion marker present; see data/checkpoints/buy30590_woocommerce.completed)
[2026-06-10T15:41:34Z] lane_supervisor SKIPPED (BUY-31452 stop marker present; see data/buy30727-supervisor.stopped)
[2026-06-10T15:41:34Z] keep-alive tick complete
===== keep-alive tick 2026-06-10T15:47:18Z =====
[2026-06-10T15:47:19Z] deep_page_loop OK pid=2793717
[2026-06-10T15:47:19Z] sustained_loop OK pid=2788687
[2026-06-10T15:47:19Z] woocommerce_discover SKIPPED (completion marker present; see data/checkpoints/buy30590_woocommerce.completed)
[2026-06-10T15:47:19Z] lane_supervisor SKIPPED (BUY-31452 stop marker present; see data/buy30727-supervisor.stopped)
[2026-06-10T15:47:19Z] keep-alive tick complete
===== keep-alive tick 2026-06-10T15:51:40Z =====
[2026-06-10T15:51:40Z] deep_page_loop OK pid=2793717
[2026-06-10T15:51:41Z] sustained_loop OK pid=2788687
[2026-06-10T15:51:41Z] woocommerce_discover SKIPPED (completion marker present; see data/checkpoints/buy30590_woocommerce.completed)
[2026-06-10T15:51:41Z] lane_supervisor SKIPPED (BUY-31452 stop marker present; see data/buy30727-supervisor.stopped)
[2026-06-10T15:51:41Z] keep-alive tick complete
===== keep-alive tick 2026-06-10T15:56:35Z =====
[2026-06-10T15:56:35Z] deep_page_loop OK pid=2793717
[2026-06-10T15:56:35Z] sustained_loop OK pid=2788687
[2026-06-10T15:56:35Z] woocommerce_discover SKIPPED (completion marker present; see data/checkpoints/buy30590_woocommerce.completed)
[2026-06-10T15:56:35Z] lane_supervisor SKIPPED (BUY-31452 stop marker present; see data/buy30727-supervisor.stopped)
[2026-06-10T15:56:35Z] keep-alive tick complete
===== keep-alive tick 2026-06-10T15:58:00Z =====
[2026-06-10T15:58:00Z] deep_page_loop OK pid=2793717
[2026-06-10T15:58:00Z] sustained_loop OK pid=2788687
[2026-06-10T15:58:00Z] woocommerce_discover SKIPPED (completion marker present; see data/checkpoints/buy30590_woocommerce.completed)
[2026-06-10T15:58:00Z] lane_supervisor SKIPPED (BUY-31452 stop marker present; see data/buy30727-supervisor.stopped)
[2026-06-10T15:58:00Z] keep-alive tick complete
===== keep-alive tick 2026-06-10T16:01:43Z =====
[2026-06-10T16:01:43Z] deep_page_loop OK pid=2793717
[2026-06-10T16:01:43Z] sustained_loop OK pid=2788687
[2026-06-10T16:01:43Z] woocommerce_discover SKIPPED (completion marker present; see data/checkpoints/buy30590_woocommerce.completed)
[2026-06-10T16:01:43Z] lane_supervisor SKIPPED (BUY-31452 stop marker present; see data/buy30727-supervisor.stopped)
[2026-06-10T16:01:43Z] keep-alive tick complete
===== keep-alive tick 2026-06-10T16:06:40Z =====
[2026-06-10T16:06:40Z] deep_page_loop OK pid=2793717
[2026-06-10T16:06:40Z] sustained_loop OK pid=2788687
[2026-06-10T16:06:40Z] woocommerce_discover SKIPPED (completion marker present; see data/checkpoints/buy30590_woocommerce.completed)
[2026-06-10T16:06:40Z] lane_supervisor SKIPPED (BUY-31452 stop marker present; see data/buy30727-supervisor.stopped)
[2026-06-10T16:06:40Z] keep-alive tick complete
===== keep-alive tick 2026-06-10T16:09:01Z =====
[2026-06-10T16:09:01Z] deep_page_loop OK pid=2793717
[2026-06-10T16:09:01Z] sustained_loop OK pid=2788687
[2026-06-10T16:09:01Z] woocommerce_discover SKIPPED (completion marker present; see data/checkpoints/buy30590_woocommerce.completed)
[2026-06-10T16:09:01Z] lane_supervisor SKIPPED (BUY-31452 stop marker present; see data/buy30727-supervisor.stopped)
[2026-06-10T16:09:01Z] keep-alive tick complete
===== keep-alive tick 2026-06-10T16:09:05Z =====
[2026-06-10T16:09:05Z] deep_page_loop OK pid=2793717
[2026-06-10T16:09:05Z] sustained_loop OK pid=2788687
[2026-06-10T16:09:05Z] woocommerce_discover SKIPPED (completion marker present; see data/checkpoints/buy30590_woocommerce.completed)
[2026-06-10T16:09:05Z] lane_supervisor SKIPPED (BUY-31452 stop marker present; see data/buy30727-supervisor.stopped)
[2026-06-10T16:09:05Z] keep-alive tick complete
===== keep-alive tick 2026-06-10T16:09:08Z =====
[2026-06-10T16:09:08Z] deep_page_loop OK pid=2793717
[2026-06-10T16:09:08Z] sustained_loop OK pid=2788687
[2026-06-10T16:09:09Z] woocommerce_discover SKIPPED (completion marker present; see data/checkpoints/buy30590_woocommerce.completed)
[2026-06-10T16:09:09Z] lane_supervisor SKIPPED (BUY-31452 stop marker present; see data/buy30727-supervisor.stopped)
[2026-06-10T16:09:09Z] keep-alive tick complete
===== keep-alive tick 2026-06-10T16:11:46Z =====
[2026-06-10T16:11:46Z] deep_page_loop OK pid=2793717
[2026-06-10T16:11:46Z] sustained_loop OK pid=2788687
[2026-06-10T16:11:46Z] woocommerce_discover SKIPPED (completion marker present; see data/checkpoints/buy30590_woocommerce.completed)
[2026-06-10T16:11:46Z] lane_supervisor SKIPPED (BUY-31452 stop marker present; see data/buy30727-supervisor.stopped)
[2026-06-10T16:11:46Z] keep-alive tick complete
===== keep-alive tick 2026-06-10T16:16:48Z =====
[2026-06-10T16:16:48Z] deep_page_loop OK pid=2793717
[2026-06-10T16:16:48Z] sustained_loop OK pid=2788687
[2026-06-10T16:16:48Z] woocommerce_discover SKIPPED (completion marker present; see data/checkpoints/buy30590_woocommerce.completed)
[2026-06-10T16:16:48Z] lane_supervisor SKIPPED (BUY-31452 stop marker present; see data/buy30727-supervisor.stopped)
[2026-06-10T16:16:48Z] keep-alive tick complete
===== keep-alive tick 2026-06-10T16:17:02Z =====
[2026-06-10T16:17:02Z] deep_page_loop OK pid=2793717
[2026-06-10T16:17:02Z] sustained_loop OK pid=2788687
[2026-06-10T16:17:02Z] woocommerce_discover SKIPPED (completion marker present; see data/checkpoints/buy30590_woocommerce.completed)
[2026-06-10T16:17:02Z] lane_supervisor SKIPPED (BUY-31452 stop marker present; see data/buy30727-supervisor.stopped)
[2026-06-10T16:17:02Z] keep-alive tick complete
===== keep-alive tick 2026-06-10T16:21:33Z =====
[2026-06-10T16:21:33Z] deep_page_loop OK pid=2793717
[2026-06-10T16:21:33Z] sustained_loop OK pid=2788687
[2026-06-10T16:21:33Z] woocommerce_discover SKIPPED (completion marker present; see data/checkpoints/buy30590_woocommerce.completed)
[2026-06-10T16:21:33Z] lane_supervisor SKIPPED (BUY-31452 stop marker present; see data/buy30727-supervisor.stopped)
[2026-06-10T16:21:33Z] keep-alive tick complete
===== keep-alive tick 2026-06-10T16:26:31Z =====
[2026-06-10T16:26:31Z] deep_page_loop OK pid=2793717
[2026-06-10T16:26:31Z] sustained_loop OK pid=2788687
[2026-06-10T16:26:31Z] woocommerce_discover SKIPPED (completion marker present; see data/checkpoints/buy30590_woocommerce.completed)
[2026-06-10T16:26:31Z] lane_supervisor SKIPPED (BUY-31452 stop marker present; see data/buy30727-supervisor.stopped)
[2026-06-10T16:26:31Z] keep-alive tick complete
===== keep-alive tick 2026-06-10T16:27:33Z =====
[2026-06-10T16:27:33Z] deep_page_loop OK pid=2793717
[2026-06-10T16:27:33Z] sustained_loop OK pid=2788687
[2026-06-10T16:27:33Z] woocommerce_discover SKIPPED (completion marker present; see data/checkpoints/buy30590_woocommerce.completed)
[2026-06-10T16:27:33Z] lane_supervisor SKIPPED (BUY-31452 stop marker present; see data/buy30727-supervisor.stopped)
[2026-06-10T16:27:33Z] keep-alive tick complete
===== keep-alive tick 2026-06-10T16:31:41Z =====
[2026-06-10T16:31:41Z] deep_page_loop OK pid=2793717
[2026-06-10T16:31:41Z] sustained_loop OK pid=2788687
[2026-06-10T16:31:41Z] woocommerce_discover SKIPPED (completion marker present; see data/checkpoints/buy30590_woocommerce.completed)
[2026-06-10T16:31:41Z] lane_supervisor SKIPPED (BUY-31452 stop marker present; see data/buy30727-supervisor.stopped)
[2026-06-10T16:31:41Z] keep-alive tick complete
===== keep-alive tick 2026-06-10T16:34:33Z =====
[2026-06-10T16:34:33Z] deep_page_loop OK pid=2793717
[2026-06-10T16:34:33Z] sustained_loop OK pid=2788687
[2026-06-10T16:34:33Z] woocommerce_discover SKIPPED (completion marker present; see data/checkpoints/buy30590_woocommerce.completed)
[2026-06-10T16:34:33Z] lane_supervisor SKIPPED (BUY-31452 stop marker present; see data/buy30727-supervisor.stopped)
[2026-06-10T16:34:33Z] keep-alive tick complete
===== keep-alive tick 2026-06-10T16:36:40Z =====
[2026-06-10T16:36:40Z] deep_page_loop OK pid=2793717
[2026-06-10T16:36:40Z] sustained_loop OK pid=2788687
[2026-06-10T16:36:40Z] woocommerce_discover SKIPPED (completion marker present; see data/checkpoints/buy30590_woocommerce.completed)
[2026-06-10T16:36:40Z] lane_supervisor SKIPPED (BUY-31452 stop marker present; see data/buy30727-supervisor.stopped)
[2026-06-10T16:36:40Z] keep-alive tick complete
===== keep-alive tick 2026-06-10T16:38:20Z =====
[2026-06-10T16:38:20Z] deep_page_loop OK pid=2793717
[2026-06-10T16:38:20Z] sustained_loop OK pid=2788687
[2026-06-10T16:38:20Z] woocommerce_discover SKIPPED (completion marker present; see data/checkpoints/buy30590_woocommerce.completed)
[2026-06-10T16:38:20Z] lane_supervisor SKIPPED (BUY-31452 stop marker present; see data/buy30727-supervisor.stopped)
[2026-06-10T16:38:20Z] keep-alive tick complete
===== keep-alive tick 2026-06-10T16:41:35Z =====
[2026-06-10T16:41:35Z] deep_page_loop OK pid=2793717
[2026-06-10T16:41:35Z] sustained_loop OK pid=2788687
[2026-06-10T16:41:35Z] woocommerce_discover SKIPPED (completion marker present; see data/checkpoints/buy30590_woocommerce.completed)
[2026-06-10T16:41:35Z] lane_supervisor SKIPPED (BUY-31452 stop marker present; see data/buy30727-supervisor.stopped)
[2026-06-10T16:41:35Z] keep-alive tick complete
===== keep-alive tick 2026-06-10T16:46:37Z =====
[2026-06-10T16:46:37Z] deep_page_loop OK pid=2793717
[2026-06-10T16:46:37Z] sustained_loop OK pid=2788687
[2026-06-10T16:46:38Z] woocommerce_discover SKIPPED (completion marker present; see data/checkpoints/buy30590_woocommerce.completed)
[2026-06-10T16:46:38Z] lane_supervisor SKIPPED (BUY-31452 stop marker present; see data/buy30727-supervisor.stopped)
[2026-06-10T16:46:38Z] keep-alive tick complete
===== keep-alive tick 2026-06-10T16:50:49Z =====
[2026-06-10T16:50:49Z] deep_page_loop OK pid=2793717
[2026-06-10T16:50:49Z] sustained_loop OK pid=2788687
[2026-06-10T16:50:49Z] woocommerce_discover SKIPPED (completion marker present; see data/checkpoints/buy30590_woocommerce.completed)
[2026-06-10T16:50:49Z] lane_supervisor SKIPPED (BUY-31452 stop marker present; see data/buy30727-supervisor.stopped)
[2026-06-10T16:50:49Z] keep-alive tick complete
===== keep-alive tick 2026-06-10T16:51:31Z =====
[2026-06-10T16:51:32Z] deep_page_loop OK pid=2793717
[2026-06-10T16:51:32Z] sustained_loop OK pid=2788687
[2026-06-10T16:51:32Z] woocommerce_discover SKIPPED (completion marker present; see data/checkpoints/buy30590_woocommerce.completed)
[2026-06-10T16:51:32Z] lane_supervisor SKIPPED (BUY-31452 stop marker present; see data/buy30727-supervisor.stopped)
[2026-06-10T16:51:32Z] keep-alive tick complete
===== keep-alive tick 2026-06-10T16:56:39Z =====
[2026-06-10T16:56:39Z] deep_page_loop OK pid=2793717
[2026-06-10T16:56:39Z] sustained_loop OK pid=2788687
[2026-06-10T16:56:40Z] woocommerce_discover SKIPPED (completion marker present; see data/checkpoints/buy30590_woocommerce.completed)
[2026-06-10T16:56:40Z] lane_supervisor SKIPPED (BUY-31452 stop marker present; see data/buy30727-supervisor.stopped)
[2026-06-10T16:56:40Z] keep-alive tick complete
===== keep-alive tick 2026-06-10T16:59:04Z =====
[2026-06-10T16:59:04Z] deep_page_loop OK pid=2793717
[2026-06-10T16:59:04Z] sustained_loop OK pid=2788687
[2026-06-10T16:59:04Z] woocommerce_discover SKIPPED (completion marker present; see data/checkpoints/buy30590_woocommerce.completed)
[2026-06-10T16:59:04Z] lane_supervisor SKIPPED (BUY-31452 stop marker present; see data/buy30727-supervisor.stopped)
[2026-06-10T16:59:04Z] keep-alive tick complete
===== keep-alive tick 2026-06-10T16:59:34Z =====
[2026-06-10T16:59:34Z] deep_page_loop OK pid=2793717
[2026-06-10T16:59:34Z] sustained_loop OK pid=2788687
[2026-06-10T16:59:34Z] woocommerce_discover SKIPPED (completion marker present; see data/checkpoints/buy30590_woocommerce.completed)
[2026-06-10T16:59:34Z] lane_supervisor SKIPPED (BUY-31452 stop marker present; see data/buy30727-supervisor.stopped)
[2026-06-10T16:59:34Z] keep-alive tick complete
===== keep-alive tick 2026-06-10T17:01:32Z =====
[2026-06-10T17:01:33Z] deep_page_loop OK pid=2793717
[2026-06-10T17:01:33Z] sustained_loop OK pid=2788687
[2026-06-10T17:01:33Z] woocommerce_discover SKIPPED (completion marker present; see data/checkpoints/buy30590_woocommerce.completed)
[2026-06-10T17:01:33Z] lane_supervisor SKIPPED (BUY-31452 stop marker present; see data/buy30727-supervisor.stopped)
[2026-06-10T17:01:33Z] keep-alive tick complete
===== keep-alive tick 2026-06-10T17:05:13Z =====
[2026-06-10T17:05:13Z] deep_page_loop OK pid=2793717
[2026-06-10T17:05:13Z] sustained_loop OK pid=2788687
[2026-06-10T17:05:13Z] woocommerce_discover SKIPPED (completion marker present; see data/checkpoints/buy30590_woocommerce.completed)
[2026-06-10T17:05:13Z] lane_supervisor SKIPPED (BUY-31452 stop marker present; see data/buy30727-supervisor.stopped)
[2026-06-10T17:05:13Z] keep-alive tick complete
===== keep-alive tick 2026-06-10T17:06:58Z =====
[2026-06-10T17:06:58Z] deep_page_loop OK pid=2793717
[2026-06-10T17:06:58Z] sustained_loop OK pid=2788687
[2026-06-10T17:06:58Z] woocommerce_discover SKIPPED (completion marker present; see data/checkpoints/buy30590_woocommerce.completed)
[2026-06-10T17:06:58Z] lane_supervisor SKIPPED (BUY-31452 stop marker present; see data/buy30727-supervisor.stopped)
[2026-06-10T17:06:58Z] keep-alive tick complete
===== keep-alive tick 2026-06-10T17:11:42Z =====
[2026-06-10T17:11:42Z] deep_page_loop OK pid=2793717
[2026-06-10T17:11:42Z] sustained_loop OK pid=2788687
[2026-06-10T17:11:42Z] woocommerce_discover SKIPPED (completion marker present; see data/checkpoints/buy30590_woocommerce.completed)
[2026-06-10T17:11:42Z] lane_supervisor SKIPPED (BUY-31452 stop marker present; see data/buy30727-supervisor.stopped)
[2026-06-10T17:11:42Z] keep-alive tick complete
===== keep-alive tick 2026-06-10T17:14:12Z =====
[2026-06-10T17:14:12Z] deep_page_loop OK pid=2793717
[2026-06-10T17:14:12Z] sustained_loop OK pid=2788687
[2026-06-10T17:14:12Z] woocommerce_discover SKIPPED (completion marker present; see data/checkpoints/buy30590_woocommerce.completed)
[2026-06-10T17:14:12Z] lane_supervisor SKIPPED (BUY-31452 stop marker present; see data/buy30727-supervisor.stopped)
[2026-06-10T17:14:12Z] keep-alive tick complete
===== keep-alive tick 2026-06-10T17:16:31Z =====
[2026-06-10T17:16:31Z] deep_page_loop OK pid=2793717
[2026-06-10T17:16:31Z] sustained_loop OK pid=2788687
[2026-06-10T17:16:31Z] woocommerce_discover SKIPPED (completion marker present; see data/checkpoints/buy30590_woocommerce.completed)
[2026-06-10T17:16:31Z] lane_supervisor SKIPPED (BUY-31452 stop marker present; see data/buy30727-supervisor.stopped)
[2026-06-10T17:16:31Z] keep-alive tick complete
===== keep-alive tick 2026-06-10T17:19:56Z =====
[2026-06-10T17:19:56Z] deep_page_loop OK pid=2793717
[2026-06-10T17:19:57Z] sustained_loop OK pid=2788687
[2026-06-10T17:19:57Z] woocommerce_discover SKIPPED (completion marker present; see data/checkpoints/buy30590_woocommerce.completed)
[2026-06-10T17:19:57Z] lane_supervisor SKIPPED (BUY-31452 stop marker present; see data/buy30727-supervisor.stopped)
[2026-06-10T17:19:57Z] keep-alive tick complete
===== keep-alive tick 2026-06-10T17:21:32Z =====
[2026-06-10T17:21:33Z] deep_page_loop OK pid=2793717
[2026-06-10T17:21:33Z] sustained_loop OK pid=2788687
[2026-06-10T17:21:33Z] woocommerce_discover SKIPPED (completion marker present; see data/checkpoints/buy30590_woocommerce.completed)
[2026-06-10T17:21:33Z] lane_supervisor SKIPPED (BUY-31452 stop marker present; see data/buy30727-supervisor.stopped)
[2026-06-10T17:21:33Z] keep-alive tick complete
===== keep-alive tick 2026-06-10T17:23:18Z =====
[2026-06-10T17:23:18Z] deep_page_loop OK pid=2793717
[2026-06-10T17:23:18Z] sustained_loop OK pid=2788687
[2026-06-10T17:23:19Z] woocommerce_discover SKIPPED (completion marker present; see data/checkpoints/buy30590_woocommerce.completed)
[2026-06-10T17:23:19Z] lane_supervisor SKIPPED (BUY-31452 stop marker present; see data/buy30727-supervisor.stopped)
[2026-06-10T17:23:19Z] keep-alive tick complete
===== keep-alive tick 2026-06-10T17:26:35Z =====
[2026-06-10T17:26:35Z] deep_page_loop OK pid=2793717
[2026-06-10T17:26:36Z] sustained_loop OK pid=2788687
[2026-06-10T17:26:36Z] woocommerce_discover SKIPPED (completion marker present; see data/checkpoints/buy30590_woocommerce.completed)
[2026-06-10T17:26:36Z] lane_supervisor SKIPPED (BUY-31452 stop marker present; see data/buy30727-supervisor.stopped)
[2026-06-10T17:26:36Z] keep-alive tick complete
===== keep-alive tick 2026-06-10T17:31:30Z =====
[2026-06-10T17:31:30Z] deep_page_loop OK pid=2793717
[2026-06-10T17:31:30Z] sustained_loop OK pid=2788687
[2026-06-10T17:31:30Z] woocommerce_discover SKIPPED (completion marker present; see data/checkpoints/buy30590_woocommerce.completed)
[2026-06-10T17:31:30Z] lane_supervisor SKIPPED (BUY-31452 stop marker present; see data/buy30727-supervisor.stopped)
[2026-06-10T17:31:30Z] keep-alive tick complete
===== keep-alive tick 2026-06-10T17:36:32Z =====
[2026-06-10T17:36:32Z] deep_page_loop OK pid=2793717
[2026-06-10T17:36:32Z] sustained_loop OK pid=2788687
[2026-06-10T17:36:32Z] woocommerce_discover SKIPPED (completion marker present; see data/checkpoints/buy30590_woocommerce.completed)
[2026-06-10T17:36:32Z] lane_supervisor SKIPPED (BUY-31452 stop marker present; see data/buy30727-supervisor.stopped)
[2026-06-10T17:36:32Z] keep-alive tick complete
===== keep-alive tick 2026-06-10T17:41:33Z =====
[2026-06-10T17:41:33Z] deep_page_loop OK pid=2793717
[2026-06-10T17:41:33Z] sustained_loop OK pid=2788687
[2026-06-10T17:41:33Z] woocommerce_discover SKIPPED (completion marker present; see data/checkpoints/buy30590_woocommerce.completed)
[2026-06-10T17:41:33Z] lane_supervisor SKIPPED (BUY-31452 stop marker present; see data/buy30727-supervisor.stopped)
[2026-06-10T17:41:33Z] keep-alive tick complete
===== keep-alive tick 2026-06-10T17:42:59Z =====
[2026-06-10T17:42:59Z] deep_page_loop OK pid=2793717
[2026-06-10T17:42:59Z] sustained_loop OK pid=2788687
[2026-06-10T17:42:59Z] woocommerce_discover SKIPPED (completion marker present; see data/checkpoints/buy30590_woocommerce.completed)
[2026-06-10T17:42:59Z] lane_supervisor SKIPPED (BUY-31452 stop marker present; see data/buy30727-supervisor.stopped)
[2026-06-10T17:42:59Z] keep-alive tick complete
===== keep-alive tick 2026-06-10T17:46:34Z =====
[2026-06-10T17:46:34Z] deep_page_loop OK pid=2793717
[2026-06-10T17:46:34Z] sustained_loop OK pid=2788687
[2026-06-10T17:46:34Z] woocommerce_discover SKIPPED (completion marker present; see data/checkpoints/buy30590_woocommerce.completed)
[2026-06-10T17:46:34Z] lane_supervisor SKIPPED (BUY-31452 stop marker present; see data/buy30727-supervisor.stopped)
[2026-06-10T17:46:34Z] keep-alive tick complete
===== keep-alive tick 2026-06-10T17:51:37Z =====
[2026-06-10T17:51:37Z] deep_page_loop OK pid=2793717
[2026-06-10T17:51:37Z] sustained_loop OK pid=2788687
[2026-06-10T17:51:37Z] woocommerce_discover SKIPPED (completion marker present; see data/checkpoints/buy30590_woocommerce.completed)
[2026-06-10T17:51:37Z] lane_supervisor SKIPPED (BUY-31452 stop marker present; see data/buy30727-supervisor.stopped)
[2026-06-10T17:51:37Z] keep-alive tick complete
===== keep-alive tick 2026-06-10T17:56:30Z =====
[2026-06-10T17:56:30Z] deep_page_loop OK pid=2793717
[2026-06-10T17:56:30Z] sustained_loop OK pid=2788687
[2026-06-10T17:56:30Z] woocommerce_discover SKIPPED (completion marker present; see data/checkpoints/buy30590_woocommerce.completed)
[2026-06-10T17:56:30Z] lane_supervisor SKIPPED (BUY-31452 stop marker present; see data/buy30727-supervisor.stopped)
[2026-06-10T17:56:30Z] keep-alive tick complete
===== keep-alive tick 2026-06-10T18:01:38Z =====
[2026-06-10T18:01:38Z] deep_page_loop OK pid=2793717
[2026-06-10T18:01:38Z] sustained_loop OK pid=2788687
[2026-06-10T18:01:38Z] woocommerce_discover SKIPPED (completion marker present; see data/checkpoints/buy30590_woocommerce.completed)
[2026-06-10T18:01:38Z] lane_supervisor SKIPPED (BUY-31452 stop marker present; see data/buy30727-supervisor.stopped)
[2026-06-10T18:01:38Z] keep-alive tick complete
===== keep-alive tick 2026-06-10T18:06:45Z =====
[2026-06-10T18:06:45Z] deep_page_loop OK pid=2793717
[2026-06-10T18:06:45Z] sustained_loop OK pid=2788687
[2026-06-10T18:06:45Z] woocommerce_discover SKIPPED (completion marker present; see data/checkpoints/buy30590_woocommerce.completed)
[2026-06-10T18:06:45Z] lane_supervisor SKIPPED (BUY-31452 stop marker present; see data/buy30727-supervisor.stopped)
[2026-06-10T18:06:45Z] keep-alive tick complete
===== keep-alive tick 2026-06-10T18:10:28Z =====
[2026-06-10T18:10:29Z] deep_page_loop OK pid=2793717
[2026-06-10T18:10:29Z] sustained_loop OK pid=2788687
[2026-06-10T18:10:29Z] woocommerce_discover SKIPPED (completion marker present; see data/checkpoints/buy30590_woocommerce.completed)
[2026-06-10T18:10:29Z] lane_supervisor SKIPPED (BUY-31452 stop marker present; see data/buy30727-supervisor.stopped)
[2026-06-10T18:10:29Z] keep-alive tick complete
===== keep-alive tick 2026-06-10T18:11:48Z =====
[2026-06-10T18:11:48Z] deep_page_loop OK pid=2793717
[2026-06-10T18:11:48Z] sustained_loop OK pid=2788687
[2026-06-10T18:11:48Z] woocommerce_discover SKIPPED (completion marker present; see data/checkpoints/buy30590_woocommerce.completed)
[2026-06-10T18:11:48Z] lane_supervisor SKIPPED (BUY-31452 stop marker present; see data/buy30727-supervisor.stopped)
[2026-06-10T18:11:48Z] keep-alive tick complete
===== keep-alive tick 2026-06-10T18:16:34Z =====
[2026-06-10T18:16:34Z] deep_page_loop OK pid=2793717
[2026-06-10T18:16:34Z] sustained_loop OK pid=2788687
[2026-06-10T18:16:34Z] woocommerce_discover SKIPPED (completion marker present; see data/checkpoints/buy30590_woocommerce.completed)
[2026-06-10T18:16:34Z] lane_supervisor SKIPPED (BUY-31452 stop marker present; see data/buy30727-supervisor.stopped)
[2026-06-10T18:16:34Z] keep-alive tick complete
===== keep-alive tick 2026-06-10T18:21:30Z =====
[2026-06-10T18:21:30Z] deep_page_loop OK pid=2793717
[2026-06-10T18:21:30Z] sustained_loop OK pid=2788687
[2026-06-10T18:21:30Z] woocommerce_discover SKIPPED (completion marker present; see data/checkpoints/buy30590_woocommerce.completed)
[2026-06-10T18:21:30Z] lane_supervisor SKIPPED (BUY-31452 stop marker present; see data/buy30727-supervisor.stopped)
[2026-06-10T18:21:30Z] keep-alive tick complete
===== keep-alive tick 2026-06-10T18:26:35Z =====
[2026-06-10T18:26:35Z] deep_page_loop OK pid=2793717
[2026-06-10T18:26:35Z] sustained_loop OK pid=2788687
[2026-06-10T18:26:35Z] woocommerce_discover SKIPPED (completion marker present; see data/checkpoints/buy30590_woocommerce.completed)
[2026-06-10T18:26:36Z] lane_supervisor SKIPPED (BUY-31452 stop marker present; see data/buy30727-supervisor.stopped)
[2026-06-10T18:26:36Z] keep-alive tick complete
===== keep-alive tick 2026-06-10T18:31:31Z =====
[2026-06-10T18:31:32Z] deep_page_loop OK pid=2793717
[2026-06-10T18:31:32Z] sustained_loop OK pid=2788687
[2026-06-10T18:31:32Z] woocommerce_discover SKIPPED (completion marker present; see data/checkpoints/buy30590_woocommerce.completed)
[2026-06-10T18:31:32Z] lane_supervisor SKIPPED (BUY-31452 stop marker present; see data/buy30727-supervisor.stopped)
[2026-06-10T18:31:32Z] keep-alive tick complete
===== keep-alive tick 2026-06-10T18:36:31Z =====
[2026-06-10T18:36:31Z] deep_page_loop OK pid=2793717
[2026-06-10T18:36:32Z] sustained_loop OK pid=2788687
[2026-06-10T18:36:32Z] woocommerce_discover SKIPPED (completion marker present; see data/checkpoints/buy30590_woocommerce.completed)
[2026-06-10T18:36:32Z] lane_supervisor SKIPPED (BUY-31452 stop marker present; see data/buy30727-supervisor.stopped)
[2026-06-10T18:36:32Z] keep-alive tick complete
===== keep-alive tick 2026-06-10T18:41:35Z =====
[2026-06-10T18:41:35Z] deep_page_loop OK pid=2793717
[2026-06-10T18:41:35Z] sustained_loop OK pid=2788687
[2026-06-10T18:41:35Z] woocommerce_discover SKIPPED (completion marker present; see data/checkpoints/buy30590_woocommerce.completed)
[2026-06-10T18:41:35Z] lane_supervisor SKIPPED (BUY-31452 stop marker present; see data/buy30727-supervisor.stopped)
[2026-06-10T18:41:35Z] keep-alive tick complete
===== keep-alive tick 2026-06-10T18:46:35Z =====
[2026-06-10T18:46:35Z] deep_page_loop OK pid=2793717
[2026-06-10T18:46:35Z] sustained_loop OK pid=2788687
[2026-06-10T18:46:36Z] woocommerce_discover SKIPPED (completion marker present; see data/checkpoints/buy30590_woocommerce.completed)
[2026-06-10T18:46:36Z] lane_supervisor SKIPPED (BUY-31452 stop marker present; see data/buy30727-supervisor.stopped)
[2026-06-10T18:46:36Z] keep-alive tick complete
===== keep-alive tick 2026-06-10T18:51:33Z =====
[2026-06-10T18:51:34Z] deep_page_loop OK pid=2793717
[2026-06-10T18:51:34Z] sustained_loop OK pid=2788687
[2026-06-10T18:51:34Z] woocommerce_discover SKIPPED (completion marker present; see data/checkpoints/buy30590_woocommerce.completed)
[2026-06-10T18:51:34Z] lane_supervisor SKIPPED (BUY-31452 stop marker present; see data/buy30727-supervisor.stopped)
[2026-06-10T18:51:34Z] keep-alive tick complete
===== keep-alive tick 2026-06-10T18:56:35Z =====
[2026-06-10T18:56:35Z] deep_page_loop OK pid=2793717
[2026-06-10T18:56:35Z] sustained_loop OK pid=2788687
[2026-06-10T18:56:35Z] woocommerce_discover SKIPPED (completion marker present; see data/checkpoints/buy30590_woocommerce.completed)
[2026-06-10T18:56:35Z] lane_supervisor SKIPPED (BUY-31452 stop marker present; see data/buy30727-supervisor.stopped)
[2026-06-10T18:56:35Z] keep-alive tick complete
===== keep-alive tick 2026-06-10T19:01:32Z =====
[2026-06-10T19:01:32Z] deep_page_loop OK pid=2793717
[2026-06-10T19:01:32Z] sustained_loop OK pid=2788687
[2026-06-10T19:01:32Z] woocommerce_discover SKIPPED (completion marker present; see data/checkpoints/buy30590_woocommerce.completed)
[2026-06-10T19:01:32Z] lane_supervisor SKIPPED (BUY-31452 stop marker present; see data/buy30727-supervisor.stopped)
[2026-06-10T19:01:32Z] keep-alive tick complete
===== keep-alive tick 2026-06-10T19:06:46Z =====
[2026-06-10T19:06:46Z] deep_page_loop OK pid=2793717
[2026-06-10T19:06:46Z] sustained_loop OK pid=2788687
[2026-06-10T19:06:46Z] woocommerce_discover SKIPPED (completion marker present; see data/checkpoints/buy30590_woocommerce.completed)
[2026-06-10T19:06:46Z] lane_supervisor SKIPPED (BUY-31452 stop marker present; see data/buy30727-supervisor.stopped)
[2026-06-10T19:06:46Z] keep-alive tick complete
===== keep-alive tick 2026-06-10T19:13:16Z =====
[2026-06-10T19:13:16Z] deep_page_loop OK pid=2793717
[2026-06-10T19:13:16Z] sustained_loop OK pid=2788687
[2026-06-10T19:13:16Z] woocommerce_discover SKIPPED (completion marker present; see data/checkpoints/buy30590_woocommerce.completed)
[2026-06-10T19:13:17Z] lane_supervisor SKIPPED (BUY-31452 stop marker present; see data/buy30727-supervisor.stopped)
[2026-06-10T19:13:17Z] keep-alive tick complete
===== keep-alive tick 2026-06-10T19:16:39Z =====
[2026-06-10T19:16:39Z] deep_page_loop OK pid=2793717
[2026-06-10T19:16:40Z] sustained_loop OK pid=2788687
[2026-06-10T19:16:40Z] woocommerce_discover SKIPPED (completion marker present; see data/checkpoints/buy30590_woocommerce.completed)
[2026-06-10T19:16:40Z] lane_supervisor SKIPPED (BUY-31452 stop marker present; see data/buy30727-supervisor.stopped)
[2026-06-10T19:16:40Z] keep-alive tick complete
===== keep-alive tick 2026-06-10T19:21:32Z =====
[2026-06-10T19:21:32Z] deep_page_loop OK pid=2793717
[2026-06-10T19:21:32Z] sustained_loop OK pid=2788687
[2026-06-10T19:21:33Z] woocommerce_discover SKIPPED (completion marker present; see data/checkpoints/buy30590_woocommerce.completed)
[2026-06-10T19:21:33Z] lane_supervisor SKIPPED (BUY-31452 stop marker present; see data/buy30727-supervisor.stopped)
[2026-06-10T19:21:33Z] keep-alive tick complete
===== keep-alive tick 2026-06-10T19:26:57Z =====
[2026-06-10T19:26:57Z] deep_page_loop OK pid=2793717
[2026-06-10T19:26:57Z] sustained_loop OK pid=2788687
[2026-06-10T19:26:57Z] woocommerce_discover SKIPPED (completion marker present; see data/checkpoints/buy30590_woocommerce.completed)
[2026-06-10T19:26:57Z] lane_supervisor SKIPPED (BUY-31452 stop marker present; see data/buy30727-supervisor.stopped)
[2026-06-10T19:26:57Z] keep-alive tick complete
===== keep-alive tick 2026-06-10T19:31:45Z =====
[2026-06-10T19:31:46Z] deep_page_loop OK pid=2793717
[2026-06-10T19:31:46Z] sustained_loop OK pid=2788687
[2026-06-10T19:31:46Z] woocommerce_discover SKIPPED (completion marker present; see data/checkpoints/buy30590_woocommerce.completed)
[2026-06-10T19:31:46Z] lane_supervisor SKIPPED (BUY-31452 stop marker present; see data/buy30727-supervisor.stopped)
[2026-06-10T19:31:46Z] keep-alive tick complete
===== keep-alive tick 2026-06-10T19:36:39Z =====
[2026-06-10T19:36:39Z] deep_page_loop OK pid=2793717
[2026-06-10T19:36:39Z] sustained_loop OK pid=2788687
[2026-06-10T19:36:39Z] woocommerce_discover SKIPPED (completion marker present; see data/checkpoints/buy30590_woocommerce.completed)
[2026-06-10T19:36:39Z] lane_supervisor SKIPPED (BUY-31452 stop marker present; see data/buy30727-supervisor.stopped)
[2026-06-10T19:36:39Z] keep-alive tick complete
===== keep-alive tick 2026-06-10T19:41:35Z =====
[2026-06-10T19:41:35Z] deep_page_loop OK pid=2793717
[2026-06-10T19:41:35Z] sustained_loop OK pid=2788687
[2026-06-10T19:41:35Z] woocommerce_discover SKIPPED (completion marker present; see data/checkpoints/buy30590_woocommerce.completed)
[2026-06-10T19:41:35Z] lane_supervisor SKIPPED (BUY-31452 stop marker present; see data/buy30727-supervisor.stopped)
[2026-06-10T19:41:35Z] keep-alive tick complete
===== keep-alive tick 2026-06-10T19:46:31Z =====
[2026-06-10T19:46:31Z] deep_page_loop OK pid=2793717
[2026-06-10T19:46:31Z] sustained_loop OK pid=2788687
[2026-06-10T19:46:31Z] woocommerce_discover SKIPPED (completion marker present; see data/checkpoints/buy30590_woocommerce.completed)
[2026-06-10T19:46:31Z] lane_supervisor SKIPPED (BUY-31452 stop marker present; see data/buy30727-supervisor.stopped)
[2026-06-10T19:46:31Z] keep-alive tick complete
===== keep-alive tick 2026-06-10T19:51:36Z =====
[2026-06-10T19:51:36Z] deep_page_loop OK pid=2793717
[2026-06-10T19:51:36Z] sustained_loop OK pid=2788687
[2026-06-10T19:51:37Z] woocommerce_discover SKIPPED (completion marker present; see data/checkpoints/buy30590_woocommerce.completed)
[2026-06-10T19:51:37Z] lane_supervisor SKIPPED (BUY-31452 stop marker present; see data/buy30727-supervisor.stopped)
[2026-06-10T19:51:37Z] keep-alive tick complete
===== keep-alive tick 2026-06-10T19:56:37Z =====
[2026-06-10T19:56:37Z] deep_page_loop OK pid=2793717
[2026-06-10T19:56:37Z] sustained_loop OK pid=2788687
[2026-06-10T19:56:37Z] woocommerce_discover SKIPPED (completion marker present; see data/checkpoints/buy30590_woocommerce.completed)
[2026-06-10T19:56:37Z] lane_supervisor SKIPPED (BUY-31452 stop marker present; see data/buy30727-supervisor.stopped)
[2026-06-10T19:56:37Z] keep-alive tick complete
===== keep-alive tick 2026-06-10T20:01:41Z =====
[2026-06-10T20:01:41Z] deep_page_loop OK pid=2793717
[2026-06-10T20:01:41Z] sustained_loop OK pid=2788687
[2026-06-10T20:01:41Z] woocommerce_discover SKIPPED (completion marker present; see data/checkpoints/buy30590_woocommerce.completed)
[2026-06-10T20:01:42Z] lane_supervisor SKIPPED (BUY-31452 stop marker present; see data/buy30727-supervisor.stopped)
[2026-06-10T20:01:42Z] keep-alive tick complete
===== keep-alive tick 2026-06-10T20:06:34Z =====
[2026-06-10T20:06:34Z] deep_page_loop OK pid=2793717
[2026-06-10T20:06:34Z] sustained_loop OK pid=2788687
[2026-06-10T20:06:35Z] woocommerce_discover SKIPPED (completion marker present; see data/checkpoints/buy30590_woocommerce.completed)
[2026-06-10T20:06:35Z] lane_supervisor SKIPPED (BUY-31452 stop marker present; see data/buy30727-supervisor.stopped)
[2026-06-10T20:06:35Z] keep-alive tick complete
===== keep-alive tick 2026-06-10T20:07:29Z =====
[2026-06-10T20:07:30Z] deep_page_loop OK pid=2793717
[2026-06-10T20:07:30Z] sustained_loop OK pid=2788687
[2026-06-10T20:07:30Z] woocommerce_discover SKIPPED (completion marker present; see data/checkpoints/buy30590_woocommerce.completed)
[2026-06-10T20:07:30Z] lane_supervisor SKIPPED (BUY-31452 stop marker present; see data/buy30727-supervisor.stopped)
[2026-06-10T20:07:30Z] keep-alive tick complete
===== keep-alive tick 2026-06-10T20:11:34Z =====
[2026-06-10T20:11:34Z] deep_page_loop OK pid=2793717
[2026-06-10T20:11:35Z] sustained_loop OK pid=2788687
[2026-06-10T20:11:35Z] woocommerce_discover SKIPPED (completion marker present; see data/checkpoints/buy30590_woocommerce.completed)
[2026-06-10T20:11:35Z] lane_supervisor SKIPPED (BUY-31452 stop marker present; see data/buy30727-supervisor.stopped)
[2026-06-10T20:11:35Z] keep-alive tick complete
===== keep-alive tick 2026-06-10T20:16:36Z =====
[2026-06-10T20:16:37Z] deep_page_loop OK pid=2793717
[2026-06-10T20:16:37Z] sustained_loop OK pid=2788687
[2026-06-10T20:16:37Z] woocommerce_discover SKIPPED (completion marker present; see data/checkpoints/buy30590_woocommerce.completed)
[2026-06-10T20:16:37Z] lane_supervisor SKIPPED (BUY-31452 stop marker present; see data/buy30727-supervisor.stopped)
[2026-06-10T20:16:37Z] keep-alive tick complete
===== keep-alive tick 2026-06-10T20:21:09Z =====
[2026-06-10T20:21:09Z] deep_page_loop OK pid=2793717
[2026-06-10T20:21:09Z] sustained_loop OK pid=2788687
[2026-06-10T20:21:09Z] woocommerce_discover SKIPPED (completion marker present; see data/checkpoints/buy30590_woocommerce.completed)
[2026-06-10T20:21:09Z] lane_supervisor SKIPPED (BUY-31452 stop marker present; see data/buy30727-supervisor.stopped)
[2026-06-10T20:21:09Z] keep-alive tick complete
===== keep-alive tick 2026-06-10T20:21:40Z =====
[2026-06-10T20:21:40Z] deep_page_loop OK pid=2793717
[2026-06-10T20:21:40Z] sustained_loop OK pid=2788687
[2026-06-10T20:21:40Z] woocommerce_discover SKIPPED (completion marker present; see data/checkpoints/buy30590_woocommerce.completed)
[2026-06-10T20:21:40Z] lane_supervisor SKIPPED (BUY-31452 stop marker present; see data/buy30727-supervisor.stopped)
[2026-06-10T20:21:40Z] keep-alive tick complete
===== keep-alive tick 2026-06-10T20:26:37Z =====
[2026-06-10T20:26:37Z] deep_page_loop OK pid=2793717
[2026-06-10T20:26:38Z] sustained_loop OK pid=2788687
[2026-06-10T20:26:38Z] woocommerce_discover SKIPPED (completion marker present; see data/checkpoints/buy30590_woocommerce.completed)
[2026-06-10T20:26:38Z] lane_supervisor SKIPPED (BUY-31452 stop marker present; see data/buy30727-supervisor.stopped)
[2026-06-10T20:26:38Z] keep-alive tick complete
===== keep-alive tick 2026-06-10T20:31:38Z =====
[2026-06-10T20:31:38Z] deep_page_loop OK pid=2793717
[2026-06-10T20:31:38Z] sustained_loop OK pid=2788687
[2026-06-10T20:31:38Z] woocommerce_discover SKIPPED (completion marker present; see data/checkpoints/buy30590_woocommerce.completed)
[2026-06-10T20:31:39Z] lane_supervisor SKIPPED (BUY-31452 stop marker present; see data/buy30727-supervisor.stopped)
[2026-06-10T20:31:39Z] keep-alive tick complete
===== keep-alive tick 2026-06-10T20:36:42Z =====
[2026-06-10T20:36:42Z] deep_page_loop OK pid=2793717
[2026-06-10T20:36:42Z] sustained_loop OK pid=2788687
[2026-06-10T20:36:42Z] woocommerce_discover SKIPPED (completion marker present; see data/checkpoints/buy30590_woocommerce.completed)
[2026-06-10T20:36:42Z] lane_supervisor SKIPPED (BUY-31452 stop marker present; see data/buy30727-supervisor.stopped)
[2026-06-10T20:36:42Z] keep-alive tick complete
===== keep-alive tick 2026-06-10T20:41:34Z =====
[2026-06-10T20:41:34Z] deep_page_loop OK pid=2793717
[2026-06-10T20:41:34Z] sustained_loop OK pid=2788687
[2026-06-10T20:41:34Z] woocommerce_discover SKIPPED (completion marker present; see data/checkpoints/buy30590_woocommerce.completed)
[2026-06-10T20:41:34Z] lane_supervisor SKIPPED (BUY-31452 stop marker present; see data/buy30727-supervisor.stopped)
[2026-06-10T20:41:34Z] keep-alive tick complete
===== keep-alive tick 2026-06-10T20:43:26Z =====
[2026-06-10T20:43:26Z] deep_page_loop OK pid=2793717
[2026-06-10T20:43:26Z] sustained_loop OK pid=2788687
[2026-06-10T20:43:27Z] woocommerce_discover SKIPPED (completion marker present; see data/checkpoints/buy30590_woocommerce.completed)
[2026-06-10T20:43:27Z] lane_supervisor SKIPPED (BUY-31452 stop marker present; see data/buy30727-supervisor.stopped)
[2026-06-10T20:43:27Z] keep-alive tick complete
===== keep-alive tick 2026-06-10T20:46:34Z =====
[2026-06-10T20:46:35Z] deep_page_loop OK pid=2793717
[2026-06-10T20:46:35Z] sustained_loop OK pid=2788687
[2026-06-10T20:46:35Z] woocommerce_discover SKIPPED (completion marker present; see data/checkpoints/buy30590_woocommerce.completed)
[2026-06-10T20:46:36Z] lane_supervisor SKIPPED (BUY-31452 stop marker present; see data/buy30727-supervisor.stopped)
[2026-06-10T20:46:36Z] keep-alive tick complete
===== keep-alive tick 2026-06-10T20:51:40Z =====
[2026-06-10T20:51:41Z] deep_page_loop OK pid=2793717
[2026-06-10T20:51:41Z] sustained_loop OK pid=2788687
[2026-06-10T20:51:41Z] woocommerce_discover SKIPPED (completion marker present; see data/checkpoints/buy30590_woocommerce.completed)
[2026-06-10T20:51:41Z] lane_supervisor SKIPPED (BUY-31452 stop marker present; see data/buy30727-supervisor.stopped)
[2026-06-10T20:51:41Z] keep-alive tick complete
===== keep-alive tick 2026-06-10T20:52:51Z =====
[2026-06-10T20:52:51Z] deep_page_loop OK pid=2793717
[2026-06-10T20:52:51Z] sustained_loop OK pid=2788687
[2026-06-10T20:52:51Z] woocommerce_discover SKIPPED (completion marker present; see data/checkpoints/buy30590_woocommerce.completed)
[2026-06-10T20:52:51Z] lane_supervisor SKIPPED (BUY-31452 stop marker present; see data/buy30727-supervisor.stopped)
[2026-06-10T20:52:51Z] keep-alive tick complete
===== keep-alive tick 2026-06-10T20:56:32Z =====
[2026-06-10T20:56:32Z] deep_page_loop OK pid=2793717
[2026-06-10T20:56:32Z] sustained_loop OK pid=2788687
[2026-06-10T20:56:32Z] woocommerce_discover SKIPPED (completion marker present; see data/checkpoints/buy30590_woocommerce.completed)
[2026-06-10T20:56:32Z] lane_supervisor SKIPPED (BUY-31452 stop marker present; see data/buy30727-supervisor.stopped)
[2026-06-10T20:56:32Z] keep-alive tick complete
===== keep-alive tick 2026-06-10T20:58:48Z =====
[2026-06-10T20:58:48Z] deep_page_loop OK pid=2793717
[2026-06-10T20:58:48Z] sustained_loop OK pid=2788687
[2026-06-10T20:58:48Z] woocommerce_discover SKIPPED (completion marker present; see data/checkpoints/buy30590_woocommerce.completed)
[2026-06-10T20:58:48Z] lane_supervisor SKIPPED (BUY-31452 stop marker present; see data/buy30727-supervisor.stopped)
[2026-06-10T20:58:48Z] keep-alive tick complete
===== keep-alive tick 2026-06-10T20:58:57Z =====
[2026-06-10T20:58:57Z] deep_page_loop OK pid=2793717
[2026-06-10T20:58:57Z] sustained_loop OK pid=2788687
[2026-06-10T20:58:57Z] woocommerce_discover SKIPPED (completion marker present; see data/checkpoints/buy30590_woocommerce.completed)
[2026-06-10T20:58:57Z] lane_supervisor SKIPPED (BUY-31452 stop marker present; see data/buy30727-supervisor.stopped)
[2026-06-10T20:58:57Z] keep-alive tick complete
===== keep-alive tick 2026-06-10T21:01:36Z =====
[2026-06-10T21:01:36Z] deep_page_loop OK pid=2793717
[2026-06-10T21:01:37Z] sustained_loop OK pid=2788687
[2026-06-10T21:01:37Z] woocommerce_discover SKIPPED (completion marker present; see data/checkpoints/buy30590_woocommerce.completed)
[2026-06-10T21:01:37Z] lane_supervisor SKIPPED (BUY-31452 stop marker present; see data/buy30727-supervisor.stopped)
[2026-06-10T21:01:37Z] keep-alive tick complete
===== keep-alive tick 2026-06-10T21:06:37Z =====
[2026-06-10T21:06:37Z] deep_page_loop OK pid=2793717
[2026-06-10T21:06:37Z] sustained_loop OK pid=2788687
[2026-06-10T21:06:38Z] woocommerce_discover SKIPPED (completion marker present; see data/checkpoints/buy30590_woocommerce.completed)
[2026-06-10T21:06:38Z] lane_supervisor SKIPPED (BUY-31452 stop marker present; see data/buy30727-supervisor.stopped)
[2026-06-10T21:06:38Z] keep-alive tick complete
===== keep-alive tick 2026-06-10T21:11:53Z =====
[2026-06-10T21:11:54Z] deep_page_loop OK pid=2793717
[2026-06-10T21:11:54Z] sustained_loop OK pid=2788687
[2026-06-10T21:11:54Z] woocommerce_discover SKIPPED (completion marker present; see data/checkpoints/buy30590_woocommerce.completed)
[2026-06-10T21:11:54Z] lane_supervisor SKIPPED (BUY-31452 stop marker present; see data/buy30727-supervisor.stopped)
[2026-06-10T21:11:54Z] keep-alive tick complete
===== keep-alive tick 2026-06-10T21:16:36Z =====
[2026-06-10T21:16:36Z] deep_page_loop OK pid=2793717
[2026-06-10T21:16:36Z] sustained_loop OK pid=2788687
[2026-06-10T21:16:36Z] woocommerce_discover SKIPPED (completion marker present; see data/checkpoints/buy30590_woocommerce.completed)
[2026-06-10T21:16:36Z] lane_supervisor SKIPPED (BUY-31452 stop marker present; see data/buy30727-supervisor.stopped)
[2026-06-10T21:16:36Z] keep-alive tick complete
===== keep-alive tick 2026-06-10T21:19:22Z =====
[2026-06-10T21:19:22Z] deep_page_loop OK pid=2793717
[2026-06-10T21:19:23Z] sustained_loop OK pid=2788687
[2026-06-10T21:19:23Z] woocommerce_discover SKIPPED (completion marker present; see data/checkpoints/buy30590_woocommerce.completed)
[2026-06-10T21:19:23Z] lane_supervisor SKIPPED (BUY-31452 stop marker present; see data/buy30727-supervisor.stopped)
[2026-06-10T21:19:23Z] keep-alive tick complete
===== keep-alive tick 2026-06-10T21:21:45Z =====
[2026-06-10T21:21:45Z] deep_page_loop OK pid=2793717
[2026-06-10T21:21:45Z] sustained_loop OK pid=2788687
[2026-06-10T21:21:45Z] woocommerce_discover SKIPPED (completion marker present; see data/checkpoints/buy30590_woocommerce.completed)
[2026-06-10T21:21:45Z] lane_supervisor SKIPPED (BUY-31452 stop marker present; see data/buy30727-supervisor.stopped)
[2026-06-10T21:21:45Z] keep-alive tick complete
===== keep-alive tick 2026-06-10T21:26:26Z =====
[2026-06-10T21:26:26Z] deep_page_loop OK pid=2793717
[2026-06-10T21:26:26Z] sustained_loop OK pid=2788687
[2026-06-10T21:26:26Z] woocommerce_discover SKIPPED (completion marker present; see data/checkpoints/buy30590_woocommerce.completed)
[2026-06-10T21:26:26Z] lane_supervisor SKIPPED (BUY-31452 stop marker present; see data/buy30727-supervisor.stopped)
[2026-06-10T21:26:26Z] keep-alive tick complete
===== keep-alive tick 2026-06-10T21:27:02Z =====
[2026-06-10T21:27:02Z] deep_page_loop DEAD — restarting (consecutive_dead_ticks=1)
[2026-06-10T21:27:04Z] deep_page_loop restarted pid=167348 root=/paperclip/instances/default/workspaces/3ec8f6dd-1735-4479-9825-a2c42edac34c spawned=167345
[2026-06-10T21:27:04Z] sustained_loop OK pid=166497
[2026-06-10T21:27:05Z] woocommerce_discover SKIPPED (completion marker present; see data/checkpoints/buy30590_woocommerce.completed)
[2026-06-10T21:27:05Z] lane_supervisor SKIPPED (BUY-31452 stop marker present; see data/buy30727-supervisor.stopped)
[2026-06-10T21:27:05Z] keep-alive tick complete
===== keep-alive tick 2026-06-10T21:36:40Z =====
[2026-06-10T21:36:40Z] deep_page_loop OK pid=167348
[2026-06-10T21:36:40Z] sustained_loop OK pid=166497
[2026-06-10T21:36:40Z] woocommerce_discover SKIPPED (completion marker present; see data/checkpoints/buy30590_woocommerce.completed)
[2026-06-10T21:36:40Z] lane_supervisor SKIPPED (BUY-31452 stop marker present; see data/buy30727-supervisor.stopped)
[2026-06-10T21:36:40Z] keep-alive tick complete
===== keep-alive tick 2026-06-10T21:37:26Z =====
[2026-06-10T21:37:26Z] deep_page_loop OK pid=167348
[2026-06-10T21:37:26Z] sustained_loop OK pid=166497
[2026-06-10T21:37:26Z] woocommerce_discover SKIPPED (completion marker present; see data/checkpoints/buy30590_woocommerce.completed)
[2026-06-10T21:37:26Z] lane_supervisor SKIPPED (BUY-31452 stop marker present; see data/buy30727-supervisor.stopped)
[2026-06-10T21:37:26Z] keep-alive tick complete
===== keep-alive tick 2026-06-10T21:41:36Z =====
[2026-06-10T21:41:36Z] deep_page_loop OK pid=167348
[2026-06-10T21:41:36Z] sustained_loop OK pid=166497
[2026-06-10T21:41:36Z] woocommerce_discover SKIPPED (completion marker present; see data/checkpoints/buy30590_woocommerce.completed)
[2026-06-10T21:41:36Z] lane_supervisor SKIPPED (BUY-31452 stop marker present; see data/buy30727-supervisor.stopped)
[2026-06-10T21:41:36Z] keep-alive tick complete
===== keep-alive tick 2026-06-10T21:43:52Z =====
[2026-06-10T21:43:52Z] deep_page_loop OK pid=167348
[2026-06-10T21:43:52Z] sustained_loop OK pid=166497
[2026-06-10T21:43:52Z] woocommerce_discover SKIPPED (completion marker present; see data/checkpoints/buy30590_woocommerce.completed)
[2026-06-10T21:43:52Z] lane_supervisor SKIPPED (BUY-31452 stop marker present; see data/buy30727-supervisor.stopped)
[2026-06-10T21:43:52Z] keep-alive tick complete
===== keep-alive tick 2026-06-10T21:46:38Z =====
[2026-06-10T21:46:38Z] deep_page_loop OK pid=167348
[2026-06-10T21:46:38Z] sustained_loop OK pid=166497
[2026-06-10T21:46:38Z] woocommerce_discover SKIPPED (completion marker present; see data/checkpoints/buy30590_woocommerce.completed)
[2026-06-10T21:46:38Z] lane_supervisor SKIPPED (BUY-31452 stop marker present; see data/buy30727-supervisor.stopped)
[2026-06-10T21:46:38Z] keep-alive tick complete
===== keep-alive tick 2026-06-10T21:50:28Z =====
[2026-06-10T21:50:28Z] deep_page_loop OK pid=167348
[2026-06-10T21:50:28Z] sustained_loop OK pid=166497
[2026-06-10T21:50:28Z] woocommerce_discover SKIPPED (completion marker present; see data/checkpoints/buy30590_woocommerce.completed)
[2026-06-10T21:50:28Z] lane_supervisor SKIPPED (BUY-31452 stop marker present; see data/buy30727-supervisor.stopped)
[2026-06-10T21:50:28Z] keep-alive tick complete
===== keep-alive tick 2026-06-10T21:51:45Z =====
[2026-06-10T21:51:45Z] deep_page_loop OK pid=167348
[2026-06-10T21:51:45Z] sustained_loop OK pid=166497
[2026-06-10T21:51:45Z] woocommerce_discover SKIPPED (completion marker present; see data/checkpoints/buy30590_woocommerce.completed)
[2026-06-10T21:51:45Z] lane_supervisor SKIPPED (BUY-31452 stop marker present; see data/buy30727-supervisor.stopped)
[2026-06-10T21:51:45Z] keep-alive tick complete
===== keep-alive tick 2026-06-10T21:56:38Z =====
[2026-06-10T21:56:38Z] deep_page_loop OK pid=167348
[2026-06-10T21:56:38Z] sustained_loop OK pid=166497
[2026-06-10T21:56:38Z] woocommerce_discover SKIPPED (completion marker present; see data/checkpoints/buy30590_woocommerce.completed)
[2026-06-10T21:56:39Z] lane_supervisor SKIPPED (BUY-31452 stop marker present; see data/buy30727-supervisor.stopped)
[2026-06-10T21:56:39Z] keep-alive tick complete
===== keep-alive tick 2026-06-10T22:01:37Z =====
[2026-06-10T22:01:38Z] deep_page_loop OK pid=167348
[2026-06-10T22:01:38Z] sustained_loop OK pid=166497
[2026-06-10T22:01:38Z] woocommerce_discover SKIPPED (completion marker present; see data/checkpoints/buy30590_woocommerce.completed)
[2026-06-10T22:01:38Z] lane_supervisor SKIPPED (BUY-31452 stop marker present; see data/buy30727-supervisor.stopped)
[2026-06-10T22:01:38Z] keep-alive tick complete
===== keep-alive tick 2026-06-10T22:01:42Z =====
[2026-06-10T22:01:42Z] deep_page_loop OK pid=167348
[2026-06-10T22:01:42Z] sustained_loop OK pid=166497
[2026-06-10T22:01:42Z] woocommerce_discover SKIPPED (completion marker present; see data/checkpoints/buy30590_woocommerce.completed)
[2026-06-10T22:01:42Z] lane_supervisor SKIPPED (BUY-31452 stop marker present; see data/buy30727-supervisor.stopped)
[2026-06-10T22:01:42Z] keep-alive tick complete
===== keep-alive tick 2026-06-10T22:01:43Z =====
[2026-06-10T22:01:43Z] deep_page_loop OK pid=167348
[2026-06-10T22:01:43Z] sustained_loop OK pid=166497
[2026-06-10T22:01:44Z] woocommerce_discover SKIPPED (completion marker present; see data/checkpoints/buy30590_woocommerce.completed)
[2026-06-10T22:01:44Z] lane_supervisor SKIPPED (BUY-31452 stop marker present; see data/buy30727-supervisor.stopped)
[2026-06-10T22:01:44Z] keep-alive tick complete
===== keep-alive tick 2026-06-10T22:08:36Z =====
[2026-06-10T22:08:37Z] deep_page_loop OK pid=167348
[2026-06-10T22:08:37Z] sustained_loop OK pid=166497
[2026-06-10T22:08:37Z] woocommerce_discover SKIPPED (completion marker present; see data/checkpoints/buy30590_woocommerce.completed)
[2026-06-10T22:08:37Z] lane_supervisor SKIPPED (BUY-31452 stop marker present; see data/buy30727-supervisor.stopped)
[2026-06-10T22:08:37Z] keep-alive tick complete
===== keep-alive tick 2026-06-10T22:11:35Z =====
[2026-06-10T22:11:35Z] deep_page_loop OK pid=167348
[2026-06-10T22:11:35Z] sustained_loop OK pid=166497
[2026-06-10T22:11:35Z] woocommerce_discover SKIPPED (completion marker present; see data/checkpoints/buy30590_woocommerce.completed)
[2026-06-10T22:11:36Z] lane_supervisor SKIPPED (BUY-31452 stop marker present; see data/buy30727-supervisor.stopped)
[2026-06-10T22:11:36Z] keep-alive tick complete
===== keep-alive tick 2026-06-10T22:15:01Z =====
[2026-06-10T22:15:01Z] deep_page_loop OK pid=167348
[2026-06-10T22:15:01Z] sustained_loop OK pid=166497
[2026-06-10T22:15:01Z] woocommerce_discover SKIPPED (completion marker present; see data/checkpoints/buy30590_woocommerce.completed)
[2026-06-10T22:15:01Z] lane_supervisor SKIPPED (BUY-31452 stop marker present; see data/buy30727-supervisor.stopped)
[2026-06-10T22:15:01Z] keep-alive tick complete
===== keep-alive tick 2026-06-10T22:16:30Z =====
[2026-06-10T22:16:30Z] deep_page_loop OK pid=167348
[2026-06-10T22:16:30Z] sustained_loop OK pid=166497
[2026-06-10T22:16:30Z] woocommerce_discover SKIPPED (completion marker present; see data/checkpoints/buy30590_woocommerce.completed)
[2026-06-10T22:16:30Z] lane_supervisor SKIPPED (BUY-31452 stop marker present; see data/buy30727-supervisor.stopped)
[2026-06-10T22:16:30Z] keep-alive tick complete
===== keep-alive tick 2026-06-10T22:17:58Z =====
[2026-06-10T22:17:58Z] deep_page_loop OK pid=167348
[2026-06-10T22:17:58Z] sustained_loop OK pid=166497
[2026-06-10T22:17:58Z] woocommerce_discover SKIPPED (completion marker present; see data/checkpoints/buy30590_woocommerce.completed)
[2026-06-10T22:17:58Z] lane_supervisor SKIPPED (BUY-31452 stop marker present; see data/buy30727-supervisor.stopped)
[2026-06-10T22:17:58Z] keep-alive tick complete
===== keep-alive tick 2026-06-10T22:21:39Z =====
[2026-06-10T22:21:39Z] deep_page_loop OK pid=167348
[2026-06-10T22:21:39Z] sustained_loop OK pid=166497
[2026-06-10T22:21:39Z] woocommerce_discover SKIPPED (completion marker present; see data/checkpoints/buy30590_woocommerce.completed)
[2026-06-10T22:21:39Z] lane_supervisor SKIPPED (BUY-31452 stop marker present; see data/buy30727-supervisor.stopped)
[2026-06-10T22:21:39Z] keep-alive tick complete
===== keep-alive tick 2026-06-10T22:24:17Z =====
[2026-06-10T22:24:18Z] deep_page_loop OK pid=167348
[2026-06-10T22:24:18Z] sustained_loop OK pid=166497
[2026-06-10T22:24:18Z] woocommerce_discover SKIPPED (completion marker present; see data/checkpoints/buy30590_woocommerce.completed)
[2026-06-10T22:24:18Z] lane_supervisor SKIPPED (BUY-31452 stop marker present; see data/buy30727-supervisor.stopped)
[2026-06-10T22:24:18Z] keep-alive tick complete
===== keep-alive tick 2026-06-10T22:29:20Z =====
[2026-06-10T22:29:20Z] deep_page_loop OK pid=167348
[2026-06-10T22:29:20Z] sustained_loop OK pid=166497
[2026-06-10T22:29:20Z] woocommerce_discover SKIPPED (completion marker present; see data/checkpoints/buy30590_woocommerce.completed)
[2026-06-10T22:29:20Z] lane_supervisor SKIPPED (BUY-31452 stop marker present; see data/buy30727-supervisor.stopped)
[2026-06-10T22:29:20Z] keep-alive tick complete
===== keep-alive tick 2026-06-10T22:33:46Z =====
[2026-06-10T22:33:47Z] deep_page_loop OK pid=167348
[2026-06-10T22:33:47Z] sustained_loop OK pid=166497
[2026-06-10T22:33:47Z] woocommerce_discover SKIPPED (completion marker present; see data/checkpoints/buy30590_woocommerce.completed)
[2026-06-10T22:33:47Z] lane_supervisor SKIPPED (BUY-31452 stop marker present; see data/buy30727-supervisor.stopped)
[2026-06-10T22:33:47Z] keep-alive tick complete
===== keep-alive tick 2026-06-10T22:37:25Z =====
[2026-06-10T22:37:25Z] deep_page_loop OK pid=167348
[2026-06-10T22:37:25Z] sustained_loop OK pid=166497
[2026-06-10T22:37:25Z] woocommerce_discover SKIPPED (completion marker present; see data/checkpoints/buy30590_woocommerce.completed)
[2026-06-10T22:37:25Z] lane_supervisor SKIPPED (BUY-31452 stop marker present; see data/buy30727-supervisor.stopped)
[2026-06-10T22:37:25Z] keep-alive tick complete
===== keep-alive tick 2026-06-10T22:39:19Z =====
[2026-06-10T22:39:19Z] deep_page_loop OK pid=167348
[2026-06-10T22:39:19Z] sustained_loop OK pid=166497
[2026-06-10T22:39:20Z] woocommerce_discover SKIPPED (completion marker present; see data/checkpoints/buy30590_woocommerce.completed)
[2026-06-10T22:39:20Z] lane_supervisor SKIPPED (BUY-31452 stop marker present; see data/buy30727-supervisor.stopped)
[2026-06-10T22:39:20Z] keep-alive tick complete
===== keep-alive tick 2026-06-10T22:42:24Z =====
[2026-06-10T22:42:24Z] deep_page_loop OK pid=167348
[2026-06-10T22:42:24Z] sustained_loop OK pid=166497
[2026-06-10T22:42:25Z] woocommerce_discover SKIPPED (completion marker present; see data/checkpoints/buy30590_woocommerce.completed)
[2026-06-10T22:42:25Z] lane_supervisor SKIPPED (BUY-31452 stop marker present; see data/buy30727-supervisor.stopped)
[2026-06-10T22:42:25Z] keep-alive tick complete
===== keep-alive tick 2026-06-10T22:46:33Z =====
[2026-06-10T22:46:33Z] deep_page_loop OK pid=167348
[2026-06-10T22:46:33Z] sustained_loop OK pid=166497
[2026-06-10T22:46:33Z] woocommerce_discover SKIPPED (completion marker present; see data/checkpoints/buy30590_woocommerce.completed)
[2026-06-10T22:46:33Z] lane_supervisor SKIPPED (BUY-31452 stop marker present; see data/buy30727-supervisor.stopped)
[2026-06-10T22:46:33Z] keep-alive tick complete
===== keep-alive tick 2026-06-10T22:51:59Z =====
[2026-06-10T22:51:59Z] deep_page_loop OK pid=167348
[2026-06-10T22:52:00Z] sustained_loop OK pid=166497
[2026-06-10T22:52:00Z] woocommerce_discover SKIPPED (completion marker present; see data/checkpoints/buy30590_woocommerce.completed)
[2026-06-10T22:52:00Z] lane_supervisor SKIPPED (BUY-31452 stop marker present; see data/buy30727-supervisor.stopped)
[2026-06-10T22:52:00Z] keep-alive tick complete
===== keep-alive tick 2026-06-10T22:52:03Z =====
[2026-06-10T22:52:03Z] deep_page_loop OK pid=167348
[2026-06-10T22:52:03Z] sustained_loop OK pid=166497
[2026-06-10T22:52:03Z] woocommerce_discover SKIPPED (completion marker present; see data/checkpoints/buy30590_woocommerce.completed)
[2026-06-10T22:52:03Z] lane_supervisor SKIPPED (BUY-31452 stop marker present; see data/buy30727-supervisor.stopped)
[2026-06-10T22:52:03Z] keep-alive tick complete
===== keep-alive tick 2026-06-10T22:53:42Z =====
[2026-06-10T22:53:42Z] deep_page_loop OK pid=167348
[2026-06-10T22:53:42Z] sustained_loop OK pid=166497
[2026-06-10T22:53:42Z] woocommerce_discover SKIPPED (completion marker present; see data/checkpoints/buy30590_woocommerce.completed)
[2026-06-10T22:53:42Z] lane_supervisor SKIPPED (BUY-31452 stop marker present; see data/buy30727-supervisor.stopped)
[2026-06-10T22:53:42Z] keep-alive tick complete
===== keep-alive tick 2026-06-10T22:56:31Z =====
[2026-06-10T22:56:31Z] deep_page_loop OK pid=167348
[2026-06-10T22:56:31Z] sustained_loop OK pid=166497
[2026-06-10T22:56:31Z] woocommerce_discover SKIPPED (completion marker present; see data/checkpoints/buy30590_woocommerce.completed)
[2026-06-10T22:56:31Z] lane_supervisor SKIPPED (BUY-31452 stop marker present; see data/buy30727-supervisor.stopped)
[2026-06-10T22:56:31Z] keep-alive tick complete
===== keep-alive tick 2026-06-10T22:58:51Z =====
[2026-06-10T22:58:51Z] deep_page_loop OK pid=167348
[2026-06-10T22:58:51Z] sustained_loop OK pid=166497
[2026-06-10T22:58:52Z] woocommerce_discover SKIPPED (completion marker present; see data/checkpoints/buy30590_woocommerce.completed)
[2026-06-10T22:58:52Z] lane_supervisor SKIPPED (BUY-31452 stop marker present; see data/buy30727-supervisor.stopped)
[2026-06-10T22:58:52Z] keep-alive tick complete
===== keep-alive tick 2026-06-10T22:59:04Z =====
[2026-06-10T22:59:04Z] deep_page_loop OK pid=167348
[2026-06-10T22:59:05Z] sustained_loop OK pid=166497
[2026-06-10T22:59:05Z] woocommerce_discover SKIPPED (completion marker present; see data/checkpoints/buy30590_woocommerce.completed)
[2026-06-10T22:59:05Z] lane_supervisor SKIPPED (BUY-31452 stop marker present; see data/buy30727-supervisor.stopped)
[2026-06-10T22:59:05Z] keep-alive tick complete
===== keep-alive tick 2026-06-10T23:01:45Z =====
[2026-06-10T23:01:45Z] deep_page_loop OK pid=167348
[2026-06-10T23:01:45Z] sustained_loop OK pid=166497
[2026-06-10T23:01:45Z] woocommerce_discover SKIPPED (completion marker present; see data/checkpoints/buy30590_woocommerce.completed)
[2026-06-10T23:01:45Z] lane_supervisor SKIPPED (BUY-31452 stop marker present; see data/buy30727-supervisor.stopped)
[2026-06-10T23:01:45Z] keep-alive tick complete
===== keep-alive tick 2026-06-10T23:02:57Z =====
[2026-06-10T23:02:57Z] deep_page_loop OK pid=167348
[2026-06-10T23:02:57Z] sustained_loop OK pid=166497
[2026-06-10T23:02:57Z] woocommerce_discover SKIPPED (completion marker present; see data/checkpoints/buy30590_woocommerce.completed)
[2026-06-10T23:02:57Z] lane_supervisor SKIPPED (BUY-31452 stop marker present; see data/buy30727-supervisor.stopped)
[2026-06-10T23:02:57Z] keep-alive tick complete
===== keep-alive tick 2026-06-10T23:06:42Z =====
[2026-06-10T23:06:42Z] deep_page_loop OK pid=167348
[2026-06-10T23:06:42Z] sustained_loop OK pid=166497
[2026-06-10T23:06:42Z] woocommerce_discover SKIPPED (completion marker present; see data/checkpoints/buy30590_woocommerce.completed)
[2026-06-10T23:06:42Z] lane_supervisor SKIPPED (BUY-31452 stop marker present; see data/buy30727-supervisor.stopped)
[2026-06-10T23:06:42Z] keep-alive tick complete
===== keep-alive tick 2026-06-10T23:11:35Z =====
[2026-06-10T23:11:35Z] deep_page_loop OK pid=167348
[2026-06-10T23:11:36Z] sustained_loop OK pid=166497
[2026-06-10T23:11:36Z] woocommerce_discover SKIPPED (completion marker present; see data/checkpoints/buy30590_woocommerce.completed)
[2026-06-10T23:11:36Z] lane_supervisor SKIPPED (BUY-31452 stop marker present; see data/buy30727-supervisor.stopped)
[2026-06-10T23:11:36Z] keep-alive tick complete
===== keep-alive tick 2026-06-10T23:11:58Z =====
[2026-06-10T23:11:58Z] deep_page_loop OK pid=167348
[2026-06-10T23:11:58Z] sustained_loop OK pid=166497
[2026-06-10T23:11:58Z] woocommerce_discover SKIPPED (completion marker present; see data/checkpoints/buy30590_woocommerce.completed)
[2026-06-10T23:11:58Z] lane_supervisor SKIPPED (BUY-31452 stop marker present; see data/buy30727-supervisor.stopped)
[2026-06-10T23:11:58Z] keep-alive tick complete
===== keep-alive tick 2026-06-10T23:12:20Z =====
[2026-06-10T23:12:21Z] deep_page_loop OK pid=167348
[2026-06-10T23:12:21Z] sustained_loop OK pid=166497
[2026-06-10T23:12:21Z] woocommerce_discover SKIPPED (completion marker present; see data/checkpoints/buy30590_woocommerce.completed)
[2026-06-10T23:12:21Z] lane_supervisor SKIPPED (BUY-31452 stop marker present; see data/buy30727-supervisor.stopped)
[2026-06-10T23:12:21Z] keep-alive tick complete
===== keep-alive tick 2026-06-10T23:16:38Z =====
[2026-06-10T23:16:39Z] deep_page_loop OK pid=167348
[2026-06-10T23:16:39Z] sustained_loop OK pid=166497
[2026-06-10T23:16:39Z] woocommerce_discover SKIPPED (completion marker present; see data/checkpoints/buy30590_woocommerce.completed)
[2026-06-10T23:16:39Z] lane_supervisor SKIPPED (BUY-31452 stop marker present; see data/buy30727-supervisor.stopped)
[2026-06-10T23:16:39Z] keep-alive tick complete
===== keep-alive tick 2026-06-10T23:17:53Z =====
[2026-06-10T23:17:53Z] deep_page_loop OK pid=167348
[2026-06-10T23:17:53Z] sustained_loop OK pid=166497
[2026-06-10T23:17:54Z] woocommerce_discover SKIPPED (completion marker present; see data/checkpoints/buy30590_woocommerce.completed)
[2026-06-10T23:17:54Z] lane_supervisor SKIPPED (BUY-31452 stop marker present; see data/buy30727-supervisor.stopped)
[2026-06-10T23:17:54Z] keep-alive tick complete
===== keep-alive tick 2026-06-10T23:21:31Z =====
[2026-06-10T23:21:31Z] deep_page_loop OK pid=167348
[2026-06-10T23:21:31Z] sustained_loop OK pid=166497
[2026-06-10T23:21:31Z] woocommerce_discover SKIPPED (completion marker present; see data/checkpoints/buy30590_woocommerce.completed)
[2026-06-10T23:21:31Z] lane_supervisor SKIPPED (BUY-31452 stop marker present; see data/buy30727-supervisor.stopped)
[2026-06-10T23:21:31Z] keep-alive tick complete
===== keep-alive tick 2026-06-10T23:26:34Z =====
[2026-06-10T23:26:35Z] deep_page_loop OK pid=167348
[2026-06-10T23:26:35Z] sustained_loop OK pid=166497
[2026-06-10T23:26:35Z] woocommerce_discover SKIPPED (completion marker present; see data/checkpoints/buy30590_woocommerce.completed)
[2026-06-10T23:26:35Z] lane_supervisor SKIPPED (BUY-31452 stop marker present; see data/buy30727-supervisor.stopped)
[2026-06-10T23:26:35Z] keep-alive tick complete
===== keep-alive tick 2026-06-10T23:29:23Z =====
[2026-06-10T23:29:23Z] deep_page_loop OK pid=167348
[2026-06-10T23:29:23Z] sustained_loop OK pid=166497
[2026-06-10T23:29:23Z] woocommerce_discover SKIPPED (completion marker present; see data/checkpoints/buy30590_woocommerce.completed)
[2026-06-10T23:29:23Z] lane_supervisor SKIPPED (BUY-31452 stop marker present; see data/buy30727-supervisor.stopped)
[2026-06-10T23:29:23Z] keep-alive tick complete
===== keep-alive tick 2026-06-10T23:31:33Z =====
[2026-06-10T23:31:33Z] deep_page_loop OK pid=167348
[2026-06-10T23:31:34Z] sustained_loop OK pid=166497
[2026-06-10T23:31:34Z] woocommerce_discover SKIPPED (completion marker present; see data/checkpoints/buy30590_woocommerce.completed)
[2026-06-10T23:31:34Z] lane_supervisor SKIPPED (BUY-31452 stop marker present; see data/buy30727-supervisor.stopped)
[2026-06-10T23:31:34Z] keep-alive tick complete
===== keep-alive tick 2026-06-10T23:33:12Z =====
[2026-06-10T23:33:12Z] deep_page_loop OK pid=167348
[2026-06-10T23:33:12Z] sustained_loop OK pid=166497
[2026-06-10T23:33:12Z] woocommerce_discover SKIPPED (completion marker present; see data/checkpoints/buy30590_woocommerce.completed)
[2026-06-10T23:33:12Z] lane_supervisor SKIPPED (BUY-31452 stop marker present; see data/buy30727-supervisor.stopped)
[2026-06-10T23:33:12Z] keep-alive tick complete
===== keep-alive tick 2026-06-10T23:33:15Z =====
[2026-06-10T23:33:15Z] deep_page_loop OK pid=167348
[2026-06-10T23:33:15Z] sustained_loop OK pid=166497
[2026-06-10T23:33:15Z] woocommerce_discover SKIPPED (completion marker present; see data/checkpoints/buy30590_woocommerce.completed)
[2026-06-10T23:33:15Z] lane_supervisor SKIPPED (BUY-31452 stop marker present; see data/buy30727-supervisor.stopped)
[2026-06-10T23:33:15Z] keep-alive tick complete
===== keep-alive tick 2026-06-10T23:36:42Z =====
[2026-06-10T23:36:42Z] deep_page_loop OK pid=167348
[2026-06-10T23:36:42Z] sustained_loop OK pid=166497
[2026-06-10T23:36:42Z] woocommerce_discover SKIPPED (completion marker present; see data/checkpoints/buy30590_woocommerce.completed)
[2026-06-10T23:36:42Z] lane_supervisor SKIPPED (BUY-31452 stop marker present; see data/buy30727-supervisor.stopped)
[2026-06-10T23:36:42Z] keep-alive tick complete
===== keep-alive tick 2026-06-10T23:39:48Z =====
[2026-06-10T23:39:48Z] deep_page_loop OK pid=167348
[2026-06-10T23:39:48Z] sustained_loop OK pid=166497
[2026-06-10T23:39:48Z] woocommerce_discover SKIPPED (completion marker present; see data/checkpoints/buy30590_woocommerce.completed)
[2026-06-10T23:39:48Z] lane_supervisor SKIPPED (BUY-31452 stop marker present; see data/buy30727-supervisor.stopped)
[2026-06-10T23:39:48Z] keep-alive tick complete
===== keep-alive tick 2026-06-10T23:41:45Z =====
[2026-06-10T23:41:45Z] deep_page_loop OK pid=167348
[2026-06-10T23:41:45Z] sustained_loop OK pid=166497
[2026-06-10T23:41:45Z] woocommerce_discover SKIPPED (completion marker present; see data/checkpoints/buy30590_woocommerce.completed)
[2026-06-10T23:41:45Z] lane_supervisor SKIPPED (BUY-31452 stop marker present; see data/buy30727-supervisor.stopped)
[2026-06-10T23:41:45Z] keep-alive tick complete
===== keep-alive tick 2026-06-10T23:43:33Z =====
[2026-06-10T23:43:34Z] deep_page_loop OK pid=167348
[2026-06-10T23:43:34Z] sustained_loop OK pid=166497
[2026-06-10T23:43:34Z] woocommerce_discover SKIPPED (completion marker present; see data/checkpoints/buy30590_woocommerce.completed)
[2026-06-10T23:43:34Z] lane_supervisor SKIPPED (BUY-31452 stop marker present; see data/buy30727-supervisor.stopped)
[2026-06-10T23:43:34Z] keep-alive tick complete
===== keep-alive tick 2026-06-10T23:43:37Z =====
[2026-06-10T23:43:37Z] deep_page_loop OK pid=167348
[2026-06-10T23:43:38Z] sustained_loop OK pid=166497
[2026-06-10T23:43:38Z] woocommerce_discover SKIPPED (completion marker present; see data/checkpoints/buy30590_woocommerce.completed)
[2026-06-10T23:43:38Z] lane_supervisor SKIPPED (BUY-31452 stop marker present; see data/buy30727-supervisor.stopped)
[2026-06-10T23:43:38Z] keep-alive tick complete
===== keep-alive tick 2026-06-10T23:46:32Z =====
[2026-06-10T23:46:32Z] deep_page_loop OK pid=167348
[2026-06-10T23:46:32Z] sustained_loop OK pid=166497
[2026-06-10T23:46:32Z] woocommerce_discover SKIPPED (completion marker present; see data/checkpoints/buy30590_woocommerce.completed)
[2026-06-10T23:46:33Z] lane_supervisor SKIPPED (BUY-31452 stop marker present; see data/buy30727-supervisor.stopped)
[2026-06-10T23:46:33Z] keep-alive tick complete
===== keep-alive tick 2026-06-10T23:48:07Z =====
[2026-06-10T23:48:08Z] deep_page_loop OK pid=167348
[2026-06-10T23:48:08Z] sustained_loop OK pid=166497
[2026-06-10T23:48:08Z] woocommerce_discover SKIPPED (completion marker present; see data/checkpoints/buy30590_woocommerce.completed)
[2026-06-10T23:48:08Z] lane_supervisor SKIPPED (BUY-31452 stop marker present; see data/buy30727-supervisor.stopped)
[2026-06-10T23:48:08Z] keep-alive tick complete
===== keep-alive tick 2026-06-10T23:51:48Z =====
[2026-06-10T23:51:48Z] deep_page_loop OK pid=167348
[2026-06-10T23:51:48Z] sustained_loop OK pid=166497
[2026-06-10T23:51:48Z] woocommerce_discover SKIPPED (completion marker present; see data/checkpoints/buy30590_woocommerce.completed)
[2026-06-10T23:51:48Z] lane_supervisor SKIPPED (BUY-31452 stop marker present; see data/buy30727-supervisor.stopped)
[2026-06-10T23:51:48Z] keep-alive tick complete
===== keep-alive tick 2026-06-10T23:56:30Z =====
[2026-06-10T23:56:31Z] deep_page_loop OK pid=167348
[2026-06-10T23:56:31Z] sustained_loop OK pid=166497
[2026-06-10T23:56:31Z] woocommerce_discover SKIPPED (completion marker present; see data/checkpoints/buy30590_woocommerce.completed)
[2026-06-10T23:56:31Z] lane_supervisor SKIPPED (BUY-31452 stop marker present; see data/buy30727-supervisor.stopped)
[2026-06-10T23:56:31Z] keep-alive tick complete
===== keep-alive tick 2026-06-10T23:58:55Z =====
[2026-06-10T23:58:55Z] deep_page_loop OK pid=167348
[2026-06-10T23:58:55Z] sustained_loop OK pid=166497
[2026-06-10T23:58:55Z] woocommerce_discover SKIPPED (completion marker present; see data/checkpoints/buy30590_woocommerce.completed)
[2026-06-10T23:58:55Z] lane_supervisor SKIPPED (BUY-31452 stop marker present; see data/buy30727-supervisor.stopped)
[2026-06-10T23:58:55Z] keep-alive tick complete
===== keep-alive tick 2026-06-11T00:01:32Z =====
[2026-06-11T00:01:32Z] deep_page_loop OK pid=167348
[2026-06-11T00:01:32Z] sustained_loop OK pid=166497
[2026-06-11T00:01:32Z] woocommerce_discover SKIPPED (completion marker present; see data/checkpoints/buy30590_woocommerce.completed)
[2026-06-11T00:01:32Z] lane_supervisor SKIPPED (BUY-31452 stop marker present; see data/buy30727-supervisor.stopped)
[2026-06-11T00:01:32Z] keep-alive tick complete
===== keep-alive tick 2026-06-11T00:03:25Z =====
[2026-06-11T00:03:25Z] deep_page_loop OK pid=167348
[2026-06-11T00:03:25Z] sustained_loop OK pid=166497
[2026-06-11T00:03:26Z] woocommerce_discover SKIPPED (completion marker present; see data/checkpoints/buy30590_woocommerce.completed)
[2026-06-11T00:03:26Z] lane_supervisor SKIPPED (BUY-31452 stop marker present; see data/buy30727-supervisor.stopped)
[2026-06-11T00:03:26Z] keep-alive tick complete
===== keep-alive tick 2026-06-11T00:07:02Z =====
[2026-06-11T00:07:02Z] deep_page_loop OK pid=167348
[2026-06-11T00:07:02Z] sustained_loop OK pid=166497
[2026-06-11T00:07:02Z] woocommerce_discover SKIPPED (completion marker present; see data/checkpoints/buy30590_woocommerce.completed)
[2026-06-11T00:07:02Z] lane_supervisor SKIPPED (BUY-31452 stop marker present; see data/buy30727-supervisor.stopped)
[2026-06-11T00:07:02Z] keep-alive tick complete
===== keep-alive tick 2026-06-11T00:13:38Z =====
[2026-06-11T00:13:38Z] deep_page_loop DEAD — restarting (consecutive_dead_ticks=1)
[2026-06-11T00:13:40Z] deep_page_loop restarted pid=641545 root=/paperclip/instances/default/workspaces/3ec8f6dd-1735-4479-9825-a2c42edac34c spawned=641541
[2026-06-11T00:13:40Z] sustained_loop OK pid=166497
[2026-06-11T00:13:40Z] woocommerce_discover SKIPPED (completion marker present; see data/checkpoints/buy30590_woocommerce.completed)
[2026-06-11T00:13:41Z] lane_supervisor SKIPPED (BUY-31452 stop marker present; see data/buy30727-supervisor.stopped)
[2026-06-11T00:13:41Z] keep-alive tick complete
===== keep-alive tick 2026-06-11T00:17:28Z =====
[2026-06-11T00:17:28Z] deep_page_loop OK pid=641545
[2026-06-11T00:17:28Z] sustained_loop OK pid=166497
[2026-06-11T00:17:28Z] woocommerce_discover SKIPPED (completion marker present; see data/checkpoints/buy30590_woocommerce.completed)
[2026-06-11T00:17:28Z] lane_supervisor SKIPPED (BUY-31452 stop marker present; see data/buy30727-supervisor.stopped)
[2026-06-11T00:17:28Z] keep-alive tick complete
===== keep-alive tick 2026-06-11T00:17:38Z =====
[2026-06-11T00:17:38Z] deep_page_loop OK pid=641545
[2026-06-11T00:17:38Z] sustained_loop OK pid=166497
[2026-06-11T00:17:38Z] woocommerce_discover SKIPPED (completion marker present; see data/checkpoints/buy30590_woocommerce.completed)
[2026-06-11T00:17:38Z] lane_supervisor SKIPPED (BUY-31452 stop marker present; see data/buy30727-supervisor.stopped)
[2026-06-11T00:17:38Z] keep-alive tick complete
===== keep-alive tick 2026-06-11T00:17:46Z =====
[2026-06-11T00:17:47Z] deep_page_loop OK pid=641545
[2026-06-11T00:17:47Z] sustained_loop OK pid=166497
[2026-06-11T00:17:47Z] woocommerce_discover SKIPPED (completion marker present; see data/checkpoints/buy30590_woocommerce.completed)
[2026-06-11T00:17:47Z] lane_supervisor SKIPPED (BUY-31452 stop marker present; see data/buy30727-supervisor.stopped)
[2026-06-11T00:17:47Z] keep-alive tick complete
===== keep-alive tick 2026-06-11T00:21:53Z =====
[2026-06-11T00:21:53Z] deep_page_loop OK pid=641545
[2026-06-11T00:21:54Z] sustained_loop OK pid=166497
[2026-06-11T00:21:54Z] woocommerce_discover SKIPPED (completion marker present; see data/checkpoints/buy30590_woocommerce.completed)
[2026-06-11T00:21:54Z] lane_supervisor SKIPPED (BUY-31452 stop marker present; see data/buy30727-supervisor.stopped)
[2026-06-11T00:21:54Z] keep-alive tick complete
===== keep-alive tick 2026-06-11T00:22:36Z =====
[2026-06-11T00:22:36Z] deep_page_loop OK pid=641545
[2026-06-11T00:22:36Z] sustained_loop OK pid=166497
[2026-06-11T00:22:36Z] woocommerce_discover SKIPPED (completion marker present; see data/checkpoints/buy30590_woocommerce.completed)
[2026-06-11T00:22:37Z] lane_supervisor SKIPPED (BUY-31452 stop marker present; see data/buy30727-supervisor.stopped)
[2026-06-11T00:22:37Z] keep-alive tick complete
===== keep-alive tick 2026-06-11T00:26:35Z =====
[2026-06-11T00:26:35Z] deep_page_loop OK pid=641545
[2026-06-11T00:26:35Z] sustained_loop OK pid=166497
[2026-06-11T00:26:36Z] woocommerce_discover SKIPPED (completion marker present; see data/checkpoints/buy30590_woocommerce.completed)
[2026-06-11T00:26:36Z] lane_supervisor SKIPPED (BUY-31452 stop marker present; see data/buy30727-supervisor.stopped)
[2026-06-11T00:26:36Z] keep-alive tick complete
===== keep-alive tick 2026-06-11T00:31:30Z =====
[2026-06-11T00:31:30Z] deep_page_loop OK pid=641545
[2026-06-11T00:31:31Z] sustained_loop OK pid=166497
[2026-06-11T00:31:31Z] woocommerce_discover SKIPPED (completion marker present; see data/checkpoints/buy30590_woocommerce.completed)
[2026-06-11T00:31:31Z] lane_supervisor SKIPPED (BUY-31452 stop marker present; see data/buy30727-supervisor.stopped)
[2026-06-11T00:31:31Z] keep-alive tick complete
===== keep-alive tick 2026-06-11T00:33:04Z =====
[2026-06-11T00:33:04Z] deep_page_loop OK pid=641545
[2026-06-11T00:33:04Z] sustained_loop OK pid=166497
[2026-06-11T00:33:04Z] woocommerce_discover SKIPPED (completion marker present; see data/checkpoints/buy30590_woocommerce.completed)
[2026-06-11T00:33:04Z] lane_supervisor SKIPPED (BUY-31452 stop marker present; see data/buy30727-supervisor.stopped)
[2026-06-11T00:33:04Z] keep-alive tick complete
===== keep-alive tick 2026-06-11T00:36:35Z =====
[2026-06-11T00:36:36Z] deep_page_loop OK pid=641545
[2026-06-11T00:36:36Z] sustained_loop OK pid=166497
[2026-06-11T00:36:37Z] woocommerce_discover SKIPPED (completion marker present; see data/checkpoints/buy30590_woocommerce.completed)
[2026-06-11T00:36:37Z] lane_supervisor SKIPPED (BUY-31452 stop marker present; see data/buy30727-supervisor.stopped)
[2026-06-11T00:36:37Z] keep-alive tick complete
===== keep-alive tick 2026-06-11T00:38:56Z =====
[2026-06-11T00:38:56Z] deep_page_loop OK pid=641545
[2026-06-11T00:38:56Z] sustained_loop OK pid=166497
[2026-06-11T00:38:56Z] woocommerce_discover SKIPPED (completion marker present; see data/checkpoints/buy30590_woocommerce.completed)
[2026-06-11T00:38:56Z] lane_supervisor SKIPPED (BUY-31452 stop marker present; see data/buy30727-supervisor.stopped)
[2026-06-11T00:38:56Z] keep-alive tick complete
===== keep-alive tick 2026-06-11T00:41:34Z =====
[2026-06-11T00:41:35Z] deep_page_loop OK pid=641545
[2026-06-11T00:41:35Z] sustained_loop OK pid=166497
[2026-06-11T00:41:35Z] woocommerce_discover SKIPPED (completion marker present; see data/checkpoints/buy30590_woocommerce.completed)
[2026-06-11T00:41:35Z] lane_supervisor SKIPPED (BUY-31452 stop marker present; see data/buy30727-supervisor.stopped)
[2026-06-11T00:41:35Z] keep-alive tick complete
===== keep-alive tick 2026-06-11T00:43:34Z =====
[2026-06-11T00:43:34Z] deep_page_loop OK pid=641545
[2026-06-11T00:43:34Z] sustained_loop OK pid=166497
[2026-06-11T00:43:34Z] woocommerce_discover SKIPPED (completion marker present; see data/checkpoints/buy30590_woocommerce.completed)
[2026-06-11T00:43:35Z] lane_supervisor SKIPPED (BUY-31452 stop marker present; see data/buy30727-supervisor.stopped)
[2026-06-11T00:43:35Z] keep-alive tick complete
===== keep-alive tick 2026-06-11T00:46:30Z =====
[2026-06-11T00:46:30Z] deep_page_loop OK pid=641545
[2026-06-11T00:46:30Z] sustained_loop OK pid=166497
[2026-06-11T00:46:31Z] woocommerce_discover SKIPPED (completion marker present; see data/checkpoints/buy30590_woocommerce.completed)
[2026-06-11T00:46:31Z] lane_supervisor SKIPPED (BUY-31452 stop marker present; see data/buy30727-supervisor.stopped)
[2026-06-11T00:46:31Z] keep-alive tick complete
===== keep-alive tick 2026-06-11T00:48:23Z =====
[2026-06-11T00:48:23Z] deep_page_loop OK pid=641545
[2026-06-11T00:48:23Z] sustained_loop OK pid=166497
[2026-06-11T00:48:23Z] woocommerce_discover SKIPPED (completion marker present; see data/checkpoints/buy30590_woocommerce.completed)
[2026-06-11T00:48:23Z] lane_supervisor SKIPPED (BUY-31452 stop marker present; see data/buy30727-supervisor.stopped)
[2026-06-11T00:48:23Z] keep-alive tick complete
===== keep-alive tick 2026-06-11T00:51:33Z =====
[2026-06-11T00:51:33Z] deep_page_loop OK pid=641545
[2026-06-11T00:51:33Z] sustained_loop OK pid=166497
[2026-06-11T00:51:33Z] woocommerce_discover SKIPPED (completion marker present; see data/checkpoints/buy30590_woocommerce.completed)
[2026-06-11T00:51:33Z] lane_supervisor SKIPPED (BUY-31452 stop marker present; see data/buy30727-supervisor.stopped)
[2026-06-11T00:51:33Z] keep-alive tick complete
===== keep-alive tick 2026-06-11T00:53:32Z =====
[2026-06-11T00:53:32Z] deep_page_loop OK pid=641545
[2026-06-11T00:53:32Z] sustained_loop OK pid=166497
[2026-06-11T00:53:32Z] woocommerce_discover SKIPPED (completion marker present; see data/checkpoints/buy30590_woocommerce.completed)
[2026-06-11T00:53:32Z] lane_supervisor SKIPPED (BUY-31452 stop marker present; see data/buy30727-supervisor.stopped)
[2026-06-11T00:53:32Z] keep-alive tick complete
===== keep-alive tick 2026-06-11T00:56:42Z =====
[2026-06-11T00:56:42Z] deep_page_loop OK pid=641545
[2026-06-11T00:56:42Z] sustained_loop OK pid=166497
[2026-06-11T00:56:42Z] woocommerce_discover SKIPPED (completion marker present; see data/checkpoints/buy30590_woocommerce.completed)
[2026-06-11T00:56:42Z] lane_supervisor SKIPPED (BUY-31452 stop marker present; see data/buy30727-supervisor.stopped)
[2026-06-11T00:56:42Z] keep-alive tick complete
===== keep-alive tick 2026-06-11T00:58:05Z =====
[2026-06-11T00:58:05Z] deep_page_loop OK pid=641545
[2026-06-11T00:58:05Z] sustained_loop OK pid=166497
[2026-06-11T00:58:05Z] woocommerce_discover SKIPPED (completion marker present; see data/checkpoints/buy30590_woocommerce.completed)
[2026-06-11T00:58:05Z] lane_supervisor SKIPPED (BUY-31452 stop marker present; see data/buy30727-supervisor.stopped)
[2026-06-11T00:58:05Z] keep-alive tick complete
===== keep-alive tick 2026-06-11T01:01:59Z =====
[2026-06-11T01:01:59Z] deep_page_loop OK pid=641545
[2026-06-11T01:01:59Z] sustained_loop OK pid=166497
[2026-06-11T01:01:59Z] woocommerce_discover SKIPPED (completion marker present; see data/checkpoints/buy30590_woocommerce.completed)
[2026-06-11T01:01:59Z] lane_supervisor SKIPPED (BUY-31452 stop marker present; see data/buy30727-supervisor.stopped)
[2026-06-11T01:01:59Z] keep-alive tick complete
===== keep-alive tick 2026-06-11T01:02:04Z =====
[2026-06-11T01:02:04Z] deep_page_loop OK pid=641545
[2026-06-11T01:02:04Z] sustained_loop OK pid=166497
[2026-06-11T01:02:04Z] woocommerce_discover SKIPPED (completion marker present; see data/checkpoints/buy30590_woocommerce.completed)
[2026-06-11T01:02:04Z] lane_supervisor SKIPPED (BUY-31452 stop marker present; see data/buy30727-supervisor.stopped)
[2026-06-11T01:02:04Z] keep-alive tick complete
===== keep-alive tick 2026-06-11T01:03:42Z =====
[2026-06-11T01:03:42Z] deep_page_loop OK pid=641545
[2026-06-11T01:03:42Z] sustained_loop OK pid=166497
[2026-06-11T01:03:42Z] woocommerce_discover SKIPPED (completion marker present; see data/checkpoints/buy30590_woocommerce.completed)
[2026-06-11T01:03:42Z] lane_supervisor SKIPPED (BUY-31452 stop marker present; see data/buy30727-supervisor.stopped)
[2026-06-11T01:03:42Z] keep-alive tick complete
===== keep-alive tick 2026-06-11T01:06:32Z =====
[2026-06-11T01:06:32Z] deep_page_loop OK pid=641545
[2026-06-11T01:06:33Z] sustained_loop OK pid=166497
[2026-06-11T01:06:33Z] woocommerce_discover SKIPPED (completion marker present; see data/checkpoints/buy30590_woocommerce.completed)
[2026-06-11T01:06:33Z] lane_supervisor SKIPPED (BUY-31452 stop marker present; see data/buy30727-supervisor.stopped)
[2026-06-11T01:06:33Z] keep-alive tick complete
===== keep-alive tick 2026-06-11T01:10:00Z =====
[2026-06-11T01:10:00Z] deep_page_loop OK pid=641545
[2026-06-11T01:10:00Z] sustained_loop OK pid=166497
[2026-06-11T01:10:00Z] woocommerce_discover SKIPPED (completion marker present; see data/checkpoints/buy30590_woocommerce.completed)
[2026-06-11T01:10:00Z] lane_supervisor SKIPPED (BUY-31452 stop marker present; see data/buy30727-supervisor.stopped)
[2026-06-11T01:10:00Z] keep-alive tick complete
===== keep-alive tick 2026-06-11T01:10:04Z =====
[2026-06-11T01:10:05Z] deep_page_loop OK pid=641545
[2026-06-11T01:10:05Z] sustained_loop OK pid=166497
[2026-06-11T01:10:05Z] woocommerce_discover SKIPPED (completion marker present; see data/checkpoints/buy30590_woocommerce.completed)
[2026-06-11T01:10:05Z] lane_supervisor SKIPPED (BUY-31452 stop marker present; see data/buy30727-supervisor.stopped)
[2026-06-11T01:10:05Z] keep-alive tick complete
===== keep-alive tick 2026-06-11T01:11:39Z =====
[2026-06-11T01:11:39Z] deep_page_loop OK pid=641545
[2026-06-11T01:11:40Z] sustained_loop OK pid=166497
[2026-06-11T01:11:40Z] woocommerce_discover SKIPPED (completion marker present; see data/checkpoints/buy30590_woocommerce.completed)
[2026-06-11T01:11:40Z] lane_supervisor SKIPPED (BUY-31452 stop marker present; see data/buy30727-supervisor.stopped)
[2026-06-11T01:11:40Z] keep-alive tick complete
===== keep-alive tick 2026-06-11T01:14:05Z =====
[2026-06-11T01:14:05Z] deep_page_loop OK pid=641545
[2026-06-11T01:14:05Z] sustained_loop OK pid=166497
[2026-06-11T01:14:05Z] woocommerce_discover SKIPPED (completion marker present; see data/checkpoints/buy30590_woocommerce.completed)
[2026-06-11T01:14:05Z] lane_supervisor SKIPPED (BUY-31452 stop marker present; see data/buy30727-supervisor.stopped)
[2026-06-11T01:14:05Z] keep-alive tick complete
===== keep-alive tick 2026-06-11T01:16:34Z =====
[2026-06-11T01:16:35Z] deep_page_loop OK pid=641545
[2026-06-11T01:16:35Z] sustained_loop OK pid=166497
[2026-06-11T01:16:35Z] woocommerce_discover SKIPPED (completion marker present; see data/checkpoints/buy30590_woocommerce.completed)
[2026-06-11T01:16:35Z] lane_supervisor SKIPPED (BUY-31452 stop marker present; see data/buy30727-supervisor.stopped)
[2026-06-11T01:16:35Z] keep-alive tick complete
===== keep-alive tick 2026-06-11T01:17:54Z =====
[2026-06-11T01:17:54Z] deep_page_loop OK pid=641545
[2026-06-11T01:17:54Z] sustained_loop OK pid=166497
[2026-06-11T01:17:55Z] woocommerce_discover SKIPPED (completion marker present; see data/checkpoints/buy30590_woocommerce.completed)
[2026-06-11T01:17:55Z] lane_supervisor SKIPPED (BUY-31452 stop marker present; see data/buy30727-supervisor.stopped)
[2026-06-11T01:17:55Z] keep-alive tick complete
===== keep-alive tick 2026-06-11T01:17:59Z =====
[2026-06-11T01:17:59Z] deep_page_loop OK pid=641545
[2026-06-11T01:17:59Z] sustained_loop OK pid=166497
[2026-06-11T01:17:59Z] woocommerce_discover SKIPPED (completion marker present; see data/checkpoints/buy30590_woocommerce.completed)
[2026-06-11T01:17:59Z] lane_supervisor SKIPPED (BUY-31452 stop marker present; see data/buy30727-supervisor.stopped)
[2026-06-11T01:17:59Z] keep-alive tick complete
===== keep-alive tick 2026-06-11T01:21:32Z =====
[2026-06-11T01:21:32Z] deep_page_loop OK pid=641545
[2026-06-11T01:21:32Z] sustained_loop OK pid=166497
[2026-06-11T01:21:32Z] woocommerce_discover SKIPPED (completion marker present; see data/checkpoints/buy30590_woocommerce.completed)
[2026-06-11T01:21:32Z] lane_supervisor SKIPPED (BUY-31452 stop marker present; see data/buy30727-supervisor.stopped)
[2026-06-11T01:21:32Z] keep-alive tick complete
===== keep-alive tick 2026-06-11T01:23:00Z =====
[2026-06-11T01:23:00Z] deep_page_loop OK pid=641545
[2026-06-11T01:23:00Z] sustained_loop OK pid=166497
[2026-06-11T01:23:00Z] woocommerce_discover SKIPPED (completion marker present; see data/checkpoints/buy30590_woocommerce.completed)
[2026-06-11T01:23:00Z] lane_supervisor SKIPPED (BUY-31452 stop marker present; see data/buy30727-supervisor.stopped)
[2026-06-11T01:23:00Z] keep-alive tick complete
===== keep-alive tick 2026-06-11T01:26:37Z =====
[2026-06-11T01:26:37Z] deep_page_loop OK pid=641545
[2026-06-11T01:26:37Z] sustained_loop OK pid=166497
[2026-06-11T01:26:37Z] woocommerce_discover SKIPPED (completion marker present; see data/checkpoints/buy30590_woocommerce.completed)
[2026-06-11T01:26:37Z] lane_supervisor SKIPPED (BUY-31452 stop marker present; see data/buy30727-supervisor.stopped)
[2026-06-11T01:26:37Z] keep-alive tick complete
===== keep-alive tick 2026-06-11T01:28:02Z =====
[2026-06-11T01:28:02Z] deep_page_loop OK pid=641545
[2026-06-11T01:28:02Z] sustained_loop OK pid=166497
[2026-06-11T01:28:02Z] woocommerce_discover SKIPPED (completion marker present; see data/checkpoints/buy30590_woocommerce.completed)
[2026-06-11T01:28:02Z] lane_supervisor SKIPPED (BUY-31452 stop marker present; see data/buy30727-supervisor.stopped)
[2026-06-11T01:28:02Z] keep-alive tick complete
===== keep-alive tick 2026-06-11T01:31:40Z =====
[2026-06-11T01:31:40Z] deep_page_loop OK pid=641545
[2026-06-11T01:31:40Z] sustained_loop OK pid=166497
[2026-06-11T01:31:40Z] woocommerce_discover SKIPPED (completion marker present; see data/checkpoints/buy30590_woocommerce.completed)
[2026-06-11T01:31:40Z] lane_supervisor SKIPPED (BUY-31452 stop marker present; see data/buy30727-supervisor.stopped)
[2026-06-11T01:31:40Z] keep-alive tick complete
===== keep-alive tick 2026-06-11T01:32:40Z =====
[2026-06-11T01:32:40Z] deep_page_loop OK pid=641545
[2026-06-11T01:32:40Z] sustained_loop OK pid=166497
[2026-06-11T01:32:40Z] woocommerce_discover SKIPPED (completion marker present; see data/checkpoints/buy30590_woocommerce.completed)
[2026-06-11T01:32:40Z] lane_supervisor SKIPPED (BUY-31452 stop marker present; see data/buy30727-supervisor.stopped)
[2026-06-11T01:32:40Z] keep-alive tick complete
===== keep-alive tick 2026-06-11T01:36:32Z =====
[2026-06-11T01:36:32Z] deep_page_loop OK pid=641545
[2026-06-11T01:36:32Z] sustained_loop OK pid=166497
[2026-06-11T01:36:32Z] woocommerce_discover SKIPPED (completion marker present; see data/checkpoints/buy30590_woocommerce.completed)
[2026-06-11T01:36:32Z] lane_supervisor SKIPPED (BUY-31452 stop marker present; see data/buy30727-supervisor.stopped)
[2026-06-11T01:36:32Z] keep-alive tick complete
===== keep-alive tick 2026-06-11T01:38:05Z =====
[2026-06-11T01:38:05Z] deep_page_loop OK pid=641545
[2026-06-11T01:38:05Z] sustained_loop OK pid=166497
[2026-06-11T01:38:05Z] woocommerce_discover SKIPPED (completion marker present; see data/checkpoints/buy30590_woocommerce.completed)
[2026-06-11T01:38:05Z] lane_supervisor SKIPPED (BUY-31452 stop marker present; see data/buy30727-supervisor.stopped)
[2026-06-11T01:38:06Z] keep-alive tick complete
===== keep-alive tick 2026-06-11T01:41:35Z =====
[2026-06-11T01:41:35Z] deep_page_loop OK pid=641545
[2026-06-11T01:41:35Z] sustained_loop OK pid=166497
[2026-06-11T01:41:35Z] woocommerce_discover SKIPPED (completion marker present; see data/checkpoints/buy30590_woocommerce.completed)
[2026-06-11T01:41:35Z] lane_supervisor SKIPPED (BUY-31452 stop marker present; see data/buy30727-supervisor.stopped)
[2026-06-11T01:41:35Z] keep-alive tick complete
===== keep-alive tick 2026-06-11T01:43:33Z =====
[2026-06-11T01:43:33Z] deep_page_loop OK pid=641545
[2026-06-11T01:43:33Z] sustained_loop OK pid=166497
[2026-06-11T01:43:33Z] woocommerce_discover SKIPPED (completion marker present; see data/checkpoints/buy30590_woocommerce.completed)
[2026-06-11T01:43:33Z] lane_supervisor SKIPPED (BUY-31452 stop marker present; see data/buy30727-supervisor.stopped)
[2026-06-11T01:43:33Z] keep-alive tick complete
===== keep-alive tick 2026-06-11T01:46:28Z =====
[2026-06-11T01:46:28Z] deep_page_loop OK pid=641545
[2026-06-11T01:46:28Z] sustained_loop OK pid=166497
[2026-06-11T01:46:29Z] woocommerce_discover SKIPPED (completion marker present; see data/checkpoints/buy30590_woocommerce.completed)
[2026-06-11T01:46:29Z] lane_supervisor SKIPPED (BUY-31452 stop marker present; see data/buy30727-supervisor.stopped)
[2026-06-11T01:46:29Z] keep-alive tick complete
===== keep-alive tick 2026-06-11T01:48:44Z =====
[2026-06-11T01:48:44Z] deep_page_loop OK pid=641545
[2026-06-11T01:48:44Z] sustained_loop OK pid=166497
[2026-06-11T01:48:44Z] woocommerce_discover SKIPPED (completion marker present; see data/checkpoints/buy30590_woocommerce.completed)
[2026-06-11T01:48:44Z] lane_supervisor SKIPPED (BUY-31452 stop marker present; see data/buy30727-supervisor.stopped)
[2026-06-11T01:48:44Z] keep-alive tick complete
===== keep-alive tick 2026-06-11T01:51:43Z =====
[2026-06-11T01:51:43Z] deep_page_loop OK pid=641545
[2026-06-11T01:51:43Z] sustained_loop OK pid=166497
[2026-06-11T01:51:43Z] woocommerce_discover SKIPPED (completion marker present; see data/checkpoints/buy30590_woocommerce.completed)
[2026-06-11T01:51:43Z] lane_supervisor SKIPPED (BUY-31452 stop marker present; see data/buy30727-supervisor.stopped)
[2026-06-11T01:51:43Z] keep-alive tick complete
===== keep-alive tick 2026-06-11T01:56:18Z =====
[2026-06-11T01:56:18Z] deep_page_loop OK pid=641545
[2026-06-11T01:56:18Z] sustained_loop OK pid=166497
[2026-06-11T01:56:18Z] woocommerce_discover SKIPPED (completion marker present; see data/checkpoints/buy30590_woocommerce.completed)
[2026-06-11T01:56:18Z] lane_supervisor SKIPPED (BUY-31452 stop marker present; see data/buy30727-supervisor.stopped)
[2026-06-11T01:56:18Z] keep-alive tick complete
===== keep-alive tick 2026-06-11T01:56:29Z =====
[2026-06-11T01:56:30Z] deep_page_loop OK pid=641545
[2026-06-11T01:56:30Z] sustained_loop OK pid=166497
[2026-06-11T01:56:30Z] woocommerce_discover SKIPPED (completion marker present; see data/checkpoints/buy30590_woocommerce.completed)
[2026-06-11T01:56:30Z] lane_supervisor SKIPPED (BUY-31452 stop marker present; see data/buy30727-supervisor.stopped)
[2026-06-11T01:56:30Z] keep-alive tick complete
===== keep-alive tick 2026-06-11T02:01:46Z =====
[2026-06-11T02:01:46Z] deep_page_loop OK pid=641545
[2026-06-11T02:01:46Z] sustained_loop OK pid=166497
[2026-06-11T02:01:46Z] woocommerce_discover SKIPPED (completion marker present; see data/checkpoints/buy30590_woocommerce.completed)
[2026-06-11T02:01:46Z] lane_supervisor SKIPPED (BUY-31452 stop marker present; see data/buy30727-supervisor.stopped)
[2026-06-11T02:01:46Z] keep-alive tick complete
===== keep-alive tick 2026-06-11T02:03:10Z =====
[2026-06-11T02:03:10Z] deep_page_loop OK pid=641545
[2026-06-11T02:03:10Z] sustained_loop OK pid=166497
[2026-06-11T02:03:10Z] woocommerce_discover SKIPPED (completion marker present; see data/checkpoints/buy30590_woocommerce.completed)
[2026-06-11T02:03:10Z] lane_supervisor SKIPPED (BUY-31452 stop marker present; see data/buy30727-supervisor.stopped)
[2026-06-11T02:03:10Z] keep-alive tick complete
===== keep-alive tick 2026-06-11T02:06:39Z =====
[2026-06-11T02:06:39Z] deep_page_loop OK pid=641545
[2026-06-11T02:06:39Z] sustained_loop OK pid=166497
[2026-06-11T02:06:39Z] woocommerce_discover SKIPPED (completion marker present; see data/checkpoints/buy30590_woocommerce.completed)
[2026-06-11T02:06:39Z] lane_supervisor SKIPPED (BUY-31452 stop marker present; see data/buy30727-supervisor.stopped)
[2026-06-11T02:06:39Z] keep-alive tick complete
===== keep-alive tick 2026-06-11T02:08:23Z =====
[2026-06-11T02:08:24Z] deep_page_loop OK pid=641545
[2026-06-11T02:08:24Z] sustained_loop OK pid=166497
[2026-06-11T02:08:24Z] woocommerce_discover SKIPPED (completion marker present; see data/checkpoints/buy30590_woocommerce.completed)
[2026-06-11T02:08:24Z] lane_supervisor SKIPPED (BUY-31452 stop marker present; see data/buy30727-supervisor.stopped)
[2026-06-11T02:08:24Z] keep-alive tick complete
===== keep-alive tick 2026-06-11T02:11:45Z =====
[2026-06-11T02:11:45Z] deep_page_loop OK pid=641545
[2026-06-11T02:11:45Z] sustained_loop OK pid=166497
[2026-06-11T02:11:45Z] woocommerce_discover SKIPPED (completion marker present; see data/checkpoints/buy30590_woocommerce.completed)
[2026-06-11T02:11:45Z] lane_supervisor SKIPPED (BUY-31452 stop marker present; see data/buy30727-supervisor.stopped)
[2026-06-11T02:11:45Z] keep-alive tick complete
===== keep-alive tick 2026-06-11T02:13:12Z =====
[2026-06-11T02:13:12Z] deep_page_loop OK pid=641545
[2026-06-11T02:13:12Z] sustained_loop OK pid=166497
[2026-06-11T02:13:13Z] woocommerce_discover SKIPPED (completion marker present; see data/checkpoints/buy30590_woocommerce.completed)
[2026-06-11T02:13:13Z] lane_supervisor SKIPPED (BUY-31452 stop marker present; see data/buy30727-supervisor.stopped)
[2026-06-11T02:13:13Z] keep-alive tick complete
===== keep-alive tick 2026-06-11T02:16:36Z =====
[2026-06-11T02:16:37Z] deep_page_loop OK pid=641545
[2026-06-11T02:16:37Z] sustained_loop OK pid=166497
[2026-06-11T02:16:37Z] woocommerce_discover SKIPPED (completion marker present; see data/checkpoints/buy30590_woocommerce.completed)
[2026-06-11T02:16:37Z] lane_supervisor SKIPPED (BUY-31452 stop marker present; see data/buy30727-supervisor.stopped)
[2026-06-11T02:16:37Z] keep-alive tick complete
===== keep-alive tick 2026-06-11T02:17:57Z =====
[2026-06-11T02:17:57Z] deep_page_loop OK pid=641545
[2026-06-11T02:17:57Z] sustained_loop OK pid=166497
[2026-06-11T02:17:58Z] woocommerce_discover SKIPPED (completion marker present; see data/checkpoints/buy30590_woocommerce.completed)
[2026-06-11T02:17:58Z] lane_supervisor SKIPPED (BUY-31452 stop marker present; see data/buy30727-supervisor.stopped)
[2026-06-11T02:17:58Z] keep-alive tick complete
===== keep-alive tick 2026-06-11T02:21:36Z =====
[2026-06-11T02:21:36Z] deep_page_loop OK pid=641545
[2026-06-11T02:21:36Z] sustained_loop OK pid=166497
[2026-06-11T02:21:36Z] woocommerce_discover SKIPPED (completion marker present; see data/checkpoints/buy30590_woocommerce.completed)
[2026-06-11T02:21:36Z] lane_supervisor SKIPPED (BUY-31452 stop marker present; see data/buy30727-supervisor.stopped)
[2026-06-11T02:21:36Z] keep-alive tick complete
===== keep-alive tick 2026-06-11T02:23:56Z =====
[2026-06-11T02:23:56Z] deep_page_loop OK pid=641545
[2026-06-11T02:23:56Z] sustained_loop OK pid=166497
[2026-06-11T02:23:56Z] woocommerce_discover SKIPPED (completion marker present; see data/checkpoints/buy30590_woocommerce.completed)
[2026-06-11T02:23:56Z] lane_supervisor SKIPPED (BUY-31452 stop marker present; see data/buy30727-supervisor.stopped)
[2026-06-11T02:23:56Z] keep-alive tick complete
===== keep-alive tick 2026-06-11T02:26:49Z =====
[2026-06-11T02:26:49Z] deep_page_loop OK pid=641545
[2026-06-11T02:26:49Z] sustained_loop OK pid=166497
[2026-06-11T02:26:49Z] woocommerce_discover SKIPPED (completion marker present; see data/checkpoints/buy30590_woocommerce.completed)
[2026-06-11T02:26:49Z] lane_supervisor SKIPPED (BUY-31452 stop marker present; see data/buy30727-supervisor.stopped)
[2026-06-11T02:26:49Z] keep-alive tick complete
===== keep-alive tick 2026-06-11T02:28:25Z =====
[2026-06-11T02:28:25Z] deep_page_loop OK pid=641545
[2026-06-11T02:28:25Z] sustained_loop OK pid=166497
[2026-06-11T02:28:25Z] woocommerce_discover SKIPPED (completion marker present; see data/checkpoints/buy30590_woocommerce.completed)
[2026-06-11T02:28:25Z] lane_supervisor SKIPPED (BUY-31452 stop marker present; see data/buy30727-supervisor.stopped)
[2026-06-11T02:28:25Z] keep-alive tick complete
===== keep-alive tick 2026-06-11T02:31:40Z =====
[2026-06-11T02:31:40Z] deep_page_loop OK pid=641545
[2026-06-11T02:31:40Z] sustained_loop OK pid=166497
[2026-06-11T02:31:40Z] woocommerce_discover SKIPPED (completion marker present; see data/checkpoints/buy30590_woocommerce.completed)
[2026-06-11T02:31:40Z] lane_supervisor SKIPPED (BUY-31452 stop marker present; see data/buy30727-supervisor.stopped)
[2026-06-11T02:31:40Z] keep-alive tick complete
===== keep-alive tick 2026-06-11T02:33:57Z =====
[2026-06-11T02:33:57Z] deep_page_loop OK pid=641545
[2026-06-11T02:33:57Z] sustained_loop OK pid=166497
[2026-06-11T02:33:58Z] woocommerce_discover SKIPPED (completion marker present; see data/checkpoints/buy30590_woocommerce.completed)
[2026-06-11T02:33:58Z] lane_supervisor SKIPPED (BUY-31452 stop marker present; see data/buy30727-supervisor.stopped)
[2026-06-11T02:33:58Z] keep-alive tick complete
===== keep-alive tick 2026-06-11T02:36:46Z =====
[2026-06-11T02:36:46Z] deep_page_loop OK pid=641545
[2026-06-11T02:36:46Z] sustained_loop OK pid=166497
[2026-06-11T02:36:46Z] woocommerce_discover SKIPPED (completion marker present; see data/checkpoints/buy30590_woocommerce.completed)
[2026-06-11T02:36:46Z] lane_supervisor SKIPPED (BUY-31452 stop marker present; see data/buy30727-supervisor.stopped)
[2026-06-11T02:36:46Z] keep-alive tick complete
===== keep-alive tick 2026-06-11T02:38:42Z =====
[2026-06-11T02:38:42Z] deep_page_loop OK pid=641545
[2026-06-11T02:38:42Z] sustained_loop OK pid=166497
[2026-06-11T02:38:42Z] woocommerce_discover SKIPPED (completion marker present; see data/checkpoints/buy30590_woocommerce.completed)
[2026-06-11T02:38:42Z] lane_supervisor SKIPPED (BUY-31452 stop marker present; see data/buy30727-supervisor.stopped)
[2026-06-11T02:38:42Z] keep-alive tick complete
===== keep-alive tick 2026-06-11T02:39:32Z =====
[2026-06-11T02:39:32Z] deep_page_loop OK pid=641545
[2026-06-11T02:39:32Z] sustained_loop OK pid=166497
[2026-06-11T02:39:32Z] woocommerce_discover SKIPPED (completion marker present; see data/checkpoints/buy30590_woocommerce.completed)
[2026-06-11T02:39:32Z] lane_supervisor SKIPPED (BUY-31452 stop marker present; see data/buy30727-supervisor.stopped)
[2026-06-11T02:39:32Z] keep-alive tick complete
===== keep-alive tick 2026-06-11T02:41:40Z =====
[2026-06-11T02:41:40Z] deep_page_loop OK pid=641545
[2026-06-11T02:41:40Z] sustained_loop OK pid=166497
[2026-06-11T02:41:40Z] woocommerce_discover SKIPPED (completion marker present; see data/checkpoints/buy30590_woocommerce.completed)
[2026-06-11T02:41:40Z] lane_supervisor SKIPPED (BUY-31452 stop marker present; see data/buy30727-supervisor.stopped)
[2026-06-11T02:41:40Z] keep-alive tick complete
===== keep-alive tick 2026-06-11T02:44:19Z =====
[2026-06-11T02:44:19Z] deep_page_loop OK pid=641545
[2026-06-11T02:44:19Z] sustained_loop OK pid=166497
[2026-06-11T02:44:20Z] woocommerce_discover SKIPPED (completion marker present; see data/checkpoints/buy30590_woocommerce.completed)
[2026-06-11T02:44:20Z] lane_supervisor SKIPPED (BUY-31452 stop marker present; see data/buy30727-supervisor.stopped)
[2026-06-11T02:44:20Z] keep-alive tick complete
===== keep-alive tick 2026-06-11T02:44:24Z =====
[2026-06-11T02:44:24Z] deep_page_loop OK pid=641545
[2026-06-11T02:44:24Z] sustained_loop OK pid=166497
[2026-06-11T02:44:25Z] woocommerce_discover SKIPPED (completion marker present; see data/checkpoints/buy30590_woocommerce.completed)
[2026-06-11T02:44:25Z] lane_supervisor SKIPPED (BUY-31452 stop marker present; see data/buy30727-supervisor.stopped)
[2026-06-11T02:44:25Z] keep-alive tick complete
===== keep-alive tick 2026-06-11T02:46:44Z =====
[2026-06-11T02:46:45Z] deep_page_loop OK pid=641545
[2026-06-11T02:46:45Z] sustained_loop OK pid=166497
[2026-06-11T02:46:45Z] woocommerce_discover SKIPPED (completion marker present; see data/checkpoints/buy30590_woocommerce.completed)
[2026-06-11T02:46:45Z] lane_supervisor SKIPPED (BUY-31452 stop marker present; see data/buy30727-supervisor.stopped)
[2026-06-11T02:46:45Z] keep-alive tick complete
===== keep-alive tick 2026-06-11T02:48:39Z =====
[2026-06-11T02:48:39Z] deep_page_loop OK pid=641545
[2026-06-11T02:48:39Z] sustained_loop OK pid=166497
[2026-06-11T02:48:39Z] woocommerce_discover SKIPPED (completion marker present; see data/checkpoints/buy30590_woocommerce.completed)
[2026-06-11T02:48:39Z] lane_supervisor SKIPPED (BUY-31452 stop marker present; see data/buy30727-supervisor.stopped)
[2026-06-11T02:48:39Z] keep-alive tick complete
===== keep-alive tick 2026-06-11T02:48:43Z =====
[2026-06-11T02:48:43Z] deep_page_loop OK pid=641545
[2026-06-11T02:48:43Z] sustained_loop OK pid=166497
[2026-06-11T02:48:43Z] woocommerce_discover SKIPPED (completion marker present; see data/checkpoints/buy30590_woocommerce.completed)
[2026-06-11T02:48:44Z] lane_supervisor SKIPPED (BUY-31452 stop marker present; see data/buy30727-supervisor.stopped)
[2026-06-11T02:48:44Z] keep-alive tick complete
===== keep-alive tick 2026-06-11T02:51:29Z =====
[2026-06-11T02:51:29Z] deep_page_loop OK pid=641545
[2026-06-11T02:51:29Z] sustained_loop OK pid=166497
[2026-06-11T02:51:30Z] woocommerce_discover SKIPPED (completion marker present; see data/checkpoints/buy30590_woocommerce.completed)
[2026-06-11T02:51:30Z] lane_supervisor SKIPPED (BUY-31452 stop marker present; see data/buy30727-supervisor.stopped)
[2026-06-11T02:51:30Z] keep-alive tick complete
===== keep-alive tick 2026-06-11T02:59:58Z =====
[2026-06-11T02:59:58Z] deep_page_loop OK pid=641545
[2026-06-11T02:59:59Z] sustained_loop OK pid=166497
[2026-06-11T02:59:59Z] woocommerce_discover SKIPPED (completion marker present; see data/checkpoints/buy30590_woocommerce.completed)
[2026-06-11T02:59:59Z] lane_supervisor SKIPPED (BUY-31452 stop marker present; see data/buy30727-supervisor.stopped)
[2026-06-11T02:59:59Z] keep-alive tick complete
===== keep-alive tick 2026-06-11T03:01:31Z =====
[2026-06-11T03:01:31Z] deep_page_loop OK pid=641545
[2026-06-11T03:01:31Z] sustained_loop OK pid=166497
[2026-06-11T03:01:31Z] woocommerce_discover SKIPPED (completion marker present; see data/checkpoints/buy30590_woocommerce.completed)
[2026-06-11T03:01:31Z] lane_supervisor SKIPPED (BUY-31452 stop marker present; see data/buy30727-supervisor.stopped)
[2026-06-11T03:01:31Z] keep-alive tick complete
===== keep-alive tick 2026-06-11T03:08:12Z =====
[2026-06-11T03:08:12Z] deep_page_loop OK pid=641545
[2026-06-11T03:08:12Z] sustained_loop OK pid=166497
[2026-06-11T03:08:12Z] woocommerce_discover SKIPPED (completion marker present; see data/checkpoints/buy30590_woocommerce.completed)
[2026-06-11T03:08:13Z] lane_supervisor SKIPPED (BUY-31452 stop marker present; see data/buy30727-supervisor.stopped)
[2026-06-11T03:08:13Z] keep-alive tick complete
===== keep-alive tick 2026-06-11T03:14:41Z =====
[2026-06-11T03:14:42Z] deep_page_loop OK pid=641545
[2026-06-11T03:14:42Z] sustained_loop OK pid=166497
[2026-06-11T03:14:42Z] woocommerce_discover SKIPPED (completion marker present; see data/checkpoints/buy30590_woocommerce.completed)
[2026-06-11T03:14:42Z] lane_supervisor SKIPPED (BUY-31452 stop marker present; see data/buy30727-supervisor.stopped)
[2026-06-11T03:14:42Z] keep-alive tick complete
===== keep-alive tick 2026-06-11T03:16:35Z =====
[2026-06-11T03:16:35Z] deep_page_loop OK pid=641545
[2026-06-11T03:16:36Z] sustained_loop OK pid=166497
[2026-06-11T03:16:36Z] woocommerce_discover SKIPPED (completion marker present; see data/checkpoints/buy30590_woocommerce.completed)
[2026-06-11T03:16:36Z] lane_supervisor SKIPPED (BUY-31452 stop marker present; see data/buy30727-supervisor.stopped)
[2026-06-11T03:16:36Z] keep-alive tick complete
===== keep-alive tick 2026-06-11T03:21:37Z =====
[2026-06-11T03:21:37Z] deep_page_loop OK pid=641545
[2026-06-11T03:21:37Z] sustained_loop OK pid=166497
[2026-06-11T03:21:37Z] woocommerce_discover SKIPPED (completion marker present; see data/checkpoints/buy30590_woocommerce.completed)
[2026-06-11T03:21:37Z] lane_supervisor SKIPPED (BUY-31452 stop marker present; see data/buy30727-supervisor.stopped)
[2026-06-11T03:21:37Z] keep-alive tick complete
===== keep-alive tick 2026-06-11T03:27:01Z =====
[2026-06-11T03:27:02Z] deep_page_loop OK pid=641545
[2026-06-11T03:27:02Z] sustained_loop OK pid=166497
[2026-06-11T03:27:02Z] woocommerce_discover SKIPPED (completion marker present; see data/checkpoints/buy30590_woocommerce.completed)
[2026-06-11T03:27:02Z] lane_supervisor SKIPPED (BUY-31452 stop marker present; see data/buy30727-supervisor.stopped)
[2026-06-11T03:27:02Z] keep-alive tick complete
===== keep-alive tick 2026-06-11T03:31:42Z =====
[2026-06-11T03:31:42Z] deep_page_loop OK pid=641545
[2026-06-11T03:31:42Z] sustained_loop OK pid=166497
[2026-06-11T03:31:42Z] woocommerce_discover SKIPPED (completion marker present; see data/checkpoints/buy30590_woocommerce.completed)
[2026-06-11T03:31:42Z] lane_supervisor SKIPPED (BUY-31452 stop marker present; see data/buy30727-supervisor.stopped)
[2026-06-11T03:31:42Z] keep-alive tick complete
===== keep-alive tick 2026-06-11T03:32:22Z =====
[2026-06-11T03:32:22Z] deep_page_loop OK pid=641545
[2026-06-11T03:32:22Z] sustained_loop OK pid=166497
[2026-06-11T03:32:22Z] woocommerce_discover SKIPPED (completion marker present; see data/checkpoints/buy30590_woocommerce.completed)
[2026-06-11T03:32:22Z] lane_supervisor SKIPPED (BUY-31452 stop marker present; see data/buy30727-supervisor.stopped)
[2026-06-11T03:32:22Z] keep-alive tick complete
===== keep-alive tick 2026-06-11T03:36:35Z =====
[2026-06-11T03:36:35Z] deep_page_loop OK pid=641545
[2026-06-11T03:36:35Z] sustained_loop OK pid=166497
[2026-06-11T03:36:35Z] woocommerce_discover SKIPPED (completion marker present; see data/checkpoints/buy30590_woocommerce.completed)
[2026-06-11T03:36:35Z] lane_supervisor SKIPPED (BUY-31452 stop marker present; see data/buy30727-supervisor.stopped)
[2026-06-11T03:36:35Z] keep-alive tick complete
===== keep-alive tick 2026-06-11T03:41:35Z =====
[2026-06-11T03:41:35Z] deep_page_loop OK pid=641545
[2026-06-11T03:41:35Z] sustained_loop OK pid=166497
[2026-06-11T03:41:35Z] woocommerce_discover SKIPPED (completion marker present; see data/checkpoints/buy30590_woocommerce.completed)
[2026-06-11T03:41:35Z] lane_supervisor SKIPPED (BUY-31452 stop marker present; see data/buy30727-supervisor.stopped)
[2026-06-11T03:41:35Z] keep-alive tick complete
===== keep-alive tick 2026-06-11T03:46:42Z =====
[2026-06-11T03:46:42Z] deep_page_loop OK pid=641545
[2026-06-11T03:46:42Z] sustained_loop OK pid=166497
[2026-06-11T03:46:42Z] woocommerce_discover SKIPPED (completion marker present; see data/checkpoints/buy30590_woocommerce.completed)
[2026-06-11T03:46:42Z] lane_supervisor SKIPPED (BUY-31452 stop marker present; see data/buy30727-supervisor.stopped)
[2026-06-11T03:46:42Z] keep-alive tick complete
===== keep-alive tick 2026-06-11T03:51:41Z =====
[2026-06-11T03:51:42Z] deep_page_loop OK pid=641545
[2026-06-11T03:51:42Z] sustained_loop OK pid=166497
[2026-06-11T03:51:42Z] woocommerce_discover SKIPPED (completion marker present; see data/checkpoints/buy30590_woocommerce.completed)
[2026-06-11T03:51:42Z] lane_supervisor SKIPPED (BUY-31452 stop marker present; see data/buy30727-supervisor.stopped)
[2026-06-11T03:51:42Z] keep-alive tick complete
===== keep-alive tick 2026-06-11T03:56:39Z =====
[2026-06-11T03:56:39Z] deep_page_loop OK pid=641545
[2026-06-11T03:56:39Z] sustained_loop OK pid=166497
[2026-06-11T03:56:40Z] woocommerce_discover SKIPPED (completion marker present; see data/checkpoints/buy30590_woocommerce.completed)
[2026-06-11T03:56:40Z] lane_supervisor SKIPPED (BUY-31452 stop marker present; see data/buy30727-supervisor.stopped)
[2026-06-11T03:56:40Z] keep-alive tick complete
===== keep-alive tick 2026-06-11T04:01:58Z =====
[2026-06-11T04:01:58Z] deep_page_loop OK pid=641545
[2026-06-11T04:01:58Z] sustained_loop OK pid=166497
[2026-06-11T04:01:58Z] woocommerce_discover SKIPPED (completion marker present; see data/checkpoints/buy30590_woocommerce.completed)
[2026-06-11T04:01:58Z] lane_supervisor SKIPPED (BUY-31452 stop marker present; see data/buy30727-supervisor.stopped)
[2026-06-11T04:01:58Z] keep-alive tick complete
===== keep-alive tick 2026-06-11T04:05:08Z =====
[2026-06-11T04:05:08Z] deep_page_loop OK pid=641545
[2026-06-11T04:05:09Z] sustained_loop OK pid=166497
[2026-06-11T04:05:09Z] woocommerce_discover SKIPPED (completion marker present; see data/checkpoints/buy30590_woocommerce.completed)
[2026-06-11T04:05:09Z] lane_supervisor SKIPPED (BUY-31452 stop marker present; see data/buy30727-supervisor.stopped)
[2026-06-11T04:05:09Z] keep-alive tick complete
===== keep-alive tick 2026-06-11T04:06:31Z =====
[2026-06-11T04:06:32Z] deep_page_loop OK pid=641545
[2026-06-11T04:06:32Z] sustained_loop OK pid=166497
[2026-06-11T04:06:32Z] woocommerce_discover SKIPPED (completion marker present; see data/checkpoints/buy30590_woocommerce.completed)
[2026-06-11T04:06:32Z] lane_supervisor SKIPPED (BUY-31452 stop marker present; see data/buy30727-supervisor.stopped)
[2026-06-11T04:06:32Z] keep-alive tick complete
===== keep-alive tick 2026-06-11T04:08:40Z =====
[2026-06-11T04:08:40Z] deep_page_loop OK pid=641545
[2026-06-11T04:08:40Z] sustained_loop OK pid=166497
[2026-06-11T04:08:40Z] woocommerce_discover SKIPPED (completion marker present; see data/checkpoints/buy30590_woocommerce.completed)
[2026-06-11T04:08:40Z] lane_supervisor SKIPPED (BUY-31452 stop marker present; see data/buy30727-supervisor.stopped)
[2026-06-11T04:08:40Z] keep-alive tick complete
===== keep-alive tick 2026-06-11T04:11:37Z =====
[2026-06-11T04:11:37Z] deep_page_loop OK pid=641545
[2026-06-11T04:11:37Z] sustained_loop OK pid=166497
[2026-06-11T04:11:37Z] woocommerce_discover SKIPPED (completion marker present; see data/checkpoints/buy30590_woocommerce.completed)
[2026-06-11T04:11:37Z] lane_supervisor SKIPPED (BUY-31452 stop marker present; see data/buy30727-supervisor.stopped)
[2026-06-11T04:11:37Z] keep-alive tick complete
===== keep-alive tick 2026-06-11T04:14:55Z =====
[2026-06-11T04:14:55Z] deep_page_loop OK pid=641545
[2026-06-11T04:14:55Z] sustained_loop OK pid=166497
[2026-06-11T04:14:55Z] woocommerce_discover SKIPPED (completion marker present; see data/checkpoints/buy30590_woocommerce.completed)
[2026-06-11T04:14:55Z] lane_supervisor SKIPPED (BUY-31452 stop marker present; see data/buy30727-supervisor.stopped)
[2026-06-11T04:14:55Z] keep-alive tick complete
===== keep-alive tick 2026-06-11T04:16:31Z =====
[2026-06-11T04:16:31Z] deep_page_loop OK pid=641545
[2026-06-11T04:16:31Z] sustained_loop OK pid=166497
[2026-06-11T04:16:31Z] woocommerce_discover SKIPPED (completion marker present; see data/checkpoints/buy30590_woocommerce.completed)
[2026-06-11T04:16:31Z] lane_supervisor SKIPPED (BUY-31452 stop marker present; see data/buy30727-supervisor.stopped)
[2026-06-11T04:16:31Z] keep-alive tick complete
===== keep-alive tick 2026-06-11T04:19:14Z =====
[2026-06-11T04:19:14Z] deep_page_loop OK pid=641545
[2026-06-11T04:19:14Z] sustained_loop OK pid=166497
[2026-06-11T04:19:14Z] woocommerce_discover SKIPPED (completion marker present; see data/checkpoints/buy30590_woocommerce.completed)
[2026-06-11T04:19:14Z] lane_supervisor SKIPPED (BUY-31452 stop marker present; see data/buy30727-supervisor.stopped)
[2026-06-11T04:19:14Z] keep-alive tick complete
===== keep-alive tick 2026-06-11T04:19:18Z =====
[2026-06-11T04:19:18Z] deep_page_loop OK pid=641545
[2026-06-11T04:19:18Z] sustained_loop OK pid=166497
[2026-06-11T04:19:18Z] woocommerce_discover SKIPPED (completion marker present; see data/checkpoints/buy30590_woocommerce.completed)
[2026-06-11T04:19:18Z] lane_supervisor SKIPPED (BUY-31452 stop marker present; see data/buy30727-supervisor.stopped)
[2026-06-11T04:19:18Z] keep-alive tick complete
===== keep-alive tick 2026-06-11T04:21:39Z =====
[2026-06-11T04:21:39Z] deep_page_loop OK pid=641545
[2026-06-11T04:21:39Z] sustained_loop OK pid=166497
[2026-06-11T04:21:39Z] woocommerce_discover SKIPPED (completion marker present; see data/checkpoints/buy30590_woocommerce.completed)
[2026-06-11T04:21:40Z] lane_supervisor SKIPPED (BUY-31452 stop marker present; see data/buy30727-supervisor.stopped)
[2026-06-11T04:21:40Z] keep-alive tick complete
===== keep-alive tick 2026-06-11T04:26:35Z =====
[2026-06-11T04:26:35Z] deep_page_loop OK pid=641545
[2026-06-11T04:26:35Z] sustained_loop OK pid=166497
[2026-06-11T04:26:35Z] woocommerce_discover SKIPPED (completion marker present; see data/checkpoints/buy30590_woocommerce.completed)
[2026-06-11T04:26:35Z] lane_supervisor SKIPPED (BUY-31452 stop marker present; see data/buy30727-supervisor.stopped)
[2026-06-11T04:26:35Z] keep-alive tick complete
===== keep-alive tick 2026-06-11T04:31:37Z =====
[2026-06-11T04:31:37Z] deep_page_loop OK pid=641545
[2026-06-11T04:31:38Z] sustained_loop OK pid=166497
[2026-06-11T04:31:38Z] woocommerce_discover SKIPPED (completion marker present; see data/checkpoints/buy30590_woocommerce.completed)
[2026-06-11T04:31:38Z] lane_supervisor SKIPPED (BUY-31452 stop marker present; see data/buy30727-supervisor.stopped)
[2026-06-11T04:31:38Z] keep-alive tick complete
===== keep-alive tick 2026-06-11T04:34:26Z =====
[2026-06-11T04:34:26Z] deep_page_loop OK pid=641545
[2026-06-11T04:34:26Z] sustained_loop OK pid=166497
[2026-06-11T04:34:26Z] woocommerce_discover SKIPPED (completion marker present; see data/checkpoints/buy30590_woocommerce.completed)
[2026-06-11T04:34:26Z] lane_supervisor SKIPPED (BUY-31452 stop marker present; see data/buy30727-supervisor.stopped)
[2026-06-11T04:34:26Z] keep-alive tick complete
===== keep-alive tick 2026-06-11T04:36:51Z =====
[2026-06-11T04:36:51Z] deep_page_loop OK pid=641545
[2026-06-11T04:36:51Z] sustained_loop OK pid=166497
[2026-06-11T04:36:51Z] woocommerce_discover SKIPPED (completion marker present; see data/checkpoints/buy30590_woocommerce.completed)
[2026-06-11T04:36:51Z] lane_supervisor SKIPPED (BUY-31452 stop marker present; see data/buy30727-supervisor.stopped)
[2026-06-11T04:36:51Z] keep-alive tick complete
===== keep-alive tick 2026-06-11T04:38:51Z =====
[2026-06-11T04:38:51Z] deep_page_loop OK pid=641545
[2026-06-11T04:38:51Z] sustained_loop OK pid=166497
[2026-06-11T04:38:51Z] woocommerce_discover SKIPPED (completion marker present; see data/checkpoints/buy30590_woocommerce.completed)
[2026-06-11T04:38:51Z] lane_supervisor SKIPPED (BUY-31452 stop marker present; see data/buy30727-supervisor.stopped)
[2026-06-11T04:38:51Z] keep-alive tick complete
===== keep-alive tick 2026-06-11T04:41:33Z =====
[2026-06-11T04:41:33Z] deep_page_loop OK pid=641545
[2026-06-11T04:41:33Z] sustained_loop OK pid=166497
[2026-06-11T04:41:33Z] woocommerce_discover SKIPPED (completion marker present; see data/checkpoints/buy30590_woocommerce.completed)
[2026-06-11T04:41:33Z] lane_supervisor SKIPPED (BUY-31452 stop marker present; see data/buy30727-supervisor.stopped)
[2026-06-11T04:41:33Z] keep-alive tick complete
===== keep-alive tick 2026-06-11T04:43:58Z =====
[2026-06-11T04:43:58Z] deep_page_loop OK pid=641545
[2026-06-11T04:43:58Z] sustained_loop OK pid=166497
[2026-06-11T04:43:58Z] woocommerce_discover SKIPPED (completion marker present; see data/checkpoints/buy30590_woocommerce.completed)
[2026-06-11T04:43:58Z] lane_supervisor SKIPPED (BUY-31452 stop marker present; see data/buy30727-supervisor.stopped)
[2026-06-11T04:43:58Z] keep-alive tick complete
===== keep-alive tick 2026-06-11T04:44:08Z =====
[2026-06-11T04:44:08Z] deep_page_loop OK pid=641545
[2026-06-11T04:44:08Z] sustained_loop OK pid=166497
[2026-06-11T04:44:08Z] woocommerce_discover SKIPPED (completion marker present; see data/checkpoints/buy30590_woocommerce.completed)
[2026-06-11T04:44:08Z] lane_supervisor SKIPPED (BUY-31452 stop marker present; see data/buy30727-supervisor.stopped)
[2026-06-11T04:44:08Z] keep-alive tick complete
===== keep-alive tick 2026-06-11T04:46:41Z =====
[2026-06-11T04:46:41Z] deep_page_loop OK pid=641545
[2026-06-11T04:46:41Z] sustained_loop OK pid=166497
[2026-06-11T04:46:41Z] woocommerce_discover SKIPPED (completion marker present; see data/checkpoints/buy30590_woocommerce.completed)
[2026-06-11T04:46:41Z] lane_supervisor SKIPPED (BUY-31452 stop marker present; see data/buy30727-supervisor.stopped)
[2026-06-11T04:46:41Z] keep-alive tick complete
===== keep-alive tick 2026-06-11T04:48:11Z =====
[2026-06-11T04:48:12Z] deep_page_loop OK pid=641545
[2026-06-11T04:48:12Z] sustained_loop OK pid=166497
[2026-06-11T04:48:12Z] woocommerce_discover SKIPPED (completion marker present; see data/checkpoints/buy30590_woocommerce.completed)
[2026-06-11T04:48:12Z] lane_supervisor SKIPPED (BUY-31452 stop marker present; see data/buy30727-supervisor.stopped)
[2026-06-11T04:48:12Z] keep-alive tick complete
===== keep-alive tick 2026-06-11T04:48:17Z =====
[2026-06-11T04:48:17Z] deep_page_loop OK pid=641545
[2026-06-11T04:48:17Z] sustained_loop OK pid=166497
[2026-06-11T04:48:17Z] woocommerce_discover SKIPPED (completion marker present; see data/checkpoints/buy30590_woocommerce.completed)
[2026-06-11T04:48:17Z] lane_supervisor SKIPPED (BUY-31452 stop marker present; see data/buy30727-supervisor.stopped)
[2026-06-11T04:48:17Z] keep-alive tick complete
===== keep-alive tick 2026-06-11T04:51:20Z =====
[2026-06-11T04:51:21Z] deep_page_loop OK pid=641545
[2026-06-11T04:51:21Z] sustained_loop OK pid=166497
[2026-06-11T04:51:21Z] woocommerce_discover SKIPPED (completion marker present; see data/checkpoints/buy30590_woocommerce.completed)
[2026-06-11T04:51:21Z] lane_supervisor SKIPPED (BUY-31452 stop marker present; see data/buy30727-supervisor.stopped)
[2026-06-11T04:51:21Z] keep-alive tick complete
===== keep-alive tick 2026-06-11T04:56:25Z =====
[2026-06-11T04:56:25Z] deep_page_loop OK pid=641545
[2026-06-11T04:56:25Z] sustained_loop OK pid=166497
[2026-06-11T04:56:25Z] woocommerce_discover SKIPPED (completion marker present; see data/checkpoints/buy30590_woocommerce.completed)
[2026-06-11T04:56:25Z] lane_supervisor SKIPPED (BUY-31452 stop marker present; see data/buy30727-supervisor.stopped)
[2026-06-11T04:56:25Z] keep-alive tick complete
===== keep-alive tick 2026-06-11T05:01:27Z =====
[2026-06-11T05:01:28Z] deep_page_loop OK pid=641545
[2026-06-11T05:01:28Z] sustained_loop OK pid=166497
[2026-06-11T05:01:28Z] woocommerce_discover SKIPPED (completion marker present; see data/checkpoints/buy30590_woocommerce.completed)
[2026-06-11T05:01:28Z] lane_supervisor SKIPPED (BUY-31452 stop marker present; see data/buy30727-supervisor.stopped)
[2026-06-11T05:01:28Z] keep-alive tick complete
===== keep-alive tick 2026-06-11T05:06:28Z =====
[2026-06-11T05:06:28Z] deep_page_loop OK pid=641545
[2026-06-11T05:06:28Z] sustained_loop OK pid=166497
[2026-06-11T05:06:29Z] woocommerce_discover SKIPPED (completion marker present; see data/checkpoints/buy30590_woocommerce.completed)
[2026-06-11T05:06:29Z] lane_supervisor SKIPPED (BUY-31452 stop marker present; see data/buy30727-supervisor.stopped)
[2026-06-11T05:06:29Z] keep-alive tick complete
===== keep-alive tick 2026-06-11T05:11:34Z =====
[2026-06-11T05:11:34Z] deep_page_loop OK pid=641545
[2026-06-11T05:11:34Z] sustained_loop OK pid=166497
[2026-06-11T05:11:34Z] woocommerce_discover SKIPPED (completion marker present; see data/checkpoints/buy30590_woocommerce.completed)
[2026-06-11T05:11:34Z] lane_supervisor SKIPPED (BUY-31452 stop marker present; see data/buy30727-supervisor.stopped)
[2026-06-11T05:11:34Z] keep-alive tick complete
===== keep-alive tick 2026-06-11T05:16:24Z =====
[2026-06-11T05:16:24Z] deep_page_loop OK pid=641545
[2026-06-11T05:16:24Z] sustained_loop OK pid=166497
[2026-06-11T05:16:25Z] woocommerce_discover SKIPPED (completion marker present; see data/checkpoints/buy30590_woocommerce.completed)
[2026-06-11T05:16:25Z] lane_supervisor SKIPPED (BUY-31452 stop marker present; see data/buy30727-supervisor.stopped)
[2026-06-11T05:16:25Z] keep-alive tick complete
===== keep-alive tick 2026-06-11T05:21:25Z =====
[2026-06-11T05:21:25Z] deep_page_loop OK pid=641545
[2026-06-11T05:21:25Z] sustained_loop OK pid=166497
[2026-06-11T05:21:26Z] woocommerce_discover SKIPPED (completion marker present; see data/checkpoints/buy30590_woocommerce.completed)
[2026-06-11T05:21:26Z] lane_supervisor SKIPPED (BUY-31452 stop marker present; see data/buy30727-supervisor.stopped)
[2026-06-11T05:21:26Z] keep-alive tick complete
===== keep-alive tick 2026-06-11T05:26:21Z =====
[2026-06-11T05:26:21Z] deep_page_loop OK pid=641545
[2026-06-11T05:26:21Z] sustained_loop OK pid=166497
[2026-06-11T05:26:21Z] woocommerce_discover SKIPPED (completion marker present; see data/checkpoints/buy30590_woocommerce.completed)
[2026-06-11T05:26:21Z] lane_supervisor SKIPPED (BUY-31452 stop marker present; see data/buy30727-supervisor.stopped)
[2026-06-11T05:26:21Z] keep-alive tick complete
===== keep-alive tick 2026-06-11T05:31:29Z =====
[2026-06-11T05:31:29Z] deep_page_loop OK pid=641545
[2026-06-11T05:31:29Z] sustained_loop OK pid=166497
[2026-06-11T05:31:30Z] woocommerce_discover SKIPPED (completion marker present; see data/checkpoints/buy30590_woocommerce.completed)
[2026-06-11T05:31:30Z] lane_supervisor SKIPPED (BUY-31452 stop marker present; see data/buy30727-supervisor.stopped)
[2026-06-11T05:31:30Z] keep-alive tick complete
===== keep-alive tick 2026-06-11T05:36:27Z =====
[2026-06-11T05:36:27Z] deep_page_loop OK pid=641545
[2026-06-11T05:36:27Z] sustained_loop OK pid=166497
[2026-06-11T05:36:28Z] woocommerce_discover SKIPPED (completion marker present; see data/checkpoints/buy30590_woocommerce.completed)
[2026-06-11T05:36:28Z] lane_supervisor SKIPPED (BUY-31452 stop marker present; see data/buy30727-supervisor.stopped)
[2026-06-11T05:36:28Z] keep-alive tick complete
===== keep-alive tick 2026-06-11T05:49:38Z =====
[2026-06-11T05:49:38Z] deep_page_loop OK pid=641545
[2026-06-11T05:49:38Z] sustained_loop OK pid=166497
[2026-06-11T05:49:38Z] woocommerce_discover SKIPPED (completion marker present; see data/checkpoints/buy30590_woocommerce.completed)
[2026-06-11T05:49:38Z] lane_supervisor SKIPPED (BUY-31452 stop marker present; see data/buy30727-supervisor.stopped)
[2026-06-11T05:49:38Z] keep-alive tick complete
