[2026-06-05T17:33:38Z] === Loop Supervisor Status ===
[2026-06-05T17:33:38Z]   ✓ buy30331-sustained-loop — PID 2210102, uptime       58:58
[2026-06-05T17:34:14Z] === Loop Supervisor Status ===
[2026-06-05T17:34:14Z]   ✓ buy30331-sustained-loop — PID 2210102, uptime       59:34
[2026-06-05T17:34:25Z] === Loop Supervisor Status ===
[2026-06-05T17:34:25Z]   ✓ buy30331-sustained-loop — PID 2210102, uptime       59:46
[2026-06-05T17:34:26Z]   ✓ buy30590-deep-page-loop — PID 2035822, uptime    02:01:58
[2026-06-05T17:34:26Z]   ✓ buy30727-lane-supervisor — PID 2036173, uptime    02:01:53
[2026-06-05T17:34:26Z]   ✓ buy30331-ingest-stream — PID 2414745, uptime       00:32
[2026-06-05T17:34:26Z] Alive: 4, Dead: 0
[2026-06-05T17:34:26Z] Supervisor: not running
[2026-06-05T17:34:36Z] === Loop Supervisor Status ===
[2026-06-05T17:34:36Z]   ✗ buy30331-sustained-loop — DEAD
[2026-06-05T17:34:36Z]   ✗ buy30590-deep-page-loop — DEAD
[2026-06-05T17:34:36Z]   ✗ buy30727-lane-supervisor — DEAD
[2026-06-05T17:34:36Z]   ✗ buy30331-ingest-stream — DEAD
[2026-06-05T17:34:36Z] Alive: 0, Dead: 4
[2026-06-05T17:34:36Z] Supervisor: not running
[2026-06-05T17:34:46Z] === Loop Supervisor Status ===
[2026-06-05T17:34:46Z]   ✓ buy30331-sustained-loop — PID 2210102, uptime    01:00:06
[2026-06-05T17:34:46Z]   ✓ buy30590-deep-page-loop — PID 2035822, uptime    02:02:19
[2026-06-05T17:34:46Z]   ✓ buy30727-lane-supervisor — PID 2036173, uptime    02:02:14
[2026-06-05T17:34:46Z]   ✓ buy30331-ingest-stream — PID 2414745, uptime       00:53
[2026-06-05T17:34:46Z] Alive: 4, Dead: 0
[2026-06-05T17:34:46Z] Supervisor: not running
[2026-06-05T17:34:55Z] Starting supervisor daemon...
[2026-06-05T17:34:55Z] === Restarting dead loops ===
[2026-06-05T17:34:55Z] Restarted 0 loops
[2026-06-05T17:34:55Z] === Supervisor starting (PID 2417224) ===
[2026-06-05T17:34:55Z] === Supervisor starting (PID 2417224) ===
[2026-06-05T17:34:56Z] Supervisor started (PID 2417224)
[2026-06-05T17:34:56Z] === Loop Supervisor Status ===
[2026-06-05T17:34:56Z]   ✓ buy30331-sustained-loop — PID 2210102, uptime    01:00:17
[2026-06-05T17:34:57Z]   ✓ buy30590-deep-page-loop — PID 2035822, uptime    02:02:29
[2026-06-05T17:34:57Z]   ✓ buy30727-lane-supervisor — PID 2036173, uptime    02:02:24
[2026-06-05T17:34:57Z]   ✓ buy30331-ingest-stream — PID 2414745, uptime       01:03
[2026-06-05T17:34:57Z] Alive: 4, Dead: 0
[2026-06-05T17:34:57Z] Supervisor: running (PID 2417224)
[2026-06-05T17:35:58Z] === Loop Supervisor Status ===
[2026-06-05T17:35:58Z]   ✓ buy30331-sustained-loop — PID 2210102, uptime    01:01:18
[2026-06-05T17:35:58Z]   ✓ buy30590-deep-page-loop — PID 2035822, uptime    02:03:31
[2026-06-05T17:35:58Z]   ✓ buy30727-lane-supervisor — PID 2036173, uptime    02:03:26
[2026-06-05T17:35:58Z]   ✓ buy30331-ingest-stream — PID 2416045, uptime       01:32
[2026-06-05T17:35:58Z] Alive: 4, Dead: 0
[2026-06-05T17:35:58Z] Supervisor: running (PID 2417224)
[2026-06-05T17:36:35Z] === Loop Supervisor Status ===
[2026-06-05T17:36:35Z]   ✓ buy30331-sustained-loop — PID 2210102, uptime    01:01:55
[2026-06-05T17:36:35Z]   ✓ buy30590-deep-page-loop — PID 2035822, uptime    02:04:08
[2026-06-05T17:36:35Z]   ✓ buy30727-lane-supervisor — PID 2036173, uptime    02:04:03
[2026-06-05T17:36:35Z]   ✓ buy30331-ingest-stream — PID 2416045, uptime       02:09
[2026-06-05T17:36:35Z] Alive: 4, Dead: 0
[2026-06-05T17:36:35Z] Supervisor: running (PID 2417224)
[2026-06-05T18:33:38Z] Detected dead loop: node.*buy30727-lane-supervisor\.mjs (restart #0)
[2026-06-05T18:33:38Z] Detected dead loop: node.*buy30727-lane-supervisor\.mjs (restart #0)
[2026-06-05T18:33:38Z] Starting: buy30727-lane-supervisor
[2026-06-05T18:33:38Z] Starting: buy30727-lane-supervisor
[2026-06-05T18:33:48Z]   ✓ Started successfully (PID: 2537360)
[2026-06-05T18:33:48Z]   ✓ Started successfully (PID: 2537360)
[2026-06-05T18:37:49Z] Detected dead loop: node.*buy30331-ingest-stream\.mjs (restart #0)
[2026-06-05T18:37:49Z] Detected dead loop: node.*buy30331-ingest-stream\.mjs (restart #0)
[2026-06-05T18:37:49Z] Starting: buy30331-ingest-stream
[2026-06-05T18:37:49Z] Starting: buy30331-ingest-stream
[2026-06-05T18:37:59Z]   ✓ Started successfully (PID: 2547899)
[2026-06-05T18:37:59Z]   ✓ Started successfully (PID: 2547899)
[2026-06-05T18:42:00Z] Detected dead loop: node.*buy30331-ingest-stream\.mjs (restart #1)
[2026-06-05T18:42:00Z] Detected dead loop: node.*buy30331-ingest-stream\.mjs (restart #1)
[2026-06-05T18:42:00Z] Starting: buy30331-ingest-stream
[2026-06-05T18:42:00Z] Starting: buy30331-ingest-stream
[2026-06-05T18:42:10Z]   ✗ Failed to start: buy30331-ingest-stream
[2026-06-05T18:42:10Z]   ✗ Failed to start: buy30331-ingest-stream
[2026-06-05T18:42:40Z] Detected dead loop: node.*buy30331-ingest-stream\.mjs (restart #1)
[2026-06-05T18:42:40Z] Detected dead loop: node.*buy30331-ingest-stream\.mjs (restart #1)
[2026-06-05T18:42:40Z] Starting: buy30331-ingest-stream
[2026-06-05T18:42:40Z] Starting: buy30331-ingest-stream
[2026-06-05T18:42:50Z]   ✗ Failed to start: buy30331-ingest-stream
[2026-06-05T18:42:50Z]   ✗ Failed to start: buy30331-ingest-stream
[2026-06-05T18:43:20Z] Detected dead loop: node.*buy30331-ingest-stream\.mjs (restart #1)
[2026-06-05T18:43:20Z] Detected dead loop: node.*buy30331-ingest-stream\.mjs (restart #1)
[2026-06-05T18:43:20Z] Starting: buy30331-ingest-stream
[2026-06-05T18:43:20Z] Starting: buy30331-ingest-stream
[2026-06-05T18:43:30Z]   ✗ Failed to start: buy30331-ingest-stream
[2026-06-05T18:43:30Z]   ✗ Failed to start: buy30331-ingest-stream
[2026-06-05T18:44:00Z] Detected dead loop: node.*buy30331-ingest-stream\.mjs (restart #1)
[2026-06-05T18:44:00Z] Detected dead loop: node.*buy30331-ingest-stream\.mjs (restart #1)
[2026-06-05T18:44:00Z] Starting: buy30331-ingest-stream
[2026-06-05T18:44:00Z] Starting: buy30331-ingest-stream
[2026-06-05T18:44:10Z]   ✓ Started successfully (PID: 2559487)
[2026-06-05T18:44:10Z]   ✓ Started successfully (PID: 2559487)
[2026-06-05T18:52:43Z] Detected dead loop: node.*buy30331-ingest-stream\.mjs (restart #2)
[2026-06-05T18:52:43Z] Detected dead loop: node.*buy30331-ingest-stream\.mjs (restart #2)
[2026-06-05T18:52:43Z] Starting: buy30331-ingest-stream
[2026-06-05T18:52:43Z] Starting: buy30331-ingest-stream
[2026-06-05T18:52:53Z]   ✗ Failed to start: buy30331-ingest-stream
[2026-06-05T18:52:53Z]   ✗ Failed to start: buy30331-ingest-stream
[2026-06-05T19:07:27Z] Detected dead loop: node.*buy30331-ingest-stream\.mjs (restart #2)
[2026-06-05T19:07:27Z] Detected dead loop: node.*buy30331-ingest-stream\.mjs (restart #2)
[2026-06-05T19:07:27Z] Starting: buy30331-ingest-stream
[2026-06-05T19:07:27Z] Starting: buy30331-ingest-stream
[2026-06-05T19:07:37Z]   ✓ Started successfully (PID: 2619691)
[2026-06-05T19:07:37Z]   ✓ Started successfully (PID: 2619691)
[2026-06-05T19:09:38Z] Detected dead loop: node.*buy30331-ingest-stream\.mjs (restart #3)
[2026-06-05T19:09:38Z] Detected dead loop: node.*buy30331-ingest-stream\.mjs (restart #3)
[2026-06-05T19:09:38Z] Starting: buy30331-ingest-stream
[2026-06-05T19:09:38Z] Starting: buy30331-ingest-stream
[2026-06-05T19:09:48Z]   ✗ Failed to start: buy30331-ingest-stream
[2026-06-05T19:09:48Z]   ✗ Failed to start: buy30331-ingest-stream
[2026-06-05T19:12:18Z] Detected dead loop: node.*buy30331-ingest-stream\.mjs (restart #3)
[2026-06-05T19:12:18Z] Detected dead loop: node.*buy30331-ingest-stream\.mjs (restart #3)
[2026-06-05T19:12:18Z] Starting: buy30331-ingest-stream
[2026-06-05T19:12:18Z] Starting: buy30331-ingest-stream
[2026-06-05T19:12:28Z]   ✗ Failed to start: buy30331-ingest-stream
[2026-06-05T19:12:28Z]   ✗ Failed to start: buy30331-ingest-stream
[2026-06-05T19:33:04Z] Detected dead loop: node.*buy30331-ingest-stream\.mjs (restart #3)
[2026-06-05T19:33:04Z] Detected dead loop: node.*buy30331-ingest-stream\.mjs (restart #3)
[2026-06-05T19:33:04Z] Starting: buy30331-ingest-stream
[2026-06-05T19:33:04Z] Starting: buy30331-ingest-stream
[2026-06-05T19:33:14Z]   ✓ Started successfully (PID: 2704974)
[2026-06-05T19:33:14Z]   ✓ Started successfully (PID: 2704974)
[2026-06-05T19:36:15Z] Detected dead loop: node.*buy30331-ingest-stream\.mjs (restart #4)
[2026-06-05T19:36:15Z] Detected dead loop: node.*buy30331-ingest-stream\.mjs (restart #4)
[2026-06-05T19:36:15Z] Starting: buy30331-ingest-stream
[2026-06-05T19:36:15Z] Starting: buy30331-ingest-stream
[2026-06-05T19:36:25Z]   ✓ Started successfully (PID: 2711242)
[2026-06-05T19:36:25Z]   ✓ Started successfully (PID: 2711242)
[2026-06-05T19:38:26Z] Max restarts reached for: node.*buy30331-ingest-stream\.mjs — giving up this cycle
[2026-06-05T19:38:26Z] Max restarts reached for: node.*buy30331-ingest-stream\.mjs — giving up this cycle
[2026-06-05T19:43:38Z] === Stopping supervisor ===
[2026-06-05T19:43:38Z] Supervisor (PID 2417224) stopped
[2026-06-05T19:43:38Z] === Loop Supervisor Status ===
[2026-06-05T19:43:39Z]   ✓ buy30331-sustained-loop — PID 2210102, uptime    03:08:59
[2026-06-05T19:43:39Z]   ✓ buy30590-deep-page-loop — PID 2035822, uptime    04:11:11
[2026-06-05T19:43:39Z]   ✓ buy30727-lane-supervisor — PID 2537360, uptime    01:10:00
[2026-06-05T19:43:39Z] Alive: 3, Dead: 0
[2026-06-05T19:43:39Z] Supervisor: not running
[2026-06-05T19:43:41Z] Starting supervisor daemon...
[2026-06-05T19:43:41Z] === Restarting dead loops ===
[2026-06-05T19:43:41Z] Restarted 0 loops
[2026-06-05T19:43:41Z] === Supervisor starting (PID 2734278) ===
[2026-06-05T19:43:41Z] === Supervisor starting (PID 2734278) ===
[2026-06-05T19:43:42Z] Supervisor started (PID 2734278)
[2026-06-05T19:43:42Z] === Loop Supervisor Status ===
[2026-06-05T19:43:42Z]   ✓ buy30331-sustained-loop — PID 2210102, uptime    03:09:03
[2026-06-05T19:43:42Z]   ✓ buy30590-deep-page-loop — PID 2035822, uptime    04:11:15
[2026-06-05T19:43:43Z]   ✓ buy30727-lane-supervisor — PID 2537360, uptime    01:10:04
[2026-06-05T19:43:43Z] Alive: 3, Dead: 0
[2026-06-05T19:43:43Z] Supervisor: running (PID 2734278)
[2026-06-05T19:51:45Z] === Loop Supervisor Status ===
[2026-06-05T19:51:45Z]   ✓ buy30331-sustained-loop — PID 2210102, uptime    03:17:06
[2026-06-05T19:51:46Z]   ✓ buy30590-deep-page-loop — PID 2035822, uptime    04:19:18
[2026-06-05T19:51:46Z]   ✓ buy30727-lane-supervisor — PID 2537360, uptime    01:18:07
[2026-06-05T19:51:46Z] Alive: 3, Dead: 0
[2026-06-05T19:51:46Z] Supervisor: running (PID 2734278)
[2026-06-05T19:53:17Z] === Loop Supervisor Status ===
[2026-06-05T19:53:17Z]   ✓ buy30331-sustained-loop — PID 2210102, uptime    03:18:37
[2026-06-05T19:53:17Z]   ✓ buy30590-deep-page-loop — PID 2035822, uptime    04:20:50
[2026-06-05T19:53:17Z]   ✓ buy30727-lane-supervisor — PID 2537360, uptime    01:19:38
[2026-06-05T19:53:17Z] Alive: 3, Dead: 0
[2026-06-05T19:53:17Z] Supervisor: running (PID 2734278)
[2026-06-05T19:54:48Z] === Loop Supervisor Status ===
[2026-06-05T19:54:48Z]   ✓ buy30331-sustained-loop — PID 2210102, uptime    03:20:08
[2026-06-05T19:54:48Z]   ✓ buy30590-deep-page-loop — PID 2035822, uptime    04:22:21
[2026-06-05T19:54:48Z]   ✓ buy30727-lane-supervisor — PID 2537360, uptime    01:21:09
[2026-06-05T19:54:48Z] Alive: 3, Dead: 0
[2026-06-05T19:54:48Z] Supervisor: running (PID 2734278)
[2026-06-05T20:40:22Z] Detected dead loop: node.*buy30727-lane-supervisor\.mjs (restart #0)
[2026-06-05T20:40:22Z] Detected dead loop: node.*buy30727-lane-supervisor\.mjs (restart #0)
[2026-06-05T20:40:22Z] Starting: buy30727-lane-supervisor
[2026-06-05T20:40:22Z] Starting: buy30727-lane-supervisor
[2026-06-05T20:40:32Z]   ✓ Started successfully (PID: 2915009)
[2026-06-05T20:40:32Z]   ✓ Started successfully (PID: 2915009)
[2026-06-05T20:42:32Z] Detected dead loop: node.*buy30727-lane-supervisor\.mjs (restart #1)
[2026-06-05T20:42:32Z] Detected dead loop: node.*buy30727-lane-supervisor\.mjs (restart #1)
[2026-06-05T20:42:32Z] Starting: buy30727-lane-supervisor
[2026-06-05T20:42:32Z] Starting: buy30727-lane-supervisor
[2026-06-05T20:42:42Z]   ✓ Started successfully (PID: 2929143)
[2026-06-05T20:42:42Z]   ✓ Started successfully (PID: 2929143)
[2026-06-05T20:44:43Z] Detected dead loop: node.*buy30727-lane-supervisor\.mjs (restart #2)
[2026-06-05T20:44:43Z] Detected dead loop: node.*buy30727-lane-supervisor\.mjs (restart #2)
[2026-06-05T20:44:43Z] Starting: buy30727-lane-supervisor
[2026-06-05T20:44:43Z] Starting: buy30727-lane-supervisor
[2026-06-05T20:44:53Z]   ✓ Started successfully (PID: 2960796)
[2026-06-05T20:44:53Z]   ✓ Started successfully (PID: 2960796)
[2026-06-05T20:46:54Z] Detected dead loop: node.*buy30727-lane-supervisor\.mjs (restart #3)
[2026-06-05T20:46:54Z] Detected dead loop: node.*buy30727-lane-supervisor\.mjs (restart #3)
[2026-06-05T20:46:54Z] Starting: buy30727-lane-supervisor
[2026-06-05T20:46:54Z] Starting: buy30727-lane-supervisor
[2026-06-05T20:47:04Z]   ✓ Started successfully (PID: 2976527)
[2026-06-05T20:47:04Z]   ✓ Started successfully (PID: 2976527)
[2026-06-05T20:49:31Z] === Loop Supervisor Status ===
[2026-06-05T20:49:31Z]   ✓ buy30331-sustained-loop — PID 2210102, uptime    04:14:52
[2026-06-05T20:49:31Z]   ✓ buy30590-deep-page-loop — PID 2035822, uptime    05:17:04
[2026-06-05T20:49:31Z]   ✗ buy30727-lane-supervisor — DEAD
[2026-06-05T20:49:31Z] Alive: 2, Dead: 1
[2026-06-05T20:49:31Z] Supervisor: running (PID 2734278)
[2026-06-05T20:52:21Z] === Stopping supervisor ===
[2026-06-05T20:52:21Z] Supervisor (PID 2734278) stopped
[2026-06-05T20:52:21Z] === Loop Supervisor Status ===
[2026-06-05T20:52:21Z]   ✓ buy30331-sustained-loop — PID 2210102, uptime    04:17:41
[2026-06-05T20:52:21Z]   ✓ buy30590-deep-page-loop — PID 2035822, uptime    05:19:54
[2026-06-05T20:52:21Z]   ✗ buy30727-lane-supervisor — DEAD
[2026-06-05T20:52:21Z] Alive: 2, Dead: 1
[2026-06-05T20:52:21Z] Supervisor: not running
[2026-06-05T20:54:18Z] Starting supervisor daemon...
[2026-06-05T20:54:18Z] === Restarting dead loops ===
[2026-06-05T20:54:18Z] Skipped: buy30727-lane-supervisor (stop marker present)
[2026-06-05T20:54:20Z] Restarted 1 loops
[2026-06-05T20:54:20Z] === Supervisor starting (PID 3013638) ===
[2026-06-05T20:54:20Z] === Supervisor starting (PID 3013638) ===
[2026-06-05T20:54:20Z] Detected dead loop: node.*buy30727-lane-supervisor\.mjs (restart #0)
[2026-06-05T20:54:20Z] Detected dead loop: node.*buy30727-lane-supervisor\.mjs (restart #0)
[2026-06-05T20:54:20Z] Skipped: buy30727-lane-supervisor (stop marker present)
[2026-06-05T20:54:20Z] Skipped: buy30727-lane-supervisor (stop marker present)
[2026-06-05T20:54:21Z] Supervisor started (PID 3013638)
[2026-06-05T20:54:21Z] === Loop Supervisor Status ===
[2026-06-05T20:54:21Z]   ✓ buy30331-sustained-loop — PID 2210102, uptime    04:19:41
[2026-06-05T20:54:21Z]   ✓ buy30590-deep-page-loop — PID 2035822, uptime    05:21:54
[2026-06-05T20:54:21Z]   ✗ buy30727-lane-supervisor — DEAD
[2026-06-05T20:54:21Z] Alive: 2, Dead: 1
[2026-06-05T20:54:21Z] Supervisor: running (PID 3013638)
[2026-06-05T20:56:01Z] Stale PID file, removing
[2026-06-05T20:56:01Z] Starting supervisor daemon...
[2026-06-05T20:56:01Z] === Restarting dead loops ===
[2026-06-05T20:56:01Z] Skipped: buy30727-lane-supervisor (stop marker present)
[2026-06-05T20:56:03Z] Restarted 1 loops
[2026-06-05T20:56:03Z] === Supervisor starting (PID 3018553) ===
[2026-06-05T20:56:03Z] === Supervisor starting (PID 3018553) ===
[2026-06-05T20:56:03Z] Detected dead loop: node.*buy30727-lane-supervisor\.mjs (restart #0)
[2026-06-05T20:56:03Z] Detected dead loop: node.*buy30727-lane-supervisor\.mjs (restart #0)
[2026-06-05T20:56:03Z] Skipped: buy30727-lane-supervisor (stop marker present)
[2026-06-05T20:56:03Z] Skipped: buy30727-lane-supervisor (stop marker present)
[2026-06-05T20:56:04Z] Supervisor started (PID 3018553)
[2026-06-05T20:56:04Z] === Loop Supervisor Status ===
[2026-06-05T20:56:04Z]   ✓ buy30331-sustained-loop — PID 2210102, uptime    04:21:24
[2026-06-05T20:56:04Z]   ✓ buy30590-deep-page-loop — PID 2035822, uptime    05:23:37
[2026-06-05T20:56:04Z]   ✗ buy30727-lane-supervisor — DEAD
[2026-06-05T20:56:04Z] Alive: 2, Dead: 1
[2026-06-05T20:56:04Z] Supervisor: running (PID 3018553)
[2026-06-05T20:56:11Z] === Loop Supervisor Status ===
[2026-06-05T20:56:12Z]   ✓ buy30331-sustained-loop — PID 2210102, uptime    04:21:32
[2026-06-05T20:56:12Z]   ✓ buy30590-deep-page-loop — PID 2035822, uptime    05:23:44
[2026-06-05T20:56:12Z]   ✗ buy30727-lane-supervisor — DEAD
[2026-06-05T20:56:12Z] Alive: 2, Dead: 1
[2026-06-05T20:56:12Z] Supervisor: running (PID 3018553)
[2026-06-05T20:56:33Z] Detected dead loop: node.*buy30590-deep-page-loop\.mjs (restart #0)
[2026-06-05T20:56:33Z] Detected dead loop: node.*buy30590-deep-page-loop\.mjs (restart #0)
[2026-06-05T20:56:33Z] Starting: buy30590-deep-page-loop
[2026-06-05T20:56:33Z] Starting: buy30590-deep-page-loop
[2026-06-05T20:56:43Z]   ✓ Started successfully (PID: 3025416)
[2026-06-05T20:56:43Z]   ✓ Started successfully (PID: 3025416)
[2026-06-05T20:56:43Z] Detected dead loop: node.*buy30727-lane-supervisor\.mjs (restart #1)
[2026-06-05T20:56:43Z] Detected dead loop: node.*buy30727-lane-supervisor\.mjs (restart #1)
[2026-06-05T20:56:43Z] Skipped: buy30727-lane-supervisor (stop marker present)
[2026-06-05T20:56:43Z] Skipped: buy30727-lane-supervisor (stop marker present)
[2026-06-05T20:57:13Z] Detected dead loop: node.*buy30727-lane-supervisor\.mjs (restart #2)
[2026-06-05T20:57:13Z] Detected dead loop: node.*buy30727-lane-supervisor\.mjs (restart #2)
[2026-06-05T20:57:13Z] Skipped: buy30727-lane-supervisor (stop marker present)
[2026-06-05T20:57:13Z] Skipped: buy30727-lane-supervisor (stop marker present)
[2026-06-05T20:57:43Z] Detected dead loop: node.*buy30727-lane-supervisor\.mjs (restart #3)
[2026-06-05T20:57:43Z] Detected dead loop: node.*buy30727-lane-supervisor\.mjs (restart #3)
[2026-06-05T20:57:43Z] Skipped: buy30727-lane-supervisor (stop marker present)
[2026-06-05T20:57:43Z] Skipped: buy30727-lane-supervisor (stop marker present)
[2026-06-05T20:58:01Z] === Restarting dead loops ===
[2026-06-05T20:58:01Z] Skipped: buy30727-lane-supervisor (stop marker present)
[2026-06-05T20:58:03Z] Restarted 1 loops
[2026-06-05T20:58:13Z] Detected dead loop: node.*buy30727-lane-supervisor\.mjs (restart #4)
[2026-06-05T20:58:13Z] Detected dead loop: node.*buy30727-lane-supervisor\.mjs (restart #4)
[2026-06-05T20:58:13Z] Skipped: buy30727-lane-supervisor (stop marker present)
[2026-06-05T20:58:13Z] Skipped: buy30727-lane-supervisor (stop marker present)
[2026-06-05T20:58:43Z] Max restarts reached for: node.*buy30727-lane-supervisor\.mjs — giving up this cycle
[2026-06-05T20:58:43Z] Max restarts reached for: node.*buy30727-lane-supervisor\.mjs — giving up this cycle
[2026-06-05T20:59:13Z] Max restarts reached for: node.*buy30727-lane-supervisor\.mjs — giving up this cycle
[2026-06-05T20:59:13Z] Max restarts reached for: node.*buy30727-lane-supervisor\.mjs — giving up this cycle
[2026-06-05T20:59:43Z] Max restarts reached for: node.*buy30727-lane-supervisor\.mjs — giving up this cycle
[2026-06-05T20:59:43Z] Max restarts reached for: node.*buy30727-lane-supervisor\.mjs — giving up this cycle
[2026-06-05T21:00:01Z] === Restarting dead loops ===
[2026-06-05T21:00:01Z] Skipped: buy30727-lane-supervisor (stop marker present)
[2026-06-05T21:00:03Z] Restarted 1 loops
[2026-06-05T21:00:14Z] Max restarts reached for: node.*buy30727-lane-supervisor\.mjs — giving up this cycle
[2026-06-05T21:00:14Z] Max restarts reached for: node.*buy30727-lane-supervisor\.mjs — giving up this cycle
[2026-06-05T21:00:44Z] Max restarts reached for: node.*buy30727-lane-supervisor\.mjs — giving up this cycle
[2026-06-05T21:00:44Z] Max restarts reached for: node.*buy30727-lane-supervisor\.mjs — giving up this cycle
[2026-06-05T21:01:11Z] === Loop Supervisor Status ===
[2026-06-05T21:01:11Z]   ✓ buy30331-sustained-loop — PID 2210102, uptime    04:26:31
[2026-06-05T21:01:11Z]   ✓ buy30590-deep-page-loop — PID 3025416, uptime       04:38
[2026-06-05T21:01:11Z]   ✗ buy30727-lane-supervisor — DEAD
[2026-06-05T21:01:11Z] Alive: 2, Dead: 1
[2026-06-05T21:01:11Z] Supervisor: running (PID 3018553)
[2026-06-05T21:01:14Z] Detected dead loop: node.*buy30590-deep-page-loop\.mjs (restart #1)
[2026-06-05T21:01:14Z] Detected dead loop: node.*buy30590-deep-page-loop\.mjs (restart #1)
[2026-06-05T21:01:14Z] Starting: buy30590-deep-page-loop
[2026-06-05T21:01:14Z] Starting: buy30590-deep-page-loop
[2026-06-05T21:01:24Z]   ✓ Started successfully (PID: 3042321)
[2026-06-05T21:01:24Z]   ✓ Started successfully (PID: 3042321)
[2026-06-05T21:01:24Z] Max restarts reached for: node.*buy30727-lane-supervisor\.mjs — giving up this cycle
[2026-06-05T21:01:24Z] Max restarts reached for: node.*buy30727-lane-supervisor\.mjs — giving up this cycle
[2026-06-05T21:01:54Z] Max restarts reached for: node.*buy30727-lane-supervisor\.mjs — giving up this cycle
[2026-06-05T21:01:54Z] Max restarts reached for: node.*buy30727-lane-supervisor\.mjs — giving up this cycle
[2026-06-05T21:02:01Z] === Restarting dead loops ===
[2026-06-05T21:02:01Z] Skipped: buy30727-lane-supervisor (stop marker present)
[2026-06-05T21:02:03Z] Restarted 1 loops
[2026-06-05T21:02:24Z] Max restarts reached for: node.*buy30727-lane-supervisor\.mjs — giving up this cycle
[2026-06-05T21:02:24Z] Max restarts reached for: node.*buy30727-lane-supervisor\.mjs — giving up this cycle
[2026-06-05T21:02:54Z] Max restarts reached for: node.*buy30727-lane-supervisor\.mjs — giving up this cycle
[2026-06-05T21:02:54Z] Max restarts reached for: node.*buy30727-lane-supervisor\.mjs — giving up this cycle
[2026-06-05T21:03:24Z] Max restarts reached for: node.*buy30727-lane-supervisor\.mjs — giving up this cycle
[2026-06-05T21:03:24Z] Max restarts reached for: node.*buy30727-lane-supervisor\.mjs — giving up this cycle
[2026-06-05T21:03:54Z] Max restarts reached for: node.*buy30727-lane-supervisor\.mjs — giving up this cycle
[2026-06-05T21:03:54Z] Max restarts reached for: node.*buy30727-lane-supervisor\.mjs — giving up this cycle
[2026-06-05T21:04:01Z] === Restarting dead loops ===
[2026-06-05T21:04:01Z] Skipped: buy30727-lane-supervisor (stop marker present)
[2026-06-05T21:04:03Z] Restarted 1 loops
[2026-06-05T21:04:25Z] Max restarts reached for: node.*buy30727-lane-supervisor\.mjs — giving up this cycle
[2026-06-05T21:04:25Z] Max restarts reached for: node.*buy30727-lane-supervisor\.mjs — giving up this cycle
[2026-06-05T21:04:55Z] Max restarts reached for: node.*buy30727-lane-supervisor\.mjs — giving up this cycle
[2026-06-05T21:04:55Z] Max restarts reached for: node.*buy30727-lane-supervisor\.mjs — giving up this cycle
[2026-06-05T21:05:25Z] Max restarts reached for: node.*buy30727-lane-supervisor\.mjs — giving up this cycle
[2026-06-05T21:05:25Z] Max restarts reached for: node.*buy30727-lane-supervisor\.mjs — giving up this cycle
[2026-06-05T21:05:55Z] Max restarts reached for: node.*buy30727-lane-supervisor\.mjs — giving up this cycle
[2026-06-05T21:05:55Z] Max restarts reached for: node.*buy30727-lane-supervisor\.mjs — giving up this cycle
[2026-06-05T21:06:01Z] === Restarting dead loops ===
[2026-06-05T21:06:02Z] Skipped: buy30727-lane-supervisor (stop marker present)
[2026-06-05T21:06:04Z] Restarted 1 loops
[2026-06-05T21:06:25Z] Max restarts reached for: node.*buy30727-lane-supervisor\.mjs — giving up this cycle
[2026-06-05T21:06:25Z] Max restarts reached for: node.*buy30727-lane-supervisor\.mjs — giving up this cycle
[2026-06-05T21:06:55Z] Max restarts reached for: node.*buy30727-lane-supervisor\.mjs — giving up this cycle
[2026-06-05T21:06:55Z] Max restarts reached for: node.*buy30727-lane-supervisor\.mjs — giving up this cycle
[2026-06-05T21:07:25Z] Max restarts reached for: node.*buy30727-lane-supervisor\.mjs — giving up this cycle
[2026-06-05T21:07:25Z] Max restarts reached for: node.*buy30727-lane-supervisor\.mjs — giving up this cycle
[2026-06-05T21:07:55Z] Max restarts reached for: node.*buy30727-lane-supervisor\.mjs — giving up this cycle
[2026-06-05T21:07:55Z] Max restarts reached for: node.*buy30727-lane-supervisor\.mjs — giving up this cycle
[2026-06-05T21:08:01Z] === Restarting dead loops ===
[2026-06-05T21:08:01Z] Skipped: buy30727-lane-supervisor (stop marker present)
[2026-06-05T21:08:03Z] Restarted 1 loops
[2026-06-05T21:08:25Z] Max restarts reached for: node.*buy30727-lane-supervisor\.mjs — giving up this cycle
[2026-06-05T21:08:25Z] Max restarts reached for: node.*buy30727-lane-supervisor\.mjs — giving up this cycle
[2026-06-05T21:08:56Z] Max restarts reached for: node.*buy30727-lane-supervisor\.mjs — giving up this cycle
[2026-06-05T21:08:56Z] Max restarts reached for: node.*buy30727-lane-supervisor\.mjs — giving up this cycle
[2026-06-05T21:09:26Z] Max restarts reached for: node.*buy30727-lane-supervisor\.mjs — giving up this cycle
[2026-06-05T21:09:26Z] Max restarts reached for: node.*buy30727-lane-supervisor\.mjs — giving up this cycle
[2026-06-05T21:09:56Z] Max restarts reached for: node.*buy30727-lane-supervisor\.mjs — giving up this cycle
[2026-06-05T21:09:56Z] Max restarts reached for: node.*buy30727-lane-supervisor\.mjs — giving up this cycle
[2026-06-05T21:10:01Z] === Restarting dead loops ===
[2026-06-05T21:10:01Z] Skipped: buy30727-lane-supervisor (stop marker present)
[2026-06-05T21:10:03Z] Restarted 1 loops
[2026-06-05T21:10:26Z] Max restarts reached for: node.*buy30727-lane-supervisor\.mjs — giving up this cycle
[2026-06-05T21:10:26Z] Max restarts reached for: node.*buy30727-lane-supervisor\.mjs — giving up this cycle
[2026-06-05T21:10:56Z] Max restarts reached for: node.*buy30727-lane-supervisor\.mjs — giving up this cycle
[2026-06-05T21:10:56Z] Max restarts reached for: node.*buy30727-lane-supervisor\.mjs — giving up this cycle
[2026-06-05T21:11:26Z] Max restarts reached for: node.*buy30727-lane-supervisor\.mjs — giving up this cycle
[2026-06-05T21:11:26Z] Max restarts reached for: node.*buy30727-lane-supervisor\.mjs — giving up this cycle
[2026-06-05T21:11:56Z] Max restarts reached for: node.*buy30727-lane-supervisor\.mjs — giving up this cycle
[2026-06-05T21:11:56Z] Max restarts reached for: node.*buy30727-lane-supervisor\.mjs — giving up this cycle
[2026-06-05T21:12:01Z] === Restarting dead loops ===
[2026-06-05T21:12:01Z] Skipped: buy30727-lane-supervisor (stop marker present)
[2026-06-05T21:12:03Z] Restarted 1 loops
[2026-06-05T21:12:26Z] Max restarts reached for: node.*buy30727-lane-supervisor\.mjs — giving up this cycle
[2026-06-05T21:12:26Z] Max restarts reached for: node.*buy30727-lane-supervisor\.mjs — giving up this cycle
[2026-06-05T21:12:56Z] Max restarts reached for: node.*buy30727-lane-supervisor\.mjs — giving up this cycle
[2026-06-05T21:12:56Z] Max restarts reached for: node.*buy30727-lane-supervisor\.mjs — giving up this cycle
[2026-06-05T21:13:26Z] Max restarts reached for: node.*buy30727-lane-supervisor\.mjs — giving up this cycle
[2026-06-05T21:13:26Z] Max restarts reached for: node.*buy30727-lane-supervisor\.mjs — giving up this cycle
[2026-06-05T21:13:56Z] Max restarts reached for: node.*buy30727-lane-supervisor\.mjs — giving up this cycle
[2026-06-05T21:13:56Z] Max restarts reached for: node.*buy30727-lane-supervisor\.mjs — giving up this cycle
[2026-06-05T21:14:02Z] === Restarting dead loops ===
[2026-06-05T21:14:02Z] Skipped: buy30727-lane-supervisor (stop marker present)
[2026-06-05T21:14:04Z] Restarted 1 loops
[2026-06-05T21:14:26Z] Max restarts reached for: node.*buy30727-lane-supervisor\.mjs — giving up this cycle
[2026-06-05T21:14:26Z] Max restarts reached for: node.*buy30727-lane-supervisor\.mjs — giving up this cycle
[2026-06-05T21:14:56Z] Max restarts reached for: node.*buy30727-lane-supervisor\.mjs — giving up this cycle
[2026-06-05T21:14:56Z] Max restarts reached for: node.*buy30727-lane-supervisor\.mjs — giving up this cycle
[2026-06-05T21:15:26Z] Max restarts reached for: node.*buy30727-lane-supervisor\.mjs — giving up this cycle
[2026-06-05T21:15:26Z] Max restarts reached for: node.*buy30727-lane-supervisor\.mjs — giving up this cycle
[2026-06-05T21:15:56Z] Max restarts reached for: node.*buy30727-lane-supervisor\.mjs — giving up this cycle
[2026-06-05T21:15:56Z] Max restarts reached for: node.*buy30727-lane-supervisor\.mjs — giving up this cycle
[2026-06-05T21:16:01Z] === Restarting dead loops ===
[2026-06-05T21:16:01Z] Skipped: buy30727-lane-supervisor (stop marker present)
[2026-06-05T21:16:03Z] Restarted 1 loops
[2026-06-05T21:16:27Z] Max restarts reached for: node.*buy30727-lane-supervisor\.mjs — giving up this cycle
[2026-06-05T21:16:27Z] Max restarts reached for: node.*buy30727-lane-supervisor\.mjs — giving up this cycle
[2026-06-05T21:16:57Z] Max restarts reached for: node.*buy30727-lane-supervisor\.mjs — giving up this cycle
[2026-06-05T21:16:57Z] Max restarts reached for: node.*buy30727-lane-supervisor\.mjs — giving up this cycle
[2026-06-05T21:17:27Z] Max restarts reached for: node.*buy30727-lane-supervisor\.mjs — giving up this cycle
[2026-06-05T21:17:27Z] Max restarts reached for: node.*buy30727-lane-supervisor\.mjs — giving up this cycle
[2026-06-05T21:17:57Z] Max restarts reached for: node.*buy30727-lane-supervisor\.mjs — giving up this cycle
[2026-06-05T21:17:57Z] Max restarts reached for: node.*buy30727-lane-supervisor\.mjs — giving up this cycle
[2026-06-05T21:18:01Z] === Restarting dead loops ===
[2026-06-05T21:18:01Z] Skipped: buy30727-lane-supervisor (stop marker present)
[2026-06-05T21:18:03Z] Restarted 1 loops
[2026-06-05T21:18:27Z] Max restarts reached for: node.*buy30727-lane-supervisor\.mjs — giving up this cycle
[2026-06-05T21:18:27Z] Max restarts reached for: node.*buy30727-lane-supervisor\.mjs — giving up this cycle
[2026-06-05T21:18:57Z] Max restarts reached for: node.*buy30727-lane-supervisor\.mjs — giving up this cycle
[2026-06-05T21:18:57Z] Max restarts reached for: node.*buy30727-lane-supervisor\.mjs — giving up this cycle
[2026-06-05T21:19:27Z] Max restarts reached for: node.*buy30727-lane-supervisor\.mjs — giving up this cycle
[2026-06-05T21:19:27Z] Max restarts reached for: node.*buy30727-lane-supervisor\.mjs — giving up this cycle
[2026-06-05T21:19:57Z] Max restarts reached for: node.*buy30727-lane-supervisor\.mjs — giving up this cycle
[2026-06-05T21:19:57Z] Max restarts reached for: node.*buy30727-lane-supervisor\.mjs — giving up this cycle
[2026-06-05T21:20:01Z] === Restarting dead loops ===
[2026-06-05T21:20:01Z] Skipped: buy30727-lane-supervisor (stop marker present)
[2026-06-05T21:20:03Z] Restarted 1 loops
[2026-06-05T21:20:27Z] Max restarts reached for: node.*buy30727-lane-supervisor\.mjs — giving up this cycle
[2026-06-05T21:20:27Z] Max restarts reached for: node.*buy30727-lane-supervisor\.mjs — giving up this cycle
[2026-06-05T21:20:57Z] Max restarts reached for: node.*buy30727-lane-supervisor\.mjs — giving up this cycle
[2026-06-05T21:20:57Z] Max restarts reached for: node.*buy30727-lane-supervisor\.mjs — giving up this cycle
[2026-06-05T21:21:27Z] Max restarts reached for: node.*buy30727-lane-supervisor\.mjs — giving up this cycle
[2026-06-05T21:21:27Z] Max restarts reached for: node.*buy30727-lane-supervisor\.mjs — giving up this cycle
[2026-06-05T21:21:57Z] Max restarts reached for: node.*buy30727-lane-supervisor\.mjs — giving up this cycle
[2026-06-05T21:21:57Z] Max restarts reached for: node.*buy30727-lane-supervisor\.mjs — giving up this cycle
[2026-06-05T21:22:01Z] === Restarting dead loops ===
[2026-06-05T21:22:01Z] Skipped: buy30727-lane-supervisor (stop marker present)
[2026-06-05T21:22:03Z] Restarted 1 loops
[2026-06-05T21:22:27Z] Max restarts reached for: node.*buy30727-lane-supervisor\.mjs — giving up this cycle
[2026-06-05T21:22:27Z] Max restarts reached for: node.*buy30727-lane-supervisor\.mjs — giving up this cycle
[2026-06-05T21:22:57Z] Max restarts reached for: node.*buy30727-lane-supervisor\.mjs — giving up this cycle
[2026-06-05T21:22:57Z] Max restarts reached for: node.*buy30727-lane-supervisor\.mjs — giving up this cycle
[2026-06-05T21:23:27Z] Max restarts reached for: node.*buy30727-lane-supervisor\.mjs — giving up this cycle
[2026-06-05T21:23:27Z] Max restarts reached for: node.*buy30727-lane-supervisor\.mjs — giving up this cycle
[2026-06-05T21:23:58Z] Max restarts reached for: node.*buy30727-lane-supervisor\.mjs — giving up this cycle
[2026-06-05T21:23:58Z] Max restarts reached for: node.*buy30727-lane-supervisor\.mjs — giving up this cycle
[2026-06-05T21:24:01Z] === Restarting dead loops ===
[2026-06-05T21:24:01Z] Skipped: buy30727-lane-supervisor (stop marker present)
[2026-06-05T21:24:03Z] Restarted 1 loops
[2026-06-05T21:24:28Z] Max restarts reached for: node.*buy30727-lane-supervisor\.mjs — giving up this cycle
[2026-06-05T21:24:28Z] Max restarts reached for: node.*buy30727-lane-supervisor\.mjs — giving up this cycle
[2026-06-05T21:24:58Z] Max restarts reached for: node.*buy30727-lane-supervisor\.mjs — giving up this cycle
[2026-06-05T21:24:58Z] Max restarts reached for: node.*buy30727-lane-supervisor\.mjs — giving up this cycle
[2026-06-05T21:25:28Z] Max restarts reached for: node.*buy30727-lane-supervisor\.mjs — giving up this cycle
[2026-06-05T21:25:28Z] Max restarts reached for: node.*buy30727-lane-supervisor\.mjs — giving up this cycle
[2026-06-05T21:25:58Z] Max restarts reached for: node.*buy30727-lane-supervisor\.mjs — giving up this cycle
[2026-06-05T21:25:58Z] Max restarts reached for: node.*buy30727-lane-supervisor\.mjs — giving up this cycle
[2026-06-05T21:26:01Z] === Restarting dead loops ===
[2026-06-05T21:26:01Z] Skipped: buy30727-lane-supervisor (stop marker present)
[2026-06-05T21:26:03Z] Restarted 1 loops
[2026-06-05T21:26:28Z] Max restarts reached for: node.*buy30727-lane-supervisor\.mjs — giving up this cycle
[2026-06-05T21:26:28Z] Max restarts reached for: node.*buy30727-lane-supervisor\.mjs — giving up this cycle
[2026-06-05T21:26:58Z] Max restarts reached for: node.*buy30727-lane-supervisor\.mjs — giving up this cycle
[2026-06-05T21:26:58Z] Max restarts reached for: node.*buy30727-lane-supervisor\.mjs — giving up this cycle
[2026-06-05T21:27:28Z] Max restarts reached for: node.*buy30727-lane-supervisor\.mjs — giving up this cycle
[2026-06-05T21:27:28Z] Max restarts reached for: node.*buy30727-lane-supervisor\.mjs — giving up this cycle
[2026-06-05T21:27:58Z] Max restarts reached for: node.*buy30727-lane-supervisor\.mjs — giving up this cycle
[2026-06-05T21:27:58Z] Max restarts reached for: node.*buy30727-lane-supervisor\.mjs — giving up this cycle
[2026-06-05T21:28:02Z] === Restarting dead loops ===
[2026-06-05T21:28:02Z] Skipped: buy30727-lane-supervisor (stop marker present)
[2026-06-05T21:28:04Z] Restarted 1 loops
[2026-06-05T21:28:28Z] Max restarts reached for: node.*buy30727-lane-supervisor\.mjs — giving up this cycle
[2026-06-05T21:28:28Z] Max restarts reached for: node.*buy30727-lane-supervisor\.mjs — giving up this cycle
[2026-06-05T21:28:58Z] Max restarts reached for: node.*buy30727-lane-supervisor\.mjs — giving up this cycle
[2026-06-05T21:28:58Z] Max restarts reached for: node.*buy30727-lane-supervisor\.mjs — giving up this cycle
[2026-06-05T21:29:28Z] Max restarts reached for: node.*buy30727-lane-supervisor\.mjs — giving up this cycle
[2026-06-05T21:29:28Z] Max restarts reached for: node.*buy30727-lane-supervisor\.mjs — giving up this cycle
[2026-06-05T21:29:58Z] Max restarts reached for: node.*buy30727-lane-supervisor\.mjs — giving up this cycle
[2026-06-05T21:29:58Z] Max restarts reached for: node.*buy30727-lane-supervisor\.mjs — giving up this cycle
[2026-06-05T21:30:01Z] === Restarting dead loops ===
[2026-06-05T21:30:01Z] Skipped: buy30727-lane-supervisor (stop marker present)
[2026-06-05T21:30:03Z] Restarted 1 loops
[2026-06-05T21:30:28Z] Max restarts reached for: node.*buy30727-lane-supervisor\.mjs — giving up this cycle
[2026-06-05T21:30:28Z] Max restarts reached for: node.*buy30727-lane-supervisor\.mjs — giving up this cycle
[2026-06-05T21:30:58Z] Max restarts reached for: node.*buy30727-lane-supervisor\.mjs — giving up this cycle
[2026-06-05T21:30:58Z] Max restarts reached for: node.*buy30727-lane-supervisor\.mjs — giving up this cycle
[2026-06-05T21:31:28Z] Max restarts reached for: node.*buy30727-lane-supervisor\.mjs — giving up this cycle
[2026-06-05T21:31:28Z] Max restarts reached for: node.*buy30727-lane-supervisor\.mjs — giving up this cycle
[2026-06-05T21:31:59Z] Max restarts reached for: node.*buy30727-lane-supervisor\.mjs — giving up this cycle
[2026-06-05T21:31:59Z] Max restarts reached for: node.*buy30727-lane-supervisor\.mjs — giving up this cycle
[2026-06-05T21:32:01Z] === Restarting dead loops ===
[2026-06-05T21:32:01Z] Skipped: buy30727-lane-supervisor (stop marker present)
[2026-06-05T21:32:03Z] Restarted 1 loops
[2026-06-05T21:32:29Z] Max restarts reached for: node.*buy30727-lane-supervisor\.mjs — giving up this cycle
[2026-06-05T21:32:29Z] Max restarts reached for: node.*buy30727-lane-supervisor\.mjs — giving up this cycle
[2026-06-05T21:32:59Z] Max restarts reached for: node.*buy30727-lane-supervisor\.mjs — giving up this cycle
[2026-06-05T21:32:59Z] Max restarts reached for: node.*buy30727-lane-supervisor\.mjs — giving up this cycle
[2026-06-05T21:33:29Z] Max restarts reached for: node.*buy30727-lane-supervisor\.mjs — giving up this cycle
[2026-06-05T21:33:29Z] Max restarts reached for: node.*buy30727-lane-supervisor\.mjs — giving up this cycle
[2026-06-05T21:33:59Z] Max restarts reached for: node.*buy30727-lane-supervisor\.mjs — giving up this cycle
[2026-06-05T21:33:59Z] Max restarts reached for: node.*buy30727-lane-supervisor\.mjs — giving up this cycle
[2026-06-05T21:34:01Z] === Restarting dead loops ===
[2026-06-05T21:34:01Z] Skipped: buy30727-lane-supervisor (stop marker present)
[2026-06-05T21:34:03Z] Restarted 1 loops
[2026-06-05T21:34:29Z] Max restarts reached for: node.*buy30727-lane-supervisor\.mjs — giving up this cycle
[2026-06-05T21:34:29Z] Max restarts reached for: node.*buy30727-lane-supervisor\.mjs — giving up this cycle
[2026-06-05T21:34:59Z] Max restarts reached for: node.*buy30727-lane-supervisor\.mjs — giving up this cycle
[2026-06-05T21:34:59Z] Max restarts reached for: node.*buy30727-lane-supervisor\.mjs — giving up this cycle
[2026-06-05T21:35:29Z] Max restarts reached for: node.*buy30727-lane-supervisor\.mjs — giving up this cycle
[2026-06-05T21:35:29Z] Max restarts reached for: node.*buy30727-lane-supervisor\.mjs — giving up this cycle
[2026-06-05T21:35:59Z] Max restarts reached for: node.*buy30727-lane-supervisor\.mjs — giving up this cycle
[2026-06-05T21:35:59Z] Max restarts reached for: node.*buy30727-lane-supervisor\.mjs — giving up this cycle
[2026-06-05T21:36:01Z] === Restarting dead loops ===
[2026-06-05T21:36:01Z] Skipped: buy30727-lane-supervisor (stop marker present)
[2026-06-05T21:36:03Z] Restarted 1 loops
[2026-06-05T21:36:29Z] Max restarts reached for: node.*buy30727-lane-supervisor\.mjs — giving up this cycle
[2026-06-05T21:36:29Z] Max restarts reached for: node.*buy30727-lane-supervisor\.mjs — giving up this cycle
[2026-06-05T21:36:59Z] Max restarts reached for: node.*buy30727-lane-supervisor\.mjs — giving up this cycle
[2026-06-05T21:36:59Z] Max restarts reached for: node.*buy30727-lane-supervisor\.mjs — giving up this cycle
[2026-06-05T21:37:29Z] Max restarts reached for: node.*buy30727-lane-supervisor\.mjs — giving up this cycle
[2026-06-05T21:37:29Z] Max restarts reached for: node.*buy30727-lane-supervisor\.mjs — giving up this cycle
[2026-06-05T21:37:59Z] Max restarts reached for: node.*buy30727-lane-supervisor\.mjs — giving up this cycle
[2026-06-05T21:37:59Z] Max restarts reached for: node.*buy30727-lane-supervisor\.mjs — giving up this cycle
[2026-06-05T21:38:01Z] === Restarting dead loops ===
[2026-06-05T21:38:01Z] Skipped: buy30727-lane-supervisor (stop marker present)
[2026-06-05T21:38:03Z] Restarted 1 loops
[2026-06-05T21:38:29Z] Max restarts reached for: node.*buy30727-lane-supervisor\.mjs — giving up this cycle
[2026-06-05T21:38:29Z] Max restarts reached for: node.*buy30727-lane-supervisor\.mjs — giving up this cycle
[2026-06-05T21:38:59Z] Max restarts reached for: node.*buy30727-lane-supervisor\.mjs — giving up this cycle
[2026-06-05T21:38:59Z] Max restarts reached for: node.*buy30727-lane-supervisor\.mjs — giving up this cycle
[2026-06-05T21:39:29Z] Max restarts reached for: node.*buy30727-lane-supervisor\.mjs — giving up this cycle
[2026-06-05T21:39:29Z] Max restarts reached for: node.*buy30727-lane-supervisor\.mjs — giving up this cycle
[2026-06-05T21:39:59Z] Max restarts reached for: node.*buy30727-lane-supervisor\.mjs — giving up this cycle
[2026-06-05T21:39:59Z] Max restarts reached for: node.*buy30727-lane-supervisor\.mjs — giving up this cycle
[2026-06-05T21:40:01Z] === Restarting dead loops ===
[2026-06-05T21:40:01Z] Skipped: buy30727-lane-supervisor (stop marker present)
[2026-06-05T21:40:03Z] Restarted 1 loops
[2026-06-05T21:40:29Z] Max restarts reached for: node.*buy30727-lane-supervisor\.mjs — giving up this cycle
[2026-06-05T21:40:29Z] Max restarts reached for: node.*buy30727-lane-supervisor\.mjs — giving up this cycle
[2026-06-05T21:41:00Z] Max restarts reached for: node.*buy30727-lane-supervisor\.mjs — giving up this cycle
[2026-06-05T21:41:00Z] Max restarts reached for: node.*buy30727-lane-supervisor\.mjs — giving up this cycle
[2026-06-05T21:41:30Z] Max restarts reached for: node.*buy30727-lane-supervisor\.mjs — giving up this cycle
[2026-06-05T21:41:30Z] Max restarts reached for: node.*buy30727-lane-supervisor\.mjs — giving up this cycle
[2026-06-05T21:42:00Z] Max restarts reached for: node.*buy30727-lane-supervisor\.mjs — giving up this cycle
[2026-06-05T21:42:00Z] Max restarts reached for: node.*buy30727-lane-supervisor\.mjs — giving up this cycle
[2026-06-05T21:42:01Z] === Restarting dead loops ===
[2026-06-05T21:42:01Z] Skipped: buy30727-lane-supervisor (stop marker present)
[2026-06-05T21:42:03Z] Restarted 1 loops
[2026-06-05T21:42:30Z] Max restarts reached for: node.*buy30727-lane-supervisor\.mjs — giving up this cycle
[2026-06-05T21:42:30Z] Max restarts reached for: node.*buy30727-lane-supervisor\.mjs — giving up this cycle
[2026-06-05T21:43:00Z] Max restarts reached for: node.*buy30727-lane-supervisor\.mjs — giving up this cycle
[2026-06-05T21:43:00Z] Max restarts reached for: node.*buy30727-lane-supervisor\.mjs — giving up this cycle
[2026-06-05T21:43:30Z] Max restarts reached for: node.*buy30727-lane-supervisor\.mjs — giving up this cycle
[2026-06-05T21:43:30Z] Max restarts reached for: node.*buy30727-lane-supervisor\.mjs — giving up this cycle
[2026-06-05T21:44:00Z] Max restarts reached for: node.*buy30727-lane-supervisor\.mjs — giving up this cycle
[2026-06-05T21:44:00Z] Max restarts reached for: node.*buy30727-lane-supervisor\.mjs — giving up this cycle
[2026-06-05T21:44:01Z] === Restarting dead loops ===
[2026-06-05T21:44:01Z] Skipped: buy30727-lane-supervisor (stop marker present)
[2026-06-05T21:44:03Z] Restarted 1 loops
[2026-06-05T21:44:30Z] Max restarts reached for: node.*buy30727-lane-supervisor\.mjs — giving up this cycle
[2026-06-05T21:44:30Z] Max restarts reached for: node.*buy30727-lane-supervisor\.mjs — giving up this cycle
[2026-06-05T21:45:00Z] Max restarts reached for: node.*buy30727-lane-supervisor\.mjs — giving up this cycle
[2026-06-05T21:45:00Z] Max restarts reached for: node.*buy30727-lane-supervisor\.mjs — giving up this cycle
[2026-06-05T21:45:30Z] Max restarts reached for: node.*buy30727-lane-supervisor\.mjs — giving up this cycle
[2026-06-05T21:45:30Z] Max restarts reached for: node.*buy30727-lane-supervisor\.mjs — giving up this cycle
[2026-06-05T21:46:00Z] Max restarts reached for: node.*buy30727-lane-supervisor\.mjs — giving up this cycle
[2026-06-05T21:46:00Z] Max restarts reached for: node.*buy30727-lane-supervisor\.mjs — giving up this cycle
[2026-06-05T21:46:01Z] === Restarting dead loops ===
[2026-06-05T21:46:01Z] Skipped: buy30727-lane-supervisor (stop marker present)
[2026-06-05T21:46:03Z] Restarted 1 loops
[2026-06-05T21:46:30Z] Max restarts reached for: node.*buy30727-lane-supervisor\.mjs — giving up this cycle
[2026-06-05T21:46:30Z] Max restarts reached for: node.*buy30727-lane-supervisor\.mjs — giving up this cycle
[2026-06-05T21:47:00Z] Max restarts reached for: node.*buy30727-lane-supervisor\.mjs — giving up this cycle
[2026-06-05T21:47:00Z] Max restarts reached for: node.*buy30727-lane-supervisor\.mjs — giving up this cycle
[2026-06-05T21:47:30Z] Max restarts reached for: node.*buy30727-lane-supervisor\.mjs — giving up this cycle
[2026-06-05T21:47:30Z] Max restarts reached for: node.*buy30727-lane-supervisor\.mjs — giving up this cycle
[2026-06-05T21:48:01Z] Max restarts reached for: node.*buy30727-lane-supervisor\.mjs — giving up this cycle
[2026-06-05T21:48:01Z] Max restarts reached for: node.*buy30727-lane-supervisor\.mjs — giving up this cycle
[2026-06-05T21:48:01Z] === Restarting dead loops ===
[2026-06-05T21:48:01Z] Skipped: buy30727-lane-supervisor (stop marker present)
[2026-06-05T21:48:03Z] Restarted 1 loops
[2026-06-05T21:48:31Z] Max restarts reached for: node.*buy30727-lane-supervisor\.mjs — giving up this cycle
[2026-06-05T21:48:31Z] Max restarts reached for: node.*buy30727-lane-supervisor\.mjs — giving up this cycle
[2026-06-05T21:49:01Z] Max restarts reached for: node.*buy30727-lane-supervisor\.mjs — giving up this cycle
[2026-06-05T21:49:01Z] Max restarts reached for: node.*buy30727-lane-supervisor\.mjs — giving up this cycle
[2026-06-05T21:49:31Z] Max restarts reached for: node.*buy30727-lane-supervisor\.mjs — giving up this cycle
[2026-06-05T21:49:31Z] Max restarts reached for: node.*buy30727-lane-supervisor\.mjs — giving up this cycle
[2026-06-05T21:50:01Z] Max restarts reached for: node.*buy30727-lane-supervisor\.mjs — giving up this cycle
[2026-06-05T21:50:01Z] Max restarts reached for: node.*buy30727-lane-supervisor\.mjs — giving up this cycle
[2026-06-05T21:50:02Z] === Restarting dead loops ===
[2026-06-05T21:50:02Z] Skipped: buy30727-lane-supervisor (stop marker present)
[2026-06-05T21:50:04Z] Restarted 1 loops
[2026-06-05T21:50:31Z] Max restarts reached for: node.*buy30727-lane-supervisor\.mjs — giving up this cycle
[2026-06-05T21:50:31Z] Max restarts reached for: node.*buy30727-lane-supervisor\.mjs — giving up this cycle
[2026-06-05T21:51:01Z] Max restarts reached for: node.*buy30727-lane-supervisor\.mjs — giving up this cycle
[2026-06-05T21:51:01Z] Max restarts reached for: node.*buy30727-lane-supervisor\.mjs — giving up this cycle
[2026-06-05T21:51:31Z] Max restarts reached for: node.*buy30727-lane-supervisor\.mjs — giving up this cycle
[2026-06-05T21:51:31Z] Max restarts reached for: node.*buy30727-lane-supervisor\.mjs — giving up this cycle
[2026-06-05T21:52:01Z] === Restarting dead loops ===
[2026-06-05T21:52:01Z] Skipped: buy30727-lane-supervisor (stop marker present)
[2026-06-05T21:52:01Z] Max restarts reached for: node.*buy30727-lane-supervisor\.mjs — giving up this cycle
[2026-06-05T21:52:01Z] Max restarts reached for: node.*buy30727-lane-supervisor\.mjs — giving up this cycle
[2026-06-05T21:52:03Z] Restarted 1 loops
[2026-06-05T21:52:31Z] Max restarts reached for: node.*buy30727-lane-supervisor\.mjs — giving up this cycle
[2026-06-05T21:52:31Z] Max restarts reached for: node.*buy30727-lane-supervisor\.mjs — giving up this cycle
[2026-06-05T21:53:01Z] Max restarts reached for: node.*buy30727-lane-supervisor\.mjs — giving up this cycle
[2026-06-05T21:53:01Z] Max restarts reached for: node.*buy30727-lane-supervisor\.mjs — giving up this cycle
[2026-06-05T21:53:31Z] Max restarts reached for: node.*buy30727-lane-supervisor\.mjs — giving up this cycle
[2026-06-05T21:53:31Z] Max restarts reached for: node.*buy30727-lane-supervisor\.mjs — giving up this cycle
[2026-06-05T21:54:01Z] Max restarts reached for: node.*buy30727-lane-supervisor\.mjs — giving up this cycle
[2026-06-05T21:54:01Z] Max restarts reached for: node.*buy30727-lane-supervisor\.mjs — giving up this cycle
[2026-06-05T21:54:01Z] === Restarting dead loops ===
[2026-06-05T21:54:01Z] Skipped: buy30727-lane-supervisor (stop marker present)
[2026-06-05T21:54:03Z] Restarted 1 loops
[2026-06-05T21:54:31Z] Max restarts reached for: node.*buy30727-lane-supervisor\.mjs — giving up this cycle
[2026-06-05T21:54:31Z] Max restarts reached for: node.*buy30727-lane-supervisor\.mjs — giving up this cycle
[2026-06-05T21:55:01Z] Max restarts reached for: node.*buy30727-lane-supervisor\.mjs — giving up this cycle
[2026-06-05T21:55:01Z] Max restarts reached for: node.*buy30727-lane-supervisor\.mjs — giving up this cycle
[2026-06-05T21:55:31Z] Max restarts reached for: node.*buy30727-lane-supervisor\.mjs — giving up this cycle
[2026-06-05T21:55:31Z] Max restarts reached for: node.*buy30727-lane-supervisor\.mjs — giving up this cycle
[2026-06-05T21:56:01Z] Max restarts reached for: node.*buy30727-lane-supervisor\.mjs — giving up this cycle
[2026-06-05T21:56:01Z] Max restarts reached for: node.*buy30727-lane-supervisor\.mjs — giving up this cycle
[2026-06-05T21:56:01Z] === Restarting dead loops ===
[2026-06-05T21:56:02Z] Skipped: buy30727-lane-supervisor (stop marker present)
[2026-06-05T21:56:04Z] Restarted 1 loops
[2026-06-05T21:56:31Z] Max restarts reached for: node.*buy30727-lane-supervisor\.mjs — giving up this cycle
[2026-06-05T21:56:31Z] Max restarts reached for: node.*buy30727-lane-supervisor\.mjs — giving up this cycle
[2026-06-05T21:57:01Z] Max restarts reached for: node.*buy30727-lane-supervisor\.mjs — giving up this cycle
[2026-06-05T21:57:01Z] Max restarts reached for: node.*buy30727-lane-supervisor\.mjs — giving up this cycle
[2026-06-05T21:57:32Z] Max restarts reached for: node.*buy30727-lane-supervisor\.mjs — giving up this cycle
[2026-06-05T21:57:32Z] Max restarts reached for: node.*buy30727-lane-supervisor\.mjs — giving up this cycle
[2026-06-05T21:58:01Z] === Restarting dead loops ===
[2026-06-05T21:58:01Z] Skipped: buy30727-lane-supervisor (stop marker present)
[2026-06-05T21:58:02Z] Max restarts reached for: node.*buy30727-lane-supervisor\.mjs — giving up this cycle
[2026-06-05T21:58:02Z] Max restarts reached for: node.*buy30727-lane-supervisor\.mjs — giving up this cycle
[2026-06-05T21:58:03Z] Restarted 1 loops
[2026-06-05T21:58:32Z] Max restarts reached for: node.*buy30727-lane-supervisor\.mjs — giving up this cycle
[2026-06-05T21:58:32Z] Max restarts reached for: node.*buy30727-lane-supervisor\.mjs — giving up this cycle
[2026-06-05T21:59:02Z] Max restarts reached for: node.*buy30727-lane-supervisor\.mjs — giving up this cycle
[2026-06-05T21:59:02Z] Max restarts reached for: node.*buy30727-lane-supervisor\.mjs — giving up this cycle
[2026-06-05T21:59:32Z] Max restarts reached for: node.*buy30727-lane-supervisor\.mjs — giving up this cycle
[2026-06-05T21:59:32Z] Max restarts reached for: node.*buy30727-lane-supervisor\.mjs — giving up this cycle
[2026-06-05T22:00:01Z] === Restarting dead loops ===
[2026-06-05T22:00:01Z] Skipped: buy30727-lane-supervisor (stop marker present)
[2026-06-05T22:00:02Z] Max restarts reached for: node.*buy30727-lane-supervisor\.mjs — giving up this cycle
[2026-06-05T22:00:02Z] Max restarts reached for: node.*buy30727-lane-supervisor\.mjs — giving up this cycle
[2026-06-05T22:00:03Z] Restarted 1 loops
[2026-06-05T22:00:32Z] Max restarts reached for: node.*buy30727-lane-supervisor\.mjs — giving up this cycle
[2026-06-05T22:00:32Z] Max restarts reached for: node.*buy30727-lane-supervisor\.mjs — giving up this cycle
[2026-06-05T22:01:02Z] Max restarts reached for: node.*buy30727-lane-supervisor\.mjs — giving up this cycle
[2026-06-05T22:01:02Z] Max restarts reached for: node.*buy30727-lane-supervisor\.mjs — giving up this cycle
[2026-06-05T22:01:32Z] Max restarts reached for: node.*buy30727-lane-supervisor\.mjs — giving up this cycle
[2026-06-05T22:01:32Z] Max restarts reached for: node.*buy30727-lane-supervisor\.mjs — giving up this cycle
[2026-06-05T22:02:02Z] === Restarting dead loops ===
[2026-06-05T22:02:02Z] Skipped: buy30727-lane-supervisor (stop marker present)
[2026-06-05T22:02:02Z] Max restarts reached for: node.*buy30727-lane-supervisor\.mjs — giving up this cycle
[2026-06-05T22:02:02Z] Max restarts reached for: node.*buy30727-lane-supervisor\.mjs — giving up this cycle
[2026-06-05T22:02:04Z] Restarted 1 loops
[2026-06-05T22:02:32Z] Max restarts reached for: node.*buy30727-lane-supervisor\.mjs — giving up this cycle
[2026-06-05T22:02:32Z] Max restarts reached for: node.*buy30727-lane-supervisor\.mjs — giving up this cycle
[2026-06-05T22:03:02Z] Max restarts reached for: node.*buy30727-lane-supervisor\.mjs — giving up this cycle
[2026-06-05T22:03:02Z] Max restarts reached for: node.*buy30727-lane-supervisor\.mjs — giving up this cycle
[2026-06-05T22:03:32Z] Max restarts reached for: node.*buy30727-lane-supervisor\.mjs — giving up this cycle
[2026-06-05T22:03:32Z] Max restarts reached for: node.*buy30727-lane-supervisor\.mjs — giving up this cycle
[2026-06-05T22:04:01Z] === Restarting dead loops ===
[2026-06-05T22:04:01Z] Skipped: buy30727-lane-supervisor (stop marker present)
[2026-06-05T22:04:02Z] Max restarts reached for: node.*buy30727-lane-supervisor\.mjs — giving up this cycle
[2026-06-05T22:04:02Z] Max restarts reached for: node.*buy30727-lane-supervisor\.mjs — giving up this cycle
[2026-06-05T22:04:03Z] Restarted 1 loops
[2026-06-05T22:04:32Z] Max restarts reached for: node.*buy30727-lane-supervisor\.mjs — giving up this cycle
[2026-06-05T22:04:32Z] Max restarts reached for: node.*buy30727-lane-supervisor\.mjs — giving up this cycle
[2026-06-05T22:05:03Z] Max restarts reached for: node.*buy30727-lane-supervisor\.mjs — giving up this cycle
[2026-06-05T22:05:03Z] Max restarts reached for: node.*buy30727-lane-supervisor\.mjs — giving up this cycle
[2026-06-05T22:05:33Z] Max restarts reached for: node.*buy30727-lane-supervisor\.mjs — giving up this cycle
[2026-06-05T22:05:33Z] Max restarts reached for: node.*buy30727-lane-supervisor\.mjs — giving up this cycle
[2026-06-05T22:06:01Z] === Restarting dead loops ===
[2026-06-05T22:06:01Z] Skipped: buy30727-lane-supervisor (stop marker present)
[2026-06-05T22:06:03Z] Max restarts reached for: node.*buy30727-lane-supervisor\.mjs — giving up this cycle
[2026-06-05T22:06:03Z] Max restarts reached for: node.*buy30727-lane-supervisor\.mjs — giving up this cycle
[2026-06-05T22:06:03Z] Restarted 1 loops
[2026-06-05T22:06:33Z] Max restarts reached for: node.*buy30727-lane-supervisor\.mjs — giving up this cycle
[2026-06-05T22:06:33Z] Max restarts reached for: node.*buy30727-lane-supervisor\.mjs — giving up this cycle
[2026-06-05T22:07:03Z] Max restarts reached for: node.*buy30727-lane-supervisor\.mjs — giving up this cycle
[2026-06-05T22:07:03Z] Max restarts reached for: node.*buy30727-lane-supervisor\.mjs — giving up this cycle
[2026-06-05T22:07:33Z] Max restarts reached for: node.*buy30727-lane-supervisor\.mjs — giving up this cycle
[2026-06-05T22:07:33Z] Max restarts reached for: node.*buy30727-lane-supervisor\.mjs — giving up this cycle
[2026-06-05T22:08:01Z] === Restarting dead loops ===
[2026-06-05T22:08:01Z] Skipped: buy30727-lane-supervisor (stop marker present)
[2026-06-05T22:08:03Z] Restarted 1 loops
[2026-06-05T22:08:03Z] Max restarts reached for: node.*buy30727-lane-supervisor\.mjs — giving up this cycle
[2026-06-05T22:08:03Z] Max restarts reached for: node.*buy30727-lane-supervisor\.mjs — giving up this cycle
[2026-06-05T22:08:33Z] Max restarts reached for: node.*buy30727-lane-supervisor\.mjs — giving up this cycle
[2026-06-05T22:08:33Z] Max restarts reached for: node.*buy30727-lane-supervisor\.mjs — giving up this cycle
[2026-06-05T22:09:03Z] Max restarts reached for: node.*buy30727-lane-supervisor\.mjs — giving up this cycle
[2026-06-05T22:09:03Z] Max restarts reached for: node.*buy30727-lane-supervisor\.mjs — giving up this cycle
[2026-06-05T22:09:33Z] Max restarts reached for: node.*buy30727-lane-supervisor\.mjs — giving up this cycle
[2026-06-05T22:09:33Z] Max restarts reached for: node.*buy30727-lane-supervisor\.mjs — giving up this cycle
[2026-06-05T22:10:01Z] === Restarting dead loops ===
[2026-06-05T22:10:01Z] Skipped: buy30727-lane-supervisor (stop marker present)
[2026-06-05T22:10:03Z] Max restarts reached for: node.*buy30727-lane-supervisor\.mjs — giving up this cycle
[2026-06-05T22:10:03Z] Max restarts reached for: node.*buy30727-lane-supervisor\.mjs — giving up this cycle
[2026-06-05T22:10:03Z] Restarted 1 loops
[2026-06-05T22:10:33Z] Max restarts reached for: node.*buy30727-lane-supervisor\.mjs — giving up this cycle
[2026-06-05T22:10:33Z] Max restarts reached for: node.*buy30727-lane-supervisor\.mjs — giving up this cycle
[2026-06-05T22:11:03Z] Max restarts reached for: node.*buy30727-lane-supervisor\.mjs — giving up this cycle
[2026-06-05T22:11:03Z] Max restarts reached for: node.*buy30727-lane-supervisor\.mjs — giving up this cycle
[2026-06-05T22:11:33Z] Max restarts reached for: node.*buy30727-lane-supervisor\.mjs — giving up this cycle
[2026-06-05T22:11:33Z] Max restarts reached for: node.*buy30727-lane-supervisor\.mjs — giving up this cycle
[2026-06-05T22:12:01Z] === Restarting dead loops ===
[2026-06-05T22:12:01Z] Skipped: buy30727-lane-supervisor (stop marker present)
[2026-06-05T22:12:03Z] Max restarts reached for: node.*buy30727-lane-supervisor\.mjs — giving up this cycle
[2026-06-05T22:12:03Z] Max restarts reached for: node.*buy30727-lane-supervisor\.mjs — giving up this cycle
[2026-06-05T22:12:03Z] Restarted 1 loops
[2026-06-05T22:12:33Z] Max restarts reached for: node.*buy30727-lane-supervisor\.mjs — giving up this cycle
[2026-06-05T22:12:33Z] Max restarts reached for: node.*buy30727-lane-supervisor\.mjs — giving up this cycle
[2026-06-05T22:13:03Z] Max restarts reached for: node.*buy30727-lane-supervisor\.mjs — giving up this cycle
[2026-06-05T22:13:03Z] Max restarts reached for: node.*buy30727-lane-supervisor\.mjs — giving up this cycle
[2026-06-05T22:13:33Z] Max restarts reached for: node.*buy30727-lane-supervisor\.mjs — giving up this cycle
[2026-06-05T22:13:33Z] Max restarts reached for: node.*buy30727-lane-supervisor\.mjs — giving up this cycle
[2026-06-05T22:14:01Z] === Restarting dead loops ===
[2026-06-05T22:14:01Z] Skipped: buy30727-lane-supervisor (stop marker present)
[2026-06-05T22:14:03Z] Restarted 1 loops
[2026-06-05T22:14:04Z] Max restarts reached for: node.*buy30727-lane-supervisor\.mjs — giving up this cycle
[2026-06-05T22:14:04Z] Max restarts reached for: node.*buy30727-lane-supervisor\.mjs — giving up this cycle
[2026-06-05T22:14:34Z] Max restarts reached for: node.*buy30727-lane-supervisor\.mjs — giving up this cycle
[2026-06-05T22:14:34Z] Max restarts reached for: node.*buy30727-lane-supervisor\.mjs — giving up this cycle
[2026-06-05T22:15:04Z] Max restarts reached for: node.*buy30727-lane-supervisor\.mjs — giving up this cycle
[2026-06-05T22:15:04Z] Max restarts reached for: node.*buy30727-lane-supervisor\.mjs — giving up this cycle
[2026-06-05T22:15:34Z] Max restarts reached for: node.*buy30727-lane-supervisor\.mjs — giving up this cycle
[2026-06-05T22:15:34Z] Max restarts reached for: node.*buy30727-lane-supervisor\.mjs — giving up this cycle
[2026-06-05T22:16:01Z] === Restarting dead loops ===
[2026-06-05T22:16:01Z] Skipped: buy30727-lane-supervisor (stop marker present)
[2026-06-05T22:16:03Z] Restarted 1 loops
[2026-06-05T22:16:04Z] Max restarts reached for: node.*buy30727-lane-supervisor\.mjs — giving up this cycle
[2026-06-05T22:16:04Z] Max restarts reached for: node.*buy30727-lane-supervisor\.mjs — giving up this cycle
[2026-06-05T22:16:34Z] Max restarts reached for: node.*buy30727-lane-supervisor\.mjs — giving up this cycle
[2026-06-05T22:16:34Z] Max restarts reached for: node.*buy30727-lane-supervisor\.mjs — giving up this cycle
[2026-06-05T22:17:04Z] Max restarts reached for: node.*buy30727-lane-supervisor\.mjs — giving up this cycle
[2026-06-05T22:17:04Z] Max restarts reached for: node.*buy30727-lane-supervisor\.mjs — giving up this cycle
[2026-06-05T22:17:34Z] Max restarts reached for: node.*buy30727-lane-supervisor\.mjs — giving up this cycle
[2026-06-05T22:17:34Z] Max restarts reached for: node.*buy30727-lane-supervisor\.mjs — giving up this cycle
[2026-06-05T22:18:01Z] === Restarting dead loops ===
[2026-06-05T22:18:01Z] Skipped: buy30727-lane-supervisor (stop marker present)
[2026-06-05T22:18:03Z] Restarted 1 loops
[2026-06-05T22:18:04Z] Max restarts reached for: node.*buy30727-lane-supervisor\.mjs — giving up this cycle
[2026-06-05T22:18:04Z] Max restarts reached for: node.*buy30727-lane-supervisor\.mjs — giving up this cycle
[2026-06-05T22:18:34Z] Max restarts reached for: node.*buy30727-lane-supervisor\.mjs — giving up this cycle
[2026-06-05T22:18:34Z] Max restarts reached for: node.*buy30727-lane-supervisor\.mjs — giving up this cycle
[2026-06-05T22:19:04Z] Max restarts reached for: node.*buy30727-lane-supervisor\.mjs — giving up this cycle
[2026-06-05T22:19:04Z] Max restarts reached for: node.*buy30727-lane-supervisor\.mjs — giving up this cycle
[2026-06-05T22:19:34Z] Max restarts reached for: node.*buy30727-lane-supervisor\.mjs — giving up this cycle
[2026-06-05T22:19:34Z] Max restarts reached for: node.*buy30727-lane-supervisor\.mjs — giving up this cycle
[2026-06-05T22:20:01Z] === Restarting dead loops ===
[2026-06-05T22:20:01Z] Skipped: buy30727-lane-supervisor (stop marker present)
[2026-06-05T22:20:03Z] Restarted 1 loops
[2026-06-05T22:20:04Z] Max restarts reached for: node.*buy30727-lane-supervisor\.mjs — giving up this cycle
[2026-06-05T22:20:04Z] Max restarts reached for: node.*buy30727-lane-supervisor\.mjs — giving up this cycle
[2026-06-05T22:20:34Z] Max restarts reached for: node.*buy30727-lane-supervisor\.mjs — giving up this cycle
[2026-06-05T22:20:34Z] Max restarts reached for: node.*buy30727-lane-supervisor\.mjs — giving up this cycle
[2026-06-05T22:21:04Z] Max restarts reached for: node.*buy30727-lane-supervisor\.mjs — giving up this cycle
[2026-06-05T22:21:04Z] Max restarts reached for: node.*buy30727-lane-supervisor\.mjs — giving up this cycle
[2026-06-05T22:21:34Z] Max restarts reached for: node.*buy30727-lane-supervisor\.mjs — giving up this cycle
[2026-06-05T22:21:34Z] Max restarts reached for: node.*buy30727-lane-supervisor\.mjs — giving up this cycle
[2026-06-05T22:22:01Z] === Restarting dead loops ===
[2026-06-05T22:22:01Z] Skipped: buy30727-lane-supervisor (stop marker present)
[2026-06-05T22:22:03Z] Restarted 1 loops
[2026-06-05T22:22:04Z] Max restarts reached for: node.*buy30727-lane-supervisor\.mjs — giving up this cycle
[2026-06-05T22:22:04Z] Max restarts reached for: node.*buy30727-lane-supervisor\.mjs — giving up this cycle
[2026-06-05T22:22:35Z] Max restarts reached for: node.*buy30727-lane-supervisor\.mjs — giving up this cycle
[2026-06-05T22:22:35Z] Max restarts reached for: node.*buy30727-lane-supervisor\.mjs — giving up this cycle
[2026-06-05T22:23:05Z] Max restarts reached for: node.*buy30727-lane-supervisor\.mjs — giving up this cycle
[2026-06-05T22:23:05Z] Max restarts reached for: node.*buy30727-lane-supervisor\.mjs — giving up this cycle
[2026-06-05T22:23:35Z] Max restarts reached for: node.*buy30727-lane-supervisor\.mjs — giving up this cycle
[2026-06-05T22:23:35Z] Max restarts reached for: node.*buy30727-lane-supervisor\.mjs — giving up this cycle
[2026-06-05T22:24:01Z] === Restarting dead loops ===
[2026-06-05T22:24:01Z] Skipped: buy30727-lane-supervisor (stop marker present)
[2026-06-05T22:24:03Z] Restarted 1 loops
[2026-06-05T22:24:05Z] Max restarts reached for: node.*buy30727-lane-supervisor\.mjs — giving up this cycle
[2026-06-05T22:24:05Z] Max restarts reached for: node.*buy30727-lane-supervisor\.mjs — giving up this cycle
[2026-06-05T22:24:35Z] Max restarts reached for: node.*buy30727-lane-supervisor\.mjs — giving up this cycle
[2026-06-05T22:24:35Z] Max restarts reached for: node.*buy30727-lane-supervisor\.mjs — giving up this cycle
[2026-06-05T22:25:05Z] Max restarts reached for: node.*buy30727-lane-supervisor\.mjs — giving up this cycle
[2026-06-05T22:25:05Z] Max restarts reached for: node.*buy30727-lane-supervisor\.mjs — giving up this cycle
[2026-06-05T22:25:35Z] Max restarts reached for: node.*buy30727-lane-supervisor\.mjs — giving up this cycle
[2026-06-05T22:25:35Z] Max restarts reached for: node.*buy30727-lane-supervisor\.mjs — giving up this cycle
[2026-06-05T22:26:01Z] === Restarting dead loops ===
[2026-06-05T22:26:01Z] Skipped: buy30727-lane-supervisor (stop marker present)
[2026-06-05T22:26:03Z] Restarted 1 loops
[2026-06-05T22:26:05Z] Max restarts reached for: node.*buy30727-lane-supervisor\.mjs — giving up this cycle
[2026-06-05T22:26:05Z] Max restarts reached for: node.*buy30727-lane-supervisor\.mjs — giving up this cycle
[2026-06-05T22:26:35Z] Max restarts reached for: node.*buy30727-lane-supervisor\.mjs — giving up this cycle
[2026-06-05T22:26:35Z] Max restarts reached for: node.*buy30727-lane-supervisor\.mjs — giving up this cycle
[2026-06-05T22:27:05Z] Max restarts reached for: node.*buy30727-lane-supervisor\.mjs — giving up this cycle
[2026-06-05T22:27:05Z] Max restarts reached for: node.*buy30727-lane-supervisor\.mjs — giving up this cycle
[2026-06-05T22:27:35Z] Max restarts reached for: node.*buy30727-lane-supervisor\.mjs — giving up this cycle
[2026-06-05T22:27:35Z] Max restarts reached for: node.*buy30727-lane-supervisor\.mjs — giving up this cycle
[2026-06-05T22:28:01Z] === Restarting dead loops ===
[2026-06-05T22:28:01Z] Skipped: buy30727-lane-supervisor (stop marker present)
[2026-06-05T22:28:03Z] Restarted 1 loops
[2026-06-05T22:28:05Z] Max restarts reached for: node.*buy30727-lane-supervisor\.mjs — giving up this cycle
[2026-06-05T22:28:05Z] Max restarts reached for: node.*buy30727-lane-supervisor\.mjs — giving up this cycle
[2026-06-05T22:28:35Z] Max restarts reached for: node.*buy30727-lane-supervisor\.mjs — giving up this cycle
[2026-06-05T22:28:35Z] Max restarts reached for: node.*buy30727-lane-supervisor\.mjs — giving up this cycle
[2026-06-05T22:29:05Z] Max restarts reached for: node.*buy30727-lane-supervisor\.mjs — giving up this cycle
[2026-06-05T22:29:05Z] Max restarts reached for: node.*buy30727-lane-supervisor\.mjs — giving up this cycle
[2026-06-05T22:29:35Z] Max restarts reached for: node.*buy30727-lane-supervisor\.mjs — giving up this cycle
[2026-06-05T22:29:35Z] Max restarts reached for: node.*buy30727-lane-supervisor\.mjs — giving up this cycle
[2026-06-05T22:30:01Z] === Restarting dead loops ===
[2026-06-05T22:30:01Z] Skipped: buy30727-lane-supervisor (stop marker present)
[2026-06-05T22:30:03Z] Restarted 1 loops
[2026-06-05T22:30:05Z] Max restarts reached for: node.*buy30727-lane-supervisor\.mjs — giving up this cycle
[2026-06-05T22:30:05Z] Max restarts reached for: node.*buy30727-lane-supervisor\.mjs — giving up this cycle
[2026-06-05T22:30:35Z] Max restarts reached for: node.*buy30727-lane-supervisor\.mjs — giving up this cycle
[2026-06-05T22:30:35Z] Max restarts reached for: node.*buy30727-lane-supervisor\.mjs — giving up this cycle
[2026-06-05T22:31:06Z] Max restarts reached for: node.*buy30727-lane-supervisor\.mjs — giving up this cycle
[2026-06-05T22:31:06Z] Max restarts reached for: node.*buy30727-lane-supervisor\.mjs — giving up this cycle
[2026-06-05T22:31:36Z] Max restarts reached for: node.*buy30727-lane-supervisor\.mjs — giving up this cycle
[2026-06-05T22:31:36Z] Max restarts reached for: node.*buy30727-lane-supervisor\.mjs — giving up this cycle
[2026-06-05T22:32:01Z] === Restarting dead loops ===
[2026-06-05T22:32:01Z] Skipped: buy30727-lane-supervisor (stop marker present)
[2026-06-05T22:32:03Z] Restarted 1 loops
[2026-06-05T22:32:06Z] Max restarts reached for: node.*buy30727-lane-supervisor\.mjs — giving up this cycle
[2026-06-05T22:32:06Z] Max restarts reached for: node.*buy30727-lane-supervisor\.mjs — giving up this cycle
[2026-06-05T22:32:36Z] Max restarts reached for: node.*buy30727-lane-supervisor\.mjs — giving up this cycle
[2026-06-05T22:32:36Z] Max restarts reached for: node.*buy30727-lane-supervisor\.mjs — giving up this cycle
[2026-06-05T22:33:06Z] Max restarts reached for: node.*buy30727-lane-supervisor\.mjs — giving up this cycle
[2026-06-05T22:33:06Z] Max restarts reached for: node.*buy30727-lane-supervisor\.mjs — giving up this cycle
[2026-06-05T22:33:36Z] Max restarts reached for: node.*buy30727-lane-supervisor\.mjs — giving up this cycle
[2026-06-05T22:33:36Z] Max restarts reached for: node.*buy30727-lane-supervisor\.mjs — giving up this cycle
[2026-06-05T22:34:01Z] === Restarting dead loops ===
[2026-06-05T22:34:01Z] Skipped: buy30727-lane-supervisor (stop marker present)
[2026-06-05T22:34:03Z] Restarted 1 loops
[2026-06-05T22:34:06Z] Max restarts reached for: node.*buy30727-lane-supervisor\.mjs — giving up this cycle
[2026-06-05T22:34:06Z] Max restarts reached for: node.*buy30727-lane-supervisor\.mjs — giving up this cycle
[2026-06-05T22:34:36Z] Max restarts reached for: node.*buy30727-lane-supervisor\.mjs — giving up this cycle
[2026-06-05T22:34:36Z] Max restarts reached for: node.*buy30727-lane-supervisor\.mjs — giving up this cycle
[2026-06-05T22:35:06Z] Max restarts reached for: node.*buy30727-lane-supervisor\.mjs — giving up this cycle
[2026-06-05T22:35:06Z] Max restarts reached for: node.*buy30727-lane-supervisor\.mjs — giving up this cycle
[2026-06-05T22:35:36Z] Max restarts reached for: node.*buy30727-lane-supervisor\.mjs — giving up this cycle
[2026-06-05T22:35:36Z] Max restarts reached for: node.*buy30727-lane-supervisor\.mjs — giving up this cycle
[2026-06-05T22:36:01Z] === Restarting dead loops ===
[2026-06-05T22:36:01Z] Skipped: buy30727-lane-supervisor (stop marker present)
[2026-06-05T22:36:03Z] Restarted 1 loops
[2026-06-05T22:36:06Z] Max restarts reached for: node.*buy30727-lane-supervisor\.mjs — giving up this cycle
[2026-06-05T22:36:06Z] Max restarts reached for: node.*buy30727-lane-supervisor\.mjs — giving up this cycle
[2026-06-05T22:36:36Z] Max restarts reached for: node.*buy30727-lane-supervisor\.mjs — giving up this cycle
[2026-06-05T22:36:36Z] Max restarts reached for: node.*buy30727-lane-supervisor\.mjs — giving up this cycle
[2026-06-05T22:37:06Z] Max restarts reached for: node.*buy30727-lane-supervisor\.mjs — giving up this cycle
[2026-06-05T22:37:06Z] Max restarts reached for: node.*buy30727-lane-supervisor\.mjs — giving up this cycle
[2026-06-05T22:37:36Z] Max restarts reached for: node.*buy30727-lane-supervisor\.mjs — giving up this cycle
[2026-06-05T22:37:36Z] Max restarts reached for: node.*buy30727-lane-supervisor\.mjs — giving up this cycle
[2026-06-05T22:38:01Z] === Restarting dead loops ===
[2026-06-05T22:38:01Z] Skipped: buy30727-lane-supervisor (stop marker present)
[2026-06-05T22:38:03Z] Restarted 1 loops
[2026-06-05T22:38:06Z] Max restarts reached for: node.*buy30727-lane-supervisor\.mjs — giving up this cycle
[2026-06-05T22:38:06Z] Max restarts reached for: node.*buy30727-lane-supervisor\.mjs — giving up this cycle
[2026-06-05T22:38:37Z] Max restarts reached for: node.*buy30727-lane-supervisor\.mjs — giving up this cycle
[2026-06-05T22:38:37Z] Max restarts reached for: node.*buy30727-lane-supervisor\.mjs — giving up this cycle
[2026-06-05T22:39:07Z] Max restarts reached for: node.*buy30727-lane-supervisor\.mjs — giving up this cycle
[2026-06-05T22:39:07Z] Max restarts reached for: node.*buy30727-lane-supervisor\.mjs — giving up this cycle
[2026-06-05T22:39:37Z] Max restarts reached for: node.*buy30727-lane-supervisor\.mjs — giving up this cycle
[2026-06-05T22:39:37Z] Max restarts reached for: node.*buy30727-lane-supervisor\.mjs — giving up this cycle
[2026-06-05T22:40:01Z] === Restarting dead loops ===
[2026-06-05T22:40:01Z] Skipped: buy30727-lane-supervisor (stop marker present)
[2026-06-05T22:40:03Z] Restarted 1 loops
[2026-06-05T22:40:07Z] Max restarts reached for: node.*buy30727-lane-supervisor\.mjs — giving up this cycle
[2026-06-05T22:40:07Z] Max restarts reached for: node.*buy30727-lane-supervisor\.mjs — giving up this cycle
[2026-06-05T22:40:37Z] Max restarts reached for: node.*buy30727-lane-supervisor\.mjs — giving up this cycle
[2026-06-05T22:40:37Z] Max restarts reached for: node.*buy30727-lane-supervisor\.mjs — giving up this cycle
[2026-06-05T22:41:07Z] Max restarts reached for: node.*buy30727-lane-supervisor\.mjs — giving up this cycle
[2026-06-05T22:41:07Z] Max restarts reached for: node.*buy30727-lane-supervisor\.mjs — giving up this cycle
[2026-06-05T22:41:37Z] Max restarts reached for: node.*buy30727-lane-supervisor\.mjs — giving up this cycle
[2026-06-05T22:41:37Z] Max restarts reached for: node.*buy30727-lane-supervisor\.mjs — giving up this cycle
[2026-06-05T22:42:01Z] === Restarting dead loops ===
[2026-06-05T22:42:02Z] Skipped: buy30727-lane-supervisor (stop marker present)
[2026-06-05T22:42:04Z] Restarted 1 loops
[2026-06-05T22:42:07Z] Max restarts reached for: node.*buy30727-lane-supervisor\.mjs — giving up this cycle
[2026-06-05T22:42:07Z] Max restarts reached for: node.*buy30727-lane-supervisor\.mjs — giving up this cycle
[2026-06-05T22:42:37Z] Max restarts reached for: node.*buy30727-lane-supervisor\.mjs — giving up this cycle
[2026-06-05T22:42:37Z] Max restarts reached for: node.*buy30727-lane-supervisor\.mjs — giving up this cycle
[2026-06-05T22:43:07Z] Max restarts reached for: node.*buy30727-lane-supervisor\.mjs — giving up this cycle
[2026-06-05T22:43:07Z] Max restarts reached for: node.*buy30727-lane-supervisor\.mjs — giving up this cycle
[2026-06-05T22:43:37Z] Max restarts reached for: node.*buy30727-lane-supervisor\.mjs — giving up this cycle
[2026-06-05T22:43:37Z] Max restarts reached for: node.*buy30727-lane-supervisor\.mjs — giving up this cycle
[2026-06-05T22:44:01Z] === Restarting dead loops ===
[2026-06-05T22:44:01Z] Skipped: buy30727-lane-supervisor (stop marker present)
[2026-06-05T22:44:03Z] Restarted 1 loops
[2026-06-05T22:44:07Z] Max restarts reached for: node.*buy30727-lane-supervisor\.mjs — giving up this cycle
[2026-06-05T22:44:07Z] Max restarts reached for: node.*buy30727-lane-supervisor\.mjs — giving up this cycle
[2026-06-05T22:44:37Z] Max restarts reached for: node.*buy30727-lane-supervisor\.mjs — giving up this cycle
[2026-06-05T22:44:37Z] Max restarts reached for: node.*buy30727-lane-supervisor\.mjs — giving up this cycle
[2026-06-05T22:45:07Z] Max restarts reached for: node.*buy30727-lane-supervisor\.mjs — giving up this cycle
[2026-06-05T22:45:07Z] Max restarts reached for: node.*buy30727-lane-supervisor\.mjs — giving up this cycle
[2026-06-05T22:45:37Z] Max restarts reached for: node.*buy30727-lane-supervisor\.mjs — giving up this cycle
[2026-06-05T22:45:37Z] Max restarts reached for: node.*buy30727-lane-supervisor\.mjs — giving up this cycle
[2026-06-05T22:46:01Z] === Restarting dead loops ===
[2026-06-05T22:46:01Z] Skipped: buy30727-lane-supervisor (stop marker present)
[2026-06-05T22:46:03Z] Restarted 1 loops
[2026-06-05T22:46:07Z] Max restarts reached for: node.*buy30727-lane-supervisor\.mjs — giving up this cycle
[2026-06-05T22:46:07Z] Max restarts reached for: node.*buy30727-lane-supervisor\.mjs — giving up this cycle
[2026-06-05T22:46:37Z] Max restarts reached for: node.*buy30727-lane-supervisor\.mjs — giving up this cycle
[2026-06-05T22:46:37Z] Max restarts reached for: node.*buy30727-lane-supervisor\.mjs — giving up this cycle
[2026-06-05T22:47:07Z] Max restarts reached for: node.*buy30727-lane-supervisor\.mjs — giving up this cycle
[2026-06-05T22:47:07Z] Max restarts reached for: node.*buy30727-lane-supervisor\.mjs — giving up this cycle
[2026-06-05T22:47:37Z] Max restarts reached for: node.*buy30727-lane-supervisor\.mjs — giving up this cycle
[2026-06-05T22:47:37Z] Max restarts reached for: node.*buy30727-lane-supervisor\.mjs — giving up this cycle
[2026-06-05T22:48:02Z] === Restarting dead loops ===
[2026-06-05T22:48:02Z] Skipped: buy30727-lane-supervisor (stop marker present)
[2026-06-05T22:48:04Z] Restarted 1 loops
[2026-06-05T22:48:07Z] Max restarts reached for: node.*buy30727-lane-supervisor\.mjs — giving up this cycle
[2026-06-05T22:48:07Z] Max restarts reached for: node.*buy30727-lane-supervisor\.mjs — giving up this cycle
[2026-06-05T22:48:38Z] Max restarts reached for: node.*buy30727-lane-supervisor\.mjs — giving up this cycle
[2026-06-05T22:48:38Z] Max restarts reached for: node.*buy30727-lane-supervisor\.mjs — giving up this cycle
[2026-06-05T22:49:08Z] Max restarts reached for: node.*buy30727-lane-supervisor\.mjs — giving up this cycle
[2026-06-05T22:49:08Z] Max restarts reached for: node.*buy30727-lane-supervisor\.mjs — giving up this cycle
[2026-06-05T22:49:38Z] Max restarts reached for: node.*buy30727-lane-supervisor\.mjs — giving up this cycle
[2026-06-05T22:49:38Z] Max restarts reached for: node.*buy30727-lane-supervisor\.mjs — giving up this cycle
[2026-06-05T22:50:01Z] === Restarting dead loops ===
[2026-06-05T22:50:01Z] Skipped: buy30727-lane-supervisor (stop marker present)
[2026-06-05T22:50:03Z] Restarted 1 loops
[2026-06-05T22:50:08Z] Max restarts reached for: node.*buy30727-lane-supervisor\.mjs — giving up this cycle
[2026-06-05T22:50:08Z] Max restarts reached for: node.*buy30727-lane-supervisor\.mjs — giving up this cycle
[2026-06-05T22:50:38Z] Max restarts reached for: node.*buy30727-lane-supervisor\.mjs — giving up this cycle
[2026-06-05T22:50:38Z] Max restarts reached for: node.*buy30727-lane-supervisor\.mjs — giving up this cycle
[2026-06-05T22:51:08Z] Max restarts reached for: node.*buy30727-lane-supervisor\.mjs — giving up this cycle
[2026-06-05T22:51:08Z] Max restarts reached for: node.*buy30727-lane-supervisor\.mjs — giving up this cycle
[2026-06-05T22:51:38Z] Max restarts reached for: node.*buy30727-lane-supervisor\.mjs — giving up this cycle
[2026-06-05T22:51:38Z] Max restarts reached for: node.*buy30727-lane-supervisor\.mjs — giving up this cycle
[2026-06-05T22:52:01Z] === Restarting dead loops ===
[2026-06-05T22:52:01Z] Skipped: buy30727-lane-supervisor (stop marker present)
[2026-06-05T22:52:03Z] Restarted 1 loops
[2026-06-05T22:52:08Z] Max restarts reached for: node.*buy30727-lane-supervisor\.mjs — giving up this cycle
[2026-06-05T22:52:08Z] Max restarts reached for: node.*buy30727-lane-supervisor\.mjs — giving up this cycle
[2026-06-05T22:52:38Z] Max restarts reached for: node.*buy30727-lane-supervisor\.mjs — giving up this cycle
[2026-06-05T22:52:38Z] Max restarts reached for: node.*buy30727-lane-supervisor\.mjs — giving up this cycle
[2026-06-05T22:53:08Z] Max restarts reached for: node.*buy30727-lane-supervisor\.mjs — giving up this cycle
[2026-06-05T22:53:08Z] Max restarts reached for: node.*buy30727-lane-supervisor\.mjs — giving up this cycle
[2026-06-05T22:53:38Z] Max restarts reached for: node.*buy30727-lane-supervisor\.mjs — giving up this cycle
[2026-06-05T22:53:38Z] Max restarts reached for: node.*buy30727-lane-supervisor\.mjs — giving up this cycle
[2026-06-05T22:54:01Z] === Restarting dead loops ===
[2026-06-05T22:54:02Z] Skipped: buy30727-lane-supervisor (stop marker present)
[2026-06-05T22:54:04Z] Restarted 1 loops
[2026-06-05T22:54:08Z] Max restarts reached for: node.*buy30727-lane-supervisor\.mjs — giving up this cycle
[2026-06-05T22:54:08Z] Max restarts reached for: node.*buy30727-lane-supervisor\.mjs — giving up this cycle
[2026-06-05T22:54:38Z] Max restarts reached for: node.*buy30727-lane-supervisor\.mjs — giving up this cycle
[2026-06-05T22:54:38Z] Max restarts reached for: node.*buy30727-lane-supervisor\.mjs — giving up this cycle
[2026-06-05T22:55:08Z] Max restarts reached for: node.*buy30727-lane-supervisor\.mjs — giving up this cycle
[2026-06-05T22:55:08Z] Max restarts reached for: node.*buy30727-lane-supervisor\.mjs — giving up this cycle
[2026-06-05T22:55:38Z] Max restarts reached for: node.*buy30727-lane-supervisor\.mjs — giving up this cycle
[2026-06-05T22:55:38Z] Max restarts reached for: node.*buy30727-lane-supervisor\.mjs — giving up this cycle
[2026-06-05T22:56:01Z] === Restarting dead loops ===
[2026-06-05T22:56:01Z] Skipped: buy30727-lane-supervisor (stop marker present)
[2026-06-05T22:56:03Z] Restarted 1 loops
[2026-06-05T22:56:08Z] Max restarts reached for: node.*buy30727-lane-supervisor\.mjs — giving up this cycle
[2026-06-05T22:56:08Z] Max restarts reached for: node.*buy30727-lane-supervisor\.mjs — giving up this cycle
[2026-06-05T22:56:38Z] Max restarts reached for: node.*buy30727-lane-supervisor\.mjs — giving up this cycle
[2026-06-05T22:56:38Z] Max restarts reached for: node.*buy30727-lane-supervisor\.mjs — giving up this cycle
[2026-06-05T22:57:08Z] Max restarts reached for: node.*buy30727-lane-supervisor\.mjs — giving up this cycle
[2026-06-05T22:57:08Z] Max restarts reached for: node.*buy30727-lane-supervisor\.mjs — giving up this cycle
[2026-06-05T22:57:38Z] Max restarts reached for: node.*buy30727-lane-supervisor\.mjs — giving up this cycle
[2026-06-05T22:57:38Z] Max restarts reached for: node.*buy30727-lane-supervisor\.mjs — giving up this cycle
[2026-06-05T22:58:01Z] === Restarting dead loops ===
[2026-06-05T22:58:01Z] Skipped: buy30727-lane-supervisor (stop marker present)
[2026-06-05T22:58:03Z] Restarted 1 loops
[2026-06-05T22:58:08Z] Max restarts reached for: node.*buy30727-lane-supervisor\.mjs — giving up this cycle
[2026-06-05T22:58:08Z] Max restarts reached for: node.*buy30727-lane-supervisor\.mjs — giving up this cycle
[2026-06-05T22:58:39Z] Max restarts reached for: node.*buy30727-lane-supervisor\.mjs — giving up this cycle
[2026-06-05T22:58:39Z] Max restarts reached for: node.*buy30727-lane-supervisor\.mjs — giving up this cycle
[2026-06-05T22:59:09Z] Max restarts reached for: node.*buy30727-lane-supervisor\.mjs — giving up this cycle
[2026-06-05T22:59:09Z] Max restarts reached for: node.*buy30727-lane-supervisor\.mjs — giving up this cycle
[2026-06-05T22:59:39Z] Max restarts reached for: node.*buy30727-lane-supervisor\.mjs — giving up this cycle
[2026-06-05T22:59:39Z] Max restarts reached for: node.*buy30727-lane-supervisor\.mjs — giving up this cycle
[2026-06-05T23:00:01Z] === Restarting dead loops ===
[2026-06-05T23:00:02Z] Skipped: buy30727-lane-supervisor (stop marker present)
[2026-06-05T23:00:04Z] Restarted 1 loops
[2026-06-05T23:00:09Z] Max restarts reached for: node.*buy30727-lane-supervisor\.mjs — giving up this cycle
[2026-06-05T23:00:09Z] Max restarts reached for: node.*buy30727-lane-supervisor\.mjs — giving up this cycle
[2026-06-05T23:00:39Z] Max restarts reached for: node.*buy30727-lane-supervisor\.mjs — giving up this cycle
[2026-06-05T23:00:39Z] Max restarts reached for: node.*buy30727-lane-supervisor\.mjs — giving up this cycle
[2026-06-05T23:01:09Z] Max restarts reached for: node.*buy30727-lane-supervisor\.mjs — giving up this cycle
[2026-06-05T23:01:09Z] Max restarts reached for: node.*buy30727-lane-supervisor\.mjs — giving up this cycle
[2026-06-05T23:01:39Z] Max restarts reached for: node.*buy30727-lane-supervisor\.mjs — giving up this cycle
[2026-06-05T23:01:39Z] Max restarts reached for: node.*buy30727-lane-supervisor\.mjs — giving up this cycle
[2026-06-05T23:02:01Z] === Restarting dead loops ===
[2026-06-05T23:02:01Z] Skipped: buy30727-lane-supervisor (stop marker present)
[2026-06-05T23:02:03Z] Restarted 1 loops
[2026-06-05T23:02:09Z] Max restarts reached for: node.*buy30727-lane-supervisor\.mjs — giving up this cycle
[2026-06-05T23:02:09Z] Max restarts reached for: node.*buy30727-lane-supervisor\.mjs — giving up this cycle
[2026-06-05T23:02:39Z] Max restarts reached for: node.*buy30727-lane-supervisor\.mjs — giving up this cycle
[2026-06-05T23:02:39Z] Max restarts reached for: node.*buy30727-lane-supervisor\.mjs — giving up this cycle
[2026-06-05T23:03:09Z] Max restarts reached for: node.*buy30727-lane-supervisor\.mjs — giving up this cycle
[2026-06-05T23:03:09Z] Max restarts reached for: node.*buy30727-lane-supervisor\.mjs — giving up this cycle
[2026-06-05T23:03:39Z] Max restarts reached for: node.*buy30727-lane-supervisor\.mjs — giving up this cycle
[2026-06-05T23:03:39Z] Max restarts reached for: node.*buy30727-lane-supervisor\.mjs — giving up this cycle
[2026-06-05T23:04:01Z] === Restarting dead loops ===
[2026-06-05T23:04:01Z] Skipped: buy30727-lane-supervisor (stop marker present)
[2026-06-05T23:04:03Z] Restarted 1 loops
[2026-06-05T23:04:09Z] Max restarts reached for: node.*buy30727-lane-supervisor\.mjs — giving up this cycle
[2026-06-05T23:04:09Z] Max restarts reached for: node.*buy30727-lane-supervisor\.mjs — giving up this cycle
[2026-06-05T23:04:39Z] Max restarts reached for: node.*buy30727-lane-supervisor\.mjs — giving up this cycle
[2026-06-05T23:04:39Z] Max restarts reached for: node.*buy30727-lane-supervisor\.mjs — giving up this cycle
[2026-06-05T23:05:09Z] Max restarts reached for: node.*buy30727-lane-supervisor\.mjs — giving up this cycle
[2026-06-05T23:05:09Z] Max restarts reached for: node.*buy30727-lane-supervisor\.mjs — giving up this cycle
[2026-06-05T23:05:39Z] Max restarts reached for: node.*buy30727-lane-supervisor\.mjs — giving up this cycle
[2026-06-05T23:05:39Z] Max restarts reached for: node.*buy30727-lane-supervisor\.mjs — giving up this cycle
[2026-06-05T23:06:01Z] === Restarting dead loops ===
[2026-06-05T23:06:01Z] Skipped: buy30727-lane-supervisor (stop marker present)
[2026-06-05T23:06:03Z] Restarted 1 loops
[2026-06-05T23:06:09Z] Max restarts reached for: node.*buy30727-lane-supervisor\.mjs — giving up this cycle
[2026-06-05T23:06:09Z] Max restarts reached for: node.*buy30727-lane-supervisor\.mjs — giving up this cycle
[2026-06-05T23:06:39Z] Max restarts reached for: node.*buy30727-lane-supervisor\.mjs — giving up this cycle
[2026-06-05T23:06:39Z] Max restarts reached for: node.*buy30727-lane-supervisor\.mjs — giving up this cycle
[2026-06-05T23:07:09Z] Max restarts reached for: node.*buy30727-lane-supervisor\.mjs — giving up this cycle
[2026-06-05T23:07:09Z] Max restarts reached for: node.*buy30727-lane-supervisor\.mjs — giving up this cycle
[2026-06-05T23:07:40Z] Max restarts reached for: node.*buy30727-lane-supervisor\.mjs — giving up this cycle
[2026-06-05T23:07:40Z] Max restarts reached for: node.*buy30727-lane-supervisor\.mjs — giving up this cycle
[2026-06-05T23:08:01Z] === Restarting dead loops ===
[2026-06-05T23:08:01Z] Skipped: buy30727-lane-supervisor (stop marker present)
[2026-06-05T23:08:03Z] Restarted 1 loops
[2026-06-05T23:08:10Z] Max restarts reached for: node.*buy30727-lane-supervisor\.mjs — giving up this cycle
[2026-06-05T23:08:10Z] Max restarts reached for: node.*buy30727-lane-supervisor\.mjs — giving up this cycle
[2026-06-05T23:08:40Z] Max restarts reached for: node.*buy30727-lane-supervisor\.mjs — giving up this cycle
[2026-06-05T23:08:40Z] Max restarts reached for: node.*buy30727-lane-supervisor\.mjs — giving up this cycle
[2026-06-05T23:09:10Z] Max restarts reached for: node.*buy30727-lane-supervisor\.mjs — giving up this cycle
[2026-06-05T23:09:10Z] Max restarts reached for: node.*buy30727-lane-supervisor\.mjs — giving up this cycle
[2026-06-05T23:09:40Z] Max restarts reached for: node.*buy30727-lane-supervisor\.mjs — giving up this cycle
[2026-06-05T23:09:40Z] Max restarts reached for: node.*buy30727-lane-supervisor\.mjs — giving up this cycle
[2026-06-05T23:10:01Z] === Restarting dead loops ===
[2026-06-05T23:10:01Z] Skipped: buy30727-lane-supervisor (stop marker present)
[2026-06-05T23:10:03Z] Restarted 1 loops
[2026-06-05T23:10:10Z] Max restarts reached for: node.*buy30727-lane-supervisor\.mjs — giving up this cycle
[2026-06-05T23:10:10Z] Max restarts reached for: node.*buy30727-lane-supervisor\.mjs — giving up this cycle
[2026-06-05T23:10:40Z] Max restarts reached for: node.*buy30727-lane-supervisor\.mjs — giving up this cycle
[2026-06-05T23:10:40Z] Max restarts reached for: node.*buy30727-lane-supervisor\.mjs — giving up this cycle
[2026-06-05T23:11:10Z] Max restarts reached for: node.*buy30727-lane-supervisor\.mjs — giving up this cycle
[2026-06-05T23:11:10Z] Max restarts reached for: node.*buy30727-lane-supervisor\.mjs — giving up this cycle
[2026-06-05T23:11:40Z] Max restarts reached for: node.*buy30727-lane-supervisor\.mjs — giving up this cycle
[2026-06-05T23:11:40Z] Max restarts reached for: node.*buy30727-lane-supervisor\.mjs — giving up this cycle
[2026-06-05T23:12:01Z] === Restarting dead loops ===
[2026-06-05T23:12:01Z] Skipped: buy30727-lane-supervisor (stop marker present)
[2026-06-05T23:12:03Z] Restarted 1 loops
[2026-06-05T23:12:10Z] Max restarts reached for: node.*buy30727-lane-supervisor\.mjs — giving up this cycle
[2026-06-05T23:12:10Z] Max restarts reached for: node.*buy30727-lane-supervisor\.mjs — giving up this cycle
[2026-06-05T23:12:40Z] Max restarts reached for: node.*buy30727-lane-supervisor\.mjs — giving up this cycle
[2026-06-05T23:12:40Z] Max restarts reached for: node.*buy30727-lane-supervisor\.mjs — giving up this cycle
[2026-06-05T23:13:10Z] Max restarts reached for: node.*buy30727-lane-supervisor\.mjs — giving up this cycle
[2026-06-05T23:13:10Z] Max restarts reached for: node.*buy30727-lane-supervisor\.mjs — giving up this cycle
[2026-06-05T23:13:40Z] Max restarts reached for: node.*buy30727-lane-supervisor\.mjs — giving up this cycle
[2026-06-05T23:13:40Z] Max restarts reached for: node.*buy30727-lane-supervisor\.mjs — giving up this cycle
[2026-06-05T23:14:01Z] === Restarting dead loops ===
[2026-06-05T23:14:01Z] Skipped: buy30727-lane-supervisor (stop marker present)
[2026-06-05T23:14:03Z] Restarted 1 loops
[2026-06-05T23:14:10Z] Max restarts reached for: node.*buy30727-lane-supervisor\.mjs — giving up this cycle
[2026-06-05T23:14:10Z] Max restarts reached for: node.*buy30727-lane-supervisor\.mjs — giving up this cycle
[2026-06-05T23:14:40Z] Max restarts reached for: node.*buy30727-lane-supervisor\.mjs — giving up this cycle
[2026-06-05T23:14:40Z] Max restarts reached for: node.*buy30727-lane-supervisor\.mjs — giving up this cycle
[2026-06-05T23:15:10Z] Max restarts reached for: node.*buy30727-lane-supervisor\.mjs — giving up this cycle
[2026-06-05T23:15:10Z] Max restarts reached for: node.*buy30727-lane-supervisor\.mjs — giving up this cycle
[2026-06-05T23:15:40Z] Max restarts reached for: node.*buy30727-lane-supervisor\.mjs — giving up this cycle
[2026-06-05T23:15:40Z] Max restarts reached for: node.*buy30727-lane-supervisor\.mjs — giving up this cycle
[2026-06-05T23:16:01Z] === Restarting dead loops ===
[2026-06-05T23:16:01Z] Skipped: buy30727-lane-supervisor (stop marker present)
[2026-06-05T23:16:03Z] Restarted 1 loops
[2026-06-05T23:16:10Z] Max restarts reached for: node.*buy30727-lane-supervisor\.mjs — giving up this cycle
[2026-06-05T23:16:10Z] Max restarts reached for: node.*buy30727-lane-supervisor\.mjs — giving up this cycle
[2026-06-05T23:16:40Z] Max restarts reached for: node.*buy30727-lane-supervisor\.mjs — giving up this cycle
[2026-06-05T23:16:40Z] Max restarts reached for: node.*buy30727-lane-supervisor\.mjs — giving up this cycle
[2026-06-05T23:17:11Z] Max restarts reached for: node.*buy30727-lane-supervisor\.mjs — giving up this cycle
[2026-06-05T23:17:11Z] Max restarts reached for: node.*buy30727-lane-supervisor\.mjs — giving up this cycle
[2026-06-05T23:17:41Z] Max restarts reached for: node.*buy30727-lane-supervisor\.mjs — giving up this cycle
[2026-06-05T23:17:41Z] Max restarts reached for: node.*buy30727-lane-supervisor\.mjs — giving up this cycle
[2026-06-05T23:18:01Z] === Restarting dead loops ===
[2026-06-05T23:18:01Z] Skipped: buy30727-lane-supervisor (stop marker present)
[2026-06-05T23:18:03Z] Restarted 1 loops
[2026-06-05T23:18:11Z] Max restarts reached for: node.*buy30727-lane-supervisor\.mjs — giving up this cycle
[2026-06-05T23:18:11Z] Max restarts reached for: node.*buy30727-lane-supervisor\.mjs — giving up this cycle
[2026-06-05T23:18:41Z] Max restarts reached for: node.*buy30727-lane-supervisor\.mjs — giving up this cycle
[2026-06-05T23:18:41Z] Max restarts reached for: node.*buy30727-lane-supervisor\.mjs — giving up this cycle
[2026-06-05T23:19:11Z] Max restarts reached for: node.*buy30727-lane-supervisor\.mjs — giving up this cycle
[2026-06-05T23:19:11Z] Max restarts reached for: node.*buy30727-lane-supervisor\.mjs — giving up this cycle
[2026-06-05T23:19:41Z] Max restarts reached for: node.*buy30727-lane-supervisor\.mjs — giving up this cycle
[2026-06-05T23:19:41Z] Max restarts reached for: node.*buy30727-lane-supervisor\.mjs — giving up this cycle
[2026-06-05T23:20:01Z] === Restarting dead loops ===
[2026-06-05T23:20:01Z] Skipped: buy30727-lane-supervisor (stop marker present)
[2026-06-05T23:20:03Z] Restarted 1 loops
[2026-06-05T23:20:11Z] Max restarts reached for: node.*buy30727-lane-supervisor\.mjs — giving up this cycle
[2026-06-05T23:20:11Z] Max restarts reached for: node.*buy30727-lane-supervisor\.mjs — giving up this cycle
[2026-06-05T23:20:41Z] Max restarts reached for: node.*buy30727-lane-supervisor\.mjs — giving up this cycle
[2026-06-05T23:20:41Z] Max restarts reached for: node.*buy30727-lane-supervisor\.mjs — giving up this cycle
[2026-06-05T23:21:11Z] Max restarts reached for: node.*buy30727-lane-supervisor\.mjs — giving up this cycle
[2026-06-05T23:21:11Z] Max restarts reached for: node.*buy30727-lane-supervisor\.mjs — giving up this cycle
[2026-06-05T23:21:41Z] Max restarts reached for: node.*buy30727-lane-supervisor\.mjs — giving up this cycle
[2026-06-05T23:21:41Z] Max restarts reached for: node.*buy30727-lane-supervisor\.mjs — giving up this cycle
[2026-06-05T23:22:01Z] === Restarting dead loops ===
[2026-06-05T23:22:01Z] Skipped: buy30727-lane-supervisor (stop marker present)
[2026-06-05T23:22:03Z] Restarted 1 loops
[2026-06-05T23:22:11Z] Max restarts reached for: node.*buy30727-lane-supervisor\.mjs — giving up this cycle
[2026-06-05T23:22:11Z] Max restarts reached for: node.*buy30727-lane-supervisor\.mjs — giving up this cycle
[2026-06-05T23:22:41Z] Max restarts reached for: node.*buy30727-lane-supervisor\.mjs — giving up this cycle
[2026-06-05T23:22:41Z] Max restarts reached for: node.*buy30727-lane-supervisor\.mjs — giving up this cycle
[2026-06-05T23:23:11Z] Max restarts reached for: node.*buy30727-lane-supervisor\.mjs — giving up this cycle
[2026-06-05T23:23:11Z] Max restarts reached for: node.*buy30727-lane-supervisor\.mjs — giving up this cycle
[2026-06-05T23:23:41Z] Max restarts reached for: node.*buy30727-lane-supervisor\.mjs — giving up this cycle
[2026-06-05T23:23:41Z] Max restarts reached for: node.*buy30727-lane-supervisor\.mjs — giving up this cycle
[2026-06-05T23:24:01Z] === Restarting dead loops ===
[2026-06-05T23:24:01Z] Skipped: buy30727-lane-supervisor (stop marker present)
[2026-06-05T23:24:03Z] Restarted 1 loops
[2026-06-05T23:24:11Z] Max restarts reached for: node.*buy30727-lane-supervisor\.mjs — giving up this cycle
[2026-06-05T23:24:11Z] Max restarts reached for: node.*buy30727-lane-supervisor\.mjs — giving up this cycle
[2026-06-05T23:24:41Z] Max restarts reached for: node.*buy30727-lane-supervisor\.mjs — giving up this cycle
[2026-06-05T23:24:41Z] Max restarts reached for: node.*buy30727-lane-supervisor\.mjs — giving up this cycle
[2026-06-05T23:25:11Z] Max restarts reached for: node.*buy30727-lane-supervisor\.mjs — giving up this cycle
[2026-06-05T23:25:11Z] Max restarts reached for: node.*buy30727-lane-supervisor\.mjs — giving up this cycle
[2026-06-05T23:25:41Z] Max restarts reached for: node.*buy30727-lane-supervisor\.mjs — giving up this cycle
[2026-06-05T23:25:41Z] Max restarts reached for: node.*buy30727-lane-supervisor\.mjs — giving up this cycle
[2026-06-05T23:26:01Z] === Restarting dead loops ===
[2026-06-05T23:26:01Z] Skipped: buy30727-lane-supervisor (stop marker present)
[2026-06-05T23:26:03Z] Restarted 1 loops
[2026-06-05T23:26:11Z] Max restarts reached for: node.*buy30727-lane-supervisor\.mjs — giving up this cycle
[2026-06-05T23:26:11Z] Max restarts reached for: node.*buy30727-lane-supervisor\.mjs — giving up this cycle
[2026-06-05T23:26:42Z] Max restarts reached for: node.*buy30727-lane-supervisor\.mjs — giving up this cycle
[2026-06-05T23:26:42Z] Max restarts reached for: node.*buy30727-lane-supervisor\.mjs — giving up this cycle
[2026-06-05T23:27:12Z] Max restarts reached for: node.*buy30727-lane-supervisor\.mjs — giving up this cycle
[2026-06-05T23:27:12Z] Max restarts reached for: node.*buy30727-lane-supervisor\.mjs — giving up this cycle
[2026-06-05T23:27:42Z] Max restarts reached for: node.*buy30727-lane-supervisor\.mjs — giving up this cycle
[2026-06-05T23:27:42Z] Max restarts reached for: node.*buy30727-lane-supervisor\.mjs — giving up this cycle
[2026-06-05T23:28:01Z] === Restarting dead loops ===
[2026-06-05T23:28:01Z] Skipped: buy30727-lane-supervisor (stop marker present)
[2026-06-05T23:28:03Z] Restarted 1 loops
[2026-06-05T23:28:12Z] Max restarts reached for: node.*buy30727-lane-supervisor\.mjs — giving up this cycle
[2026-06-05T23:28:12Z] Max restarts reached for: node.*buy30727-lane-supervisor\.mjs — giving up this cycle
[2026-06-05T23:28:42Z] Max restarts reached for: node.*buy30727-lane-supervisor\.mjs — giving up this cycle
[2026-06-05T23:28:42Z] Max restarts reached for: node.*buy30727-lane-supervisor\.mjs — giving up this cycle
[2026-06-05T23:29:12Z] Max restarts reached for: node.*buy30727-lane-supervisor\.mjs — giving up this cycle
[2026-06-05T23:29:12Z] Max restarts reached for: node.*buy30727-lane-supervisor\.mjs — giving up this cycle
[2026-06-05T23:29:42Z] Max restarts reached for: node.*buy30727-lane-supervisor\.mjs — giving up this cycle
[2026-06-05T23:29:42Z] Max restarts reached for: node.*buy30727-lane-supervisor\.mjs — giving up this cycle
[2026-06-05T23:30:01Z] === Restarting dead loops ===
[2026-06-05T23:30:01Z] Skipped: buy30727-lane-supervisor (stop marker present)
[2026-06-05T23:30:03Z] Restarted 1 loops
[2026-06-05T23:30:12Z] Max restarts reached for: node.*buy30727-lane-supervisor\.mjs — giving up this cycle
[2026-06-05T23:30:12Z] Max restarts reached for: node.*buy30727-lane-supervisor\.mjs — giving up this cycle
[2026-06-05T23:30:42Z] Max restarts reached for: node.*buy30727-lane-supervisor\.mjs — giving up this cycle
[2026-06-05T23:30:42Z] Max restarts reached for: node.*buy30727-lane-supervisor\.mjs — giving up this cycle
[2026-06-05T23:31:12Z] Max restarts reached for: node.*buy30727-lane-supervisor\.mjs — giving up this cycle
[2026-06-05T23:31:12Z] Max restarts reached for: node.*buy30727-lane-supervisor\.mjs — giving up this cycle
[2026-06-05T23:31:42Z] Max restarts reached for: node.*buy30727-lane-supervisor\.mjs — giving up this cycle
[2026-06-05T23:31:42Z] Max restarts reached for: node.*buy30727-lane-supervisor\.mjs — giving up this cycle
[2026-06-05T23:32:02Z] === Restarting dead loops ===
[2026-06-05T23:32:02Z] Skipped: buy30727-lane-supervisor (stop marker present)
[2026-06-05T23:32:04Z] Restarted 1 loops
[2026-06-05T23:32:12Z] Max restarts reached for: node.*buy30727-lane-supervisor\.mjs — giving up this cycle
[2026-06-05T23:32:12Z] Max restarts reached for: node.*buy30727-lane-supervisor\.mjs — giving up this cycle
[2026-06-05T23:32:42Z] Max restarts reached for: node.*buy30727-lane-supervisor\.mjs — giving up this cycle
[2026-06-05T23:32:42Z] Max restarts reached for: node.*buy30727-lane-supervisor\.mjs — giving up this cycle
[2026-06-05T23:33:12Z] Max restarts reached for: node.*buy30727-lane-supervisor\.mjs — giving up this cycle
[2026-06-05T23:33:12Z] Max restarts reached for: node.*buy30727-lane-supervisor\.mjs — giving up this cycle
[2026-06-05T23:33:42Z] Max restarts reached for: node.*buy30727-lane-supervisor\.mjs — giving up this cycle
[2026-06-05T23:33:42Z] Max restarts reached for: node.*buy30727-lane-supervisor\.mjs — giving up this cycle
[2026-06-05T23:34:01Z] === Restarting dead loops ===
[2026-06-05T23:34:01Z] Skipped: buy30727-lane-supervisor (stop marker present)
[2026-06-05T23:34:03Z] Restarted 1 loops
[2026-06-05T23:34:12Z] Max restarts reached for: node.*buy30727-lane-supervisor\.mjs — giving up this cycle
[2026-06-05T23:34:12Z] Max restarts reached for: node.*buy30727-lane-supervisor\.mjs — giving up this cycle
[2026-06-05T23:34:42Z] Max restarts reached for: node.*buy30727-lane-supervisor\.mjs — giving up this cycle
[2026-06-05T23:34:42Z] Max restarts reached for: node.*buy30727-lane-supervisor\.mjs — giving up this cycle
[2026-06-05T23:35:12Z] Max restarts reached for: node.*buy30727-lane-supervisor\.mjs — giving up this cycle
[2026-06-05T23:35:12Z] Max restarts reached for: node.*buy30727-lane-supervisor\.mjs — giving up this cycle
[2026-06-05T23:35:42Z] Max restarts reached for: node.*buy30727-lane-supervisor\.mjs — giving up this cycle
[2026-06-05T23:35:42Z] Max restarts reached for: node.*buy30727-lane-supervisor\.mjs — giving up this cycle
[2026-06-05T23:36:01Z] === Restarting dead loops ===
[2026-06-05T23:36:01Z] Skipped: buy30727-lane-supervisor (stop marker present)
[2026-06-05T23:36:03Z] Restarted 1 loops
[2026-06-05T23:36:13Z] Max restarts reached for: node.*buy30727-lane-supervisor\.mjs — giving up this cycle
[2026-06-05T23:36:13Z] Max restarts reached for: node.*buy30727-lane-supervisor\.mjs — giving up this cycle
[2026-06-05T23:36:43Z] Max restarts reached for: node.*buy30727-lane-supervisor\.mjs — giving up this cycle
[2026-06-05T23:36:43Z] Max restarts reached for: node.*buy30727-lane-supervisor\.mjs — giving up this cycle
[2026-06-05T23:37:13Z] Max restarts reached for: node.*buy30727-lane-supervisor\.mjs — giving up this cycle
[2026-06-05T23:37:13Z] Max restarts reached for: node.*buy30727-lane-supervisor\.mjs — giving up this cycle
[2026-06-05T23:37:43Z] Max restarts reached for: node.*buy30727-lane-supervisor\.mjs — giving up this cycle
[2026-06-05T23:37:43Z] Max restarts reached for: node.*buy30727-lane-supervisor\.mjs — giving up this cycle
[2026-06-05T23:38:01Z] === Restarting dead loops ===
[2026-06-05T23:38:01Z] Skipped: buy30727-lane-supervisor (stop marker present)
[2026-06-05T23:38:03Z] Restarted 1 loops
[2026-06-05T23:38:13Z] Max restarts reached for: node.*buy30727-lane-supervisor\.mjs — giving up this cycle
[2026-06-05T23:38:13Z] Max restarts reached for: node.*buy30727-lane-supervisor\.mjs — giving up this cycle
[2026-06-05T23:38:43Z] Max restarts reached for: node.*buy30727-lane-supervisor\.mjs — giving up this cycle
[2026-06-05T23:38:43Z] Max restarts reached for: node.*buy30727-lane-supervisor\.mjs — giving up this cycle
[2026-06-05T23:39:13Z] Max restarts reached for: node.*buy30727-lane-supervisor\.mjs — giving up this cycle
[2026-06-05T23:39:13Z] Max restarts reached for: node.*buy30727-lane-supervisor\.mjs — giving up this cycle
[2026-06-05T23:39:43Z] Max restarts reached for: node.*buy30727-lane-supervisor\.mjs — giving up this cycle
[2026-06-05T23:39:43Z] Max restarts reached for: node.*buy30727-lane-supervisor\.mjs — giving up this cycle
[2026-06-05T23:40:01Z] === Restarting dead loops ===
[2026-06-05T23:40:01Z] Skipped: buy30727-lane-supervisor (stop marker present)
[2026-06-05T23:40:03Z] Restarted 1 loops
[2026-06-05T23:40:13Z] Max restarts reached for: node.*buy30727-lane-supervisor\.mjs — giving up this cycle
[2026-06-05T23:40:13Z] Max restarts reached for: node.*buy30727-lane-supervisor\.mjs — giving up this cycle
[2026-06-05T23:40:43Z] Max restarts reached for: node.*buy30727-lane-supervisor\.mjs — giving up this cycle
[2026-06-05T23:40:43Z] Max restarts reached for: node.*buy30727-lane-supervisor\.mjs — giving up this cycle
[2026-06-05T23:41:13Z] Max restarts reached for: node.*buy30727-lane-supervisor\.mjs — giving up this cycle
[2026-06-05T23:41:13Z] Max restarts reached for: node.*buy30727-lane-supervisor\.mjs — giving up this cycle
[2026-06-05T23:41:43Z] Max restarts reached for: node.*buy30727-lane-supervisor\.mjs — giving up this cycle
[2026-06-05T23:41:43Z] Max restarts reached for: node.*buy30727-lane-supervisor\.mjs — giving up this cycle
[2026-06-05T23:42:02Z] === Restarting dead loops ===
[2026-06-05T23:42:02Z] Skipped: buy30727-lane-supervisor (stop marker present)
[2026-06-05T23:42:04Z] Restarted 1 loops
[2026-06-05T23:42:13Z] Max restarts reached for: node.*buy30727-lane-supervisor\.mjs — giving up this cycle
[2026-06-05T23:42:13Z] Max restarts reached for: node.*buy30727-lane-supervisor\.mjs — giving up this cycle
[2026-06-05T23:42:43Z] Max restarts reached for: node.*buy30727-lane-supervisor\.mjs — giving up this cycle
[2026-06-05T23:42:43Z] Max restarts reached for: node.*buy30727-lane-supervisor\.mjs — giving up this cycle
[2026-06-05T23:43:14Z] Max restarts reached for: node.*buy30727-lane-supervisor\.mjs — giving up this cycle
[2026-06-05T23:43:14Z] Max restarts reached for: node.*buy30727-lane-supervisor\.mjs — giving up this cycle
[2026-06-05T23:43:44Z] Max restarts reached for: node.*buy30727-lane-supervisor\.mjs — giving up this cycle
[2026-06-05T23:43:44Z] Max restarts reached for: node.*buy30727-lane-supervisor\.mjs — giving up this cycle
[2026-06-05T23:44:02Z] === Restarting dead loops ===
[2026-06-05T23:44:02Z] Skipped: buy30727-lane-supervisor (stop marker present)
[2026-06-05T23:44:04Z] Restarted 1 loops
[2026-06-05T23:44:14Z] Max restarts reached for: node.*buy30727-lane-supervisor\.mjs — giving up this cycle
[2026-06-05T23:44:14Z] Max restarts reached for: node.*buy30727-lane-supervisor\.mjs — giving up this cycle
[2026-06-05T23:44:44Z] Max restarts reached for: node.*buy30727-lane-supervisor\.mjs — giving up this cycle
[2026-06-05T23:44:44Z] Max restarts reached for: node.*buy30727-lane-supervisor\.mjs — giving up this cycle
[2026-06-05T23:45:14Z] Max restarts reached for: node.*buy30727-lane-supervisor\.mjs — giving up this cycle
[2026-06-05T23:45:14Z] Max restarts reached for: node.*buy30727-lane-supervisor\.mjs — giving up this cycle
[2026-06-05T23:45:44Z] Max restarts reached for: node.*buy30727-lane-supervisor\.mjs — giving up this cycle
[2026-06-05T23:45:44Z] Max restarts reached for: node.*buy30727-lane-supervisor\.mjs — giving up this cycle
[2026-06-05T23:46:01Z] === Restarting dead loops ===
[2026-06-05T23:46:01Z] Skipped: buy30727-lane-supervisor (stop marker present)
[2026-06-05T23:46:03Z] Restarted 1 loops
[2026-06-05T23:46:14Z] Max restarts reached for: node.*buy30727-lane-supervisor\.mjs — giving up this cycle
[2026-06-05T23:46:14Z] Max restarts reached for: node.*buy30727-lane-supervisor\.mjs — giving up this cycle
[2026-06-05T23:46:44Z] Max restarts reached for: node.*buy30727-lane-supervisor\.mjs — giving up this cycle
[2026-06-05T23:46:44Z] Max restarts reached for: node.*buy30727-lane-supervisor\.mjs — giving up this cycle
[2026-06-05T23:47:14Z] Max restarts reached for: node.*buy30727-lane-supervisor\.mjs — giving up this cycle
[2026-06-05T23:47:14Z] Max restarts reached for: node.*buy30727-lane-supervisor\.mjs — giving up this cycle
[2026-06-05T23:47:44Z] Max restarts reached for: node.*buy30727-lane-supervisor\.mjs — giving up this cycle
[2026-06-05T23:47:44Z] Max restarts reached for: node.*buy30727-lane-supervisor\.mjs — giving up this cycle
[2026-06-05T23:48:01Z] === Restarting dead loops ===
[2026-06-05T23:48:01Z] Skipped: buy30727-lane-supervisor (stop marker present)
[2026-06-05T23:48:03Z] Restarted 1 loops
[2026-06-05T23:48:14Z] Max restarts reached for: node.*buy30727-lane-supervisor\.mjs — giving up this cycle
[2026-06-05T23:48:14Z] Max restarts reached for: node.*buy30727-lane-supervisor\.mjs — giving up this cycle
[2026-06-05T23:48:44Z] Max restarts reached for: node.*buy30727-lane-supervisor\.mjs — giving up this cycle
[2026-06-05T23:48:44Z] Max restarts reached for: node.*buy30727-lane-supervisor\.mjs — giving up this cycle
[2026-06-05T23:49:14Z] Max restarts reached for: node.*buy30727-lane-supervisor\.mjs — giving up this cycle
[2026-06-05T23:49:14Z] Max restarts reached for: node.*buy30727-lane-supervisor\.mjs — giving up this cycle
[2026-06-05T23:49:44Z] Max restarts reached for: node.*buy30727-lane-supervisor\.mjs — giving up this cycle
[2026-06-05T23:49:44Z] Max restarts reached for: node.*buy30727-lane-supervisor\.mjs — giving up this cycle
[2026-06-05T23:50:01Z] === Restarting dead loops ===
[2026-06-05T23:50:01Z] Skipped: buy30727-lane-supervisor (stop marker present)
[2026-06-05T23:50:03Z] Restarted 1 loops
[2026-06-05T23:50:15Z] Max restarts reached for: node.*buy30727-lane-supervisor\.mjs — giving up this cycle
[2026-06-05T23:50:15Z] Max restarts reached for: node.*buy30727-lane-supervisor\.mjs — giving up this cycle
[2026-06-05T23:50:45Z] Max restarts reached for: node.*buy30727-lane-supervisor\.mjs — giving up this cycle
[2026-06-05T23:50:45Z] Max restarts reached for: node.*buy30727-lane-supervisor\.mjs — giving up this cycle
[2026-06-05T23:51:15Z] Max restarts reached for: node.*buy30727-lane-supervisor\.mjs — giving up this cycle
[2026-06-05T23:51:15Z] Max restarts reached for: node.*buy30727-lane-supervisor\.mjs — giving up this cycle
[2026-06-05T23:51:45Z] Max restarts reached for: node.*buy30727-lane-supervisor\.mjs — giving up this cycle
[2026-06-05T23:51:45Z] Max restarts reached for: node.*buy30727-lane-supervisor\.mjs — giving up this cycle
[2026-06-05T23:52:01Z] === Restarting dead loops ===
[2026-06-05T23:52:01Z] Skipped: buy30727-lane-supervisor (stop marker present)
[2026-06-05T23:52:03Z] Restarted 1 loops
[2026-06-05T23:52:15Z] Max restarts reached for: node.*buy30727-lane-supervisor\.mjs — giving up this cycle
[2026-06-05T23:52:15Z] Max restarts reached for: node.*buy30727-lane-supervisor\.mjs — giving up this cycle
[2026-06-05T23:52:45Z] Max restarts reached for: node.*buy30727-lane-supervisor\.mjs — giving up this cycle
[2026-06-05T23:52:45Z] Max restarts reached for: node.*buy30727-lane-supervisor\.mjs — giving up this cycle
[2026-06-05T23:53:15Z] Max restarts reached for: node.*buy30727-lane-supervisor\.mjs — giving up this cycle
[2026-06-05T23:53:15Z] Max restarts reached for: node.*buy30727-lane-supervisor\.mjs — giving up this cycle
[2026-06-05T23:53:45Z] Max restarts reached for: node.*buy30727-lane-supervisor\.mjs — giving up this cycle
[2026-06-05T23:53:45Z] Max restarts reached for: node.*buy30727-lane-supervisor\.mjs — giving up this cycle
[2026-06-05T23:54:01Z] === Restarting dead loops ===
[2026-06-05T23:54:01Z] Skipped: buy30727-lane-supervisor (stop marker present)
[2026-06-05T23:54:03Z] Restarted 1 loops
[2026-06-05T23:54:15Z] Max restarts reached for: node.*buy30727-lane-supervisor\.mjs — giving up this cycle
[2026-06-05T23:54:15Z] Max restarts reached for: node.*buy30727-lane-supervisor\.mjs — giving up this cycle
[2026-06-05T23:54:45Z] Max restarts reached for: node.*buy30727-lane-supervisor\.mjs — giving up this cycle
[2026-06-05T23:54:45Z] Max restarts reached for: node.*buy30727-lane-supervisor\.mjs — giving up this cycle
[2026-06-05T23:55:15Z] Max restarts reached for: node.*buy30727-lane-supervisor\.mjs — giving up this cycle
[2026-06-05T23:55:15Z] Max restarts reached for: node.*buy30727-lane-supervisor\.mjs — giving up this cycle
[2026-06-05T23:55:45Z] Max restarts reached for: node.*buy30727-lane-supervisor\.mjs — giving up this cycle
[2026-06-05T23:55:45Z] Max restarts reached for: node.*buy30727-lane-supervisor\.mjs — giving up this cycle
[2026-06-05T23:56:02Z] === Restarting dead loops ===
[2026-06-05T23:56:03Z] Skipped: buy30727-lane-supervisor (stop marker present)
[2026-06-05T23:56:05Z] Restarted 1 loops
[2026-06-05T23:56:15Z] Max restarts reached for: node.*buy30727-lane-supervisor\.mjs — giving up this cycle
[2026-06-05T23:56:15Z] Max restarts reached for: node.*buy30727-lane-supervisor\.mjs — giving up this cycle
[2026-06-05T23:56:45Z] Max restarts reached for: node.*buy30727-lane-supervisor\.mjs — giving up this cycle
[2026-06-05T23:56:45Z] Max restarts reached for: node.*buy30727-lane-supervisor\.mjs — giving up this cycle
[2026-06-05T23:57:16Z] Max restarts reached for: node.*buy30727-lane-supervisor\.mjs — giving up this cycle
[2026-06-05T23:57:16Z] Max restarts reached for: node.*buy30727-lane-supervisor\.mjs — giving up this cycle
[2026-06-05T23:57:46Z] Max restarts reached for: node.*buy30727-lane-supervisor\.mjs — giving up this cycle
[2026-06-05T23:57:46Z] Max restarts reached for: node.*buy30727-lane-supervisor\.mjs — giving up this cycle
[2026-06-05T23:58:16Z] Max restarts reached for: node.*buy30727-lane-supervisor\.mjs — giving up this cycle
[2026-06-05T23:58:16Z] Max restarts reached for: node.*buy30727-lane-supervisor\.mjs — giving up this cycle
[2026-06-05T23:58:46Z] Max restarts reached for: node.*buy30727-lane-supervisor\.mjs — giving up this cycle
[2026-06-05T23:58:46Z] Max restarts reached for: node.*buy30727-lane-supervisor\.mjs — giving up this cycle
[2026-06-05T23:59:16Z] Max restarts reached for: node.*buy30727-lane-supervisor\.mjs — giving up this cycle
[2026-06-05T23:59:16Z] Max restarts reached for: node.*buy30727-lane-supervisor\.mjs — giving up this cycle
[2026-06-05T23:59:46Z] Max restarts reached for: node.*buy30727-lane-supervisor\.mjs — giving up this cycle
[2026-06-05T23:59:46Z] Max restarts reached for: node.*buy30727-lane-supervisor\.mjs — giving up this cycle
[2026-06-06T00:00:16Z] Max restarts reached for: node.*buy30727-lane-supervisor\.mjs — giving up this cycle
[2026-06-06T00:00:16Z] Max restarts reached for: node.*buy30727-lane-supervisor\.mjs — giving up this cycle
[2026-06-06T00:00:46Z] Max restarts reached for: node.*buy30727-lane-supervisor\.mjs — giving up this cycle
[2026-06-06T00:00:46Z] Max restarts reached for: node.*buy30727-lane-supervisor\.mjs — giving up this cycle
[2026-06-06T00:01:16Z] Max restarts reached for: node.*buy30727-lane-supervisor\.mjs — giving up this cycle
[2026-06-06T00:01:16Z] Max restarts reached for: node.*buy30727-lane-supervisor\.mjs — giving up this cycle
[2026-06-06T00:01:47Z] Max restarts reached for: node.*buy30727-lane-supervisor\.mjs — giving up this cycle
[2026-06-06T00:01:47Z] Max restarts reached for: node.*buy30727-lane-supervisor\.mjs — giving up this cycle
[2026-06-06T00:02:17Z] Max restarts reached for: node.*buy30727-lane-supervisor\.mjs — giving up this cycle
[2026-06-06T00:02:17Z] Max restarts reached for: node.*buy30727-lane-supervisor\.mjs — giving up this cycle
[2026-06-06T00:02:47Z] Max restarts reached for: node.*buy30727-lane-supervisor\.mjs — giving up this cycle
[2026-06-06T00:02:47Z] Max restarts reached for: node.*buy30727-lane-supervisor\.mjs — giving up this cycle
[2026-06-06T00:03:17Z] Max restarts reached for: node.*buy30727-lane-supervisor\.mjs — giving up this cycle
[2026-06-06T00:03:17Z] Max restarts reached for: node.*buy30727-lane-supervisor\.mjs — giving up this cycle
[2026-06-06T00:03:47Z] Max restarts reached for: node.*buy30727-lane-supervisor\.mjs — giving up this cycle
[2026-06-06T00:03:47Z] Max restarts reached for: node.*buy30727-lane-supervisor\.mjs — giving up this cycle
[2026-06-06T00:04:17Z] Max restarts reached for: node.*buy30727-lane-supervisor\.mjs — giving up this cycle
[2026-06-06T00:04:17Z] Max restarts reached for: node.*buy30727-lane-supervisor\.mjs — giving up this cycle
[2026-06-06T00:04:47Z] Max restarts reached for: node.*buy30727-lane-supervisor\.mjs — giving up this cycle
[2026-06-06T00:04:47Z] Max restarts reached for: node.*buy30727-lane-supervisor\.mjs — giving up this cycle
[2026-06-06T00:05:17Z] Max restarts reached for: node.*buy30727-lane-supervisor\.mjs — giving up this cycle
[2026-06-06T00:05:17Z] Max restarts reached for: node.*buy30727-lane-supervisor\.mjs — giving up this cycle
[2026-06-06T00:05:47Z] Max restarts reached for: node.*buy30727-lane-supervisor\.mjs — giving up this cycle
[2026-06-06T00:05:47Z] Max restarts reached for: node.*buy30727-lane-supervisor\.mjs — giving up this cycle
[2026-06-06T00:06:17Z] Max restarts reached for: node.*buy30727-lane-supervisor\.mjs — giving up this cycle
[2026-06-06T00:06:17Z] Max restarts reached for: node.*buy30727-lane-supervisor\.mjs — giving up this cycle
[2026-06-06T00:06:47Z] Max restarts reached for: node.*buy30727-lane-supervisor\.mjs — giving up this cycle
[2026-06-06T00:06:47Z] Max restarts reached for: node.*buy30727-lane-supervisor\.mjs — giving up this cycle
[2026-06-06T00:07:17Z] Max restarts reached for: node.*buy30727-lane-supervisor\.mjs — giving up this cycle
[2026-06-06T00:07:17Z] Max restarts reached for: node.*buy30727-lane-supervisor\.mjs — giving up this cycle
[2026-06-06T00:07:47Z] Max restarts reached for: node.*buy30727-lane-supervisor\.mjs — giving up this cycle
[2026-06-06T00:07:47Z] Max restarts reached for: node.*buy30727-lane-supervisor\.mjs — giving up this cycle
[2026-06-06T00:08:17Z] Max restarts reached for: node.*buy30727-lane-supervisor\.mjs — giving up this cycle
[2026-06-06T00:08:17Z] Max restarts reached for: node.*buy30727-lane-supervisor\.mjs — giving up this cycle
[2026-06-06T00:08:48Z] Max restarts reached for: node.*buy30727-lane-supervisor\.mjs — giving up this cycle
[2026-06-06T00:08:48Z] Max restarts reached for: node.*buy30727-lane-supervisor\.mjs — giving up this cycle
[2026-06-06T00:09:18Z] Max restarts reached for: node.*buy30727-lane-supervisor\.mjs — giving up this cycle
[2026-06-06T00:09:18Z] Max restarts reached for: node.*buy30727-lane-supervisor\.mjs — giving up this cycle
[2026-06-06T00:09:48Z] Max restarts reached for: node.*buy30727-lane-supervisor\.mjs — giving up this cycle
[2026-06-06T00:09:48Z] Max restarts reached for: node.*buy30727-lane-supervisor\.mjs — giving up this cycle
[2026-06-06T00:10:18Z] Max restarts reached for: node.*buy30727-lane-supervisor\.mjs — giving up this cycle
[2026-06-06T00:10:18Z] Max restarts reached for: node.*buy30727-lane-supervisor\.mjs — giving up this cycle
[2026-06-06T00:10:48Z] Max restarts reached for: node.*buy30727-lane-supervisor\.mjs — giving up this cycle
[2026-06-06T00:10:48Z] Max restarts reached for: node.*buy30727-lane-supervisor\.mjs — giving up this cycle
[2026-06-06T00:11:18Z] Max restarts reached for: node.*buy30727-lane-supervisor\.mjs — giving up this cycle
[2026-06-06T00:11:18Z] Max restarts reached for: node.*buy30727-lane-supervisor\.mjs — giving up this cycle
[2026-06-06T00:11:48Z] Max restarts reached for: node.*buy30727-lane-supervisor\.mjs — giving up this cycle
[2026-06-06T00:11:48Z] Max restarts reached for: node.*buy30727-lane-supervisor\.mjs — giving up this cycle
[2026-06-06T00:12:18Z] Max restarts reached for: node.*buy30727-lane-supervisor\.mjs — giving up this cycle
[2026-06-06T00:12:18Z] Max restarts reached for: node.*buy30727-lane-supervisor\.mjs — giving up this cycle
[2026-06-06T00:12:48Z] Max restarts reached for: node.*buy30727-lane-supervisor\.mjs — giving up this cycle
[2026-06-06T00:12:48Z] Max restarts reached for: node.*buy30727-lane-supervisor\.mjs — giving up this cycle
[2026-06-06T00:13:18Z] Max restarts reached for: node.*buy30727-lane-supervisor\.mjs — giving up this cycle
[2026-06-06T00:13:18Z] Max restarts reached for: node.*buy30727-lane-supervisor\.mjs — giving up this cycle
[2026-06-06T00:13:48Z] Max restarts reached for: node.*buy30727-lane-supervisor\.mjs — giving up this cycle
[2026-06-06T00:13:48Z] Max restarts reached for: node.*buy30727-lane-supervisor\.mjs — giving up this cycle
[2026-06-06T00:14:18Z] Max restarts reached for: node.*buy30727-lane-supervisor\.mjs — giving up this cycle
[2026-06-06T00:14:18Z] Max restarts reached for: node.*buy30727-lane-supervisor\.mjs — giving up this cycle
[2026-06-06T00:14:49Z] Max restarts reached for: node.*buy30727-lane-supervisor\.mjs — giving up this cycle
[2026-06-06T00:14:49Z] Max restarts reached for: node.*buy30727-lane-supervisor\.mjs — giving up this cycle
[2026-06-06T00:15:19Z] Max restarts reached for: node.*buy30727-lane-supervisor\.mjs — giving up this cycle
[2026-06-06T00:15:19Z] Max restarts reached for: node.*buy30727-lane-supervisor\.mjs — giving up this cycle
[2026-06-06T00:15:49Z] Max restarts reached for: node.*buy30727-lane-supervisor\.mjs — giving up this cycle
[2026-06-06T00:15:49Z] Max restarts reached for: node.*buy30727-lane-supervisor\.mjs — giving up this cycle
[2026-06-06T00:16:19Z] Max restarts reached for: node.*buy30727-lane-supervisor\.mjs — giving up this cycle
[2026-06-06T00:16:19Z] Max restarts reached for: node.*buy30727-lane-supervisor\.mjs — giving up this cycle
[2026-06-06T00:16:49Z] Max restarts reached for: node.*buy30727-lane-supervisor\.mjs — giving up this cycle
[2026-06-06T00:16:49Z] Max restarts reached for: node.*buy30727-lane-supervisor\.mjs — giving up this cycle
[2026-06-06T00:17:19Z] Max restarts reached for: node.*buy30727-lane-supervisor\.mjs — giving up this cycle
[2026-06-06T00:17:19Z] Max restarts reached for: node.*buy30727-lane-supervisor\.mjs — giving up this cycle
[2026-06-06T00:17:49Z] Max restarts reached for: node.*buy30727-lane-supervisor\.mjs — giving up this cycle
[2026-06-06T00:17:49Z] Max restarts reached for: node.*buy30727-lane-supervisor\.mjs — giving up this cycle
[2026-06-06T00:18:19Z] Detected dead loop: node.*buy30331-sustained-loop\.mjs (restart #0)
[2026-06-06T00:18:19Z] Detected dead loop: node.*buy30331-sustained-loop\.mjs (restart #0)
[2026-06-06T00:18:19Z] Starting: buy30331-sustained-loop
[2026-06-06T00:18:19Z] Starting: buy30331-sustained-loop
[2026-06-06T00:18:29Z]   ✓ Started successfully (PID: 3742757)
[2026-06-06T00:18:29Z]   ✓ Started successfully (PID: 3742757)
[2026-06-06T00:18:29Z] Max restarts reached for: node.*buy30727-lane-supervisor\.mjs — giving up this cycle
[2026-06-06T00:18:29Z] Max restarts reached for: node.*buy30727-lane-supervisor\.mjs — giving up this cycle
[2026-06-06T00:19:00Z] Max restarts reached for: node.*buy30727-lane-supervisor\.mjs — giving up this cycle
[2026-06-06T00:19:00Z] Max restarts reached for: node.*buy30727-lane-supervisor\.mjs — giving up this cycle
[2026-06-06T00:19:30Z] Max restarts reached for: node.*buy30727-lane-supervisor\.mjs — giving up this cycle
[2026-06-06T00:19:30Z] Max restarts reached for: node.*buy30727-lane-supervisor\.mjs — giving up this cycle
[2026-06-06T00:20:00Z] Max restarts reached for: node.*buy30727-lane-supervisor\.mjs — giving up this cycle
[2026-06-06T00:20:00Z] Max restarts reached for: node.*buy30727-lane-supervisor\.mjs — giving up this cycle
[2026-06-06T00:20:30Z] Max restarts reached for: node.*buy30727-lane-supervisor\.mjs — giving up this cycle
[2026-06-06T00:20:30Z] Max restarts reached for: node.*buy30727-lane-supervisor\.mjs — giving up this cycle
[2026-06-06T00:21:00Z] Max restarts reached for: node.*buy30727-lane-supervisor\.mjs — giving up this cycle
[2026-06-06T00:21:00Z] Max restarts reached for: node.*buy30727-lane-supervisor\.mjs — giving up this cycle
[2026-06-06T00:21:30Z] Max restarts reached for: node.*buy30727-lane-supervisor\.mjs — giving up this cycle
[2026-06-06T00:21:30Z] Max restarts reached for: node.*buy30727-lane-supervisor\.mjs — giving up this cycle
[2026-06-06T00:22:00Z] Max restarts reached for: node.*buy30727-lane-supervisor\.mjs — giving up this cycle
[2026-06-06T00:22:00Z] Max restarts reached for: node.*buy30727-lane-supervisor\.mjs — giving up this cycle
[2026-06-06T00:22:30Z] Max restarts reached for: node.*buy30727-lane-supervisor\.mjs — giving up this cycle
[2026-06-06T00:22:30Z] Max restarts reached for: node.*buy30727-lane-supervisor\.mjs — giving up this cycle
[2026-06-06T00:23:00Z] Max restarts reached for: node.*buy30727-lane-supervisor\.mjs — giving up this cycle
[2026-06-06T00:23:00Z] Max restarts reached for: node.*buy30727-lane-supervisor\.mjs — giving up this cycle
[2026-06-06T00:23:30Z] Max restarts reached for: node.*buy30727-lane-supervisor\.mjs — giving up this cycle
[2026-06-06T00:23:30Z] Max restarts reached for: node.*buy30727-lane-supervisor\.mjs — giving up this cycle
[2026-06-06T00:24:01Z] Max restarts reached for: node.*buy30727-lane-supervisor\.mjs — giving up this cycle
[2026-06-06T00:24:01Z] Max restarts reached for: node.*buy30727-lane-supervisor\.mjs — giving up this cycle
[2026-06-06T00:24:31Z] Max restarts reached for: node.*buy30727-lane-supervisor\.mjs — giving up this cycle
[2026-06-06T00:24:31Z] Max restarts reached for: node.*buy30727-lane-supervisor\.mjs — giving up this cycle
[2026-06-06T00:25:01Z] Max restarts reached for: node.*buy30727-lane-supervisor\.mjs — giving up this cycle
[2026-06-06T00:25:01Z] Max restarts reached for: node.*buy30727-lane-supervisor\.mjs — giving up this cycle
[2026-06-06T00:25:31Z] Max restarts reached for: node.*buy30727-lane-supervisor\.mjs — giving up this cycle
[2026-06-06T00:25:31Z] Max restarts reached for: node.*buy30727-lane-supervisor\.mjs — giving up this cycle
[2026-06-06T00:26:01Z] Max restarts reached for: node.*buy30727-lane-supervisor\.mjs — giving up this cycle
[2026-06-06T00:26:01Z] Max restarts reached for: node.*buy30727-lane-supervisor\.mjs — giving up this cycle
[2026-06-06T00:26:31Z] Max restarts reached for: node.*buy30727-lane-supervisor\.mjs — giving up this cycle
[2026-06-06T00:26:31Z] Max restarts reached for: node.*buy30727-lane-supervisor\.mjs — giving up this cycle
[2026-06-06T00:27:01Z] Max restarts reached for: node.*buy30727-lane-supervisor\.mjs — giving up this cycle
[2026-06-06T00:27:01Z] Max restarts reached for: node.*buy30727-lane-supervisor\.mjs — giving up this cycle
[2026-06-06T00:27:31Z] Max restarts reached for: node.*buy30727-lane-supervisor\.mjs — giving up this cycle
[2026-06-06T00:27:31Z] Max restarts reached for: node.*buy30727-lane-supervisor\.mjs — giving up this cycle
[2026-06-06T00:28:01Z] Max restarts reached for: node.*buy30727-lane-supervisor\.mjs — giving up this cycle
[2026-06-06T00:28:01Z] Max restarts reached for: node.*buy30727-lane-supervisor\.mjs — giving up this cycle
[2026-06-06T00:28:31Z] Max restarts reached for: node.*buy30727-lane-supervisor\.mjs — giving up this cycle
[2026-06-06T00:28:31Z] Max restarts reached for: node.*buy30727-lane-supervisor\.mjs — giving up this cycle
[2026-06-06T00:29:01Z] Max restarts reached for: node.*buy30727-lane-supervisor\.mjs — giving up this cycle
[2026-06-06T00:29:01Z] Max restarts reached for: node.*buy30727-lane-supervisor\.mjs — giving up this cycle
[2026-06-06T00:29:32Z] Max restarts reached for: node.*buy30727-lane-supervisor\.mjs — giving up this cycle
[2026-06-06T00:29:32Z] Max restarts reached for: node.*buy30727-lane-supervisor\.mjs — giving up this cycle
[2026-06-06T00:30:02Z] Max restarts reached for: node.*buy30727-lane-supervisor\.mjs — giving up this cycle
[2026-06-06T00:30:02Z] Max restarts reached for: node.*buy30727-lane-supervisor\.mjs — giving up this cycle
[2026-06-06T00:30:32Z] Max restarts reached for: node.*buy30727-lane-supervisor\.mjs — giving up this cycle
[2026-06-06T00:30:32Z] Max restarts reached for: node.*buy30727-lane-supervisor\.mjs — giving up this cycle
[2026-06-06T00:31:02Z] Max restarts reached for: node.*buy30727-lane-supervisor\.mjs — giving up this cycle
[2026-06-06T00:31:02Z] Max restarts reached for: node.*buy30727-lane-supervisor\.mjs — giving up this cycle
[2026-06-06T00:31:32Z] Max restarts reached for: node.*buy30727-lane-supervisor\.mjs — giving up this cycle
[2026-06-06T00:31:32Z] Max restarts reached for: node.*buy30727-lane-supervisor\.mjs — giving up this cycle
[2026-06-06T00:32:02Z] Max restarts reached for: node.*buy30727-lane-supervisor\.mjs — giving up this cycle
[2026-06-06T00:32:02Z] Max restarts reached for: node.*buy30727-lane-supervisor\.mjs — giving up this cycle
[2026-06-06T00:32:32Z] Max restarts reached for: node.*buy30727-lane-supervisor\.mjs — giving up this cycle
[2026-06-06T00:32:32Z] Max restarts reached for: node.*buy30727-lane-supervisor\.mjs — giving up this cycle
[2026-06-06T00:33:02Z] Max restarts reached for: node.*buy30727-lane-supervisor\.mjs — giving up this cycle
[2026-06-06T00:33:02Z] Max restarts reached for: node.*buy30727-lane-supervisor\.mjs — giving up this cycle
[2026-06-06T00:33:32Z] Max restarts reached for: node.*buy30727-lane-supervisor\.mjs — giving up this cycle
[2026-06-06T00:33:32Z] Max restarts reached for: node.*buy30727-lane-supervisor\.mjs — giving up this cycle
[2026-06-06T00:34:02Z] Max restarts reached for: node.*buy30727-lane-supervisor\.mjs — giving up this cycle
[2026-06-06T00:34:02Z] Max restarts reached for: node.*buy30727-lane-supervisor\.mjs — giving up this cycle
[2026-06-06T00:34:32Z] Max restarts reached for: node.*buy30727-lane-supervisor\.mjs — giving up this cycle
[2026-06-06T00:34:32Z] Max restarts reached for: node.*buy30727-lane-supervisor\.mjs — giving up this cycle
[2026-06-06T00:35:02Z] Max restarts reached for: node.*buy30727-lane-supervisor\.mjs — giving up this cycle
[2026-06-06T00:35:02Z] Max restarts reached for: node.*buy30727-lane-supervisor\.mjs — giving up this cycle
[2026-06-06T00:35:32Z] Max restarts reached for: node.*buy30727-lane-supervisor\.mjs — giving up this cycle
[2026-06-06T00:35:32Z] Max restarts reached for: node.*buy30727-lane-supervisor\.mjs — giving up this cycle
[2026-06-06T00:36:03Z] Max restarts reached for: node.*buy30727-lane-supervisor\.mjs — giving up this cycle
[2026-06-06T00:36:03Z] Max restarts reached for: node.*buy30727-lane-supervisor\.mjs — giving up this cycle
[2026-06-06T00:36:33Z] Max restarts reached for: node.*buy30727-lane-supervisor\.mjs — giving up this cycle
[2026-06-06T00:36:33Z] Max restarts reached for: node.*buy30727-lane-supervisor\.mjs — giving up this cycle
[2026-06-06T00:37:03Z] Max restarts reached for: node.*buy30727-lane-supervisor\.mjs — giving up this cycle
[2026-06-06T00:37:03Z] Max restarts reached for: node.*buy30727-lane-supervisor\.mjs — giving up this cycle
[2026-06-06T00:37:33Z] Max restarts reached for: node.*buy30727-lane-supervisor\.mjs — giving up this cycle
[2026-06-06T00:37:33Z] Max restarts reached for: node.*buy30727-lane-supervisor\.mjs — giving up this cycle
[2026-06-06T00:38:03Z] Max restarts reached for: node.*buy30727-lane-supervisor\.mjs — giving up this cycle
[2026-06-06T00:38:03Z] Max restarts reached for: node.*buy30727-lane-supervisor\.mjs — giving up this cycle
[2026-06-06T00:38:33Z] Max restarts reached for: node.*buy30727-lane-supervisor\.mjs — giving up this cycle
[2026-06-06T00:38:33Z] Max restarts reached for: node.*buy30727-lane-supervisor\.mjs — giving up this cycle
[2026-06-06T00:39:03Z] Max restarts reached for: node.*buy30727-lane-supervisor\.mjs — giving up this cycle
[2026-06-06T00:39:03Z] Max restarts reached for: node.*buy30727-lane-supervisor\.mjs — giving up this cycle
[2026-06-06T00:39:33Z] Max restarts reached for: node.*buy30727-lane-supervisor\.mjs — giving up this cycle
[2026-06-06T00:39:33Z] Max restarts reached for: node.*buy30727-lane-supervisor\.mjs — giving up this cycle
[2026-06-06T00:40:03Z] Max restarts reached for: node.*buy30727-lane-supervisor\.mjs — giving up this cycle
[2026-06-06T00:40:03Z] Max restarts reached for: node.*buy30727-lane-supervisor\.mjs — giving up this cycle
[2026-06-06T00:40:33Z] Max restarts reached for: node.*buy30727-lane-supervisor\.mjs — giving up this cycle
[2026-06-06T00:40:33Z] Max restarts reached for: node.*buy30727-lane-supervisor\.mjs — giving up this cycle
[2026-06-06T00:41:03Z] Max restarts reached for: node.*buy30727-lane-supervisor\.mjs — giving up this cycle
[2026-06-06T00:41:03Z] Max restarts reached for: node.*buy30727-lane-supervisor\.mjs — giving up this cycle
[2026-06-06T00:41:33Z] Max restarts reached for: node.*buy30727-lane-supervisor\.mjs — giving up this cycle
[2026-06-06T00:41:33Z] Max restarts reached for: node.*buy30727-lane-supervisor\.mjs — giving up this cycle
[2026-06-06T00:42:03Z] Max restarts reached for: node.*buy30727-lane-supervisor\.mjs — giving up this cycle
[2026-06-06T00:42:03Z] Max restarts reached for: node.*buy30727-lane-supervisor\.mjs — giving up this cycle
[2026-06-06T00:42:33Z] Max restarts reached for: node.*buy30727-lane-supervisor\.mjs — giving up this cycle
[2026-06-06T00:42:33Z] Max restarts reached for: node.*buy30727-lane-supervisor\.mjs — giving up this cycle
[2026-06-06T00:43:03Z] Max restarts reached for: node.*buy30727-lane-supervisor\.mjs — giving up this cycle
[2026-06-06T00:43:03Z] Max restarts reached for: node.*buy30727-lane-supervisor\.mjs — giving up this cycle
[2026-06-06T00:43:33Z] Max restarts reached for: node.*buy30727-lane-supervisor\.mjs — giving up this cycle
[2026-06-06T00:43:33Z] Max restarts reached for: node.*buy30727-lane-supervisor\.mjs — giving up this cycle
[2026-06-06T00:44:03Z] Max restarts reached for: node.*buy30727-lane-supervisor\.mjs — giving up this cycle
[2026-06-06T00:44:03Z] Max restarts reached for: node.*buy30727-lane-supervisor\.mjs — giving up this cycle
[2026-06-06T00:44:33Z] Max restarts reached for: node.*buy30727-lane-supervisor\.mjs — giving up this cycle
[2026-06-06T00:44:33Z] Max restarts reached for: node.*buy30727-lane-supervisor\.mjs — giving up this cycle
[2026-06-06T00:45:04Z] Max restarts reached for: node.*buy30727-lane-supervisor\.mjs — giving up this cycle
[2026-06-06T00:45:04Z] Max restarts reached for: node.*buy30727-lane-supervisor\.mjs — giving up this cycle
[2026-06-06T00:45:34Z] Max restarts reached for: node.*buy30727-lane-supervisor\.mjs — giving up this cycle
[2026-06-06T00:45:34Z] Max restarts reached for: node.*buy30727-lane-supervisor\.mjs — giving up this cycle
[2026-06-06T00:46:04Z] Max restarts reached for: node.*buy30727-lane-supervisor\.mjs — giving up this cycle
[2026-06-06T00:46:04Z] Max restarts reached for: node.*buy30727-lane-supervisor\.mjs — giving up this cycle
[2026-06-06T00:46:34Z] Max restarts reached for: node.*buy30727-lane-supervisor\.mjs — giving up this cycle
[2026-06-06T00:46:34Z] Max restarts reached for: node.*buy30727-lane-supervisor\.mjs — giving up this cycle
[2026-06-06T00:47:04Z] Max restarts reached for: node.*buy30727-lane-supervisor\.mjs — giving up this cycle
[2026-06-06T00:47:04Z] Max restarts reached for: node.*buy30727-lane-supervisor\.mjs — giving up this cycle
[2026-06-06T00:47:34Z] Max restarts reached for: node.*buy30727-lane-supervisor\.mjs — giving up this cycle
[2026-06-06T00:47:34Z] Max restarts reached for: node.*buy30727-lane-supervisor\.mjs — giving up this cycle
[2026-06-06T00:48:04Z] Max restarts reached for: node.*buy30727-lane-supervisor\.mjs — giving up this cycle
[2026-06-06T00:48:04Z] Max restarts reached for: node.*buy30727-lane-supervisor\.mjs — giving up this cycle
[2026-06-06T00:48:34Z] Max restarts reached for: node.*buy30727-lane-supervisor\.mjs — giving up this cycle
[2026-06-06T00:48:34Z] Max restarts reached for: node.*buy30727-lane-supervisor\.mjs — giving up this cycle
[2026-06-06T00:49:04Z] Max restarts reached for: node.*buy30727-lane-supervisor\.mjs — giving up this cycle
[2026-06-06T00:49:04Z] Max restarts reached for: node.*buy30727-lane-supervisor\.mjs — giving up this cycle
[2026-06-06T00:49:34Z] Max restarts reached for: node.*buy30727-lane-supervisor\.mjs — giving up this cycle
[2026-06-06T00:49:34Z] Max restarts reached for: node.*buy30727-lane-supervisor\.mjs — giving up this cycle
[2026-06-06T00:50:04Z] Max restarts reached for: node.*buy30727-lane-supervisor\.mjs — giving up this cycle
[2026-06-06T00:50:04Z] Max restarts reached for: node.*buy30727-lane-supervisor\.mjs — giving up this cycle
[2026-06-06T00:50:34Z] Max restarts reached for: node.*buy30727-lane-supervisor\.mjs — giving up this cycle
[2026-06-06T00:50:34Z] Max restarts reached for: node.*buy30727-lane-supervisor\.mjs — giving up this cycle
[2026-06-06T00:51:04Z] Max restarts reached for: node.*buy30727-lane-supervisor\.mjs — giving up this cycle
[2026-06-06T00:51:04Z] Max restarts reached for: node.*buy30727-lane-supervisor\.mjs — giving up this cycle
[2026-06-06T00:51:34Z] Max restarts reached for: node.*buy30727-lane-supervisor\.mjs — giving up this cycle
[2026-06-06T00:51:34Z] Max restarts reached for: node.*buy30727-lane-supervisor\.mjs — giving up this cycle
[2026-06-06T00:52:04Z] Max restarts reached for: node.*buy30727-lane-supervisor\.mjs — giving up this cycle
[2026-06-06T00:52:04Z] Max restarts reached for: node.*buy30727-lane-supervisor\.mjs — giving up this cycle
[2026-06-06T00:52:34Z] Max restarts reached for: node.*buy30727-lane-supervisor\.mjs — giving up this cycle
[2026-06-06T00:52:34Z] Max restarts reached for: node.*buy30727-lane-supervisor\.mjs — giving up this cycle
[2026-06-06T00:53:04Z] Max restarts reached for: node.*buy30727-lane-supervisor\.mjs — giving up this cycle
[2026-06-06T00:53:04Z] Max restarts reached for: node.*buy30727-lane-supervisor\.mjs — giving up this cycle
[2026-06-06T00:53:34Z] Max restarts reached for: node.*buy30727-lane-supervisor\.mjs — giving up this cycle
[2026-06-06T00:53:34Z] Max restarts reached for: node.*buy30727-lane-supervisor\.mjs — giving up this cycle
[2026-06-06T00:54:04Z] Max restarts reached for: node.*buy30727-lane-supervisor\.mjs — giving up this cycle
[2026-06-06T00:54:04Z] Max restarts reached for: node.*buy30727-lane-supervisor\.mjs — giving up this cycle
[2026-06-06T00:54:34Z] Max restarts reached for: node.*buy30727-lane-supervisor\.mjs — giving up this cycle
[2026-06-06T00:54:34Z] Max restarts reached for: node.*buy30727-lane-supervisor\.mjs — giving up this cycle
[2026-06-06T00:55:05Z] Max restarts reached for: node.*buy30727-lane-supervisor\.mjs — giving up this cycle
[2026-06-06T00:55:05Z] Max restarts reached for: node.*buy30727-lane-supervisor\.mjs — giving up this cycle
[2026-06-06T00:55:35Z] Max restarts reached for: node.*buy30727-lane-supervisor\.mjs — giving up this cycle
[2026-06-06T00:55:35Z] Max restarts reached for: node.*buy30727-lane-supervisor\.mjs — giving up this cycle
[2026-06-06T00:56:05Z] Max restarts reached for: node.*buy30727-lane-supervisor\.mjs — giving up this cycle
[2026-06-06T00:56:05Z] Max restarts reached for: node.*buy30727-lane-supervisor\.mjs — giving up this cycle
[2026-06-06T00:56:35Z] Max restarts reached for: node.*buy30727-lane-supervisor\.mjs — giving up this cycle
[2026-06-06T00:56:35Z] Max restarts reached for: node.*buy30727-lane-supervisor\.mjs — giving up this cycle
[2026-06-06T00:57:05Z] Max restarts reached for: node.*buy30727-lane-supervisor\.mjs — giving up this cycle
[2026-06-06T00:57:05Z] Max restarts reached for: node.*buy30727-lane-supervisor\.mjs — giving up this cycle
[2026-06-06T00:57:35Z] Max restarts reached for: node.*buy30727-lane-supervisor\.mjs — giving up this cycle
[2026-06-06T00:57:35Z] Max restarts reached for: node.*buy30727-lane-supervisor\.mjs — giving up this cycle
[2026-06-06T00:58:05Z] Max restarts reached for: node.*buy30727-lane-supervisor\.mjs — giving up this cycle
[2026-06-06T00:58:05Z] Max restarts reached for: node.*buy30727-lane-supervisor\.mjs — giving up this cycle
[2026-06-06T00:58:35Z] Max restarts reached for: node.*buy30727-lane-supervisor\.mjs — giving up this cycle
[2026-06-06T00:58:35Z] Max restarts reached for: node.*buy30727-lane-supervisor\.mjs — giving up this cycle
[2026-06-06T00:59:05Z] Max restarts reached for: node.*buy30727-lane-supervisor\.mjs — giving up this cycle
[2026-06-06T00:59:05Z] Max restarts reached for: node.*buy30727-lane-supervisor\.mjs — giving up this cycle
[2026-06-06T00:59:35Z] Max restarts reached for: node.*buy30727-lane-supervisor\.mjs — giving up this cycle
[2026-06-06T00:59:35Z] Max restarts reached for: node.*buy30727-lane-supervisor\.mjs — giving up this cycle
[2026-06-06T01:00:05Z] Max restarts reached for: node.*buy30727-lane-supervisor\.mjs — giving up this cycle
[2026-06-06T01:00:05Z] Max restarts reached for: node.*buy30727-lane-supervisor\.mjs — giving up this cycle
[2026-06-06T01:00:35Z] Max restarts reached for: node.*buy30727-lane-supervisor\.mjs — giving up this cycle
[2026-06-06T01:00:35Z] Max restarts reached for: node.*buy30727-lane-supervisor\.mjs — giving up this cycle
[2026-06-06T01:01:05Z] Max restarts reached for: node.*buy30727-lane-supervisor\.mjs — giving up this cycle
[2026-06-06T01:01:05Z] Max restarts reached for: node.*buy30727-lane-supervisor\.mjs — giving up this cycle
[2026-06-06T01:01:35Z] Max restarts reached for: node.*buy30727-lane-supervisor\.mjs — giving up this cycle
[2026-06-06T01:01:35Z] Max restarts reached for: node.*buy30727-lane-supervisor\.mjs — giving up this cycle
[2026-06-06T01:02:05Z] Max restarts reached for: node.*buy30727-lane-supervisor\.mjs — giving up this cycle
[2026-06-06T01:02:05Z] Max restarts reached for: node.*buy30727-lane-supervisor\.mjs — giving up this cycle
[2026-06-06T01:02:35Z] Max restarts reached for: node.*buy30727-lane-supervisor\.mjs — giving up this cycle
[2026-06-06T01:02:35Z] Max restarts reached for: node.*buy30727-lane-supervisor\.mjs — giving up this cycle
[2026-06-06T01:03:05Z] Max restarts reached for: node.*buy30727-lane-supervisor\.mjs — giving up this cycle
[2026-06-06T01:03:05Z] Max restarts reached for: node.*buy30727-lane-supervisor\.mjs — giving up this cycle
[2026-06-06T01:03:35Z] Max restarts reached for: node.*buy30727-lane-supervisor\.mjs — giving up this cycle
[2026-06-06T01:03:35Z] Max restarts reached for: node.*buy30727-lane-supervisor\.mjs — giving up this cycle
[2026-06-06T01:04:05Z] Max restarts reached for: node.*buy30727-lane-supervisor\.mjs — giving up this cycle
[2026-06-06T01:04:05Z] Max restarts reached for: node.*buy30727-lane-supervisor\.mjs — giving up this cycle
[2026-06-06T01:04:36Z] Max restarts reached for: node.*buy30727-lane-supervisor\.mjs — giving up this cycle
[2026-06-06T01:04:36Z] Max restarts reached for: node.*buy30727-lane-supervisor\.mjs — giving up this cycle
[2026-06-06T01:05:06Z] Max restarts reached for: node.*buy30727-lane-supervisor\.mjs — giving up this cycle
[2026-06-06T01:05:06Z] Max restarts reached for: node.*buy30727-lane-supervisor\.mjs — giving up this cycle
[2026-06-06T01:05:36Z] Max restarts reached for: node.*buy30727-lane-supervisor\.mjs — giving up this cycle
[2026-06-06T01:05:36Z] Max restarts reached for: node.*buy30727-lane-supervisor\.mjs — giving up this cycle
[2026-06-06T01:06:06Z] Max restarts reached for: node.*buy30727-lane-supervisor\.mjs — giving up this cycle
[2026-06-06T01:06:06Z] Max restarts reached for: node.*buy30727-lane-supervisor\.mjs — giving up this cycle
[2026-06-06T01:06:36Z] Max restarts reached for: node.*buy30727-lane-supervisor\.mjs — giving up this cycle
[2026-06-06T01:06:36Z] Max restarts reached for: node.*buy30727-lane-supervisor\.mjs — giving up this cycle
[2026-06-06T01:07:06Z] Max restarts reached for: node.*buy30727-lane-supervisor\.mjs — giving up this cycle
[2026-06-06T01:07:06Z] Max restarts reached for: node.*buy30727-lane-supervisor\.mjs — giving up this cycle
[2026-06-06T01:07:36Z] Max restarts reached for: node.*buy30727-lane-supervisor\.mjs — giving up this cycle
[2026-06-06T01:07:36Z] Max restarts reached for: node.*buy30727-lane-supervisor\.mjs — giving up this cycle
[2026-06-06T01:08:06Z] Max restarts reached for: node.*buy30727-lane-supervisor\.mjs — giving up this cycle
[2026-06-06T01:08:06Z] Max restarts reached for: node.*buy30727-lane-supervisor\.mjs — giving up this cycle
[2026-06-06T01:08:36Z] Max restarts reached for: node.*buy30727-lane-supervisor\.mjs — giving up this cycle
[2026-06-06T01:08:36Z] Max restarts reached for: node.*buy30727-lane-supervisor\.mjs — giving up this cycle
[2026-06-06T01:09:06Z] Max restarts reached for: node.*buy30727-lane-supervisor\.mjs — giving up this cycle
[2026-06-06T01:09:06Z] Max restarts reached for: node.*buy30727-lane-supervisor\.mjs — giving up this cycle
[2026-06-06T01:09:36Z] Max restarts reached for: node.*buy30727-lane-supervisor\.mjs — giving up this cycle
[2026-06-06T01:09:36Z] Max restarts reached for: node.*buy30727-lane-supervisor\.mjs — giving up this cycle
[2026-06-06T01:10:06Z] Max restarts reached for: node.*buy30727-lane-supervisor\.mjs — giving up this cycle
[2026-06-06T01:10:06Z] Max restarts reached for: node.*buy30727-lane-supervisor\.mjs — giving up this cycle
[2026-06-06T01:10:36Z] Max restarts reached for: node.*buy30727-lane-supervisor\.mjs — giving up this cycle
[2026-06-06T01:10:36Z] Max restarts reached for: node.*buy30727-lane-supervisor\.mjs — giving up this cycle
[2026-06-06T01:11:06Z] Max restarts reached for: node.*buy30727-lane-supervisor\.mjs — giving up this cycle
[2026-06-06T01:11:06Z] Max restarts reached for: node.*buy30727-lane-supervisor\.mjs — giving up this cycle
[2026-06-06T01:11:36Z] Max restarts reached for: node.*buy30727-lane-supervisor\.mjs — giving up this cycle
[2026-06-06T01:11:36Z] Max restarts reached for: node.*buy30727-lane-supervisor\.mjs — giving up this cycle
[2026-06-06T01:12:06Z] Max restarts reached for: node.*buy30727-lane-supervisor\.mjs — giving up this cycle
[2026-06-06T01:12:06Z] Max restarts reached for: node.*buy30727-lane-supervisor\.mjs — giving up this cycle
[2026-06-06T01:12:36Z] Max restarts reached for: node.*buy30727-lane-supervisor\.mjs — giving up this cycle
[2026-06-06T01:12:36Z] Max restarts reached for: node.*buy30727-lane-supervisor\.mjs — giving up this cycle
[2026-06-06T01:13:06Z] Max restarts reached for: node.*buy30727-lane-supervisor\.mjs — giving up this cycle
[2026-06-06T01:13:06Z] Max restarts reached for: node.*buy30727-lane-supervisor\.mjs — giving up this cycle
[2026-06-06T01:13:36Z] Max restarts reached for: node.*buy30727-lane-supervisor\.mjs — giving up this cycle
[2026-06-06T01:13:36Z] Max restarts reached for: node.*buy30727-lane-supervisor\.mjs — giving up this cycle
[2026-06-06T01:14:06Z] Max restarts reached for: node.*buy30727-lane-supervisor\.mjs — giving up this cycle
[2026-06-06T01:14:06Z] Max restarts reached for: node.*buy30727-lane-supervisor\.mjs — giving up this cycle
[2026-06-06T01:14:37Z] Max restarts reached for: node.*buy30727-lane-supervisor\.mjs — giving up this cycle
[2026-06-06T01:14:37Z] Max restarts reached for: node.*buy30727-lane-supervisor\.mjs — giving up this cycle
[2026-06-06T01:15:07Z] Max restarts reached for: node.*buy30727-lane-supervisor\.mjs — giving up this cycle
[2026-06-06T01:15:07Z] Max restarts reached for: node.*buy30727-lane-supervisor\.mjs — giving up this cycle
[2026-06-06T01:15:37Z] Max restarts reached for: node.*buy30727-lane-supervisor\.mjs — giving up this cycle
[2026-06-06T01:15:37Z] Max restarts reached for: node.*buy30727-lane-supervisor\.mjs — giving up this cycle
[2026-06-06T01:16:07Z] Max restarts reached for: node.*buy30727-lane-supervisor\.mjs — giving up this cycle
[2026-06-06T01:16:07Z] Max restarts reached for: node.*buy30727-lane-supervisor\.mjs — giving up this cycle
[2026-06-06T01:16:37Z] Max restarts reached for: node.*buy30727-lane-supervisor\.mjs — giving up this cycle
[2026-06-06T01:16:37Z] Max restarts reached for: node.*buy30727-lane-supervisor\.mjs — giving up this cycle
[2026-06-06T01:17:07Z] Max restarts reached for: node.*buy30727-lane-supervisor\.mjs — giving up this cycle
[2026-06-06T01:17:07Z] Max restarts reached for: node.*buy30727-lane-supervisor\.mjs — giving up this cycle
[2026-06-06T01:17:37Z] Max restarts reached for: node.*buy30727-lane-supervisor\.mjs — giving up this cycle
[2026-06-06T01:17:37Z] Max restarts reached for: node.*buy30727-lane-supervisor\.mjs — giving up this cycle
[2026-06-06T01:18:07Z] Max restarts reached for: node.*buy30727-lane-supervisor\.mjs — giving up this cycle
[2026-06-06T01:18:07Z] Max restarts reached for: node.*buy30727-lane-supervisor\.mjs — giving up this cycle
[2026-06-06T01:18:37Z] Max restarts reached for: node.*buy30727-lane-supervisor\.mjs — giving up this cycle
[2026-06-06T01:18:37Z] Max restarts reached for: node.*buy30727-lane-supervisor\.mjs — giving up this cycle
[2026-06-06T01:19:07Z] Max restarts reached for: node.*buy30727-lane-supervisor\.mjs — giving up this cycle
[2026-06-06T01:19:07Z] Max restarts reached for: node.*buy30727-lane-supervisor\.mjs — giving up this cycle
[2026-06-06T01:19:37Z] Max restarts reached for: node.*buy30727-lane-supervisor\.mjs — giving up this cycle
[2026-06-06T01:19:37Z] Max restarts reached for: node.*buy30727-lane-supervisor\.mjs — giving up this cycle
[2026-06-06T01:20:07Z] Max restarts reached for: node.*buy30727-lane-supervisor\.mjs — giving up this cycle
[2026-06-06T01:20:07Z] Max restarts reached for: node.*buy30727-lane-supervisor\.mjs — giving up this cycle
[2026-06-06T01:20:37Z] Max restarts reached for: node.*buy30727-lane-supervisor\.mjs — giving up this cycle
[2026-06-06T01:20:37Z] Max restarts reached for: node.*buy30727-lane-supervisor\.mjs — giving up this cycle
[2026-06-06T01:21:07Z] Max restarts reached for: node.*buy30727-lane-supervisor\.mjs — giving up this cycle
[2026-06-06T01:21:07Z] Max restarts reached for: node.*buy30727-lane-supervisor\.mjs — giving up this cycle
[2026-06-06T01:21:37Z] Max restarts reached for: node.*buy30727-lane-supervisor\.mjs — giving up this cycle
[2026-06-06T01:21:37Z] Max restarts reached for: node.*buy30727-lane-supervisor\.mjs — giving up this cycle
[2026-06-06T01:22:07Z] Max restarts reached for: node.*buy30727-lane-supervisor\.mjs — giving up this cycle
[2026-06-06T01:22:07Z] Max restarts reached for: node.*buy30727-lane-supervisor\.mjs — giving up this cycle
[2026-06-06T01:22:37Z] Max restarts reached for: node.*buy30727-lane-supervisor\.mjs — giving up this cycle
[2026-06-06T01:22:37Z] Max restarts reached for: node.*buy30727-lane-supervisor\.mjs — giving up this cycle
[2026-06-06T01:23:08Z] Max restarts reached for: node.*buy30727-lane-supervisor\.mjs — giving up this cycle
[2026-06-06T01:23:08Z] Max restarts reached for: node.*buy30727-lane-supervisor\.mjs — giving up this cycle
[2026-06-06T01:23:38Z] Max restarts reached for: node.*buy30727-lane-supervisor\.mjs — giving up this cycle
[2026-06-06T01:23:38Z] Max restarts reached for: node.*buy30727-lane-supervisor\.mjs — giving up this cycle
[2026-06-06T01:24:08Z] Max restarts reached for: node.*buy30727-lane-supervisor\.mjs — giving up this cycle
[2026-06-06T01:24:08Z] Max restarts reached for: node.*buy30727-lane-supervisor\.mjs — giving up this cycle
[2026-06-06T01:24:38Z] Max restarts reached for: node.*buy30727-lane-supervisor\.mjs — giving up this cycle
[2026-06-06T01:24:38Z] Max restarts reached for: node.*buy30727-lane-supervisor\.mjs — giving up this cycle
[2026-06-06T01:25:08Z] Max restarts reached for: node.*buy30727-lane-supervisor\.mjs — giving up this cycle
[2026-06-06T01:25:08Z] Max restarts reached for: node.*buy30727-lane-supervisor\.mjs — giving up this cycle
[2026-06-06T01:25:38Z] Max restarts reached for: node.*buy30727-lane-supervisor\.mjs — giving up this cycle
[2026-06-06T01:25:38Z] Max restarts reached for: node.*buy30727-lane-supervisor\.mjs — giving up this cycle
[2026-06-06T01:26:08Z] Max restarts reached for: node.*buy30727-lane-supervisor\.mjs — giving up this cycle
[2026-06-06T01:26:08Z] Max restarts reached for: node.*buy30727-lane-supervisor\.mjs — giving up this cycle
[2026-06-06T01:26:38Z] Max restarts reached for: node.*buy30727-lane-supervisor\.mjs — giving up this cycle
[2026-06-06T01:26:38Z] Max restarts reached for: node.*buy30727-lane-supervisor\.mjs — giving up this cycle
[2026-06-06T01:27:08Z] Max restarts reached for: node.*buy30727-lane-supervisor\.mjs — giving up this cycle
[2026-06-06T01:27:08Z] Max restarts reached for: node.*buy30727-lane-supervisor\.mjs — giving up this cycle
[2026-06-06T01:27:38Z] Max restarts reached for: node.*buy30727-lane-supervisor\.mjs — giving up this cycle
[2026-06-06T01:27:38Z] Max restarts reached for: node.*buy30727-lane-supervisor\.mjs — giving up this cycle
[2026-06-06T01:28:08Z] Max restarts reached for: node.*buy30727-lane-supervisor\.mjs — giving up this cycle
[2026-06-06T01:28:08Z] Max restarts reached for: node.*buy30727-lane-supervisor\.mjs — giving up this cycle
[2026-06-06T01:28:38Z] Max restarts reached for: node.*buy30727-lane-supervisor\.mjs — giving up this cycle
[2026-06-06T01:28:38Z] Max restarts reached for: node.*buy30727-lane-supervisor\.mjs — giving up this cycle
[2026-06-06T01:29:08Z] Max restarts reached for: node.*buy30727-lane-supervisor\.mjs — giving up this cycle
[2026-06-06T01:29:08Z] Max restarts reached for: node.*buy30727-lane-supervisor\.mjs — giving up this cycle
[2026-06-06T01:29:38Z] Max restarts reached for: node.*buy30727-lane-supervisor\.mjs — giving up this cycle
[2026-06-06T01:29:38Z] Max restarts reached for: node.*buy30727-lane-supervisor\.mjs — giving up this cycle
[2026-06-06T01:30:08Z] Max restarts reached for: node.*buy30727-lane-supervisor\.mjs — giving up this cycle
[2026-06-06T01:30:08Z] Max restarts reached for: node.*buy30727-lane-supervisor\.mjs — giving up this cycle
[2026-06-06T01:30:38Z] Max restarts reached for: node.*buy30727-lane-supervisor\.mjs — giving up this cycle
[2026-06-06T01:30:38Z] Max restarts reached for: node.*buy30727-lane-supervisor\.mjs — giving up this cycle
[2026-06-06T01:31:08Z] Max restarts reached for: node.*buy30727-lane-supervisor\.mjs — giving up this cycle
[2026-06-06T01:31:08Z] Max restarts reached for: node.*buy30727-lane-supervisor\.mjs — giving up this cycle
[2026-06-06T01:31:38Z] Max restarts reached for: node.*buy30727-lane-supervisor\.mjs — giving up this cycle
[2026-06-06T01:31:38Z] Max restarts reached for: node.*buy30727-lane-supervisor\.mjs — giving up this cycle
[2026-06-06T01:32:09Z] Max restarts reached for: node.*buy30727-lane-supervisor\.mjs — giving up this cycle
[2026-06-06T01:32:09Z] Max restarts reached for: node.*buy30727-lane-supervisor\.mjs — giving up this cycle
[2026-06-06T01:32:39Z] Max restarts reached for: node.*buy30727-lane-supervisor\.mjs — giving up this cycle
[2026-06-06T01:32:39Z] Max restarts reached for: node.*buy30727-lane-supervisor\.mjs — giving up this cycle
[2026-06-06T01:33:09Z] Max restarts reached for: node.*buy30727-lane-supervisor\.mjs — giving up this cycle
[2026-06-06T01:33:09Z] Max restarts reached for: node.*buy30727-lane-supervisor\.mjs — giving up this cycle
[2026-06-06T01:33:39Z] Max restarts reached for: node.*buy30727-lane-supervisor\.mjs — giving up this cycle
[2026-06-06T01:33:39Z] Max restarts reached for: node.*buy30727-lane-supervisor\.mjs — giving up this cycle
[2026-06-06T01:34:09Z] Max restarts reached for: node.*buy30727-lane-supervisor\.mjs — giving up this cycle
[2026-06-06T01:34:09Z] Max restarts reached for: node.*buy30727-lane-supervisor\.mjs — giving up this cycle
[2026-06-06T01:34:39Z] Max restarts reached for: node.*buy30727-lane-supervisor\.mjs — giving up this cycle
[2026-06-06T01:34:39Z] Max restarts reached for: node.*buy30727-lane-supervisor\.mjs — giving up this cycle
[2026-06-06T01:35:09Z] Max restarts reached for: node.*buy30727-lane-supervisor\.mjs — giving up this cycle
[2026-06-06T01:35:09Z] Max restarts reached for: node.*buy30727-lane-supervisor\.mjs — giving up this cycle
[2026-06-06T01:35:40Z] Max restarts reached for: node.*buy30727-lane-supervisor\.mjs — giving up this cycle
[2026-06-06T01:35:40Z] Max restarts reached for: node.*buy30727-lane-supervisor\.mjs — giving up this cycle
[2026-06-06T01:36:10Z] Max restarts reached for: node.*buy30727-lane-supervisor\.mjs — giving up this cycle
[2026-06-06T01:36:10Z] Max restarts reached for: node.*buy30727-lane-supervisor\.mjs — giving up this cycle
[2026-06-06T01:36:40Z] Max restarts reached for: node.*buy30727-lane-supervisor\.mjs — giving up this cycle
[2026-06-06T01:36:40Z] Max restarts reached for: node.*buy30727-lane-supervisor\.mjs — giving up this cycle
[2026-06-06T01:37:10Z] Max restarts reached for: node.*buy30727-lane-supervisor\.mjs — giving up this cycle
[2026-06-06T01:37:10Z] Max restarts reached for: node.*buy30727-lane-supervisor\.mjs — giving up this cycle
[2026-06-06T01:37:40Z] Max restarts reached for: node.*buy30727-lane-supervisor\.mjs — giving up this cycle
[2026-06-06T01:37:40Z] Max restarts reached for: node.*buy30727-lane-supervisor\.mjs — giving up this cycle
[2026-06-06T01:38:11Z] Max restarts reached for: node.*buy30727-lane-supervisor\.mjs — giving up this cycle
[2026-06-06T01:38:11Z] Max restarts reached for: node.*buy30727-lane-supervisor\.mjs — giving up this cycle
[2026-06-06T01:38:42Z] Max restarts reached for: node.*buy30727-lane-supervisor\.mjs — giving up this cycle
[2026-06-06T01:38:42Z] Max restarts reached for: node.*buy30727-lane-supervisor\.mjs — giving up this cycle
[2026-06-06T01:39:12Z] Max restarts reached for: node.*buy30727-lane-supervisor\.mjs — giving up this cycle
[2026-06-06T01:39:12Z] Max restarts reached for: node.*buy30727-lane-supervisor\.mjs — giving up this cycle
[2026-06-06T01:39:42Z] Max restarts reached for: node.*buy30727-lane-supervisor\.mjs — giving up this cycle
[2026-06-06T01:39:42Z] Max restarts reached for: node.*buy30727-lane-supervisor\.mjs — giving up this cycle
[2026-06-06T01:40:12Z] Max restarts reached for: node.*buy30727-lane-supervisor\.mjs — giving up this cycle
[2026-06-06T01:40:12Z] Max restarts reached for: node.*buy30727-lane-supervisor\.mjs — giving up this cycle
[2026-06-06T01:40:42Z] Max restarts reached for: node.*buy30727-lane-supervisor\.mjs — giving up this cycle
[2026-06-06T01:40:42Z] Max restarts reached for: node.*buy30727-lane-supervisor\.mjs — giving up this cycle
[2026-06-06T01:41:12Z] Max restarts reached for: node.*buy30727-lane-supervisor\.mjs — giving up this cycle
[2026-06-06T01:41:12Z] Max restarts reached for: node.*buy30727-lane-supervisor\.mjs — giving up this cycle
[2026-06-06T01:41:46Z] Max restarts reached for: node.*buy30727-lane-supervisor\.mjs — giving up this cycle
[2026-06-06T01:41:46Z] Max restarts reached for: node.*buy30727-lane-supervisor\.mjs — giving up this cycle
[2026-06-06T01:42:47Z] Max restarts reached for: node.*buy30727-lane-supervisor\.mjs — giving up this cycle
[2026-06-06T01:42:47Z] Max restarts reached for: node.*buy30727-lane-supervisor\.mjs — giving up this cycle
[2026-06-06T01:43:17Z] Max restarts reached for: node.*buy30727-lane-supervisor\.mjs — giving up this cycle
[2026-06-06T01:43:17Z] Max restarts reached for: node.*buy30727-lane-supervisor\.mjs — giving up this cycle
[2026-06-06T01:43:47Z] Max restarts reached for: node.*buy30727-lane-supervisor\.mjs — giving up this cycle
[2026-06-06T01:43:47Z] Max restarts reached for: node.*buy30727-lane-supervisor\.mjs — giving up this cycle
[2026-06-06T01:44:19Z] Max restarts reached for: node.*buy30727-lane-supervisor\.mjs — giving up this cycle
[2026-06-06T01:44:19Z] Max restarts reached for: node.*buy30727-lane-supervisor\.mjs — giving up this cycle
[2026-06-06T01:44:54Z] Max restarts reached for: node.*buy30727-lane-supervisor\.mjs — giving up this cycle
[2026-06-06T01:44:54Z] Max restarts reached for: node.*buy30727-lane-supervisor\.mjs — giving up this cycle
[2026-06-06T01:45:24Z] Max restarts reached for: node.*buy30727-lane-supervisor\.mjs — giving up this cycle
[2026-06-06T01:45:24Z] Max restarts reached for: node.*buy30727-lane-supervisor\.mjs — giving up this cycle
[2026-06-06T01:45:54Z] Max restarts reached for: node.*buy30727-lane-supervisor\.mjs — giving up this cycle
[2026-06-06T01:45:54Z] Max restarts reached for: node.*buy30727-lane-supervisor\.mjs — giving up this cycle
[2026-06-06T01:46:24Z] Max restarts reached for: node.*buy30727-lane-supervisor\.mjs — giving up this cycle
[2026-06-06T01:46:24Z] Max restarts reached for: node.*buy30727-lane-supervisor\.mjs — giving up this cycle
[2026-06-06T01:46:55Z] Max restarts reached for: node.*buy30727-lane-supervisor\.mjs — giving up this cycle
[2026-06-06T01:46:55Z] Max restarts reached for: node.*buy30727-lane-supervisor\.mjs — giving up this cycle
[2026-06-06T01:47:25Z] Max restarts reached for: node.*buy30727-lane-supervisor\.mjs — giving up this cycle
[2026-06-06T01:47:25Z] Max restarts reached for: node.*buy30727-lane-supervisor\.mjs — giving up this cycle
[2026-06-06T01:47:55Z] Max restarts reached for: node.*buy30727-lane-supervisor\.mjs — giving up this cycle
[2026-06-06T01:47:55Z] Max restarts reached for: node.*buy30727-lane-supervisor\.mjs — giving up this cycle
[2026-06-06T01:48:25Z] Max restarts reached for: node.*buy30727-lane-supervisor\.mjs — giving up this cycle
[2026-06-06T01:48:25Z] Max restarts reached for: node.*buy30727-lane-supervisor\.mjs — giving up this cycle
[2026-06-06T01:48:55Z] Max restarts reached for: node.*buy30727-lane-supervisor\.mjs — giving up this cycle
[2026-06-06T01:48:55Z] Max restarts reached for: node.*buy30727-lane-supervisor\.mjs — giving up this cycle
[2026-06-06T01:49:25Z] Max restarts reached for: node.*buy30727-lane-supervisor\.mjs — giving up this cycle
[2026-06-06T01:49:25Z] Max restarts reached for: node.*buy30727-lane-supervisor\.mjs — giving up this cycle
[2026-06-06T01:49:55Z] Max restarts reached for: node.*buy30727-lane-supervisor\.mjs — giving up this cycle
[2026-06-06T01:49:55Z] Max restarts reached for: node.*buy30727-lane-supervisor\.mjs — giving up this cycle
[2026-06-06T01:50:25Z] Max restarts reached for: node.*buy30727-lane-supervisor\.mjs — giving up this cycle
[2026-06-06T01:50:25Z] Max restarts reached for: node.*buy30727-lane-supervisor\.mjs — giving up this cycle
[2026-06-06T01:50:55Z] Max restarts reached for: node.*buy30727-lane-supervisor\.mjs — giving up this cycle
[2026-06-06T01:50:55Z] Max restarts reached for: node.*buy30727-lane-supervisor\.mjs — giving up this cycle
[2026-06-06T01:51:25Z] Max restarts reached for: node.*buy30727-lane-supervisor\.mjs — giving up this cycle
[2026-06-06T01:51:25Z] Max restarts reached for: node.*buy30727-lane-supervisor\.mjs — giving up this cycle
[2026-06-06T01:51:55Z] Max restarts reached for: node.*buy30727-lane-supervisor\.mjs — giving up this cycle
[2026-06-06T01:51:55Z] Max restarts reached for: node.*buy30727-lane-supervisor\.mjs — giving up this cycle
[2026-06-06T01:52:25Z] Max restarts reached for: node.*buy30727-lane-supervisor\.mjs — giving up this cycle
[2026-06-06T01:52:25Z] Max restarts reached for: node.*buy30727-lane-supervisor\.mjs — giving up this cycle
[2026-06-06T01:52:55Z] Max restarts reached for: node.*buy30727-lane-supervisor\.mjs — giving up this cycle
[2026-06-06T01:52:55Z] Max restarts reached for: node.*buy30727-lane-supervisor\.mjs — giving up this cycle
[2026-06-06T01:53:25Z] Max restarts reached for: node.*buy30727-lane-supervisor\.mjs — giving up this cycle
[2026-06-06T01:53:25Z] Max restarts reached for: node.*buy30727-lane-supervisor\.mjs — giving up this cycle
[2026-06-06T01:53:48Z] Stale PID file, removing
[2026-06-06T01:53:48Z] Starting supervisor daemon...
[2026-06-06T01:53:48Z] === Restarting dead loops ===
[2026-06-06T01:53:48Z] Restarted 0 loops
[2026-06-06T01:53:48Z] === Supervisor starting (PID 4115396) ===
[2026-06-06T01:53:48Z] === Supervisor starting (PID 4115396) ===
[2026-06-06T01:53:49Z] Supervisor started (PID 4115396)
[2026-06-06T01:53:49Z] === Loop Supervisor Status ===
[2026-06-06T01:53:49Z]   ✓ buy30331-sustained-loop — PID 3742757, uptime    01:35:29
[2026-06-06T01:53:49Z]   ✓ buy30590-deep-page-loop — PID 3042321, uptime    04:52:35
[2026-06-06T01:53:49Z] Alive: 2, Dead: 0
[2026-06-06T01:53:49Z] Supervisor: running (PID 4115396)
[2026-06-06T01:55:18Z] Detected dead loop: node.*buy30331-sustained-loop\.mjs (restart #0)
[2026-06-06T01:55:18Z] Detected dead loop: node.*buy30331-sustained-loop\.mjs (restart #0)
[2026-06-06T01:55:18Z] Starting: buy30331-sustained-loop
[2026-06-06T01:55:18Z] Starting: buy30331-sustained-loop
[2026-06-06T01:55:28Z]   ✓ Started successfully (PID: 4120436)
[2026-06-06T01:55:28Z]   ✓ Started successfully (PID: 4120436)
[2026-06-06T01:55:28Z] Detected dead loop: node.*buy30590-deep-page-loop\.mjs (restart #0)
[2026-06-06T01:55:28Z] Detected dead loop: node.*buy30590-deep-page-loop\.mjs (restart #0)
[2026-06-06T01:55:28Z] Starting: buy30590-deep-page-loop
[2026-06-06T01:55:28Z] Starting: buy30590-deep-page-loop
[2026-06-06T01:55:38Z]   ✓ Started successfully (PID: 4121471)
[2026-06-06T01:55:38Z]   ✓ Started successfully (PID: 4121471)
[2026-06-06T01:59:09Z] Detected dead loop: node.*buy30331-sustained-loop\.mjs (restart #1)
[2026-06-06T01:59:09Z] Detected dead loop: node.*buy30331-sustained-loop\.mjs (restart #1)
[2026-06-06T01:59:09Z] Starting: buy30331-sustained-loop
[2026-06-06T01:59:09Z] Starting: buy30331-sustained-loop
[2026-06-06T01:59:21Z]   ✓ Started successfully (PID: 4153029)
[2026-06-06T01:59:21Z]   ✓ Started successfully (PID: 4153029)
[2026-06-06T02:31:29Z] Detected dead loop: node.*buy30331-sustained-loop\.mjs (restart #2)
[2026-06-06T02:31:29Z] Detected dead loop: node.*buy30331-sustained-loop\.mjs (restart #2)
[2026-06-06T02:31:29Z] Starting: buy30331-sustained-loop
[2026-06-06T02:31:29Z] Starting: buy30331-sustained-loop
[2026-06-06T02:31:39Z]   ✓ Started successfully (PID: 134813)
[2026-06-06T02:31:39Z]   ✓ Started successfully (PID: 134813)
[2026-06-06T02:32:09Z] Detected dead loop: node.*buy30331-sustained-loop\.mjs (restart #3)
[2026-06-06T02:32:09Z] Detected dead loop: node.*buy30331-sustained-loop\.mjs (restart #3)
[2026-06-06T02:32:09Z] Starting: buy30331-sustained-loop
[2026-06-06T02:32:09Z] Starting: buy30331-sustained-loop
[2026-06-06T02:32:20Z]   ✓ Started successfully (PID: 140070)
[2026-06-06T02:32:20Z]   ✓ Started successfully (PID: 140070)
[2026-06-06T03:53:02Z] Detected dead loop: node.*buy30590-deep-page-loop\.mjs (restart #1)
[2026-06-06T03:53:02Z] Detected dead loop: node.*buy30590-deep-page-loop\.mjs (restart #1)
[2026-06-06T03:53:02Z] Starting: buy30590-deep-page-loop
[2026-06-06T03:53:02Z] Starting: buy30590-deep-page-loop
[2026-06-06T03:53:12Z]   ✓ Started successfully (PID: 621306)
[2026-06-06T03:53:12Z]   ✓ Started successfully (PID: 621306)
[2026-06-06T05:51:03Z] Detected dead loop: node.*buy30331-sustained-loop\.mjs (restart #4)
[2026-06-06T05:51:03Z] Detected dead loop: node.*buy30331-sustained-loop\.mjs (restart #4)
[2026-06-06T05:51:03Z] Starting: buy30331-sustained-loop
[2026-06-06T05:51:03Z] Starting: buy30331-sustained-loop
[2026-06-06T05:51:14Z]   ✓ Started successfully (PID: 1010984)
[2026-06-06T05:51:14Z]   ✓ Started successfully (PID: 1010984)
[2026-06-06T05:51:14Z] Detected dead loop: node.*buy30590-deep-page-loop\.mjs (restart #2)
[2026-06-06T05:51:14Z] Detected dead loop: node.*buy30590-deep-page-loop\.mjs (restart #2)
[2026-06-06T05:51:14Z] Starting: buy30590-deep-page-loop
[2026-06-06T05:51:14Z] Starting: buy30590-deep-page-loop
[2026-06-06T05:51:24Z]   ✓ Started successfully (PID: 1011375)
[2026-06-06T05:51:24Z]   ✓ Started successfully (PID: 1011375)
