[2026-06-05T20:56:33.396Z] loaded 15704 candidate domains for deep-page
[2026-06-05T20:56:33.398Z] starting at cursor=2573, cycle=1406
[2026-06-05T20:56:38.035Z] deep cycle 1407: 80 domains → 1 hit → 4381 deep products → /paperclip/instances/default/workspaces/3ec8f6dd-1735-4479-9825-a2c42edac34c/data/buy30590_deep/deep-cycle-1407-2026-06-05T20-56-33-398Z.ndjson
[2026-06-05T20:58:43.627Z] deep cycle 1407 ingest: exit=0 125.6s === STREAM INGEST DONE ===
files=1 lines=4381 valid=4381 written=4381 errors=0
skipped: {}
top sources: [ [ 'shopify', 4381 ] ]
[2026-06-05T21:01:14.270Z] loaded 15704 candidate domains for deep-page
[2026-06-05T21:01:14.271Z] starting at cursor=2653, cycle=1407
[2026-06-05T21:03:15.665Z] deep cycle 1408: 80 domains → 16 hit → 70394 deep products → /paperclip/instances/default/workspaces/3ec8f6dd-1735-4479-9825-a2c42edac34c/data/buy30590_deep/deep-cycle-1408-2026-06-05T21-01-14-272Z.ndjson
[2026-06-05T21:05:50.643Z] deep cycle 1408 ingest: exit=0 155.0s === STREAM INGEST DONE ===
files=1 lines=70394 valid=70394 written=70394 errors=0
skipped: {}
top sources: [ [ 'shopify', 70394 ] ]
[2026-06-05T21:08:17.859Z] deep cycle 1409: 80 domains → 7 hit → 46611 deep products → /paperclip/instances/default/workspaces/3ec8f6dd-1735-4479-9825-a2c42edac34c/data/buy30590_deep/deep-cycle-1409-2026-06-05T21-05-55-681Z.ndjson
[2026-06-05T21:08:53.109Z] deep cycle 1409 ingest: exit=0 35.2s === STREAM INGEST DONE ===
files=1 lines=46611 valid=46611 written=46611 errors=0
skipped: {}
top sources: [ [ 'shopify', 46611 ] ]
[2026-06-05T21:09:02.355Z] deep cycle 1410: 80 domains → 3 hit → 1500 deep products → /paperclip/instances/default/workspaces/3ec8f6dd-1735-4479-9825-a2c42edac34c/data/buy30590_deep/deep-cycle-1410-2026-06-05T21-08-58-116Z.ndjson
[2026-06-05T21:09:03.358Z] deep cycle 1410 ingest: exit=0 1.0s === STREAM INGEST DONE ===
files=1 lines=1500 valid=1500 written=1500 errors=0
skipped: {}
top sources: [ [ 'shopify', 1500 ] ]
[2026-06-05T21:09:09.928Z] deep cycle 1411: 80 domains → 0 hit → 0 deep products → /paperclip/instances/default/workspaces/3ec8f6dd-1735-4479-9825-a2c42edac34c/data/buy30590_deep/deep-cycle-1411-2026-06-05T21-09-08-362Z.ndjson
[2026-06-05T21:09:16.483Z] deep cycle 1412: 80 domains → 0 hit → 0 deep products → /paperclip/instances/default/workspaces/3ec8f6dd-1735-4479-9825-a2c42edac34c/data/buy30590_deep/deep-cycle-1412-2026-06-05T21-09-14-933Z.ndjson
[2026-06-05T21:09:22.903Z] deep cycle 1413: 80 domains → 0 hit → 0 deep products → /paperclip/instances/default/workspaces/3ec8f6dd-1735-4479-9825-a2c42edac34c/data/buy30590_deep/deep-cycle-1413-2026-06-05T21-09-21-487Z.ndjson
[2026-06-05T21:09:29.067Z] deep cycle 1414: 80 domains → 0 hit → 0 deep products → /paperclip/instances/default/workspaces/3ec8f6dd-1735-4479-9825-a2c42edac34c/data/buy30590_deep/deep-cycle-1414-2026-06-05T21-09-27-907Z.ndjson
[2026-06-05T21:09:37.206Z] deep cycle 1415: 80 domains → 0 hit → 0 deep products → /paperclip/instances/default/workspaces/3ec8f6dd-1735-4479-9825-a2c42edac34c/data/buy30590_deep/deep-cycle-1415-2026-06-05T21-09-34-072Z.ndjson
[2026-06-05T21:09:43.835Z] deep cycle 1416: 80 domains → 0 hit → 0 deep products → /paperclip/instances/default/workspaces/3ec8f6dd-1735-4479-9825-a2c42edac34c/data/buy30590_deep/deep-cycle-1416-2026-06-05T21-09-42-208Z.ndjson
[2026-06-05T21:09:50.893Z] deep cycle 1417: 80 domains → 0 hit → 0 deep products → /paperclip/instances/default/workspaces/3ec8f6dd-1735-4479-9825-a2c42edac34c/data/buy30590_deep/deep-cycle-1417-2026-06-05T21-09-48-840Z.ndjson
[2026-06-05T21:09:57.514Z] deep cycle 1418: 80 domains → 0 hit → 0 deep products → /paperclip/instances/default/workspaces/3ec8f6dd-1735-4479-9825-a2c42edac34c/data/buy30590_deep/deep-cycle-1418-2026-06-05T21-09-55-898Z.ndjson
[2026-06-05T21:10:04.908Z] deep cycle 1419: 80 domains → 0 hit → 0 deep products → /paperclip/instances/default/workspaces/3ec8f6dd-1735-4479-9825-a2c42edac34c/data/buy30590_deep/deep-cycle-1419-2026-06-05T21-10-02-518Z.ndjson
[2026-06-05T21:10:10.984Z] deep cycle 1420: 80 domains → 0 hit → 0 deep products → /paperclip/instances/default/workspaces/3ec8f6dd-1735-4479-9825-a2c42edac34c/data/buy30590_deep/deep-cycle-1420-2026-06-05T21-10-09-912Z.ndjson
[2026-06-05T21:10:17.692Z] deep cycle 1421: 80 domains → 0 hit → 0 deep products → /paperclip/instances/default/workspaces/3ec8f6dd-1735-4479-9825-a2c42edac34c/data/buy30590_deep/deep-cycle-1421-2026-06-05T21-10-15-986Z.ndjson
[2026-06-05T21:10:24.413Z] deep cycle 1422: 80 domains → 0 hit → 0 deep products → /paperclip/instances/default/workspaces/3ec8f6dd-1735-4479-9825-a2c42edac34c/data/buy30590_deep/deep-cycle-1422-2026-06-05T21-10-22-697Z.ndjson
[2026-06-05T21:10:31.525Z] deep cycle 1423: 80 domains → 0 hit → 0 deep products → /paperclip/instances/default/workspaces/3ec8f6dd-1735-4479-9825-a2c42edac34c/data/buy30590_deep/deep-cycle-1423-2026-06-05T21-10-29-415Z.ndjson
[2026-06-05T21:10:47.543Z] deep cycle 1424: 80 domains → 0 hit → 0 deep products → /paperclip/instances/default/workspaces/3ec8f6dd-1735-4479-9825-a2c42edac34c/data/buy30590_deep/deep-cycle-1424-2026-06-05T21-10-36-526Z.ndjson
[2026-06-05T21:10:55.968Z] deep cycle 1425: 80 domains → 0 hit → 0 deep products → /paperclip/instances/default/workspaces/3ec8f6dd-1735-4479-9825-a2c42edac34c/data/buy30590_deep/deep-cycle-1425-2026-06-05T21-10-52-547Z.ndjson
[2026-06-05T21:11:04.342Z] deep cycle 1426: 80 domains → 0 hit → 0 deep products → /paperclip/instances/default/workspaces/3ec8f6dd-1735-4479-9825-a2c42edac34c/data/buy30590_deep/deep-cycle-1426-2026-06-05T21-11-00-972Z.ndjson
[2026-06-05T21:11:11.289Z] deep cycle 1427: 80 domains → 0 hit → 0 deep products → /paperclip/instances/default/workspaces/3ec8f6dd-1735-4479-9825-a2c42edac34c/data/buy30590_deep/deep-cycle-1427-2026-06-05T21-11-09-351Z.ndjson
[2026-06-05T21:11:19.663Z] deep cycle 1428: 80 domains → 1 hit → 250 deep products → /paperclip/instances/default/workspaces/3ec8f6dd-1735-4479-9825-a2c42edac34c/data/buy30590_deep/deep-cycle-1428-2026-06-05T21-11-16-295Z.ndjson
[2026-06-05T21:11:22.922Z] deep cycle 1428 ingest: exit=0 3.3s === STREAM INGEST DONE ===
files=1 lines=250 valid=250 written=250 errors=0
skipped: {}
top sources: [ [ 'shopify', 250 ] ]
[2026-06-05T21:11:30.732Z] deep cycle 1429: 80 domains → 0 hit → 0 deep products → /paperclip/instances/default/workspaces/3ec8f6dd-1735-4479-9825-a2c42edac34c/data/buy30590_deep/deep-cycle-1429-2026-06-05T21-11-27-927Z.ndjson
[2026-06-05T21:11:37.515Z] deep cycle 1430: 80 domains → 0 hit → 0 deep products → /paperclip/instances/default/workspaces/3ec8f6dd-1735-4479-9825-a2c42edac34c/data/buy30590_deep/deep-cycle-1430-2026-06-05T21-11-35-734Z.ndjson
[2026-06-05T21:11:44.631Z] deep cycle 1431: 80 domains → 0 hit → 0 deep products → /paperclip/instances/default/workspaces/3ec8f6dd-1735-4479-9825-a2c42edac34c/data/buy30590_deep/deep-cycle-1431-2026-06-05T21-11-42-519Z.ndjson
[2026-06-05T21:11:52.267Z] deep cycle 1432: 80 domains → 0 hit → 0 deep products → /paperclip/instances/default/workspaces/3ec8f6dd-1735-4479-9825-a2c42edac34c/data/buy30590_deep/deep-cycle-1432-2026-06-05T21-11-49-632Z.ndjson
[2026-06-05T21:11:58.860Z] deep cycle 1433: 80 domains → 0 hit → 0 deep products → /paperclip/instances/default/workspaces/3ec8f6dd-1735-4479-9825-a2c42edac34c/data/buy30590_deep/deep-cycle-1433-2026-06-05T21-11-57-273Z.ndjson
[2026-06-05T21:12:05.311Z] deep cycle 1434: 80 domains → 0 hit → 0 deep products → /paperclip/instances/default/workspaces/3ec8f6dd-1735-4479-9825-a2c42edac34c/data/buy30590_deep/deep-cycle-1434-2026-06-05T21-12-03-860Z.ndjson
[2026-06-05T21:12:12.337Z] deep cycle 1435: 80 domains → 0 hit → 0 deep products → /paperclip/instances/default/workspaces/3ec8f6dd-1735-4479-9825-a2c42edac34c/data/buy30590_deep/deep-cycle-1435-2026-06-05T21-12-10-317Z.ndjson
[2026-06-05T21:12:19.013Z] deep cycle 1436: 80 domains → 0 hit → 0 deep products → /paperclip/instances/default/workspaces/3ec8f6dd-1735-4479-9825-a2c42edac34c/data/buy30590_deep/deep-cycle-1436-2026-06-05T21-12-17-341Z.ndjson
[2026-06-05T21:12:26.186Z] deep cycle 1437: 80 domains → 0 hit → 0 deep products → /paperclip/instances/default/workspaces/3ec8f6dd-1735-4479-9825-a2c42edac34c/data/buy30590_deep/deep-cycle-1437-2026-06-05T21-12-24-018Z.ndjson
[2026-06-05T21:12:33.539Z] deep cycle 1438: 80 domains → 0 hit → 0 deep products → /paperclip/instances/default/workspaces/3ec8f6dd-1735-4479-9825-a2c42edac34c/data/buy30590_deep/deep-cycle-1438-2026-06-05T21-12-31-187Z.ndjson
[2026-06-05T21:12:41.032Z] deep cycle 1439: 80 domains → 0 hit → 0 deep products → /paperclip/instances/default/workspaces/3ec8f6dd-1735-4479-9825-a2c42edac34c/data/buy30590_deep/deep-cycle-1439-2026-06-05T21-12-38-544Z.ndjson
[2026-06-05T21:12:48.354Z] deep cycle 1440: 80 domains → 0 hit → 0 deep products → /paperclip/instances/default/workspaces/3ec8f6dd-1735-4479-9825-a2c42edac34c/data/buy30590_deep/deep-cycle-1440-2026-06-05T21-12-46-037Z.ndjson
[2026-06-05T21:12:55.883Z] deep cycle 1441: 80 domains → 0 hit → 0 deep products → /paperclip/instances/default/workspaces/3ec8f6dd-1735-4479-9825-a2c42edac34c/data/buy30590_deep/deep-cycle-1441-2026-06-05T21-12-53-359Z.ndjson
[2026-06-05T21:13:02.578Z] deep cycle 1442: 80 domains → 0 hit → 0 deep products → /paperclip/instances/default/workspaces/3ec8f6dd-1735-4479-9825-a2c42edac34c/data/buy30590_deep/deep-cycle-1442-2026-06-05T21-13-00-884Z.ndjson
[2026-06-05T21:13:09.625Z] deep cycle 1443: 80 domains → 0 hit → 0 deep products → /paperclip/instances/default/workspaces/3ec8f6dd-1735-4479-9825-a2c42edac34c/data/buy30590_deep/deep-cycle-1443-2026-06-05T21-13-07-581Z.ndjson
[2026-06-05T21:13:17.146Z] deep cycle 1444: 80 domains → 0 hit → 0 deep products → /paperclip/instances/default/workspaces/3ec8f6dd-1735-4479-9825-a2c42edac34c/data/buy30590_deep/deep-cycle-1444-2026-06-05T21-13-14-630Z.ndjson
[2026-06-05T21:13:26.733Z] deep cycle 1445: 80 domains → 1 hit → 250 deep products → /paperclip/instances/default/workspaces/3ec8f6dd-1735-4479-9825-a2c42edac34c/data/buy30590_deep/deep-cycle-1445-2026-06-05T21-13-22-150Z.ndjson
[2026-06-05T21:13:34.145Z] deep cycle 1445 ingest: exit=0 7.4s === STREAM INGEST DONE ===
files=1 lines=250 valid=250 written=250 errors=0
skipped: {}
top sources: [ [ 'shopify', 250 ] ]
[2026-06-05T21:13:40.968Z] deep cycle 1446: 80 domains → 0 hit → 0 deep products → /paperclip/instances/default/workspaces/3ec8f6dd-1735-4479-9825-a2c42edac34c/data/buy30590_deep/deep-cycle-1446-2026-06-05T21-13-39-150Z.ndjson
[2026-06-05T21:13:47.511Z] deep cycle 1447: 80 domains → 0 hit → 0 deep products → /paperclip/instances/default/workspaces/3ec8f6dd-1735-4479-9825-a2c42edac34c/data/buy30590_deep/deep-cycle-1447-2026-06-05T21-13-45-969Z.ndjson
[2026-06-05T21:13:54.019Z] deep cycle 1448: 80 domains → 0 hit → 0 deep products → /paperclip/instances/default/workspaces/3ec8f6dd-1735-4479-9825-a2c42edac34c/data/buy30590_deep/deep-cycle-1448-2026-06-05T21-13-52-516Z.ndjson
[2026-06-05T21:14:01.001Z] deep cycle 1449: 80 domains → 0 hit → 0 deep products → /paperclip/instances/default/workspaces/3ec8f6dd-1735-4479-9825-a2c42edac34c/data/buy30590_deep/deep-cycle-1449-2026-06-05T21-13-59-020Z.ndjson
[2026-06-05T21:14:08.493Z] deep cycle 1450: 80 domains → 0 hit → 0 deep products → /paperclip/instances/default/workspaces/3ec8f6dd-1735-4479-9825-a2c42edac34c/data/buy30590_deep/deep-cycle-1450-2026-06-05T21-14-06-005Z.ndjson
[2026-06-05T21:14:15.274Z] deep cycle 1451: 80 domains → 0 hit → 0 deep products → /paperclip/instances/default/workspaces/3ec8f6dd-1735-4479-9825-a2c42edac34c/data/buy30590_deep/deep-cycle-1451-2026-06-05T21-14-13-498Z.ndjson
[2026-06-05T21:14:22.146Z] deep cycle 1452: 80 domains → 0 hit → 0 deep products → /paperclip/instances/default/workspaces/3ec8f6dd-1735-4479-9825-a2c42edac34c/data/buy30590_deep/deep-cycle-1452-2026-06-05T21-14-20-276Z.ndjson
[2026-06-05T21:14:35.361Z] deep cycle 1453: 80 domains → 1 hit → 2975 deep products → /paperclip/instances/default/workspaces/3ec8f6dd-1735-4479-9825-a2c42edac34c/data/buy30590_deep/deep-cycle-1453-2026-06-05T21-14-27-148Z.ndjson
[2026-06-05T21:14:55.569Z] deep cycle 1453 ingest: exit=0 20.2s === STREAM INGEST DONE ===
files=1 lines=2975 valid=2975 written=2975 errors=0
skipped: {}
top sources: [ [ 'shopify', 2975 ] ]
[2026-06-05T21:15:02.646Z] deep cycle 1454: 80 domains → 0 hit → 0 deep products → /paperclip/instances/default/workspaces/3ec8f6dd-1735-4479-9825-a2c42edac34c/data/buy30590_deep/deep-cycle-1454-2026-06-05T21-15-00-573Z.ndjson
[2026-06-05T21:15:09.167Z] deep cycle 1455: 80 domains → 0 hit → 0 deep products → /paperclip/instances/default/workspaces/3ec8f6dd-1735-4479-9825-a2c42edac34c/data/buy30590_deep/deep-cycle-1455-2026-06-05T21-15-07-652Z.ndjson
[2026-06-05T21:15:16.787Z] deep cycle 1456: 80 domains → 0 hit → 0 deep products → /paperclip/instances/default/workspaces/3ec8f6dd-1735-4479-9825-a2c42edac34c/data/buy30590_deep/deep-cycle-1456-2026-06-05T21-15-14-172Z.ndjson
[2026-06-05T21:15:23.455Z] deep cycle 1457: 80 domains → 0 hit → 0 deep products → /paperclip/instances/default/workspaces/3ec8f6dd-1735-4479-9825-a2c42edac34c/data/buy30590_deep/deep-cycle-1457-2026-06-05T21-15-21-788Z.ndjson
[2026-06-05T21:15:30.310Z] deep cycle 1458: 80 domains → 0 hit → 0 deep products → /paperclip/instances/default/workspaces/3ec8f6dd-1735-4479-9825-a2c42edac34c/data/buy30590_deep/deep-cycle-1458-2026-06-05T21-15-28-460Z.ndjson
[2026-06-05T21:15:36.665Z] deep cycle 1459: 80 domains → 0 hit → 0 deep products → /paperclip/instances/default/workspaces/3ec8f6dd-1735-4479-9825-a2c42edac34c/data/buy30590_deep/deep-cycle-1459-2026-06-05T21-15-35-311Z.ndjson
[2026-06-05T21:15:43.244Z] deep cycle 1460: 80 domains → 0 hit → 0 deep products → /paperclip/instances/default/workspaces/3ec8f6dd-1735-4479-9825-a2c42edac34c/data/buy30590_deep/deep-cycle-1460-2026-06-05T21-15-41-666Z.ndjson
[2026-06-05T21:15:50.222Z] deep cycle 1461: 80 domains → 0 hit → 0 deep products → /paperclip/instances/default/workspaces/3ec8f6dd-1735-4479-9825-a2c42edac34c/data/buy30590_deep/deep-cycle-1461-2026-06-05T21-15-48-250Z.ndjson
[2026-06-05T21:15:57.200Z] deep cycle 1462: 80 domains → 0 hit → 0 deep products → /paperclip/instances/default/workspaces/3ec8f6dd-1735-4479-9825-a2c42edac34c/data/buy30590_deep/deep-cycle-1462-2026-06-05T21-15-55-223Z.ndjson
[2026-06-05T21:16:04.420Z] deep cycle 1463: 80 domains → 0 hit → 0 deep products → /paperclip/instances/default/workspaces/3ec8f6dd-1735-4479-9825-a2c42edac34c/data/buy30590_deep/deep-cycle-1463-2026-06-05T21-16-02-202Z.ndjson
[2026-06-05T21:16:11.884Z] deep cycle 1464: 80 domains → 0 hit → 0 deep products → /paperclip/instances/default/workspaces/3ec8f6dd-1735-4479-9825-a2c42edac34c/data/buy30590_deep/deep-cycle-1464-2026-06-05T21-16-09-422Z.ndjson
[2026-06-05T21:16:18.889Z] deep cycle 1465: 80 domains → 0 hit → 0 deep products → /paperclip/instances/default/workspaces/3ec8f6dd-1735-4479-9825-a2c42edac34c/data/buy30590_deep/deep-cycle-1465-2026-06-05T21-16-16-890Z.ndjson
[2026-06-05T21:16:25.849Z] deep cycle 1466: 80 domains → 0 hit → 0 deep products → /paperclip/instances/default/workspaces/3ec8f6dd-1735-4479-9825-a2c42edac34c/data/buy30590_deep/deep-cycle-1466-2026-06-05T21-16-23-890Z.ndjson
[2026-06-05T21:16:32.261Z] deep cycle 1467: 80 domains → 0 hit → 0 deep products → /paperclip/instances/default/workspaces/3ec8f6dd-1735-4479-9825-a2c42edac34c/data/buy30590_deep/deep-cycle-1467-2026-06-05T21-16-30-851Z.ndjson
[2026-06-05T21:16:38.827Z] deep cycle 1468: 80 domains → 0 hit → 0 deep products → /paperclip/instances/default/workspaces/3ec8f6dd-1735-4479-9825-a2c42edac34c/data/buy30590_deep/deep-cycle-1468-2026-06-05T21-16-37-264Z.ndjson
[2026-06-05T21:16:46.239Z] deep cycle 1469: 80 domains → 0 hit → 0 deep products → /paperclip/instances/default/workspaces/3ec8f6dd-1735-4479-9825-a2c42edac34c/data/buy30590_deep/deep-cycle-1469-2026-06-05T21-16-43-833Z.ndjson
[2026-06-05T21:16:53.517Z] deep cycle 1470: 80 domains → 0 hit → 0 deep products → /paperclip/instances/default/workspaces/3ec8f6dd-1735-4479-9825-a2c42edac34c/data/buy30590_deep/deep-cycle-1470-2026-06-05T21-16-51-248Z.ndjson
[2026-06-05T21:17:00.395Z] deep cycle 1471: 80 domains → 0 hit → 0 deep products → /paperclip/instances/default/workspaces/3ec8f6dd-1735-4479-9825-a2c42edac34c/data/buy30590_deep/deep-cycle-1471-2026-06-05T21-16-58-518Z.ndjson
[2026-06-05T21:17:07.510Z] deep cycle 1472: 80 domains → 0 hit → 0 deep products → /paperclip/instances/default/workspaces/3ec8f6dd-1735-4479-9825-a2c42edac34c/data/buy30590_deep/deep-cycle-1472-2026-06-05T21-17-05-400Z.ndjson
[2026-06-05T21:17:14.799Z] deep cycle 1473: 80 domains → 0 hit → 0 deep products → /paperclip/instances/default/workspaces/3ec8f6dd-1735-4479-9825-a2c42edac34c/data/buy30590_deep/deep-cycle-1473-2026-06-05T21-17-12-515Z.ndjson
[2026-06-05T21:17:22.055Z] deep cycle 1474: 80 domains → 0 hit → 0 deep products → /paperclip/instances/default/workspaces/3ec8f6dd-1735-4479-9825-a2c42edac34c/data/buy30590_deep/deep-cycle-1474-2026-06-05T21-17-19-805Z.ndjson
[2026-06-05T21:17:28.899Z] deep cycle 1475: 80 domains → 0 hit → 0 deep products → /paperclip/instances/default/workspaces/3ec8f6dd-1735-4479-9825-a2c42edac34c/data/buy30590_deep/deep-cycle-1475-2026-06-05T21-17-27-060Z.ndjson
[2026-06-05T21:17:37.376Z] deep cycle 1476: 80 domains → 0 hit → 0 deep products → /paperclip/instances/default/workspaces/3ec8f6dd-1735-4479-9825-a2c42edac34c/data/buy30590_deep/deep-cycle-1476-2026-06-05T21-17-33-904Z.ndjson
[2026-06-05T21:17:44.233Z] deep cycle 1477: 80 domains → 0 hit → 0 deep products → /paperclip/instances/default/workspaces/3ec8f6dd-1735-4479-9825-a2c42edac34c/data/buy30590_deep/deep-cycle-1477-2026-06-05T21-17-42-381Z.ndjson
[2026-06-05T21:17:50.873Z] deep cycle 1478: 80 domains → 0 hit → 0 deep products → /paperclip/instances/default/workspaces/3ec8f6dd-1735-4479-9825-a2c42edac34c/data/buy30590_deep/deep-cycle-1478-2026-06-05T21-17-49-238Z.ndjson
[2026-06-05T21:17:57.606Z] deep cycle 1479: 80 domains → 0 hit → 0 deep products → /paperclip/instances/default/workspaces/3ec8f6dd-1735-4479-9825-a2c42edac34c/data/buy30590_deep/deep-cycle-1479-2026-06-05T21-17-55-877Z.ndjson
[2026-06-05T21:18:04.876Z] deep cycle 1480: 80 domains → 0 hit → 0 deep products → /paperclip/instances/default/workspaces/3ec8f6dd-1735-4479-9825-a2c42edac34c/data/buy30590_deep/deep-cycle-1480-2026-06-05T21-18-02-608Z.ndjson
[2026-06-05T21:18:11.684Z] deep cycle 1481: 80 domains → 0 hit → 0 deep products → /paperclip/instances/default/workspaces/3ec8f6dd-1735-4479-9825-a2c42edac34c/data/buy30590_deep/deep-cycle-1481-2026-06-05T21-18-09-880Z.ndjson
[2026-06-05T21:18:18.371Z] deep cycle 1482: 80 domains → 0 hit → 0 deep products → /paperclip/instances/default/workspaces/3ec8f6dd-1735-4479-9825-a2c42edac34c/data/buy30590_deep/deep-cycle-1482-2026-06-05T21-18-16-690Z.ndjson
[2026-06-05T21:18:24.933Z] deep cycle 1483: 80 domains → 0 hit → 0 deep products → /paperclip/instances/default/workspaces/3ec8f6dd-1735-4479-9825-a2c42edac34c/data/buy30590_deep/deep-cycle-1483-2026-06-05T21-18-23-376Z.ndjson
[2026-06-05T21:18:30.983Z] deep cycle 1484: 80 domains → 0 hit → 0 deep products → /paperclip/instances/default/workspaces/3ec8f6dd-1735-4479-9825-a2c42edac34c/data/buy30590_deep/deep-cycle-1484-2026-06-05T21-18-29-934Z.ndjson
[2026-06-05T21:18:37.368Z] deep cycle 1485: 80 domains → 0 hit → 0 deep products → /paperclip/instances/default/workspaces/3ec8f6dd-1735-4479-9825-a2c42edac34c/data/buy30590_deep/deep-cycle-1485-2026-06-05T21-18-35-992Z.ndjson
[2026-06-05T21:18:44.671Z] deep cycle 1486: 80 domains → 0 hit → 0 deep products → /paperclip/instances/default/workspaces/3ec8f6dd-1735-4479-9825-a2c42edac34c/data/buy30590_deep/deep-cycle-1486-2026-06-05T21-18-42-374Z.ndjson
[2026-06-05T21:18:51.388Z] deep cycle 1487: 80 domains → 0 hit → 0 deep products → /paperclip/instances/default/workspaces/3ec8f6dd-1735-4479-9825-a2c42edac34c/data/buy30590_deep/deep-cycle-1487-2026-06-05T21-18-49-671Z.ndjson
[2026-06-05T21:18:58.952Z] deep cycle 1488: 80 domains → 0 hit → 0 deep products → /paperclip/instances/default/workspaces/3ec8f6dd-1735-4479-9825-a2c42edac34c/data/buy30590_deep/deep-cycle-1488-2026-06-05T21-18-56-394Z.ndjson
[2026-06-05T21:19:30.198Z] deep cycle 1489: 80 domains → 2 hit → 17500 deep products → /paperclip/instances/default/workspaces/3ec8f6dd-1735-4479-9825-a2c42edac34c/data/buy30590_deep/deep-cycle-1489-2026-06-05T21-19-03-953Z.ndjson
[2026-06-05T21:24:10.826Z] deep cycle 1489 ingest: exit=0 280.6s === STREAM INGEST DONE ===
files=1 lines=17500 valid=17500 written=17500 errors=0
skipped: {}
top sources: [ [ 'shopify', 17500 ] ]
[2026-06-05T21:24:18.304Z] deep cycle 1490: 80 domains → 0 hit → 0 deep products → /paperclip/instances/default/workspaces/3ec8f6dd-1735-4479-9825-a2c42edac34c/data/buy30590_deep/deep-cycle-1490-2026-06-05T21-24-15-854Z.ndjson
[2026-06-05T21:24:24.437Z] deep cycle 1491: 80 domains → 0 hit → 0 deep products → /paperclip/instances/default/workspaces/3ec8f6dd-1735-4479-9825-a2c42edac34c/data/buy30590_deep/deep-cycle-1491-2026-06-05T21-24-23-309Z.ndjson
[2026-06-05T21:24:31.571Z] deep cycle 1492: 80 domains → 0 hit → 0 deep products → /paperclip/instances/default/workspaces/3ec8f6dd-1735-4479-9825-a2c42edac34c/data/buy30590_deep/deep-cycle-1492-2026-06-05T21-24-29-440Z.ndjson
[2026-06-05T21:24:38.127Z] deep cycle 1493: 80 domains → 0 hit → 0 deep products → /paperclip/instances/default/workspaces/3ec8f6dd-1735-4479-9825-a2c42edac34c/data/buy30590_deep/deep-cycle-1493-2026-06-05T21-24-36-574Z.ndjson
[2026-06-05T21:24:56.420Z] deep cycle 1494: 80 domains → 0 hit → 0 deep products → /paperclip/instances/default/workspaces/3ec8f6dd-1735-4479-9825-a2c42edac34c/data/buy30590_deep/deep-cycle-1494-2026-06-05T21-24-43-128Z.ndjson
[2026-06-05T21:25:03.961Z] deep cycle 1495: 80 domains → 0 hit → 0 deep products → /paperclip/instances/default/workspaces/3ec8f6dd-1735-4479-9825-a2c42edac34c/data/buy30590_deep/deep-cycle-1495-2026-06-05T21-25-01-422Z.ndjson
[2026-06-05T21:25:11.494Z] deep cycle 1496: 80 domains → 0 hit → 0 deep products → /paperclip/instances/default/workspaces/3ec8f6dd-1735-4479-9825-a2c42edac34c/data/buy30590_deep/deep-cycle-1496-2026-06-05T21-25-08-965Z.ndjson
[2026-06-05T21:25:20.879Z] deep cycle 1497: 80 domains → 0 hit → 0 deep products → /paperclip/instances/default/workspaces/3ec8f6dd-1735-4479-9825-a2c42edac34c/data/buy30590_deep/deep-cycle-1497-2026-06-05T21-25-16-496Z.ndjson
[2026-06-05T21:25:27.414Z] deep cycle 1498: 80 domains → 0 hit → 0 deep products → /paperclip/instances/default/workspaces/3ec8f6dd-1735-4479-9825-a2c42edac34c/data/buy30590_deep/deep-cycle-1498-2026-06-05T21-25-25-880Z.ndjson
[2026-06-05T21:25:35.401Z] deep cycle 1499: 80 domains → 0 hit → 0 deep products → /paperclip/instances/default/workspaces/3ec8f6dd-1735-4479-9825-a2c42edac34c/data/buy30590_deep/deep-cycle-1499-2026-06-05T21-25-32-426Z.ndjson
[2026-06-05T21:25:42.204Z] deep cycle 1500: 80 domains → 0 hit → 0 deep products → /paperclip/instances/default/workspaces/3ec8f6dd-1735-4479-9825-a2c42edac34c/data/buy30590_deep/deep-cycle-1500-2026-06-05T21-25-40-409Z.ndjson
[2026-06-05T21:25:48.821Z] deep cycle 1501: 80 domains → 0 hit → 0 deep products → /paperclip/instances/default/workspaces/3ec8f6dd-1735-4479-9825-a2c42edac34c/data/buy30590_deep/deep-cycle-1501-2026-06-05T21-25-47-205Z.ndjson
[2026-06-05T21:25:55.690Z] deep cycle 1502: 80 domains → 0 hit → 0 deep products → /paperclip/instances/default/workspaces/3ec8f6dd-1735-4479-9825-a2c42edac34c/data/buy30590_deep/deep-cycle-1502-2026-06-05T21-25-53-824Z.ndjson
[2026-06-05T21:26:03.655Z] deep cycle 1503: 80 domains → 0 hit → 0 deep products → /paperclip/instances/default/workspaces/3ec8f6dd-1735-4479-9825-a2c42edac34c/data/buy30590_deep/deep-cycle-1503-2026-06-05T21-26-00-695Z.ndjson
[2026-06-05T21:26:10.530Z] deep cycle 1504: 80 domains → 0 hit → 0 deep products → /paperclip/instances/default/workspaces/3ec8f6dd-1735-4479-9825-a2c42edac34c/data/buy30590_deep/deep-cycle-1504-2026-06-05T21-26-08-658Z.ndjson
[2026-06-05T21:26:19.507Z] deep cycle 1505: 80 domains → 0 hit → 0 deep products → /paperclip/instances/default/workspaces/3ec8f6dd-1735-4479-9825-a2c42edac34c/data/buy30590_deep/deep-cycle-1505-2026-06-05T21-26-15-535Z.ndjson
[2026-06-05T21:26:27.549Z] deep cycle 1506: 80 domains → 0 hit → 0 deep products → /paperclip/instances/default/workspaces/3ec8f6dd-1735-4479-9825-a2c42edac34c/data/buy30590_deep/deep-cycle-1506-2026-06-05T21-26-24-509Z.ndjson
[2026-06-05T21:26:34.562Z] deep cycle 1507: 80 domains → 0 hit → 0 deep products → /paperclip/instances/default/workspaces/3ec8f6dd-1735-4479-9825-a2c42edac34c/data/buy30590_deep/deep-cycle-1507-2026-06-05T21-26-32-554Z.ndjson
[2026-06-05T21:26:41.251Z] deep cycle 1508: 80 domains → 0 hit → 0 deep products → /paperclip/instances/default/workspaces/3ec8f6dd-1735-4479-9825-a2c42edac34c/data/buy30590_deep/deep-cycle-1508-2026-06-05T21-26-39-566Z.ndjson
[2026-06-05T21:26:48.577Z] deep cycle 1509: 80 domains → 0 hit → 0 deep products → /paperclip/instances/default/workspaces/3ec8f6dd-1735-4479-9825-a2c42edac34c/data/buy30590_deep/deep-cycle-1509-2026-06-05T21-26-46-255Z.ndjson
[2026-06-05T21:26:56.007Z] deep cycle 1510: 80 domains → 0 hit → 0 deep products → /paperclip/instances/default/workspaces/3ec8f6dd-1735-4479-9825-a2c42edac34c/data/buy30590_deep/deep-cycle-1510-2026-06-05T21-26-53-582Z.ndjson
[2026-06-05T21:27:03.543Z] deep cycle 1511: 80 domains → 0 hit → 0 deep products → /paperclip/instances/default/workspaces/3ec8f6dd-1735-4479-9825-a2c42edac34c/data/buy30590_deep/deep-cycle-1511-2026-06-05T21-27-01-013Z.ndjson
[2026-06-05T21:27:10.291Z] deep cycle 1512: 80 domains → 0 hit → 0 deep products → /paperclip/instances/default/workspaces/3ec8f6dd-1735-4479-9825-a2c42edac34c/data/buy30590_deep/deep-cycle-1512-2026-06-05T21-27-08-543Z.ndjson
[2026-06-05T21:27:17.819Z] deep cycle 1513: 80 domains → 0 hit → 0 deep products → /paperclip/instances/default/workspaces/3ec8f6dd-1735-4479-9825-a2c42edac34c/data/buy30590_deep/deep-cycle-1513-2026-06-05T21-27-15-293Z.ndjson
[2026-06-05T21:27:30.626Z] deep cycle 1514: 80 domains → 0 hit → 0 deep products → /paperclip/instances/default/workspaces/3ec8f6dd-1735-4479-9825-a2c42edac34c/data/buy30590_deep/deep-cycle-1514-2026-06-05T21-27-22-820Z.ndjson
[2026-06-05T21:27:37.649Z] deep cycle 1515: 80 domains → 0 hit → 0 deep products → /paperclip/instances/default/workspaces/3ec8f6dd-1735-4479-9825-a2c42edac34c/data/buy30590_deep/deep-cycle-1515-2026-06-05T21-27-35-631Z.ndjson
[2026-06-05T21:27:44.873Z] deep cycle 1516: 80 domains → 0 hit → 0 deep products → /paperclip/instances/default/workspaces/3ec8f6dd-1735-4479-9825-a2c42edac34c/data/buy30590_deep/deep-cycle-1516-2026-06-05T21-27-42-654Z.ndjson
[2026-06-05T21:27:50.623Z] deep cycle 1517: 80 domains → 0 hit → 0 deep products → /paperclip/instances/default/workspaces/3ec8f6dd-1735-4479-9825-a2c42edac34c/data/buy30590_deep/deep-cycle-1517-2026-06-05T21-27-49-879Z.ndjson
[2026-06-05T21:27:56.896Z] deep cycle 1518: 80 domains → 0 hit → 0 deep products → /paperclip/instances/default/workspaces/3ec8f6dd-1735-4479-9825-a2c42edac34c/data/buy30590_deep/deep-cycle-1518-2026-06-05T21-27-55-628Z.ndjson
[2026-06-05T21:28:05.077Z] deep cycle 1519: 80 domains → 0 hit → 0 deep products → /paperclip/instances/default/workspaces/3ec8f6dd-1735-4479-9825-a2c42edac34c/data/buy30590_deep/deep-cycle-1519-2026-06-05T21-28-01-903Z.ndjson
[2026-06-05T21:28:11.883Z] deep cycle 1520: 80 domains → 0 hit → 0 deep products → /paperclip/instances/default/workspaces/3ec8f6dd-1735-4479-9825-a2c42edac34c/data/buy30590_deep/deep-cycle-1520-2026-06-05T21-28-10-078Z.ndjson
[2026-06-05T21:28:19.556Z] deep cycle 1521: 80 domains → 0 hit → 0 deep products → /paperclip/instances/default/workspaces/3ec8f6dd-1735-4479-9825-a2c42edac34c/data/buy30590_deep/deep-cycle-1521-2026-06-05T21-28-16-888Z.ndjson
[2026-06-05T21:28:25.818Z] deep cycle 1522: 80 domains → 0 hit → 0 deep products → /paperclip/instances/default/workspaces/3ec8f6dd-1735-4479-9825-a2c42edac34c/data/buy30590_deep/deep-cycle-1522-2026-06-05T21-28-24-561Z.ndjson
[2026-06-05T21:28:31.737Z] deep cycle 1523: 80 domains → 0 hit → 0 deep products → /paperclip/instances/default/workspaces/3ec8f6dd-1735-4479-9825-a2c42edac34c/data/buy30590_deep/deep-cycle-1523-2026-06-05T21-28-30-823Z.ndjson
[2026-06-05T21:28:38.426Z] deep cycle 1524: 80 domains → 0 hit → 0 deep products → /paperclip/instances/default/workspaces/3ec8f6dd-1735-4479-9825-a2c42edac34c/data/buy30590_deep/deep-cycle-1524-2026-06-05T21-28-36-742Z.ndjson
[2026-06-05T21:28:44.890Z] deep cycle 1525: 80 domains → 0 hit → 0 deep products → /paperclip/instances/default/workspaces/3ec8f6dd-1735-4479-9825-a2c42edac34c/data/buy30590_deep/deep-cycle-1525-2026-06-05T21-28-43-430Z.ndjson
[2026-06-05T21:28:50.788Z] deep cycle 1526: 80 domains → 0 hit → 0 deep products → /paperclip/instances/default/workspaces/3ec8f6dd-1735-4479-9825-a2c42edac34c/data/buy30590_deep/deep-cycle-1526-2026-06-05T21-28-49-890Z.ndjson
[2026-06-05T21:28:56.066Z] deep cycle 1527: 80 domains → 0 hit → 0 deep products → /paperclip/instances/default/workspaces/3ec8f6dd-1735-4479-9825-a2c42edac34c/data/buy30590_deep/deep-cycle-1527-2026-06-05T21-28-55-789Z.ndjson
[2026-06-05T21:29:01.400Z] deep cycle 1528: 80 domains → 0 hit → 0 deep products → /paperclip/instances/default/workspaces/3ec8f6dd-1735-4479-9825-a2c42edac34c/data/buy30590_deep/deep-cycle-1528-2026-06-05T21-29-01-071Z.ndjson
[2026-06-05T21:29:06.691Z] deep cycle 1529: 80 domains → 0 hit → 0 deep products → /paperclip/instances/default/workspaces/3ec8f6dd-1735-4479-9825-a2c42edac34c/data/buy30590_deep/deep-cycle-1529-2026-06-05T21-29-06-401Z.ndjson
[2026-06-05T21:29:11.968Z] deep cycle 1530: 80 domains → 0 hit → 0 deep products → /paperclip/instances/default/workspaces/3ec8f6dd-1735-4479-9825-a2c42edac34c/data/buy30590_deep/deep-cycle-1530-2026-06-05T21-29-11-693Z.ndjson
[2026-06-05T21:29:17.356Z] deep cycle 1531: 80 domains → 0 hit → 0 deep products → /paperclip/instances/default/workspaces/3ec8f6dd-1735-4479-9825-a2c42edac34c/data/buy30590_deep/deep-cycle-1531-2026-06-05T21-29-16-973Z.ndjson
[2026-06-05T21:29:22.658Z] deep cycle 1532: 80 domains → 0 hit → 0 deep products → /paperclip/instances/default/workspaces/3ec8f6dd-1735-4479-9825-a2c42edac34c/data/buy30590_deep/deep-cycle-1532-2026-06-05T21-29-22-357Z.ndjson
[2026-06-05T21:29:28.267Z] deep cycle 1533: 80 domains → 0 hit → 0 deep products → /paperclip/instances/default/workspaces/3ec8f6dd-1735-4479-9825-a2c42edac34c/data/buy30590_deep/deep-cycle-1533-2026-06-05T21-29-27-660Z.ndjson
[2026-06-05T21:29:36.394Z] deep cycle 1534: 80 domains → 2 hit → 2000 deep products → /paperclip/instances/default/workspaces/3ec8f6dd-1735-4479-9825-a2c42edac34c/data/buy30590_deep/deep-cycle-1534-2026-06-05T21-29-33-268Z.ndjson
[2026-06-05T21:30:15.986Z] deep cycle 1534 ingest: exit=0 39.6s === STREAM INGEST DONE ===
files=1 lines=2000 valid=2000 written=2000 errors=0
skipped: {}
top sources: [ [ 'shopify', 2000 ] ]
[2026-06-05T21:30:21.323Z] deep cycle 1535: 80 domains → 0 hit → 0 deep products → /paperclip/instances/default/workspaces/3ec8f6dd-1735-4479-9825-a2c42edac34c/data/buy30590_deep/deep-cycle-1535-2026-06-05T21-30-20-995Z.ndjson
[2026-06-05T21:30:26.625Z] deep cycle 1536: 80 domains → 0 hit → 0 deep products → /paperclip/instances/default/workspaces/3ec8f6dd-1735-4479-9825-a2c42edac34c/data/buy30590_deep/deep-cycle-1536-2026-06-05T21-30-26-324Z.ndjson
[2026-06-05T21:30:31.916Z] deep cycle 1537: 80 domains → 0 hit → 0 deep products → /paperclip/instances/default/workspaces/3ec8f6dd-1735-4479-9825-a2c42edac34c/data/buy30590_deep/deep-cycle-1537-2026-06-05T21-30-31-629Z.ndjson
[2026-06-05T21:30:37.190Z] deep cycle 1538: 80 domains → 0 hit → 0 deep products → /paperclip/instances/default/workspaces/3ec8f6dd-1735-4479-9825-a2c42edac34c/data/buy30590_deep/deep-cycle-1538-2026-06-05T21-30-36-921Z.ndjson
[2026-06-05T21:30:42.782Z] deep cycle 1539: 80 domains → 0 hit → 0 deep products → /paperclip/instances/default/workspaces/3ec8f6dd-1735-4479-9825-a2c42edac34c/data/buy30590_deep/deep-cycle-1539-2026-06-05T21-30-42-191Z.ndjson
[2026-06-05T21:30:48.184Z] deep cycle 1540: 80 domains → 0 hit → 0 deep products → /paperclip/instances/default/workspaces/3ec8f6dd-1735-4479-9825-a2c42edac34c/data/buy30590_deep/deep-cycle-1540-2026-06-05T21-30-47-786Z.ndjson
[2026-06-05T21:30:53.516Z] deep cycle 1541: 80 domains → 0 hit → 0 deep products → /paperclip/instances/default/workspaces/3ec8f6dd-1735-4479-9825-a2c42edac34c/data/buy30590_deep/deep-cycle-1541-2026-06-05T21-30-53-187Z.ndjson
[2026-06-05T21:30:58.825Z] deep cycle 1542: 80 domains → 0 hit → 0 deep products → /paperclip/instances/default/workspaces/3ec8f6dd-1735-4479-9825-a2c42edac34c/data/buy30590_deep/deep-cycle-1542-2026-06-05T21-30-58-521Z.ndjson
[2026-06-05T21:31:04.224Z] deep cycle 1543: 80 domains → 0 hit → 0 deep products → /paperclip/instances/default/workspaces/3ec8f6dd-1735-4479-9825-a2c42edac34c/data/buy30590_deep/deep-cycle-1543-2026-06-05T21-31-03-829Z.ndjson
[2026-06-05T21:31:09.588Z] deep cycle 1544: 80 domains → 0 hit → 0 deep products → /paperclip/instances/default/workspaces/3ec8f6dd-1735-4479-9825-a2c42edac34c/data/buy30590_deep/deep-cycle-1544-2026-06-05T21-31-09-229Z.ndjson
[2026-06-05T21:31:15.021Z] deep cycle 1545: 80 domains → 0 hit → 0 deep products → /paperclip/instances/default/workspaces/3ec8f6dd-1735-4479-9825-a2c42edac34c/data/buy30590_deep/deep-cycle-1545-2026-06-05T21-31-14-591Z.ndjson
[2026-06-05T21:31:20.313Z] deep cycle 1546: 80 domains → 0 hit → 0 deep products → /paperclip/instances/default/workspaces/3ec8f6dd-1735-4479-9825-a2c42edac34c/data/buy30590_deep/deep-cycle-1546-2026-06-05T21-31-20-025Z.ndjson
[2026-06-05T21:31:25.609Z] deep cycle 1547: 80 domains → 0 hit → 0 deep products → /paperclip/instances/default/workspaces/3ec8f6dd-1735-4479-9825-a2c42edac34c/data/buy30590_deep/deep-cycle-1547-2026-06-05T21-31-25-318Z.ndjson
[2026-06-05T21:31:30.905Z] deep cycle 1548: 80 domains → 0 hit → 0 deep products → /paperclip/instances/default/workspaces/3ec8f6dd-1735-4479-9825-a2c42edac34c/data/buy30590_deep/deep-cycle-1548-2026-06-05T21-31-30-614Z.ndjson
[2026-06-05T21:31:36.265Z] deep cycle 1549: 80 domains → 0 hit → 0 deep products → /paperclip/instances/default/workspaces/3ec8f6dd-1735-4479-9825-a2c42edac34c/data/buy30590_deep/deep-cycle-1549-2026-06-05T21-31-35-909Z.ndjson
[2026-06-05T21:31:41.568Z] deep cycle 1550: 80 domains → 0 hit → 0 deep products → /paperclip/instances/default/workspaces/3ec8f6dd-1735-4479-9825-a2c42edac34c/data/buy30590_deep/deep-cycle-1550-2026-06-05T21-31-41-270Z.ndjson
[2026-06-05T21:31:46.893Z] deep cycle 1551: 80 domains → 0 hit → 0 deep products → /paperclip/instances/default/workspaces/3ec8f6dd-1735-4479-9825-a2c42edac34c/data/buy30590_deep/deep-cycle-1551-2026-06-05T21-31-46-570Z.ndjson
[2026-06-05T21:31:52.379Z] deep cycle 1552: 80 domains → 0 hit → 0 deep products → /paperclip/instances/default/workspaces/3ec8f6dd-1735-4479-9825-a2c42edac34c/data/buy30590_deep/deep-cycle-1552-2026-06-05T21-31-51-899Z.ndjson
[2026-06-05T21:31:57.909Z] deep cycle 1553: 80 domains → 0 hit → 0 deep products → /paperclip/instances/default/workspaces/3ec8f6dd-1735-4479-9825-a2c42edac34c/data/buy30590_deep/deep-cycle-1553-2026-06-05T21-31-57-384Z.ndjson
[2026-06-05T21:32:03.337Z] deep cycle 1554: 80 domains → 0 hit → 0 deep products → /paperclip/instances/default/workspaces/3ec8f6dd-1735-4479-9825-a2c42edac34c/data/buy30590_deep/deep-cycle-1554-2026-06-05T21-32-02-914Z.ndjson
[2026-06-05T21:32:08.620Z] deep cycle 1555: 80 domains → 0 hit → 0 deep products → /paperclip/instances/default/workspaces/3ec8f6dd-1735-4479-9825-a2c42edac34c/data/buy30590_deep/deep-cycle-1555-2026-06-05T21-32-08-342Z.ndjson
[2026-06-05T21:32:13.958Z] deep cycle 1556: 80 domains → 0 hit → 0 deep products → /paperclip/instances/default/workspaces/3ec8f6dd-1735-4479-9825-a2c42edac34c/data/buy30590_deep/deep-cycle-1556-2026-06-05T21-32-13-624Z.ndjson
[2026-06-05T21:32:19.252Z] deep cycle 1557: 80 domains → 0 hit → 0 deep products → /paperclip/instances/default/workspaces/3ec8f6dd-1735-4479-9825-a2c42edac34c/data/buy30590_deep/deep-cycle-1557-2026-06-05T21-32-18-963Z.ndjson
[2026-06-05T21:32:24.811Z] deep cycle 1558: 80 domains → 0 hit → 0 deep products → /paperclip/instances/default/workspaces/3ec8f6dd-1735-4479-9825-a2c42edac34c/data/buy30590_deep/deep-cycle-1558-2026-06-05T21-32-24-258Z.ndjson
[2026-06-05T21:32:30.404Z] deep cycle 1559: 80 domains → 0 hit → 0 deep products → /paperclip/instances/default/workspaces/3ec8f6dd-1735-4479-9825-a2c42edac34c/data/buy30590_deep/deep-cycle-1559-2026-06-05T21-32-29-815Z.ndjson
[2026-06-05T21:32:35.728Z] deep cycle 1560: 80 domains → 0 hit → 0 deep products → /paperclip/instances/default/workspaces/3ec8f6dd-1735-4479-9825-a2c42edac34c/data/buy30590_deep/deep-cycle-1560-2026-06-05T21-32-35-409Z.ndjson
[2026-06-05T21:32:41.039Z] deep cycle 1561: 80 domains → 0 hit → 0 deep products → /paperclip/instances/default/workspaces/3ec8f6dd-1735-4479-9825-a2c42edac34c/data/buy30590_deep/deep-cycle-1561-2026-06-05T21-32-40-733Z.ndjson
[2026-06-05T21:32:46.338Z] deep cycle 1562: 80 domains → 0 hit → 0 deep products → /paperclip/instances/default/workspaces/3ec8f6dd-1735-4479-9825-a2c42edac34c/data/buy30590_deep/deep-cycle-1562-2026-06-05T21-32-46-043Z.ndjson
[2026-06-05T21:32:51.691Z] deep cycle 1563: 80 domains → 0 hit → 0 deep products → /paperclip/instances/default/workspaces/3ec8f6dd-1735-4479-9825-a2c42edac34c/data/buy30590_deep/deep-cycle-1563-2026-06-05T21-32-51-341Z.ndjson
[2026-06-05T21:32:57.011Z] deep cycle 1564: 80 domains → 0 hit → 0 deep products → /paperclip/instances/default/workspaces/3ec8f6dd-1735-4479-9825-a2c42edac34c/data/buy30590_deep/deep-cycle-1564-2026-06-05T21-32-56-691Z.ndjson
[2026-06-05T21:33:02.582Z] deep cycle 1565: 80 domains → 0 hit → 0 deep products → /paperclip/instances/default/workspaces/3ec8f6dd-1735-4479-9825-a2c42edac34c/data/buy30590_deep/deep-cycle-1565-2026-06-05T21-33-02-017Z.ndjson
[2026-06-05T21:33:07.909Z] deep cycle 1566: 80 domains → 0 hit → 0 deep products → /paperclip/instances/default/workspaces/3ec8f6dd-1735-4479-9825-a2c42edac34c/data/buy30590_deep/deep-cycle-1566-2026-06-05T21-33-07-588Z.ndjson
[2026-06-05T21:33:13.382Z] deep cycle 1567: 80 domains → 0 hit → 0 deep products → /paperclip/instances/default/workspaces/3ec8f6dd-1735-4479-9825-a2c42edac34c/data/buy30590_deep/deep-cycle-1567-2026-06-05T21-33-12-909Z.ndjson
[2026-06-05T21:33:18.784Z] deep cycle 1568: 80 domains → 0 hit → 0 deep products → /paperclip/instances/default/workspaces/3ec8f6dd-1735-4479-9825-a2c42edac34c/data/buy30590_deep/deep-cycle-1568-2026-06-05T21-33-18-388Z.ndjson
[2026-06-05T21:33:24.097Z] deep cycle 1569: 80 domains → 0 hit → 0 deep products → /paperclip/instances/default/workspaces/3ec8f6dd-1735-4479-9825-a2c42edac34c/data/buy30590_deep/deep-cycle-1569-2026-06-05T21-33-23-790Z.ndjson
[2026-06-05T21:33:29.415Z] deep cycle 1570: 80 domains → 0 hit → 0 deep products → /paperclip/instances/default/workspaces/3ec8f6dd-1735-4479-9825-a2c42edac34c/data/buy30590_deep/deep-cycle-1570-2026-06-05T21-33-29-098Z.ndjson
[2026-06-05T21:33:34.941Z] deep cycle 1571: 80 domains → 0 hit → 0 deep products → /paperclip/instances/default/workspaces/3ec8f6dd-1735-4479-9825-a2c42edac34c/data/buy30590_deep/deep-cycle-1571-2026-06-05T21-33-34-420Z.ndjson
[2026-06-05T21:33:40.237Z] deep cycle 1572: 80 domains → 0 hit → 0 deep products → /paperclip/instances/default/workspaces/3ec8f6dd-1735-4479-9825-a2c42edac34c/data/buy30590_deep/deep-cycle-1572-2026-06-05T21-33-39-946Z.ndjson
[2026-06-05T21:33:53.979Z] deep cycle 1573: 80 domains → 1 hit → 3400 deep products → /paperclip/instances/default/workspaces/3ec8f6dd-1735-4479-9825-a2c42edac34c/data/buy30590_deep/deep-cycle-1573-2026-06-05T21-33-45-243Z.ndjson
[2026-06-05T21:34:02.410Z] deep cycle 1573 ingest: exit=0 8.4s === STREAM INGEST DONE ===
files=1 lines=3400 valid=3400 written=3400 errors=0
skipped: {}
top sources: [ [ 'shopify', 3400 ] ]
[2026-06-05T21:34:08.014Z] deep cycle 1574: 80 domains → 0 hit → 0 deep products → /paperclip/instances/default/workspaces/3ec8f6dd-1735-4479-9825-a2c42edac34c/data/buy30590_deep/deep-cycle-1574-2026-06-05T21-34-07-416Z.ndjson
[2026-06-05T21:34:13.349Z] deep cycle 1575: 80 domains → 0 hit → 0 deep products → /paperclip/instances/default/workspaces/3ec8f6dd-1735-4479-9825-a2c42edac34c/data/buy30590_deep/deep-cycle-1575-2026-06-05T21-34-13-015Z.ndjson
[2026-06-05T21:34:19.594Z] deep cycle 1576: 80 domains → 0 hit → 0 deep products → /paperclip/instances/default/workspaces/3ec8f6dd-1735-4479-9825-a2c42edac34c/data/buy30590_deep/deep-cycle-1576-2026-06-05T21-34-18-350Z.ndjson
[2026-06-05T21:34:26.631Z] deep cycle 1577: 80 domains → 1 hit → 330 deep products → /paperclip/instances/default/workspaces/3ec8f6dd-1735-4479-9825-a2c42edac34c/data/buy30590_deep/deep-cycle-1577-2026-06-05T21-34-24-599Z.ndjson
[2026-06-05T21:35:00.100Z] deep cycle 1577 ingest: exit=0 33.5s === STREAM INGEST DONE ===
files=1 lines=330 valid=330 written=330 errors=0
skipped: {}
top sources: [ [ 'shopify', 330 ] ]
[2026-06-05T21:35:06.836Z] deep cycle 1578: 80 domains → 0 hit → 0 deep products → /paperclip/instances/default/workspaces/3ec8f6dd-1735-4479-9825-a2c42edac34c/data/buy30590_deep/deep-cycle-1578-2026-06-05T21-35-05-104Z.ndjson
[2026-06-05T21:35:15.118Z] deep cycle 1579: 80 domains → 0 hit → 0 deep products → /paperclip/instances/default/workspaces/3ec8f6dd-1735-4479-9825-a2c42edac34c/data/buy30590_deep/deep-cycle-1579-2026-06-05T21-35-11-841Z.ndjson
[2026-06-05T21:35:23.029Z] deep cycle 1580: 80 domains → 0 hit → 0 deep products → /paperclip/instances/default/workspaces/3ec8f6dd-1735-4479-9825-a2c42edac34c/data/buy30590_deep/deep-cycle-1580-2026-06-05T21-35-20-124Z.ndjson
[2026-06-05T21:35:30.372Z] deep cycle 1581: 80 domains → 0 hit → 0 deep products → /paperclip/instances/default/workspaces/3ec8f6dd-1735-4479-9825-a2c42edac34c/data/buy30590_deep/deep-cycle-1581-2026-06-05T21-35-28-031Z.ndjson
[2026-06-05T21:35:35.665Z] deep cycle 1582: 80 domains → 0 hit → 0 deep products → /paperclip/instances/default/workspaces/3ec8f6dd-1735-4479-9825-a2c42edac34c/data/buy30590_deep/deep-cycle-1582-2026-06-05T21-35-35-374Z.ndjson
[2026-06-05T21:35:41.394Z] deep cycle 1583: 80 domains → 0 hit → 0 deep products → /paperclip/instances/default/workspaces/3ec8f6dd-1735-4479-9825-a2c42edac34c/data/buy30590_deep/deep-cycle-1583-2026-06-05T21-35-40-670Z.ndjson
[2026-06-05T21:35:48.322Z] deep cycle 1584: 80 domains → 0 hit → 0 deep products → /paperclip/instances/default/workspaces/3ec8f6dd-1735-4479-9825-a2c42edac34c/data/buy30590_deep/deep-cycle-1584-2026-06-05T21-35-46-399Z.ndjson
[2026-06-05T21:35:54.235Z] deep cycle 1585: 80 domains → 0 hit → 0 deep products → /paperclip/instances/default/workspaces/3ec8f6dd-1735-4479-9825-a2c42edac34c/data/buy30590_deep/deep-cycle-1585-2026-06-05T21-35-53-327Z.ndjson
[2026-06-05T21:36:10.736Z] deep cycle 1586: 80 domains → 0 hit → 0 deep products → /paperclip/instances/default/workspaces/3ec8f6dd-1735-4479-9825-a2c42edac34c/data/buy30590_deep/deep-cycle-1586-2026-06-05T21-35-59-240Z.ndjson
[2026-06-05T21:36:17.680Z] deep cycle 1587: 80 domains → 0 hit → 0 deep products → /paperclip/instances/default/workspaces/3ec8f6dd-1735-4479-9825-a2c42edac34c/data/buy30590_deep/deep-cycle-1587-2026-06-05T21-36-15-737Z.ndjson
[2026-06-05T21:36:24.381Z] deep cycle 1588: 80 domains → 0 hit → 0 deep products → /paperclip/instances/default/workspaces/3ec8f6dd-1735-4479-9825-a2c42edac34c/data/buy30590_deep/deep-cycle-1588-2026-06-05T21-36-22-680Z.ndjson
[2026-06-05T21:36:30.441Z] deep cycle 1589: 80 domains → 0 hit → 0 deep products → /paperclip/instances/default/workspaces/3ec8f6dd-1735-4479-9825-a2c42edac34c/data/buy30590_deep/deep-cycle-1589-2026-06-05T21-36-29-386Z.ndjson
[2026-06-05T21:36:37.277Z] deep cycle 1590: 80 domains → 0 hit → 0 deep products → /paperclip/instances/default/workspaces/3ec8f6dd-1735-4479-9825-a2c42edac34c/data/buy30590_deep/deep-cycle-1590-2026-06-05T21-36-35-442Z.ndjson
[2026-06-05T21:36:43.934Z] deep cycle 1591: 80 domains → 0 hit → 0 deep products → /paperclip/instances/default/workspaces/3ec8f6dd-1735-4479-9825-a2c42edac34c/data/buy30590_deep/deep-cycle-1591-2026-06-05T21-36-42-282Z.ndjson
[2026-06-05T21:36:50.982Z] deep cycle 1592: 80 domains → 0 hit → 0 deep products → /paperclip/instances/default/workspaces/3ec8f6dd-1735-4479-9825-a2c42edac34c/data/buy30590_deep/deep-cycle-1592-2026-06-05T21-36-48-939Z.ndjson
[2026-06-05T21:36:57.779Z] deep cycle 1593: 80 domains → 0 hit → 0 deep products → /paperclip/instances/default/workspaces/3ec8f6dd-1735-4479-9825-a2c42edac34c/data/buy30590_deep/deep-cycle-1593-2026-06-05T21-36-55-994Z.ndjson
[2026-06-05T21:37:04.821Z] deep cycle 1594: 80 domains → 0 hit → 0 deep products → /paperclip/instances/default/workspaces/3ec8f6dd-1735-4479-9825-a2c42edac34c/data/buy30590_deep/deep-cycle-1594-2026-06-05T21-37-02-783Z.ndjson
[2026-06-05T21:37:12.569Z] deep cycle 1595: 80 domains → 0 hit → 0 deep products → /paperclip/instances/default/workspaces/3ec8f6dd-1735-4479-9825-a2c42edac34c/data/buy30590_deep/deep-cycle-1595-2026-06-05T21-37-09-826Z.ndjson
[2026-06-05T21:37:20.115Z] deep cycle 1596: 80 domains → 0 hit → 0 deep products → /paperclip/instances/default/workspaces/3ec8f6dd-1735-4479-9825-a2c42edac34c/data/buy30590_deep/deep-cycle-1596-2026-06-05T21-37-17-576Z.ndjson
[2026-06-05T21:37:27.752Z] deep cycle 1597: 80 domains → 0 hit → 0 deep products → /paperclip/instances/default/workspaces/3ec8f6dd-1735-4479-9825-a2c42edac34c/data/buy30590_deep/deep-cycle-1597-2026-06-05T21-37-25-119Z.ndjson
[2026-06-05T21:37:35.144Z] deep cycle 1598: 80 domains → 0 hit → 0 deep products → /paperclip/instances/default/workspaces/3ec8f6dd-1735-4479-9825-a2c42edac34c/data/buy30590_deep/deep-cycle-1598-2026-06-05T21-37-32-754Z.ndjson
[2026-06-05T21:37:51.646Z] deep cycle 1599: 80 domains → 0 hit → 0 deep products → /paperclip/instances/default/workspaces/3ec8f6dd-1735-4479-9825-a2c42edac34c/data/buy30590_deep/deep-cycle-1599-2026-06-05T21-37-40-145Z.ndjson
[2026-06-05T21:37:58.569Z] deep cycle 1600: 80 domains → 0 hit → 0 deep products → /paperclip/instances/default/workspaces/3ec8f6dd-1735-4479-9825-a2c42edac34c/data/buy30590_deep/deep-cycle-1600-2026-06-05T21-37-56-650Z.ndjson
[2026-06-05T21:38:04.856Z] deep cycle 1601: 80 domains → 0 hit → 0 deep products → /paperclip/instances/default/workspaces/3ec8f6dd-1735-4479-9825-a2c42edac34c/data/buy30590_deep/deep-cycle-1601-2026-06-05T21-38-03-571Z.ndjson
[2026-06-05T21:38:11.545Z] deep cycle 1602: 80 domains → 0 hit → 0 deep products → /paperclip/instances/default/workspaces/3ec8f6dd-1735-4479-9825-a2c42edac34c/data/buy30590_deep/deep-cycle-1602-2026-06-05T21-38-09-861Z.ndjson
[2026-06-05T21:38:29.455Z] deep cycle 1603: 80 domains → 1 hit → 3750 deep products → /paperclip/instances/default/workspaces/3ec8f6dd-1735-4479-9825-a2c42edac34c/data/buy30590_deep/deep-cycle-1603-2026-06-05T21-38-16-549Z.ndjson
[2026-06-05T21:39:26.391Z] deep cycle 1603 ingest: exit=0 56.9s === STREAM INGEST DONE ===
files=1 lines=3750 valid=3750 written=3750 errors=0
skipped: {}
top sources: [ [ 'shopify', 3750 ] ]
[2026-06-05T21:39:33.715Z] deep cycle 1604: 80 domains → 0 hit → 0 deep products → /paperclip/instances/default/workspaces/3ec8f6dd-1735-4479-9825-a2c42edac34c/data/buy30590_deep/deep-cycle-1604-2026-06-05T21-39-31-396Z.ndjson
[2026-06-05T21:39:43.849Z] deep cycle 1605: 80 domains → 4 hit → 11382 deep products → /paperclip/instances/default/workspaces/3ec8f6dd-1735-4479-9825-a2c42edac34c/data/buy30590_deep/deep-cycle-1605-2026-06-05T21-39-38-719Z.ndjson
[2026-06-05T21:41:42.709Z] deep cycle 1605 ingest: exit=0 118.9s === STREAM INGEST DONE ===
files=1 lines=11382 valid=11382 written=11382 errors=0
skipped: {}
top sources: [ [ 'shopify', 11382 ] ]
[2026-06-05T21:41:50.201Z] deep cycle 1606: 80 domains → 0 hit → 0 deep products → /paperclip/instances/default/workspaces/3ec8f6dd-1735-4479-9825-a2c42edac34c/data/buy30590_deep/deep-cycle-1606-2026-06-05T21-41-47-713Z.ndjson
[2026-06-05T21:41:57.283Z] deep cycle 1607: 80 domains → 0 hit → 0 deep products → /paperclip/instances/default/workspaces/3ec8f6dd-1735-4479-9825-a2c42edac34c/data/buy30590_deep/deep-cycle-1607-2026-06-05T21-41-55-202Z.ndjson
[2026-06-05T21:42:04.619Z] deep cycle 1608: 80 domains → 0 hit → 0 deep products → /paperclip/instances/default/workspaces/3ec8f6dd-1735-4479-9825-a2c42edac34c/data/buy30590_deep/deep-cycle-1608-2026-06-05T21-42-02-288Z.ndjson
[2026-06-05T21:42:11.553Z] deep cycle 1609: 80 domains → 0 hit → 0 deep products → /paperclip/instances/default/workspaces/3ec8f6dd-1735-4479-9825-a2c42edac34c/data/buy30590_deep/deep-cycle-1609-2026-06-05T21-42-09-624Z.ndjson
[2026-06-05T21:42:17.755Z] deep cycle 1610: 80 domains → 0 hit → 0 deep products → /paperclip/instances/default/workspaces/3ec8f6dd-1735-4479-9825-a2c42edac34c/data/buy30590_deep/deep-cycle-1610-2026-06-05T21-42-16-557Z.ndjson
[2026-06-05T21:42:24.445Z] deep cycle 1611: 80 domains → 0 hit → 0 deep products → /paperclip/instances/default/workspaces/3ec8f6dd-1735-4479-9825-a2c42edac34c/data/buy30590_deep/deep-cycle-1611-2026-06-05T21-42-22-755Z.ndjson
[2026-06-05T21:42:31.361Z] deep cycle 1612: 80 domains → 0 hit → 0 deep products → /paperclip/instances/default/workspaces/3ec8f6dd-1735-4479-9825-a2c42edac34c/data/buy30590_deep/deep-cycle-1612-2026-06-05T21-42-29-447Z.ndjson
[2026-06-05T21:42:38.401Z] deep cycle 1613: 80 domains → 0 hit → 0 deep products → /paperclip/instances/default/workspaces/3ec8f6dd-1735-4479-9825-a2c42edac34c/data/buy30590_deep/deep-cycle-1613-2026-06-05T21-42-36-362Z.ndjson
[2026-06-05T21:42:45.333Z] deep cycle 1614: 80 domains → 0 hit → 0 deep products → /paperclip/instances/default/workspaces/3ec8f6dd-1735-4479-9825-a2c42edac34c/data/buy30590_deep/deep-cycle-1614-2026-06-05T21-42-43-402Z.ndjson
[2026-06-05T21:42:52.041Z] deep cycle 1615: 80 domains → 0 hit → 0 deep products → /paperclip/instances/default/workspaces/3ec8f6dd-1735-4479-9825-a2c42edac34c/data/buy30590_deep/deep-cycle-1615-2026-06-05T21-42-50-336Z.ndjson
[2026-06-05T21:42:59.171Z] deep cycle 1616: 80 domains → 0 hit → 0 deep products → /paperclip/instances/default/workspaces/3ec8f6dd-1735-4479-9825-a2c42edac34c/data/buy30590_deep/deep-cycle-1616-2026-06-05T21-42-57-046Z.ndjson
[2026-06-05T21:43:07.855Z] deep cycle 1617: 80 domains → 0 hit → 0 deep products → /paperclip/instances/default/workspaces/3ec8f6dd-1735-4479-9825-a2c42edac34c/data/buy30590_deep/deep-cycle-1617-2026-06-05T21-43-04-176Z.ndjson
[2026-06-05T21:43:15.431Z] deep cycle 1618: 80 domains → 0 hit → 0 deep products → /paperclip/instances/default/workspaces/3ec8f6dd-1735-4479-9825-a2c42edac34c/data/buy30590_deep/deep-cycle-1618-2026-06-05T21-43-12-860Z.ndjson
[2026-06-05T21:43:22.356Z] deep cycle 1619: 80 domains → 0 hit → 0 deep products → /paperclip/instances/default/workspaces/3ec8f6dd-1735-4479-9825-a2c42edac34c/data/buy30590_deep/deep-cycle-1619-2026-06-05T21-43-20-436Z.ndjson
[2026-06-05T21:43:39.369Z] deep cycle 1620: 80 domains → 0 hit → 0 deep products → /paperclip/instances/default/workspaces/3ec8f6dd-1735-4479-9825-a2c42edac34c/data/buy30590_deep/deep-cycle-1620-2026-06-05T21-43-27-361Z.ndjson
[2026-06-05T21:43:49.958Z] deep cycle 1621: 80 domains → 0 hit → 0 deep products → /paperclip/instances/default/workspaces/3ec8f6dd-1735-4479-9825-a2c42edac34c/data/buy30590_deep/deep-cycle-1621-2026-06-05T21-43-44-371Z.ndjson
[2026-06-05T21:43:56.365Z] deep cycle 1622: 80 domains → 0 hit → 0 deep products → /paperclip/instances/default/workspaces/3ec8f6dd-1735-4479-9825-a2c42edac34c/data/buy30590_deep/deep-cycle-1622-2026-06-05T21-43-54-962Z.ndjson
[2026-06-05T21:44:03.594Z] deep cycle 1623: 80 domains → 0 hit → 0 deep products → /paperclip/instances/default/workspaces/3ec8f6dd-1735-4479-9825-a2c42edac34c/data/buy30590_deep/deep-cycle-1623-2026-06-05T21-44-01-365Z.ndjson
[2026-06-05T21:44:10.747Z] deep cycle 1624: 80 domains → 0 hit → 0 deep products → /paperclip/instances/default/workspaces/3ec8f6dd-1735-4479-9825-a2c42edac34c/data/buy30590_deep/deep-cycle-1624-2026-06-05T21-44-08-599Z.ndjson
[2026-06-05T21:44:19.052Z] deep cycle 1625: 80 domains → 0 hit → 0 deep products → /paperclip/instances/default/workspaces/3ec8f6dd-1735-4479-9825-a2c42edac34c/data/buy30590_deep/deep-cycle-1625-2026-06-05T21-44-15-749Z.ndjson
[2026-06-05T21:44:26.270Z] deep cycle 1626: 80 domains → 0 hit → 0 deep products → /paperclip/instances/default/workspaces/3ec8f6dd-1735-4479-9825-a2c42edac34c/data/buy30590_deep/deep-cycle-1626-2026-06-05T21-44-24-053Z.ndjson
[2026-06-05T21:44:33.120Z] deep cycle 1627: 80 domains → 0 hit → 0 deep products → /paperclip/instances/default/workspaces/3ec8f6dd-1735-4479-9825-a2c42edac34c/data/buy30590_deep/deep-cycle-1627-2026-06-05T21-44-31-278Z.ndjson
[2026-06-05T21:44:40.634Z] deep cycle 1628: 80 domains → 0 hit → 0 deep products → /paperclip/instances/default/workspaces/3ec8f6dd-1735-4479-9825-a2c42edac34c/data/buy30590_deep/deep-cycle-1628-2026-06-05T21-44-38-125Z.ndjson
[2026-06-05T21:44:48.348Z] deep cycle 1629: 80 domains → 0 hit → 0 deep products → /paperclip/instances/default/workspaces/3ec8f6dd-1735-4479-9825-a2c42edac34c/data/buy30590_deep/deep-cycle-1629-2026-06-05T21-44-45-635Z.ndjson
[2026-06-05T21:44:55.578Z] deep cycle 1630: 80 domains → 0 hit → 0 deep products → /paperclip/instances/default/workspaces/3ec8f6dd-1735-4479-9825-a2c42edac34c/data/buy30590_deep/deep-cycle-1630-2026-06-05T21-44-53-349Z.ndjson
[2026-06-05T21:45:02.105Z] deep cycle 1631: 80 domains → 0 hit → 0 deep products → /paperclip/instances/default/workspaces/3ec8f6dd-1735-4479-9825-a2c42edac34c/data/buy30590_deep/deep-cycle-1631-2026-06-05T21-45-00-583Z.ndjson
[2026-06-05T21:45:09.995Z] deep cycle 1632: 80 domains → 0 hit → 0 deep products → /paperclip/instances/default/workspaces/3ec8f6dd-1735-4479-9825-a2c42edac34c/data/buy30590_deep/deep-cycle-1632-2026-06-05T21-45-07-108Z.ndjson
[2026-06-05T21:45:17.152Z] deep cycle 1633: 80 domains → 0 hit → 0 deep products → /paperclip/instances/default/workspaces/3ec8f6dd-1735-4479-9825-a2c42edac34c/data/buy30590_deep/deep-cycle-1633-2026-06-05T21-45-14-998Z.ndjson
[2026-06-05T21:45:26.730Z] deep cycle 1634: 80 domains → 0 hit → 0 deep products → /paperclip/instances/default/workspaces/3ec8f6dd-1735-4479-9825-a2c42edac34c/data/buy30590_deep/deep-cycle-1634-2026-06-05T21-45-22-153Z.ndjson
[2026-06-05T21:45:34.267Z] deep cycle 1635: 80 domains → 0 hit → 0 deep products → /paperclip/instances/default/workspaces/3ec8f6dd-1735-4479-9825-a2c42edac34c/data/buy30590_deep/deep-cycle-1635-2026-06-05T21-45-31-730Z.ndjson
[2026-06-05T21:45:41.500Z] deep cycle 1636: 80 domains → 0 hit → 0 deep products → /paperclip/instances/default/workspaces/3ec8f6dd-1735-4479-9825-a2c42edac34c/data/buy30590_deep/deep-cycle-1636-2026-06-05T21-45-39-267Z.ndjson
[2026-06-05T21:45:48.721Z] deep cycle 1637: 80 domains → 0 hit → 0 deep products → /paperclip/instances/default/workspaces/3ec8f6dd-1735-4479-9825-a2c42edac34c/data/buy30590_deep/deep-cycle-1637-2026-06-05T21-45-46-506Z.ndjson
[2026-06-05T21:46:05.270Z] deep cycle 1638: 80 domains → 0 hit → 0 deep products → /paperclip/instances/default/workspaces/3ec8f6dd-1735-4479-9825-a2c42edac34c/data/buy30590_deep/deep-cycle-1638-2026-06-05T21-45-53-723Z.ndjson
[2026-06-05T21:46:12.900Z] deep cycle 1639: 80 domains → 0 hit → 0 deep products → /paperclip/instances/default/workspaces/3ec8f6dd-1735-4479-9825-a2c42edac34c/data/buy30590_deep/deep-cycle-1639-2026-06-05T21-46-10-274Z.ndjson
[2026-06-05T21:46:20.258Z] deep cycle 1640: 80 domains → 0 hit → 0 deep products → /paperclip/instances/default/workspaces/3ec8f6dd-1735-4479-9825-a2c42edac34c/data/buy30590_deep/deep-cycle-1640-2026-06-05T21-46-17-904Z.ndjson
[2026-06-05T21:46:29.258Z] deep cycle 1641: 80 domains → 0 hit → 0 deep products → /paperclip/instances/default/workspaces/3ec8f6dd-1735-4479-9825-a2c42edac34c/data/buy30590_deep/deep-cycle-1641-2026-06-05T21-46-25-262Z.ndjson
[2026-06-05T21:46:37.076Z] deep cycle 1642: 80 domains → 0 hit → 0 deep products → /paperclip/instances/default/workspaces/3ec8f6dd-1735-4479-9825-a2c42edac34c/data/buy30590_deep/deep-cycle-1642-2026-06-05T21-46-34-259Z.ndjson
[2026-06-05T21:46:44.792Z] deep cycle 1643: 80 domains → 0 hit → 0 deep products → /paperclip/instances/default/workspaces/3ec8f6dd-1735-4479-9825-a2c42edac34c/data/buy30590_deep/deep-cycle-1643-2026-06-05T21-46-42-077Z.ndjson
[2026-06-05T21:46:51.895Z] deep cycle 1644: 80 domains → 0 hit → 0 deep products → /paperclip/instances/default/workspaces/3ec8f6dd-1735-4479-9825-a2c42edac34c/data/buy30590_deep/deep-cycle-1644-2026-06-05T21-46-49-796Z.ndjson
[2026-06-05T21:46:59.014Z] deep cycle 1645: 80 domains → 0 hit → 0 deep products → /paperclip/instances/default/workspaces/3ec8f6dd-1735-4479-9825-a2c42edac34c/data/buy30590_deep/deep-cycle-1645-2026-06-05T21-46-56-900Z.ndjson
[2026-06-05T21:47:06.941Z] deep cycle 1646: 80 domains → 0 hit → 0 deep products → /paperclip/instances/default/workspaces/3ec8f6dd-1735-4479-9825-a2c42edac34c/data/buy30590_deep/deep-cycle-1646-2026-06-05T21-47-04-016Z.ndjson
[2026-06-05T21:47:14.139Z] deep cycle 1647: 80 domains → 0 hit → 0 deep products → /paperclip/instances/default/workspaces/3ec8f6dd-1735-4479-9825-a2c42edac34c/data/buy30590_deep/deep-cycle-1647-2026-06-05T21-47-11-946Z.ndjson
[2026-06-05T21:47:20.793Z] deep cycle 1648: 80 domains → 0 hit → 0 deep products → /paperclip/instances/default/workspaces/3ec8f6dd-1735-4479-9825-a2c42edac34c/data/buy30590_deep/deep-cycle-1648-2026-06-05T21-47-19-144Z.ndjson
[2026-06-05T21:47:28.331Z] deep cycle 1649: 80 domains → 0 hit → 0 deep products → /paperclip/instances/default/workspaces/3ec8f6dd-1735-4479-9825-a2c42edac34c/data/buy30590_deep/deep-cycle-1649-2026-06-05T21-47-25-798Z.ndjson
[2026-06-05T21:47:35.830Z] deep cycle 1650: 80 domains → 0 hit → 0 deep products → /paperclip/instances/default/workspaces/3ec8f6dd-1735-4479-9825-a2c42edac34c/data/buy30590_deep/deep-cycle-1650-2026-06-05T21-47-33-341Z.ndjson
[2026-06-05T21:47:42.786Z] deep cycle 1651: 80 domains → 0 hit → 0 deep products → /paperclip/instances/default/workspaces/3ec8f6dd-1735-4479-9825-a2c42edac34c/data/buy30590_deep/deep-cycle-1651-2026-06-05T21-47-40-834Z.ndjson
[2026-06-05T21:47:51.483Z] deep cycle 1652: 80 domains → 0 hit → 0 deep products → /paperclip/instances/default/workspaces/3ec8f6dd-1735-4479-9825-a2c42edac34c/data/buy30590_deep/deep-cycle-1652-2026-06-05T21-47-47-791Z.ndjson
[2026-06-05T21:47:59.815Z] deep cycle 1653: 80 domains → 0 hit → 0 deep products → /paperclip/instances/default/workspaces/3ec8f6dd-1735-4479-9825-a2c42edac34c/data/buy30590_deep/deep-cycle-1653-2026-06-05T21-47-56-484Z.ndjson
[2026-06-05T21:48:06.844Z] deep cycle 1654: 80 domains → 0 hit → 0 deep products → /paperclip/instances/default/workspaces/3ec8f6dd-1735-4479-9825-a2c42edac34c/data/buy30590_deep/deep-cycle-1654-2026-06-05T21-48-04-820Z.ndjson
[2026-06-05T21:48:13.144Z] deep cycle 1655: 80 domains → 0 hit → 0 deep products → /paperclip/instances/default/workspaces/3ec8f6dd-1735-4479-9825-a2c42edac34c/data/buy30590_deep/deep-cycle-1655-2026-06-05T21-48-11-849Z.ndjson
[2026-06-05T21:48:20.462Z] deep cycle 1656: 80 domains → 0 hit → 0 deep products → /paperclip/instances/default/workspaces/3ec8f6dd-1735-4479-9825-a2c42edac34c/data/buy30590_deep/deep-cycle-1656-2026-06-05T21-48-18-144Z.ndjson
[2026-06-05T21:48:27.456Z] deep cycle 1657: 80 domains → 0 hit → 0 deep products → /paperclip/instances/default/workspaces/3ec8f6dd-1735-4479-9825-a2c42edac34c/data/buy30590_deep/deep-cycle-1657-2026-06-05T21-48-25-468Z.ndjson
[2026-06-05T21:48:33.869Z] deep cycle 1658: 80 domains → 0 hit → 0 deep products → /paperclip/instances/default/workspaces/3ec8f6dd-1735-4479-9825-a2c42edac34c/data/buy30590_deep/deep-cycle-1658-2026-06-05T21-48-32-461Z.ndjson
[2026-06-05T21:48:40.981Z] deep cycle 1659: 80 domains → 0 hit → 0 deep products → /paperclip/instances/default/workspaces/3ec8f6dd-1735-4479-9825-a2c42edac34c/data/buy30590_deep/deep-cycle-1659-2026-06-05T21-48-38-871Z.ndjson
[2026-06-05T21:48:48.718Z] deep cycle 1660: 80 domains → 0 hit → 0 deep products → /paperclip/instances/default/workspaces/3ec8f6dd-1735-4479-9825-a2c42edac34c/data/buy30590_deep/deep-cycle-1660-2026-06-05T21-48-45-984Z.ndjson
[2026-06-05T21:48:55.298Z] deep cycle 1661: 80 domains → 0 hit → 0 deep products → /paperclip/instances/default/workspaces/3ec8f6dd-1735-4479-9825-a2c42edac34c/data/buy30590_deep/deep-cycle-1661-2026-06-05T21-48-53-722Z.ndjson
[2026-06-05T21:49:02.658Z] deep cycle 1662: 80 domains → 0 hit → 0 deep products → /paperclip/instances/default/workspaces/3ec8f6dd-1735-4479-9825-a2c42edac34c/data/buy30590_deep/deep-cycle-1662-2026-06-05T21-49-00-299Z.ndjson
[2026-06-05T21:49:09.017Z] deep cycle 1663: 80 domains → 0 hit → 0 deep products → /paperclip/instances/default/workspaces/3ec8f6dd-1735-4479-9825-a2c42edac34c/data/buy30590_deep/deep-cycle-1663-2026-06-05T21-49-07-663Z.ndjson
[2026-06-05T21:49:15.784Z] deep cycle 1664: 80 domains → 0 hit → 0 deep products → /paperclip/instances/default/workspaces/3ec8f6dd-1735-4479-9825-a2c42edac34c/data/buy30590_deep/deep-cycle-1664-2026-06-05T21-49-14-022Z.ndjson
[2026-06-05T21:49:22.548Z] deep cycle 1665: 80 domains → 0 hit → 0 deep products → /paperclip/instances/default/workspaces/3ec8f6dd-1735-4479-9825-a2c42edac34c/data/buy30590_deep/deep-cycle-1665-2026-06-05T21-49-20-789Z.ndjson
[2026-06-05T21:49:29.857Z] deep cycle 1666: 80 domains → 0 hit → 0 deep products → /paperclip/instances/default/workspaces/3ec8f6dd-1735-4479-9825-a2c42edac34c/data/buy30590_deep/deep-cycle-1666-2026-06-05T21-49-27-552Z.ndjson
[2026-06-05T21:49:35.919Z] deep cycle 1667: 80 domains → 0 hit → 0 deep products → /paperclip/instances/default/workspaces/3ec8f6dd-1735-4479-9825-a2c42edac34c/data/buy30590_deep/deep-cycle-1667-2026-06-05T21-49-34-862Z.ndjson
[2026-06-05T21:49:41.593Z] deep cycle 1668: 80 domains → 0 hit → 0 deep products → /paperclip/instances/default/workspaces/3ec8f6dd-1735-4479-9825-a2c42edac34c/data/buy30590_deep/deep-cycle-1668-2026-06-05T21-49-40-920Z.ndjson
[2026-06-05T21:49:55.665Z] deep cycle 1669: 80 domains → 3 hit → 4500 deep products → /paperclip/instances/default/workspaces/3ec8f6dd-1735-4479-9825-a2c42edac34c/data/buy30590_deep/deep-cycle-1669-2026-06-05T21-49-46-595Z.ndjson
[2026-06-05T21:49:59.129Z] deep cycle 1669 ingest: exit=0 3.5s === STREAM INGEST DONE ===
files=1 lines=4500 valid=4500 written=4500 errors=0
skipped: {}
top sources: [ [ 'shopify', 4500 ] ]
[2026-06-05T21:50:06.275Z] deep cycle 1670: 80 domains → 0 hit → 0 deep products → /paperclip/instances/default/workspaces/3ec8f6dd-1735-4479-9825-a2c42edac34c/data/buy30590_deep/deep-cycle-1670-2026-06-05T21-50-04-134Z.ndjson
[2026-06-05T21:50:12.696Z] deep cycle 1671: 80 domains → 0 hit → 0 deep products → /paperclip/instances/default/workspaces/3ec8f6dd-1735-4479-9825-a2c42edac34c/data/buy30590_deep/deep-cycle-1671-2026-06-05T21-50-11-275Z.ndjson
[2026-06-05T21:50:18.646Z] deep cycle 1672: 80 domains → 0 hit → 0 deep products → /paperclip/instances/default/workspaces/3ec8f6dd-1735-4479-9825-a2c42edac34c/data/buy30590_deep/deep-cycle-1672-2026-06-05T21-50-17-701Z.ndjson
[2026-06-05T21:50:25.829Z] deep cycle 1673: 80 domains → 0 hit → 0 deep products → /paperclip/instances/default/workspaces/3ec8f6dd-1735-4479-9825-a2c42edac34c/data/buy30590_deep/deep-cycle-1673-2026-06-05T21-50-23-651Z.ndjson
[2026-06-05T21:50:31.622Z] deep cycle 1674: 80 domains → 0 hit → 0 deep products → /paperclip/instances/default/workspaces/3ec8f6dd-1735-4479-9825-a2c42edac34c/data/buy30590_deep/deep-cycle-1674-2026-06-05T21-50-30-829Z.ndjson
[2026-06-05T21:50:37.136Z] deep cycle 1675: 80 domains → 0 hit → 0 deep products → /paperclip/instances/default/workspaces/3ec8f6dd-1735-4479-9825-a2c42edac34c/data/buy30590_deep/deep-cycle-1675-2026-06-05T21-50-36-627Z.ndjson
[2026-06-05T21:50:43.013Z] deep cycle 1676: 80 domains → 0 hit → 0 deep products → /paperclip/instances/default/workspaces/3ec8f6dd-1735-4479-9825-a2c42edac34c/data/buy30590_deep/deep-cycle-1676-2026-06-05T21-50-42-141Z.ndjson
[2026-06-05T21:50:48.750Z] deep cycle 1677: 80 domains → 0 hit → 0 deep products → /paperclip/instances/default/workspaces/3ec8f6dd-1735-4479-9825-a2c42edac34c/data/buy30590_deep/deep-cycle-1677-2026-06-05T21-50-48-018Z.ndjson
[2026-06-05T21:51:04.756Z] deep cycle 1678: 80 domains → 0 hit → 0 deep products → /paperclip/instances/default/workspaces/3ec8f6dd-1735-4479-9825-a2c42edac34c/data/buy30590_deep/deep-cycle-1678-2026-06-05T21-50-53-754Z.ndjson
[2026-06-05T21:51:13.016Z] deep cycle 1679: 80 domains → 0 hit → 0 deep products → /paperclip/instances/default/workspaces/3ec8f6dd-1735-4479-9825-a2c42edac34c/data/buy30590_deep/deep-cycle-1679-2026-06-05T21-51-09-759Z.ndjson
[2026-06-05T21:51:19.291Z] deep cycle 1680: 80 domains → 0 hit → 0 deep products → /paperclip/instances/default/workspaces/3ec8f6dd-1735-4479-9825-a2c42edac34c/data/buy30590_deep/deep-cycle-1680-2026-06-05T21-51-18-018Z.ndjson
[2026-06-05T21:51:25.050Z] deep cycle 1681: 80 domains → 0 hit → 0 deep products → /paperclip/instances/default/workspaces/3ec8f6dd-1735-4479-9825-a2c42edac34c/data/buy30590_deep/deep-cycle-1681-2026-06-05T21-51-24-296Z.ndjson
[2026-06-05T21:51:31.285Z] deep cycle 1682: 80 domains → 0 hit → 0 deep products → /paperclip/instances/default/workspaces/3ec8f6dd-1735-4479-9825-a2c42edac34c/data/buy30590_deep/deep-cycle-1682-2026-06-05T21-51-30-055Z.ndjson
[2026-06-05T21:51:37.562Z] deep cycle 1683: 80 domains → 0 hit → 0 deep products → /paperclip/instances/default/workspaces/3ec8f6dd-1735-4479-9825-a2c42edac34c/data/buy30590_deep/deep-cycle-1683-2026-06-05T21-51-36-290Z.ndjson
[2026-06-05T21:51:43.993Z] deep cycle 1684: 80 domains → 0 hit → 0 deep products → /paperclip/instances/default/workspaces/3ec8f6dd-1735-4479-9825-a2c42edac34c/data/buy30590_deep/deep-cycle-1684-2026-06-05T21-51-42-565Z.ndjson
[2026-06-05T21:51:50.291Z] deep cycle 1685: 80 domains → 0 hit → 0 deep products → /paperclip/instances/default/workspaces/3ec8f6dd-1735-4479-9825-a2c42edac34c/data/buy30590_deep/deep-cycle-1685-2026-06-05T21-51-48-995Z.ndjson
[2026-06-05T21:51:56.149Z] deep cycle 1686: 80 domains → 0 hit → 0 deep products → /paperclip/instances/default/workspaces/3ec8f6dd-1735-4479-9825-a2c42edac34c/data/buy30590_deep/deep-cycle-1686-2026-06-05T21-51-55-293Z.ndjson
[2026-06-05T21:52:02.205Z] deep cycle 1687: 80 domains → 0 hit → 0 deep products → /paperclip/instances/default/workspaces/3ec8f6dd-1735-4479-9825-a2c42edac34c/data/buy30590_deep/deep-cycle-1687-2026-06-05T21-52-01-151Z.ndjson
[2026-06-05T21:52:07.854Z] deep cycle 1688: 80 domains → 0 hit → 0 deep products → /paperclip/instances/default/workspaces/3ec8f6dd-1735-4479-9825-a2c42edac34c/data/buy30590_deep/deep-cycle-1688-2026-06-05T21-52-07-205Z.ndjson
[2026-06-05T21:52:14.402Z] deep cycle 1689: 80 domains → 0 hit → 0 deep products → /paperclip/instances/default/workspaces/3ec8f6dd-1735-4479-9825-a2c42edac34c/data/buy30590_deep/deep-cycle-1689-2026-06-05T21-52-12-858Z.ndjson
[2026-06-05T21:52:21.759Z] deep cycle 1690: 80 domains → 1 hit → 250 deep products → /paperclip/instances/default/workspaces/3ec8f6dd-1735-4479-9825-a2c42edac34c/data/buy30590_deep/deep-cycle-1690-2026-06-05T21-52-19-403Z.ndjson
[2026-06-05T21:52:21.995Z] deep cycle 1690 ingest: exit=0 0.2s === STREAM INGEST DONE ===
files=1 lines=250 valid=250 written=250 errors=0
skipped: {}
top sources: [ [ 'shopify', 250 ] ]
[2026-06-05T21:52:28.856Z] deep cycle 1691: 80 domains → 0 hit → 0 deep products → /paperclip/instances/default/workspaces/3ec8f6dd-1735-4479-9825-a2c42edac34c/data/buy30590_deep/deep-cycle-1691-2026-06-05T21-52-26-996Z.ndjson
[2026-06-05T21:52:35.093Z] deep cycle 1692: 80 domains → 0 hit → 0 deep products → /paperclip/instances/default/workspaces/3ec8f6dd-1735-4479-9825-a2c42edac34c/data/buy30590_deep/deep-cycle-1692-2026-06-05T21-52-33-857Z.ndjson
[2026-06-05T21:52:41.657Z] deep cycle 1693: 80 domains → 0 hit → 0 deep products → /paperclip/instances/default/workspaces/3ec8f6dd-1735-4479-9825-a2c42edac34c/data/buy30590_deep/deep-cycle-1693-2026-06-05T21-52-40-094Z.ndjson
[2026-06-05T21:52:47.793Z] deep cycle 1694: 80 domains → 0 hit → 0 deep products → /paperclip/instances/default/workspaces/3ec8f6dd-1735-4479-9825-a2c42edac34c/data/buy30590_deep/deep-cycle-1694-2026-06-05T21-52-46-661Z.ndjson
[2026-06-05T21:52:53.952Z] deep cycle 1695: 80 domains → 0 hit → 0 deep products → /paperclip/instances/default/workspaces/3ec8f6dd-1735-4479-9825-a2c42edac34c/data/buy30590_deep/deep-cycle-1695-2026-06-05T21-52-52-798Z.ndjson
[2026-06-05T21:53:00.435Z] deep cycle 1696: 80 domains → 0 hit → 0 deep products → /paperclip/instances/default/workspaces/3ec8f6dd-1735-4479-9825-a2c42edac34c/data/buy30590_deep/deep-cycle-1696-2026-06-05T21-52-58-956Z.ndjson
[2026-06-05T21:53:06.315Z] deep cycle 1697: 80 domains → 0 hit → 0 deep products → /paperclip/instances/default/workspaces/3ec8f6dd-1735-4479-9825-a2c42edac34c/data/buy30590_deep/deep-cycle-1697-2026-06-05T21-53-05-436Z.ndjson
[2026-06-05T21:53:12.159Z] deep cycle 1698: 80 domains → 0 hit → 0 deep products → /paperclip/instances/default/workspaces/3ec8f6dd-1735-4479-9825-a2c42edac34c/data/buy30590_deep/deep-cycle-1698-2026-06-05T21-53-11-320Z.ndjson
[2026-06-05T21:53:18.107Z] deep cycle 1699: 80 domains → 0 hit → 0 deep products → /paperclip/instances/default/workspaces/3ec8f6dd-1735-4479-9825-a2c42edac34c/data/buy30590_deep/deep-cycle-1699-2026-06-05T21-53-17-160Z.ndjson
[2026-06-05T21:53:24.041Z] deep cycle 1700: 80 domains → 0 hit → 0 deep products → /paperclip/instances/default/workspaces/3ec8f6dd-1735-4479-9825-a2c42edac34c/data/buy30590_deep/deep-cycle-1700-2026-06-05T21-53-23-115Z.ndjson
[2026-06-05T21:53:39.543Z] deep cycle 1701: 80 domains → 0 hit → 0 deep products → /paperclip/instances/default/workspaces/3ec8f6dd-1735-4479-9825-a2c42edac34c/data/buy30590_deep/deep-cycle-1701-2026-06-05T21-53-29-042Z.ndjson
[2026-06-05T21:53:50.281Z] deep cycle 1702: 80 domains → 0 hit → 0 deep products → /paperclip/instances/default/workspaces/3ec8f6dd-1735-4479-9825-a2c42edac34c/data/buy30590_deep/deep-cycle-1702-2026-06-05T21-53-44-544Z.ndjson
[2026-06-05T21:53:56.578Z] deep cycle 1703: 80 domains → 0 hit → 0 deep products → /paperclip/instances/default/workspaces/3ec8f6dd-1735-4479-9825-a2c42edac34c/data/buy30590_deep/deep-cycle-1703-2026-06-05T21-53-55-286Z.ndjson
[2026-06-05T21:54:03.067Z] deep cycle 1704: 80 domains → 0 hit → 0 deep products → /paperclip/instances/default/workspaces/3ec8f6dd-1735-4479-9825-a2c42edac34c/data/buy30590_deep/deep-cycle-1704-2026-06-05T21-54-01-583Z.ndjson
[2026-06-05T21:54:55.266Z] deep cycle 1705: 80 domains → 13 hit → 30513 deep products → /paperclip/instances/default/workspaces/3ec8f6dd-1735-4479-9825-a2c42edac34c/data/buy30590_deep/deep-cycle-1705-2026-06-05T21-54-08-073Z.ndjson
[2026-06-05T21:54:57.974Z] deep cycle 1705 ingest: exit=0 2.7s === STREAM INGEST DONE ===
files=1 lines=30513 valid=30513 written=30513 errors=0
skipped: {}
top sources: [ [ 'shopify', 30513 ] ]
[2026-06-05T21:55:19.501Z] deep cycle 1706: 80 domains → 5 hit → 12178 deep products → /paperclip/instances/default/workspaces/3ec8f6dd-1735-4479-9825-a2c42edac34c/data/buy30590_deep/deep-cycle-1706-2026-06-05T21-55-02-979Z.ndjson
[2026-06-05T21:55:21.693Z] deep cycle 1706 ingest: exit=0 2.2s === STREAM INGEST DONE ===
files=1 lines=12178 valid=12178 written=12178 errors=0
skipped: {}
top sources: [ [ 'shopify', 12178 ] ]
[2026-06-05T21:55:27.288Z] deep cycle 1707: 80 domains → 0 hit → 0 deep products → /paperclip/instances/default/workspaces/3ec8f6dd-1735-4479-9825-a2c42edac34c/data/buy30590_deep/deep-cycle-1707-2026-06-05T21-55-26-698Z.ndjson
[2026-06-05T21:55:33.588Z] deep cycle 1708: 80 domains → 0 hit → 0 deep products → /paperclip/instances/default/workspaces/3ec8f6dd-1735-4479-9825-a2c42edac34c/data/buy30590_deep/deep-cycle-1708-2026-06-05T21-55-32-293Z.ndjson
[2026-06-05T21:55:39.792Z] deep cycle 1709: 80 domains → 0 hit → 0 deep products → /paperclip/instances/default/workspaces/3ec8f6dd-1735-4479-9825-a2c42edac34c/data/buy30590_deep/deep-cycle-1709-2026-06-05T21-55-38-593Z.ndjson
[2026-06-05T21:55:46.564Z] deep cycle 1710: 80 domains → 0 hit → 0 deep products → /paperclip/instances/default/workspaces/3ec8f6dd-1735-4479-9825-a2c42edac34c/data/buy30590_deep/deep-cycle-1710-2026-06-05T21-55-44-796Z.ndjson
[2026-06-05T21:55:52.747Z] deep cycle 1711: 80 domains → 0 hit → 0 deep products → /paperclip/instances/default/workspaces/3ec8f6dd-1735-4479-9825-a2c42edac34c/data/buy30590_deep/deep-cycle-1711-2026-06-05T21-55-51-565Z.ndjson
[2026-06-05T21:55:58.919Z] deep cycle 1712: 80 domains → 0 hit → 0 deep products → /paperclip/instances/default/workspaces/3ec8f6dd-1735-4479-9825-a2c42edac34c/data/buy30590_deep/deep-cycle-1712-2026-06-05T21-55-57-751Z.ndjson
[2026-06-05T21:56:14.442Z] deep cycle 1713: 80 domains → 0 hit → 0 deep products → /paperclip/instances/default/workspaces/3ec8f6dd-1735-4479-9825-a2c42edac34c/data/buy30590_deep/deep-cycle-1713-2026-06-05T21-56-03-922Z.ndjson
[2026-06-05T21:56:19.897Z] deep cycle 1714: 80 domains → 0 hit → 0 deep products → /paperclip/instances/default/workspaces/3ec8f6dd-1735-4479-9825-a2c42edac34c/data/buy30590_deep/deep-cycle-1714-2026-06-05T21-56-19-445Z.ndjson
[2026-06-05T21:56:26.374Z] deep cycle 1715: 80 domains → 0 hit → 0 deep products → /paperclip/instances/default/workspaces/3ec8f6dd-1735-4479-9825-a2c42edac34c/data/buy30590_deep/deep-cycle-1715-2026-06-05T21-56-24-902Z.ndjson
[2026-06-05T21:56:32.297Z] deep cycle 1716: 80 domains → 0 hit → 0 deep products → /paperclip/instances/default/workspaces/3ec8f6dd-1735-4479-9825-a2c42edac34c/data/buy30590_deep/deep-cycle-1716-2026-06-05T21-56-31-379Z.ndjson
[2026-06-05T21:56:40.336Z] deep cycle 1717: 80 domains → 0 hit → 0 deep products → /paperclip/instances/default/workspaces/3ec8f6dd-1735-4479-9825-a2c42edac34c/data/buy30590_deep/deep-cycle-1717-2026-06-05T21-56-37-298Z.ndjson
[2026-06-05T21:56:56.356Z] deep cycle 1718: 80 domains → 0 hit → 0 deep products → /paperclip/instances/default/workspaces/3ec8f6dd-1735-4479-9825-a2c42edac34c/data/buy30590_deep/deep-cycle-1718-2026-06-05T21-56-45-342Z.ndjson
[2026-06-05T21:57:01.853Z] deep cycle 1719: 80 domains → 0 hit → 0 deep products → /paperclip/instances/default/workspaces/3ec8f6dd-1735-4479-9825-a2c42edac34c/data/buy30590_deep/deep-cycle-1719-2026-06-05T21-57-01-359Z.ndjson
[2026-06-05T21:57:07.584Z] deep cycle 1720: 80 domains → 0 hit → 0 deep products → /paperclip/instances/default/workspaces/3ec8f6dd-1735-4479-9825-a2c42edac34c/data/buy30590_deep/deep-cycle-1720-2026-06-05T21-57-06-859Z.ndjson
[2026-06-05T21:57:13.948Z] deep cycle 1721: 80 domains → 0 hit → 0 deep products → /paperclip/instances/default/workspaces/3ec8f6dd-1735-4479-9825-a2c42edac34c/data/buy30590_deep/deep-cycle-1721-2026-06-05T21-57-12-590Z.ndjson
[2026-06-05T21:57:19.379Z] deep cycle 1722: 80 domains → 0 hit → 0 deep products → /paperclip/instances/default/workspaces/3ec8f6dd-1735-4479-9825-a2c42edac34c/data/buy30590_deep/deep-cycle-1722-2026-06-05T21-57-18-954Z.ndjson
[2026-06-05T21:57:24.700Z] deep cycle 1723: 80 domains → 0 hit → 0 deep products → /paperclip/instances/default/workspaces/3ec8f6dd-1735-4479-9825-a2c42edac34c/data/buy30590_deep/deep-cycle-1723-2026-06-05T21-57-24-384Z.ndjson
[2026-06-05T21:57:29.977Z] deep cycle 1724: 80 domains → 0 hit → 0 deep products → /paperclip/instances/default/workspaces/3ec8f6dd-1735-4479-9825-a2c42edac34c/data/buy30590_deep/deep-cycle-1724-2026-06-05T21-57-29-702Z.ndjson
[2026-06-05T21:57:35.533Z] deep cycle 1725: 80 domains → 0 hit → 0 deep products → /paperclip/instances/default/workspaces/3ec8f6dd-1735-4479-9825-a2c42edac34c/data/buy30590_deep/deep-cycle-1725-2026-06-05T21-57-34-982Z.ndjson
[2026-06-05T21:57:40.806Z] deep cycle 1726: 80 domains → 0 hit → 0 deep products → /paperclip/instances/default/workspaces/3ec8f6dd-1735-4479-9825-a2c42edac34c/data/buy30590_deep/deep-cycle-1726-2026-06-05T21-57-40-538Z.ndjson
[2026-06-05T21:57:46.087Z] deep cycle 1727: 80 domains → 0 hit → 0 deep products → /paperclip/instances/default/workspaces/3ec8f6dd-1735-4479-9825-a2c42edac34c/data/buy30590_deep/deep-cycle-1727-2026-06-05T21-57-45-811Z.ndjson
[2026-06-05T21:57:51.410Z] deep cycle 1728: 80 domains → 0 hit → 0 deep products → /paperclip/instances/default/workspaces/3ec8f6dd-1735-4479-9825-a2c42edac34c/data/buy30590_deep/deep-cycle-1728-2026-06-05T21-57-51-091Z.ndjson
[2026-06-05T21:57:56.699Z] deep cycle 1729: 80 domains → 0 hit → 0 deep products → /paperclip/instances/default/workspaces/3ec8f6dd-1735-4479-9825-a2c42edac34c/data/buy30590_deep/deep-cycle-1729-2026-06-05T21-57-56-416Z.ndjson
[2026-06-05T21:58:01.993Z] deep cycle 1730: 80 domains → 0 hit → 0 deep products → /paperclip/instances/default/workspaces/3ec8f6dd-1735-4479-9825-a2c42edac34c/data/buy30590_deep/deep-cycle-1730-2026-06-05T21-58-01-704Z.ndjson
[2026-06-05T21:58:07.553Z] deep cycle 1731: 80 domains → 0 hit → 0 deep products → /paperclip/instances/default/workspaces/3ec8f6dd-1735-4479-9825-a2c42edac34c/data/buy30590_deep/deep-cycle-1731-2026-06-05T21-58-06-999Z.ndjson
[2026-06-05T21:58:12.818Z] deep cycle 1732: 80 domains → 0 hit → 0 deep products → /paperclip/instances/default/workspaces/3ec8f6dd-1735-4479-9825-a2c42edac34c/data/buy30590_deep/deep-cycle-1732-2026-06-05T21-58-12-555Z.ndjson
[2026-06-05T21:58:18.151Z] deep cycle 1733: 80 domains → 0 hit → 0 deep products → /paperclip/instances/default/workspaces/3ec8f6dd-1735-4479-9825-a2c42edac34c/data/buy30590_deep/deep-cycle-1733-2026-06-05T21-58-17-820Z.ndjson
[2026-06-05T21:58:23.412Z] deep cycle 1734: 80 domains → 0 hit → 0 deep products → /paperclip/instances/default/workspaces/3ec8f6dd-1735-4479-9825-a2c42edac34c/data/buy30590_deep/deep-cycle-1734-2026-06-05T21-58-23-152Z.ndjson
[2026-06-05T21:58:28.668Z] deep cycle 1735: 80 domains → 0 hit → 0 deep products → /paperclip/instances/default/workspaces/3ec8f6dd-1735-4479-9825-a2c42edac34c/data/buy30590_deep/deep-cycle-1735-2026-06-05T21-58-28-417Z.ndjson
[2026-06-05T21:58:33.940Z] deep cycle 1736: 80 domains → 0 hit → 0 deep products → /paperclip/instances/default/workspaces/3ec8f6dd-1735-4479-9825-a2c42edac34c/data/buy30590_deep/deep-cycle-1736-2026-06-05T21-58-33-673Z.ndjson
[2026-06-05T21:58:39.206Z] deep cycle 1737: 80 domains → 0 hit → 0 deep products → /paperclip/instances/default/workspaces/3ec8f6dd-1735-4479-9825-a2c42edac34c/data/buy30590_deep/deep-cycle-1737-2026-06-05T21-58-38-941Z.ndjson
[2026-06-05T21:58:44.464Z] deep cycle 1738: 80 domains → 0 hit → 0 deep products → /paperclip/instances/default/workspaces/3ec8f6dd-1735-4479-9825-a2c42edac34c/data/buy30590_deep/deep-cycle-1738-2026-06-05T21-58-44-206Z.ndjson
[2026-06-05T21:58:49.744Z] deep cycle 1739: 80 domains → 0 hit → 0 deep products → /paperclip/instances/default/workspaces/3ec8f6dd-1735-4479-9825-a2c42edac34c/data/buy30590_deep/deep-cycle-1739-2026-06-05T21-58-49-469Z.ndjson
[2026-06-05T21:58:55.018Z] deep cycle 1740: 80 domains → 0 hit → 0 deep products → /paperclip/instances/default/workspaces/3ec8f6dd-1735-4479-9825-a2c42edac34c/data/buy30590_deep/deep-cycle-1740-2026-06-05T21-58-54-749Z.ndjson
[2026-06-05T21:59:00.290Z] deep cycle 1741: 80 domains → 0 hit → 0 deep products → /paperclip/instances/default/workspaces/3ec8f6dd-1735-4479-9825-a2c42edac34c/data/buy30590_deep/deep-cycle-1741-2026-06-05T21-59-00-018Z.ndjson
[2026-06-05T21:59:05.554Z] deep cycle 1742: 80 domains → 0 hit → 0 deep products → /paperclip/instances/default/workspaces/3ec8f6dd-1735-4479-9825-a2c42edac34c/data/buy30590_deep/deep-cycle-1742-2026-06-05T21-59-05-295Z.ndjson
[2026-06-05T21:59:10.829Z] deep cycle 1743: 80 domains → 0 hit → 0 deep products → /paperclip/instances/default/workspaces/3ec8f6dd-1735-4479-9825-a2c42edac34c/data/buy30590_deep/deep-cycle-1743-2026-06-05T21-59-10-559Z.ndjson
[2026-06-05T21:59:16.097Z] deep cycle 1744: 80 domains → 0 hit → 0 deep products → /paperclip/instances/default/workspaces/3ec8f6dd-1735-4479-9825-a2c42edac34c/data/buy30590_deep/deep-cycle-1744-2026-06-05T21-59-15-834Z.ndjson
[2026-06-05T21:59:21.655Z] deep cycle 1745: 80 domains → 0 hit → 0 deep products → /paperclip/instances/default/workspaces/3ec8f6dd-1735-4479-9825-a2c42edac34c/data/buy30590_deep/deep-cycle-1745-2026-06-05T21-59-21-102Z.ndjson
[2026-06-05T21:59:26.976Z] deep cycle 1746: 80 domains → 0 hit → 0 deep products → /paperclip/instances/default/workspaces/3ec8f6dd-1735-4479-9825-a2c42edac34c/data/buy30590_deep/deep-cycle-1746-2026-06-05T21-59-26-660Z.ndjson
[2026-06-05T21:59:32.261Z] deep cycle 1747: 80 domains → 0 hit → 0 deep products → /paperclip/instances/default/workspaces/3ec8f6dd-1735-4479-9825-a2c42edac34c/data/buy30590_deep/deep-cycle-1747-2026-06-05T21-59-31-981Z.ndjson
[2026-06-05T21:59:37.514Z] deep cycle 1748: 80 domains → 0 hit → 0 deep products → /paperclip/instances/default/workspaces/3ec8f6dd-1735-4479-9825-a2c42edac34c/data/buy30590_deep/deep-cycle-1748-2026-06-05T21-59-37-261Z.ndjson
[2026-06-05T21:59:42.799Z] deep cycle 1749: 80 domains → 0 hit → 0 deep products → /paperclip/instances/default/workspaces/3ec8f6dd-1735-4479-9825-a2c42edac34c/data/buy30590_deep/deep-cycle-1749-2026-06-05T21-59-42-519Z.ndjson
[2026-06-05T21:59:48.051Z] deep cycle 1750: 80 domains → 0 hit → 0 deep products → /paperclip/instances/default/workspaces/3ec8f6dd-1735-4479-9825-a2c42edac34c/data/buy30590_deep/deep-cycle-1750-2026-06-05T21-59-47-804Z.ndjson
[2026-06-05T22:00:00.373Z] deep cycle 1751: 80 domains → 2 hit → 5345 deep products → /paperclip/instances/default/workspaces/3ec8f6dd-1735-4479-9825-a2c42edac34c/data/buy30590_deep/deep-cycle-1751-2026-06-05T21-59-53-056Z.ndjson
[2026-06-05T22:00:01.472Z] deep cycle 1751 ingest: exit=0 1.1s === STREAM INGEST DONE ===
files=1 lines=5345 valid=5345 written=5345 errors=0
skipped: {}
top sources: [ [ 'shopify', 5345 ] ]
[2026-06-05T22:00:06.856Z] deep cycle 1752: 80 domains → 0 hit → 0 deep products → /paperclip/instances/default/workspaces/3ec8f6dd-1735-4479-9825-a2c42edac34c/data/buy30590_deep/deep-cycle-1752-2026-06-05T22-00-06-477Z.ndjson
[2026-06-05T22:00:12.147Z] deep cycle 1753: 80 domains → 0 hit → 0 deep products → /paperclip/instances/default/workspaces/3ec8f6dd-1735-4479-9825-a2c42edac34c/data/buy30590_deep/deep-cycle-1753-2026-06-05T22-00-11-860Z.ndjson
[2026-06-05T22:00:17.437Z] deep cycle 1754: 80 domains → 0 hit → 0 deep products → /paperclip/instances/default/workspaces/3ec8f6dd-1735-4479-9825-a2c42edac34c/data/buy30590_deep/deep-cycle-1754-2026-06-05T22-00-17-152Z.ndjson
[2026-06-05T22:00:22.711Z] deep cycle 1755: 80 domains → 0 hit → 0 deep products → /paperclip/instances/default/workspaces/3ec8f6dd-1735-4479-9825-a2c42edac34c/data/buy30590_deep/deep-cycle-1755-2026-06-05T22-00-22-438Z.ndjson
[2026-06-05T22:00:27.991Z] deep cycle 1756: 80 domains → 0 hit → 0 deep products → /paperclip/instances/default/workspaces/3ec8f6dd-1735-4479-9825-a2c42edac34c/data/buy30590_deep/deep-cycle-1756-2026-06-05T22-00-27-712Z.ndjson
[2026-06-05T22:00:33.477Z] deep cycle 1757: 80 domains → 0 hit → 0 deep products → /paperclip/instances/default/workspaces/3ec8f6dd-1735-4479-9825-a2c42edac34c/data/buy30590_deep/deep-cycle-1757-2026-06-05T22-00-32-997Z.ndjson
[2026-06-05T22:00:38.793Z] deep cycle 1758: 80 domains → 0 hit → 0 deep products → /paperclip/instances/default/workspaces/3ec8f6dd-1735-4479-9825-a2c42edac34c/data/buy30590_deep/deep-cycle-1758-2026-06-05T22-00-38-482Z.ndjson
[2026-06-05T22:00:44.119Z] deep cycle 1759: 80 domains → 0 hit → 0 deep products → /paperclip/instances/default/workspaces/3ec8f6dd-1735-4479-9825-a2c42edac34c/data/buy30590_deep/deep-cycle-1759-2026-06-05T22-00-43-797Z.ndjson
[2026-06-05T22:00:49.575Z] deep cycle 1760: 80 domains → 0 hit → 0 deep products → /paperclip/instances/default/workspaces/3ec8f6dd-1735-4479-9825-a2c42edac34c/data/buy30590_deep/deep-cycle-1760-2026-06-05T22-00-49-122Z.ndjson
[2026-06-05T22:00:55.185Z] deep cycle 1761: 80 domains → 0 hit → 0 deep products → /paperclip/instances/default/workspaces/3ec8f6dd-1735-4479-9825-a2c42edac34c/data/buy30590_deep/deep-cycle-1761-2026-06-05T22-00-54-580Z.ndjson
[2026-06-05T22:01:00.537Z] deep cycle 1762: 80 domains → 0 hit → 0 deep products → /paperclip/instances/default/workspaces/3ec8f6dd-1735-4479-9825-a2c42edac34c/data/buy30590_deep/deep-cycle-1762-2026-06-05T22-01-00-190Z.ndjson
[2026-06-05T22:01:05.845Z] deep cycle 1763: 80 domains → 0 hit → 0 deep products → /paperclip/instances/default/workspaces/3ec8f6dd-1735-4479-9825-a2c42edac34c/data/buy30590_deep/deep-cycle-1763-2026-06-05T22-01-05-541Z.ndjson
[2026-06-05T22:01:11.160Z] deep cycle 1764: 80 domains → 0 hit → 0 deep products → /paperclip/instances/default/workspaces/3ec8f6dd-1735-4479-9825-a2c42edac34c/data/buy30590_deep/deep-cycle-1764-2026-06-05T22-01-10-851Z.ndjson
[2026-06-05T22:01:16.537Z] deep cycle 1765: 80 domains → 0 hit → 0 deep products → /paperclip/instances/default/workspaces/3ec8f6dd-1735-4479-9825-a2c42edac34c/data/buy30590_deep/deep-cycle-1765-2026-06-05T22-01-16-164Z.ndjson
[2026-06-05T22:01:21.832Z] deep cycle 1766: 80 domains → 0 hit → 0 deep products → /paperclip/instances/default/workspaces/3ec8f6dd-1735-4479-9825-a2c42edac34c/data/buy30590_deep/deep-cycle-1766-2026-06-05T22-01-21-541Z.ndjson
[2026-06-05T22:01:27.128Z] deep cycle 1767: 80 domains → 0 hit → 0 deep products → /paperclip/instances/default/workspaces/3ec8f6dd-1735-4479-9825-a2c42edac34c/data/buy30590_deep/deep-cycle-1767-2026-06-05T22-01-26-836Z.ndjson
[2026-06-05T22:01:32.513Z] deep cycle 1768: 80 domains → 0 hit → 0 deep products → /paperclip/instances/default/workspaces/3ec8f6dd-1735-4479-9825-a2c42edac34c/data/buy30590_deep/deep-cycle-1768-2026-06-05T22-01-32-134Z.ndjson
[2026-06-05T22:01:37.806Z] deep cycle 1769: 80 domains → 0 hit → 0 deep products → /paperclip/instances/default/workspaces/3ec8f6dd-1735-4479-9825-a2c42edac34c/data/buy30590_deep/deep-cycle-1769-2026-06-05T22-01-37-514Z.ndjson
[2026-06-05T22:01:43.115Z] deep cycle 1770: 80 domains → 0 hit → 0 deep products → /paperclip/instances/default/workspaces/3ec8f6dd-1735-4479-9825-a2c42edac34c/data/buy30590_deep/deep-cycle-1770-2026-06-05T22-01-42-811Z.ndjson
[2026-06-05T22:01:48.434Z] deep cycle 1771: 80 domains → 0 hit → 0 deep products → /paperclip/instances/default/workspaces/3ec8f6dd-1735-4479-9825-a2c42edac34c/data/buy30590_deep/deep-cycle-1771-2026-06-05T22-01-48-119Z.ndjson
[2026-06-05T22:01:53.792Z] deep cycle 1772: 80 domains → 0 hit → 0 deep products → /paperclip/instances/default/workspaces/3ec8f6dd-1735-4479-9825-a2c42edac34c/data/buy30590_deep/deep-cycle-1772-2026-06-05T22-01-53-439Z.ndjson
[2026-06-05T22:02:00.223Z] deep cycle 1773: 80 domains → 1 hit → 330 deep products → /paperclip/instances/default/workspaces/3ec8f6dd-1735-4479-9825-a2c42edac34c/data/buy30590_deep/deep-cycle-1773-2026-06-05T22-01-58-809Z.ndjson
[2026-06-05T22:02:14.106Z] deep cycle 1773 ingest: exit=0 13.9s === STREAM INGEST DONE ===
files=1 lines=330 valid=330 written=330 errors=0
skipped: {}
top sources: [ [ 'shopify', 330 ] ]
[2026-06-05T22:02:20.015Z] deep cycle 1774: 80 domains → 0 hit → 0 deep products → /paperclip/instances/default/workspaces/3ec8f6dd-1735-4479-9825-a2c42edac34c/data/buy30590_deep/deep-cycle-1774-2026-06-05T22-02-19-105Z.ndjson
[2026-06-05T22:02:26.463Z] deep cycle 1775: 80 domains → 0 hit → 0 deep products → /paperclip/instances/default/workspaces/3ec8f6dd-1735-4479-9825-a2c42edac34c/data/buy30590_deep/deep-cycle-1775-2026-06-05T22-02-25-020Z.ndjson
[2026-06-05T22:02:32.605Z] deep cycle 1776: 80 domains → 0 hit → 0 deep products → /paperclip/instances/default/workspaces/3ec8f6dd-1735-4479-9825-a2c42edac34c/data/buy30590_deep/deep-cycle-1776-2026-06-05T22-02-31-473Z.ndjson
[2026-06-05T22:02:39.863Z] deep cycle 1777: 80 domains → 0 hit → 0 deep products → /paperclip/instances/default/workspaces/3ec8f6dd-1735-4479-9825-a2c42edac34c/data/buy30590_deep/deep-cycle-1777-2026-06-05T22-02-37-610Z.ndjson
[2026-06-05T22:02:45.177Z] deep cycle 1778: 80 domains → 0 hit → 0 deep products → /paperclip/instances/default/workspaces/3ec8f6dd-1735-4479-9825-a2c42edac34c/data/buy30590_deep/deep-cycle-1778-2026-06-05T22-02-44-864Z.ndjson
[2026-06-05T22:02:50.539Z] deep cycle 1779: 80 domains → 0 hit → 0 deep products → /paperclip/instances/default/workspaces/3ec8f6dd-1735-4479-9825-a2c42edac34c/data/buy30590_deep/deep-cycle-1779-2026-06-05T22-02-50-178Z.ndjson
[2026-06-05T22:02:56.141Z] deep cycle 1780: 80 domains → 0 hit → 0 deep products → /paperclip/instances/default/workspaces/3ec8f6dd-1735-4479-9825-a2c42edac34c/data/buy30590_deep/deep-cycle-1780-2026-06-05T22-02-55-543Z.ndjson
[2026-06-05T22:03:06.906Z] deep cycle 1781: 80 domains → 0 hit → 0 deep products → /paperclip/instances/default/workspaces/3ec8f6dd-1735-4479-9825-a2c42edac34c/data/buy30590_deep/deep-cycle-1781-2026-06-05T22-03-01-142Z.ndjson
[2026-06-05T22:03:13.475Z] deep cycle 1782: 80 domains → 0 hit → 0 deep products → /paperclip/instances/default/workspaces/3ec8f6dd-1735-4479-9825-a2c42edac34c/data/buy30590_deep/deep-cycle-1782-2026-06-05T22-03-11-908Z.ndjson
[2026-06-05T22:03:19.595Z] deep cycle 1783: 80 domains → 0 hit → 0 deep products → /paperclip/instances/default/workspaces/3ec8f6dd-1735-4479-9825-a2c42edac34c/data/buy30590_deep/deep-cycle-1783-2026-06-05T22-03-18-480Z.ndjson
[2026-06-05T22:03:26.345Z] deep cycle 1784: 80 domains → 0 hit → 0 deep products → /paperclip/instances/default/workspaces/3ec8f6dd-1735-4479-9825-a2c42edac34c/data/buy30590_deep/deep-cycle-1784-2026-06-05T22-03-24-596Z.ndjson
[2026-06-05T22:03:32.312Z] deep cycle 1785: 80 domains → 0 hit → 0 deep products → /paperclip/instances/default/workspaces/3ec8f6dd-1735-4479-9825-a2c42edac34c/data/buy30590_deep/deep-cycle-1785-2026-06-05T22-03-31-346Z.ndjson
[2026-06-05T22:03:38.572Z] deep cycle 1786: 80 domains → 0 hit → 0 deep products → /paperclip/instances/default/workspaces/3ec8f6dd-1735-4479-9825-a2c42edac34c/data/buy30590_deep/deep-cycle-1786-2026-06-05T22-03-37-318Z.ndjson
[2026-06-05T22:03:44.214Z] deep cycle 1787: 80 domains → 0 hit → 0 deep products → /paperclip/instances/default/workspaces/3ec8f6dd-1735-4479-9825-a2c42edac34c/data/buy30590_deep/deep-cycle-1787-2026-06-05T22-03-43-577Z.ndjson
[2026-06-05T22:03:51.257Z] deep cycle 1788: 80 domains → 0 hit → 0 deep products → /paperclip/instances/default/workspaces/3ec8f6dd-1735-4479-9825-a2c42edac34c/data/buy30590_deep/deep-cycle-1788-2026-06-05T22-03-49-219Z.ndjson
[2026-06-05T22:03:57.632Z] deep cycle 1789: 80 domains → 0 hit → 0 deep products → /paperclip/instances/default/workspaces/3ec8f6dd-1735-4479-9825-a2c42edac34c/data/buy30590_deep/deep-cycle-1789-2026-06-05T22-03-56-262Z.ndjson
[2026-06-05T22:04:03.597Z] deep cycle 1790: 80 domains → 0 hit → 0 deep products → /paperclip/instances/default/workspaces/3ec8f6dd-1735-4479-9825-a2c42edac34c/data/buy30590_deep/deep-cycle-1790-2026-06-05T22-04-02-637Z.ndjson
[2026-06-05T22:04:10.116Z] deep cycle 1791: 80 domains → 0 hit → 0 deep products → /paperclip/instances/default/workspaces/3ec8f6dd-1735-4479-9825-a2c42edac34c/data/buy30590_deep/deep-cycle-1791-2026-06-05T22-04-08-602Z.ndjson
[2026-06-05T22:04:17.235Z] deep cycle 1792: 80 domains → 0 hit → 0 deep products → /paperclip/instances/default/workspaces/3ec8f6dd-1735-4479-9825-a2c42edac34c/data/buy30590_deep/deep-cycle-1792-2026-06-05T22-04-15-121Z.ndjson
[2026-06-05T22:04:23.084Z] deep cycle 1793: 80 domains → 0 hit → 0 deep products → /paperclip/instances/default/workspaces/3ec8f6dd-1735-4479-9825-a2c42edac34c/data/buy30590_deep/deep-cycle-1793-2026-06-05T22-04-22-239Z.ndjson
[2026-06-05T22:04:30.099Z] deep cycle 1794: 80 domains → 0 hit → 0 deep products → /paperclip/instances/default/workspaces/3ec8f6dd-1735-4479-9825-a2c42edac34c/data/buy30590_deep/deep-cycle-1794-2026-06-05T22-04-28-088Z.ndjson
[2026-06-05T22:04:36.958Z] deep cycle 1795: 80 domains → 0 hit → 0 deep products → /paperclip/instances/default/workspaces/3ec8f6dd-1735-4479-9825-a2c42edac34c/data/buy30590_deep/deep-cycle-1795-2026-06-05T22-04-35-099Z.ndjson
[2026-06-05T22:04:43.934Z] deep cycle 1796: 80 domains → 0 hit → 0 deep products → /paperclip/instances/default/workspaces/3ec8f6dd-1735-4479-9825-a2c42edac34c/data/buy30590_deep/deep-cycle-1796-2026-06-05T22-04-41-963Z.ndjson
[2026-06-05T22:04:50.243Z] deep cycle 1797: 80 domains → 0 hit → 0 deep products → /paperclip/instances/default/workspaces/3ec8f6dd-1735-4479-9825-a2c42edac34c/data/buy30590_deep/deep-cycle-1797-2026-06-05T22-04-48-940Z.ndjson
[2026-06-05T22:04:57.497Z] deep cycle 1798: 80 domains → 0 hit → 0 deep products → /paperclip/instances/default/workspaces/3ec8f6dd-1735-4479-9825-a2c42edac34c/data/buy30590_deep/deep-cycle-1798-2026-06-05T22-04-55-248Z.ndjson
[2026-06-05T22:05:04.499Z] deep cycle 1799: 80 domains → 0 hit → 0 deep products → /paperclip/instances/default/workspaces/3ec8f6dd-1735-4479-9825-a2c42edac34c/data/buy30590_deep/deep-cycle-1799-2026-06-05T22-05-02-506Z.ndjson
[2026-06-05T22:05:11.190Z] deep cycle 1800: 80 domains → 0 hit → 0 deep products → /paperclip/instances/default/workspaces/3ec8f6dd-1735-4479-9825-a2c42edac34c/data/buy30590_deep/deep-cycle-1800-2026-06-05T22-05-09-504Z.ndjson
[2026-06-05T22:05:18.524Z] deep cycle 1801: 80 domains → 0 hit → 0 deep products → /paperclip/instances/default/workspaces/3ec8f6dd-1735-4479-9825-a2c42edac34c/data/buy30590_deep/deep-cycle-1801-2026-06-05T22-05-16-196Z.ndjson
[2026-06-05T22:05:28.689Z] deep cycle 1802: 80 domains → 21 hit → 12753 deep products → /paperclip/instances/default/workspaces/3ec8f6dd-1735-4479-9825-a2c42edac34c/data/buy30590_deep/deep-cycle-1802-2026-06-05T22-05-23-527Z.ndjson
[2026-06-05T22:06:45.352Z] deep cycle 1802 ingest: exit=0 76.7s === STREAM INGEST DONE ===
files=1 lines=12753 valid=12753 written=12753 errors=0
skipped: {}
top sources: [ [ 'shopify', 12753 ] ]
[2026-06-05T22:06:53.406Z] deep cycle 1803: 80 domains → 0 hit → 0 deep products → /paperclip/instances/default/workspaces/3ec8f6dd-1735-4479-9825-a2c42edac34c/data/buy30590_deep/deep-cycle-1803-2026-06-05T22-06-50-357Z.ndjson
[2026-06-05T22:06:59.416Z] deep cycle 1804: 80 domains → 0 hit → 0 deep products → /paperclip/instances/default/workspaces/3ec8f6dd-1735-4479-9825-a2c42edac34c/data/buy30590_deep/deep-cycle-1804-2026-06-05T22-06-58-412Z.ndjson
[2026-06-05T22:07:06.109Z] deep cycle 1805: 80 domains → 0 hit → 0 deep products → /paperclip/instances/default/workspaces/3ec8f6dd-1735-4479-9825-a2c42edac34c/data/buy30590_deep/deep-cycle-1805-2026-06-05T22-07-04-422Z.ndjson
[2026-06-05T22:07:12.477Z] deep cycle 1806: 80 domains → 0 hit → 0 deep products → /paperclip/instances/default/workspaces/3ec8f6dd-1735-4479-9825-a2c42edac34c/data/buy30590_deep/deep-cycle-1806-2026-06-05T22-07-11-114Z.ndjson
[2026-06-05T22:07:19.257Z] deep cycle 1807: 80 domains → 0 hit → 0 deep products → /paperclip/instances/default/workspaces/3ec8f6dd-1735-4479-9825-a2c42edac34c/data/buy30590_deep/deep-cycle-1807-2026-06-05T22-07-17-482Z.ndjson
[2026-06-05T22:07:26.085Z] deep cycle 1808: 80 domains → 0 hit → 0 deep products → /paperclip/instances/default/workspaces/3ec8f6dd-1735-4479-9825-a2c42edac34c/data/buy30590_deep/deep-cycle-1808-2026-06-05T22-07-24-258Z.ndjson
[2026-06-05T22:07:32.430Z] deep cycle 1809: 80 domains → 0 hit → 0 deep products → /paperclip/instances/default/workspaces/3ec8f6dd-1735-4479-9825-a2c42edac34c/data/buy30590_deep/deep-cycle-1809-2026-06-05T22-07-31-090Z.ndjson
[2026-06-05T22:07:38.783Z] deep cycle 1810: 80 domains → 0 hit → 0 deep products → /paperclip/instances/default/workspaces/3ec8f6dd-1735-4479-9825-a2c42edac34c/data/buy30590_deep/deep-cycle-1810-2026-06-05T22-07-37-436Z.ndjson
[2026-06-05T22:07:45.579Z] deep cycle 1811: 80 domains → 0 hit → 0 deep products → /paperclip/instances/default/workspaces/3ec8f6dd-1735-4479-9825-a2c42edac34c/data/buy30590_deep/deep-cycle-1811-2026-06-05T22-07-43-788Z.ndjson
[2026-06-05T22:07:52.090Z] deep cycle 1812: 80 domains → 0 hit → 0 deep products → /paperclip/instances/default/workspaces/3ec8f6dd-1735-4479-9825-a2c42edac34c/data/buy30590_deep/deep-cycle-1812-2026-06-05T22-07-50-583Z.ndjson
[2026-06-05T22:07:58.587Z] deep cycle 1813: 80 domains → 0 hit → 0 deep products → /paperclip/instances/default/workspaces/3ec8f6dd-1735-4479-9825-a2c42edac34c/data/buy30590_deep/deep-cycle-1813-2026-06-05T22-07-57-095Z.ndjson
[2026-06-05T22:08:05.150Z] deep cycle 1814: 80 domains → 0 hit → 0 deep products → /paperclip/instances/default/workspaces/3ec8f6dd-1735-4479-9825-a2c42edac34c/data/buy30590_deep/deep-cycle-1814-2026-06-05T22-08-03-593Z.ndjson
[2026-06-05T22:08:11.725Z] deep cycle 1815: 80 domains → 0 hit → 0 deep products → /paperclip/instances/default/workspaces/3ec8f6dd-1735-4479-9825-a2c42edac34c/data/buy30590_deep/deep-cycle-1815-2026-06-05T22-08-10-154Z.ndjson
[2026-06-05T22:08:21.127Z] deep cycle 1816: 80 domains → 0 hit → 0 deep products → /paperclip/instances/default/workspaces/3ec8f6dd-1735-4479-9825-a2c42edac34c/data/buy30590_deep/deep-cycle-1816-2026-06-05T22-08-16-729Z.ndjson
[2026-06-05T22:08:39.493Z] deep cycle 1817: 80 domains → 0 hit → 0 deep products → /paperclip/instances/default/workspaces/3ec8f6dd-1735-4479-9825-a2c42edac34c/data/buy30590_deep/deep-cycle-1817-2026-06-05T22-08-26-131Z.ndjson
[2026-06-05T22:08:46.588Z] deep cycle 1818: 80 domains → 0 hit → 0 deep products → /paperclip/instances/default/workspaces/3ec8f6dd-1735-4479-9825-a2c42edac34c/data/buy30590_deep/deep-cycle-1818-2026-06-05T22-08-44-497Z.ndjson
[2026-06-05T22:08:53.547Z] deep cycle 1819: 80 domains → 0 hit → 0 deep products → /paperclip/instances/default/workspaces/3ec8f6dd-1735-4479-9825-a2c42edac34c/data/buy30590_deep/deep-cycle-1819-2026-06-05T22-08-51-596Z.ndjson
[2026-06-05T22:09:01.363Z] deep cycle 1820: 80 domains → 0 hit → 0 deep products → /paperclip/instances/default/workspaces/3ec8f6dd-1735-4479-9825-a2c42edac34c/data/buy30590_deep/deep-cycle-1820-2026-06-05T22-08-58-553Z.ndjson
[2026-06-05T22:09:08.839Z] deep cycle 1821: 80 domains → 0 hit → 0 deep products → /paperclip/instances/default/workspaces/3ec8f6dd-1735-4479-9825-a2c42edac34c/data/buy30590_deep/deep-cycle-1821-2026-06-05T22-09-06-368Z.ndjson
[2026-06-05T22:09:18.128Z] deep cycle 1822: 80 domains → 0 hit → 0 deep products → /paperclip/instances/default/workspaces/3ec8f6dd-1735-4479-9825-a2c42edac34c/data/buy30590_deep/deep-cycle-1822-2026-06-05T22-09-13-843Z.ndjson
[2026-06-05T22:09:25.102Z] deep cycle 1823: 80 domains → 0 hit → 0 deep products → /paperclip/instances/default/workspaces/3ec8f6dd-1735-4479-9825-a2c42edac34c/data/buy30590_deep/deep-cycle-1823-2026-06-05T22-09-23-129Z.ndjson
[2026-06-05T22:09:32.635Z] deep cycle 1824: 80 domains → 0 hit → 0 deep products → /paperclip/instances/default/workspaces/3ec8f6dd-1735-4479-9825-a2c42edac34c/data/buy30590_deep/deep-cycle-1824-2026-06-05T22-09-30-108Z.ndjson
[2026-06-05T22:09:39.378Z] deep cycle 1825: 80 domains → 0 hit → 0 deep products → /paperclip/instances/default/workspaces/3ec8f6dd-1735-4479-9825-a2c42edac34c/data/buy30590_deep/deep-cycle-1825-2026-06-05T22-09-37-640Z.ndjson
[2026-06-05T22:09:46.781Z] deep cycle 1826: 80 domains → 0 hit → 0 deep products → /paperclip/instances/default/workspaces/3ec8f6dd-1735-4479-9825-a2c42edac34c/data/buy30590_deep/deep-cycle-1826-2026-06-05T22-09-44-383Z.ndjson
[2026-06-05T22:09:53.547Z] deep cycle 1827: 80 domains → 0 hit → 0 deep products → /paperclip/instances/default/workspaces/3ec8f6dd-1735-4479-9825-a2c42edac34c/data/buy30590_deep/deep-cycle-1827-2026-06-05T22-09-51-785Z.ndjson
[2026-06-05T22:10:00.475Z] deep cycle 1828: 80 domains → 0 hit → 0 deep products → /paperclip/instances/default/workspaces/3ec8f6dd-1735-4479-9825-a2c42edac34c/data/buy30590_deep/deep-cycle-1828-2026-06-05T22-09-58-548Z.ndjson
[2026-06-05T22:10:08.757Z] deep cycle 1829: 80 domains → 4 hit → 1000 deep products → /paperclip/instances/default/workspaces/3ec8f6dd-1735-4479-9825-a2c42edac34c/data/buy30590_deep/deep-cycle-1829-2026-06-05T22-10-05-481Z.ndjson
[2026-06-05T22:10:51.234Z] deep cycle 1829 ingest: exit=0 42.5s === STREAM INGEST DONE ===
files=1 lines=1000 valid=1000 written=1000 errors=0
skipped: {}
top sources: [ [ 'shopify', 1000 ] ]
[2026-06-05T22:10:58.720Z] deep cycle 1830: 80 domains → 0 hit → 0 deep products → /paperclip/instances/default/workspaces/3ec8f6dd-1735-4479-9825-a2c42edac34c/data/buy30590_deep/deep-cycle-1830-2026-06-05T22-10-56-235Z.ndjson
[2026-06-05T22:11:06.304Z] deep cycle 1831: 80 domains → 0 hit → 0 deep products → /paperclip/instances/default/workspaces/3ec8f6dd-1735-4479-9825-a2c42edac34c/data/buy30590_deep/deep-cycle-1831-2026-06-05T22-11-03-725Z.ndjson
[2026-06-05T22:11:13.119Z] deep cycle 1832: 80 domains → 0 hit → 0 deep products → /paperclip/instances/default/workspaces/3ec8f6dd-1735-4479-9825-a2c42edac34c/data/buy30590_deep/deep-cycle-1832-2026-06-05T22-11-11-309Z.ndjson
[2026-06-05T22:11:21.152Z] deep cycle 1833: 80 domains → 0 hit → 0 deep products → /paperclip/instances/default/workspaces/3ec8f6dd-1735-4479-9825-a2c42edac34c/data/buy30590_deep/deep-cycle-1833-2026-06-05T22-11-18-124Z.ndjson
[2026-06-05T22:11:28.515Z] deep cycle 1834: 80 domains → 0 hit → 0 deep products → /paperclip/instances/default/workspaces/3ec8f6dd-1735-4479-9825-a2c42edac34c/data/buy30590_deep/deep-cycle-1834-2026-06-05T22-11-26-155Z.ndjson
[2026-06-05T22:11:35.275Z] deep cycle 1835: 80 domains → 0 hit → 0 deep products → /paperclip/instances/default/workspaces/3ec8f6dd-1735-4479-9825-a2c42edac34c/data/buy30590_deep/deep-cycle-1835-2026-06-05T22-11-33-517Z.ndjson
[2026-06-05T22:11:42.582Z] deep cycle 1836: 80 domains → 0 hit → 0 deep products → /paperclip/instances/default/workspaces/3ec8f6dd-1735-4479-9825-a2c42edac34c/data/buy30590_deep/deep-cycle-1836-2026-06-05T22-11-40-280Z.ndjson
[2026-06-05T22:11:51.687Z] deep cycle 1837: 80 domains → 0 hit → 0 deep products → /paperclip/instances/default/workspaces/3ec8f6dd-1735-4479-9825-a2c42edac34c/data/buy30590_deep/deep-cycle-1837-2026-06-05T22-11-47-582Z.ndjson
[2026-06-05T22:11:59.249Z] deep cycle 1838: 80 domains → 0 hit → 0 deep products → /paperclip/instances/default/workspaces/3ec8f6dd-1735-4479-9825-a2c42edac34c/data/buy30590_deep/deep-cycle-1838-2026-06-05T22-11-56-687Z.ndjson
[2026-06-05T22:12:05.991Z] deep cycle 1839: 80 domains → 0 hit → 0 deep products → /paperclip/instances/default/workspaces/3ec8f6dd-1735-4479-9825-a2c42edac34c/data/buy30590_deep/deep-cycle-1839-2026-06-05T22-12-04-253Z.ndjson
[2026-06-05T22:12:22.360Z] deep cycle 1840: 80 domains → 0 hit → 0 deep products → /paperclip/instances/default/workspaces/3ec8f6dd-1735-4479-9825-a2c42edac34c/data/buy30590_deep/deep-cycle-1840-2026-06-05T22-12-10-993Z.ndjson
[2026-06-05T22:12:29.316Z] deep cycle 1841: 80 domains → 0 hit → 0 deep products → /paperclip/instances/default/workspaces/3ec8f6dd-1735-4479-9825-a2c42edac34c/data/buy30590_deep/deep-cycle-1841-2026-06-05T22-12-27-366Z.ndjson
[2026-06-05T22:12:38.314Z] deep cycle 1842: 80 domains → 0 hit → 0 deep products → /paperclip/instances/default/workspaces/3ec8f6dd-1735-4479-9825-a2c42edac34c/data/buy30590_deep/deep-cycle-1842-2026-06-05T22-12-34-316Z.ndjson
[2026-06-05T22:12:45.910Z] deep cycle 1843: 80 domains → 0 hit → 0 deep products → /paperclip/instances/default/workspaces/3ec8f6dd-1735-4479-9825-a2c42edac34c/data/buy30590_deep/deep-cycle-1843-2026-06-05T22-12-43-314Z.ndjson
[2026-06-05T22:12:52.880Z] deep cycle 1844: 80 domains → 0 hit → 0 deep products → /paperclip/instances/default/workspaces/3ec8f6dd-1735-4479-9825-a2c42edac34c/data/buy30590_deep/deep-cycle-1844-2026-06-05T22-12-50-915Z.ndjson
[2026-06-05T22:13:00.587Z] deep cycle 1845: 80 domains → 0 hit → 0 deep products → /paperclip/instances/default/workspaces/3ec8f6dd-1735-4479-9825-a2c42edac34c/data/buy30590_deep/deep-cycle-1845-2026-06-05T22-12-57-885Z.ndjson
[2026-06-05T22:13:14.093Z] deep cycle 1846: 80 domains → 1 hit → 2975 deep products → /paperclip/instances/default/workspaces/3ec8f6dd-1735-4479-9825-a2c42edac34c/data/buy30590_deep/deep-cycle-1846-2026-06-05T22-13-05-592Z.ndjson
[2026-06-05T22:13:24.509Z] deep cycle 1846 ingest: exit=0 10.4s === STREAM INGEST DONE ===
files=1 lines=2975 valid=2975 written=2975 errors=0
skipped: {}
top sources: [ [ 'shopify', 2975 ] ]
[2026-06-05T22:13:31.755Z] deep cycle 1847: 80 domains → 0 hit → 0 deep products → /paperclip/instances/default/workspaces/3ec8f6dd-1735-4479-9825-a2c42edac34c/data/buy30590_deep/deep-cycle-1847-2026-06-05T22-13-29-513Z.ndjson
[2026-06-05T22:13:39.155Z] deep cycle 1848: 80 domains → 0 hit → 0 deep products → /paperclip/instances/default/workspaces/3ec8f6dd-1735-4479-9825-a2c42edac34c/data/buy30590_deep/deep-cycle-1848-2026-06-05T22-13-36-755Z.ndjson
[2026-06-05T22:13:49.062Z] deep cycle 1849: 80 domains → 0 hit → 0 deep products → /paperclip/instances/default/workspaces/3ec8f6dd-1735-4479-9825-a2c42edac34c/data/buy30590_deep/deep-cycle-1849-2026-06-05T22-13-44-160Z.ndjson
[2026-06-05T22:13:58.374Z] deep cycle 1850: 80 domains → 0 hit → 0 deep products → /paperclip/instances/default/workspaces/3ec8f6dd-1735-4479-9825-a2c42edac34c/data/buy30590_deep/deep-cycle-1850-2026-06-05T22-13-54-062Z.ndjson
[2026-06-05T22:14:04.787Z] deep cycle 1851: 80 domains → 0 hit → 0 deep products → /paperclip/instances/default/workspaces/3ec8f6dd-1735-4479-9825-a2c42edac34c/data/buy30590_deep/deep-cycle-1851-2026-06-05T22-14-03-378Z.ndjson
[2026-06-05T22:14:11.954Z] deep cycle 1852: 80 domains → 0 hit → 0 deep products → /paperclip/instances/default/workspaces/3ec8f6dd-1735-4479-9825-a2c42edac34c/data/buy30590_deep/deep-cycle-1852-2026-06-05T22-14-09-788Z.ndjson
[2026-06-05T22:14:19.088Z] deep cycle 1853: 80 domains → 0 hit → 0 deep products → /paperclip/instances/default/workspaces/3ec8f6dd-1735-4479-9825-a2c42edac34c/data/buy30590_deep/deep-cycle-1853-2026-06-05T22-14-16-959Z.ndjson
[2026-06-05T22:14:25.269Z] deep cycle 1854: 80 domains → 0 hit → 0 deep products → /paperclip/instances/default/workspaces/3ec8f6dd-1735-4479-9825-a2c42edac34c/data/buy30590_deep/deep-cycle-1854-2026-06-05T22-14-24-093Z.ndjson
[2026-06-05T22:14:32.664Z] deep cycle 1855: 80 domains → 0 hit → 0 deep products → /paperclip/instances/default/workspaces/3ec8f6dd-1735-4479-9825-a2c42edac34c/data/buy30590_deep/deep-cycle-1855-2026-06-05T22-14-30-274Z.ndjson
[2026-06-05T22:14:39.770Z] deep cycle 1856: 80 domains → 0 hit → 0 deep products → /paperclip/instances/default/workspaces/3ec8f6dd-1735-4479-9825-a2c42edac34c/data/buy30590_deep/deep-cycle-1856-2026-06-05T22-14-37-665Z.ndjson
[2026-06-05T22:14:46.593Z] deep cycle 1857: 80 domains → 0 hit → 0 deep products → /paperclip/instances/default/workspaces/3ec8f6dd-1735-4479-9825-a2c42edac34c/data/buy30590_deep/deep-cycle-1857-2026-06-05T22-14-44-772Z.ndjson
[2026-06-05T22:14:54.188Z] deep cycle 1858: 80 domains → 0 hit → 0 deep products → /paperclip/instances/default/workspaces/3ec8f6dd-1735-4479-9825-a2c42edac34c/data/buy30590_deep/deep-cycle-1858-2026-06-05T22-14-51-597Z.ndjson
[2026-06-05T22:15:01.166Z] deep cycle 1859: 80 domains → 0 hit → 0 deep products → /paperclip/instances/default/workspaces/3ec8f6dd-1735-4479-9825-a2c42edac34c/data/buy30590_deep/deep-cycle-1859-2026-06-05T22-14-59-188Z.ndjson
[2026-06-05T22:15:07.772Z] deep cycle 1860: 80 domains → 0 hit → 0 deep products → /paperclip/instances/default/workspaces/3ec8f6dd-1735-4479-9825-a2c42edac34c/data/buy30590_deep/deep-cycle-1860-2026-06-05T22-15-06-166Z.ndjson
[2026-06-05T22:15:14.566Z] deep cycle 1861: 80 domains → 0 hit → 0 deep products → /paperclip/instances/default/workspaces/3ec8f6dd-1735-4479-9825-a2c42edac34c/data/buy30590_deep/deep-cycle-1861-2026-06-05T22-15-12-773Z.ndjson
[2026-06-05T22:15:22.437Z] deep cycle 1862: 80 domains → 0 hit → 0 deep products → /paperclip/instances/default/workspaces/3ec8f6dd-1735-4479-9825-a2c42edac34c/data/buy30590_deep/deep-cycle-1862-2026-06-05T22-15-19-571Z.ndjson
[2026-06-05T22:15:32.116Z] deep cycle 1863: 80 domains → 4 hit → 1620 deep products → /paperclip/instances/default/workspaces/3ec8f6dd-1735-4479-9825-a2c42edac34c/data/buy30590_deep/deep-cycle-1863-2026-06-05T22-15-27-442Z.ndjson
[2026-06-05T22:15:50.715Z] deep cycle 1863 ingest: exit=0 18.6s === STREAM INGEST DONE ===
files=1 lines=1620 valid=1620 written=1620 errors=0
skipped: {}
top sources: [ [ 'shopify', 1620 ] ]
[2026-06-05T22:15:56.776Z] deep cycle 1864: 80 domains → 0 hit → 0 deep products → /paperclip/instances/default/workspaces/3ec8f6dd-1735-4479-9825-a2c42edac34c/data/buy30590_deep/deep-cycle-1864-2026-06-05T22-15-55-719Z.ndjson
[2026-06-05T22:16:03.715Z] deep cycle 1865: 80 domains → 0 hit → 0 deep products → /paperclip/instances/default/workspaces/3ec8f6dd-1735-4479-9825-a2c42edac34c/data/buy30590_deep/deep-cycle-1865-2026-06-05T22-16-01-780Z.ndjson
[2026-06-05T22:16:12.466Z] deep cycle 1866: 80 domains → 0 hit → 0 deep products → /paperclip/instances/default/workspaces/3ec8f6dd-1735-4479-9825-a2c42edac34c/data/buy30590_deep/deep-cycle-1866-2026-06-05T22-16-08-720Z.ndjson
[2026-06-05T22:16:18.781Z] deep cycle 1867: 80 domains → 0 hit → 0 deep products → /paperclip/instances/default/workspaces/3ec8f6dd-1735-4479-9825-a2c42edac34c/data/buy30590_deep/deep-cycle-1867-2026-06-05T22-16-17-471Z.ndjson
[2026-06-05T22:16:25.034Z] deep cycle 1868: 80 domains → 0 hit → 0 deep products → /paperclip/instances/default/workspaces/3ec8f6dd-1735-4479-9825-a2c42edac34c/data/buy30590_deep/deep-cycle-1868-2026-06-05T22-16-23-786Z.ndjson
[2026-06-05T22:16:31.538Z] deep cycle 1869: 80 domains → 0 hit → 0 deep products → /paperclip/instances/default/workspaces/3ec8f6dd-1735-4479-9825-a2c42edac34c/data/buy30590_deep/deep-cycle-1869-2026-06-05T22-16-30-039Z.ndjson
[2026-06-05T22:16:38.095Z] deep cycle 1870: 80 domains → 0 hit → 0 deep products → /paperclip/instances/default/workspaces/3ec8f6dd-1735-4479-9825-a2c42edac34c/data/buy30590_deep/deep-cycle-1870-2026-06-05T22-16-36-540Z.ndjson
[2026-06-05T22:16:44.132Z] deep cycle 1871: 80 domains → 0 hit → 0 deep products → /paperclip/instances/default/workspaces/3ec8f6dd-1735-4479-9825-a2c42edac34c/data/buy30590_deep/deep-cycle-1871-2026-06-05T22-16-43-099Z.ndjson
[2026-06-05T22:16:51.119Z] deep cycle 1872: 80 domains → 0 hit → 0 deep products → /paperclip/instances/default/workspaces/3ec8f6dd-1735-4479-9825-a2c42edac34c/data/buy30590_deep/deep-cycle-1872-2026-06-05T22-16-49-137Z.ndjson
[2026-06-05T22:16:57.681Z] deep cycle 1873: 80 domains → 0 hit → 0 deep products → /paperclip/instances/default/workspaces/3ec8f6dd-1735-4479-9825-a2c42edac34c/data/buy30590_deep/deep-cycle-1873-2026-06-05T22-16-56-124Z.ndjson
[2026-06-05T22:17:04.008Z] deep cycle 1874: 80 domains → 0 hit → 0 deep products → /paperclip/instances/default/workspaces/3ec8f6dd-1735-4479-9825-a2c42edac34c/data/buy30590_deep/deep-cycle-1874-2026-06-05T22-17-02-686Z.ndjson
[2026-06-05T22:17:09.810Z] deep cycle 1875: 80 domains → 0 hit → 0 deep products → /paperclip/instances/default/workspaces/3ec8f6dd-1735-4479-9825-a2c42edac34c/data/buy30590_deep/deep-cycle-1875-2026-06-05T22-17-09-010Z.ndjson
[2026-06-05T22:17:15.411Z] deep cycle 1876: 80 domains → 0 hit → 0 deep products → /paperclip/instances/default/workspaces/3ec8f6dd-1735-4479-9825-a2c42edac34c/data/buy30590_deep/deep-cycle-1876-2026-06-05T22-17-14-814Z.ndjson
[2026-06-05T22:17:21.965Z] deep cycle 1877: 80 domains → 0 hit → 0 deep products → /paperclip/instances/default/workspaces/3ec8f6dd-1735-4479-9825-a2c42edac34c/data/buy30590_deep/deep-cycle-1877-2026-06-05T22-17-20-412Z.ndjson
[2026-06-05T22:17:29.510Z] deep cycle 1878: 80 domains → 0 hit → 0 deep products → /paperclip/instances/default/workspaces/3ec8f6dd-1735-4479-9825-a2c42edac34c/data/buy30590_deep/deep-cycle-1878-2026-06-05T22-17-26-969Z.ndjson
[2026-06-05T22:17:37.917Z] deep cycle 1879: 80 domains → 0 hit → 0 deep products → /paperclip/instances/default/workspaces/3ec8f6dd-1735-4479-9825-a2c42edac34c/data/buy30590_deep/deep-cycle-1879-2026-06-05T22-17-34-515Z.ndjson
[2026-06-05T22:17:44.638Z] deep cycle 1880: 80 domains → 0 hit → 0 deep products → /paperclip/instances/default/workspaces/3ec8f6dd-1735-4479-9825-a2c42edac34c/data/buy30590_deep/deep-cycle-1880-2026-06-05T22-17-42-925Z.ndjson
[2026-06-05T22:17:51.192Z] deep cycle 1881: 80 domains → 0 hit → 0 deep products → /paperclip/instances/default/workspaces/3ec8f6dd-1735-4479-9825-a2c42edac34c/data/buy30590_deep/deep-cycle-1881-2026-06-05T22-17-49-639Z.ndjson
[2026-06-05T22:17:57.324Z] deep cycle 1882: 80 domains → 0 hit → 0 deep products → /paperclip/instances/default/workspaces/3ec8f6dd-1735-4479-9825-a2c42edac34c/data/buy30590_deep/deep-cycle-1882-2026-06-05T22-17-56-192Z.ndjson
[2026-06-05T22:18:03.953Z] deep cycle 1883: 80 domains → 0 hit → 0 deep products → /paperclip/instances/default/workspaces/3ec8f6dd-1735-4479-9825-a2c42edac34c/data/buy30590_deep/deep-cycle-1883-2026-06-05T22-18-02-326Z.ndjson
[2026-06-05T22:18:10.276Z] deep cycle 1884: 80 domains → 0 hit → 0 deep products → /paperclip/instances/default/workspaces/3ec8f6dd-1735-4479-9825-a2c42edac34c/data/buy30590_deep/deep-cycle-1884-2026-06-05T22-18-08-958Z.ndjson
[2026-06-05T22:18:17.018Z] deep cycle 1885: 80 domains → 0 hit → 0 deep products → /paperclip/instances/default/workspaces/3ec8f6dd-1735-4479-9825-a2c42edac34c/data/buy30590_deep/deep-cycle-1885-2026-06-05T22-18-15-278Z.ndjson
[2026-06-05T22:18:23.307Z] deep cycle 1886: 80 domains → 0 hit → 0 deep products → /paperclip/instances/default/workspaces/3ec8f6dd-1735-4479-9825-a2c42edac34c/data/buy30590_deep/deep-cycle-1886-2026-06-05T22-18-22-024Z.ndjson
[2026-06-05T22:18:30.657Z] deep cycle 1887: 80 domains → 0 hit → 0 deep products → /paperclip/instances/default/workspaces/3ec8f6dd-1735-4479-9825-a2c42edac34c/data/buy30590_deep/deep-cycle-1887-2026-06-05T22-18-28-308Z.ndjson
[2026-06-05T22:18:37.645Z] deep cycle 1888: 80 domains → 0 hit → 0 deep products → /paperclip/instances/default/workspaces/3ec8f6dd-1735-4479-9825-a2c42edac34c/data/buy30590_deep/deep-cycle-1888-2026-06-05T22-18-35-658Z.ndjson
[2026-06-05T22:18:44.329Z] deep cycle 1889: 80 domains → 0 hit → 0 deep products → /paperclip/instances/default/workspaces/3ec8f6dd-1735-4479-9825-a2c42edac34c/data/buy30590_deep/deep-cycle-1889-2026-06-05T22-18-42-651Z.ndjson
[2026-06-05T22:18:51.429Z] deep cycle 1890: 80 domains → 0 hit → 0 deep products → /paperclip/instances/default/workspaces/3ec8f6dd-1735-4479-9825-a2c42edac34c/data/buy30590_deep/deep-cycle-1890-2026-06-05T22-18-49-331Z.ndjson
[2026-06-05T22:18:57.708Z] deep cycle 1891: 80 domains → 0 hit → 0 deep products → /paperclip/instances/default/workspaces/3ec8f6dd-1735-4479-9825-a2c42edac34c/data/buy30590_deep/deep-cycle-1891-2026-06-05T22-18-56-433Z.ndjson
[2026-06-05T22:19:04.179Z] deep cycle 1892: 80 domains → 0 hit → 0 deep products → /paperclip/instances/default/workspaces/3ec8f6dd-1735-4479-9825-a2c42edac34c/data/buy30590_deep/deep-cycle-1892-2026-06-05T22-19-02-708Z.ndjson
[2026-06-05T22:19:10.895Z] deep cycle 1893: 80 domains → 0 hit → 0 deep products → /paperclip/instances/default/workspaces/3ec8f6dd-1735-4479-9825-a2c42edac34c/data/buy30590_deep/deep-cycle-1893-2026-06-05T22-19-09-180Z.ndjson
[2026-06-05T22:19:17.185Z] deep cycle 1894: 80 domains → 0 hit → 0 deep products → /paperclip/instances/default/workspaces/3ec8f6dd-1735-4479-9825-a2c42edac34c/data/buy30590_deep/deep-cycle-1894-2026-06-05T22-19-15-900Z.ndjson
[2026-06-05T22:19:23.463Z] deep cycle 1895: 80 domains → 0 hit → 0 deep products → /paperclip/instances/default/workspaces/3ec8f6dd-1735-4479-9825-a2c42edac34c/data/buy30590_deep/deep-cycle-1895-2026-06-05T22-19-22-190Z.ndjson
[2026-06-05T22:19:29.950Z] deep cycle 1896: 80 domains → 0 hit → 0 deep products → /paperclip/instances/default/workspaces/3ec8f6dd-1735-4479-9825-a2c42edac34c/data/buy30590_deep/deep-cycle-1896-2026-06-05T22-19-28-463Z.ndjson
[2026-06-05T22:19:46.086Z] deep cycle 1897: 80 domains → 0 hit → 0 deep products → /paperclip/instances/default/workspaces/3ec8f6dd-1735-4479-9825-a2c42edac34c/data/buy30590_deep/deep-cycle-1897-2026-06-05T22-19-34-956Z.ndjson
[2026-06-05T22:19:52.382Z] deep cycle 1898: 80 domains → 0 hit → 0 deep products → /paperclip/instances/default/workspaces/3ec8f6dd-1735-4479-9825-a2c42edac34c/data/buy30590_deep/deep-cycle-1898-2026-06-05T22-19-51-090Z.ndjson
[2026-06-05T22:20:00.198Z] deep cycle 1899: 80 domains → 0 hit → 0 deep products → /paperclip/instances/default/workspaces/3ec8f6dd-1735-4479-9825-a2c42edac34c/data/buy30590_deep/deep-cycle-1899-2026-06-05T22-19-57-384Z.ndjson
[2026-06-05T22:20:06.369Z] deep cycle 1900: 80 domains → 0 hit → 0 deep products → /paperclip/instances/default/workspaces/3ec8f6dd-1735-4479-9825-a2c42edac34c/data/buy30590_deep/deep-cycle-1900-2026-06-05T22-20-05-202Z.ndjson
[2026-06-05T22:20:23.955Z] deep cycle 1901: 80 domains → 3 hit → 1488 deep products → /paperclip/instances/default/workspaces/3ec8f6dd-1735-4479-9825-a2c42edac34c/data/buy30590_deep/deep-cycle-1901-2026-06-05T22-20-11-371Z.ndjson
[2026-06-05T22:20:37.325Z] deep cycle 1901 ingest: exit=0 13.4s === STREAM INGEST DONE ===
files=1 lines=1488 valid=1488 written=1488 errors=0
skipped: {}
top sources: [ [ 'shopify', 1488 ] ]
[2026-06-05T22:20:54.343Z] deep cycle 1902: 80 domains → 3 hit → 6446 deep products → /paperclip/instances/default/workspaces/3ec8f6dd-1735-4479-9825-a2c42edac34c/data/buy30590_deep/deep-cycle-1902-2026-06-05T22-20-42-330Z.ndjson
[2026-06-05T22:21:34.236Z] deep cycle 1902 ingest: exit=0 39.9s === STREAM INGEST DONE ===
files=1 lines=6446 valid=6446 written=6446 errors=0
skipped: {}
top sources: [ [ 'shopify', 6446 ] ]
[2026-06-05T22:23:37.446Z] deep cycle 1903: 80 domains → 2 hit → 15427 deep products → /paperclip/instances/default/workspaces/3ec8f6dd-1735-4479-9825-a2c42edac34c/data/buy30590_deep/deep-cycle-1903-2026-06-05T22-21-39-240Z.ndjson
[2026-06-05T22:25:37.698Z] deep cycle 1903 ingest: exit=0 120.3s === STREAM INGEST DONE ===
files=1 lines=15427 valid=15427 written=15427 errors=0
skipped: {}
top sources: [ [ 'shopify', 15427 ] ]
[2026-06-05T22:26:10.572Z] deep cycle 1904: 80 domains → 7 hit → 22533 deep products → /paperclip/instances/default/workspaces/3ec8f6dd-1735-4479-9825-a2c42edac34c/data/buy30590_deep/deep-cycle-1904-2026-06-05T22-25-42-702Z.ndjson
[2026-06-05T22:27:56.854Z] deep cycle 1904 ingest: exit=0 106.3s === STREAM INGEST DONE ===
files=1 lines=22533 valid=22533 written=22533 errors=0
skipped: {}
top sources: [ [ 'shopify', 22533 ] ]
[2026-06-05T22:28:04.816Z] deep cycle 1905: 80 domains → 2 hit → 498 deep products → /paperclip/instances/default/workspaces/3ec8f6dd-1735-4479-9825-a2c42edac34c/data/buy30590_deep/deep-cycle-1905-2026-06-05T22-28-01-859Z.ndjson
[2026-06-05T22:28:20.330Z] deep cycle 1905 ingest: exit=0 15.5s === STREAM INGEST DONE ===
files=1 lines=498 valid=498 written=498 errors=0
skipped: {}
top sources: [ [ 'shopify', 498 ] ]
[2026-06-05T22:28:33.505Z] deep cycle 1906: 80 domains → 2 hit → 2714 deep products → /paperclip/instances/default/workspaces/3ec8f6dd-1735-4479-9825-a2c42edac34c/data/buy30590_deep/deep-cycle-1906-2026-06-05T22-28-25-336Z.ndjson
[2026-06-05T22:29:15.683Z] deep cycle 1906 ingest: exit=0 42.2s === STREAM INGEST DONE ===
files=1 lines=2714 valid=2714 written=2714 errors=0
skipped: {}
top sources: [ [ 'shopify', 2714 ] ]
[2026-06-05T22:29:22.557Z] deep cycle 1907: 80 domains → 0 hit → 0 deep products → /paperclip/instances/default/workspaces/3ec8f6dd-1735-4479-9825-a2c42edac34c/data/buy30590_deep/deep-cycle-1907-2026-06-05T22-29-20-688Z.ndjson
[2026-06-05T22:29:34.216Z] deep cycle 1908: 80 domains → 4 hit → 7075 deep products → /paperclip/instances/default/workspaces/3ec8f6dd-1735-4479-9825-a2c42edac34c/data/buy30590_deep/deep-cycle-1908-2026-06-05T22-29-27-558Z.ndjson
[2026-06-05T22:30:11.214Z] deep cycle 1908 ingest: exit=0 37.0s === STREAM INGEST DONE ===
files=1 lines=7075 valid=7075 written=7075 errors=0
skipped: {}
top sources: [ [ 'shopify', 7075 ] ]
[2026-06-05T22:30:22.154Z] deep cycle 1909: 80 domains → 3 hit → 2110 deep products → /paperclip/instances/default/workspaces/3ec8f6dd-1735-4479-9825-a2c42edac34c/data/buy30590_deep/deep-cycle-1909-2026-06-05T22-30-16-216Z.ndjson
[2026-06-05T22:30:32.351Z] deep cycle 1909 ingest: exit=0 10.2s === STREAM INGEST DONE ===
files=1 lines=2110 valid=2110 written=2110 errors=0
skipped: {}
top sources: [ [ 'shopify', 2110 ] ]
[2026-06-05T22:30:37.940Z] deep cycle 1910: 80 domains → 0 hit → 0 deep products → /paperclip/instances/default/workspaces/3ec8f6dd-1735-4479-9825-a2c42edac34c/data/buy30590_deep/deep-cycle-1910-2026-06-05T22-30-37-356Z.ndjson
[2026-06-05T22:30:46.039Z] deep cycle 1911: 80 domains → 0 hit → 0 deep products → /paperclip/instances/default/workspaces/3ec8f6dd-1735-4479-9825-a2c42edac34c/data/buy30590_deep/deep-cycle-1911-2026-06-05T22-30-42-941Z.ndjson
[2026-06-05T22:30:53.214Z] deep cycle 1912: 80 domains → 0 hit → 0 deep products → /paperclip/instances/default/workspaces/3ec8f6dd-1735-4479-9825-a2c42edac34c/data/buy30590_deep/deep-cycle-1912-2026-06-05T22-30-51-041Z.ndjson
[2026-06-05T22:30:59.105Z] deep cycle 1913: 80 domains → 0 hit → 0 deep products → /paperclip/instances/default/workspaces/3ec8f6dd-1735-4479-9825-a2c42edac34c/data/buy30590_deep/deep-cycle-1913-2026-06-05T22-30-58-219Z.ndjson
[2026-06-05T22:31:05.260Z] deep cycle 1914: 80 domains → 0 hit → 0 deep products → /paperclip/instances/default/workspaces/3ec8f6dd-1735-4479-9825-a2c42edac34c/data/buy30590_deep/deep-cycle-1914-2026-06-05T22-31-04-110Z.ndjson
[2026-06-05T22:31:13.211Z] deep cycle 1915: 80 domains → 0 hit → 0 deep products → /paperclip/instances/default/workspaces/3ec8f6dd-1735-4479-9825-a2c42edac34c/data/buy30590_deep/deep-cycle-1915-2026-06-05T22-31-10-263Z.ndjson
[2026-06-05T22:31:19.688Z] deep cycle 1916: 80 domains → 0 hit → 0 deep products → /paperclip/instances/default/workspaces/3ec8f6dd-1735-4479-9825-a2c42edac34c/data/buy30590_deep/deep-cycle-1916-2026-06-05T22-31-18-215Z.ndjson
[2026-06-05T22:31:27.054Z] deep cycle 1917: 80 domains → 0 hit → 0 deep products → /paperclip/instances/default/workspaces/3ec8f6dd-1735-4479-9825-a2c42edac34c/data/buy30590_deep/deep-cycle-1917-2026-06-05T22-31-24-693Z.ndjson
[2026-06-05T22:31:33.335Z] deep cycle 1918: 80 domains → 0 hit → 0 deep products → /paperclip/instances/default/workspaces/3ec8f6dd-1735-4479-9825-a2c42edac34c/data/buy30590_deep/deep-cycle-1918-2026-06-05T22-31-32-059Z.ndjson
[2026-06-05T22:31:38.621Z] deep cycle 1919: 80 domains → 0 hit → 0 deep products → /paperclip/instances/default/workspaces/3ec8f6dd-1735-4479-9825-a2c42edac34c/data/buy30590_deep/deep-cycle-1919-2026-06-05T22-31-38-339Z.ndjson
[2026-06-05T22:31:43.913Z] deep cycle 1920: 80 domains → 0 hit → 0 deep products → /paperclip/instances/default/workspaces/3ec8f6dd-1735-4479-9825-a2c42edac34c/data/buy30590_deep/deep-cycle-1920-2026-06-05T22-31-43-625Z.ndjson
[2026-06-05T22:31:49.506Z] deep cycle 1921: 80 domains → 0 hit → 0 deep products → /paperclip/instances/default/workspaces/3ec8f6dd-1735-4479-9825-a2c42edac34c/data/buy30590_deep/deep-cycle-1921-2026-06-05T22-31-48-918Z.ndjson
[2026-06-05T22:31:55.102Z] deep cycle 1922: 80 domains → 0 hit → 0 deep products → /paperclip/instances/default/workspaces/3ec8f6dd-1735-4479-9825-a2c42edac34c/data/buy30590_deep/deep-cycle-1922-2026-06-05T22-31-54-510Z.ndjson
[2026-06-05T22:32:00.526Z] deep cycle 1923: 80 domains → 0 hit → 0 deep products → /paperclip/instances/default/workspaces/3ec8f6dd-1735-4479-9825-a2c42edac34c/data/buy30590_deep/deep-cycle-1923-2026-06-05T22-32-00-103Z.ndjson
[2026-06-05T22:32:05.831Z] deep cycle 1924: 80 domains → 0 hit → 0 deep products → /paperclip/instances/default/workspaces/3ec8f6dd-1735-4479-9825-a2c42edac34c/data/buy30590_deep/deep-cycle-1924-2026-06-05T22-32-05-531Z.ndjson
[2026-06-05T22:32:11.112Z] deep cycle 1925: 80 domains → 0 hit → 0 deep products → /paperclip/instances/default/workspaces/3ec8f6dd-1735-4479-9825-a2c42edac34c/data/buy30590_deep/deep-cycle-1925-2026-06-05T22-32-10-837Z.ndjson
[2026-06-05T22:32:16.530Z] deep cycle 1926: 80 domains → 0 hit → 0 deep products → /paperclip/instances/default/workspaces/3ec8f6dd-1735-4479-9825-a2c42edac34c/data/buy30590_deep/deep-cycle-1926-2026-06-05T22-32-16-112Z.ndjson
[2026-06-05T22:32:21.845Z] deep cycle 1927: 80 domains → 0 hit → 0 deep products → /paperclip/instances/default/workspaces/3ec8f6dd-1735-4479-9825-a2c42edac34c/data/buy30590_deep/deep-cycle-1927-2026-06-05T22-32-21-532Z.ndjson
[2026-06-05T22:32:27.186Z] deep cycle 1928: 80 domains → 0 hit → 0 deep products → /paperclip/instances/default/workspaces/3ec8f6dd-1735-4479-9825-a2c42edac34c/data/buy30590_deep/deep-cycle-1928-2026-06-05T22-32-26-850Z.ndjson
[2026-06-05T22:32:32.858Z] deep cycle 1929: 80 domains → 0 hit → 0 deep products → /paperclip/instances/default/workspaces/3ec8f6dd-1735-4479-9825-a2c42edac34c/data/buy30590_deep/deep-cycle-1929-2026-06-05T22-32-32-191Z.ndjson
[2026-06-05T22:32:38.130Z] deep cycle 1930: 80 domains → 0 hit → 0 deep products → /paperclip/instances/default/workspaces/3ec8f6dd-1735-4479-9825-a2c42edac34c/data/buy30590_deep/deep-cycle-1930-2026-06-05T22-32-37-862Z.ndjson
[2026-06-05T22:32:43.384Z] deep cycle 1931: 80 domains → 0 hit → 0 deep products → /paperclip/instances/default/workspaces/3ec8f6dd-1735-4479-9825-a2c42edac34c/data/buy30590_deep/deep-cycle-1931-2026-06-05T22-32-43-131Z.ndjson
[2026-06-05T22:32:48.668Z] deep cycle 1932: 80 domains → 0 hit → 0 deep products → /paperclip/instances/default/workspaces/3ec8f6dd-1735-4479-9825-a2c42edac34c/data/buy30590_deep/deep-cycle-1932-2026-06-05T22-32-48-389Z.ndjson
[2026-06-05T22:32:53.963Z] deep cycle 1933: 80 domains → 0 hit → 0 deep products → /paperclip/instances/default/workspaces/3ec8f6dd-1735-4479-9825-a2c42edac34c/data/buy30590_deep/deep-cycle-1933-2026-06-05T22-32-53-670Z.ndjson
[2026-06-05T22:32:59.240Z] deep cycle 1934: 80 domains → 0 hit → 0 deep products → /paperclip/instances/default/workspaces/3ec8f6dd-1735-4479-9825-a2c42edac34c/data/buy30590_deep/deep-cycle-1934-2026-06-05T22-32-58-967Z.ndjson
[2026-06-05T22:33:04.542Z] deep cycle 1935: 80 domains → 0 hit → 0 deep products → /paperclip/instances/default/workspaces/3ec8f6dd-1735-4479-9825-a2c42edac34c/data/buy30590_deep/deep-cycle-1935-2026-06-05T22-33-04-241Z.ndjson
[2026-06-05T22:33:10.280Z] deep cycle 1936: 80 domains → 0 hit → 0 deep products → /paperclip/instances/default/workspaces/3ec8f6dd-1735-4479-9825-a2c42edac34c/data/buy30590_deep/deep-cycle-1936-2026-06-05T22-33-09-551Z.ndjson
[2026-06-05T22:33:15.849Z] deep cycle 1937: 80 domains → 0 hit → 0 deep products → /paperclip/instances/default/workspaces/3ec8f6dd-1735-4479-9825-a2c42edac34c/data/buy30590_deep/deep-cycle-1937-2026-06-05T22-33-15-285Z.ndjson
[2026-06-05T22:33:21.710Z] deep cycle 1938: 80 domains → 0 hit → 0 deep products → /paperclip/instances/default/workspaces/3ec8f6dd-1735-4479-9825-a2c42edac34c/data/buy30590_deep/deep-cycle-1938-2026-06-05T22-33-20-857Z.ndjson
[2026-06-05T22:33:27.419Z] deep cycle 1939: 80 domains → 0 hit → 0 deep products → /paperclip/instances/default/workspaces/3ec8f6dd-1735-4479-9825-a2c42edac34c/data/buy30590_deep/deep-cycle-1939-2026-06-05T22-33-26-714Z.ndjson
[2026-06-05T22:33:32.696Z] deep cycle 1940: 80 domains → 0 hit → 0 deep products → /paperclip/instances/default/workspaces/3ec8f6dd-1735-4479-9825-a2c42edac34c/data/buy30590_deep/deep-cycle-1940-2026-06-05T22-33-32-423Z.ndjson
[2026-06-05T22:33:37.989Z] deep cycle 1941: 80 domains → 0 hit → 0 deep products → /paperclip/instances/default/workspaces/3ec8f6dd-1735-4479-9825-a2c42edac34c/data/buy30590_deep/deep-cycle-1941-2026-06-05T22-33-37-698Z.ndjson
[2026-06-05T22:33:43.272Z] deep cycle 1942: 80 domains → 0 hit → 0 deep products → /paperclip/instances/default/workspaces/3ec8f6dd-1735-4479-9825-a2c42edac34c/data/buy30590_deep/deep-cycle-1942-2026-06-05T22-33-42-992Z.ndjson
[2026-06-05T22:33:48.555Z] deep cycle 1943: 80 domains → 0 hit → 0 deep products → /paperclip/instances/default/workspaces/3ec8f6dd-1735-4479-9825-a2c42edac34c/data/buy30590_deep/deep-cycle-1943-2026-06-05T22-33-48-273Z.ndjson
[2026-06-05T22:33:53.830Z] deep cycle 1944: 80 domains → 0 hit → 0 deep products → /paperclip/instances/default/workspaces/3ec8f6dd-1735-4479-9825-a2c42edac34c/data/buy30590_deep/deep-cycle-1944-2026-06-05T22-33-53-561Z.ndjson
[2026-06-05T22:33:59.138Z] deep cycle 1945: 80 domains → 0 hit → 0 deep products → /paperclip/instances/default/workspaces/3ec8f6dd-1735-4479-9825-a2c42edac34c/data/buy30590_deep/deep-cycle-1945-2026-06-05T22-33-58-836Z.ndjson
[2026-06-05T22:34:04.584Z] deep cycle 1946: 80 domains → 0 hit → 0 deep products → /paperclip/instances/default/workspaces/3ec8f6dd-1735-4479-9825-a2c42edac34c/data/buy30590_deep/deep-cycle-1946-2026-06-05T22-34-04-143Z.ndjson
[2026-06-05T22:34:09.945Z] deep cycle 1947: 80 domains → 0 hit → 0 deep products → /paperclip/instances/default/workspaces/3ec8f6dd-1735-4479-9825-a2c42edac34c/data/buy30590_deep/deep-cycle-1947-2026-06-05T22-34-09-584Z.ndjson
[2026-06-05T22:34:15.227Z] deep cycle 1948: 80 domains → 0 hit → 0 deep products → /paperclip/instances/default/workspaces/3ec8f6dd-1735-4479-9825-a2c42edac34c/data/buy30590_deep/deep-cycle-1948-2026-06-05T22-34-14-950Z.ndjson
[2026-06-05T22:34:20.612Z] deep cycle 1949: 80 domains → 0 hit → 0 deep products → /paperclip/instances/default/workspaces/3ec8f6dd-1735-4479-9825-a2c42edac34c/data/buy30590_deep/deep-cycle-1949-2026-06-05T22-34-20-231Z.ndjson
[2026-06-05T22:34:26.195Z] deep cycle 1950: 80 domains → 0 hit → 0 deep products → /paperclip/instances/default/workspaces/3ec8f6dd-1735-4479-9825-a2c42edac34c/data/buy30590_deep/deep-cycle-1950-2026-06-05T22-34-25-614Z.ndjson
[2026-06-05T22:34:31.476Z] deep cycle 1951: 80 domains → 0 hit → 0 deep products → /paperclip/instances/default/workspaces/3ec8f6dd-1735-4479-9825-a2c42edac34c/data/buy30590_deep/deep-cycle-1951-2026-06-05T22-34-31-200Z.ndjson
[2026-06-05T22:34:36.765Z] deep cycle 1952: 80 domains → 0 hit → 0 deep products → /paperclip/instances/default/workspaces/3ec8f6dd-1735-4479-9825-a2c42edac34c/data/buy30590_deep/deep-cycle-1952-2026-06-05T22-34-36-478Z.ndjson
[2026-06-05T22:34:42.030Z] deep cycle 1953: 80 domains → 0 hit → 0 deep products → /paperclip/instances/default/workspaces/3ec8f6dd-1735-4479-9825-a2c42edac34c/data/buy30590_deep/deep-cycle-1953-2026-06-05T22-34-41-769Z.ndjson
[2026-06-05T22:34:47.546Z] deep cycle 1954: 80 domains → 0 hit → 0 deep products → /paperclip/instances/default/workspaces/3ec8f6dd-1735-4479-9825-a2c42edac34c/data/buy30590_deep/deep-cycle-1954-2026-06-05T22-34-47-031Z.ndjson
[2026-06-05T22:34:53.206Z] deep cycle 1955: 80 domains → 0 hit → 0 deep products → /paperclip/instances/default/workspaces/3ec8f6dd-1735-4479-9825-a2c42edac34c/data/buy30590_deep/deep-cycle-1955-2026-06-05T22-34-52-550Z.ndjson
[2026-06-05T22:34:58.531Z] deep cycle 1956: 80 domains → 0 hit → 0 deep products → /paperclip/instances/default/workspaces/3ec8f6dd-1735-4479-9825-a2c42edac34c/data/buy30590_deep/deep-cycle-1956-2026-06-05T22-34-58-208Z.ndjson
[2026-06-05T22:35:03.802Z] deep cycle 1957: 80 domains → 0 hit → 0 deep products → /paperclip/instances/default/workspaces/3ec8f6dd-1735-4479-9825-a2c42edac34c/data/buy30590_deep/deep-cycle-1957-2026-06-05T22-35-03-535Z.ndjson
[2026-06-05T22:35:09.073Z] deep cycle 1958: 80 domains → 0 hit → 0 deep products → /paperclip/instances/default/workspaces/3ec8f6dd-1735-4479-9825-a2c42edac34c/data/buy30590_deep/deep-cycle-1958-2026-06-05T22-35-08-803Z.ndjson
[2026-06-05T22:35:14.334Z] deep cycle 1959: 80 domains → 0 hit → 0 deep products → /paperclip/instances/default/workspaces/3ec8f6dd-1735-4479-9825-a2c42edac34c/data/buy30590_deep/deep-cycle-1959-2026-06-05T22-35-14-078Z.ndjson
[2026-06-05T22:35:19.608Z] deep cycle 1960: 80 domains → 0 hit → 0 deep products → /paperclip/instances/default/workspaces/3ec8f6dd-1735-4479-9825-a2c42edac34c/data/buy30590_deep/deep-cycle-1960-2026-06-05T22-35-19-339Z.ndjson
[2026-06-05T22:35:25.116Z] deep cycle 1961: 80 domains → 0 hit → 0 deep products → /paperclip/instances/default/workspaces/3ec8f6dd-1735-4479-9825-a2c42edac34c/data/buy30590_deep/deep-cycle-1961-2026-06-05T22-35-24-615Z.ndjson
[2026-06-05T22:35:30.634Z] deep cycle 1962: 80 domains → 0 hit → 0 deep products → /paperclip/instances/default/workspaces/3ec8f6dd-1735-4479-9825-a2c42edac34c/data/buy30590_deep/deep-cycle-1962-2026-06-05T22-35-30-121Z.ndjson
[2026-06-05T22:35:36.103Z] deep cycle 1963: 80 domains → 0 hit → 0 deep products → /paperclip/instances/default/workspaces/3ec8f6dd-1735-4479-9825-a2c42edac34c/data/buy30590_deep/deep-cycle-1963-2026-06-05T22-35-35-644Z.ndjson
[2026-06-05T22:35:41.393Z] deep cycle 1964: 80 domains → 0 hit → 0 deep products → /paperclip/instances/default/workspaces/3ec8f6dd-1735-4479-9825-a2c42edac34c/data/buy30590_deep/deep-cycle-1964-2026-06-05T22-35-41-108Z.ndjson
[2026-06-05T22:35:46.708Z] deep cycle 1965: 80 domains → 0 hit → 0 deep products → /paperclip/instances/default/workspaces/3ec8f6dd-1735-4479-9825-a2c42edac34c/data/buy30590_deep/deep-cycle-1965-2026-06-05T22-35-46-398Z.ndjson
[2026-06-05T22:35:52.027Z] deep cycle 1966: 80 domains → 0 hit → 0 deep products → /paperclip/instances/default/workspaces/3ec8f6dd-1735-4479-9825-a2c42edac34c/data/buy30590_deep/deep-cycle-1966-2026-06-05T22-35-51-714Z.ndjson
[2026-06-05T22:35:57.317Z] deep cycle 1967: 80 domains → 0 hit → 0 deep products → /paperclip/instances/default/workspaces/3ec8f6dd-1735-4479-9825-a2c42edac34c/data/buy30590_deep/deep-cycle-1967-2026-06-05T22-35-57-032Z.ndjson
[2026-06-05T22:36:02.651Z] deep cycle 1968: 80 domains → 0 hit → 0 deep products → /paperclip/instances/default/workspaces/3ec8f6dd-1735-4479-9825-a2c42edac34c/data/buy30590_deep/deep-cycle-1968-2026-06-05T22-36-02-322Z.ndjson
[2026-06-05T22:36:09.077Z] deep cycle 1969: 80 domains → 0 hit → 0 deep products → /paperclip/instances/default/workspaces/3ec8f6dd-1735-4479-9825-a2c42edac34c/data/buy30590_deep/deep-cycle-1969-2026-06-05T22-36-07-656Z.ndjson
[2026-06-05T22:36:15.842Z] deep cycle 1970: 80 domains → 1 hit → 330 deep products → /paperclip/instances/default/workspaces/3ec8f6dd-1735-4479-9825-a2c42edac34c/data/buy30590_deep/deep-cycle-1970-2026-06-05T22-36-14-081Z.ndjson
[2026-06-05T22:36:31.937Z] deep cycle 1970 ingest: exit=0 16.1s === STREAM INGEST DONE ===
files=1 lines=330 valid=330 written=330 errors=0
skipped: {}
top sources: [ [ 'shopify', 330 ] ]
[2026-06-05T22:36:40.514Z] deep cycle 1971: 80 domains → 7 hit → 6000 deep products → /paperclip/instances/default/workspaces/3ec8f6dd-1735-4479-9825-a2c42edac34c/data/buy30590_deep/deep-cycle-1971-2026-06-05T22-36-36-938Z.ndjson
[2026-06-05T22:37:13.874Z] deep cycle 1971 ingest: exit=0 33.4s === STREAM INGEST DONE ===
files=1 lines=6000 valid=6000 written=6000 errors=0
skipped: {}
top sources: [ [ 'shopify', 6000 ] ]
[2026-06-05T22:37:21.388Z] deep cycle 1972: 80 domains → 1 hit → 250 deep products → /paperclip/instances/default/workspaces/3ec8f6dd-1735-4479-9825-a2c42edac34c/data/buy30590_deep/deep-cycle-1972-2026-06-05T22-37-18-878Z.ndjson
[2026-06-05T22:37:24.611Z] deep cycle 1972 ingest: exit=0 3.2s === STREAM INGEST DONE ===
files=1 lines=250 valid=250 written=250 errors=0
skipped: {}
top sources: [ [ 'shopify', 250 ] ]
[2026-06-05T22:37:31.564Z] deep cycle 1973: 80 domains → 0 hit → 0 deep products → /paperclip/instances/default/workspaces/3ec8f6dd-1735-4479-9825-a2c42edac34c/data/buy30590_deep/deep-cycle-1973-2026-06-05T22-37-29-616Z.ndjson
[2026-06-05T22:37:38.078Z] deep cycle 1974: 80 domains → 0 hit → 0 deep products → /paperclip/instances/default/workspaces/3ec8f6dd-1735-4479-9825-a2c42edac34c/data/buy30590_deep/deep-cycle-1974-2026-06-05T22-37-36-564Z.ndjson
[2026-06-05T22:37:43.394Z] deep cycle 1975: 80 domains → 0 hit → 0 deep products → /paperclip/instances/default/workspaces/3ec8f6dd-1735-4479-9825-a2c42edac34c/data/buy30590_deep/deep-cycle-1975-2026-06-05T22-37-43-080Z.ndjson
[2026-06-05T22:37:49.392Z] deep cycle 1976: 80 domains → 0 hit → 0 deep products → /paperclip/instances/default/workspaces/3ec8f6dd-1735-4479-9825-a2c42edac34c/data/buy30590_deep/deep-cycle-1976-2026-06-05T22-37-48-398Z.ndjson
[2026-06-05T22:37:56.249Z] deep cycle 1977: 80 domains → 0 hit → 0 deep products → /paperclip/instances/default/workspaces/3ec8f6dd-1735-4479-9825-a2c42edac34c/data/buy30590_deep/deep-cycle-1977-2026-06-05T22-37-54-398Z.ndjson
[2026-06-05T22:38:02.282Z] deep cycle 1978: 80 domains → 0 hit → 0 deep products → /paperclip/instances/default/workspaces/3ec8f6dd-1735-4479-9825-a2c42edac34c/data/buy30590_deep/deep-cycle-1978-2026-06-05T22-38-01-253Z.ndjson
[2026-06-05T22:38:08.954Z] deep cycle 1979: 80 domains → 0 hit → 0 deep products → /paperclip/instances/default/workspaces/3ec8f6dd-1735-4479-9825-a2c42edac34c/data/buy30590_deep/deep-cycle-1979-2026-06-05T22-38-07-284Z.ndjson
[2026-06-05T22:38:15.533Z] deep cycle 1980: 80 domains → 0 hit → 0 deep products → /paperclip/instances/default/workspaces/3ec8f6dd-1735-4479-9825-a2c42edac34c/data/buy30590_deep/deep-cycle-1980-2026-06-05T22-38-13-955Z.ndjson
[2026-06-05T22:38:21.852Z] deep cycle 1981: 80 domains → 0 hit → 0 deep products → /paperclip/instances/default/workspaces/3ec8f6dd-1735-4479-9825-a2c42edac34c/data/buy30590_deep/deep-cycle-1981-2026-06-05T22-38-20-534Z.ndjson
[2026-06-05T22:38:28.196Z] deep cycle 1982: 80 domains → 0 hit → 0 deep products → /paperclip/instances/default/workspaces/3ec8f6dd-1735-4479-9825-a2c42edac34c/data/buy30590_deep/deep-cycle-1982-2026-06-05T22-38-26-853Z.ndjson
[2026-06-05T22:38:34.530Z] deep cycle 1983: 80 domains → 0 hit → 0 deep products → /paperclip/instances/default/workspaces/3ec8f6dd-1735-4479-9825-a2c42edac34c/data/buy30590_deep/deep-cycle-1983-2026-06-05T22-38-33-204Z.ndjson
[2026-06-05T22:38:41.359Z] deep cycle 1984: 80 domains → 0 hit → 0 deep products → /paperclip/instances/default/workspaces/3ec8f6dd-1735-4479-9825-a2c42edac34c/data/buy30590_deep/deep-cycle-1984-2026-06-05T22-38-39-536Z.ndjson
[2026-06-05T22:38:47.944Z] deep cycle 1985: 80 domains → 0 hit → 0 deep products → /paperclip/instances/default/workspaces/3ec8f6dd-1735-4479-9825-a2c42edac34c/data/buy30590_deep/deep-cycle-1985-2026-06-05T22-38-46-364Z.ndjson
[2026-06-05T22:39:03.963Z] deep cycle 1986: 80 domains → 0 hit → 0 deep products → /paperclip/instances/default/workspaces/3ec8f6dd-1735-4479-9825-a2c42edac34c/data/buy30590_deep/deep-cycle-1986-2026-06-05T22-38-52-948Z.ndjson
[2026-06-05T22:39:10.640Z] deep cycle 1987: 80 domains → 0 hit → 0 deep products → /paperclip/instances/default/workspaces/3ec8f6dd-1735-4479-9825-a2c42edac34c/data/buy30590_deep/deep-cycle-1987-2026-06-05T22-39-08-965Z.ndjson
[2026-06-05T22:39:18.021Z] deep cycle 1988: 80 domains → 0 hit → 0 deep products → /paperclip/instances/default/workspaces/3ec8f6dd-1735-4479-9825-a2c42edac34c/data/buy30590_deep/deep-cycle-1988-2026-06-05T22-39-15-645Z.ndjson
[2026-06-05T22:39:25.594Z] deep cycle 1989: 80 domains → 0 hit → 0 deep products → /paperclip/instances/default/workspaces/3ec8f6dd-1735-4479-9825-a2c42edac34c/data/buy30590_deep/deep-cycle-1989-2026-06-05T22-39-23-025Z.ndjson
[2026-06-05T22:39:33.805Z] deep cycle 1990: 80 domains → 0 hit → 0 deep products → /paperclip/instances/default/workspaces/3ec8f6dd-1735-4479-9825-a2c42edac34c/data/buy30590_deep/deep-cycle-1990-2026-06-05T22-39-30-595Z.ndjson
[2026-06-05T22:39:41.353Z] deep cycle 1991: 80 domains → 0 hit → 0 deep products → /paperclip/instances/default/workspaces/3ec8f6dd-1735-4479-9825-a2c42edac34c/data/buy30590_deep/deep-cycle-1991-2026-06-05T22-39-38-806Z.ndjson
[2026-06-05T22:39:50.613Z] deep cycle 1992: 80 domains → 0 hit → 0 deep products → /paperclip/instances/default/workspaces/3ec8f6dd-1735-4479-9825-a2c42edac34c/data/buy30590_deep/deep-cycle-1992-2026-06-05T22-39-46-353Z.ndjson
[2026-06-05T22:39:56.920Z] deep cycle 1993: 80 domains → 0 hit → 0 deep products → /paperclip/instances/default/workspaces/3ec8f6dd-1735-4479-9825-a2c42edac34c/data/buy30590_deep/deep-cycle-1993-2026-06-05T22-39-55-618Z.ndjson
[2026-06-05T22:40:03.200Z] deep cycle 1994: 80 domains → 0 hit → 0 deep products → /paperclip/instances/default/workspaces/3ec8f6dd-1735-4479-9825-a2c42edac34c/data/buy30590_deep/deep-cycle-1994-2026-06-05T22-40-01-924Z.ndjson
[2026-06-05T22:40:10.876Z] deep cycle 1995: 80 domains → 0 hit → 0 deep products → /paperclip/instances/default/workspaces/3ec8f6dd-1735-4479-9825-a2c42edac34c/data/buy30590_deep/deep-cycle-1995-2026-06-05T22-40-08-205Z.ndjson
[2026-06-05T22:40:29.141Z] deep cycle 1996: 80 domains → 1 hit → 4381 deep products → /paperclip/instances/default/workspaces/3ec8f6dd-1735-4479-9825-a2c42edac34c/data/buy30590_deep/deep-cycle-1996-2026-06-05T22-40-15-877Z.ndjson
[2026-06-05T22:41:14.939Z] deep cycle 1996 ingest: exit=0 45.8s === STREAM INGEST DONE ===
files=1 lines=4381 valid=4381 written=4381 errors=0
skipped: {}
top sources: [ [ 'shopify', 4381 ] ]
[2026-06-05T22:41:22.368Z] deep cycle 1997: 80 domains → 0 hit → 0 deep products → /paperclip/instances/default/workspaces/3ec8f6dd-1735-4479-9825-a2c42edac34c/data/buy30590_deep/deep-cycle-1997-2026-06-05T22-41-19-943Z.ndjson
[2026-06-05T22:41:29.026Z] deep cycle 1998: 80 domains → 0 hit → 0 deep products → /paperclip/instances/default/workspaces/3ec8f6dd-1735-4479-9825-a2c42edac34c/data/buy30590_deep/deep-cycle-1998-2026-06-05T22-41-27-368Z.ndjson
[2026-06-05T22:41:36.503Z] deep cycle 1999: 80 domains → 0 hit → 0 deep products → /paperclip/instances/default/workspaces/3ec8f6dd-1735-4479-9825-a2c42edac34c/data/buy30590_deep/deep-cycle-1999-2026-06-05T22-41-34-027Z.ndjson
[2026-06-05T22:41:42.748Z] deep cycle 2000: 80 domains → 0 hit → 0 deep products → /paperclip/instances/default/workspaces/3ec8f6dd-1735-4479-9825-a2c42edac34c/data/buy30590_deep/deep-cycle-2000-2026-06-05T22-41-41-509Z.ndjson
[2026-06-05T22:41:49.019Z] deep cycle 2001: 80 domains → 0 hit → 0 deep products → /paperclip/instances/default/workspaces/3ec8f6dd-1735-4479-9825-a2c42edac34c/data/buy30590_deep/deep-cycle-2001-2026-06-05T22-41-47-752Z.ndjson
[2026-06-05T22:41:55.031Z] deep cycle 2002: 80 domains → 0 hit → 0 deep products → /paperclip/instances/default/workspaces/3ec8f6dd-1735-4479-9825-a2c42edac34c/data/buy30590_deep/deep-cycle-2002-2026-06-05T22-41-54-024Z.ndjson
[2026-06-05T22:42:01.277Z] deep cycle 2003: 80 domains → 0 hit → 0 deep products → /paperclip/instances/default/workspaces/3ec8f6dd-1735-4479-9825-a2c42edac34c/data/buy30590_deep/deep-cycle-2003-2026-06-05T22-42-00-037Z.ndjson
[2026-06-05T22:42:07.728Z] deep cycle 2004: 80 domains → 0 hit → 0 deep products → /paperclip/instances/default/workspaces/3ec8f6dd-1735-4479-9825-a2c42edac34c/data/buy30590_deep/deep-cycle-2004-2026-06-05T22-42-06-279Z.ndjson
[2026-06-05T22:42:13.738Z] deep cycle 2005: 80 domains → 0 hit → 0 deep products → /paperclip/instances/default/workspaces/3ec8f6dd-1735-4479-9825-a2c42edac34c/data/buy30590_deep/deep-cycle-2005-2026-06-05T22-42-12-734Z.ndjson
[2026-06-05T22:42:20.084Z] deep cycle 2006: 80 domains → 0 hit → 0 deep products → /paperclip/instances/default/workspaces/3ec8f6dd-1735-4479-9825-a2c42edac34c/data/buy30590_deep/deep-cycle-2006-2026-06-05T22-42-18-744Z.ndjson
[2026-06-05T22:42:26.319Z] deep cycle 2007: 80 domains → 0 hit → 0 deep products → /paperclip/instances/default/workspaces/3ec8f6dd-1735-4479-9825-a2c42edac34c/data/buy30590_deep/deep-cycle-2007-2026-06-05T22-42-25-089Z.ndjson
[2026-06-05T22:42:33.483Z] deep cycle 2008: 80 domains → 0 hit → 0 deep products → /paperclip/instances/default/workspaces/3ec8f6dd-1735-4479-9825-a2c42edac34c/data/buy30590_deep/deep-cycle-2008-2026-06-05T22-42-31-320Z.ndjson
[2026-06-05T22:42:39.821Z] deep cycle 2009: 80 domains → 0 hit → 0 deep products → /paperclip/instances/default/workspaces/3ec8f6dd-1735-4479-9825-a2c42edac34c/data/buy30590_deep/deep-cycle-2009-2026-06-05T22-42-38-488Z.ndjson
[2026-06-05T22:42:49.179Z] deep cycle 2010: 80 domains → 0 hit → 0 deep products → /paperclip/instances/default/workspaces/3ec8f6dd-1735-4479-9825-a2c42edac34c/data/buy30590_deep/deep-cycle-2010-2026-06-05T22-42-44-827Z.ndjson
[2026-06-05T22:42:55.540Z] deep cycle 2011: 80 domains → 0 hit → 0 deep products → /paperclip/instances/default/workspaces/3ec8f6dd-1735-4479-9825-a2c42edac34c/data/buy30590_deep/deep-cycle-2011-2026-06-05T22-42-54-184Z.ndjson
[2026-06-05T22:43:03.103Z] deep cycle 2012: 80 domains → 0 hit → 0 deep products → /paperclip/instances/default/workspaces/3ec8f6dd-1735-4479-9825-a2c42edac34c/data/buy30590_deep/deep-cycle-2012-2026-06-05T22-43-00-541Z.ndjson
[2026-06-05T22:43:20.361Z] deep cycle 2013: 80 domains → 0 hit → 0 deep products → /paperclip/instances/default/workspaces/3ec8f6dd-1735-4479-9825-a2c42edac34c/data/buy30590_deep/deep-cycle-2013-2026-06-05T22-43-08-104Z.ndjson
[2026-06-05T22:43:27.480Z] deep cycle 2014: 80 domains → 0 hit → 0 deep products → /paperclip/instances/default/workspaces/3ec8f6dd-1735-4479-9825-a2c42edac34c/data/buy30590_deep/deep-cycle-2014-2026-06-05T22-43-25-366Z.ndjson
[2026-06-05T22:43:33.521Z] deep cycle 2015: 80 domains → 0 hit → 0 deep products → /paperclip/instances/default/workspaces/3ec8f6dd-1735-4479-9825-a2c42edac34c/data/buy30590_deep/deep-cycle-2015-2026-06-05T22-43-32-484Z.ndjson
[2026-06-05T22:43:41.033Z] deep cycle 2016: 80 domains → 0 hit → 0 deep products → /paperclip/instances/default/workspaces/3ec8f6dd-1735-4479-9825-a2c42edac34c/data/buy30590_deep/deep-cycle-2016-2026-06-05T22-43-38-526Z.ndjson
[2026-06-05T22:43:47.543Z] deep cycle 2017: 80 domains → 0 hit → 0 deep products → /paperclip/instances/default/workspaces/3ec8f6dd-1735-4479-9825-a2c42edac34c/data/buy30590_deep/deep-cycle-2017-2026-06-05T22-43-46-036Z.ndjson
[2026-06-05T22:43:55.082Z] deep cycle 2018: 80 domains → 0 hit → 0 deep products → /paperclip/instances/default/workspaces/3ec8f6dd-1735-4479-9825-a2c42edac34c/data/buy30590_deep/deep-cycle-2018-2026-06-05T22-43-52-549Z.ndjson
[2026-06-05T22:44:01.416Z] deep cycle 2019: 80 domains → 0 hit → 0 deep products → /paperclip/instances/default/workspaces/3ec8f6dd-1735-4479-9825-a2c42edac34c/data/buy30590_deep/deep-cycle-2019-2026-06-05T22-44-00-084Z.ndjson
[2026-06-05T22:44:08.092Z] deep cycle 2020: 80 domains → 0 hit → 0 deep products → /paperclip/instances/default/workspaces/3ec8f6dd-1735-4479-9825-a2c42edac34c/data/buy30590_deep/deep-cycle-2020-2026-06-05T22-44-06-420Z.ndjson
[2026-06-05T22:44:15.025Z] deep cycle 2021: 80 domains → 0 hit → 0 deep products → /paperclip/instances/default/workspaces/3ec8f6dd-1735-4479-9825-a2c42edac34c/data/buy30590_deep/deep-cycle-2021-2026-06-05T22-44-13-096Z.ndjson
[2026-06-05T22:44:21.713Z] deep cycle 2022: 80 domains → 0 hit → 0 deep products → /paperclip/instances/default/workspaces/3ec8f6dd-1735-4479-9825-a2c42edac34c/data/buy30590_deep/deep-cycle-2022-2026-06-05T22-44-20-030Z.ndjson
[2026-06-05T22:44:27.987Z] deep cycle 2023: 80 domains → 0 hit → 0 deep products → /paperclip/instances/default/workspaces/3ec8f6dd-1735-4479-9825-a2c42edac34c/data/buy30590_deep/deep-cycle-2023-2026-06-05T22-44-26-717Z.ndjson
[2026-06-05T22:44:35.116Z] deep cycle 2024: 80 domains → 0 hit → 0 deep products → /paperclip/instances/default/workspaces/3ec8f6dd-1735-4479-9825-a2c42edac34c/data/buy30590_deep/deep-cycle-2024-2026-06-05T22-44-32-992Z.ndjson
[2026-06-05T22:44:41.698Z] deep cycle 2025: 80 domains → 0 hit → 0 deep products → /paperclip/instances/default/workspaces/3ec8f6dd-1735-4479-9825-a2c42edac34c/data/buy30590_deep/deep-cycle-2025-2026-06-05T22-44-40-121Z.ndjson
[2026-06-05T22:44:48.785Z] deep cycle 2026: 80 domains → 0 hit → 0 deep products → /paperclip/instances/default/workspaces/3ec8f6dd-1735-4479-9825-a2c42edac34c/data/buy30590_deep/deep-cycle-2026-2026-06-05T22-44-46-703Z.ndjson
[2026-06-05T22:44:55.941Z] deep cycle 2027: 80 domains → 0 hit → 0 deep products → /paperclip/instances/default/workspaces/3ec8f6dd-1735-4479-9825-a2c42edac34c/data/buy30590_deep/deep-cycle-2027-2026-06-05T22-44-53-790Z.ndjson
[2026-06-05T22:45:02.263Z] deep cycle 2028: 80 domains → 0 hit → 0 deep products → /paperclip/instances/default/workspaces/3ec8f6dd-1735-4479-9825-a2c42edac34c/data/buy30590_deep/deep-cycle-2028-2026-06-05T22-45-00-942Z.ndjson
[2026-06-05T22:45:09.545Z] deep cycle 2029: 80 domains → 0 hit → 0 deep products → /paperclip/instances/default/workspaces/3ec8f6dd-1735-4479-9825-a2c42edac34c/data/buy30590_deep/deep-cycle-2029-2026-06-05T22-45-07-268Z.ndjson
[2026-06-05T22:45:16.513Z] deep cycle 2030: 80 domains → 0 hit → 0 deep products → /paperclip/instances/default/workspaces/3ec8f6dd-1735-4479-9825-a2c42edac34c/data/buy30590_deep/deep-cycle-2030-2026-06-05T22-45-14-550Z.ndjson
[2026-06-05T22:45:22.911Z] deep cycle 2031: 80 domains → 0 hit → 0 deep products → /paperclip/instances/default/workspaces/3ec8f6dd-1735-4479-9825-a2c42edac34c/data/buy30590_deep/deep-cycle-2031-2026-06-05T22-45-21-514Z.ndjson
[2026-06-05T22:45:29.792Z] deep cycle 2032: 80 domains → 0 hit → 0 deep products → /paperclip/instances/default/workspaces/3ec8f6dd-1735-4479-9825-a2c42edac34c/data/buy30590_deep/deep-cycle-2032-2026-06-05T22-45-27-917Z.ndjson
[2026-06-05T22:45:36.268Z] deep cycle 2033: 80 domains → 0 hit → 0 deep products → /paperclip/instances/default/workspaces/3ec8f6dd-1735-4479-9825-a2c42edac34c/data/buy30590_deep/deep-cycle-2033-2026-06-05T22-45-34-793Z.ndjson
[2026-06-05T22:45:43.060Z] deep cycle 2034: 80 domains → 0 hit → 0 deep products → /paperclip/instances/default/workspaces/3ec8f6dd-1735-4479-9825-a2c42edac34c/data/buy30590_deep/deep-cycle-2034-2026-06-05T22-45-41-269Z.ndjson
[2026-06-05T22:45:49.973Z] deep cycle 2035: 80 domains → 0 hit → 0 deep products → /paperclip/instances/default/workspaces/3ec8f6dd-1735-4479-9825-a2c42edac34c/data/buy30590_deep/deep-cycle-2035-2026-06-05T22-45-48-065Z.ndjson
[2026-06-05T22:45:56.662Z] deep cycle 2036: 80 domains → 0 hit → 0 deep products → /paperclip/instances/default/workspaces/3ec8f6dd-1735-4479-9825-a2c42edac34c/data/buy30590_deep/deep-cycle-2036-2026-06-05T22-45-54-976Z.ndjson
[2026-06-05T22:46:02.945Z] deep cycle 2037: 80 domains → 0 hit → 0 deep products → /paperclip/instances/default/workspaces/3ec8f6dd-1735-4479-9825-a2c42edac34c/data/buy30590_deep/deep-cycle-2037-2026-06-05T22-46-01-666Z.ndjson
[2026-06-05T22:46:10.317Z] deep cycle 2038: 80 domains → 0 hit → 0 deep products → /paperclip/instances/default/workspaces/3ec8f6dd-1735-4479-9825-a2c42edac34c/data/buy30590_deep/deep-cycle-2038-2026-06-05T22-46-07-950Z.ndjson
[2026-06-05T22:46:17.813Z] deep cycle 2039: 80 domains → 0 hit → 0 deep products → /paperclip/instances/default/workspaces/3ec8f6dd-1735-4479-9825-a2c42edac34c/data/buy30590_deep/deep-cycle-2039-2026-06-05T22-46-15-321Z.ndjson
[2026-06-05T22:46:26.549Z] deep cycle 2040: 80 domains → 0 hit → 0 deep products → /paperclip/instances/default/workspaces/3ec8f6dd-1735-4479-9825-a2c42edac34c/data/buy30590_deep/deep-cycle-2040-2026-06-05T22-46-22-814Z.ndjson
[2026-06-05T22:46:43.054Z] deep cycle 2041: 80 domains → 0 hit → 0 deep products → /paperclip/instances/default/workspaces/3ec8f6dd-1735-4479-9825-a2c42edac34c/data/buy30590_deep/deep-cycle-2041-2026-06-05T22-46-31-554Z.ndjson
[2026-06-05T22:47:02.267Z] deep cycle 2042: 80 domains → 1 hit → 250 deep products → /paperclip/instances/default/workspaces/3ec8f6dd-1735-4479-9825-a2c42edac34c/data/buy30590_deep/deep-cycle-2042-2026-06-05T22-46-48-057Z.ndjson
[2026-06-05T22:47:24.085Z] deep cycle 2042 ingest: exit=0 21.8s === STREAM INGEST DONE ===
files=1 lines=250 valid=250 written=250 errors=0
skipped: {}
top sources: [ [ 'shopify', 250 ] ]
[2026-06-05T22:47:30.573Z] deep cycle 2043: 80 domains → 0 hit → 0 deep products → /paperclip/instances/default/workspaces/3ec8f6dd-1735-4479-9825-a2c42edac34c/data/buy30590_deep/deep-cycle-2043-2026-06-05T22-47-29-086Z.ndjson
[2026-06-05T22:47:37.084Z] deep cycle 2044: 80 domains → 0 hit → 0 deep products → /paperclip/instances/default/workspaces/3ec8f6dd-1735-4479-9825-a2c42edac34c/data/buy30590_deep/deep-cycle-2044-2026-06-05T22-47-35-578Z.ndjson
[2026-06-05T22:47:44.491Z] deep cycle 2045: 80 domains → 0 hit → 0 deep products → /paperclip/instances/default/workspaces/3ec8f6dd-1735-4479-9825-a2c42edac34c/data/buy30590_deep/deep-cycle-2045-2026-06-05T22-47-42-088Z.ndjson
[2026-06-05T22:47:51.225Z] deep cycle 2046: 80 domains → 0 hit → 0 deep products → /paperclip/instances/default/workspaces/3ec8f6dd-1735-4479-9825-a2c42edac34c/data/buy30590_deep/deep-cycle-2046-2026-06-05T22-47-49-493Z.ndjson
[2026-06-05T22:47:58.336Z] deep cycle 2047: 80 domains → 0 hit → 0 deep products → /paperclip/instances/default/workspaces/3ec8f6dd-1735-4479-9825-a2c42edac34c/data/buy30590_deep/deep-cycle-2047-2026-06-05T22-47-56-231Z.ndjson
[2026-06-05T22:48:05.266Z] deep cycle 2048: 80 domains → 0 hit → 0 deep products → /paperclip/instances/default/workspaces/3ec8f6dd-1735-4479-9825-a2c42edac34c/data/buy30590_deep/deep-cycle-2048-2026-06-05T22-48-03-338Z.ndjson
[2026-06-05T22:48:11.606Z] deep cycle 2049: 80 domains → 0 hit → 0 deep products → /paperclip/instances/default/workspaces/3ec8f6dd-1735-4479-9825-a2c42edac34c/data/buy30590_deep/deep-cycle-2049-2026-06-05T22-48-10-267Z.ndjson
[2026-06-05T22:48:18.395Z] deep cycle 2050: 80 domains → 0 hit → 0 deep products → /paperclip/instances/default/workspaces/3ec8f6dd-1735-4479-9825-a2c42edac34c/data/buy30590_deep/deep-cycle-2050-2026-06-05T22-48-16-612Z.ndjson
[2026-06-05T22:48:24.673Z] deep cycle 2051: 80 domains → 0 hit → 0 deep products → /paperclip/instances/default/workspaces/3ec8f6dd-1735-4479-9825-a2c42edac34c/data/buy30590_deep/deep-cycle-2051-2026-06-05T22-48-23-400Z.ndjson
[2026-06-05T22:48:31.584Z] deep cycle 2052: 80 domains → 0 hit → 0 deep products → /paperclip/instances/default/workspaces/3ec8f6dd-1735-4479-9825-a2c42edac34c/data/buy30590_deep/deep-cycle-2052-2026-06-05T22-48-29-675Z.ndjson
[2026-06-05T22:48:39.378Z] deep cycle 2053: 80 domains → 0 hit → 0 deep products → /paperclip/instances/default/workspaces/3ec8f6dd-1735-4479-9825-a2c42edac34c/data/buy30590_deep/deep-cycle-2053-2026-06-05T22-48-36-585Z.ndjson
[2026-06-05T22:48:46.831Z] deep cycle 2054: 80 domains → 0 hit → 0 deep products → /paperclip/instances/default/workspaces/3ec8f6dd-1735-4479-9825-a2c42edac34c/data/buy30590_deep/deep-cycle-2054-2026-06-05T22-48-44-383Z.ndjson
[2026-06-05T22:48:53.782Z] deep cycle 2055: 80 domains → 0 hit → 0 deep products → /paperclip/instances/default/workspaces/3ec8f6dd-1735-4479-9825-a2c42edac34c/data/buy30590_deep/deep-cycle-2055-2026-06-05T22-48-51-836Z.ndjson
[2026-06-05T22:49:00.712Z] deep cycle 2056: 80 domains → 0 hit → 0 deep products → /paperclip/instances/default/workspaces/3ec8f6dd-1735-4479-9825-a2c42edac34c/data/buy30590_deep/deep-cycle-2056-2026-06-05T22-48-58-783Z.ndjson
[2026-06-05T22:49:06.941Z] deep cycle 2057: 80 domains → 0 hit → 0 deep products → /paperclip/instances/default/workspaces/3ec8f6dd-1735-4479-9825-a2c42edac34c/data/buy30590_deep/deep-cycle-2057-2026-06-05T22-49-05-717Z.ndjson
[2026-06-05T22:49:14.006Z] deep cycle 2058: 80 domains → 0 hit → 0 deep products → /paperclip/instances/default/workspaces/3ec8f6dd-1735-4479-9825-a2c42edac34c/data/buy30590_deep/deep-cycle-2058-2026-06-05T22-49-11-941Z.ndjson
[2026-06-05T22:49:20.806Z] deep cycle 2059: 80 domains → 0 hit → 0 deep products → /paperclip/instances/default/workspaces/3ec8f6dd-1735-4479-9825-a2c42edac34c/data/buy30590_deep/deep-cycle-2059-2026-06-05T22-49-19-010Z.ndjson
[2026-06-05T22:49:27.234Z] deep cycle 2060: 80 domains → 0 hit → 0 deep products → /paperclip/instances/default/workspaces/3ec8f6dd-1735-4479-9825-a2c42edac34c/data/buy30590_deep/deep-cycle-2060-2026-06-05T22-49-25-807Z.ndjson
[2026-06-05T22:49:33.229Z] deep cycle 2061: 80 domains → 0 hit → 0 deep products → /paperclip/instances/default/workspaces/3ec8f6dd-1735-4479-9825-a2c42edac34c/data/buy30590_deep/deep-cycle-2061-2026-06-05T22-49-32-239Z.ndjson
[2026-06-05T22:49:40.381Z] deep cycle 2062: 80 domains → 0 hit → 0 deep products → /paperclip/instances/default/workspaces/3ec8f6dd-1735-4479-9825-a2c42edac34c/data/buy30590_deep/deep-cycle-2062-2026-06-05T22-49-38-234Z.ndjson
[2026-06-05T22:49:47.875Z] deep cycle 2063: 80 domains → 0 hit → 0 deep products → /paperclip/instances/default/workspaces/3ec8f6dd-1735-4479-9825-a2c42edac34c/data/buy30590_deep/deep-cycle-2063-2026-06-05T22-49-45-385Z.ndjson
[2026-06-05T22:49:54.189Z] deep cycle 2064: 80 domains → 0 hit → 0 deep products → /paperclip/instances/default/workspaces/3ec8f6dd-1735-4479-9825-a2c42edac34c/data/buy30590_deep/deep-cycle-2064-2026-06-05T22-49-52-881Z.ndjson
[2026-06-05T22:50:00.594Z] deep cycle 2065: 80 domains → 0 hit → 0 deep products → /paperclip/instances/default/workspaces/3ec8f6dd-1735-4479-9825-a2c42edac34c/data/buy30590_deep/deep-cycle-2065-2026-06-05T22-49-59-190Z.ndjson
[2026-06-05T22:50:06.687Z] deep cycle 2066: 80 domains → 0 hit → 0 deep products → /paperclip/instances/default/workspaces/3ec8f6dd-1735-4479-9825-a2c42edac34c/data/buy30590_deep/deep-cycle-2066-2026-06-05T22-50-05-598Z.ndjson
[2026-06-05T22:50:13.120Z] deep cycle 2067: 80 domains → 0 hit → 0 deep products → /paperclip/instances/default/workspaces/3ec8f6dd-1735-4479-9825-a2c42edac34c/data/buy30590_deep/deep-cycle-2067-2026-06-05T22-50-11-692Z.ndjson
[2026-06-05T22:50:29.133Z] deep cycle 2068: 80 domains → 0 hit → 0 deep products → /paperclip/instances/default/workspaces/3ec8f6dd-1735-4479-9825-a2c42edac34c/data/buy30590_deep/deep-cycle-2068-2026-06-05T22-50-18-124Z.ndjson
[2026-06-05T22:50:39.244Z] deep cycle 2069: 80 domains → 3 hit → 3353 deep products → /paperclip/instances/default/workspaces/3ec8f6dd-1735-4479-9825-a2c42edac34c/data/buy30590_deep/deep-cycle-2069-2026-06-05T22-50-34-138Z.ndjson
[2026-06-05T22:51:05.232Z] deep cycle 2069 ingest: exit=0 26.0s === STREAM INGEST DONE ===
files=1 lines=3353 valid=3353 written=3353 errors=0
skipped: {}
top sources: [ [ 'shopify', 3353 ] ]
[2026-06-05T22:51:11.756Z] deep cycle 2070: 80 domains → 0 hit → 0 deep products → /paperclip/instances/default/workspaces/3ec8f6dd-1735-4479-9825-a2c42edac34c/data/buy30590_deep/deep-cycle-2070-2026-06-05T22-51-10-236Z.ndjson
[2026-06-05T22:51:18.103Z] deep cycle 2071: 80 domains → 0 hit → 0 deep products → /paperclip/instances/default/workspaces/3ec8f6dd-1735-4479-9825-a2c42edac34c/data/buy30590_deep/deep-cycle-2071-2026-06-05T22-51-16-760Z.ndjson
[2026-06-05T22:51:24.336Z] deep cycle 2072: 80 domains → 0 hit → 0 deep products → /paperclip/instances/default/workspaces/3ec8f6dd-1735-4479-9825-a2c42edac34c/data/buy30590_deep/deep-cycle-2072-2026-06-05T22-51-23-107Z.ndjson
[2026-06-05T22:51:31.375Z] deep cycle 2073: 80 domains → 0 hit → 0 deep products → /paperclip/instances/default/workspaces/3ec8f6dd-1735-4479-9825-a2c42edac34c/data/buy30590_deep/deep-cycle-2073-2026-06-05T22-51-29-337Z.ndjson
[2026-06-05T22:51:38.020Z] deep cycle 2074: 80 domains → 0 hit → 0 deep products → /paperclip/instances/default/workspaces/3ec8f6dd-1735-4479-9825-a2c42edac34c/data/buy30590_deep/deep-cycle-2074-2026-06-05T22-51-36-379Z.ndjson
[2026-06-05T22:51:45.078Z] deep cycle 2075: 80 domains → 0 hit → 0 deep products → /paperclip/instances/default/workspaces/3ec8f6dd-1735-4479-9825-a2c42edac34c/data/buy30590_deep/deep-cycle-2075-2026-06-05T22-51-43-023Z.ndjson
[2026-06-05T22:51:51.325Z] deep cycle 2076: 80 domains → 0 hit → 0 deep products → /paperclip/instances/default/workspaces/3ec8f6dd-1735-4479-9825-a2c42edac34c/data/buy30590_deep/deep-cycle-2076-2026-06-05T22-51-50-082Z.ndjson
[2026-06-05T22:51:58.277Z] deep cycle 2077: 80 domains → 0 hit → 0 deep products → /paperclip/instances/default/workspaces/3ec8f6dd-1735-4479-9825-a2c42edac34c/data/buy30590_deep/deep-cycle-2077-2026-06-05T22-51-56-329Z.ndjson
[2026-06-05T22:52:04.730Z] deep cycle 2078: 80 domains → 0 hit → 0 deep products → /paperclip/instances/default/workspaces/3ec8f6dd-1735-4479-9825-a2c42edac34c/data/buy30590_deep/deep-cycle-2078-2026-06-05T22-52-03-279Z.ndjson
[2026-06-05T22:52:12.202Z] deep cycle 2079: 80 domains → 0 hit → 0 deep products → /paperclip/instances/default/workspaces/3ec8f6dd-1735-4479-9825-a2c42edac34c/data/buy30590_deep/deep-cycle-2079-2026-06-05T22-52-09-733Z.ndjson
[2026-06-05T22:52:18.213Z] deep cycle 2080: 80 domains → 0 hit → 0 deep products → /paperclip/instances/default/workspaces/3ec8f6dd-1735-4479-9825-a2c42edac34c/data/buy30590_deep/deep-cycle-2080-2026-06-05T22-52-17-208Z.ndjson
[2026-06-05T22:52:25.204Z] deep cycle 2081: 80 domains → 0 hit → 0 deep products → /paperclip/instances/default/workspaces/3ec8f6dd-1735-4479-9825-a2c42edac34c/data/buy30590_deep/deep-cycle-2081-2026-06-05T22-52-23-218Z.ndjson
[2026-06-05T22:52:31.865Z] deep cycle 2082: 80 domains → 0 hit → 0 deep products → /paperclip/instances/default/workspaces/3ec8f6dd-1735-4479-9825-a2c42edac34c/data/buy30590_deep/deep-cycle-2082-2026-06-05T22-52-30-204Z.ndjson
[2026-06-05T22:52:40.327Z] deep cycle 2083: 80 domains → 0 hit → 0 deep products → /paperclip/instances/default/workspaces/3ec8f6dd-1735-4479-9825-a2c42edac34c/data/buy30590_deep/deep-cycle-2083-2026-06-05T22-52-36-870Z.ndjson
[2026-06-05T22:52:47.128Z] deep cycle 2084: 80 domains → 0 hit → 0 deep products → /paperclip/instances/default/workspaces/3ec8f6dd-1735-4479-9825-a2c42edac34c/data/buy30590_deep/deep-cycle-2084-2026-06-05T22-52-45-331Z.ndjson
[2026-06-05T22:52:53.915Z] deep cycle 2085: 80 domains → 0 hit → 0 deep products → /paperclip/instances/default/workspaces/3ec8f6dd-1735-4479-9825-a2c42edac34c/data/buy30590_deep/deep-cycle-2085-2026-06-05T22-52-52-128Z.ndjson
[2026-06-05T22:53:00.711Z] deep cycle 2086: 80 domains → 0 hit → 0 deep products → /paperclip/instances/default/workspaces/3ec8f6dd-1735-4479-9825-a2c42edac34c/data/buy30590_deep/deep-cycle-2086-2026-06-05T22-52-58-917Z.ndjson
[2026-06-05T22:53:07.302Z] deep cycle 2087: 80 domains → 0 hit → 0 deep products → /paperclip/instances/default/workspaces/3ec8f6dd-1735-4479-9825-a2c42edac34c/data/buy30590_deep/deep-cycle-2087-2026-06-05T22-53-05-713Z.ndjson
[2026-06-05T22:53:14.130Z] deep cycle 2088: 80 domains → 0 hit → 0 deep products → /paperclip/instances/default/workspaces/3ec8f6dd-1735-4479-9825-a2c42edac34c/data/buy30590_deep/deep-cycle-2088-2026-06-05T22-53-12-303Z.ndjson
[2026-06-05T22:53:21.133Z] deep cycle 2089: 80 domains → 0 hit → 0 deep products → /paperclip/instances/default/workspaces/3ec8f6dd-1735-4479-9825-a2c42edac34c/data/buy30590_deep/deep-cycle-2089-2026-06-05T22-53-19-130Z.ndjson
[2026-06-05T22:53:37.177Z] deep cycle 2090: 80 domains → 0 hit → 0 deep products → /paperclip/instances/default/workspaces/3ec8f6dd-1735-4479-9825-a2c42edac34c/data/buy30590_deep/deep-cycle-2090-2026-06-05T22-53-26-139Z.ndjson
[2026-06-05T22:53:44.261Z] deep cycle 2091: 80 domains → 0 hit → 0 deep products → /paperclip/instances/default/workspaces/3ec8f6dd-1735-4479-9825-a2c42edac34c/data/buy30590_deep/deep-cycle-2091-2026-06-05T22-53-42-182Z.ndjson
[2026-06-05T22:53:51.136Z] deep cycle 2092: 80 domains → 0 hit → 0 deep products → /paperclip/instances/default/workspaces/3ec8f6dd-1735-4479-9825-a2c42edac34c/data/buy30590_deep/deep-cycle-2092-2026-06-05T22-53-49-261Z.ndjson
[2026-06-05T22:53:57.692Z] deep cycle 2093: 80 domains → 0 hit → 0 deep products → /paperclip/instances/default/workspaces/3ec8f6dd-1735-4479-9825-a2c42edac34c/data/buy30590_deep/deep-cycle-2093-2026-06-05T22-53-56-141Z.ndjson
[2026-06-05T22:54:04.623Z] deep cycle 2094: 80 domains → 0 hit → 0 deep products → /paperclip/instances/default/workspaces/3ec8f6dd-1735-4479-9825-a2c42edac34c/data/buy30590_deep/deep-cycle-2094-2026-06-05T22-54-02-697Z.ndjson
[2026-06-05T22:54:17.357Z] deep cycle 2095: 80 domains → 0 hit → 0 deep products → /paperclip/instances/default/workspaces/3ec8f6dd-1735-4479-9825-a2c42edac34c/data/buy30590_deep/deep-cycle-2095-2026-06-05T22-54-09-624Z.ndjson
[2026-06-05T22:54:24.111Z] deep cycle 2096: 80 domains → 0 hit → 0 deep products → /paperclip/instances/default/workspaces/3ec8f6dd-1735-4479-9825-a2c42edac34c/data/buy30590_deep/deep-cycle-2096-2026-06-05T22-54-22-361Z.ndjson
[2026-06-05T22:54:31.236Z] deep cycle 2097: 80 domains → 0 hit → 0 deep products → /paperclip/instances/default/workspaces/3ec8f6dd-1735-4479-9825-a2c42edac34c/data/buy30590_deep/deep-cycle-2097-2026-06-05T22-54-29-116Z.ndjson
[2026-06-05T22:54:38.479Z] deep cycle 2098: 80 domains → 0 hit → 0 deep products → /paperclip/instances/default/workspaces/3ec8f6dd-1735-4479-9825-a2c42edac34c/data/buy30590_deep/deep-cycle-2098-2026-06-05T22-54-36-236Z.ndjson
[2026-06-05T22:54:45.495Z] deep cycle 2099: 80 domains → 0 hit → 0 deep products → /paperclip/instances/default/workspaces/3ec8f6dd-1735-4479-9825-a2c42edac34c/data/buy30590_deep/deep-cycle-2099-2026-06-05T22-54-43-485Z.ndjson
[2026-06-05T22:54:52.596Z] deep cycle 2100: 80 domains → 0 hit → 0 deep products → /paperclip/instances/default/workspaces/3ec8f6dd-1735-4479-9825-a2c42edac34c/data/buy30590_deep/deep-cycle-2100-2026-06-05T22-54-50-496Z.ndjson
[2026-06-05T22:54:59.231Z] deep cycle 2101: 80 domains → 0 hit → 0 deep products → /paperclip/instances/default/workspaces/3ec8f6dd-1735-4479-9825-a2c42edac34c/data/buy30590_deep/deep-cycle-2101-2026-06-05T22-54-57-601Z.ndjson
[2026-06-05T22:55:07.692Z] deep cycle 2102: 80 domains → 0 hit → 0 deep products → /paperclip/instances/default/workspaces/3ec8f6dd-1735-4479-9825-a2c42edac34c/data/buy30590_deep/deep-cycle-2102-2026-06-05T22-55-04-237Z.ndjson
[2026-06-05T22:55:14.619Z] deep cycle 2103: 80 domains → 0 hit → 0 deep products → /paperclip/instances/default/workspaces/3ec8f6dd-1735-4479-9825-a2c42edac34c/data/buy30590_deep/deep-cycle-2103-2026-06-05T22-55-12-692Z.ndjson
[2026-06-05T22:55:22.126Z] deep cycle 2104: 80 domains → 0 hit → 0 deep products → /paperclip/instances/default/workspaces/3ec8f6dd-1735-4479-9825-a2c42edac34c/data/buy30590_deep/deep-cycle-2104-2026-06-05T22-55-19-624Z.ndjson
[2026-06-05T22:55:29.428Z] deep cycle 2105: 80 domains → 0 hit → 0 deep products → /paperclip/instances/default/workspaces/3ec8f6dd-1735-4479-9825-a2c42edac34c/data/buy30590_deep/deep-cycle-2105-2026-06-05T22-55-27-127Z.ndjson
[2026-06-05T22:55:35.131Z] deep cycle 2106: 80 domains → 0 hit → 0 deep products → /paperclip/instances/default/workspaces/3ec8f6dd-1735-4479-9825-a2c42edac34c/data/buy30590_deep/deep-cycle-2106-2026-06-05T22-55-34-435Z.ndjson
[2026-06-05T22:55:42.191Z] deep cycle 2107: 80 domains → 0 hit → 0 deep products → /paperclip/instances/default/workspaces/3ec8f6dd-1735-4479-9825-a2c42edac34c/data/buy30590_deep/deep-cycle-2107-2026-06-05T22-55-40-133Z.ndjson
[2026-06-05T22:55:48.993Z] deep cycle 2108: 80 domains → 0 hit → 0 deep products → /paperclip/instances/default/workspaces/3ec8f6dd-1735-4479-9825-a2c42edac34c/data/buy30590_deep/deep-cycle-2108-2026-06-05T22-55-47-191Z.ndjson
[2026-06-05T22:55:54.999Z] deep cycle 2109: 80 domains → 0 hit → 0 deep products → /paperclip/instances/default/workspaces/3ec8f6dd-1735-4479-9825-a2c42edac34c/data/buy30590_deep/deep-cycle-2109-2026-06-05T22-55-53-998Z.ndjson
[2026-06-05T22:56:03.371Z] deep cycle 2110: 80 domains → 0 hit → 0 deep products → /paperclip/instances/default/workspaces/3ec8f6dd-1735-4479-9825-a2c42edac34c/data/buy30590_deep/deep-cycle-2110-2026-06-05T22-56-00-004Z.ndjson
[2026-06-05T22:56:09.876Z] deep cycle 2111: 80 domains → 0 hit → 0 deep products → /paperclip/instances/default/workspaces/3ec8f6dd-1735-4479-9825-a2c42edac34c/data/buy30590_deep/deep-cycle-2111-2026-06-05T22-56-08-375Z.ndjson
[2026-06-05T22:56:16.112Z] deep cycle 2112: 80 domains → 0 hit → 0 deep products → /paperclip/instances/default/workspaces/3ec8f6dd-1735-4479-9825-a2c42edac34c/data/buy30590_deep/deep-cycle-2112-2026-06-05T22-56-14-878Z.ndjson
[2026-06-05T22:56:23.240Z] deep cycle 2113: 80 domains → 0 hit → 0 deep products → /paperclip/instances/default/workspaces/3ec8f6dd-1735-4479-9825-a2c42edac34c/data/buy30590_deep/deep-cycle-2113-2026-06-05T22-56-21-113Z.ndjson
[2026-06-05T22:56:29.325Z] deep cycle 2114: 80 domains → 0 hit → 0 deep products → /paperclip/instances/default/workspaces/3ec8f6dd-1735-4479-9825-a2c42edac34c/data/buy30590_deep/deep-cycle-2114-2026-06-05T22-56-28-245Z.ndjson
[2026-06-05T22:56:34.879Z] deep cycle 2115: 80 domains → 0 hit → 0 deep products → /paperclip/instances/default/workspaces/3ec8f6dd-1735-4479-9825-a2c42edac34c/data/buy30590_deep/deep-cycle-2115-2026-06-05T22-56-34-330Z.ndjson
[2026-06-05T22:56:40.141Z] deep cycle 2116: 80 domains → 0 hit → 0 deep products → /paperclip/instances/default/workspaces/3ec8f6dd-1735-4479-9825-a2c42edac34c/data/buy30590_deep/deep-cycle-2116-2026-06-05T22-56-39-880Z.ndjson
[2026-06-05T22:56:45.428Z] deep cycle 2117: 80 domains → 0 hit → 0 deep products → /paperclip/instances/default/workspaces/3ec8f6dd-1735-4479-9825-a2c42edac34c/data/buy30590_deep/deep-cycle-2117-2026-06-05T22-56-45-142Z.ndjson
[2026-06-05T22:56:50.716Z] deep cycle 2118: 80 domains → 0 hit → 0 deep products → /paperclip/instances/default/workspaces/3ec8f6dd-1735-4479-9825-a2c42edac34c/data/buy30590_deep/deep-cycle-2118-2026-06-05T22-56-50-433Z.ndjson
[2026-06-05T22:56:55.976Z] deep cycle 2119: 80 domains → 0 hit → 0 deep products → /paperclip/instances/default/workspaces/3ec8f6dd-1735-4479-9825-a2c42edac34c/data/buy30590_deep/deep-cycle-2119-2026-06-05T22-56-55-717Z.ndjson
[2026-06-05T22:57:01.474Z] deep cycle 2120: 80 domains → 0 hit → 0 deep products → /paperclip/instances/default/workspaces/3ec8f6dd-1735-4479-9825-a2c42edac34c/data/buy30590_deep/deep-cycle-2120-2026-06-05T22-57-00-980Z.ndjson
[2026-06-05T22:57:06.748Z] deep cycle 2121: 80 domains → 0 hit → 0 deep products → /paperclip/instances/default/workspaces/3ec8f6dd-1735-4479-9825-a2c42edac34c/data/buy30590_deep/deep-cycle-2121-2026-06-05T22-57-06-478Z.ndjson
[2026-06-05T22:57:12.116Z] deep cycle 2122: 80 domains → 0 hit → 0 deep products → /paperclip/instances/default/workspaces/3ec8f6dd-1735-4479-9825-a2c42edac34c/data/buy30590_deep/deep-cycle-2122-2026-06-05T22-57-11-753Z.ndjson
[2026-06-05T22:57:17.400Z] deep cycle 2123: 80 domains → 0 hit → 0 deep products → /paperclip/instances/default/workspaces/3ec8f6dd-1735-4479-9825-a2c42edac34c/data/buy30590_deep/deep-cycle-2123-2026-06-05T22-57-17-116Z.ndjson
[2026-06-05T22:57:22.934Z] deep cycle 2124: 80 domains → 0 hit → 0 deep products → /paperclip/instances/default/workspaces/3ec8f6dd-1735-4479-9825-a2c42edac34c/data/buy30590_deep/deep-cycle-2124-2026-06-05T22-57-22-405Z.ndjson
[2026-06-05T22:57:28.350Z] deep cycle 2125: 80 domains → 0 hit → 0 deep products → /paperclip/instances/default/workspaces/3ec8f6dd-1735-4479-9825-a2c42edac34c/data/buy30590_deep/deep-cycle-2125-2026-06-05T22-57-27-935Z.ndjson
[2026-06-05T22:57:33.631Z] deep cycle 2126: 80 domains → 0 hit → 0 deep products → /paperclip/instances/default/workspaces/3ec8f6dd-1735-4479-9825-a2c42edac34c/data/buy30590_deep/deep-cycle-2126-2026-06-05T22-57-33-355Z.ndjson
[2026-06-05T22:57:38.911Z] deep cycle 2127: 80 domains → 0 hit → 0 deep products → /paperclip/instances/default/workspaces/3ec8f6dd-1735-4479-9825-a2c42edac34c/data/buy30590_deep/deep-cycle-2127-2026-06-05T22-57-38-632Z.ndjson
[2026-06-05T22:57:44.178Z] deep cycle 2128: 80 domains → 0 hit → 0 deep products → /paperclip/instances/default/workspaces/3ec8f6dd-1735-4479-9825-a2c42edac34c/data/buy30590_deep/deep-cycle-2128-2026-06-05T22-57-43-916Z.ndjson
[2026-06-05T22:57:49.684Z] deep cycle 2129: 80 domains → 0 hit → 0 deep products → /paperclip/instances/default/workspaces/3ec8f6dd-1735-4479-9825-a2c42edac34c/data/buy30590_deep/deep-cycle-2129-2026-06-05T22-57-49-183Z.ndjson
[2026-06-05T22:57:55.134Z] deep cycle 2130: 80 domains → 0 hit → 0 deep products → /paperclip/instances/default/workspaces/3ec8f6dd-1735-4479-9825-a2c42edac34c/data/buy30590_deep/deep-cycle-2130-2026-06-05T22-57-54-686Z.ndjson
[2026-06-05T22:58:00.427Z] deep cycle 2131: 80 domains → 0 hit → 0 deep products → /paperclip/instances/default/workspaces/3ec8f6dd-1735-4479-9825-a2c42edac34c/data/buy30590_deep/deep-cycle-2131-2026-06-05T22-58-00-138Z.ndjson
[2026-06-05T22:58:05.712Z] deep cycle 2132: 80 domains → 0 hit → 0 deep products → /paperclip/instances/default/workspaces/3ec8f6dd-1735-4479-9825-a2c42edac34c/data/buy30590_deep/deep-cycle-2132-2026-06-05T22-58-05-432Z.ndjson
[2026-06-05T22:58:11.015Z] deep cycle 2133: 80 domains → 0 hit → 0 deep products → /paperclip/instances/default/workspaces/3ec8f6dd-1735-4479-9825-a2c42edac34c/data/buy30590_deep/deep-cycle-2133-2026-06-05T22-58-10-717Z.ndjson
[2026-06-05T22:58:16.480Z] deep cycle 2134: 80 domains → 0 hit → 0 deep products → /paperclip/instances/default/workspaces/3ec8f6dd-1735-4479-9825-a2c42edac34c/data/buy30590_deep/deep-cycle-2134-2026-06-05T22-58-16-016Z.ndjson
[2026-06-05T22:58:21.944Z] deep cycle 2135: 80 domains → 0 hit → 0 deep products → /paperclip/instances/default/workspaces/3ec8f6dd-1735-4479-9825-a2c42edac34c/data/buy30590_deep/deep-cycle-2135-2026-06-05T22-58-21-484Z.ndjson
[2026-06-05T22:58:27.222Z] deep cycle 2136: 80 domains → 0 hit → 0 deep products → /paperclip/instances/default/workspaces/3ec8f6dd-1735-4479-9825-a2c42edac34c/data/buy30590_deep/deep-cycle-2136-2026-06-05T22-58-26-946Z.ndjson
[2026-06-05T22:58:32.505Z] deep cycle 2137: 80 domains → 0 hit → 0 deep products → /paperclip/instances/default/workspaces/3ec8f6dd-1735-4479-9825-a2c42edac34c/data/buy30590_deep/deep-cycle-2137-2026-06-05T22-58-32-227Z.ndjson
[2026-06-05T22:58:37.817Z] deep cycle 2138: 80 domains → 0 hit → 0 deep products → /paperclip/instances/default/workspaces/3ec8f6dd-1735-4479-9825-a2c42edac34c/data/buy30590_deep/deep-cycle-2138-2026-06-05T22-58-37-510Z.ndjson
[2026-06-05T22:58:43.084Z] deep cycle 2139: 80 domains → 0 hit → 0 deep products → /paperclip/instances/default/workspaces/3ec8f6dd-1735-4479-9825-a2c42edac34c/data/buy30590_deep/deep-cycle-2139-2026-06-05T22-58-42-822Z.ndjson
[2026-06-05T22:58:48.351Z] deep cycle 2140: 80 domains → 0 hit → 0 deep products → /paperclip/instances/default/workspaces/3ec8f6dd-1735-4479-9825-a2c42edac34c/data/buy30590_deep/deep-cycle-2140-2026-06-05T22-58-48-085Z.ndjson
[2026-06-05T22:58:53.650Z] deep cycle 2141: 80 domains → 0 hit → 0 deep products → /paperclip/instances/default/workspaces/3ec8f6dd-1735-4479-9825-a2c42edac34c/data/buy30590_deep/deep-cycle-2141-2026-06-05T22-58-53-357Z.ndjson
[2026-06-05T22:58:58.931Z] deep cycle 2142: 80 domains → 0 hit → 0 deep products → /paperclip/instances/default/workspaces/3ec8f6dd-1735-4479-9825-a2c42edac34c/data/buy30590_deep/deep-cycle-2142-2026-06-05T22-58-58-655Z.ndjson
[2026-06-05T22:59:04.214Z] deep cycle 2143: 80 domains → 0 hit → 0 deep products → /paperclip/instances/default/workspaces/3ec8f6dd-1735-4479-9825-a2c42edac34c/data/buy30590_deep/deep-cycle-2143-2026-06-05T22-59-03-937Z.ndjson
[2026-06-05T22:59:09.483Z] deep cycle 2144: 80 domains → 0 hit → 0 deep products → /paperclip/instances/default/workspaces/3ec8f6dd-1735-4479-9825-a2c42edac34c/data/buy30590_deep/deep-cycle-2144-2026-06-05T22-59-09-219Z.ndjson
[2026-06-05T22:59:15.027Z] deep cycle 2145: 80 domains → 0 hit → 0 deep products → /paperclip/instances/default/workspaces/3ec8f6dd-1735-4479-9825-a2c42edac34c/data/buy30590_deep/deep-cycle-2145-2026-06-05T22-59-14-489Z.ndjson
[2026-06-05T22:59:20.288Z] deep cycle 2146: 80 domains → 0 hit → 0 deep products → /paperclip/instances/default/workspaces/3ec8f6dd-1735-4479-9825-a2c42edac34c/data/buy30590_deep/deep-cycle-2146-2026-06-05T22-59-20-029Z.ndjson
[2026-06-05T22:59:25.587Z] deep cycle 2147: 80 domains → 0 hit → 0 deep products → /paperclip/instances/default/workspaces/3ec8f6dd-1735-4479-9825-a2c42edac34c/data/buy30590_deep/deep-cycle-2147-2026-06-05T22-59-25-293Z.ndjson
[2026-06-05T22:59:30.948Z] deep cycle 2148: 80 domains → 0 hit → 0 deep products → /paperclip/instances/default/workspaces/3ec8f6dd-1735-4479-9825-a2c42edac34c/data/buy30590_deep/deep-cycle-2148-2026-06-05T22-59-30-592Z.ndjson
[2026-06-05T22:59:36.209Z] deep cycle 2149: 80 domains → 0 hit → 0 deep products → /paperclip/instances/default/workspaces/3ec8f6dd-1735-4479-9825-a2c42edac34c/data/buy30590_deep/deep-cycle-2149-2026-06-05T22-59-35-949Z.ndjson
[2026-06-05T22:59:41.542Z] deep cycle 2150: 80 domains → 0 hit → 0 deep products → /paperclip/instances/default/workspaces/3ec8f6dd-1735-4479-9825-a2c42edac34c/data/buy30590_deep/deep-cycle-2150-2026-06-05T22-59-41-214Z.ndjson
[2026-06-05T22:59:46.838Z] deep cycle 2151: 80 domains → 0 hit → 0 deep products → /paperclip/instances/default/workspaces/3ec8f6dd-1735-4479-9825-a2c42edac34c/data/buy30590_deep/deep-cycle-2151-2026-06-05T22-59-46-547Z.ndjson
[2026-06-05T22:59:52.101Z] deep cycle 2152: 80 domains → 0 hit → 0 deep products → /paperclip/instances/default/workspaces/3ec8f6dd-1735-4479-9825-a2c42edac34c/data/buy30590_deep/deep-cycle-2152-2026-06-05T22-59-51-839Z.ndjson
[2026-06-05T22:59:57.369Z] deep cycle 2153: 80 domains → 0 hit → 0 deep products → /paperclip/instances/default/workspaces/3ec8f6dd-1735-4479-9825-a2c42edac34c/data/buy30590_deep/deep-cycle-2153-2026-06-05T22-59-57-106Z.ndjson
[2026-06-05T23:00:02.657Z] deep cycle 2154: 80 domains → 0 hit → 0 deep products → /paperclip/instances/default/workspaces/3ec8f6dd-1735-4479-9825-a2c42edac34c/data/buy30590_deep/deep-cycle-2154-2026-06-05T23-00-02-375Z.ndjson
[2026-06-05T23:00:08.055Z] deep cycle 2155: 80 domains → 0 hit → 0 deep products → /paperclip/instances/default/workspaces/3ec8f6dd-1735-4479-9825-a2c42edac34c/data/buy30590_deep/deep-cycle-2155-2026-06-05T23-00-07-662Z.ndjson
[2026-06-05T23:00:13.602Z] deep cycle 2156: 80 domains → 0 hit → 0 deep products → /paperclip/instances/default/workspaces/3ec8f6dd-1735-4479-9825-a2c42edac34c/data/buy30590_deep/deep-cycle-2156-2026-06-05T23-00-13-059Z.ndjson
[2026-06-05T23:00:19.008Z] deep cycle 2157: 80 domains → 0 hit → 0 deep products → /paperclip/instances/default/workspaces/3ec8f6dd-1735-4479-9825-a2c42edac34c/data/buy30590_deep/deep-cycle-2157-2026-06-05T23-00-18-607Z.ndjson
[2026-06-05T23:00:24.579Z] deep cycle 2158: 80 domains → 0 hit → 0 deep products → /paperclip/instances/default/workspaces/3ec8f6dd-1735-4479-9825-a2c42edac34c/data/buy30590_deep/deep-cycle-2158-2026-06-05T23-00-24-013Z.ndjson
[2026-06-05T23:00:29.874Z] deep cycle 2159: 80 domains → 0 hit → 0 deep products → /paperclip/instances/default/workspaces/3ec8f6dd-1735-4479-9825-a2c42edac34c/data/buy30590_deep/deep-cycle-2159-2026-06-05T23-00-29-585Z.ndjson
[2026-06-05T23:00:35.157Z] deep cycle 2160: 80 domains → 0 hit → 0 deep products → /paperclip/instances/default/workspaces/3ec8f6dd-1735-4479-9825-a2c42edac34c/data/buy30590_deep/deep-cycle-2160-2026-06-05T23-00-34-878Z.ndjson
[2026-06-05T23:01:35.543Z] deep cycle 2161: 80 domains → 6 hit → 23765 deep products → /paperclip/instances/default/workspaces/3ec8f6dd-1735-4479-9825-a2c42edac34c/data/buy30590_deep/deep-cycle-2161-2026-06-05T23-00-40-161Z.ndjson
[2026-06-05T23:16:26.335Z] deep cycle 2161 ingest: exit=0 890.8s === STREAM INGEST DONE ===
files=1 lines=23765 valid=23765 written=22765 errors=2
skipped: {}
top sources: [ [ 'shopify', 23765 ] ]
[2026-06-05T23:17:14.215Z] deep cycle 2162: 80 domains → 5 hit → 23243 deep products → /paperclip/instances/default/workspaces/3ec8f6dd-1735-4479-9825-a2c42edac34c/data/buy30590_deep/deep-cycle-2162-2026-06-05T23-16-31-336Z.ndjson
[2026-06-05T23:24:58.543Z] deep cycle 2162 ingest: exit=0 464.3s === STREAM INGEST DONE ===
files=1 lines=23243 valid=23243 written=23243 errors=0
skipped: {}
top sources: [ [ 'shopify', 23243 ] ]
[2026-06-05T23:25:46.755Z] deep cycle 2163: 80 domains → 4 hit → 24149 deep products → /paperclip/instances/default/workspaces/3ec8f6dd-1735-4479-9825-a2c42edac34c/data/buy30590_deep/deep-cycle-2163-2026-06-05T23-25-03-548Z.ndjson
[2026-06-05T23:28:23.949Z] deep cycle 2163 ingest: exit=0 157.2s === STREAM INGEST DONE ===
files=1 lines=24149 valid=24149 written=24149 errors=0
skipped: {}
top sources: [ [ 'shopify', 24149 ] ]
[2026-06-05T23:29:05.221Z] deep cycle 2164: 80 domains → 9 hit → 31489 deep products → /paperclip/instances/default/workspaces/3ec8f6dd-1735-4479-9825-a2c42edac34c/data/buy30590_deep/deep-cycle-2164-2026-06-05T23-28-28-954Z.ndjson
[2026-06-05T23:31:12.830Z] deep cycle 2164 ingest: exit=0 127.6s === STREAM INGEST DONE ===
files=1 lines=31489 valid=31489 written=31489 errors=0
skipped: {}
top sources: [ [ 'shopify', 31489 ] ]
[2026-06-05T23:31:29.834Z] deep cycle 2165: 80 domains → 4 hit → 4560 deep products → /paperclip/instances/default/workspaces/3ec8f6dd-1735-4479-9825-a2c42edac34c/data/buy30590_deep/deep-cycle-2165-2026-06-05T23-31-17-834Z.ndjson
[2026-06-05T23:31:31.868Z] deep cycle 2165 ingest: exit=0 2.0s === STREAM INGEST DONE ===
files=1 lines=4560 valid=4560 written=4560 errors=0
skipped: {}
top sources: [ [ 'shopify', 4560 ] ]
[2026-06-05T23:31:40.462Z] deep cycle 2166: 80 domains → 1 hit → 330 deep products → /paperclip/instances/default/workspaces/3ec8f6dd-1735-4479-9825-a2c42edac34c/data/buy30590_deep/deep-cycle-2166-2026-06-05T23-31-36-873Z.ndjson
[2026-06-05T23:31:41.079Z] deep cycle 2166 ingest: exit=0 0.6s === STREAM INGEST DONE ===
files=1 lines=330 valid=330 written=330 errors=0
skipped: {}
top sources: [ [ 'shopify', 330 ] ]
[2026-06-05T23:31:48.422Z] deep cycle 2167: 80 domains → 0 hit → 0 deep products → /paperclip/instances/default/workspaces/3ec8f6dd-1735-4479-9825-a2c42edac34c/data/buy30590_deep/deep-cycle-2167-2026-06-05T23-31-46-083Z.ndjson
[2026-06-05T23:31:56.925Z] deep cycle 2168: 80 domains → 0 hit → 0 deep products → /paperclip/instances/default/workspaces/3ec8f6dd-1735-4479-9825-a2c42edac34c/data/buy30590_deep/deep-cycle-2168-2026-06-05T23-31-53-427Z.ndjson
[2026-06-05T23:32:05.392Z] deep cycle 2169: 80 domains → 0 hit → 0 deep products → /paperclip/instances/default/workspaces/3ec8f6dd-1735-4479-9825-a2c42edac34c/data/buy30590_deep/deep-cycle-2169-2026-06-05T23-32-01-926Z.ndjson
[2026-06-05T23:32:12.644Z] deep cycle 2170: 80 domains → 0 hit → 0 deep products → /paperclip/instances/default/workspaces/3ec8f6dd-1735-4479-9825-a2c42edac34c/data/buy30590_deep/deep-cycle-2170-2026-06-05T23-32-10-395Z.ndjson
[2026-06-05T23:32:17.955Z] deep cycle 2171: 80 domains → 0 hit → 0 deep products → /paperclip/instances/default/workspaces/3ec8f6dd-1735-4479-9825-a2c42edac34c/data/buy30590_deep/deep-cycle-2171-2026-06-05T23-32-17-647Z.ndjson
[2026-06-05T23:32:24.478Z] deep cycle 2172: 80 domains → 0 hit → 0 deep products → /paperclip/instances/default/workspaces/3ec8f6dd-1735-4479-9825-a2c42edac34c/data/buy30590_deep/deep-cycle-2172-2026-06-05T23-32-22-960Z.ndjson
[2026-06-05T23:32:31.888Z] deep cycle 2173: 80 domains → 0 hit → 0 deep products → /paperclip/instances/default/workspaces/3ec8f6dd-1735-4479-9825-a2c42edac34c/data/buy30590_deep/deep-cycle-2173-2026-06-05T23-32-29-483Z.ndjson
[2026-06-05T23:32:40.086Z] deep cycle 2174: 80 domains → 0 hit → 0 deep products → /paperclip/instances/default/workspaces/3ec8f6dd-1735-4479-9825-a2c42edac34c/data/buy30590_deep/deep-cycle-2174-2026-06-05T23-32-36-893Z.ndjson
[2026-06-05T23:32:47.614Z] deep cycle 2175: 80 domains → 0 hit → 0 deep products → /paperclip/instances/default/workspaces/3ec8f6dd-1735-4479-9825-a2c42edac34c/data/buy30590_deep/deep-cycle-2175-2026-06-05T23-32-45-091Z.ndjson
[2026-06-05T23:32:53.970Z] deep cycle 2176: 80 domains → 0 hit → 0 deep products → /paperclip/instances/default/workspaces/3ec8f6dd-1735-4479-9825-a2c42edac34c/data/buy30590_deep/deep-cycle-2176-2026-06-05T23-32-52-621Z.ndjson
[2026-06-05T23:33:00.728Z] deep cycle 2177: 80 domains → 0 hit → 0 deep products → /paperclip/instances/default/workspaces/3ec8f6dd-1735-4479-9825-a2c42edac34c/data/buy30590_deep/deep-cycle-2177-2026-06-05T23-32-58-972Z.ndjson
[2026-06-05T23:33:07.256Z] deep cycle 2178: 80 domains → 0 hit → 0 deep products → /paperclip/instances/default/workspaces/3ec8f6dd-1735-4479-9825-a2c42edac34c/data/buy30590_deep/deep-cycle-2178-2026-06-05T23-33-05-732Z.ndjson
[2026-06-05T23:33:14.526Z] deep cycle 2179: 80 domains → 0 hit → 0 deep products → /paperclip/instances/default/workspaces/3ec8f6dd-1735-4479-9825-a2c42edac34c/data/buy30590_deep/deep-cycle-2179-2026-06-05T23-33-12-261Z.ndjson
[2026-06-05T23:33:20.662Z] deep cycle 2180: 80 domains → 0 hit → 0 deep products → /paperclip/instances/default/workspaces/3ec8f6dd-1735-4479-9825-a2c42edac34c/data/buy30590_deep/deep-cycle-2180-2026-06-05T23-33-19-531Z.ndjson
[2026-06-05T23:33:33.111Z] deep cycle 2181: 80 domains → 17 hit → 5500 deep products → /paperclip/instances/default/workspaces/3ec8f6dd-1735-4479-9825-a2c42edac34c/data/buy30590_deep/deep-cycle-2181-2026-06-05T23-33-25-663Z.ndjson
[2026-06-05T23:33:40.941Z] deep cycle 2181 ingest: exit=0 7.8s === STREAM INGEST DONE ===
files=1 lines=5500 valid=5500 written=5500 errors=0
skipped: {}
top sources: [ [ 'shopify', 5500 ] ]
[2026-06-05T23:33:47.457Z] deep cycle 2182: 80 domains → 0 hit → 0 deep products → /paperclip/instances/default/workspaces/3ec8f6dd-1735-4479-9825-a2c42edac34c/data/buy30590_deep/deep-cycle-2182-2026-06-05T23-33-45-942Z.ndjson
[2026-06-05T23:33:53.957Z] deep cycle 2183: 80 domains → 0 hit → 0 deep products → /paperclip/instances/default/workspaces/3ec8f6dd-1735-4479-9825-a2c42edac34c/data/buy30590_deep/deep-cycle-2183-2026-06-05T23-33-52-463Z.ndjson
[2026-06-05T23:34:11.061Z] deep cycle 2184: 80 domains → 0 hit → 0 deep products → /paperclip/instances/default/workspaces/3ec8f6dd-1735-4479-9825-a2c42edac34c/data/buy30590_deep/deep-cycle-2184-2026-06-05T23-33-58-961Z.ndjson
[2026-06-05T23:34:18.967Z] deep cycle 2185: 80 domains → 0 hit → 0 deep products → /paperclip/instances/default/workspaces/3ec8f6dd-1735-4479-9825-a2c42edac34c/data/buy30590_deep/deep-cycle-2185-2026-06-05T23-34-16-065Z.ndjson
[2026-06-05T23:34:25.759Z] deep cycle 2186: 80 domains → 0 hit → 0 deep products → /paperclip/instances/default/workspaces/3ec8f6dd-1735-4479-9825-a2c42edac34c/data/buy30590_deep/deep-cycle-2186-2026-06-05T23-34-23-972Z.ndjson
[2026-06-05T23:34:32.962Z] deep cycle 2187: 80 domains → 0 hit → 0 deep products → /paperclip/instances/default/workspaces/3ec8f6dd-1735-4479-9825-a2c42edac34c/data/buy30590_deep/deep-cycle-2187-2026-06-05T23-34-30-759Z.ndjson
[2026-06-05T23:34:41.931Z] deep cycle 2188: 80 domains → 0 hit → 0 deep products → /paperclip/instances/default/workspaces/3ec8f6dd-1735-4479-9825-a2c42edac34c/data/buy30590_deep/deep-cycle-2188-2026-06-05T23-34-37-965Z.ndjson
[2026-06-05T23:34:48.155Z] deep cycle 2189: 80 domains → 0 hit → 0 deep products → /paperclip/instances/default/workspaces/3ec8f6dd-1735-4479-9825-a2c42edac34c/data/buy30590_deep/deep-cycle-2189-2026-06-05T23-34-46-932Z.ndjson
[2026-06-05T23:34:54.583Z] deep cycle 2190: 80 domains → 0 hit → 0 deep products → /paperclip/instances/default/workspaces/3ec8f6dd-1735-4479-9825-a2c42edac34c/data/buy30590_deep/deep-cycle-2190-2026-06-05T23-34-53-160Z.ndjson
[2026-06-05T23:35:01.405Z] deep cycle 2191: 80 domains → 0 hit → 0 deep products → /paperclip/instances/default/workspaces/3ec8f6dd-1735-4479-9825-a2c42edac34c/data/buy30590_deep/deep-cycle-2191-2026-06-05T23-34-59-589Z.ndjson
[2026-06-05T23:35:18.376Z] deep cycle 2192: 80 domains → 1 hit → 4000 deep products → /paperclip/instances/default/workspaces/3ec8f6dd-1735-4479-9825-a2c42edac34c/data/buy30590_deep/deep-cycle-2192-2026-06-05T23-35-06-406Z.ndjson
[2026-06-05T23:35:21.578Z] deep cycle 2192 ingest: exit=0 3.2s === STREAM INGEST DONE ===
files=1 lines=4000 valid=4000 written=4000 errors=0
skipped: {}
top sources: [ [ 'shopify', 4000 ] ]
[2026-06-05T23:35:28.449Z] deep cycle 2193: 80 domains → 0 hit → 0 deep products → /paperclip/instances/default/workspaces/3ec8f6dd-1735-4479-9825-a2c42edac34c/data/buy30590_deep/deep-cycle-2193-2026-06-05T23-35-26-584Z.ndjson
[2026-06-05T23:35:34.759Z] deep cycle 2194: 80 domains → 0 hit → 0 deep products → /paperclip/instances/default/workspaces/3ec8f6dd-1735-4479-9825-a2c42edac34c/data/buy30590_deep/deep-cycle-2194-2026-06-05T23-35-33-454Z.ndjson
[2026-06-05T23:35:42.817Z] deep cycle 2195: 80 domains → 0 hit → 0 deep products → /paperclip/instances/default/workspaces/3ec8f6dd-1735-4479-9825-a2c42edac34c/data/buy30590_deep/deep-cycle-2195-2026-06-05T23-35-39-760Z.ndjson
[2026-06-05T23:35:48.717Z] deep cycle 2196: 80 domains → 0 hit → 0 deep products → /paperclip/instances/default/workspaces/3ec8f6dd-1735-4479-9825-a2c42edac34c/data/buy30590_deep/deep-cycle-2196-2026-06-05T23-35-47-821Z.ndjson
[2026-06-05T23:35:54.310Z] deep cycle 2197: 80 domains → 0 hit → 0 deep products → /paperclip/instances/default/workspaces/3ec8f6dd-1735-4479-9825-a2c42edac34c/data/buy30590_deep/deep-cycle-2197-2026-06-05T23-35-53-723Z.ndjson
[2026-06-05T23:35:59.914Z] deep cycle 2198: 80 domains → 0 hit → 0 deep products → /paperclip/instances/default/workspaces/3ec8f6dd-1735-4479-9825-a2c42edac34c/data/buy30590_deep/deep-cycle-2198-2026-06-05T23-35-59-310Z.ndjson
[2026-06-05T23:36:06.044Z] deep cycle 2199: 80 domains → 0 hit → 0 deep products → /paperclip/instances/default/workspaces/3ec8f6dd-1735-4479-9825-a2c42edac34c/data/buy30590_deep/deep-cycle-2199-2026-06-05T23-36-04-919Z.ndjson
[2026-06-05T23:36:12.068Z] deep cycle 2200: 80 domains → 0 hit → 0 deep products → /paperclip/instances/default/workspaces/3ec8f6dd-1735-4479-9825-a2c42edac34c/data/buy30590_deep/deep-cycle-2200-2026-06-05T23-36-11-048Z.ndjson
[2026-06-05T23:36:18.000Z] deep cycle 2201: 80 domains → 0 hit → 0 deep products → /paperclip/instances/default/workspaces/3ec8f6dd-1735-4479-9825-a2c42edac34c/data/buy30590_deep/deep-cycle-2201-2026-06-05T23-36-17-069Z.ndjson
[2026-06-05T23:36:24.354Z] deep cycle 2202: 80 domains → 0 hit → 0 deep products → /paperclip/instances/default/workspaces/3ec8f6dd-1735-4479-9825-a2c42edac34c/data/buy30590_deep/deep-cycle-2202-2026-06-05T23-36-23-002Z.ndjson
[2026-06-05T23:36:30.576Z] deep cycle 2203: 80 domains → 0 hit → 0 deep products → /paperclip/instances/default/workspaces/3ec8f6dd-1735-4479-9825-a2c42edac34c/data/buy30590_deep/deep-cycle-2203-2026-06-05T23-36-29-359Z.ndjson
[2026-06-05T23:36:37.199Z] deep cycle 2204: 80 domains → 0 hit → 0 deep products → /paperclip/instances/default/workspaces/3ec8f6dd-1735-4479-9825-a2c42edac34c/data/buy30590_deep/deep-cycle-2204-2026-06-05T23-36-35-580Z.ndjson
[2026-06-05T23:36:43.155Z] deep cycle 2205: 80 domains → 0 hit → 0 deep products → /paperclip/instances/default/workspaces/3ec8f6dd-1735-4479-9825-a2c42edac34c/data/buy30590_deep/deep-cycle-2205-2026-06-05T23-36-42-203Z.ndjson
[2026-06-05T23:36:49.818Z] deep cycle 2206: 80 domains → 0 hit → 0 deep products → /paperclip/instances/default/workspaces/3ec8f6dd-1735-4479-9825-a2c42edac34c/data/buy30590_deep/deep-cycle-2206-2026-06-05T23-36-48-161Z.ndjson
[2026-06-05T23:36:56.298Z] deep cycle 2207: 80 domains → 0 hit → 0 deep products → /paperclip/instances/default/workspaces/3ec8f6dd-1735-4479-9825-a2c42edac34c/data/buy30590_deep/deep-cycle-2207-2026-06-05T23-36-54-820Z.ndjson
[2026-06-05T23:37:02.968Z] deep cycle 2208: 80 domains → 0 hit → 0 deep products → /paperclip/instances/default/workspaces/3ec8f6dd-1735-4479-9825-a2c42edac34c/data/buy30590_deep/deep-cycle-2208-2026-06-05T23-37-01-303Z.ndjson
[2026-06-05T23:37:18.971Z] deep cycle 2209: 80 domains → 0 hit → 0 deep products → /paperclip/instances/default/workspaces/3ec8f6dd-1735-4479-9825-a2c42edac34c/data/buy30590_deep/deep-cycle-2209-2026-06-05T23-37-07-970Z.ndjson
[2026-06-05T23:37:27.765Z] deep cycle 2210: 80 domains → 0 hit → 0 deep products → /paperclip/instances/default/workspaces/3ec8f6dd-1735-4479-9825-a2c42edac34c/data/buy30590_deep/deep-cycle-2210-2026-06-05T23-37-23-974Z.ndjson
[2026-06-05T23:37:33.944Z] deep cycle 2211: 80 domains → 0 hit → 0 deep products → /paperclip/instances/default/workspaces/3ec8f6dd-1735-4479-9825-a2c42edac34c/data/buy30590_deep/deep-cycle-2211-2026-06-05T23-37-32-770Z.ndjson
[2026-06-05T23:37:40.977Z] deep cycle 2212: 80 domains → 0 hit → 0 deep products → /paperclip/instances/default/workspaces/3ec8f6dd-1735-4479-9825-a2c42edac34c/data/buy30590_deep/deep-cycle-2212-2026-06-05T23-37-38-951Z.ndjson
[2026-06-05T23:37:47.612Z] deep cycle 2213: 80 domains → 0 hit → 0 deep products → /paperclip/instances/default/workspaces/3ec8f6dd-1735-4479-9825-a2c42edac34c/data/buy30590_deep/deep-cycle-2213-2026-06-05T23-37-45-986Z.ndjson
[2026-06-05T23:37:55.810Z] deep cycle 2214: 80 domains → 0 hit → 0 deep products → /paperclip/instances/default/workspaces/3ec8f6dd-1735-4479-9825-a2c42edac34c/data/buy30590_deep/deep-cycle-2214-2026-06-05T23-37-52-617Z.ndjson
[2026-06-05T23:38:02.413Z] deep cycle 2215: 80 domains → 0 hit → 0 deep products → /paperclip/instances/default/workspaces/3ec8f6dd-1735-4479-9825-a2c42edac34c/data/buy30590_deep/deep-cycle-2215-2026-06-05T23-38-00-815Z.ndjson
[2026-06-05T23:38:08.958Z] deep cycle 2216: 80 domains → 0 hit → 0 deep products → /paperclip/instances/default/workspaces/3ec8f6dd-1735-4479-9825-a2c42edac34c/data/buy30590_deep/deep-cycle-2216-2026-06-05T23-38-07-418Z.ndjson
[2026-06-05T23:38:16.162Z] deep cycle 2217: 80 domains → 0 hit → 0 deep products → /paperclip/instances/default/workspaces/3ec8f6dd-1735-4479-9825-a2c42edac34c/data/buy30590_deep/deep-cycle-2217-2026-06-05T23-38-13-963Z.ndjson
[2026-06-05T23:38:23.791Z] deep cycle 2218: 80 domains → 0 hit → 0 deep products → /paperclip/instances/default/workspaces/3ec8f6dd-1735-4479-9825-a2c42edac34c/data/buy30590_deep/deep-cycle-2218-2026-06-05T23-38-21-166Z.ndjson
[2026-06-05T23:38:30.107Z] deep cycle 2219: 80 domains → 0 hit → 0 deep products → /paperclip/instances/default/workspaces/3ec8f6dd-1735-4479-9825-a2c42edac34c/data/buy30590_deep/deep-cycle-2219-2026-06-05T23-38-28-793Z.ndjson
[2026-06-05T23:38:36.531Z] deep cycle 2220: 80 domains → 0 hit → 0 deep products → /paperclip/instances/default/workspaces/3ec8f6dd-1735-4479-9825-a2c42edac34c/data/buy30590_deep/deep-cycle-2220-2026-06-05T23-38-35-108Z.ndjson
[2026-06-05T23:38:42.738Z] deep cycle 2221: 80 domains → 0 hit → 0 deep products → /paperclip/instances/default/workspaces/3ec8f6dd-1735-4479-9825-a2c42edac34c/data/buy30590_deep/deep-cycle-2221-2026-06-05T23-38-41-535Z.ndjson
[2026-06-05T23:38:48.352Z] deep cycle 2222: 80 domains → 0 hit → 0 deep products → /paperclip/instances/default/workspaces/3ec8f6dd-1735-4479-9825-a2c42edac34c/data/buy30590_deep/deep-cycle-2222-2026-06-05T23-38-47-742Z.ndjson
[2026-06-05T23:38:54.844Z] deep cycle 2223: 80 domains → 0 hit → 0 deep products → /paperclip/instances/default/workspaces/3ec8f6dd-1735-4479-9825-a2c42edac34c/data/buy30590_deep/deep-cycle-2223-2026-06-05T23-38-53-357Z.ndjson
[2026-06-05T23:39:00.967Z] deep cycle 2224: 80 domains → 0 hit → 0 deep products → /paperclip/instances/default/workspaces/3ec8f6dd-1735-4479-9825-a2c42edac34c/data/buy30590_deep/deep-cycle-2224-2026-06-05T23-38-59-845Z.ndjson
[2026-06-05T23:39:06.859Z] deep cycle 2225: 80 domains → 0 hit → 0 deep products → /paperclip/instances/default/workspaces/3ec8f6dd-1735-4479-9825-a2c42edac34c/data/buy30590_deep/deep-cycle-2225-2026-06-05T23-39-05-968Z.ndjson
[2026-06-05T23:39:12.697Z] deep cycle 2226: 80 domains → 0 hit → 0 deep products → /paperclip/instances/default/workspaces/3ec8f6dd-1735-4479-9825-a2c42edac34c/data/buy30590_deep/deep-cycle-2226-2026-06-05T23-39-11-863Z.ndjson
[2026-06-05T23:39:18.521Z] deep cycle 2227: 80 domains → 0 hit → 0 deep products → /paperclip/instances/default/workspaces/3ec8f6dd-1735-4479-9825-a2c42edac34c/data/buy30590_deep/deep-cycle-2227-2026-06-05T23-39-17-699Z.ndjson
[2026-06-05T23:39:24.520Z] deep cycle 2228: 80 domains → 0 hit → 0 deep products → /paperclip/instances/default/workspaces/3ec8f6dd-1735-4479-9825-a2c42edac34c/data/buy30590_deep/deep-cycle-2228-2026-06-05T23-39-23-522Z.ndjson
[2026-06-05T23:39:30.722Z] deep cycle 2229: 80 domains → 0 hit → 0 deep products → /paperclip/instances/default/workspaces/3ec8f6dd-1735-4479-9825-a2c42edac34c/data/buy30590_deep/deep-cycle-2229-2026-06-05T23-39-29-526Z.ndjson
[2026-06-05T23:39:36.650Z] deep cycle 2230: 80 domains → 0 hit → 0 deep products → /paperclip/instances/default/workspaces/3ec8f6dd-1735-4479-9825-a2c42edac34c/data/buy30590_deep/deep-cycle-2230-2026-06-05T23-39-35-722Z.ndjson
[2026-06-05T23:39:42.876Z] deep cycle 2231: 80 domains → 0 hit → 0 deep products → /paperclip/instances/default/workspaces/3ec8f6dd-1735-4479-9825-a2c42edac34c/data/buy30590_deep/deep-cycle-2231-2026-06-05T23-39-41-655Z.ndjson
[2026-06-05T23:39:49.484Z] deep cycle 2232: 80 domains → 0 hit → 0 deep products → /paperclip/instances/default/workspaces/3ec8f6dd-1735-4479-9825-a2c42edac34c/data/buy30590_deep/deep-cycle-2232-2026-06-05T23-39-47-878Z.ndjson
[2026-06-05T23:39:55.461Z] deep cycle 2233: 80 domains → 0 hit → 0 deep products → /paperclip/instances/default/workspaces/3ec8f6dd-1735-4479-9825-a2c42edac34c/data/buy30590_deep/deep-cycle-2233-2026-06-05T23-39-54-487Z.ndjson
[2026-06-05T23:40:01.597Z] deep cycle 2234: 80 domains → 0 hit → 0 deep products → /paperclip/instances/default/workspaces/3ec8f6dd-1735-4479-9825-a2c42edac34c/data/buy30590_deep/deep-cycle-2234-2026-06-05T23-40-00-467Z.ndjson
[2026-06-05T23:40:08.264Z] deep cycle 2235: 80 domains → 0 hit → 0 deep products → /paperclip/instances/default/workspaces/3ec8f6dd-1735-4479-9825-a2c42edac34c/data/buy30590_deep/deep-cycle-2235-2026-06-05T23-40-06-602Z.ndjson
[2026-06-05T23:40:14.341Z] deep cycle 2236: 80 domains → 0 hit → 0 deep products → /paperclip/instances/default/workspaces/3ec8f6dd-1735-4479-9825-a2c42edac34c/data/buy30590_deep/deep-cycle-2236-2026-06-05T23-40-13-269Z.ndjson
[2026-06-05T23:40:20.312Z] deep cycle 2237: 80 domains → 0 hit → 0 deep products → /paperclip/instances/default/workspaces/3ec8f6dd-1735-4479-9825-a2c42edac34c/data/buy30590_deep/deep-cycle-2237-2026-06-05T23-40-19-345Z.ndjson
[2026-06-05T23:40:26.697Z] deep cycle 2238: 80 domains → 0 hit → 0 deep products → /paperclip/instances/default/workspaces/3ec8f6dd-1735-4479-9825-a2c42edac34c/data/buy30590_deep/deep-cycle-2238-2026-06-05T23-40-25-317Z.ndjson
[2026-06-05T23:40:33.562Z] deep cycle 2239: 80 domains → 0 hit → 0 deep products → /paperclip/instances/default/workspaces/3ec8f6dd-1735-4479-9825-a2c42edac34c/data/buy30590_deep/deep-cycle-2239-2026-06-05T23-40-31-705Z.ndjson
[2026-06-05T23:40:39.356Z] deep cycle 2240: 80 domains → 0 hit → 0 deep products → /paperclip/instances/default/workspaces/3ec8f6dd-1735-4479-9825-a2c42edac34c/data/buy30590_deep/deep-cycle-2240-2026-06-05T23-40-38-567Z.ndjson
[2026-06-05T23:40:45.569Z] deep cycle 2241: 80 domains → 0 hit → 0 deep products → /paperclip/instances/default/workspaces/3ec8f6dd-1735-4479-9825-a2c42edac34c/data/buy30590_deep/deep-cycle-2241-2026-06-05T23-40-44-362Z.ndjson
[2026-06-05T23:40:51.792Z] deep cycle 2242: 80 domains → 0 hit → 0 deep products → /paperclip/instances/default/workspaces/3ec8f6dd-1735-4479-9825-a2c42edac34c/data/buy30590_deep/deep-cycle-2242-2026-06-05T23-40-50-574Z.ndjson
[2026-06-05T23:40:59.802Z] deep cycle 2243: 80 domains → 0 hit → 0 deep products → /paperclip/instances/default/workspaces/3ec8f6dd-1735-4479-9825-a2c42edac34c/data/buy30590_deep/deep-cycle-2243-2026-06-05T23-40-56-792Z.ndjson
[2026-06-05T23:41:05.845Z] deep cycle 2244: 80 domains → 0 hit → 0 deep products → /paperclip/instances/default/workspaces/3ec8f6dd-1735-4479-9825-a2c42edac34c/data/buy30590_deep/deep-cycle-2244-2026-06-05T23-41-04-805Z.ndjson
[2026-06-05T23:41:21.901Z] deep cycle 2245: 80 domains → 0 hit → 0 deep products → /paperclip/instances/default/workspaces/3ec8f6dd-1735-4479-9825-a2c42edac34c/data/buy30590_deep/deep-cycle-2245-2026-06-05T23-41-10-847Z.ndjson
[2026-06-05T23:41:28.210Z] deep cycle 2246: 80 domains → 0 hit → 0 deep products → /paperclip/instances/default/workspaces/3ec8f6dd-1735-4479-9825-a2c42edac34c/data/buy30590_deep/deep-cycle-2246-2026-06-05T23-41-26-907Z.ndjson
[2026-06-05T23:41:38.843Z] deep cycle 2247: 80 domains → 2 hit → 3000 deep products → /paperclip/instances/default/workspaces/3ec8f6dd-1735-4479-9825-a2c42edac34c/data/buy30590_deep/deep-cycle-2247-2026-06-05T23-41-33-211Z.ndjson
[2026-06-05T23:41:47.654Z] deep cycle 2247 ingest: exit=0 8.8s === STREAM INGEST DONE ===
files=1 lines=3000 valid=3000 written=3000 errors=0
skipped: {}
top sources: [ [ 'shopify', 3000 ] ]
[2026-06-05T23:41:53.627Z] deep cycle 2248: 80 domains → 0 hit → 0 deep products → /paperclip/instances/default/workspaces/3ec8f6dd-1735-4479-9825-a2c42edac34c/data/buy30590_deep/deep-cycle-2248-2026-06-05T23-41-52-658Z.ndjson
[2026-06-05T23:42:00.973Z] deep cycle 2249: 80 domains → 0 hit → 0 deep products → /paperclip/instances/default/workspaces/3ec8f6dd-1735-4479-9825-a2c42edac34c/data/buy30590_deep/deep-cycle-2249-2026-06-05T23-41-58-640Z.ndjson
[2026-06-05T23:42:09.825Z] deep cycle 2250: 80 domains → 0 hit → 0 deep products → /paperclip/instances/default/workspaces/3ec8f6dd-1735-4479-9825-a2c42edac34c/data/buy30590_deep/deep-cycle-2250-2026-06-05T23-42-05-977Z.ndjson
[2026-06-05T23:42:16.562Z] deep cycle 2251: 80 domains → 0 hit → 0 deep products → /paperclip/instances/default/workspaces/3ec8f6dd-1735-4479-9825-a2c42edac34c/data/buy30590_deep/deep-cycle-2251-2026-06-05T23-42-14-830Z.ndjson
[2026-06-05T23:42:22.943Z] deep cycle 2252: 80 domains → 0 hit → 0 deep products → /paperclip/instances/default/workspaces/3ec8f6dd-1735-4479-9825-a2c42edac34c/data/buy30590_deep/deep-cycle-2252-2026-06-05T23-42-21-566Z.ndjson
[2026-06-05T23:42:29.399Z] deep cycle 2253: 80 domains → 0 hit → 0 deep products → /paperclip/instances/default/workspaces/3ec8f6dd-1735-4479-9825-a2c42edac34c/data/buy30590_deep/deep-cycle-2253-2026-06-05T23-42-27-947Z.ndjson
[2026-06-05T23:42:36.176Z] deep cycle 2254: 80 domains → 0 hit → 0 deep products → /paperclip/instances/default/workspaces/3ec8f6dd-1735-4479-9825-a2c42edac34c/data/buy30590_deep/deep-cycle-2254-2026-06-05T23-42-34-404Z.ndjson
[2026-06-05T23:42:43.349Z] deep cycle 2255: 80 domains → 0 hit → 0 deep products → /paperclip/instances/default/workspaces/3ec8f6dd-1735-4479-9825-a2c42edac34c/data/buy30590_deep/deep-cycle-2255-2026-06-05T23-42-41-178Z.ndjson
[2026-06-05T23:42:49.519Z] deep cycle 2256: 80 domains → 0 hit → 0 deep products → /paperclip/instances/default/workspaces/3ec8f6dd-1735-4479-9825-a2c42edac34c/data/buy30590_deep/deep-cycle-2256-2026-06-05T23-42-48-354Z.ndjson
[2026-06-05T23:42:55.947Z] deep cycle 2257: 80 domains → 0 hit → 0 deep products → /paperclip/instances/default/workspaces/3ec8f6dd-1735-4479-9825-a2c42edac34c/data/buy30590_deep/deep-cycle-2257-2026-06-05T23-42-54-528Z.ndjson
[2026-06-05T23:43:02.199Z] deep cycle 2258: 80 domains → 0 hit → 0 deep products → /paperclip/instances/default/workspaces/3ec8f6dd-1735-4479-9825-a2c42edac34c/data/buy30590_deep/deep-cycle-2258-2026-06-05T23-43-00-951Z.ndjson
[2026-06-05T23:43:08.525Z] deep cycle 2259: 80 domains → 0 hit → 0 deep products → /paperclip/instances/default/workspaces/3ec8f6dd-1735-4479-9825-a2c42edac34c/data/buy30590_deep/deep-cycle-2259-2026-06-05T23-43-07-200Z.ndjson
[2026-06-05T23:43:14.958Z] deep cycle 2260: 80 domains → 0 hit → 0 deep products → /paperclip/instances/default/workspaces/3ec8f6dd-1735-4479-9825-a2c42edac34c/data/buy30590_deep/deep-cycle-2260-2026-06-05T23-43-13-530Z.ndjson
[2026-06-05T23:43:21.109Z] deep cycle 2261: 80 domains → 0 hit → 0 deep products → /paperclip/instances/default/workspaces/3ec8f6dd-1735-4479-9825-a2c42edac34c/data/buy30590_deep/deep-cycle-2261-2026-06-05T23-43-19-962Z.ndjson
[2026-06-05T23:43:29.872Z] deep cycle 2262: 80 domains → 2 hit → 1209 deep products → /paperclip/instances/default/workspaces/3ec8f6dd-1735-4479-9825-a2c42edac34c/data/buy30590_deep/deep-cycle-2262-2026-06-05T23-43-26-113Z.ndjson
[2026-06-05T23:43:41.001Z] deep cycle 2262 ingest: exit=0 11.1s === STREAM INGEST DONE ===
files=1 lines=1209 valid=1209 written=1209 errors=0
skipped: {}
top sources: [ [ 'shopify', 1209 ] ]
[2026-06-05T23:43:46.728Z] deep cycle 2263: 80 domains → 0 hit → 0 deep products → /paperclip/instances/default/workspaces/3ec8f6dd-1735-4479-9825-a2c42edac34c/data/buy30590_deep/deep-cycle-2263-2026-06-05T23-43-46-003Z.ndjson
[2026-06-05T23:43:52.712Z] deep cycle 2264: 80 domains → 0 hit → 0 deep products → /paperclip/instances/default/workspaces/3ec8f6dd-1735-4479-9825-a2c42edac34c/data/buy30590_deep/deep-cycle-2264-2026-06-05T23-43-51-733Z.ndjson
[2026-06-05T23:43:59.967Z] deep cycle 2265: 80 domains → 0 hit → 0 deep products → /paperclip/instances/default/workspaces/3ec8f6dd-1735-4479-9825-a2c42edac34c/data/buy30590_deep/deep-cycle-2265-2026-06-05T23-43-57-718Z.ndjson
[2026-06-05T23:44:06.856Z] deep cycle 2266: 80 domains → 0 hit → 0 deep products → /paperclip/instances/default/workspaces/3ec8f6dd-1735-4479-9825-a2c42edac34c/data/buy30590_deep/deep-cycle-2266-2026-06-05T23-44-04-973Z.ndjson
[2026-06-05T23:44:13.043Z] deep cycle 2267: 80 domains → 0 hit → 0 deep products → /paperclip/instances/default/workspaces/3ec8f6dd-1735-4479-9825-a2c42edac34c/data/buy30590_deep/deep-cycle-2267-2026-06-05T23-44-11-857Z.ndjson
[2026-06-05T23:44:18.963Z] deep cycle 2268: 80 domains → 0 hit → 0 deep products → /paperclip/instances/default/workspaces/3ec8f6dd-1735-4479-9825-a2c42edac34c/data/buy30590_deep/deep-cycle-2268-2026-06-05T23-44-18-048Z.ndjson
[2026-06-05T23:44:25.317Z] deep cycle 2269: 80 domains → 0 hit → 0 deep products → /paperclip/instances/default/workspaces/3ec8f6dd-1735-4479-9825-a2c42edac34c/data/buy30590_deep/deep-cycle-2269-2026-06-05T23-44-23-965Z.ndjson
[2026-06-05T23:44:31.700Z] deep cycle 2270: 80 domains → 0 hit → 0 deep products → /paperclip/instances/default/workspaces/3ec8f6dd-1735-4479-9825-a2c42edac34c/data/buy30590_deep/deep-cycle-2270-2026-06-05T23-44-30-321Z.ndjson
[2026-06-05T23:44:38.337Z] deep cycle 2271: 80 domains → 0 hit → 0 deep products → /paperclip/instances/default/workspaces/3ec8f6dd-1735-4479-9825-a2c42edac34c/data/buy30590_deep/deep-cycle-2271-2026-06-05T23-44-36-706Z.ndjson
[2026-06-05T23:44:45.100Z] deep cycle 2272: 80 domains → 0 hit → 0 deep products → /paperclip/instances/default/workspaces/3ec8f6dd-1735-4479-9825-a2c42edac34c/data/buy30590_deep/deep-cycle-2272-2026-06-05T23-44-43-343Z.ndjson
[2026-06-05T23:44:51.748Z] deep cycle 2273: 80 domains → 0 hit → 0 deep products → /paperclip/instances/default/workspaces/3ec8f6dd-1735-4479-9825-a2c42edac34c/data/buy30590_deep/deep-cycle-2273-2026-06-05T23-44-50-101Z.ndjson
[2026-06-05T23:44:58.540Z] deep cycle 2274: 80 domains → 0 hit → 0 deep products → /paperclip/instances/default/workspaces/3ec8f6dd-1735-4479-9825-a2c42edac34c/data/buy30590_deep/deep-cycle-2274-2026-06-05T23-44-56-753Z.ndjson
[2026-06-05T23:45:05.341Z] deep cycle 2275: 80 domains → 0 hit → 0 deep products → /paperclip/instances/default/workspaces/3ec8f6dd-1735-4479-9825-a2c42edac34c/data/buy30590_deep/deep-cycle-2275-2026-06-05T23-45-03-540Z.ndjson
[2026-06-05T23:45:11.569Z] deep cycle 2276: 80 domains → 0 hit → 0 deep products → /paperclip/instances/default/workspaces/3ec8f6dd-1735-4479-9825-a2c42edac34c/data/buy30590_deep/deep-cycle-2276-2026-06-05T23-45-10-345Z.ndjson
[2026-06-05T23:45:17.602Z] deep cycle 2277: 80 domains → 0 hit → 0 deep products → /paperclip/instances/default/workspaces/3ec8f6dd-1735-4479-9825-a2c42edac34c/data/buy30590_deep/deep-cycle-2277-2026-06-05T23-45-16-573Z.ndjson
[2026-06-05T23:45:23.950Z] deep cycle 2278: 80 domains → 0 hit → 0 deep products → /paperclip/instances/default/workspaces/3ec8f6dd-1735-4479-9825-a2c42edac34c/data/buy30590_deep/deep-cycle-2278-2026-06-05T23-45-22-607Z.ndjson
[2026-06-05T23:45:30.848Z] deep cycle 2279: 80 domains → 0 hit → 0 deep products → /paperclip/instances/default/workspaces/3ec8f6dd-1735-4479-9825-a2c42edac34c/data/buy30590_deep/deep-cycle-2279-2026-06-05T23-45-28-950Z.ndjson
[2026-06-05T23:45:37.867Z] deep cycle 2280: 80 domains → 0 hit → 0 deep products → /paperclip/instances/default/workspaces/3ec8f6dd-1735-4479-9825-a2c42edac34c/data/buy30590_deep/deep-cycle-2280-2026-06-05T23-45-35-849Z.ndjson
[2026-06-05T23:45:44.893Z] deep cycle 2281: 80 domains → 0 hit → 0 deep products → /paperclip/instances/default/workspaces/3ec8f6dd-1735-4479-9825-a2c42edac34c/data/buy30590_deep/deep-cycle-2281-2026-06-05T23-45-42-872Z.ndjson
[2026-06-05T23:45:51.803Z] deep cycle 2282: 80 domains → 0 hit → 0 deep products → /paperclip/instances/default/workspaces/3ec8f6dd-1735-4479-9825-a2c42edac34c/data/buy30590_deep/deep-cycle-2282-2026-06-05T23-45-49-893Z.ndjson
[2026-06-05T23:45:58.371Z] deep cycle 2283: 80 domains → 0 hit → 0 deep products → /paperclip/instances/default/workspaces/3ec8f6dd-1735-4479-9825-a2c42edac34c/data/buy30590_deep/deep-cycle-2283-2026-06-05T23-45-56-807Z.ndjson
[2026-06-05T23:46:05.397Z] deep cycle 2284: 80 domains → 0 hit → 0 deep products → /paperclip/instances/default/workspaces/3ec8f6dd-1735-4479-9825-a2c42edac34c/data/buy30590_deep/deep-cycle-2284-2026-06-05T23-46-03-376Z.ndjson
[2026-06-05T23:46:12.039Z] deep cycle 2285: 80 domains → 0 hit → 0 deep products → /paperclip/instances/default/workspaces/3ec8f6dd-1735-4479-9825-a2c42edac34c/data/buy30590_deep/deep-cycle-2285-2026-06-05T23-46-10-402Z.ndjson
[2026-06-05T23:46:18.612Z] deep cycle 2286: 80 domains → 0 hit → 0 deep products → /paperclip/instances/default/workspaces/3ec8f6dd-1735-4479-9825-a2c42edac34c/data/buy30590_deep/deep-cycle-2286-2026-06-05T23-46-17-040Z.ndjson
[2026-06-05T23:46:24.676Z] deep cycle 2287: 80 domains → 0 hit → 0 deep products → /paperclip/instances/default/workspaces/3ec8f6dd-1735-4479-9825-a2c42edac34c/data/buy30590_deep/deep-cycle-2287-2026-06-05T23-46-23-616Z.ndjson
[2026-06-05T23:46:31.118Z] deep cycle 2288: 80 domains → 0 hit → 0 deep products → /paperclip/instances/default/workspaces/3ec8f6dd-1735-4479-9825-a2c42edac34c/data/buy30590_deep/deep-cycle-2288-2026-06-05T23-46-29-681Z.ndjson
[2026-06-05T23:46:46.634Z] deep cycle 2289: 80 domains → 0 hit → 0 deep products → /paperclip/instances/default/workspaces/3ec8f6dd-1735-4479-9825-a2c42edac34c/data/buy30590_deep/deep-cycle-2289-2026-06-05T23-46-36-123Z.ndjson
[2026-06-05T23:46:53.043Z] deep cycle 2290: 80 domains → 0 hit → 0 deep products → /paperclip/instances/default/workspaces/3ec8f6dd-1735-4479-9825-a2c42edac34c/data/buy30590_deep/deep-cycle-2290-2026-06-05T23-46-51-637Z.ndjson
[2026-06-05T23:47:01.304Z] deep cycle 2291: 80 domains → 0 hit → 0 deep products → /paperclip/instances/default/workspaces/3ec8f6dd-1735-4479-9825-a2c42edac34c/data/buy30590_deep/deep-cycle-2291-2026-06-05T23-46-58-048Z.ndjson
[2026-06-05T23:47:08.059Z] deep cycle 2292: 80 domains → 0 hit → 0 deep products → /paperclip/instances/default/workspaces/3ec8f6dd-1735-4479-9825-a2c42edac34c/data/buy30590_deep/deep-cycle-2292-2026-06-05T23-47-06-309Z.ndjson
[2026-06-05T23:47:14.695Z] deep cycle 2293: 80 domains → 0 hit → 0 deep products → /paperclip/instances/default/workspaces/3ec8f6dd-1735-4479-9825-a2c42edac34c/data/buy30590_deep/deep-cycle-2293-2026-06-05T23-47-13-064Z.ndjson
[2026-06-05T23:47:21.877Z] deep cycle 2294: 80 domains → 0 hit → 0 deep products → /paperclip/instances/default/workspaces/3ec8f6dd-1735-4479-9825-a2c42edac34c/data/buy30590_deep/deep-cycle-2294-2026-06-05T23-47-19-699Z.ndjson
[2026-06-05T23:47:29.006Z] deep cycle 2295: 80 domains → 0 hit → 0 deep products → /paperclip/instances/default/workspaces/3ec8f6dd-1735-4479-9825-a2c42edac34c/data/buy30590_deep/deep-cycle-2295-2026-06-05T23-47-26-877Z.ndjson
[2026-06-05T23:47:37.220Z] deep cycle 2296: 80 domains → 0 hit → 0 deep products → /paperclip/instances/default/workspaces/3ec8f6dd-1735-4479-9825-a2c42edac34c/data/buy30590_deep/deep-cycle-2296-2026-06-05T23-47-34-012Z.ndjson
[2026-06-05T23:47:44.223Z] deep cycle 2297: 80 domains → 0 hit → 0 deep products → /paperclip/instances/default/workspaces/3ec8f6dd-1735-4479-9825-a2c42edac34c/data/buy30590_deep/deep-cycle-2297-2026-06-05T23-47-42-224Z.ndjson
[2026-06-05T23:47:51.931Z] deep cycle 2298: 80 domains → 0 hit → 0 deep products → /paperclip/instances/default/workspaces/3ec8f6dd-1735-4479-9825-a2c42edac34c/data/buy30590_deep/deep-cycle-2298-2026-06-05T23-47-49-223Z.ndjson
[2026-06-05T23:48:00.074Z] deep cycle 2299: 80 domains → 0 hit → 0 deep products → /paperclip/instances/default/workspaces/3ec8f6dd-1735-4479-9825-a2c42edac34c/data/buy30590_deep/deep-cycle-2299-2026-06-05T23-47-56-932Z.ndjson
[2026-06-05T23:48:06.659Z] deep cycle 2300: 80 domains → 0 hit → 0 deep products → /paperclip/instances/default/workspaces/3ec8f6dd-1735-4479-9825-a2c42edac34c/data/buy30590_deep/deep-cycle-2300-2026-06-05T23-48-05-076Z.ndjson
[2026-06-05T23:48:13.346Z] deep cycle 2301: 80 domains → 0 hit → 0 deep products → /paperclip/instances/default/workspaces/3ec8f6dd-1735-4479-9825-a2c42edac34c/data/buy30590_deep/deep-cycle-2301-2026-06-05T23-48-11-664Z.ndjson
[2026-06-05T23:48:19.449Z] deep cycle 2302: 80 domains → 0 hit → 0 deep products → /paperclip/instances/default/workspaces/3ec8f6dd-1735-4479-9825-a2c42edac34c/data/buy30590_deep/deep-cycle-2302-2026-06-05T23-48-18-351Z.ndjson
[2026-06-05T23:48:25.755Z] deep cycle 2303: 80 domains → 0 hit → 0 deep products → /paperclip/instances/default/workspaces/3ec8f6dd-1735-4479-9825-a2c42edac34c/data/buy30590_deep/deep-cycle-2303-2026-06-05T23-48-24-454Z.ndjson
[2026-06-05T23:48:33.086Z] deep cycle 2304: 80 domains → 0 hit → 0 deep products → /paperclip/instances/default/workspaces/3ec8f6dd-1735-4479-9825-a2c42edac34c/data/buy30590_deep/deep-cycle-2304-2026-06-05T23-48-30-761Z.ndjson
[2026-06-05T23:48:39.757Z] deep cycle 2305: 80 domains → 0 hit → 0 deep products → /paperclip/instances/default/workspaces/3ec8f6dd-1735-4479-9825-a2c42edac34c/data/buy30590_deep/deep-cycle-2305-2026-06-05T23-48-38-091Z.ndjson
[2026-06-05T23:48:47.976Z] deep cycle 2306: 80 domains → 0 hit → 0 deep products → /paperclip/instances/default/workspaces/3ec8f6dd-1735-4479-9825-a2c42edac34c/data/buy30590_deep/deep-cycle-2306-2026-06-05T23-48-44-762Z.ndjson
[2026-06-05T23:48:54.016Z] deep cycle 2307: 80 domains → 0 hit → 0 deep products → /paperclip/instances/default/workspaces/3ec8f6dd-1735-4479-9825-a2c42edac34c/data/buy30590_deep/deep-cycle-2307-2026-06-05T23-48-52-980Z.ndjson
[2026-06-05T23:49:01.128Z] deep cycle 2308: 80 domains → 0 hit → 0 deep products → /paperclip/instances/default/workspaces/3ec8f6dd-1735-4479-9825-a2c42edac34c/data/buy30590_deep/deep-cycle-2308-2026-06-05T23-48-59-017Z.ndjson
[2026-06-05T23:49:07.684Z] deep cycle 2309: 80 domains → 0 hit → 0 deep products → /paperclip/instances/default/workspaces/3ec8f6dd-1735-4479-9825-a2c42edac34c/data/buy30590_deep/deep-cycle-2309-2026-06-05T23-49-06-132Z.ndjson
[2026-06-05T23:49:14.219Z] deep cycle 2310: 80 domains → 0 hit → 0 deep products → /paperclip/instances/default/workspaces/3ec8f6dd-1735-4479-9825-a2c42edac34c/data/buy30590_deep/deep-cycle-2310-2026-06-05T23-49-12-690Z.ndjson
[2026-06-05T23:49:20.141Z] deep cycle 2311: 80 domains → 0 hit → 0 deep products → /paperclip/instances/default/workspaces/3ec8f6dd-1735-4479-9825-a2c42edac34c/data/buy30590_deep/deep-cycle-2311-2026-06-05T23-49-19-220Z.ndjson
[2026-06-05T23:49:25.410Z] deep cycle 2312: 80 domains → 0 hit → 0 deep products → /paperclip/instances/default/workspaces/3ec8f6dd-1735-4479-9825-a2c42edac34c/data/buy30590_deep/deep-cycle-2312-2026-06-05T23-49-25-142Z.ndjson
[2026-06-05T23:49:30.685Z] deep cycle 2313: 80 domains → 0 hit → 0 deep products → /paperclip/instances/default/workspaces/3ec8f6dd-1735-4479-9825-a2c42edac34c/data/buy30590_deep/deep-cycle-2313-2026-06-05T23-49-30-414Z.ndjson
[2026-06-05T23:49:36.205Z] deep cycle 2314: 80 domains → 0 hit → 0 deep products → /paperclip/instances/default/workspaces/3ec8f6dd-1735-4479-9825-a2c42edac34c/data/buy30590_deep/deep-cycle-2314-2026-06-05T23-49-35-690Z.ndjson
[2026-06-05T23:49:41.521Z] deep cycle 2315: 80 domains → 0 hit → 0 deep products → /paperclip/instances/default/workspaces/3ec8f6dd-1735-4479-9825-a2c42edac34c/data/buy30590_deep/deep-cycle-2315-2026-06-05T23-49-41-209Z.ndjson
[2026-06-05T23:49:46.809Z] deep cycle 2316: 80 domains → 0 hit → 0 deep products → /paperclip/instances/default/workspaces/3ec8f6dd-1735-4479-9825-a2c42edac34c/data/buy30590_deep/deep-cycle-2316-2026-06-05T23-49-46-525Z.ndjson
[2026-06-05T23:49:52.249Z] deep cycle 2317: 80 domains → 0 hit → 0 deep products → /paperclip/instances/default/workspaces/3ec8f6dd-1735-4479-9825-a2c42edac34c/data/buy30590_deep/deep-cycle-2317-2026-06-05T23-49-51-812Z.ndjson
[2026-06-05T23:49:57.563Z] deep cycle 2318: 80 domains → 0 hit → 0 deep products → /paperclip/instances/default/workspaces/3ec8f6dd-1735-4479-9825-a2c42edac34c/data/buy30590_deep/deep-cycle-2318-2026-06-05T23-49-57-254Z.ndjson
[2026-06-05T23:50:02.871Z] deep cycle 2319: 80 domains → 0 hit → 0 deep products → /paperclip/instances/default/workspaces/3ec8f6dd-1735-4479-9825-a2c42edac34c/data/buy30590_deep/deep-cycle-2319-2026-06-05T23-50-02-569Z.ndjson
[2026-06-05T23:50:08.266Z] deep cycle 2320: 80 domains → 0 hit → 0 deep products → /paperclip/instances/default/workspaces/3ec8f6dd-1735-4479-9825-a2c42edac34c/data/buy30590_deep/deep-cycle-2320-2026-06-05T23-50-07-876Z.ndjson
[2026-06-05T23:50:13.539Z] deep cycle 2321: 80 domains → 0 hit → 0 deep products → /paperclip/instances/default/workspaces/3ec8f6dd-1735-4479-9825-a2c42edac34c/data/buy30590_deep/deep-cycle-2321-2026-06-05T23-50-13-268Z.ndjson
[2026-06-05T23:50:18.810Z] deep cycle 2322: 80 domains → 0 hit → 0 deep products → /paperclip/instances/default/workspaces/3ec8f6dd-1735-4479-9825-a2c42edac34c/data/buy30590_deep/deep-cycle-2322-2026-06-05T23-50-18-545Z.ndjson
[2026-06-05T23:50:24.088Z] deep cycle 2323: 80 domains → 0 hit → 0 deep products → /paperclip/instances/default/workspaces/3ec8f6dd-1735-4479-9825-a2c42edac34c/data/buy30590_deep/deep-cycle-2323-2026-06-05T23-50-23-815Z.ndjson
[2026-06-05T23:50:29.379Z] deep cycle 2324: 80 domains → 0 hit → 0 deep products → /paperclip/instances/default/workspaces/3ec8f6dd-1735-4479-9825-a2c42edac34c/data/buy30590_deep/deep-cycle-2324-2026-06-05T23-50-29-089Z.ndjson
[2026-06-05T23:50:34.658Z] deep cycle 2325: 80 domains → 0 hit → 0 deep products → /paperclip/instances/default/workspaces/3ec8f6dd-1735-4479-9825-a2c42edac34c/data/buy30590_deep/deep-cycle-2325-2026-06-05T23-50-34-379Z.ndjson
[2026-06-05T23:50:39.943Z] deep cycle 2326: 80 domains → 0 hit → 0 deep products → /paperclip/instances/default/workspaces/3ec8f6dd-1735-4479-9825-a2c42edac34c/data/buy30590_deep/deep-cycle-2326-2026-06-05T23-50-39-661Z.ndjson
[2026-06-05T23:50:45.549Z] deep cycle 2327: 80 domains → 0 hit → 0 deep products → /paperclip/instances/default/workspaces/3ec8f6dd-1735-4479-9825-a2c42edac34c/data/buy30590_deep/deep-cycle-2327-2026-06-05T23-50-44-948Z.ndjson
[2026-06-05T23:50:50.893Z] deep cycle 2328: 80 domains → 0 hit → 0 deep products → /paperclip/instances/default/workspaces/3ec8f6dd-1735-4479-9825-a2c42edac34c/data/buy30590_deep/deep-cycle-2328-2026-06-05T23-50-50-554Z.ndjson
[2026-06-05T23:50:56.406Z] deep cycle 2329: 80 domains → 0 hit → 0 deep products → /paperclip/instances/default/workspaces/3ec8f6dd-1735-4479-9825-a2c42edac34c/data/buy30590_deep/deep-cycle-2329-2026-06-05T23-50-55-896Z.ndjson
[2026-06-05T23:51:01.721Z] deep cycle 2330: 80 domains → 0 hit → 0 deep products → /paperclip/instances/default/workspaces/3ec8f6dd-1735-4479-9825-a2c42edac34c/data/buy30590_deep/deep-cycle-2330-2026-06-05T23-51-01-406Z.ndjson
[2026-06-05T23:51:07.183Z] deep cycle 2331: 80 domains → 0 hit → 0 deep products → /paperclip/instances/default/workspaces/3ec8f6dd-1735-4479-9825-a2c42edac34c/data/buy30590_deep/deep-cycle-2331-2026-06-05T23-51-06-726Z.ndjson
[2026-06-05T23:51:12.463Z] deep cycle 2332: 80 domains → 0 hit → 0 deep products → /paperclip/instances/default/workspaces/3ec8f6dd-1735-4479-9825-a2c42edac34c/data/buy30590_deep/deep-cycle-2332-2026-06-05T23-51-12-185Z.ndjson
[2026-06-05T23:51:17.740Z] deep cycle 2333: 80 domains → 0 hit → 0 deep products → /paperclip/instances/default/workspaces/3ec8f6dd-1735-4479-9825-a2c42edac34c/data/buy30590_deep/deep-cycle-2333-2026-06-05T23-51-17-468Z.ndjson
[2026-06-05T23:51:23.007Z] deep cycle 2334: 80 domains → 0 hit → 0 deep products → /paperclip/instances/default/workspaces/3ec8f6dd-1735-4479-9825-a2c42edac34c/data/buy30590_deep/deep-cycle-2334-2026-06-05T23-51-22-744Z.ndjson
[2026-06-05T23:51:28.280Z] deep cycle 2335: 80 domains → 0 hit → 0 deep products → /paperclip/instances/default/workspaces/3ec8f6dd-1735-4479-9825-a2c42edac34c/data/buy30590_deep/deep-cycle-2335-2026-06-05T23-51-28-012Z.ndjson
[2026-06-05T23:51:33.570Z] deep cycle 2336: 80 domains → 0 hit → 0 deep products → /paperclip/instances/default/workspaces/3ec8f6dd-1735-4479-9825-a2c42edac34c/data/buy30590_deep/deep-cycle-2336-2026-06-05T23-51-33-281Z.ndjson
[2026-06-05T23:52:20.172Z] deep cycle 2337: 80 domains → 5 hit → 22876 deep products → /paperclip/instances/default/workspaces/3ec8f6dd-1735-4479-9825-a2c42edac34c/data/buy30590_deep/deep-cycle-2337-2026-06-05T23-51-38-570Z.ndjson
[2026-06-05T23:54:01.524Z] deep cycle 2337 ingest: exit=0 101.4s === STREAM INGEST DONE ===
files=1 lines=22876 valid=22876 written=22876 errors=0
skipped: {}
top sources: [ [ 'shopify', 22876 ] ]
[2026-06-05T23:55:59.024Z] deep cycle 2338: 80 domains → 8 hit → 24076 deep products → /paperclip/instances/default/workspaces/3ec8f6dd-1735-4479-9825-a2c42edac34c/data/buy30590_deep/deep-cycle-2338-2026-06-05T23-54-06-526Z.ndjson
[2026-06-06T00:03:39.362Z] deep cycle 2338 ingest: exit=0 460.3s === STREAM INGEST DONE ===
files=1 lines=24076 valid=24076 written=24076 errors=0
skipped: {}
top sources: [ [ 'shopify', 24076 ] ]
[2026-06-06T00:03:44.683Z] deep cycle 2339: 80 domains → 0 hit → 0 deep products → /paperclip/instances/default/workspaces/3ec8f6dd-1735-4479-9825-a2c42edac34c/data/buy30590_deep/deep-cycle-2339-2026-06-06T00-03-44-367Z.ndjson
[2026-06-06T00:03:50.222Z] deep cycle 2340: 80 domains → 0 hit → 0 deep products → /paperclip/instances/default/workspaces/3ec8f6dd-1735-4479-9825-a2c42edac34c/data/buy30590_deep/deep-cycle-2340-2026-06-06T00-03-49-691Z.ndjson
[2026-06-06T00:03:55.510Z] deep cycle 2341: 80 domains → 0 hit → 0 deep products → /paperclip/instances/default/workspaces/3ec8f6dd-1735-4479-9825-a2c42edac34c/data/buy30590_deep/deep-cycle-2341-2026-06-06T00-03-55-226Z.ndjson
[2026-06-06T00:04:00.819Z] deep cycle 2342: 80 domains → 0 hit → 0 deep products → /paperclip/instances/default/workspaces/3ec8f6dd-1735-4479-9825-a2c42edac34c/data/buy30590_deep/deep-cycle-2342-2026-06-06T00-04-00-515Z.ndjson
[2026-06-06T00:04:06.113Z] deep cycle 2343: 80 domains → 0 hit → 0 deep products → /paperclip/instances/default/workspaces/3ec8f6dd-1735-4479-9825-a2c42edac34c/data/buy30590_deep/deep-cycle-2343-2026-06-06T00-04-05-824Z.ndjson
[2026-06-06T00:04:11.437Z] deep cycle 2344: 80 domains → 0 hit → 0 deep products → /paperclip/instances/default/workspaces/3ec8f6dd-1735-4479-9825-a2c42edac34c/data/buy30590_deep/deep-cycle-2344-2026-06-06T00-04-11-118Z.ndjson
[2026-06-06T00:04:16.759Z] deep cycle 2345: 80 domains → 0 hit → 0 deep products → /paperclip/instances/default/workspaces/3ec8f6dd-1735-4479-9825-a2c42edac34c/data/buy30590_deep/deep-cycle-2345-2026-06-06T00-04-16-442Z.ndjson
[2026-06-06T00:04:22.209Z] deep cycle 2346: 80 domains → 0 hit → 0 deep products → /paperclip/instances/default/workspaces/3ec8f6dd-1735-4479-9825-a2c42edac34c/data/buy30590_deep/deep-cycle-2346-2026-06-06T00-04-21-763Z.ndjson
[2026-06-06T00:04:27.521Z] deep cycle 2347: 80 domains → 0 hit → 0 deep products → /paperclip/instances/default/workspaces/3ec8f6dd-1735-4479-9825-a2c42edac34c/data/buy30590_deep/deep-cycle-2347-2026-06-06T00-04-27-214Z.ndjson
[2026-06-06T00:04:32.787Z] deep cycle 2348: 80 domains → 0 hit → 0 deep products → /paperclip/instances/default/workspaces/3ec8f6dd-1735-4479-9825-a2c42edac34c/data/buy30590_deep/deep-cycle-2348-2026-06-06T00-04-32-526Z.ndjson
[2026-06-06T00:04:38.098Z] deep cycle 2349: 80 domains → 0 hit → 0 deep products → /paperclip/instances/default/workspaces/3ec8f6dd-1735-4479-9825-a2c42edac34c/data/buy30590_deep/deep-cycle-2349-2026-06-06T00-04-37-792Z.ndjson
[2026-06-06T00:04:43.366Z] deep cycle 2350: 80 domains → 0 hit → 0 deep products → /paperclip/instances/default/workspaces/3ec8f6dd-1735-4479-9825-a2c42edac34c/data/buy30590_deep/deep-cycle-2350-2026-06-06T00-04-43-098Z.ndjson
[2026-06-06T00:04:48.650Z] deep cycle 2351: 80 domains → 0 hit → 0 deep products → /paperclip/instances/default/workspaces/3ec8f6dd-1735-4479-9825-a2c42edac34c/data/buy30590_deep/deep-cycle-2351-2026-06-06T00-04-48-372Z.ndjson
[2026-06-06T00:04:53.911Z] deep cycle 2352: 80 domains → 0 hit → 0 deep products → /paperclip/instances/default/workspaces/3ec8f6dd-1735-4479-9825-a2c42edac34c/data/buy30590_deep/deep-cycle-2352-2026-06-06T00-04-53-654Z.ndjson
[2026-06-06T00:04:59.767Z] deep cycle 2353: 80 domains → 0 hit → 0 deep products → /paperclip/instances/default/workspaces/3ec8f6dd-1735-4479-9825-a2c42edac34c/data/buy30590_deep/deep-cycle-2353-2026-06-06T00-04-58-917Z.ndjson
[2026-06-06T00:05:05.036Z] deep cycle 2354: 80 domains → 0 hit → 0 deep products → /paperclip/instances/default/workspaces/3ec8f6dd-1735-4479-9825-a2c42edac34c/data/buy30590_deep/deep-cycle-2354-2026-06-06T00-05-04-771Z.ndjson
[2026-06-06T00:05:10.332Z] deep cycle 2355: 80 domains → 0 hit → 0 deep products → /paperclip/instances/default/workspaces/3ec8f6dd-1735-4479-9825-a2c42edac34c/data/buy30590_deep/deep-cycle-2355-2026-06-06T00-05-10-042Z.ndjson
[2026-06-06T00:05:15.682Z] deep cycle 2356: 80 domains → 0 hit → 0 deep products → /paperclip/instances/default/workspaces/3ec8f6dd-1735-4479-9825-a2c42edac34c/data/buy30590_deep/deep-cycle-2356-2026-06-06T00-05-15-336Z.ndjson
[2026-06-06T00:05:20.955Z] deep cycle 2357: 80 domains → 0 hit → 0 deep products → /paperclip/instances/default/workspaces/3ec8f6dd-1735-4479-9825-a2c42edac34c/data/buy30590_deep/deep-cycle-2357-2026-06-06T00-05-20-686Z.ndjson
[2026-06-06T00:05:26.245Z] deep cycle 2358: 80 domains → 0 hit → 0 deep products → /paperclip/instances/default/workspaces/3ec8f6dd-1735-4479-9825-a2c42edac34c/data/buy30590_deep/deep-cycle-2358-2026-06-06T00-05-25-960Z.ndjson
[2026-06-06T00:05:31.687Z] deep cycle 2359: 80 domains → 0 hit → 0 deep products → /paperclip/instances/default/workspaces/3ec8f6dd-1735-4479-9825-a2c42edac34c/data/buy30590_deep/deep-cycle-2359-2026-06-06T00-05-31-251Z.ndjson
[2026-06-06T00:05:36.969Z] deep cycle 2360: 80 domains → 0 hit → 0 deep products → /paperclip/instances/default/workspaces/3ec8f6dd-1735-4479-9825-a2c42edac34c/data/buy30590_deep/deep-cycle-2360-2026-06-06T00-05-36-691Z.ndjson
[2026-06-06T00:05:42.916Z] deep cycle 2361: 80 domains → 0 hit → 0 deep products → /paperclip/instances/default/workspaces/3ec8f6dd-1735-4479-9825-a2c42edac34c/data/buy30590_deep/deep-cycle-2361-2026-06-06T00-05-41-969Z.ndjson
[2026-06-06T00:05:50.465Z] deep cycle 2362: 80 domains → 1 hit → 330 deep products → /paperclip/instances/default/workspaces/3ec8f6dd-1735-4479-9825-a2c42edac34c/data/buy30590_deep/deep-cycle-2362-2026-06-06T00-05-47-920Z.ndjson
[2026-06-06T00:05:51.024Z] deep cycle 2362 ingest: exit=0 0.6s === STREAM INGEST DONE ===
files=1 lines=330 valid=330 written=330 errors=0
skipped: {}
top sources: [ [ 'shopify', 330 ] ]
[2026-06-06T00:05:57.555Z] deep cycle 2363: 80 domains → 0 hit → 0 deep products → /paperclip/instances/default/workspaces/3ec8f6dd-1735-4479-9825-a2c42edac34c/data/buy30590_deep/deep-cycle-2363-2026-06-06T00-05-56-024Z.ndjson
[2026-06-06T00:06:05.596Z] deep cycle 2364: 80 domains → 0 hit → 0 deep products → /paperclip/instances/default/workspaces/3ec8f6dd-1735-4479-9825-a2c42edac34c/data/buy30590_deep/deep-cycle-2364-2026-06-06T00-06-02-560Z.ndjson
[2026-06-06T00:06:11.457Z] deep cycle 2365: 80 domains → 0 hit → 0 deep products → /paperclip/instances/default/workspaces/3ec8f6dd-1735-4479-9825-a2c42edac34c/data/buy30590_deep/deep-cycle-2365-2026-06-06T00-06-10-600Z.ndjson
[2026-06-06T00:06:18.205Z] deep cycle 2366: 80 domains → 0 hit → 0 deep products → /paperclip/instances/default/workspaces/3ec8f6dd-1735-4479-9825-a2c42edac34c/data/buy30590_deep/deep-cycle-2366-2026-06-06T00-06-16-457Z.ndjson
[2026-06-06T00:06:23.514Z] deep cycle 2367: 80 domains → 0 hit → 0 deep products → /paperclip/instances/default/workspaces/3ec8f6dd-1735-4479-9825-a2c42edac34c/data/buy30590_deep/deep-cycle-2367-2026-06-06T00-06-23-207Z.ndjson
[2026-06-06T00:06:28.828Z] deep cycle 2368: 80 domains → 0 hit → 0 deep products → /paperclip/instances/default/workspaces/3ec8f6dd-1735-4479-9825-a2c42edac34c/data/buy30590_deep/deep-cycle-2368-2026-06-06T00-06-28-514Z.ndjson
[2026-06-06T00:06:37.168Z] deep cycle 2369: 80 domains → 4 hit → 3250 deep products → /paperclip/instances/default/workspaces/3ec8f6dd-1735-4479-9825-a2c42edac34c/data/buy30590_deep/deep-cycle-2369-2026-06-06T00-06-33-834Z.ndjson
[2026-06-06T00:06:37.822Z] deep cycle 2369 ingest: exit=0 0.7s === STREAM INGEST DONE ===
files=1 lines=3250 valid=3250 written=3250 errors=0
skipped: {}
top sources: [ [ 'shopify', 3250 ] ]
[2026-06-06T00:06:43.182Z] deep cycle 2370: 80 domains → 0 hit → 0 deep products → /paperclip/instances/default/workspaces/3ec8f6dd-1735-4479-9825-a2c42edac34c/data/buy30590_deep/deep-cycle-2370-2026-06-06T00-06-42-827Z.ndjson
[2026-06-06T00:06:48.874Z] deep cycle 2371: 80 domains → 0 hit → 0 deep products → /paperclip/instances/default/workspaces/3ec8f6dd-1735-4479-9825-a2c42edac34c/data/buy30590_deep/deep-cycle-2371-2026-06-06T00-06-48-187Z.ndjson
[2026-06-06T00:06:54.357Z] deep cycle 2372: 80 domains → 0 hit → 0 deep products → /paperclip/instances/default/workspaces/3ec8f6dd-1735-4479-9825-a2c42edac34c/data/buy30590_deep/deep-cycle-2372-2026-06-06T00-06-53-880Z.ndjson
[2026-06-06T00:07:00.736Z] deep cycle 2373: 80 domains → 0 hit → 0 deep products → /paperclip/instances/default/workspaces/3ec8f6dd-1735-4479-9825-a2c42edac34c/data/buy30590_deep/deep-cycle-2373-2026-06-06T00-06-59-358Z.ndjson
[2026-06-06T00:07:06.256Z] deep cycle 2374: 80 domains → 0 hit → 0 deep products → /paperclip/instances/default/workspaces/3ec8f6dd-1735-4479-9825-a2c42edac34c/data/buy30590_deep/deep-cycle-2374-2026-06-06T00-07-05-738Z.ndjson
[2026-06-06T00:07:11.888Z] deep cycle 2375: 80 domains → 0 hit → 0 deep products → /paperclip/instances/default/workspaces/3ec8f6dd-1735-4479-9825-a2c42edac34c/data/buy30590_deep/deep-cycle-2375-2026-06-06T00-07-11-261Z.ndjson
[2026-06-06T00:07:17.391Z] deep cycle 2376: 80 domains → 0 hit → 0 deep products → /paperclip/instances/default/workspaces/3ec8f6dd-1735-4479-9825-a2c42edac34c/data/buy30590_deep/deep-cycle-2376-2026-06-06T00-07-16-892Z.ndjson
[2026-06-06T00:07:23.454Z] deep cycle 2377: 80 domains → 0 hit → 0 deep products → /paperclip/instances/default/workspaces/3ec8f6dd-1735-4479-9825-a2c42edac34c/data/buy30590_deep/deep-cycle-2377-2026-06-06T00-07-22-399Z.ndjson
[2026-06-06T00:07:29.043Z] deep cycle 2378: 80 domains → 0 hit → 0 deep products → /paperclip/instances/default/workspaces/3ec8f6dd-1735-4479-9825-a2c42edac34c/data/buy30590_deep/deep-cycle-2378-2026-06-06T00-07-28-459Z.ndjson
[2026-06-06T00:07:34.628Z] deep cycle 2379: 80 domains → 0 hit → 0 deep products → /paperclip/instances/default/workspaces/3ec8f6dd-1735-4479-9825-a2c42edac34c/data/buy30590_deep/deep-cycle-2379-2026-06-06T00-07-34-048Z.ndjson
[2026-06-06T00:07:40.358Z] deep cycle 2380: 80 domains → 0 hit → 0 deep products → /paperclip/instances/default/workspaces/3ec8f6dd-1735-4479-9825-a2c42edac34c/data/buy30590_deep/deep-cycle-2380-2026-06-06T00-07-39-629Z.ndjson
[2026-06-06T00:07:45.731Z] deep cycle 2381: 80 domains → 0 hit → 0 deep products → /paperclip/instances/default/workspaces/3ec8f6dd-1735-4479-9825-a2c42edac34c/data/buy30590_deep/deep-cycle-2381-2026-06-06T00-07-45-363Z.ndjson
[2026-06-06T00:07:51.399Z] deep cycle 2382: 80 domains → 0 hit → 0 deep products → /paperclip/instances/default/workspaces/3ec8f6dd-1735-4479-9825-a2c42edac34c/data/buy30590_deep/deep-cycle-2382-2026-06-06T00-07-50-735Z.ndjson
[2026-06-06T00:07:57.131Z] deep cycle 2383: 80 domains → 0 hit → 0 deep products → /paperclip/instances/default/workspaces/3ec8f6dd-1735-4479-9825-a2c42edac34c/data/buy30590_deep/deep-cycle-2383-2026-06-06T00-07-56-404Z.ndjson
[2026-06-06T00:08:03.060Z] deep cycle 2384: 80 domains → 0 hit → 0 deep products → /paperclip/instances/default/workspaces/3ec8f6dd-1735-4479-9825-a2c42edac34c/data/buy30590_deep/deep-cycle-2384-2026-06-06T00-08-02-132Z.ndjson
[2026-06-06T00:08:09.311Z] deep cycle 2385: 80 domains → 0 hit → 0 deep products → /paperclip/instances/default/workspaces/3ec8f6dd-1735-4479-9825-a2c42edac34c/data/buy30590_deep/deep-cycle-2385-2026-06-06T00-08-08-062Z.ndjson
[2026-06-06T00:08:14.964Z] deep cycle 2386: 80 domains → 0 hit → 0 deep products → /paperclip/instances/default/workspaces/3ec8f6dd-1735-4479-9825-a2c42edac34c/data/buy30590_deep/deep-cycle-2386-2026-06-06T00-08-14-312Z.ndjson
[2026-06-06T00:08:21.332Z] deep cycle 2387: 80 domains → 0 hit → 0 deep products → /paperclip/instances/default/workspaces/3ec8f6dd-1735-4479-9825-a2c42edac34c/data/buy30590_deep/deep-cycle-2387-2026-06-06T00-08-19-967Z.ndjson
[2026-06-06T00:08:33.238Z] deep cycle 2388: 80 domains → 1 hit → 4381 deep products → /paperclip/instances/default/workspaces/3ec8f6dd-1735-4479-9825-a2c42edac34c/data/buy30590_deep/deep-cycle-2388-2026-06-06T00-08-26-337Z.ndjson
[2026-06-06T00:08:34.310Z] deep cycle 2388 ingest: exit=0 1.1s === STREAM INGEST DONE ===
files=1 lines=4381 valid=4381 written=4381 errors=0
skipped: {}
top sources: [ [ 'shopify', 4381 ] ]
[2026-06-06T00:08:39.999Z] deep cycle 2389: 80 domains → 0 hit → 0 deep products → /paperclip/instances/default/workspaces/3ec8f6dd-1735-4479-9825-a2c42edac34c/data/buy30590_deep/deep-cycle-2389-2026-06-06T00-08-39-312Z.ndjson
[2026-06-06T00:08:46.128Z] deep cycle 2390: 80 domains → 0 hit → 0 deep products → /paperclip/instances/default/workspaces/3ec8f6dd-1735-4479-9825-a2c42edac34c/data/buy30590_deep/deep-cycle-2390-2026-06-06T00-08-45-003Z.ndjson
[2026-06-06T00:08:52.512Z] deep cycle 2391: 80 domains → 0 hit → 0 deep products → /paperclip/instances/default/workspaces/3ec8f6dd-1735-4479-9825-a2c42edac34c/data/buy30590_deep/deep-cycle-2391-2026-06-06T00-08-51-132Z.ndjson
[2026-06-06T00:08:59.076Z] deep cycle 2392: 80 domains → 0 hit → 0 deep products → /paperclip/instances/default/workspaces/3ec8f6dd-1735-4479-9825-a2c42edac34c/data/buy30590_deep/deep-cycle-2392-2026-06-06T00-08-57-514Z.ndjson
[2026-06-06T00:09:04.918Z] deep cycle 2393: 80 domains → 0 hit → 0 deep products → /paperclip/instances/default/workspaces/3ec8f6dd-1735-4479-9825-a2c42edac34c/data/buy30590_deep/deep-cycle-2393-2026-06-06T00-09-04-080Z.ndjson
[2026-06-06T00:09:10.541Z] deep cycle 2394: 80 domains → 0 hit → 0 deep products → /paperclip/instances/default/workspaces/3ec8f6dd-1735-4479-9825-a2c42edac34c/data/buy30590_deep/deep-cycle-2394-2026-06-06T00-09-09-922Z.ndjson
[2026-06-06T00:09:17.186Z] deep cycle 2395: 80 domains → 0 hit → 0 deep products → /paperclip/instances/default/workspaces/3ec8f6dd-1735-4479-9825-a2c42edac34c/data/buy30590_deep/deep-cycle-2395-2026-06-06T00-09-15-545Z.ndjson
[2026-06-06T00:09:23.475Z] deep cycle 2396: 80 domains → 0 hit → 0 deep products → /paperclip/instances/default/workspaces/3ec8f6dd-1735-4479-9825-a2c42edac34c/data/buy30590_deep/deep-cycle-2396-2026-06-06T00-09-22-193Z.ndjson
[2026-06-06T00:09:29.163Z] deep cycle 2397: 80 domains → 0 hit → 0 deep products → /paperclip/instances/default/workspaces/3ec8f6dd-1735-4479-9825-a2c42edac34c/data/buy30590_deep/deep-cycle-2397-2026-06-06T00-09-28-476Z.ndjson
[2026-06-06T00:09:34.935Z] deep cycle 2398: 80 domains → 0 hit → 0 deep products → /paperclip/instances/default/workspaces/3ec8f6dd-1735-4479-9825-a2c42edac34c/data/buy30590_deep/deep-cycle-2398-2026-06-06T00-09-34-165Z.ndjson
[2026-06-06T00:09:41.050Z] deep cycle 2399: 80 domains → 0 hit → 0 deep products → /paperclip/instances/default/workspaces/3ec8f6dd-1735-4479-9825-a2c42edac34c/data/buy30590_deep/deep-cycle-2399-2026-06-06T00-09-39-938Z.ndjson
[2026-06-06T00:09:47.130Z] deep cycle 2400: 80 domains → 0 hit → 0 deep products → /paperclip/instances/default/workspaces/3ec8f6dd-1735-4479-9825-a2c42edac34c/data/buy30590_deep/deep-cycle-2400-2026-06-06T00-09-46-055Z.ndjson
[2026-06-06T00:09:57.869Z] deep cycle 2401: 80 domains → 0 hit → 0 deep products → /paperclip/instances/default/workspaces/3ec8f6dd-1735-4479-9825-a2c42edac34c/data/buy30590_deep/deep-cycle-2401-2026-06-06T00-09-52-140Z.ndjson
[2026-06-06T00:10:04.100Z] deep cycle 2402: 80 domains → 0 hit → 0 deep products → /paperclip/instances/default/workspaces/3ec8f6dd-1735-4479-9825-a2c42edac34c/data/buy30590_deep/deep-cycle-2402-2026-06-06T00-10-02-874Z.ndjson
[2026-06-06T00:10:09.890Z] deep cycle 2403: 80 domains → 0 hit → 0 deep products → /paperclip/instances/default/workspaces/3ec8f6dd-1735-4479-9825-a2c42edac34c/data/buy30590_deep/deep-cycle-2403-2026-06-06T00-10-09-105Z.ndjson
[2026-06-06T00:10:16.180Z] deep cycle 2404: 80 domains → 0 hit → 0 deep products → /paperclip/instances/default/workspaces/3ec8f6dd-1735-4479-9825-a2c42edac34c/data/buy30590_deep/deep-cycle-2404-2026-06-06T00-10-14-894Z.ndjson
[2026-06-06T00:10:23.038Z] deep cycle 2405: 80 domains → 0 hit → 0 deep products → /paperclip/instances/default/workspaces/3ec8f6dd-1735-4479-9825-a2c42edac34c/data/buy30590_deep/deep-cycle-2405-2026-06-06T00-10-21-180Z.ndjson
[2026-06-06T00:10:40.083Z] deep cycle 2406: 80 domains → 0 hit → 0 deep products → /paperclip/instances/default/workspaces/3ec8f6dd-1735-4479-9825-a2c42edac34c/data/buy30590_deep/deep-cycle-2406-2026-06-06T00-10-28-041Z.ndjson
[2026-06-06T00:10:47.272Z] deep cycle 2407: 80 domains → 0 hit → 0 deep products → /paperclip/instances/default/workspaces/3ec8f6dd-1735-4479-9825-a2c42edac34c/data/buy30590_deep/deep-cycle-2407-2026-06-06T00-10-45-090Z.ndjson
[2026-06-06T00:10:53.711Z] deep cycle 2408: 80 domains → 0 hit → 0 deep products → /paperclip/instances/default/workspaces/3ec8f6dd-1735-4479-9825-a2c42edac34c/data/buy30590_deep/deep-cycle-2408-2026-06-06T00-10-52-276Z.ndjson
[2026-06-06T00:11:00.574Z] deep cycle 2409: 80 domains → 0 hit → 0 deep products → /paperclip/instances/default/workspaces/3ec8f6dd-1735-4479-9825-a2c42edac34c/data/buy30590_deep/deep-cycle-2409-2026-06-06T00-10-58-716Z.ndjson
[2026-06-06T00:11:07.471Z] deep cycle 2410: 80 domains → 0 hit → 0 deep products → /paperclip/instances/default/workspaces/3ec8f6dd-1735-4479-9825-a2c42edac34c/data/buy30590_deep/deep-cycle-2410-2026-06-06T00-11-05-576Z.ndjson
[2026-06-06T00:11:14.214Z] deep cycle 2411: 80 domains → 0 hit → 0 deep products → /paperclip/instances/default/workspaces/3ec8f6dd-1735-4479-9825-a2c42edac34c/data/buy30590_deep/deep-cycle-2411-2026-06-06T00-11-12-471Z.ndjson
[2026-06-06T00:11:20.154Z] deep cycle 2412: 80 domains → 0 hit → 0 deep products → /paperclip/instances/default/workspaces/3ec8f6dd-1735-4479-9825-a2c42edac34c/data/buy30590_deep/deep-cycle-2412-2026-06-06T00-11-19-218Z.ndjson
[2026-06-06T00:11:26.341Z] deep cycle 2413: 80 domains → 0 hit → 0 deep products → /paperclip/instances/default/workspaces/3ec8f6dd-1735-4479-9825-a2c42edac34c/data/buy30590_deep/deep-cycle-2413-2026-06-06T00-11-25-160Z.ndjson
[2026-06-06T00:11:32.596Z] deep cycle 2414: 80 domains → 0 hit → 0 deep products → /paperclip/instances/default/workspaces/3ec8f6dd-1735-4479-9825-a2c42edac34c/data/buy30590_deep/deep-cycle-2414-2026-06-06T00-11-31-345Z.ndjson
[2026-06-06T00:11:38.717Z] deep cycle 2415: 80 domains → 0 hit → 0 deep products → /paperclip/instances/default/workspaces/3ec8f6dd-1735-4479-9825-a2c42edac34c/data/buy30590_deep/deep-cycle-2415-2026-06-06T00-11-37-601Z.ndjson
[2026-06-06T00:11:44.554Z] deep cycle 2416: 80 domains → 0 hit → 0 deep products → /paperclip/instances/default/workspaces/3ec8f6dd-1735-4479-9825-a2c42edac34c/data/buy30590_deep/deep-cycle-2416-2026-06-06T00-11-43-717Z.ndjson
[2026-06-06T00:11:51.358Z] deep cycle 2417: 80 domains → 0 hit → 0 deep products → /paperclip/instances/default/workspaces/3ec8f6dd-1735-4479-9825-a2c42edac34c/data/buy30590_deep/deep-cycle-2417-2026-06-06T00-11-49-558Z.ndjson
[2026-06-06T00:11:56.953Z] deep cycle 2418: 80 domains → 0 hit → 0 deep products → /paperclip/instances/default/workspaces/3ec8f6dd-1735-4479-9825-a2c42edac34c/data/buy30590_deep/deep-cycle-2418-2026-06-06T00-11-56-363Z.ndjson
[2026-06-06T00:12:02.781Z] deep cycle 2419: 80 domains → 0 hit → 0 deep products → /paperclip/instances/default/workspaces/3ec8f6dd-1735-4479-9825-a2c42edac34c/data/buy30590_deep/deep-cycle-2419-2026-06-06T00-12-01-958Z.ndjson
[2026-06-06T00:12:10.073Z] deep cycle 2420: 80 domains → 0 hit → 0 deep products → /paperclip/instances/default/workspaces/3ec8f6dd-1735-4479-9825-a2c42edac34c/data/buy30590_deep/deep-cycle-2420-2026-06-06T00-12-07-785Z.ndjson
[2026-06-06T00:12:15.698Z] deep cycle 2421: 80 domains → 0 hit → 0 deep products → /paperclip/instances/default/workspaces/3ec8f6dd-1735-4479-9825-a2c42edac34c/data/buy30590_deep/deep-cycle-2421-2026-06-06T00-12-15-077Z.ndjson
[2026-06-06T00:12:22.210Z] deep cycle 2422: 80 domains → 0 hit → 0 deep products → /paperclip/instances/default/workspaces/3ec8f6dd-1735-4479-9825-a2c42edac34c/data/buy30590_deep/deep-cycle-2422-2026-06-06T00-12-20-702Z.ndjson
[2026-06-06T00:12:29.610Z] deep cycle 2423: 80 domains → 1 hit → 250 deep products → /paperclip/instances/default/workspaces/3ec8f6dd-1735-4479-9825-a2c42edac34c/data/buy30590_deep/deep-cycle-2423-2026-06-06T00-12-27-216Z.ndjson
[2026-06-06T00:12:43.247Z] deep cycle 2423 ingest: exit=0 13.6s === STREAM INGEST DONE ===
files=1 lines=250 valid=250 written=250 errors=0
skipped: {}
top sources: [ [ 'shopify', 250 ] ]
[2026-06-06T00:12:48.981Z] deep cycle 2424: 80 domains → 0 hit → 0 deep products → /paperclip/instances/default/workspaces/3ec8f6dd-1735-4479-9825-a2c42edac34c/data/buy30590_deep/deep-cycle-2424-2026-06-06T00-12-48-247Z.ndjson
[2026-06-06T00:12:54.369Z] deep cycle 2425: 80 domains → 0 hit → 0 deep products → /paperclip/instances/default/workspaces/3ec8f6dd-1735-4479-9825-a2c42edac34c/data/buy30590_deep/deep-cycle-2425-2026-06-06T00-12-53-986Z.ndjson
[2026-06-06T00:12:59.864Z] deep cycle 2426: 80 domains → 0 hit → 0 deep products → /paperclip/instances/default/workspaces/3ec8f6dd-1735-4479-9825-a2c42edac34c/data/buy30590_deep/deep-cycle-2426-2026-06-06T00-12-59-374Z.ndjson
[2026-06-06T00:13:05.821Z] deep cycle 2427: 80 domains → 0 hit → 0 deep products → /paperclip/instances/default/workspaces/3ec8f6dd-1735-4479-9825-a2c42edac34c/data/buy30590_deep/deep-cycle-2427-2026-06-06T00-13-04-866Z.ndjson
[2026-06-06T00:13:12.063Z] deep cycle 2428: 80 domains → 0 hit → 0 deep products → /paperclip/instances/default/workspaces/3ec8f6dd-1735-4479-9825-a2c42edac34c/data/buy30590_deep/deep-cycle-2428-2026-06-06T00-13-10-827Z.ndjson
[2026-06-06T00:13:17.738Z] deep cycle 2429: 80 domains → 0 hit → 0 deep products → /paperclip/instances/default/workspaces/3ec8f6dd-1735-4479-9825-a2c42edac34c/data/buy30590_deep/deep-cycle-2429-2026-06-06T00-13-17-066Z.ndjson
[2026-06-06T00:13:23.489Z] deep cycle 2430: 80 domains → 0 hit → 0 deep products → /paperclip/instances/default/workspaces/3ec8f6dd-1735-4479-9825-a2c42edac34c/data/buy30590_deep/deep-cycle-2430-2026-06-06T00-13-22-743Z.ndjson
[2026-06-06T00:13:29.701Z] deep cycle 2431: 80 domains → 0 hit → 0 deep products → /paperclip/instances/default/workspaces/3ec8f6dd-1735-4479-9825-a2c42edac34c/data/buy30590_deep/deep-cycle-2431-2026-06-06T00-13-28-494Z.ndjson
[2026-06-06T00:13:35.915Z] deep cycle 2432: 80 domains → 0 hit → 0 deep products → /paperclip/instances/default/workspaces/3ec8f6dd-1735-4479-9825-a2c42edac34c/data/buy30590_deep/deep-cycle-2432-2026-06-06T00-13-34-706Z.ndjson
[2026-06-06T00:13:41.967Z] deep cycle 2433: 80 domains → 0 hit → 0 deep products → /paperclip/instances/default/workspaces/3ec8f6dd-1735-4479-9825-a2c42edac34c/data/buy30590_deep/deep-cycle-2433-2026-06-06T00-13-40-920Z.ndjson
[2026-06-06T00:13:47.895Z] deep cycle 2434: 80 domains → 0 hit → 0 deep products → /paperclip/instances/default/workspaces/3ec8f6dd-1735-4479-9825-a2c42edac34c/data/buy30590_deep/deep-cycle-2434-2026-06-06T00-13-46-971Z.ndjson
[2026-06-06T00:13:54.142Z] deep cycle 2435: 80 domains → 0 hit → 0 deep products → /paperclip/instances/default/workspaces/3ec8f6dd-1735-4479-9825-a2c42edac34c/data/buy30590_deep/deep-cycle-2435-2026-06-06T00-13-52-896Z.ndjson
[2026-06-06T00:14:00.026Z] deep cycle 2436: 80 domains → 0 hit → 0 deep products → /paperclip/instances/default/workspaces/3ec8f6dd-1735-4479-9825-a2c42edac34c/data/buy30590_deep/deep-cycle-2436-2026-06-06T00-13-59-151Z.ndjson
[2026-06-06T00:14:05.875Z] deep cycle 2437: 80 domains → 0 hit → 0 deep products → /paperclip/instances/default/workspaces/3ec8f6dd-1735-4479-9825-a2c42edac34c/data/buy30590_deep/deep-cycle-2437-2026-06-06T00-14-05-030Z.ndjson
[2026-06-06T00:14:12.462Z] deep cycle 2438: 80 domains → 0 hit → 0 deep products → /paperclip/instances/default/workspaces/3ec8f6dd-1735-4479-9825-a2c42edac34c/data/buy30590_deep/deep-cycle-2438-2026-06-06T00-14-10-876Z.ndjson
[2026-06-06T00:14:18.420Z] deep cycle 2439: 80 domains → 0 hit → 0 deep products → /paperclip/instances/default/workspaces/3ec8f6dd-1735-4479-9825-a2c42edac34c/data/buy30590_deep/deep-cycle-2439-2026-06-06T00-14-17-466Z.ndjson
[2026-06-06T00:14:24.868Z] deep cycle 2440: 80 domains → 0 hit → 0 deep products → /paperclip/instances/default/workspaces/3ec8f6dd-1735-4479-9825-a2c42edac34c/data/buy30590_deep/deep-cycle-2440-2026-06-06T00-14-23-426Z.ndjson
[2026-06-06T00:14:31.571Z] deep cycle 2441: 80 domains → 0 hit → 0 deep products → /paperclip/instances/default/workspaces/3ec8f6dd-1735-4479-9825-a2c42edac34c/data/buy30590_deep/deep-cycle-2441-2026-06-06T00-14-29-870Z.ndjson
[2026-06-06T00:14:37.860Z] deep cycle 2442: 80 domains → 0 hit → 0 deep products → /paperclip/instances/default/workspaces/3ec8f6dd-1735-4479-9825-a2c42edac34c/data/buy30590_deep/deep-cycle-2442-2026-06-06T00-14-36-577Z.ndjson
[2026-06-06T00:14:44.370Z] deep cycle 2443: 80 domains → 0 hit → 0 deep products → /paperclip/instances/default/workspaces/3ec8f6dd-1735-4479-9825-a2c42edac34c/data/buy30590_deep/deep-cycle-2443-2026-06-06T00-14-42-867Z.ndjson
[2026-06-06T00:14:51.550Z] deep cycle 2444: 80 domains → 0 hit → 0 deep products → /paperclip/instances/default/workspaces/3ec8f6dd-1735-4479-9825-a2c42edac34c/data/buy30590_deep/deep-cycle-2444-2026-06-06T00-14-49-379Z.ndjson
[2026-06-06T00:14:57.717Z] deep cycle 2445: 80 domains → 0 hit → 0 deep products → /paperclip/instances/default/workspaces/3ec8f6dd-1735-4479-9825-a2c42edac34c/data/buy30590_deep/deep-cycle-2445-2026-06-06T00-14-56-554Z.ndjson
[2026-06-06T00:15:04.257Z] deep cycle 2446: 80 domains → 0 hit → 0 deep products → /paperclip/instances/default/workspaces/3ec8f6dd-1735-4479-9825-a2c42edac34c/data/buy30590_deep/deep-cycle-2446-2026-06-06T00-15-02-723Z.ndjson
[2026-06-06T00:15:11.143Z] deep cycle 2447: 80 domains → 0 hit → 0 deep products → /paperclip/instances/default/workspaces/3ec8f6dd-1735-4479-9825-a2c42edac34c/data/buy30590_deep/deep-cycle-2447-2026-06-06T00-15-09-263Z.ndjson
[2026-06-06T00:15:17.522Z] deep cycle 2448: 80 domains → 0 hit → 0 deep products → /paperclip/instances/default/workspaces/3ec8f6dd-1735-4479-9825-a2c42edac34c/data/buy30590_deep/deep-cycle-2448-2026-06-06T00-15-16-149Z.ndjson
[2026-06-06T00:15:23.587Z] deep cycle 2449: 80 domains → 0 hit → 0 deep products → /paperclip/instances/default/workspaces/3ec8f6dd-1735-4479-9825-a2c42edac34c/data/buy30590_deep/deep-cycle-2449-2026-06-06T00-15-22-526Z.ndjson
[2026-06-06T00:15:29.546Z] deep cycle 2450: 80 domains → 0 hit → 0 deep products → /paperclip/instances/default/workspaces/3ec8f6dd-1735-4479-9825-a2c42edac34c/data/buy30590_deep/deep-cycle-2450-2026-06-06T00-15-28-592Z.ndjson
[2026-06-06T00:15:35.275Z] deep cycle 2451: 80 domains → 0 hit → 0 deep products → /paperclip/instances/default/workspaces/3ec8f6dd-1735-4479-9825-a2c42edac34c/data/buy30590_deep/deep-cycle-2451-2026-06-06T00-15-34-551Z.ndjson
[2026-06-06T00:15:50.805Z] deep cycle 2452: 80 domains → 0 hit → 0 deep products → /paperclip/instances/default/workspaces/3ec8f6dd-1735-4479-9825-a2c42edac34c/data/buy30590_deep/deep-cycle-2452-2026-06-06T00-15-40-280Z.ndjson
[2026-06-06T00:15:56.760Z] deep cycle 2453: 80 domains → 0 hit → 0 deep products → /paperclip/instances/default/workspaces/3ec8f6dd-1735-4479-9825-a2c42edac34c/data/buy30590_deep/deep-cycle-2453-2026-06-06T00-15-55-810Z.ndjson
[2026-06-06T00:16:02.475Z] deep cycle 2454: 80 domains → 0 hit → 0 deep products → /paperclip/instances/default/workspaces/3ec8f6dd-1735-4479-9825-a2c42edac34c/data/buy30590_deep/deep-cycle-2454-2026-06-06T00-16-01-764Z.ndjson
[2026-06-06T00:16:08.140Z] deep cycle 2455: 80 domains → 0 hit → 0 deep products → /paperclip/instances/default/workspaces/3ec8f6dd-1735-4479-9825-a2c42edac34c/data/buy30590_deep/deep-cycle-2455-2026-06-06T00-16-07-479Z.ndjson
[2026-06-06T00:16:14.256Z] deep cycle 2456: 80 domains → 0 hit → 0 deep products → /paperclip/instances/default/workspaces/3ec8f6dd-1735-4479-9825-a2c42edac34c/data/buy30590_deep/deep-cycle-2456-2026-06-06T00-16-13-150Z.ndjson
[2026-06-06T00:16:20.192Z] deep cycle 2457: 80 domains → 0 hit → 0 deep products → /paperclip/instances/default/workspaces/3ec8f6dd-1735-4479-9825-a2c42edac34c/data/buy30590_deep/deep-cycle-2457-2026-06-06T00-16-19-261Z.ndjson
[2026-06-06T00:16:25.944Z] deep cycle 2458: 80 domains → 0 hit → 0 deep products → /paperclip/instances/default/workspaces/3ec8f6dd-1735-4479-9825-a2c42edac34c/data/buy30590_deep/deep-cycle-2458-2026-06-06T00-16-25-197Z.ndjson
[2026-06-06T00:16:31.502Z] deep cycle 2459: 80 domains → 0 hit → 0 deep products → /paperclip/instances/default/workspaces/3ec8f6dd-1735-4479-9825-a2c42edac34c/data/buy30590_deep/deep-cycle-2459-2026-06-06T00-16-30-948Z.ndjson
[2026-06-06T00:16:43.564Z] deep cycle 2460: 80 domains → 3 hit → 1851 deep products → /paperclip/instances/default/workspaces/3ec8f6dd-1735-4479-9825-a2c42edac34c/data/buy30590_deep/deep-cycle-2460-2026-06-06T00-16-36-506Z.ndjson
[2026-06-06T00:17:05.331Z] deep cycle 2460 ingest: exit=0 21.8s === STREAM INGEST DONE ===
files=1 lines=1851 valid=1851 written=1851 errors=0
skipped: {}
top sources: [ [ 'shopify', 1851 ] ]
[2026-06-06T00:17:11.287Z] deep cycle 2461: 80 domains → 0 hit → 0 deep products → /paperclip/instances/default/workspaces/3ec8f6dd-1735-4479-9825-a2c42edac34c/data/buy30590_deep/deep-cycle-2461-2026-06-06T00-17-10-335Z.ndjson
[2026-06-06T00:17:17.766Z] deep cycle 2462: 80 domains → 0 hit → 0 deep products → /paperclip/instances/default/workspaces/3ec8f6dd-1735-4479-9825-a2c42edac34c/data/buy30590_deep/deep-cycle-2462-2026-06-06T00-17-16-291Z.ndjson
[2026-06-06T00:17:23.532Z] deep cycle 2463: 80 domains → 0 hit → 0 deep products → /paperclip/instances/default/workspaces/3ec8f6dd-1735-4479-9825-a2c42edac34c/data/buy30590_deep/deep-cycle-2463-2026-06-06T00-17-22-769Z.ndjson
[2026-06-06T00:17:29.197Z] deep cycle 2464: 80 domains → 0 hit → 0 deep products → /paperclip/instances/default/workspaces/3ec8f6dd-1735-4479-9825-a2c42edac34c/data/buy30590_deep/deep-cycle-2464-2026-06-06T00-17-28-536Z.ndjson
[2026-06-06T00:17:35.037Z] deep cycle 2465: 80 domains → 0 hit → 0 deep products → /paperclip/instances/default/workspaces/3ec8f6dd-1735-4479-9825-a2c42edac34c/data/buy30590_deep/deep-cycle-2465-2026-06-06T00-17-34-201Z.ndjson
[2026-06-06T00:17:41.049Z] deep cycle 2466: 80 domains → 0 hit → 0 deep products → /paperclip/instances/default/workspaces/3ec8f6dd-1735-4479-9825-a2c42edac34c/data/buy30590_deep/deep-cycle-2466-2026-06-06T00-17-40-039Z.ndjson
[2026-06-06T00:17:47.339Z] deep cycle 2467: 80 domains → 1 hit → 250 deep products → /paperclip/instances/default/workspaces/3ec8f6dd-1735-4479-9825-a2c42edac34c/data/buy30590_deep/deep-cycle-2467-2026-06-06T00-17-46-050Z.ndjson
[2026-06-06T00:18:20.669Z] deep cycle 2467 ingest: exit=0 33.3s === STREAM INGEST DONE ===
files=1 lines=250 valid=250 written=250 errors=0
skipped: {}
top sources: [ [ 'shopify', 250 ] ]
[2026-06-06T00:18:26.757Z] deep cycle 2468: 80 domains → 0 hit → 0 deep products → /paperclip/instances/default/workspaces/3ec8f6dd-1735-4479-9825-a2c42edac34c/data/buy30590_deep/deep-cycle-2468-2026-06-06T00-18-25-692Z.ndjson
[2026-06-06T00:18:33.316Z] deep cycle 2469: 80 domains → 0 hit → 0 deep products → /paperclip/instances/default/workspaces/3ec8f6dd-1735-4479-9825-a2c42edac34c/data/buy30590_deep/deep-cycle-2469-2026-06-06T00-18-31-761Z.ndjson
[2026-06-06T00:18:39.462Z] deep cycle 2470: 80 domains → 0 hit → 0 deep products → /paperclip/instances/default/workspaces/3ec8f6dd-1735-4479-9825-a2c42edac34c/data/buy30590_deep/deep-cycle-2470-2026-06-06T00-18-38-321Z.ndjson
[2026-06-06T00:18:45.203Z] deep cycle 2471: 80 domains → 0 hit → 0 deep products → /paperclip/instances/default/workspaces/3ec8f6dd-1735-4479-9825-a2c42edac34c/data/buy30590_deep/deep-cycle-2471-2026-06-06T00-18-44-465Z.ndjson
[2026-06-06T00:18:51.457Z] deep cycle 2472: 80 domains → 0 hit → 0 deep products → /paperclip/instances/default/workspaces/3ec8f6dd-1735-4479-9825-a2c42edac34c/data/buy30590_deep/deep-cycle-2472-2026-06-06T00-18-50-208Z.ndjson
[2026-06-06T00:18:57.726Z] deep cycle 2473: 80 domains → 0 hit → 0 deep products → /paperclip/instances/default/workspaces/3ec8f6dd-1735-4479-9825-a2c42edac34c/data/buy30590_deep/deep-cycle-2473-2026-06-06T00-18-56-462Z.ndjson
[2026-06-06T00:19:03.962Z] deep cycle 2474: 80 domains → 0 hit → 0 deep products → /paperclip/instances/default/workspaces/3ec8f6dd-1735-4479-9825-a2c42edac34c/data/buy30590_deep/deep-cycle-2474-2026-06-06T00-19-02-731Z.ndjson
[2026-06-06T00:19:10.150Z] deep cycle 2475: 80 domains → 0 hit → 0 deep products → /paperclip/instances/default/workspaces/3ec8f6dd-1735-4479-9825-a2c42edac34c/data/buy30590_deep/deep-cycle-2475-2026-06-06T00-19-08-966Z.ndjson
[2026-06-06T00:19:17.652Z] deep cycle 2476: 80 domains → 0 hit → 0 deep products → /paperclip/instances/default/workspaces/3ec8f6dd-1735-4479-9825-a2c42edac34c/data/buy30590_deep/deep-cycle-2476-2026-06-06T00-19-15-152Z.ndjson
[2026-06-06T00:19:23.782Z] deep cycle 2477: 80 domains → 0 hit → 0 deep products → /paperclip/instances/default/workspaces/3ec8f6dd-1735-4479-9825-a2c42edac34c/data/buy30590_deep/deep-cycle-2477-2026-06-06T00-19-22-658Z.ndjson
[2026-06-06T00:19:29.448Z] deep cycle 2478: 80 domains → 0 hit → 0 deep products → /paperclip/instances/default/workspaces/3ec8f6dd-1735-4479-9825-a2c42edac34c/data/buy30590_deep/deep-cycle-2478-2026-06-06T00-19-28-783Z.ndjson
[2026-06-06T00:19:35.423Z] deep cycle 2479: 80 domains → 0 hit → 0 deep products → /paperclip/instances/default/workspaces/3ec8f6dd-1735-4479-9825-a2c42edac34c/data/buy30590_deep/deep-cycle-2479-2026-06-06T00-19-34-450Z.ndjson
[2026-06-06T00:19:42.208Z] deep cycle 2480: 80 domains → 0 hit → 0 deep products → /paperclip/instances/default/workspaces/3ec8f6dd-1735-4479-9825-a2c42edac34c/data/buy30590_deep/deep-cycle-2480-2026-06-06T00-19-40-428Z.ndjson
[2026-06-06T00:19:48.489Z] deep cycle 2481: 80 domains → 0 hit → 0 deep products → /paperclip/instances/default/workspaces/3ec8f6dd-1735-4479-9825-a2c42edac34c/data/buy30590_deep/deep-cycle-2481-2026-06-06T00-19-47-212Z.ndjson
[2026-06-06T00:19:54.436Z] deep cycle 2482: 80 domains → 0 hit → 0 deep products → /paperclip/instances/default/workspaces/3ec8f6dd-1735-4479-9825-a2c42edac34c/data/buy30590_deep/deep-cycle-2482-2026-06-06T00-19-53-494Z.ndjson
[2026-06-06T00:20:00.698Z] deep cycle 2483: 80 domains → 0 hit → 0 deep products → /paperclip/instances/default/workspaces/3ec8f6dd-1735-4479-9825-a2c42edac34c/data/buy30590_deep/deep-cycle-2483-2026-06-06T00-19-59-441Z.ndjson
[2026-06-06T00:20:06.263Z] deep cycle 2484: 80 domains → 0 hit → 0 deep products → /paperclip/instances/default/workspaces/3ec8f6dd-1735-4479-9825-a2c42edac34c/data/buy30590_deep/deep-cycle-2484-2026-06-06T00-20-05-703Z.ndjson
[2026-06-06T00:20:12.692Z] deep cycle 2485: 80 domains → 0 hit → 0 deep products → /paperclip/instances/default/workspaces/3ec8f6dd-1735-4479-9825-a2c42edac34c/data/buy30590_deep/deep-cycle-2485-2026-06-06T00-20-11-268Z.ndjson
[2026-06-06T00:20:19.434Z] deep cycle 2486: 80 domains → 0 hit → 0 deep products → /paperclip/instances/default/workspaces/3ec8f6dd-1735-4479-9825-a2c42edac34c/data/buy30590_deep/deep-cycle-2486-2026-06-06T00-20-17-697Z.ndjson
[2026-06-06T00:20:25.743Z] deep cycle 2487: 80 domains → 0 hit → 0 deep products → /paperclip/instances/default/workspaces/3ec8f6dd-1735-4479-9825-a2c42edac34c/data/buy30590_deep/deep-cycle-2487-2026-06-06T00-20-24-440Z.ndjson
[2026-06-06T00:20:32.430Z] deep cycle 2488: 80 domains → 0 hit → 0 deep products → /paperclip/instances/default/workspaces/3ec8f6dd-1735-4479-9825-a2c42edac34c/data/buy30590_deep/deep-cycle-2488-2026-06-06T00-20-30-744Z.ndjson
[2026-06-06T00:20:38.638Z] deep cycle 2489: 80 domains → 0 hit → 0 deep products → /paperclip/instances/default/workspaces/3ec8f6dd-1735-4479-9825-a2c42edac34c/data/buy30590_deep/deep-cycle-2489-2026-06-06T00-20-37-435Z.ndjson
[2026-06-06T00:20:45.691Z] deep cycle 2490: 80 domains → 0 hit → 0 deep products → /paperclip/instances/default/workspaces/3ec8f6dd-1735-4479-9825-a2c42edac34c/data/buy30590_deep/deep-cycle-2490-2026-06-06T00-20-43-643Z.ndjson
[2026-06-06T00:20:52.036Z] deep cycle 2491: 80 domains → 0 hit → 0 deep products → /paperclip/instances/default/workspaces/3ec8f6dd-1735-4479-9825-a2c42edac34c/data/buy30590_deep/deep-cycle-2491-2026-06-06T00-20-50-696Z.ndjson
[2026-06-06T00:20:57.769Z] deep cycle 2492: 80 domains → 0 hit → 0 deep products → /paperclip/instances/default/workspaces/3ec8f6dd-1735-4479-9825-a2c42edac34c/data/buy30590_deep/deep-cycle-2492-2026-06-06T00-20-57-042Z.ndjson
[2026-06-06T00:21:04.365Z] deep cycle 2493: 80 domains → 0 hit → 0 deep products → /paperclip/instances/default/workspaces/3ec8f6dd-1735-4479-9825-a2c42edac34c/data/buy30590_deep/deep-cycle-2493-2026-06-06T00-21-02-774Z.ndjson
[2026-06-06T00:21:10.616Z] deep cycle 2494: 80 domains → 0 hit → 0 deep products → /paperclip/instances/default/workspaces/3ec8f6dd-1735-4479-9825-a2c42edac34c/data/buy30590_deep/deep-cycle-2494-2026-06-06T00-21-09-370Z.ndjson
[2026-06-06T00:21:17.390Z] deep cycle 2495: 80 domains → 0 hit → 0 deep products → /paperclip/instances/default/workspaces/3ec8f6dd-1735-4479-9825-a2c42edac34c/data/buy30590_deep/deep-cycle-2495-2026-06-06T00-21-15-620Z.ndjson
[2026-06-06T00:21:23.430Z] deep cycle 2496: 80 domains → 0 hit → 0 deep products → /paperclip/instances/default/workspaces/3ec8f6dd-1735-4479-9825-a2c42edac34c/data/buy30590_deep/deep-cycle-2496-2026-06-06T00-21-22-393Z.ndjson
[2026-06-06T00:21:29.814Z] deep cycle 2497: 80 domains → 0 hit → 0 deep products → /paperclip/instances/default/workspaces/3ec8f6dd-1735-4479-9825-a2c42edac34c/data/buy30590_deep/deep-cycle-2497-2026-06-06T00-21-28-434Z.ndjson
[2026-06-06T00:21:35.869Z] deep cycle 2498: 80 domains → 0 hit → 0 deep products → /paperclip/instances/default/workspaces/3ec8f6dd-1735-4479-9825-a2c42edac34c/data/buy30590_deep/deep-cycle-2498-2026-06-06T00-21-34-819Z.ndjson
[2026-06-06T00:21:41.654Z] deep cycle 2499: 80 domains → 0 hit → 0 deep products → /paperclip/instances/default/workspaces/3ec8f6dd-1735-4479-9825-a2c42edac34c/data/buy30590_deep/deep-cycle-2499-2026-06-06T00-21-40-874Z.ndjson
[2026-06-06T00:21:47.974Z] deep cycle 2500: 80 domains → 0 hit → 0 deep products → /paperclip/instances/default/workspaces/3ec8f6dd-1735-4479-9825-a2c42edac34c/data/buy30590_deep/deep-cycle-2500-2026-06-06T00-21-46-654Z.ndjson
[2026-06-06T00:21:54.529Z] deep cycle 2501: 80 domains → 0 hit → 0 deep products → /paperclip/instances/default/workspaces/3ec8f6dd-1735-4479-9825-a2c42edac34c/data/buy30590_deep/deep-cycle-2501-2026-06-06T00-21-52-978Z.ndjson
[2026-06-06T00:22:01.225Z] deep cycle 2502: 80 domains → 0 hit → 0 deep products → /paperclip/instances/default/workspaces/3ec8f6dd-1735-4479-9825-a2c42edac34c/data/buy30590_deep/deep-cycle-2502-2026-06-06T00-21-59-534Z.ndjson
[2026-06-06T00:22:07.947Z] deep cycle 2503: 80 domains → 0 hit → 0 deep products → /paperclip/instances/default/workspaces/3ec8f6dd-1735-4479-9825-a2c42edac34c/data/buy30590_deep/deep-cycle-2503-2026-06-06T00-22-06-234Z.ndjson
[2026-06-06T00:22:14.107Z] deep cycle 2504: 80 domains → 0 hit → 0 deep products → /paperclip/instances/default/workspaces/3ec8f6dd-1735-4479-9825-a2c42edac34c/data/buy30590_deep/deep-cycle-2504-2026-06-06T00-22-12-952Z.ndjson
[2026-06-06T00:22:19.943Z] deep cycle 2505: 80 domains → 0 hit → 0 deep products → /paperclip/instances/default/workspaces/3ec8f6dd-1735-4479-9825-a2c42edac34c/data/buy30590_deep/deep-cycle-2505-2026-06-06T00-22-19-111Z.ndjson
[2026-06-06T00:22:26.596Z] deep cycle 2506: 80 domains → 0 hit → 0 deep products → /paperclip/instances/default/workspaces/3ec8f6dd-1735-4479-9825-a2c42edac34c/data/buy30590_deep/deep-cycle-2506-2026-06-06T00-22-24-950Z.ndjson
[2026-06-06T00:22:32.502Z] deep cycle 2507: 80 domains → 0 hit → 0 deep products → /paperclip/instances/default/workspaces/3ec8f6dd-1735-4479-9825-a2c42edac34c/data/buy30590_deep/deep-cycle-2507-2026-06-06T00-22-31-602Z.ndjson
[2026-06-06T00:22:37.780Z] deep cycle 2508: 80 domains → 0 hit → 0 deep products → /paperclip/instances/default/workspaces/3ec8f6dd-1735-4479-9825-a2c42edac34c/data/buy30590_deep/deep-cycle-2508-2026-06-06T00-22-37-506Z.ndjson
[2026-06-06T00:22:43.038Z] deep cycle 2509: 80 domains → 0 hit → 0 deep products → /paperclip/instances/default/workspaces/3ec8f6dd-1735-4479-9825-a2c42edac34c/data/buy30590_deep/deep-cycle-2509-2026-06-06T00-22-42-784Z.ndjson
[2026-06-06T00:22:48.317Z] deep cycle 2510: 80 domains → 0 hit → 0 deep products → /paperclip/instances/default/workspaces/3ec8f6dd-1735-4479-9825-a2c42edac34c/data/buy30590_deep/deep-cycle-2510-2026-06-06T00-22-48-042Z.ndjson
[2026-06-06T00:22:53.967Z] deep cycle 2511: 80 domains → 0 hit → 0 deep products → /paperclip/instances/default/workspaces/3ec8f6dd-1735-4479-9825-a2c42edac34c/data/buy30590_deep/deep-cycle-2511-2026-06-06T00-22-53-321Z.ndjson
[2026-06-06T00:22:59.511Z] deep cycle 2512: 80 domains → 0 hit → 0 deep products → /paperclip/instances/default/workspaces/3ec8f6dd-1735-4479-9825-a2c42edac34c/data/buy30590_deep/deep-cycle-2512-2026-06-06T00-22-58-972Z.ndjson
[2026-06-06T00:23:05.281Z] deep cycle 2513: 80 domains → 0 hit → 0 deep products → /paperclip/instances/default/workspaces/3ec8f6dd-1735-4479-9825-a2c42edac34c/data/buy30590_deep/deep-cycle-2513-2026-06-06T00-23-04-516Z.ndjson
[2026-06-06T00:23:10.799Z] deep cycle 2514: 80 domains → 0 hit → 0 deep products → /paperclip/instances/default/workspaces/3ec8f6dd-1735-4479-9825-a2c42edac34c/data/buy30590_deep/deep-cycle-2514-2026-06-06T00-23-10-286Z.ndjson
[2026-06-06T00:23:16.125Z] deep cycle 2515: 80 domains → 0 hit → 0 deep products → /paperclip/instances/default/workspaces/3ec8f6dd-1735-4479-9825-a2c42edac34c/data/buy30590_deep/deep-cycle-2515-2026-06-06T00-23-15-805Z.ndjson
[2026-06-06T00:23:21.625Z] deep cycle 2516: 80 domains → 0 hit → 0 deep products → /paperclip/instances/default/workspaces/3ec8f6dd-1735-4479-9825-a2c42edac34c/data/buy30590_deep/deep-cycle-2516-2026-06-06T00-23-21-130Z.ndjson
[2026-06-06T00:23:26.905Z] deep cycle 2517: 80 domains → 0 hit → 0 deep products → /paperclip/instances/default/workspaces/3ec8f6dd-1735-4479-9825-a2c42edac34c/data/buy30590_deep/deep-cycle-2517-2026-06-06T00-23-26-630Z.ndjson
[2026-06-06T00:23:32.434Z] deep cycle 2518: 80 domains → 0 hit → 0 deep products → /paperclip/instances/default/workspaces/3ec8f6dd-1735-4479-9825-a2c42edac34c/data/buy30590_deep/deep-cycle-2518-2026-06-06T00-23-31-910Z.ndjson
[2026-06-06T00:23:37.990Z] deep cycle 2519: 80 domains → 0 hit → 0 deep products → /paperclip/instances/default/workspaces/3ec8f6dd-1735-4479-9825-a2c42edac34c/data/buy30590_deep/deep-cycle-2519-2026-06-06T00-23-37-440Z.ndjson
[2026-06-06T00:23:43.836Z] deep cycle 2520: 80 domains → 0 hit → 0 deep products → /paperclip/instances/default/workspaces/3ec8f6dd-1735-4479-9825-a2c42edac34c/data/buy30590_deep/deep-cycle-2520-2026-06-06T00-23-42-994Z.ndjson
[2026-06-06T00:23:49.624Z] deep cycle 2521: 80 domains → 0 hit → 0 deep products → /paperclip/instances/default/workspaces/3ec8f6dd-1735-4479-9825-a2c42edac34c/data/buy30590_deep/deep-cycle-2521-2026-06-06T00-23-48-840Z.ndjson
[2026-06-06T00:23:55.276Z] deep cycle 2522: 80 domains → 0 hit → 0 deep products → /paperclip/instances/default/workspaces/3ec8f6dd-1735-4479-9825-a2c42edac34c/data/buy30590_deep/deep-cycle-2522-2026-06-06T00-23-54-631Z.ndjson
[2026-06-06T00:24:00.806Z] deep cycle 2523: 80 domains → 0 hit → 0 deep products → /paperclip/instances/default/workspaces/3ec8f6dd-1735-4479-9825-a2c42edac34c/data/buy30590_deep/deep-cycle-2523-2026-06-06T00-24-00-281Z.ndjson
[2026-06-06T00:24:06.071Z] deep cycle 2524: 80 domains → 0 hit → 0 deep products → /paperclip/instances/default/workspaces/3ec8f6dd-1735-4479-9825-a2c42edac34c/data/buy30590_deep/deep-cycle-2524-2026-06-06T00-24-05-811Z.ndjson
[2026-06-06T00:24:11.336Z] deep cycle 2525: 80 domains → 0 hit → 0 deep products → /paperclip/instances/default/workspaces/3ec8f6dd-1735-4479-9825-a2c42edac34c/data/buy30590_deep/deep-cycle-2525-2026-06-06T00-24-11-077Z.ndjson
[2026-06-06T00:24:16.608Z] deep cycle 2526: 80 domains → 0 hit → 0 deep products → /paperclip/instances/default/workspaces/3ec8f6dd-1735-4479-9825-a2c42edac34c/data/buy30590_deep/deep-cycle-2526-2026-06-06T00-24-16-339Z.ndjson
[2026-06-06T00:24:21.897Z] deep cycle 2527: 80 domains → 0 hit → 0 deep products → /paperclip/instances/default/workspaces/3ec8f6dd-1735-4479-9825-a2c42edac34c/data/buy30590_deep/deep-cycle-2527-2026-06-06T00-24-21-613Z.ndjson
[2026-06-06T00:24:27.172Z] deep cycle 2528: 80 domains → 0 hit → 0 deep products → /paperclip/instances/default/workspaces/3ec8f6dd-1735-4479-9825-a2c42edac34c/data/buy30590_deep/deep-cycle-2528-2026-06-06T00-24-26-902Z.ndjson
[2026-06-06T00:24:32.508Z] deep cycle 2529: 80 domains → 0 hit → 0 deep products → /paperclip/instances/default/workspaces/3ec8f6dd-1735-4479-9825-a2c42edac34c/data/buy30590_deep/deep-cycle-2529-2026-06-06T00-24-32-176Z.ndjson
[2026-06-06T00:24:38.531Z] deep cycle 2530: 80 domains → 1 hit → 235 deep products → /paperclip/instances/default/workspaces/3ec8f6dd-1735-4479-9825-a2c42edac34c/data/buy30590_deep/deep-cycle-2530-2026-06-06T00-24-37-510Z.ndjson
[2026-06-06T00:24:48.228Z] deep cycle 2530 ingest: exit=0 9.7s === STREAM INGEST DONE ===
files=1 lines=235 valid=235 written=235 errors=0
skipped: {}
top sources: [ [ 'shopify', 235 ] ]
[2026-06-06T00:24:53.805Z] deep cycle 2531: 80 domains → 0 hit → 0 deep products → /paperclip/instances/default/workspaces/3ec8f6dd-1735-4479-9825-a2c42edac34c/data/buy30590_deep/deep-cycle-2531-2026-06-06T00-24-53-233Z.ndjson
[2026-06-06T00:24:59.487Z] deep cycle 2532: 80 domains → 0 hit → 0 deep products → /paperclip/instances/default/workspaces/3ec8f6dd-1735-4479-9825-a2c42edac34c/data/buy30590_deep/deep-cycle-2532-2026-06-06T00-24-58-809Z.ndjson
[2026-06-06T00:25:05.045Z] deep cycle 2533: 80 domains → 0 hit → 0 deep products → /paperclip/instances/default/workspaces/3ec8f6dd-1735-4479-9825-a2c42edac34c/data/buy30590_deep/deep-cycle-2533-2026-06-06T00-25-04-492Z.ndjson
[2026-06-06T00:25:10.450Z] deep cycle 2534: 80 domains → 0 hit → 0 deep products → /paperclip/instances/default/workspaces/3ec8f6dd-1735-4479-9825-a2c42edac34c/data/buy30590_deep/deep-cycle-2534-2026-06-06T00-25-10-049Z.ndjson
[2026-06-06T00:25:15.737Z] deep cycle 2535: 80 domains → 0 hit → 0 deep products → /paperclip/instances/default/workspaces/3ec8f6dd-1735-4479-9825-a2c42edac34c/data/buy30590_deep/deep-cycle-2535-2026-06-06T00-25-15-454Z.ndjson
[2026-06-06T00:25:21.068Z] deep cycle 2536: 80 domains → 0 hit → 0 deep products → /paperclip/instances/default/workspaces/3ec8f6dd-1735-4479-9825-a2c42edac34c/data/buy30590_deep/deep-cycle-2536-2026-06-06T00-25-20-741Z.ndjson
[2026-06-06T00:25:26.356Z] deep cycle 2537: 80 domains → 0 hit → 0 deep products → /paperclip/instances/default/workspaces/3ec8f6dd-1735-4479-9825-a2c42edac34c/data/buy30590_deep/deep-cycle-2537-2026-06-06T00-25-26-073Z.ndjson
[2026-06-06T00:25:31.638Z] deep cycle 2538: 80 domains → 0 hit → 0 deep products → /paperclip/instances/default/workspaces/3ec8f6dd-1735-4479-9825-a2c42edac34c/data/buy30590_deep/deep-cycle-2538-2026-06-06T00-25-31-361Z.ndjson
[2026-06-06T00:25:36.938Z] deep cycle 2539: 80 domains → 0 hit → 0 deep products → /paperclip/instances/default/workspaces/3ec8f6dd-1735-4479-9825-a2c42edac34c/data/buy30590_deep/deep-cycle-2539-2026-06-06T00-25-36-643Z.ndjson
[2026-06-06T00:25:42.228Z] deep cycle 2540: 80 domains → 0 hit → 0 deep products → /paperclip/instances/default/workspaces/3ec8f6dd-1735-4479-9825-a2c42edac34c/data/buy30590_deep/deep-cycle-2540-2026-06-06T00-25-41-943Z.ndjson
[2026-06-06T00:25:47.507Z] deep cycle 2541: 80 domains → 0 hit → 0 deep products → /paperclip/instances/default/workspaces/3ec8f6dd-1735-4479-9825-a2c42edac34c/data/buy30590_deep/deep-cycle-2541-2026-06-06T00-25-47-234Z.ndjson
[2026-06-06T00:25:53.230Z] deep cycle 2542: 80 domains → 0 hit → 0 deep products → /paperclip/instances/default/workspaces/3ec8f6dd-1735-4479-9825-a2c42edac34c/data/buy30590_deep/deep-cycle-2542-2026-06-06T00-25-52-512Z.ndjson
[2026-06-06T00:25:58.838Z] deep cycle 2543: 80 domains → 0 hit → 0 deep products → /paperclip/instances/default/workspaces/3ec8f6dd-1735-4479-9825-a2c42edac34c/data/buy30590_deep/deep-cycle-2543-2026-06-06T00-25-58-238Z.ndjson
[2026-06-06T00:26:04.750Z] deep cycle 2544: 80 domains → 0 hit → 0 deep products → /paperclip/instances/default/workspaces/3ec8f6dd-1735-4479-9825-a2c42edac34c/data/buy30590_deep/deep-cycle-2544-2026-06-06T00-26-03-842Z.ndjson
[2026-06-06T00:26:10.667Z] deep cycle 2545: 80 domains → 0 hit → 0 deep products → /paperclip/instances/default/workspaces/3ec8f6dd-1735-4479-9825-a2c42edac34c/data/buy30590_deep/deep-cycle-2545-2026-06-06T00-26-09-757Z.ndjson
[2026-06-06T00:26:16.400Z] deep cycle 2546: 80 domains → 0 hit → 0 deep products → /paperclip/instances/default/workspaces/3ec8f6dd-1735-4479-9825-a2c42edac34c/data/buy30590_deep/deep-cycle-2546-2026-06-06T00-26-15-671Z.ndjson
[2026-06-06T00:26:22.086Z] deep cycle 2547: 80 domains → 0 hit → 0 deep products → /paperclip/instances/default/workspaces/3ec8f6dd-1735-4479-9825-a2c42edac34c/data/buy30590_deep/deep-cycle-2547-2026-06-06T00-26-21-405Z.ndjson
[2026-06-06T00:26:27.857Z] deep cycle 2548: 80 domains → 0 hit → 0 deep products → /paperclip/instances/default/workspaces/3ec8f6dd-1735-4479-9825-a2c42edac34c/data/buy30590_deep/deep-cycle-2548-2026-06-06T00-26-27-090Z.ndjson
[2026-06-06T00:26:33.608Z] deep cycle 2549: 80 domains → 0 hit → 0 deep products → /paperclip/instances/default/workspaces/3ec8f6dd-1735-4479-9825-a2c42edac34c/data/buy30590_deep/deep-cycle-2549-2026-06-06T00-26-32-861Z.ndjson
[2026-06-06T00:26:39.231Z] deep cycle 2550: 80 domains → 0 hit → 0 deep products → /paperclip/instances/default/workspaces/3ec8f6dd-1735-4479-9825-a2c42edac34c/data/buy30590_deep/deep-cycle-2550-2026-06-06T00-26-38-616Z.ndjson
[2026-06-06T00:27:22.341Z] deep cycle 2551: 80 domains → 4 hit → 21518 deep products → /paperclip/instances/default/workspaces/3ec8f6dd-1735-4479-9825-a2c42edac34c/data/buy30590_deep/deep-cycle-2551-2026-06-06T00-26-44-236Z.ndjson
[2026-06-06T00:29:42.358Z] deep cycle 2551 ingest: exit=0 140.0s === STREAM INGEST DONE ===
files=1 lines=21518 valid=21518 written=21518 errors=0
skipped: {}
top sources: [ [ 'shopify', 21518 ] ]
[2026-06-06T00:30:49.936Z] deep cycle 2552: 80 domains → 12 hit → 67226 deep products → /paperclip/instances/default/workspaces/3ec8f6dd-1735-4479-9825-a2c42edac34c/data/buy30590_deep/deep-cycle-2552-2026-06-06T00-29-47-363Z.ndjson
[2026-06-06T00:43:39.676Z] deep cycle 2552 ingest: exit=0 769.7s === STREAM INGEST DONE ===
files=1 lines=67226 valid=67226 written=66226 errors=2
skipped: {}
top sources: [ [ 'shopify', 67226 ] ]
[2026-06-06T00:44:23.990Z] deep cycle 2553: 80 domains → 7 hit → 23942 deep products → /paperclip/instances/default/workspaces/3ec8f6dd-1735-4479-9825-a2c42edac34c/data/buy30590_deep/deep-cycle-2553-2026-06-06T00-43-44-676Z.ndjson
[2026-06-06T00:45:53.387Z] deep cycle 2553 ingest: exit=0 89.4s === STREAM INGEST DONE ===
files=1 lines=23942 valid=23942 written=23942 errors=0
skipped: {}
top sources: [ [ 'shopify', 23942 ] ]
[2026-06-06T00:46:41.879Z] deep cycle 2554: 80 domains → 6 hit → 29374 deep products → /paperclip/instances/default/workspaces/3ec8f6dd-1735-4479-9825-a2c42edac34c/data/buy30590_deep/deep-cycle-2554-2026-06-06T00-45-58-392Z.ndjson
[2026-06-06T00:49:38.827Z] deep cycle 2554 ingest: exit=0 176.9s === STREAM INGEST DONE ===
files=1 lines=29374 valid=29374 written=29374 errors=0
skipped: {}
top sources: [ [ 'shopify', 29374 ] ]
[2026-06-06T00:50:42.890Z] deep cycle 2555: 80 domains → 6 hit → 36217 deep products → /paperclip/instances/default/workspaces/3ec8f6dd-1735-4479-9825-a2c42edac34c/data/buy30590_deep/deep-cycle-2555-2026-06-06T00-49-43-831Z.ndjson
[2026-06-06T00:53:30.472Z] deep cycle 2555 ingest: exit=0 167.6s === STREAM INGEST DONE ===
files=1 lines=36217 valid=36217 written=36217 errors=0
skipped: {}
top sources: [ [ 'shopify', 36217 ] ]
[2026-06-06T00:53:41.405Z] deep cycle 2556: 80 domains → 1 hit → 3766 deep products → /paperclip/instances/default/workspaces/3ec8f6dd-1735-4479-9825-a2c42edac34c/data/buy30590_deep/deep-cycle-2556-2026-06-06T00-53-35-477Z.ndjson
[2026-06-06T00:54:06.452Z] deep cycle 2556 ingest: exit=0 25.0s === STREAM INGEST DONE ===
files=1 lines=3766 valid=3766 written=3766 errors=0
skipped: {}
top sources: [ [ 'shopify', 3766 ] ]
[2026-06-06T00:54:11.731Z] deep cycle 2557: 80 domains → 0 hit → 0 deep products → /paperclip/instances/default/workspaces/3ec8f6dd-1735-4479-9825-a2c42edac34c/data/buy30590_deep/deep-cycle-2557-2026-06-06T00-54-11-457Z.ndjson
[2026-06-06T00:56:14.426Z] deep cycle 2558: 80 domains → 33 hit → 128228 deep products → /paperclip/instances/default/workspaces/3ec8f6dd-1735-4479-9825-a2c42edac34c/data/buy30590_deep/deep-cycle-2558-2026-06-06T00-54-16-733Z.ndjson
[2026-06-06T01:13:33.747Z] deep cycle 2558 ingest: exit=0 1039.3s === STREAM INGEST DONE ===
files=1 lines=128228 valid=128228 written=127228 errors=2
skipped: {}
top sources: [ [ 'shopify', 128228 ] ]
[2026-06-06T01:14:48.178Z] deep cycle 2559: 80 domains → 19 hit → 82668 deep products → /paperclip/instances/default/workspaces/3ec8f6dd-1735-4479-9825-a2c42edac34c/data/buy30590_deep/deep-cycle-2559-2026-06-06T01-13-38-750Z.ndjson
[2026-06-06T01:29:23.212Z] deep cycle 2559 ingest: exit=0 875.0s === STREAM INGEST DONE ===
files=1 lines=82668 valid=82668 written=81668 errors=2
skipped: {}
top sources: [ [ 'shopify', 82668 ] ]
[2026-06-06T01:31:49.720Z] deep cycle 2560: 80 domains → 31 hit → 195137 deep products → /paperclip/instances/default/workspaces/3ec8f6dd-1735-4479-9825-a2c42edac34c/data/buy30590_deep/deep-cycle-2560-2026-06-06T01-29-28-215Z.ndjson
[2026-06-06T01:43:08.601Z] deep cycle 2560 ingest: exit=0 678.9s === STREAM INGEST DONE ===
files=1 lines=195137 valid=195137 written=194637 errors=1
skipped: {}
top sources: [ [ 'shopify', 195137 ] ]
[2026-06-06T01:46:48.497Z] deep cycle 2561: 80 domains → 35 hit → 241246 deep products → /paperclip/instances/default/workspaces/3ec8f6dd-1735-4479-9825-a2c42edac34c/data/buy30590_deep/deep-cycle-2561-2026-06-06T01-43-13-655Z.ndjson
[2026-06-06T01:48:02.002Z] deep cycle 2561 ingest: exit=0 73.5s === STREAM INGEST DONE ===
files=1 lines=241246 valid=241246 written=241246 errors=0
skipped: {}
top sources: [ [ 'shopify', 241246 ] ]
[2026-06-06T01:49:44.839Z] deep cycle 2562: 80 domains → 23 hit → 77051 deep products → /paperclip/instances/default/workspaces/3ec8f6dd-1735-4479-9825-a2c42edac34c/data/buy30590_deep/deep-cycle-2562-2026-06-06T01-48-07-007Z.ndjson
[2026-06-06T01:50:08.858Z] deep cycle 2562 ingest: exit=0 24.0s === STREAM INGEST DONE ===
files=1 lines=77051 valid=77051 written=77051 errors=0
skipped: {}
top sources: [ [ 'shopify', 77051 ] ]
[2026-06-06T01:50:27.964Z] deep cycle 2563: 80 domains → 12 hit → 46236 deep products → /paperclip/instances/default/workspaces/3ec8f6dd-1735-4479-9825-a2c42edac34c/data/buy30590_deep/deep-cycle-2563-2026-06-06T01-50-13-865Z.ndjson
[2026-06-06T01:50:37.618Z] deep cycle 2563 ingest: exit=0 9.7s === STREAM INGEST DONE ===
files=1 lines=46236 valid=46236 written=46236 errors=0
skipped: {}
top sources: [ [ 'shopify', 46236 ] ]
[2026-06-06T01:50:42.911Z] deep cycle 2564: 80 domains → 0 hit → 0 deep products → /paperclip/instances/default/workspaces/3ec8f6dd-1735-4479-9825-a2c42edac34c/data/buy30590_deep/deep-cycle-2564-2026-06-06T01-50-42-620Z.ndjson
[2026-06-06T01:50:50.550Z] deep cycle 2565: 80 domains → 0 hit → 0 deep products → /paperclip/instances/default/workspaces/3ec8f6dd-1735-4479-9825-a2c42edac34c/data/buy30590_deep/deep-cycle-2565-2026-06-06T01-50-47-914Z.ndjson
[2026-06-06T01:51:00.059Z] deep cycle 2566: 80 domains → 0 hit → 0 deep products → /paperclip/instances/default/workspaces/3ec8f6dd-1735-4479-9825-a2c42edac34c/data/buy30590_deep/deep-cycle-2566-2026-06-06T01-50-55-552Z.ndjson
[2026-06-06T01:51:07.250Z] deep cycle 2567: 80 domains → 0 hit → 0 deep products → /paperclip/instances/default/workspaces/3ec8f6dd-1735-4479-9825-a2c42edac34c/data/buy30590_deep/deep-cycle-2567-2026-06-06T01-51-05-065Z.ndjson
[2026-06-06T01:51:14.868Z] deep cycle 2568: 80 domains → 0 hit → 0 deep products → /paperclip/instances/default/workspaces/3ec8f6dd-1735-4479-9825-a2c42edac34c/data/buy30590_deep/deep-cycle-2568-2026-06-06T01-51-12-255Z.ndjson
[2026-06-06T01:51:23.248Z] deep cycle 2569: 80 domains → 0 hit → 0 deep products → /paperclip/instances/default/workspaces/3ec8f6dd-1735-4479-9825-a2c42edac34c/data/buy30590_deep/deep-cycle-2569-2026-06-06T01-51-19-870Z.ndjson
[2026-06-06T01:51:30.235Z] deep cycle 2570: 80 domains → 0 hit → 0 deep products → /paperclip/instances/default/workspaces/3ec8f6dd-1735-4479-9825-a2c42edac34c/data/buy30590_deep/deep-cycle-2570-2026-06-06T01-51-28-250Z.ndjson
[2026-06-06T01:51:47.463Z] deep cycle 2571: 80 domains → 0 hit → 0 deep products → /paperclip/instances/default/workspaces/3ec8f6dd-1735-4479-9825-a2c42edac34c/data/buy30590_deep/deep-cycle-2571-2026-06-06T01-51-35-242Z.ndjson
[2026-06-06T01:51:54.922Z] deep cycle 2572: 80 domains → 0 hit → 0 deep products → /paperclip/instances/default/workspaces/3ec8f6dd-1735-4479-9825-a2c42edac34c/data/buy30590_deep/deep-cycle-2572-2026-06-06T01-51-52-469Z.ndjson
[2026-06-06T01:52:03.117Z] deep cycle 2573: 80 domains → 0 hit → 0 deep products → /paperclip/instances/default/workspaces/3ec8f6dd-1735-4479-9825-a2c42edac34c/data/buy30590_deep/deep-cycle-2573-2026-06-06T01-51-59-928Z.ndjson
[2026-06-06T01:52:11.609Z] deep cycle 2574: 80 domains → 0 hit → 0 deep products → /paperclip/instances/default/workspaces/3ec8f6dd-1735-4479-9825-a2c42edac34c/data/buy30590_deep/deep-cycle-2574-2026-06-06T01-52-08-121Z.ndjson
[2026-06-06T01:52:18.501Z] deep cycle 2575: 80 domains → 0 hit → 0 deep products → /paperclip/instances/default/workspaces/3ec8f6dd-1735-4479-9825-a2c42edac34c/data/buy30590_deep/deep-cycle-2575-2026-06-06T01-52-16-615Z.ndjson
[2026-06-06T01:52:26.337Z] deep cycle 2576: 80 domains → 0 hit → 0 deep products → /paperclip/instances/default/workspaces/3ec8f6dd-1735-4479-9825-a2c42edac34c/data/buy30590_deep/deep-cycle-2576-2026-06-06T01-52-23-505Z.ndjson
[2026-06-06T01:52:34.940Z] deep cycle 2577: 80 domains → 0 hit → 0 deep products → /paperclip/instances/default/workspaces/3ec8f6dd-1735-4479-9825-a2c42edac34c/data/buy30590_deep/deep-cycle-2577-2026-06-06T01-52-31-341Z.ndjson
[2026-06-06T01:52:43.006Z] deep cycle 2578: 80 domains → 0 hit → 0 deep products → /paperclip/instances/default/workspaces/3ec8f6dd-1735-4479-9825-a2c42edac34c/data/buy30590_deep/deep-cycle-2578-2026-06-06T01-52-39-945Z.ndjson
[2026-06-06T01:52:59.524Z] deep cycle 2579: 80 domains → 0 hit → 0 deep products → /paperclip/instances/default/workspaces/3ec8f6dd-1735-4479-9825-a2c42edac34c/data/buy30590_deep/deep-cycle-2579-2026-06-06T01-52-48-011Z.ndjson
[2026-06-06T01:53:07.192Z] deep cycle 2580: 80 domains → 0 hit → 0 deep products → /paperclip/instances/default/workspaces/3ec8f6dd-1735-4479-9825-a2c42edac34c/data/buy30590_deep/deep-cycle-2580-2026-06-06T01-53-04-526Z.ndjson
[2026-06-06T01:53:16.538Z] deep cycle 2581: 80 domains → 0 hit → 0 deep products → /paperclip/instances/default/workspaces/3ec8f6dd-1735-4479-9825-a2c42edac34c/data/buy30590_deep/deep-cycle-2581-2026-06-06T01-53-12-194Z.ndjson
[2026-06-06T01:53:23.942Z] deep cycle 2582: 80 domains → 0 hit → 0 deep products → /paperclip/instances/default/workspaces/3ec8f6dd-1735-4479-9825-a2c42edac34c/data/buy30590_deep/deep-cycle-2582-2026-06-06T01-53-21-543Z.ndjson
[2026-06-06T01:53:31.139Z] deep cycle 2583: 80 domains → 0 hit → 0 deep products → /paperclip/instances/default/workspaces/3ec8f6dd-1735-4479-9825-a2c42edac34c/data/buy30590_deep/deep-cycle-2583-2026-06-06T01-53-28-946Z.ndjson
[2026-06-06T01:53:44.461Z] deep cycle 2584: 80 domains → 0 hit → 0 deep products → /paperclip/instances/default/workspaces/3ec8f6dd-1735-4479-9825-a2c42edac34c/data/buy30590_deep/deep-cycle-2584-2026-06-06T01-53-36-144Z.ndjson
[2026-06-06T01:54:00.505Z] deep cycle 2585: 80 domains → 1 hit → 3000 deep products → /paperclip/instances/default/workspaces/3ec8f6dd-1735-4479-9825-a2c42edac34c/data/buy30590_deep/deep-cycle-2585-2026-06-06T01-53-49-465Z.ndjson
[2026-06-06T01:54:32.773Z] deep cycle 2585 ingest: exit=0 32.3s === STREAM INGEST DONE ===
files=1 lines=3000 valid=3000 written=3000 errors=0
skipped: {}
top sources: [ [ 'shopify', 3000 ] ]
[2026-06-06T01:54:41.499Z] deep cycle 2586: 80 domains → 0 hit → 0 deep products → /paperclip/instances/default/workspaces/3ec8f6dd-1735-4479-9825-a2c42edac34c/data/buy30590_deep/deep-cycle-2586-2026-06-06T01-54-37-784Z.ndjson
[2026-06-06T01:54:49.190Z] deep cycle 2587: 80 domains → 0 hit → 0 deep products → /paperclip/instances/default/workspaces/3ec8f6dd-1735-4479-9825-a2c42edac34c/data/buy30590_deep/deep-cycle-2587-2026-06-06T01-54-46-505Z.ndjson
[2026-06-06T01:54:57.194Z] deep cycle 2588: 80 domains → 0 hit → 0 deep products → /paperclip/instances/default/workspaces/3ec8f6dd-1735-4479-9825-a2c42edac34c/data/buy30590_deep/deep-cycle-2588-2026-06-06T01-54-54-195Z.ndjson
[2026-06-06T01:55:28.852Z] loaded 15747 candidate domains for deep-page
[2026-06-06T01:55:28.854Z] starting at cursor=2909, cycle=2588
[2026-06-06T01:55:30.980Z] deep cycle 2589: 80 domains → 0 hit → 0 deep products → /paperclip/instances/default/workspaces/3ec8f6dd-1735-4479-9825-a2c42edac34c/data/buy30590_deep/deep-cycle-2589-2026-06-06T01-55-28-855Z.ndjson
[2026-06-06T01:55:37.788Z] deep cycle 2590: 80 domains → 0 hit → 0 deep products → /paperclip/instances/default/workspaces/3ec8f6dd-1735-4479-9825-a2c42edac34c/data/buy30590_deep/deep-cycle-2590-2026-06-06T01-55-35-984Z.ndjson
[2026-06-06T01:55:44.358Z] deep cycle 2591: 80 domains → 0 hit → 0 deep products → /paperclip/instances/default/workspaces/3ec8f6dd-1735-4479-9825-a2c42edac34c/data/buy30590_deep/deep-cycle-2591-2026-06-06T01-55-42-792Z.ndjson
[2026-06-06T01:55:51.215Z] deep cycle 2592: 80 domains → 0 hit → 0 deep products → /paperclip/instances/default/workspaces/3ec8f6dd-1735-4479-9825-a2c42edac34c/data/buy30590_deep/deep-cycle-2592-2026-06-06T01-55-49-362Z.ndjson
[2026-06-06T01:55:58.266Z] deep cycle 2593: 80 domains → 0 hit → 0 deep products → /paperclip/instances/default/workspaces/3ec8f6dd-1735-4479-9825-a2c42edac34c/data/buy30590_deep/deep-cycle-2593-2026-06-06T01-55-56-217Z.ndjson
[2026-06-06T01:56:04.800Z] deep cycle 2594: 80 domains → 0 hit → 0 deep products → /paperclip/instances/default/workspaces/3ec8f6dd-1735-4479-9825-a2c42edac34c/data/buy30590_deep/deep-cycle-2594-2026-06-06T01-56-03-272Z.ndjson
[2026-06-06T01:56:11.633Z] deep cycle 2595: 80 domains → 0 hit → 0 deep products → /paperclip/instances/default/workspaces/3ec8f6dd-1735-4479-9825-a2c42edac34c/data/buy30590_deep/deep-cycle-2595-2026-06-06T01-56-09-805Z.ndjson
[2026-06-06T01:56:18.907Z] deep cycle 2596: 80 domains → 0 hit → 0 deep products → /paperclip/instances/default/workspaces/3ec8f6dd-1735-4479-9825-a2c42edac34c/data/buy30590_deep/deep-cycle-2596-2026-06-06T01-56-16-638Z.ndjson
[2026-06-06T01:56:26.036Z] deep cycle 2597: 80 domains → 0 hit → 0 deep products → /paperclip/instances/default/workspaces/3ec8f6dd-1735-4479-9825-a2c42edac34c/data/buy30590_deep/deep-cycle-2597-2026-06-06T01-56-23-912Z.ndjson
[2026-06-06T01:56:32.745Z] deep cycle 2598: 80 domains → 0 hit → 0 deep products → /paperclip/instances/default/workspaces/3ec8f6dd-1735-4479-9825-a2c42edac34c/data/buy30590_deep/deep-cycle-2598-2026-06-06T01-56-31-040Z.ndjson
[2026-06-06T01:56:39.631Z] deep cycle 2599: 80 domains → 0 hit → 0 deep products → /paperclip/instances/default/workspaces/3ec8f6dd-1735-4479-9825-a2c42edac34c/data/buy30590_deep/deep-cycle-2599-2026-06-06T01-56-37-749Z.ndjson
[2026-06-06T01:56:46.141Z] deep cycle 2600: 80 domains → 0 hit → 0 deep products → /paperclip/instances/default/workspaces/3ec8f6dd-1735-4479-9825-a2c42edac34c/data/buy30590_deep/deep-cycle-2600-2026-06-06T01-56-44-635Z.ndjson
[2026-06-06T01:56:53.780Z] deep cycle 2601: 80 domains → 0 hit → 0 deep products → /paperclip/instances/default/workspaces/3ec8f6dd-1735-4479-9825-a2c42edac34c/data/buy30590_deep/deep-cycle-2601-2026-06-06T01-56-51-148Z.ndjson
[2026-06-06T01:57:11.419Z] deep cycle 2602: 80 domains → 0 hit → 0 deep products → /paperclip/instances/default/workspaces/3ec8f6dd-1735-4479-9825-a2c42edac34c/data/buy30590_deep/deep-cycle-2602-2026-06-06T01-56-58-784Z.ndjson
[2026-06-06T01:57:18.913Z] deep cycle 2603: 80 domains → 0 hit → 0 deep products → /paperclip/instances/default/workspaces/3ec8f6dd-1735-4479-9825-a2c42edac34c/data/buy30590_deep/deep-cycle-2603-2026-06-06T01-57-16-424Z.ndjson
[2026-06-06T01:57:34.572Z] deep cycle 2604: 80 domains → 1 hit → 4250 deep products → /paperclip/instances/default/workspaces/3ec8f6dd-1735-4479-9825-a2c42edac34c/data/buy30590_deep/deep-cycle-2604-2026-06-06T01-57-23-939Z.ndjson
[2026-06-06T02:07:35.143Z] deep cycle 2604 ingest: exit=0 600.6s === STREAM INGEST DONE ===
files=1 lines=4250 valid=4250 written=3750 errors=1
skipped: {}
top sources: [ [ 'shopify', 4250 ] ]
[2026-06-06T02:08:29.650Z] deep cycle 2605: 80 domains → 4 hit → 40786 deep products → /paperclip/instances/default/workspaces/3ec8f6dd-1735-4479-9825-a2c42edac34c/data/buy30590_deep/deep-cycle-2605-2026-06-06T02-07-40-153Z.ndjson
[2026-06-06T02:18:30.040Z] deep cycle 2605 ingest: exit=1 600.4s 
[2026-06-06T02:18:51.426Z] deep cycle 2606: 80 domains → 22 hit → 21726 deep products → /paperclip/instances/default/workspaces/3ec8f6dd-1735-4479-9825-a2c42edac34c/data/buy30590_deep/deep-cycle-2606-2026-06-06T02-18-35-064Z.ndjson
[2026-06-06T02:27:51.290Z] deep cycle 2606 ingest: exit=0 539.8s === STREAM INGEST DONE ===
files=1 lines=21726 valid=21726 written=21726 errors=0
skipped: {}
top sources: [ [ 'shopify', 21726 ] ]
[2026-06-06T02:28:13.227Z] deep cycle 2607: 80 domains → 5 hit → 8548 deep products → /paperclip/instances/default/workspaces/3ec8f6dd-1735-4479-9825-a2c42edac34c/data/buy30590_deep/deep-cycle-2607-2026-06-06T02-27-56-350Z.ndjson
[2026-06-06T02:38:28.227Z] deep cycle 2607 ingest: exit=0 615.0s === STREAM INGEST DONE ===
files=1 lines=8548 valid=8548 written=7548 errors=2
skipped: {}
top sources: [ [ 'shopify', 8548 ] ]
[2026-06-06T02:39:28.971Z] deep cycle 2608: 80 domains → 8 hit → 18907 deep products → /paperclip/instances/default/workspaces/3ec8f6dd-1735-4479-9825-a2c42edac34c/data/buy30590_deep/deep-cycle-2608-2026-06-06T02-38-33-261Z.ndjson
[2026-06-06T02:40:12.096Z] deep cycle 2608 ingest: exit=0 43.1s === STREAM INGEST DONE ===
files=1 lines=18907 valid=18907 written=18907 errors=0
skipped: {}
top sources: [ [ 'shopify', 18907 ] ]
[2026-06-06T02:41:34.265Z] deep cycle 2609: 80 domains → 7 hit → 37665 deep products → /paperclip/instances/default/workspaces/3ec8f6dd-1735-4479-9825-a2c42edac34c/data/buy30590_deep/deep-cycle-2609-2026-06-06T02-40-17-099Z.ndjson
[2026-06-06T02:45:46.375Z] deep cycle 2609 ingest: exit=0 252.1s === STREAM INGEST DONE ===
files=1 lines=37665 valid=37665 written=37665 errors=0
skipped: {}
top sources: [ [ 'shopify', 37665 ] ]
[2026-06-06T02:48:07.700Z] deep cycle 2610: 80 domains → 17 hit → 77745 deep products → /paperclip/instances/default/workspaces/3ec8f6dd-1735-4479-9825-a2c42edac34c/data/buy30590_deep/deep-cycle-2610-2026-06-06T02-45-51-388Z.ndjson
[2026-06-06T02:52:46.200Z] deep cycle 2610 ingest: exit=0 278.5s === STREAM INGEST DONE ===
files=1 lines=77745 valid=77745 written=77745 errors=0
skipped: {}
top sources: [ [ 'shopify', 77745 ] ]
[2026-06-06T02:53:02.488Z] deep cycle 2611: 80 domains → 0 hit → 0 deep products → /paperclip/instances/default/workspaces/3ec8f6dd-1735-4479-9825-a2c42edac34c/data/buy30590_deep/deep-cycle-2611-2026-06-06T02-52-51-207Z.ndjson
[2026-06-06T02:53:18.478Z] deep cycle 2612: 80 domains → 0 hit → 0 deep products → /paperclip/instances/default/workspaces/3ec8f6dd-1735-4479-9825-a2c42edac34c/data/buy30590_deep/deep-cycle-2612-2026-06-06T02-53-07-496Z.ndjson
[2026-06-06T02:53:24.649Z] deep cycle 2613: 80 domains → 0 hit → 0 deep products → /paperclip/instances/default/workspaces/3ec8f6dd-1735-4479-9825-a2c42edac34c/data/buy30590_deep/deep-cycle-2613-2026-06-06T02-53-23-483Z.ndjson
[2026-06-06T02:53:30.601Z] deep cycle 2614: 80 domains → 0 hit → 0 deep products → /paperclip/instances/default/workspaces/3ec8f6dd-1735-4479-9825-a2c42edac34c/data/buy30590_deep/deep-cycle-2614-2026-06-06T02-53-29-654Z.ndjson
[2026-06-06T02:53:36.951Z] deep cycle 2615: 80 domains → 0 hit → 0 deep products → /paperclip/instances/default/workspaces/3ec8f6dd-1735-4479-9825-a2c42edac34c/data/buy30590_deep/deep-cycle-2615-2026-06-06T02-53-35-605Z.ndjson
[2026-06-06T02:53:43.899Z] deep cycle 2616: 80 domains → 0 hit → 0 deep products → /paperclip/instances/default/workspaces/3ec8f6dd-1735-4479-9825-a2c42edac34c/data/buy30590_deep/deep-cycle-2616-2026-06-06T02-53-41-956Z.ndjson
[2026-06-06T02:53:51.127Z] deep cycle 2617: 80 domains → 0 hit → 0 deep products → /paperclip/instances/default/workspaces/3ec8f6dd-1735-4479-9825-a2c42edac34c/data/buy30590_deep/deep-cycle-2617-2026-06-06T02-53-48-905Z.ndjson
[2026-06-06T02:53:57.759Z] deep cycle 2618: 80 domains → 0 hit → 0 deep products → /paperclip/instances/default/workspaces/3ec8f6dd-1735-4479-9825-a2c42edac34c/data/buy30590_deep/deep-cycle-2618-2026-06-06T02-53-56-132Z.ndjson
[2026-06-06T02:54:04.606Z] deep cycle 2619: 80 domains → 0 hit → 0 deep products → /paperclip/instances/default/workspaces/3ec8f6dd-1735-4479-9825-a2c42edac34c/data/buy30590_deep/deep-cycle-2619-2026-06-06T02-54-02-761Z.ndjson
[2026-06-06T02:54:10.638Z] deep cycle 2620: 80 domains → 0 hit → 0 deep products → /paperclip/instances/default/workspaces/3ec8f6dd-1735-4479-9825-a2c42edac34c/data/buy30590_deep/deep-cycle-2620-2026-06-06T02-54-09-607Z.ndjson
[2026-06-06T02:54:17.587Z] deep cycle 2621: 80 domains → 0 hit → 0 deep products → /paperclip/instances/default/workspaces/3ec8f6dd-1735-4479-9825-a2c42edac34c/data/buy30590_deep/deep-cycle-2621-2026-06-06T02-54-15-643Z.ndjson
[2026-06-06T02:54:24.505Z] deep cycle 2622: 80 domains → 0 hit → 0 deep products → /paperclip/instances/default/workspaces/3ec8f6dd-1735-4479-9825-a2c42edac34c/data/buy30590_deep/deep-cycle-2622-2026-06-06T02-54-22-591Z.ndjson
[2026-06-06T02:54:31.176Z] deep cycle 2623: 80 domains → 0 hit → 0 deep products → /paperclip/instances/default/workspaces/3ec8f6dd-1735-4479-9825-a2c42edac34c/data/buy30590_deep/deep-cycle-2623-2026-06-06T02-54-29-509Z.ndjson
[2026-06-06T02:54:38.042Z] deep cycle 2624: 80 domains → 0 hit → 0 deep products → /paperclip/instances/default/workspaces/3ec8f6dd-1735-4479-9825-a2c42edac34c/data/buy30590_deep/deep-cycle-2624-2026-06-06T02-54-36-178Z.ndjson
[2026-06-06T02:54:44.222Z] deep cycle 2625: 80 domains → 0 hit → 0 deep products → /paperclip/instances/default/workspaces/3ec8f6dd-1735-4479-9825-a2c42edac34c/data/buy30590_deep/deep-cycle-2625-2026-06-06T02-54-43-044Z.ndjson
[2026-06-06T02:54:50.398Z] deep cycle 2626: 80 domains → 0 hit → 0 deep products → /paperclip/instances/default/workspaces/3ec8f6dd-1735-4479-9825-a2c42edac34c/data/buy30590_deep/deep-cycle-2626-2026-06-06T02-54-49-227Z.ndjson
[2026-06-06T02:55:16.402Z] deep cycle 2627: 80 domains → 0 hit → 0 deep products → /paperclip/instances/default/workspaces/3ec8f6dd-1735-4479-9825-a2c42edac34c/data/buy30590_deep/deep-cycle-2627-2026-06-06T02-54-55-403Z.ndjson
[2026-06-06T02:55:35.418Z] deep cycle 2628: 80 domains → 0 hit → 0 deep products → /paperclip/instances/default/workspaces/3ec8f6dd-1735-4479-9825-a2c42edac34c/data/buy30590_deep/deep-cycle-2628-2026-06-06T02-55-21-405Z.ndjson
[2026-06-06T02:55:41.656Z] deep cycle 2629: 80 domains → 0 hit → 0 deep products → /paperclip/instances/default/workspaces/3ec8f6dd-1735-4479-9825-a2c42edac34c/data/buy30590_deep/deep-cycle-2629-2026-06-06T02-55-40-422Z.ndjson
[2026-06-06T02:55:48.086Z] deep cycle 2630: 80 domains → 0 hit → 0 deep products → /paperclip/instances/default/workspaces/3ec8f6dd-1735-4479-9825-a2c42edac34c/data/buy30590_deep/deep-cycle-2630-2026-06-06T02-55-46-661Z.ndjson
[2026-06-06T02:56:01.140Z] deep cycle 2631: 80 domains → 1 hit → 2975 deep products → /paperclip/instances/default/workspaces/3ec8f6dd-1735-4479-9825-a2c42edac34c/data/buy30590_deep/deep-cycle-2631-2026-06-06T02-55-53-090Z.ndjson
[2026-06-06T02:56:01.686Z] deep cycle 2631 ingest: exit=0 0.5s === STREAM INGEST DONE ===
files=1 lines=2975 valid=2975 written=2975 errors=0
skipped: {}
top sources: [ [ 'shopify', 2975 ] ]
[2026-06-06T02:56:08.520Z] deep cycle 2632: 80 domains → 0 hit → 0 deep products → /paperclip/instances/default/workspaces/3ec8f6dd-1735-4479-9825-a2c42edac34c/data/buy30590_deep/deep-cycle-2632-2026-06-06T02-56-06-687Z.ndjson
[2026-06-06T02:56:15.405Z] deep cycle 2633: 80 domains → 0 hit → 0 deep products → /paperclip/instances/default/workspaces/3ec8f6dd-1735-4479-9825-a2c42edac34c/data/buy30590_deep/deep-cycle-2633-2026-06-06T02-56-13-525Z.ndjson
[2026-06-06T02:56:22.902Z] deep cycle 2634: 80 domains → 0 hit → 0 deep products → /paperclip/instances/default/workspaces/3ec8f6dd-1735-4479-9825-a2c42edac34c/data/buy30590_deep/deep-cycle-2634-2026-06-06T02-56-20-410Z.ndjson
[2026-06-06T02:56:29.545Z] deep cycle 2635: 80 domains → 0 hit → 0 deep products → /paperclip/instances/default/workspaces/3ec8f6dd-1735-4479-9825-a2c42edac34c/data/buy30590_deep/deep-cycle-2635-2026-06-06T02-56-27-904Z.ndjson
[2026-06-06T02:56:36.361Z] deep cycle 2636: 80 domains → 0 hit → 0 deep products → /paperclip/instances/default/workspaces/3ec8f6dd-1735-4479-9825-a2c42edac34c/data/buy30590_deep/deep-cycle-2636-2026-06-06T02-56-34-550Z.ndjson
[2026-06-06T02:56:42.624Z] deep cycle 2637: 80 domains → 0 hit → 0 deep products → /paperclip/instances/default/workspaces/3ec8f6dd-1735-4479-9825-a2c42edac34c/data/buy30590_deep/deep-cycle-2637-2026-06-06T02-56-41-364Z.ndjson
[2026-06-06T02:56:48.944Z] deep cycle 2638: 80 domains → 0 hit → 0 deep products → /paperclip/instances/default/workspaces/3ec8f6dd-1735-4479-9825-a2c42edac34c/data/buy30590_deep/deep-cycle-2638-2026-06-06T02-56-47-627Z.ndjson
[2026-06-06T02:56:57.055Z] deep cycle 2639: 80 domains → 0 hit → 0 deep products → /paperclip/instances/default/workspaces/3ec8f6dd-1735-4479-9825-a2c42edac34c/data/buy30590_deep/deep-cycle-2639-2026-06-06T02-56-53-948Z.ndjson
[2026-06-06T02:57:03.488Z] deep cycle 2640: 80 domains → 0 hit → 0 deep products → /paperclip/instances/default/workspaces/3ec8f6dd-1735-4479-9825-a2c42edac34c/data/buy30590_deep/deep-cycle-2640-2026-06-06T02-57-02-059Z.ndjson
[2026-06-06T02:57:09.848Z] deep cycle 2641: 80 domains → 0 hit → 0 deep products → /paperclip/instances/default/workspaces/3ec8f6dd-1735-4479-9825-a2c42edac34c/data/buy30590_deep/deep-cycle-2641-2026-06-06T02-57-08-489Z.ndjson
[2026-06-06T02:57:16.440Z] deep cycle 2642: 80 domains → 0 hit → 0 deep products → /paperclip/instances/default/workspaces/3ec8f6dd-1735-4479-9825-a2c42edac34c/data/buy30590_deep/deep-cycle-2642-2026-06-06T02-57-14-850Z.ndjson
[2026-06-06T02:57:23.475Z] deep cycle 2643: 80 domains → 0 hit → 0 deep products → /paperclip/instances/default/workspaces/3ec8f6dd-1735-4479-9825-a2c42edac34c/data/buy30590_deep/deep-cycle-2643-2026-06-06T02-57-21-445Z.ndjson
[2026-06-06T02:57:30.619Z] deep cycle 2644: 80 domains → 1 hit → 250 deep products → /paperclip/instances/default/workspaces/3ec8f6dd-1735-4479-9825-a2c42edac34c/data/buy30590_deep/deep-cycle-2644-2026-06-06T02-57-28-479Z.ndjson
[2026-06-06T02:57:31.005Z] deep cycle 2644 ingest: exit=0 0.4s === STREAM INGEST DONE ===
files=1 lines=250 valid=250 written=250 errors=0
skipped: {}
top sources: [ [ 'shopify', 250 ] ]
[2026-06-06T02:57:37.403Z] deep cycle 2645: 80 domains → 0 hit → 0 deep products → /paperclip/instances/default/workspaces/3ec8f6dd-1735-4479-9825-a2c42edac34c/data/buy30590_deep/deep-cycle-2645-2026-06-06T02-57-36-007Z.ndjson
[2026-06-06T02:57:53.636Z] deep cycle 2646: 80 domains → 0 hit → 0 deep products → /paperclip/instances/default/workspaces/3ec8f6dd-1735-4479-9825-a2c42edac34c/data/buy30590_deep/deep-cycle-2646-2026-06-06T02-57-42-406Z.ndjson
[2026-06-06T02:58:02.121Z] deep cycle 2647: 80 domains → 0 hit → 0 deep products → /paperclip/instances/default/workspaces/3ec8f6dd-1735-4479-9825-a2c42edac34c/data/buy30590_deep/deep-cycle-2647-2026-06-06T02-57-58-643Z.ndjson
[2026-06-06T02:58:08.821Z] deep cycle 2648: 80 domains → 0 hit → 0 deep products → /paperclip/instances/default/workspaces/3ec8f6dd-1735-4479-9825-a2c42edac34c/data/buy30590_deep/deep-cycle-2648-2026-06-06T02-58-07-126Z.ndjson
[2026-06-06T02:58:14.687Z] deep cycle 2649: 80 domains → 0 hit → 0 deep products → /paperclip/instances/default/workspaces/3ec8f6dd-1735-4479-9825-a2c42edac34c/data/buy30590_deep/deep-cycle-2649-2026-06-06T02-58-13-827Z.ndjson
[2026-06-06T02:58:21.201Z] deep cycle 2650: 80 domains → 0 hit → 0 deep products → /paperclip/instances/default/workspaces/3ec8f6dd-1735-4479-9825-a2c42edac34c/data/buy30590_deep/deep-cycle-2650-2026-06-06T02-58-19-692Z.ndjson
[2026-06-06T02:58:29.420Z] deep cycle 2651: 80 domains → 0 hit → 0 deep products → /paperclip/instances/default/workspaces/3ec8f6dd-1735-4479-9825-a2c42edac34c/data/buy30590_deep/deep-cycle-2651-2026-06-06T02-58-26-205Z.ndjson
[2026-06-06T02:58:36.261Z] deep cycle 2652: 80 domains → 0 hit → 0 deep products → /paperclip/instances/default/workspaces/3ec8f6dd-1735-4479-9825-a2c42edac34c/data/buy30590_deep/deep-cycle-2652-2026-06-06T02-58-34-424Z.ndjson
[2026-06-06T02:58:42.735Z] deep cycle 2653: 80 domains → 0 hit → 0 deep products → /paperclip/instances/default/workspaces/3ec8f6dd-1735-4479-9825-a2c42edac34c/data/buy30590_deep/deep-cycle-2653-2026-06-06T02-58-41-267Z.ndjson
[2026-06-06T02:58:49.396Z] deep cycle 2654: 80 domains → 0 hit → 0 deep products → /paperclip/instances/default/workspaces/3ec8f6dd-1735-4479-9825-a2c42edac34c/data/buy30590_deep/deep-cycle-2654-2026-06-06T02-58-47-740Z.ndjson
[2026-06-06T02:58:55.563Z] deep cycle 2655: 80 domains → 0 hit → 0 deep products → /paperclip/instances/default/workspaces/3ec8f6dd-1735-4479-9825-a2c42edac34c/data/buy30590_deep/deep-cycle-2655-2026-06-06T02-58-54-398Z.ndjson
[2026-06-06T02:59:01.574Z] deep cycle 2656: 80 domains → 0 hit → 0 deep products → /paperclip/instances/default/workspaces/3ec8f6dd-1735-4479-9825-a2c42edac34c/data/buy30590_deep/deep-cycle-2656-2026-06-06T02-59-00-566Z.ndjson
[2026-06-06T02:59:07.504Z] deep cycle 2657: 80 domains → 0 hit → 0 deep products → /paperclip/instances/default/workspaces/3ec8f6dd-1735-4479-9825-a2c42edac34c/data/buy30590_deep/deep-cycle-2657-2026-06-06T02-59-06-578Z.ndjson
[2026-06-06T02:59:13.675Z] deep cycle 2658: 80 domains → 0 hit → 0 deep products → /paperclip/instances/default/workspaces/3ec8f6dd-1735-4479-9825-a2c42edac34c/data/buy30590_deep/deep-cycle-2658-2026-06-06T02-59-12-510Z.ndjson
[2026-06-06T02:59:19.977Z] deep cycle 2659: 80 domains → 0 hit → 0 deep products → /paperclip/instances/default/workspaces/3ec8f6dd-1735-4479-9825-a2c42edac34c/data/buy30590_deep/deep-cycle-2659-2026-06-06T02-59-18-683Z.ndjson
[2026-06-06T02:59:26.395Z] deep cycle 2660: 80 domains → 0 hit → 0 deep products → /paperclip/instances/default/workspaces/3ec8f6dd-1735-4479-9825-a2c42edac34c/data/buy30590_deep/deep-cycle-2660-2026-06-06T02-59-24-980Z.ndjson
[2026-06-06T02:59:32.208Z] deep cycle 2661: 80 domains → 0 hit → 0 deep products → /paperclip/instances/default/workspaces/3ec8f6dd-1735-4479-9825-a2c42edac34c/data/buy30590_deep/deep-cycle-2661-2026-06-06T02-59-31-400Z.ndjson
[2026-06-06T02:59:38.612Z] deep cycle 2662: 80 domains → 0 hit → 0 deep products → /paperclip/instances/default/workspaces/3ec8f6dd-1735-4479-9825-a2c42edac34c/data/buy30590_deep/deep-cycle-2662-2026-06-06T02-59-37-210Z.ndjson
[2026-06-06T02:59:44.938Z] deep cycle 2663: 80 domains → 0 hit → 0 deep products → /paperclip/instances/default/workspaces/3ec8f6dd-1735-4479-9825-a2c42edac34c/data/buy30590_deep/deep-cycle-2663-2026-06-06T02-59-43-617Z.ndjson
[2026-06-06T02:59:51.520Z] deep cycle 2664: 80 domains → 0 hit → 0 deep products → /paperclip/instances/default/workspaces/3ec8f6dd-1735-4479-9825-a2c42edac34c/data/buy30590_deep/deep-cycle-2664-2026-06-06T02-59-49-941Z.ndjson
[2026-06-06T02:59:58.622Z] deep cycle 2665: 80 domains → 0 hit → 0 deep products → /paperclip/instances/default/workspaces/3ec8f6dd-1735-4479-9825-a2c42edac34c/data/buy30590_deep/deep-cycle-2665-2026-06-06T02-59-56-526Z.ndjson
[2026-06-06T03:00:04.763Z] deep cycle 2666: 80 domains → 0 hit → 0 deep products → /paperclip/instances/default/workspaces/3ec8f6dd-1735-4479-9825-a2c42edac34c/data/buy30590_deep/deep-cycle-2666-2026-06-06T03-00-03-626Z.ndjson
[2026-06-06T03:00:11.400Z] deep cycle 2667: 80 domains → 0 hit → 0 deep products → /paperclip/instances/default/workspaces/3ec8f6dd-1735-4479-9825-a2c42edac34c/data/buy30590_deep/deep-cycle-2667-2026-06-06T03-00-09-764Z.ndjson
[2026-06-06T03:00:17.463Z] deep cycle 2668: 80 domains → 0 hit → 0 deep products → /paperclip/instances/default/workspaces/3ec8f6dd-1735-4479-9825-a2c42edac34c/data/buy30590_deep/deep-cycle-2668-2026-06-06T03-00-16-403Z.ndjson
[2026-06-06T03:00:23.037Z] deep cycle 2669: 80 domains → 0 hit → 0 deep products → /paperclip/instances/default/workspaces/3ec8f6dd-1735-4479-9825-a2c42edac34c/data/buy30590_deep/deep-cycle-2669-2026-06-06T03-00-22-467Z.ndjson
[2026-06-06T03:00:29.440Z] deep cycle 2670: 80 domains → 0 hit → 0 deep products → /paperclip/instances/default/workspaces/3ec8f6dd-1735-4479-9825-a2c42edac34c/data/buy30590_deep/deep-cycle-2670-2026-06-06T03-00-28-042Z.ndjson
[2026-06-06T03:00:34.976Z] deep cycle 2671: 80 domains → 0 hit → 0 deep products → /paperclip/instances/default/workspaces/3ec8f6dd-1735-4479-9825-a2c42edac34c/data/buy30590_deep/deep-cycle-2671-2026-06-06T03-00-34-445Z.ndjson
[2026-06-06T03:00:41.703Z] deep cycle 2672: 80 domains → 0 hit → 0 deep products → /paperclip/instances/default/workspaces/3ec8f6dd-1735-4479-9825-a2c42edac34c/data/buy30590_deep/deep-cycle-2672-2026-06-06T03-00-39-977Z.ndjson
[2026-06-06T03:00:48.092Z] deep cycle 2673: 80 domains → 0 hit → 0 deep products → /paperclip/instances/default/workspaces/3ec8f6dd-1735-4479-9825-a2c42edac34c/data/buy30590_deep/deep-cycle-2673-2026-06-06T03-00-46-706Z.ndjson
[2026-06-06T03:00:54.225Z] deep cycle 2674: 80 domains → 0 hit → 0 deep products → /paperclip/instances/default/workspaces/3ec8f6dd-1735-4479-9825-a2c42edac34c/data/buy30590_deep/deep-cycle-2674-2026-06-06T03-00-53-097Z.ndjson
[2026-06-06T03:01:00.130Z] deep cycle 2675: 80 domains → 0 hit → 0 deep products → /paperclip/instances/default/workspaces/3ec8f6dd-1735-4479-9825-a2c42edac34c/data/buy30590_deep/deep-cycle-2675-2026-06-06T03-00-59-227Z.ndjson
[2026-06-06T03:01:06.295Z] deep cycle 2676: 80 domains → 0 hit → 0 deep products → /paperclip/instances/default/workspaces/3ec8f6dd-1735-4479-9825-a2c42edac34c/data/buy30590_deep/deep-cycle-2676-2026-06-06T03-01-05-135Z.ndjson
[2026-06-06T03:01:12.645Z] deep cycle 2677: 80 domains → 0 hit → 0 deep products → /paperclip/instances/default/workspaces/3ec8f6dd-1735-4479-9825-a2c42edac34c/data/buy30590_deep/deep-cycle-2677-2026-06-06T03-01-11-317Z.ndjson
[2026-06-06T03:01:18.545Z] deep cycle 2678: 80 domains → 0 hit → 0 deep products → /paperclip/instances/default/workspaces/3ec8f6dd-1735-4479-9825-a2c42edac34c/data/buy30590_deep/deep-cycle-2678-2026-06-06T03-01-17-649Z.ndjson
[2026-06-06T03:01:24.589Z] deep cycle 2679: 80 domains → 0 hit → 0 deep products → /paperclip/instances/default/workspaces/3ec8f6dd-1735-4479-9825-a2c42edac34c/data/buy30590_deep/deep-cycle-2679-2026-06-06T03-01-23-551Z.ndjson
[2026-06-06T03:01:31.184Z] deep cycle 2680: 80 domains → 0 hit → 0 deep products → /paperclip/instances/default/workspaces/3ec8f6dd-1735-4479-9825-a2c42edac34c/data/buy30590_deep/deep-cycle-2680-2026-06-06T03-01-29-596Z.ndjson
[2026-06-06T03:01:37.109Z] deep cycle 2681: 80 domains → 0 hit → 0 deep products → /paperclip/instances/default/workspaces/3ec8f6dd-1735-4479-9825-a2c42edac34c/data/buy30590_deep/deep-cycle-2681-2026-06-06T03-01-36-193Z.ndjson
[2026-06-06T03:01:43.006Z] deep cycle 2682: 80 domains → 0 hit → 0 deep products → /paperclip/instances/default/workspaces/3ec8f6dd-1735-4479-9825-a2c42edac34c/data/buy30590_deep/deep-cycle-2682-2026-06-06T03-01-42-112Z.ndjson
[2026-06-06T03:01:49.080Z] deep cycle 2683: 80 domains → 0 hit → 0 deep products → /paperclip/instances/default/workspaces/3ec8f6dd-1735-4479-9825-a2c42edac34c/data/buy30590_deep/deep-cycle-2683-2026-06-06T03-01-48-012Z.ndjson
[2026-06-06T03:01:55.923Z] deep cycle 2684: 80 domains → 0 hit → 0 deep products → /paperclip/instances/default/workspaces/3ec8f6dd-1735-4479-9825-a2c42edac34c/data/buy30590_deep/deep-cycle-2684-2026-06-06T03-01-54-084Z.ndjson
[2026-06-06T03:02:01.798Z] deep cycle 2685: 80 domains → 0 hit → 0 deep products → /paperclip/instances/default/workspaces/3ec8f6dd-1735-4479-9825-a2c42edac34c/data/buy30590_deep/deep-cycle-2685-2026-06-06T03-02-00-928Z.ndjson
[2026-06-06T03:02:07.823Z] deep cycle 2686: 80 domains → 0 hit → 0 deep products → /paperclip/instances/default/workspaces/3ec8f6dd-1735-4479-9825-a2c42edac34c/data/buy30590_deep/deep-cycle-2686-2026-06-06T03-02-06-804Z.ndjson
[2026-06-06T03:02:14.393Z] deep cycle 2687: 80 domains → 0 hit → 0 deep products → /paperclip/instances/default/workspaces/3ec8f6dd-1735-4479-9825-a2c42edac34c/data/buy30590_deep/deep-cycle-2687-2026-06-06T03-02-12-828Z.ndjson
[2026-06-06T03:02:20.472Z] deep cycle 2688: 80 domains → 0 hit → 0 deep products → /paperclip/instances/default/workspaces/3ec8f6dd-1735-4479-9825-a2c42edac34c/data/buy30590_deep/deep-cycle-2688-2026-06-06T03-02-19-398Z.ndjson
[2026-06-06T03:02:27.151Z] deep cycle 2689: 80 domains → 0 hit → 0 deep products → /paperclip/instances/default/workspaces/3ec8f6dd-1735-4479-9825-a2c42edac34c/data/buy30590_deep/deep-cycle-2689-2026-06-06T03-02-25-478Z.ndjson
[2026-06-06T03:02:43.044Z] deep cycle 2690: 80 domains → 0 hit → 0 deep products → /paperclip/instances/default/workspaces/3ec8f6dd-1735-4479-9825-a2c42edac34c/data/buy30590_deep/deep-cycle-2690-2026-06-06T03-02-32-155Z.ndjson
[2026-06-06T03:02:49.208Z] deep cycle 2691: 80 domains → 0 hit → 0 deep products → /paperclip/instances/default/workspaces/3ec8f6dd-1735-4479-9825-a2c42edac34c/data/buy30590_deep/deep-cycle-2691-2026-06-06T03-02-48-048Z.ndjson
[2026-06-06T03:02:57.359Z] deep cycle 2692: 80 domains → 0 hit → 0 deep products → /paperclip/instances/default/workspaces/3ec8f6dd-1735-4479-9825-a2c42edac34c/data/buy30590_deep/deep-cycle-2692-2026-06-06T03-02-54-212Z.ndjson
[2026-06-06T03:03:03.011Z] deep cycle 2693: 80 domains → 0 hit → 0 deep products → /paperclip/instances/default/workspaces/3ec8f6dd-1735-4479-9825-a2c42edac34c/data/buy30590_deep/deep-cycle-2693-2026-06-06T03-03-02-364Z.ndjson
[2026-06-06T03:03:09.018Z] deep cycle 2694: 80 domains → 0 hit → 0 deep products → /paperclip/instances/default/workspaces/3ec8f6dd-1735-4479-9825-a2c42edac34c/data/buy30590_deep/deep-cycle-2694-2026-06-06T03-03-08-014Z.ndjson
[2026-06-06T03:03:14.690Z] deep cycle 2695: 80 domains → 0 hit → 0 deep products → /paperclip/instances/default/workspaces/3ec8f6dd-1735-4479-9825-a2c42edac34c/data/buy30590_deep/deep-cycle-2695-2026-06-06T03-03-14-023Z.ndjson
[2026-06-06T03:03:20.959Z] deep cycle 2696: 80 domains → 0 hit → 0 deep products → /paperclip/instances/default/workspaces/3ec8f6dd-1735-4479-9825-a2c42edac34c/data/buy30590_deep/deep-cycle-2696-2026-06-06T03-03-19-710Z.ndjson
[2026-06-06T03:03:26.866Z] deep cycle 2697: 80 domains → 0 hit → 0 deep products → /paperclip/instances/default/workspaces/3ec8f6dd-1735-4479-9825-a2c42edac34c/data/buy30590_deep/deep-cycle-2697-2026-06-06T03-03-25-968Z.ndjson
[2026-06-06T03:03:32.736Z] deep cycle 2698: 80 domains → 0 hit → 0 deep products → /paperclip/instances/default/workspaces/3ec8f6dd-1735-4479-9825-a2c42edac34c/data/buy30590_deep/deep-cycle-2698-2026-06-06T03-03-31-877Z.ndjson
[2026-06-06T03:03:49.090Z] deep cycle 2699: 80 domains → 0 hit → 0 deep products → /paperclip/instances/default/workspaces/3ec8f6dd-1735-4479-9825-a2c42edac34c/data/buy30590_deep/deep-cycle-2699-2026-06-06T03-03-37-741Z.ndjson
[2026-06-06T03:03:55.535Z] deep cycle 2700: 80 domains → 0 hit → 0 deep products → /paperclip/instances/default/workspaces/3ec8f6dd-1735-4479-9825-a2c42edac34c/data/buy30590_deep/deep-cycle-2700-2026-06-06T03-03-54-090Z.ndjson
[2026-06-06T03:04:00.935Z] deep cycle 2701: 80 domains → 0 hit → 0 deep products → /paperclip/instances/default/workspaces/3ec8f6dd-1735-4479-9825-a2c42edac34c/data/buy30590_deep/deep-cycle-2701-2026-06-06T03-04-00-538Z.ndjson
[2026-06-06T03:04:06.644Z] deep cycle 2702: 80 domains → 0 hit → 0 deep products → /paperclip/instances/default/workspaces/3ec8f6dd-1735-4479-9825-a2c42edac34c/data/buy30590_deep/deep-cycle-2702-2026-06-06T03-04-05-937Z.ndjson
[2026-06-06T03:04:12.247Z] deep cycle 2703: 80 domains → 0 hit → 0 deep products → /paperclip/instances/default/workspaces/3ec8f6dd-1735-4479-9825-a2c42edac34c/data/buy30590_deep/deep-cycle-2703-2026-06-06T03-04-11-648Z.ndjson
[2026-06-06T03:04:17.570Z] deep cycle 2704: 80 domains → 0 hit → 0 deep products → /paperclip/instances/default/workspaces/3ec8f6dd-1735-4479-9825-a2c42edac34c/data/buy30590_deep/deep-cycle-2704-2026-06-06T03-04-17-250Z.ndjson
[2026-06-06T03:04:22.948Z] deep cycle 2705: 80 domains → 0 hit → 0 deep products → /paperclip/instances/default/workspaces/3ec8f6dd-1735-4479-9825-a2c42edac34c/data/buy30590_deep/deep-cycle-2705-2026-06-06T03-04-22-575Z.ndjson
[2026-06-06T03:04:28.412Z] deep cycle 2706: 80 domains → 0 hit → 0 deep products → /paperclip/instances/default/workspaces/3ec8f6dd-1735-4479-9825-a2c42edac34c/data/buy30590_deep/deep-cycle-2706-2026-06-06T03-04-27-953Z.ndjson
[2026-06-06T03:04:34.019Z] deep cycle 2707: 80 domains → 0 hit → 0 deep products → /paperclip/instances/default/workspaces/3ec8f6dd-1735-4479-9825-a2c42edac34c/data/buy30590_deep/deep-cycle-2707-2026-06-06T03-04-33-417Z.ndjson
[2026-06-06T03:04:39.434Z] deep cycle 2708: 80 domains → 0 hit → 0 deep products → /paperclip/instances/default/workspaces/3ec8f6dd-1735-4479-9825-a2c42edac34c/data/buy30590_deep/deep-cycle-2708-2026-06-06T03-04-39-024Z.ndjson
[2026-06-06T03:04:44.830Z] deep cycle 2709: 80 domains → 0 hit → 0 deep products → /paperclip/instances/default/workspaces/3ec8f6dd-1735-4479-9825-a2c42edac34c/data/buy30590_deep/deep-cycle-2709-2026-06-06T03-04-44-439Z.ndjson
[2026-06-06T03:04:50.218Z] deep cycle 2710: 80 domains → 0 hit → 0 deep products → /paperclip/instances/default/workspaces/3ec8f6dd-1735-4479-9825-a2c42edac34c/data/buy30590_deep/deep-cycle-2710-2026-06-06T03-04-49-835Z.ndjson
[2026-06-06T03:04:55.590Z] deep cycle 2711: 80 domains → 0 hit → 0 deep products → /paperclip/instances/default/workspaces/3ec8f6dd-1735-4479-9825-a2c42edac34c/data/buy30590_deep/deep-cycle-2711-2026-06-06T03-04-55-223Z.ndjson
[2026-06-06T03:05:00.975Z] deep cycle 2712: 80 domains → 0 hit → 0 deep products → /paperclip/instances/default/workspaces/3ec8f6dd-1735-4479-9825-a2c42edac34c/data/buy30590_deep/deep-cycle-2712-2026-06-06T03-05-00-594Z.ndjson
[2026-06-06T03:05:06.411Z] deep cycle 2713: 80 domains → 0 hit → 0 deep products → /paperclip/instances/default/workspaces/3ec8f6dd-1735-4479-9825-a2c42edac34c/data/buy30590_deep/deep-cycle-2713-2026-06-06T03-05-05-979Z.ndjson
[2026-06-06T03:05:11.784Z] deep cycle 2714: 80 domains → 0 hit → 0 deep products → /paperclip/instances/default/workspaces/3ec8f6dd-1735-4479-9825-a2c42edac34c/data/buy30590_deep/deep-cycle-2714-2026-06-06T03-05-11-417Z.ndjson
[2026-06-06T03:05:17.510Z] deep cycle 2715: 80 domains → 0 hit → 0 deep products → /paperclip/instances/default/workspaces/3ec8f6dd-1735-4479-9825-a2c42edac34c/data/buy30590_deep/deep-cycle-2715-2026-06-06T03-05-16-786Z.ndjson
[2026-06-06T03:05:22.878Z] deep cycle 2716: 80 domains → 0 hit → 0 deep products → /paperclip/instances/default/workspaces/3ec8f6dd-1735-4479-9825-a2c42edac34c/data/buy30590_deep/deep-cycle-2716-2026-06-06T03-05-22-511Z.ndjson
[2026-06-06T03:05:28.237Z] deep cycle 2717: 80 domains → 0 hit → 0 deep products → /paperclip/instances/default/workspaces/3ec8f6dd-1735-4479-9825-a2c42edac34c/data/buy30590_deep/deep-cycle-2717-2026-06-06T03-05-27-883Z.ndjson
[2026-06-06T03:05:33.596Z] deep cycle 2718: 80 domains → 0 hit → 0 deep products → /paperclip/instances/default/workspaces/3ec8f6dd-1735-4479-9825-a2c42edac34c/data/buy30590_deep/deep-cycle-2718-2026-06-06T03-05-33-243Z.ndjson
[2026-06-06T03:05:38.933Z] deep cycle 2719: 80 domains → 0 hit → 0 deep products → /paperclip/instances/default/workspaces/3ec8f6dd-1735-4479-9825-a2c42edac34c/data/buy30590_deep/deep-cycle-2719-2026-06-06T03-05-38-602Z.ndjson
[2026-06-06T03:05:44.242Z] deep cycle 2720: 80 domains → 0 hit → 0 deep products → /paperclip/instances/default/workspaces/3ec8f6dd-1735-4479-9825-a2c42edac34c/data/buy30590_deep/deep-cycle-2720-2026-06-06T03-05-43-937Z.ndjson
[2026-06-06T03:05:49.590Z] deep cycle 2721: 80 domains → 0 hit → 0 deep products → /paperclip/instances/default/workspaces/3ec8f6dd-1735-4479-9825-a2c42edac34c/data/buy30590_deep/deep-cycle-2721-2026-06-06T03-05-49-243Z.ndjson
[2026-06-06T03:05:55.011Z] deep cycle 2722: 80 domains → 0 hit → 0 deep products → /paperclip/instances/default/workspaces/3ec8f6dd-1735-4479-9825-a2c42edac34c/data/buy30590_deep/deep-cycle-2722-2026-06-06T03-05-54-594Z.ndjson
[2026-06-06T03:06:00.524Z] deep cycle 2723: 80 domains → 0 hit → 0 deep products → /paperclip/instances/default/workspaces/3ec8f6dd-1735-4479-9825-a2c42edac34c/data/buy30590_deep/deep-cycle-2723-2026-06-06T03-06-00-017Z.ndjson
[2026-06-06T03:06:05.928Z] deep cycle 2724: 80 domains → 0 hit → 0 deep products → /paperclip/instances/default/workspaces/3ec8f6dd-1735-4479-9825-a2c42edac34c/data/buy30590_deep/deep-cycle-2724-2026-06-06T03-06-05-529Z.ndjson
[2026-06-06T03:06:11.266Z] deep cycle 2725: 80 domains → 0 hit → 0 deep products → /paperclip/instances/default/workspaces/3ec8f6dd-1735-4479-9825-a2c42edac34c/data/buy30590_deep/deep-cycle-2725-2026-06-06T03-06-10-933Z.ndjson
[2026-06-06T03:06:16.543Z] deep cycle 2726: 80 domains → 0 hit → 0 deep products → /paperclip/instances/default/workspaces/3ec8f6dd-1735-4479-9825-a2c42edac34c/data/buy30590_deep/deep-cycle-2726-2026-06-06T03-06-16-271Z.ndjson
[2026-06-06T03:06:21.925Z] deep cycle 2727: 80 domains → 0 hit → 0 deep products → /paperclip/instances/default/workspaces/3ec8f6dd-1735-4479-9825-a2c42edac34c/data/buy30590_deep/deep-cycle-2727-2026-06-06T03-06-21-549Z.ndjson
[2026-06-06T03:06:27.289Z] deep cycle 2728: 80 domains → 0 hit → 0 deep products → /paperclip/instances/default/workspaces/3ec8f6dd-1735-4479-9825-a2c42edac34c/data/buy30590_deep/deep-cycle-2728-2026-06-06T03-06-26-930Z.ndjson
[2026-06-06T03:06:32.736Z] deep cycle 2729: 80 domains → 0 hit → 0 deep products → /paperclip/instances/default/workspaces/3ec8f6dd-1735-4479-9825-a2c42edac34c/data/buy30590_deep/deep-cycle-2729-2026-06-06T03-06-32-294Z.ndjson
[2026-06-06T03:06:38.033Z] deep cycle 2730: 80 domains → 0 hit → 0 deep products → /paperclip/instances/default/workspaces/3ec8f6dd-1735-4479-9825-a2c42edac34c/data/buy30590_deep/deep-cycle-2730-2026-06-06T03-06-37-737Z.ndjson
[2026-06-06T03:06:43.415Z] deep cycle 2731: 80 domains → 0 hit → 0 deep products → /paperclip/instances/default/workspaces/3ec8f6dd-1735-4479-9825-a2c42edac34c/data/buy30590_deep/deep-cycle-2731-2026-06-06T03-06-43-033Z.ndjson
[2026-06-06T03:06:48.803Z] deep cycle 2732: 80 domains → 0 hit → 0 deep products → /paperclip/instances/default/workspaces/3ec8f6dd-1735-4479-9825-a2c42edac34c/data/buy30590_deep/deep-cycle-2732-2026-06-06T03-06-48-421Z.ndjson
[2026-06-06T03:06:54.128Z] deep cycle 2733: 80 domains → 0 hit → 0 deep products → /paperclip/instances/default/workspaces/3ec8f6dd-1735-4479-9825-a2c42edac34c/data/buy30590_deep/deep-cycle-2733-2026-06-06T03-06-53-807Z.ndjson
[2026-06-06T03:06:59.500Z] deep cycle 2734: 80 domains → 0 hit → 0 deep products → /paperclip/instances/default/workspaces/3ec8f6dd-1735-4479-9825-a2c42edac34c/data/buy30590_deep/deep-cycle-2734-2026-06-06T03-06-59-132Z.ndjson
[2026-06-06T03:07:04.851Z] deep cycle 2735: 80 domains → 0 hit → 0 deep products → /paperclip/instances/default/workspaces/3ec8f6dd-1735-4479-9825-a2c42edac34c/data/buy30590_deep/deep-cycle-2735-2026-06-06T03-07-04-505Z.ndjson
[2026-06-06T03:07:10.220Z] deep cycle 2736: 80 domains → 0 hit → 0 deep products → /paperclip/instances/default/workspaces/3ec8f6dd-1735-4479-9825-a2c42edac34c/data/buy30590_deep/deep-cycle-2736-2026-06-06T03-07-09-857Z.ndjson
[2026-06-06T03:07:15.561Z] deep cycle 2737: 80 domains → 0 hit → 0 deep products → /paperclip/instances/default/workspaces/3ec8f6dd-1735-4479-9825-a2c42edac34c/data/buy30590_deep/deep-cycle-2737-2026-06-06T03-07-15-226Z.ndjson
[2026-06-06T03:07:20.892Z] deep cycle 2738: 80 domains → 0 hit → 0 deep products → /paperclip/instances/default/workspaces/3ec8f6dd-1735-4479-9825-a2c42edac34c/data/buy30590_deep/deep-cycle-2738-2026-06-06T03-07-20-566Z.ndjson
[2026-06-06T03:07:26.173Z] deep cycle 2739: 80 domains → 0 hit → 0 deep products → /paperclip/instances/default/workspaces/3ec8f6dd-1735-4479-9825-a2c42edac34c/data/buy30590_deep/deep-cycle-2739-2026-06-06T03-07-25-898Z.ndjson
[2026-06-06T03:07:31.600Z] deep cycle 2740: 80 domains → 0 hit → 0 deep products → /paperclip/instances/default/workspaces/3ec8f6dd-1735-4479-9825-a2c42edac34c/data/buy30590_deep/deep-cycle-2740-2026-06-06T03-07-31-178Z.ndjson
[2026-06-06T03:07:37.103Z] deep cycle 2741: 80 domains → 0 hit → 0 deep products → /paperclip/instances/default/workspaces/3ec8f6dd-1735-4479-9825-a2c42edac34c/data/buy30590_deep/deep-cycle-2741-2026-06-06T03-07-36-607Z.ndjson
[2026-06-06T03:07:42.460Z] deep cycle 2742: 80 domains → 0 hit → 0 deep products → /paperclip/instances/default/workspaces/3ec8f6dd-1735-4479-9825-a2c42edac34c/data/buy30590_deep/deep-cycle-2742-2026-06-06T03-07-42-109Z.ndjson
[2026-06-06T03:07:47.813Z] deep cycle 2743: 80 domains → 0 hit → 0 deep products → /paperclip/instances/default/workspaces/3ec8f6dd-1735-4479-9825-a2c42edac34c/data/buy30590_deep/deep-cycle-2743-2026-06-06T03-07-47-463Z.ndjson
[2026-06-06T03:07:53.239Z] deep cycle 2744: 80 domains → 0 hit → 0 deep products → /paperclip/instances/default/workspaces/3ec8f6dd-1735-4479-9825-a2c42edac34c/data/buy30590_deep/deep-cycle-2744-2026-06-06T03-07-52-817Z.ndjson
[2026-06-06T03:07:58.547Z] deep cycle 2745: 80 domains → 0 hit → 0 deep products → /paperclip/instances/default/workspaces/3ec8f6dd-1735-4479-9825-a2c42edac34c/data/buy30590_deep/deep-cycle-2745-2026-06-06T03-07-58-244Z.ndjson
[2026-06-06T03:08:04.075Z] deep cycle 2746: 80 domains → 0 hit → 0 deep products → /paperclip/instances/default/workspaces/3ec8f6dd-1735-4479-9825-a2c42edac34c/data/buy30590_deep/deep-cycle-2746-2026-06-06T03-08-03-551Z.ndjson
[2026-06-06T03:08:09.693Z] deep cycle 2747: 80 domains → 0 hit → 0 deep products → /paperclip/instances/default/workspaces/3ec8f6dd-1735-4479-9825-a2c42edac34c/data/buy30590_deep/deep-cycle-2747-2026-06-06T03-08-09-077Z.ndjson
[2026-06-06T03:08:17.376Z] deep cycle 2748: 80 domains → 0 hit → 0 deep products → /paperclip/instances/default/workspaces/3ec8f6dd-1735-4479-9825-a2c42edac34c/data/buy30590_deep/deep-cycle-2748-2026-06-06T03-08-14-697Z.ndjson
[2026-06-06T03:08:28.460Z] deep cycle 2749: 80 domains → 0 hit → 0 deep products → /paperclip/instances/default/workspaces/3ec8f6dd-1735-4479-9825-a2c42edac34c/data/buy30590_deep/deep-cycle-2749-2026-06-06T03-08-22-378Z.ndjson
[2026-06-06T03:08:33.845Z] deep cycle 2750: 80 domains → 0 hit → 0 deep products → /paperclip/instances/default/workspaces/3ec8f6dd-1735-4479-9825-a2c42edac34c/data/buy30590_deep/deep-cycle-2750-2026-06-06T03-08-33-460Z.ndjson
[2026-06-06T03:08:39.434Z] deep cycle 2751: 80 domains → 0 hit → 0 deep products → /paperclip/instances/default/workspaces/3ec8f6dd-1735-4479-9825-a2c42edac34c/data/buy30590_deep/deep-cycle-2751-2026-06-06T03-08-38-847Z.ndjson
[2026-06-06T03:08:44.950Z] deep cycle 2752: 80 domains → 0 hit → 0 deep products → /paperclip/instances/default/workspaces/3ec8f6dd-1735-4479-9825-a2c42edac34c/data/buy30590_deep/deep-cycle-2752-2026-06-06T03-08-44-437Z.ndjson
[2026-06-06T03:08:50.337Z] deep cycle 2753: 80 domains → 0 hit → 0 deep products → /paperclip/instances/default/workspaces/3ec8f6dd-1735-4479-9825-a2c42edac34c/data/buy30590_deep/deep-cycle-2753-2026-06-06T03-08-49-956Z.ndjson
[2026-06-06T03:08:55.936Z] deep cycle 2754: 80 domains → 0 hit → 0 deep products → /paperclip/instances/default/workspaces/3ec8f6dd-1735-4479-9825-a2c42edac34c/data/buy30590_deep/deep-cycle-2754-2026-06-06T03-08-55-342Z.ndjson
[2026-06-06T03:09:01.937Z] deep cycle 2755: 80 domains → 1 hit → 330 deep products → /paperclip/instances/default/workspaces/3ec8f6dd-1735-4479-9825-a2c42edac34c/data/buy30590_deep/deep-cycle-2755-2026-06-06T03-09-00-940Z.ndjson
[2026-06-06T03:09:02.509Z] deep cycle 2755 ingest: exit=0 0.6s === STREAM INGEST DONE ===
files=1 lines=330 valid=330 written=330 errors=0
skipped: {}
top sources: [ [ 'shopify', 330 ] ]
[2026-06-06T03:09:08.510Z] deep cycle 2756: 80 domains → 0 hit → 0 deep products → /paperclip/instances/default/workspaces/3ec8f6dd-1735-4479-9825-a2c42edac34c/data/buy30590_deep/deep-cycle-2756-2026-06-06T03-09-07-511Z.ndjson
[2026-06-06T03:09:14.590Z] deep cycle 2757: 80 domains → 0 hit → 0 deep products → /paperclip/instances/default/workspaces/3ec8f6dd-1735-4479-9825-a2c42edac34c/data/buy30590_deep/deep-cycle-2757-2026-06-06T03-09-13-515Z.ndjson
[2026-06-06T03:09:20.270Z] deep cycle 2758: 80 domains → 0 hit → 0 deep products → /paperclip/instances/default/workspaces/3ec8f6dd-1735-4479-9825-a2c42edac34c/data/buy30590_deep/deep-cycle-2758-2026-06-06T03-09-19-594Z.ndjson
[2026-06-06T03:09:27.212Z] deep cycle 2759: 80 domains → 0 hit → 0 deep products → /paperclip/instances/default/workspaces/3ec8f6dd-1735-4479-9825-a2c42edac34c/data/buy30590_deep/deep-cycle-2759-2026-06-06T03-09-25-274Z.ndjson
[2026-06-06T03:09:32.589Z] deep cycle 2760: 80 domains → 0 hit → 0 deep products → /paperclip/instances/default/workspaces/3ec8f6dd-1735-4479-9825-a2c42edac34c/data/buy30590_deep/deep-cycle-2760-2026-06-06T03-09-32-214Z.ndjson
[2026-06-06T03:09:37.919Z] deep cycle 2761: 80 domains → 0 hit → 0 deep products → /paperclip/instances/default/workspaces/3ec8f6dd-1735-4479-9825-a2c42edac34c/data/buy30590_deep/deep-cycle-2761-2026-06-06T03-09-37-591Z.ndjson
[2026-06-06T03:09:43.603Z] deep cycle 2762: 80 domains → 0 hit → 0 deep products → /paperclip/instances/default/workspaces/3ec8f6dd-1735-4479-9825-a2c42edac34c/data/buy30590_deep/deep-cycle-2762-2026-06-06T03-09-42-923Z.ndjson
[2026-06-06T03:09:49.236Z] deep cycle 2763: 80 domains → 0 hit → 0 deep products → /paperclip/instances/default/workspaces/3ec8f6dd-1735-4479-9825-a2c42edac34c/data/buy30590_deep/deep-cycle-2763-2026-06-06T03-09-48-608Z.ndjson
[2026-06-06T03:09:55.280Z] deep cycle 2764: 80 domains → 1 hit → 250 deep products → /paperclip/instances/default/workspaces/3ec8f6dd-1735-4479-9825-a2c42edac34c/data/buy30590_deep/deep-cycle-2764-2026-06-06T03-09-54-241Z.ndjson
[2026-06-06T03:09:55.544Z] deep cycle 2764 ingest: exit=0 0.3s === STREAM INGEST DONE ===
files=1 lines=250 valid=250 written=250 errors=0
skipped: {}
top sources: [ [ 'shopify', 250 ] ]
[2026-06-06T03:10:01.240Z] deep cycle 2765: 80 domains → 0 hit → 0 deep products → /paperclip/instances/default/workspaces/3ec8f6dd-1735-4479-9825-a2c42edac34c/data/buy30590_deep/deep-cycle-2765-2026-06-06T03-10-00-545Z.ndjson
[2026-06-06T03:10:07.348Z] deep cycle 2766: 80 domains → 0 hit → 0 deep products → /paperclip/instances/default/workspaces/3ec8f6dd-1735-4479-9825-a2c42edac34c/data/buy30590_deep/deep-cycle-2766-2026-06-06T03-10-06-241Z.ndjson
[2026-06-06T03:10:12.922Z] deep cycle 2767: 80 domains → 0 hit → 0 deep products → /paperclip/instances/default/workspaces/3ec8f6dd-1735-4479-9825-a2c42edac34c/data/buy30590_deep/deep-cycle-2767-2026-06-06T03-10-12-349Z.ndjson
[2026-06-06T03:10:18.365Z] deep cycle 2768: 80 domains → 0 hit → 0 deep products → /paperclip/instances/default/workspaces/3ec8f6dd-1735-4479-9825-a2c42edac34c/data/buy30590_deep/deep-cycle-2768-2026-06-06T03-10-17-928Z.ndjson
[2026-06-06T03:10:23.873Z] deep cycle 2769: 80 domains → 0 hit → 0 deep products → /paperclip/instances/default/workspaces/3ec8f6dd-1735-4479-9825-a2c42edac34c/data/buy30590_deep/deep-cycle-2769-2026-06-06T03-10-23-372Z.ndjson
[2026-06-06T03:10:29.415Z] deep cycle 2770: 80 domains → 0 hit → 0 deep products → /paperclip/instances/default/workspaces/3ec8f6dd-1735-4479-9825-a2c42edac34c/data/buy30590_deep/deep-cycle-2770-2026-06-06T03-10-28-879Z.ndjson
[2026-06-06T03:10:35.004Z] deep cycle 2771: 80 domains → 0 hit → 0 deep products → /paperclip/instances/default/workspaces/3ec8f6dd-1735-4479-9825-a2c42edac34c/data/buy30590_deep/deep-cycle-2771-2026-06-06T03-10-34-420Z.ndjson
[2026-06-06T03:10:40.403Z] deep cycle 2772: 80 domains → 0 hit → 0 deep products → /paperclip/instances/default/workspaces/3ec8f6dd-1735-4479-9825-a2c42edac34c/data/buy30590_deep/deep-cycle-2772-2026-06-06T03-10-40-008Z.ndjson
[2026-06-06T03:10:45.892Z] deep cycle 2773: 80 domains → 0 hit → 0 deep products → /paperclip/instances/default/workspaces/3ec8f6dd-1735-4479-9825-a2c42edac34c/data/buy30590_deep/deep-cycle-2773-2026-06-06T03-10-45-409Z.ndjson
[2026-06-06T03:10:51.623Z] deep cycle 2774: 80 domains → 0 hit → 0 deep products → /paperclip/instances/default/workspaces/3ec8f6dd-1735-4479-9825-a2c42edac34c/data/buy30590_deep/deep-cycle-2774-2026-06-06T03-10-50-893Z.ndjson
[2026-06-06T03:10:57.482Z] deep cycle 2775: 80 domains → 0 hit → 0 deep products → /paperclip/instances/default/workspaces/3ec8f6dd-1735-4479-9825-a2c42edac34c/data/buy30590_deep/deep-cycle-2775-2026-06-06T03-10-56-628Z.ndjson
[2026-06-06T03:11:03.267Z] deep cycle 2776: 80 domains → 0 hit → 0 deep products → /paperclip/instances/default/workspaces/3ec8f6dd-1735-4479-9825-a2c42edac34c/data/buy30590_deep/deep-cycle-2776-2026-06-06T03-11-02-487Z.ndjson
[2026-06-06T03:11:19.054Z] deep cycle 2777: 80 domains → 0 hit → 0 deep products → /paperclip/instances/default/workspaces/3ec8f6dd-1735-4479-9825-a2c42edac34c/data/buy30590_deep/deep-cycle-2777-2026-06-06T03-11-08-269Z.ndjson
[2026-06-06T03:11:25.251Z] deep cycle 2778: 80 domains → 0 hit → 0 deep products → /paperclip/instances/default/workspaces/3ec8f6dd-1735-4479-9825-a2c42edac34c/data/buy30590_deep/deep-cycle-2778-2026-06-06T03-11-24-059Z.ndjson
[2026-06-06T03:11:31.018Z] deep cycle 2779: 80 domains → 0 hit → 0 deep products → /paperclip/instances/default/workspaces/3ec8f6dd-1735-4479-9825-a2c42edac34c/data/buy30590_deep/deep-cycle-2779-2026-06-06T03-11-30-257Z.ndjson
[2026-06-06T03:11:36.977Z] deep cycle 2780: 80 domains → 0 hit → 0 deep products → /paperclip/instances/default/workspaces/3ec8f6dd-1735-4479-9825-a2c42edac34c/data/buy30590_deep/deep-cycle-2780-2026-06-06T03-11-36-024Z.ndjson
[2026-06-06T03:11:55.693Z] deep cycle 2781: 80 domains → 1 hit → 4000 deep products → /paperclip/instances/default/workspaces/3ec8f6dd-1735-4479-9825-a2c42edac34c/data/buy30590_deep/deep-cycle-2781-2026-06-06T03-11-41-982Z.ndjson
[2026-06-06T03:11:57.711Z] deep cycle 2781 ingest: exit=0 2.0s === STREAM INGEST DONE ===
files=1 lines=4000 valid=4000 written=4000 errors=0
skipped: {}
top sources: [ [ 'shopify', 4000 ] ]
[2026-06-06T03:12:03.248Z] deep cycle 2782: 80 domains → 0 hit → 0 deep products → /paperclip/instances/default/workspaces/3ec8f6dd-1735-4479-9825-a2c42edac34c/data/buy30590_deep/deep-cycle-2782-2026-06-06T03-12-02-713Z.ndjson
[2026-06-06T03:12:10.385Z] deep cycle 2783: 80 domains → 0 hit → 0 deep products → /paperclip/instances/default/workspaces/3ec8f6dd-1735-4479-9825-a2c42edac34c/data/buy30590_deep/deep-cycle-2783-2026-06-06T03-12-08-252Z.ndjson
[2026-06-06T03:12:18.512Z] deep cycle 2784: 80 domains → 2 hit → 1250 deep products → /paperclip/instances/default/workspaces/3ec8f6dd-1735-4479-9825-a2c42edac34c/data/buy30590_deep/deep-cycle-2784-2026-06-06T03-12-15-393Z.ndjson
[2026-06-06T03:12:19.034Z] deep cycle 2784 ingest: exit=0 0.5s === STREAM INGEST DONE ===
files=1 lines=1250 valid=1250 written=1250 errors=0
skipped: {}
top sources: [ [ 'shopify', 1250 ] ]
[2026-06-06T03:12:25.535Z] deep cycle 2785: 80 domains → 0 hit → 0 deep products → /paperclip/instances/default/workspaces/3ec8f6dd-1735-4479-9825-a2c42edac34c/data/buy30590_deep/deep-cycle-2785-2026-06-06T03-12-24-037Z.ndjson
[2026-06-06T03:12:30.994Z] deep cycle 2786: 80 domains → 0 hit → 0 deep products → /paperclip/instances/default/workspaces/3ec8f6dd-1735-4479-9825-a2c42edac34c/data/buy30590_deep/deep-cycle-2786-2026-06-06T03-12-30-540Z.ndjson
[2026-06-06T03:12:36.774Z] deep cycle 2787: 80 domains → 0 hit → 0 deep products → /paperclip/instances/default/workspaces/3ec8f6dd-1735-4479-9825-a2c42edac34c/data/buy30590_deep/deep-cycle-2787-2026-06-06T03-12-35-999Z.ndjson
[2026-06-06T03:12:42.637Z] deep cycle 2788: 80 domains → 0 hit → 0 deep products → /paperclip/instances/default/workspaces/3ec8f6dd-1735-4479-9825-a2c42edac34c/data/buy30590_deep/deep-cycle-2788-2026-06-06T03-12-41-775Z.ndjson
[2026-06-06T03:12:50.256Z] deep cycle 2789: 80 domains → 0 hit → 0 deep products → /paperclip/instances/default/workspaces/3ec8f6dd-1735-4479-9825-a2c42edac34c/data/buy30590_deep/deep-cycle-2789-2026-06-06T03-12-47-641Z.ndjson
[2026-06-06T03:12:56.269Z] deep cycle 2790: 80 domains → 0 hit → 0 deep products → /paperclip/instances/default/workspaces/3ec8f6dd-1735-4479-9825-a2c42edac34c/data/buy30590_deep/deep-cycle-2790-2026-06-06T03-12-55-260Z.ndjson
[2026-06-06T03:13:01.836Z] deep cycle 2791: 80 domains → 0 hit → 0 deep products → /paperclip/instances/default/workspaces/3ec8f6dd-1735-4479-9825-a2c42edac34c/data/buy30590_deep/deep-cycle-2791-2026-06-06T03-13-01-273Z.ndjson
[2026-06-06T03:13:07.338Z] deep cycle 2792: 80 domains → 0 hit → 0 deep products → /paperclip/instances/default/workspaces/3ec8f6dd-1735-4479-9825-a2c42edac34c/data/buy30590_deep/deep-cycle-2792-2026-06-06T03-13-06-842Z.ndjson
[2026-06-06T03:13:14.860Z] deep cycle 2793: 80 domains → 0 hit → 0 deep products → /paperclip/instances/default/workspaces/3ec8f6dd-1735-4479-9825-a2c42edac34c/data/buy30590_deep/deep-cycle-2793-2026-06-06T03-13-12-340Z.ndjson
[2026-06-06T03:13:20.626Z] deep cycle 2794: 80 domains → 0 hit → 0 deep products → /paperclip/instances/default/workspaces/3ec8f6dd-1735-4479-9825-a2c42edac34c/data/buy30590_deep/deep-cycle-2794-2026-06-06T03-13-19-867Z.ndjson
[2026-06-06T03:13:26.743Z] deep cycle 2795: 80 domains → 0 hit → 0 deep products → /paperclip/instances/default/workspaces/3ec8f6dd-1735-4479-9825-a2c42edac34c/data/buy30590_deep/deep-cycle-2795-2026-06-06T03-13-25-630Z.ndjson
[2026-06-06T03:13:32.658Z] deep cycle 2796: 80 domains → 0 hit → 0 deep products → /paperclip/instances/default/workspaces/3ec8f6dd-1735-4479-9825-a2c42edac34c/data/buy30590_deep/deep-cycle-2796-2026-06-06T03-13-31-744Z.ndjson
[2026-06-06T03:13:38.332Z] deep cycle 2797: 80 domains → 0 hit → 0 deep products → /paperclip/instances/default/workspaces/3ec8f6dd-1735-4479-9825-a2c42edac34c/data/buy30590_deep/deep-cycle-2797-2026-06-06T03-13-37-662Z.ndjson
[2026-06-06T03:13:44.050Z] deep cycle 2798: 80 domains → 0 hit → 0 deep products → /paperclip/instances/default/workspaces/3ec8f6dd-1735-4479-9825-a2c42edac34c/data/buy30590_deep/deep-cycle-2798-2026-06-06T03-13-43-334Z.ndjson
[2026-06-06T03:14:03.197Z] deep cycle 2799: 80 domains → 0 hit → 0 deep products → /paperclip/instances/default/workspaces/3ec8f6dd-1735-4479-9825-a2c42edac34c/data/buy30590_deep/deep-cycle-2799-2026-06-06T03-13-49-055Z.ndjson
[2026-06-06T03:14:09.072Z] deep cycle 2800: 80 domains → 0 hit → 0 deep products → /paperclip/instances/default/workspaces/3ec8f6dd-1735-4479-9825-a2c42edac34c/data/buy30590_deep/deep-cycle-2800-2026-06-06T03-14-08-202Z.ndjson
[2026-06-06T03:14:14.694Z] deep cycle 2801: 80 domains → 0 hit → 0 deep products → /paperclip/instances/default/workspaces/3ec8f6dd-1735-4479-9825-a2c42edac34c/data/buy30590_deep/deep-cycle-2801-2026-06-06T03-14-14-074Z.ndjson
[2026-06-06T03:14:20.834Z] deep cycle 2802: 80 domains → 0 hit → 0 deep products → /paperclip/instances/default/workspaces/3ec8f6dd-1735-4479-9825-a2c42edac34c/data/buy30590_deep/deep-cycle-2802-2026-06-06T03-14-19-699Z.ndjson
[2026-06-06T03:14:26.429Z] deep cycle 2803: 80 domains → 0 hit → 0 deep products → /paperclip/instances/default/workspaces/3ec8f6dd-1735-4479-9825-a2c42edac34c/data/buy30590_deep/deep-cycle-2803-2026-06-06T03-14-25-839Z.ndjson
[2026-06-06T03:14:34.440Z] deep cycle 2804: 80 domains → 0 hit → 0 deep products → /paperclip/instances/default/workspaces/3ec8f6dd-1735-4479-9825-a2c42edac34c/data/buy30590_deep/deep-cycle-2804-2026-06-06T03-14-31-434Z.ndjson
[2026-06-06T03:14:40.214Z] deep cycle 2805: 80 domains → 0 hit → 0 deep products → /paperclip/instances/default/workspaces/3ec8f6dd-1735-4479-9825-a2c42edac34c/data/buy30590_deep/deep-cycle-2805-2026-06-06T03-14-39-445Z.ndjson
[2026-06-06T03:14:46.031Z] deep cycle 2806: 80 domains → 0 hit → 0 deep products → /paperclip/instances/default/workspaces/3ec8f6dd-1735-4479-9825-a2c42edac34c/data/buy30590_deep/deep-cycle-2806-2026-06-06T03-14-45-219Z.ndjson
[2026-06-06T03:14:51.970Z] deep cycle 2807: 80 domains → 0 hit → 0 deep products → /paperclip/instances/default/workspaces/3ec8f6dd-1735-4479-9825-a2c42edac34c/data/buy30590_deep/deep-cycle-2807-2026-06-06T03-14-51-035Z.ndjson
[2026-06-06T03:14:57.882Z] deep cycle 2808: 80 domains → 0 hit → 0 deep products → /paperclip/instances/default/workspaces/3ec8f6dd-1735-4479-9825-a2c42edac34c/data/buy30590_deep/deep-cycle-2808-2026-06-06T03-14-56-975Z.ndjson
[2026-06-06T03:15:03.788Z] deep cycle 2809: 80 domains → 0 hit → 0 deep products → /paperclip/instances/default/workspaces/3ec8f6dd-1735-4479-9825-a2c42edac34c/data/buy30590_deep/deep-cycle-2809-2026-06-06T03-15-02-886Z.ndjson
[2026-06-06T03:15:09.636Z] deep cycle 2810: 80 domains → 0 hit → 0 deep products → /paperclip/instances/default/workspaces/3ec8f6dd-1735-4479-9825-a2c42edac34c/data/buy30590_deep/deep-cycle-2810-2026-06-06T03-15-08-795Z.ndjson
[2026-06-06T03:15:25.880Z] deep cycle 2811: 80 domains → 0 hit → 0 deep products → /paperclip/instances/default/workspaces/3ec8f6dd-1735-4479-9825-a2c42edac34c/data/buy30590_deep/deep-cycle-2811-2026-06-06T03-15-14-642Z.ndjson
[2026-06-06T03:15:31.863Z] deep cycle 2812: 80 domains → 0 hit → 0 deep products → /paperclip/instances/default/workspaces/3ec8f6dd-1735-4479-9825-a2c42edac34c/data/buy30590_deep/deep-cycle-2812-2026-06-06T03-15-30-885Z.ndjson
[2026-06-06T03:15:37.461Z] deep cycle 2813: 80 domains → 0 hit → 0 deep products → /paperclip/instances/default/workspaces/3ec8f6dd-1735-4479-9825-a2c42edac34c/data/buy30590_deep/deep-cycle-2813-2026-06-06T03-15-36-868Z.ndjson
[2026-06-06T03:15:43.105Z] deep cycle 2814: 80 domains → 0 hit → 0 deep products → /paperclip/instances/default/workspaces/3ec8f6dd-1735-4479-9825-a2c42edac34c/data/buy30590_deep/deep-cycle-2814-2026-06-06T03-15-42-466Z.ndjson
[2026-06-06T03:15:49.555Z] deep cycle 2815: 80 domains → 0 hit → 0 deep products → /paperclip/instances/default/workspaces/3ec8f6dd-1735-4479-9825-a2c42edac34c/data/buy30590_deep/deep-cycle-2815-2026-06-06T03-15-48-110Z.ndjson
[2026-06-06T03:15:55.670Z] deep cycle 2816: 80 domains → 0 hit → 0 deep products → /paperclip/instances/default/workspaces/3ec8f6dd-1735-4479-9825-a2c42edac34c/data/buy30590_deep/deep-cycle-2816-2026-06-06T03-15-54-557Z.ndjson
[2026-06-06T03:16:04.100Z] deep cycle 2817: 80 domains → 0 hit → 0 deep products → /paperclip/instances/default/workspaces/3ec8f6dd-1735-4479-9825-a2c42edac34c/data/buy30590_deep/deep-cycle-2817-2026-06-06T03-16-00-672Z.ndjson
[2026-06-06T03:16:09.762Z] deep cycle 2818: 80 domains → 0 hit → 0 deep products → /paperclip/instances/default/workspaces/3ec8f6dd-1735-4479-9825-a2c42edac34c/data/buy30590_deep/deep-cycle-2818-2026-06-06T03-16-09-101Z.ndjson
[2026-06-06T03:16:15.586Z] deep cycle 2819: 80 domains → 0 hit → 0 deep products → /paperclip/instances/default/workspaces/3ec8f6dd-1735-4479-9825-a2c42edac34c/data/buy30590_deep/deep-cycle-2819-2026-06-06T03-16-14-767Z.ndjson
[2026-06-06T03:16:21.415Z] deep cycle 2820: 80 domains → 0 hit → 0 deep products → /paperclip/instances/default/workspaces/3ec8f6dd-1735-4479-9825-a2c42edac34c/data/buy30590_deep/deep-cycle-2820-2026-06-06T03-16-20-591Z.ndjson
[2026-06-06T03:16:27.379Z] deep cycle 2821: 80 domains → 0 hit → 0 deep products → /paperclip/instances/default/workspaces/3ec8f6dd-1735-4479-9825-a2c42edac34c/data/buy30590_deep/deep-cycle-2821-2026-06-06T03-16-26-421Z.ndjson
[2026-06-06T03:16:33.247Z] deep cycle 2822: 80 domains → 0 hit → 0 deep products → /paperclip/instances/default/workspaces/3ec8f6dd-1735-4479-9825-a2c42edac34c/data/buy30590_deep/deep-cycle-2822-2026-06-06T03-16-32-381Z.ndjson
[2026-06-06T03:16:38.984Z] deep cycle 2823: 80 domains → 0 hit → 0 deep products → /paperclip/instances/default/workspaces/3ec8f6dd-1735-4479-9825-a2c42edac34c/data/buy30590_deep/deep-cycle-2823-2026-06-06T03-16-38-252Z.ndjson
[2026-06-06T03:16:44.981Z] deep cycle 2824: 80 domains → 0 hit → 0 deep products → /paperclip/instances/default/workspaces/3ec8f6dd-1735-4479-9825-a2c42edac34c/data/buy30590_deep/deep-cycle-2824-2026-06-06T03-16-43-989Z.ndjson
[2026-06-06T03:16:52.992Z] deep cycle 2825: 80 domains → 0 hit → 0 deep products → /paperclip/instances/default/workspaces/3ec8f6dd-1735-4479-9825-a2c42edac34c/data/buy30590_deep/deep-cycle-2825-2026-06-06T03-16-49-986Z.ndjson
[2026-06-06T03:16:59.225Z] deep cycle 2826: 80 domains → 0 hit → 0 deep products → /paperclip/instances/default/workspaces/3ec8f6dd-1735-4479-9825-a2c42edac34c/data/buy30590_deep/deep-cycle-2826-2026-06-06T03-16-57-997Z.ndjson
[2026-06-06T03:17:05.233Z] deep cycle 2827: 80 domains → 0 hit → 0 deep products → /paperclip/instances/default/workspaces/3ec8f6dd-1735-4479-9825-a2c42edac34c/data/buy30590_deep/deep-cycle-2827-2026-06-06T03-17-04-230Z.ndjson
[2026-06-06T03:17:17.277Z] deep cycle 2828: 80 domains → 19 hit → 16653 deep products → /paperclip/instances/default/workspaces/3ec8f6dd-1735-4479-9825-a2c42edac34c/data/buy30590_deep/deep-cycle-2828-2026-06-06T03-17-10-238Z.ndjson
[2026-06-06T03:27:19.938Z] deep cycle 2828 ingest: exit=0 602.7s === STREAM INGEST DONE ===
files=1 lines=16653 valid=16653 written=15153 errors=3
skipped: {}
top sources: [ [ 'shopify', 16653 ] ]
[2026-06-06T03:27:25.931Z] deep cycle 2829: 80 domains → 0 hit → 0 deep products → /paperclip/instances/default/workspaces/3ec8f6dd-1735-4479-9825-a2c42edac34c/data/buy30590_deep/deep-cycle-2829-2026-06-06T03-27-24-942Z.ndjson
[2026-06-06T03:27:32.004Z] deep cycle 2830: 80 domains → 0 hit → 0 deep products → /paperclip/instances/default/workspaces/3ec8f6dd-1735-4479-9825-a2c42edac34c/data/buy30590_deep/deep-cycle-2830-2026-06-06T03-27-30-937Z.ndjson
[2026-06-06T03:27:38.330Z] deep cycle 2831: 80 domains → 0 hit → 0 deep products → /paperclip/instances/default/workspaces/3ec8f6dd-1735-4479-9825-a2c42edac34c/data/buy30590_deep/deep-cycle-2831-2026-06-06T03-27-37-009Z.ndjson
[2026-06-06T03:27:44.291Z] deep cycle 2832: 80 domains → 0 hit → 0 deep products → /paperclip/instances/default/workspaces/3ec8f6dd-1735-4479-9825-a2c42edac34c/data/buy30590_deep/deep-cycle-2832-2026-06-06T03-27-43-332Z.ndjson
[2026-06-06T03:27:49.961Z] deep cycle 2833: 80 domains → 0 hit → 0 deep products → /paperclip/instances/default/workspaces/3ec8f6dd-1735-4479-9825-a2c42edac34c/data/buy30590_deep/deep-cycle-2833-2026-06-06T03-27-49-296Z.ndjson
[2026-06-06T03:27:55.702Z] deep cycle 2834: 80 domains → 0 hit → 0 deep products → /paperclip/instances/default/workspaces/3ec8f6dd-1735-4479-9825-a2c42edac34c/data/buy30590_deep/deep-cycle-2834-2026-06-06T03-27-54-963Z.ndjson
[2026-06-06T03:28:01.992Z] deep cycle 2835: 80 domains → 0 hit → 0 deep products → /paperclip/instances/default/workspaces/3ec8f6dd-1735-4479-9825-a2c42edac34c/data/buy30590_deep/deep-cycle-2835-2026-06-06T03-28-00-708Z.ndjson
[2026-06-06T03:28:07.655Z] deep cycle 2836: 80 domains → 0 hit → 0 deep products → /paperclip/instances/default/workspaces/3ec8f6dd-1735-4479-9825-a2c42edac34c/data/buy30590_deep/deep-cycle-2836-2026-06-06T03-28-06-997Z.ndjson
[2026-06-06T03:28:14.255Z] deep cycle 2837: 80 domains → 0 hit → 0 deep products → /paperclip/instances/default/workspaces/3ec8f6dd-1735-4479-9825-a2c42edac34c/data/buy30590_deep/deep-cycle-2837-2026-06-06T03-28-12-660Z.ndjson
[2026-06-06T03:28:20.379Z] deep cycle 2838: 80 domains → 0 hit → 0 deep products → /paperclip/instances/default/workspaces/3ec8f6dd-1735-4479-9825-a2c42edac34c/data/buy30590_deep/deep-cycle-2838-2026-06-06T03-28-19-256Z.ndjson
[2026-06-06T03:28:26.716Z] deep cycle 2839: 80 domains → 0 hit → 0 deep products → /paperclip/instances/default/workspaces/3ec8f6dd-1735-4479-9825-a2c42edac34c/data/buy30590_deep/deep-cycle-2839-2026-06-06T03-28-25-380Z.ndjson
[2026-06-06T03:28:33.089Z] deep cycle 2840: 80 domains → 0 hit → 0 deep products → /paperclip/instances/default/workspaces/3ec8f6dd-1735-4479-9825-a2c42edac34c/data/buy30590_deep/deep-cycle-2840-2026-06-06T03-28-31-720Z.ndjson
[2026-06-06T03:28:38.968Z] deep cycle 2841: 80 domains → 0 hit → 0 deep products → /paperclip/instances/default/workspaces/3ec8f6dd-1735-4479-9825-a2c42edac34c/data/buy30590_deep/deep-cycle-2841-2026-06-06T03-28-38-094Z.ndjson
[2026-06-06T03:28:44.673Z] deep cycle 2842: 80 domains → 0 hit → 0 deep products → /paperclip/instances/default/workspaces/3ec8f6dd-1735-4479-9825-a2c42edac34c/data/buy30590_deep/deep-cycle-2842-2026-06-06T03-28-43-973Z.ndjson
[2026-06-06T03:29:00.811Z] deep cycle 2843: 80 domains → 0 hit → 0 deep products → /paperclip/instances/default/workspaces/3ec8f6dd-1735-4479-9825-a2c42edac34c/data/buy30590_deep/deep-cycle-2843-2026-06-06T03-28-49-678Z.ndjson
[2026-06-06T03:29:08.468Z] deep cycle 2844: 80 domains → 0 hit → 0 deep products → /paperclip/instances/default/workspaces/3ec8f6dd-1735-4479-9825-a2c42edac34c/data/buy30590_deep/deep-cycle-2844-2026-06-06T03-29-05-816Z.ndjson
[2026-06-06T03:29:15.080Z] deep cycle 2845: 80 domains → 0 hit → 0 deep products → /paperclip/instances/default/workspaces/3ec8f6dd-1735-4479-9825-a2c42edac34c/data/buy30590_deep/deep-cycle-2845-2026-06-06T03-29-13-472Z.ndjson
[2026-06-06T03:29:21.230Z] deep cycle 2846: 80 domains → 0 hit → 0 deep products → /paperclip/instances/default/workspaces/3ec8f6dd-1735-4479-9825-a2c42edac34c/data/buy30590_deep/deep-cycle-2846-2026-06-06T03-29-20-085Z.ndjson
[2026-06-06T03:29:28.149Z] deep cycle 2847: 80 domains → 0 hit → 0 deep products → /paperclip/instances/default/workspaces/3ec8f6dd-1735-4479-9825-a2c42edac34c/data/buy30590_deep/deep-cycle-2847-2026-06-06T03-29-26-236Z.ndjson
[2026-06-06T03:29:34.662Z] deep cycle 2848: 80 domains → 0 hit → 0 deep products → /paperclip/instances/default/workspaces/3ec8f6dd-1735-4479-9825-a2c42edac34c/data/buy30590_deep/deep-cycle-2848-2026-06-06T03-29-33-156Z.ndjson
[2026-06-06T03:29:40.296Z] deep cycle 2849: 80 domains → 0 hit → 0 deep products → /paperclip/instances/default/workspaces/3ec8f6dd-1735-4479-9825-a2c42edac34c/data/buy30590_deep/deep-cycle-2849-2026-06-06T03-29-39-665Z.ndjson
[2026-06-06T03:29:45.745Z] deep cycle 2850: 80 domains → 0 hit → 0 deep products → /paperclip/instances/default/workspaces/3ec8f6dd-1735-4479-9825-a2c42edac34c/data/buy30590_deep/deep-cycle-2850-2026-06-06T03-29-45-300Z.ndjson
[2026-06-06T03:29:51.608Z] deep cycle 2851: 80 domains → 0 hit → 0 deep products → /paperclip/instances/default/workspaces/3ec8f6dd-1735-4479-9825-a2c42edac34c/data/buy30590_deep/deep-cycle-2851-2026-06-06T03-29-50-751Z.ndjson
[2026-06-06T03:29:57.050Z] deep cycle 2852: 80 domains → 0 hit → 0 deep products → /paperclip/instances/default/workspaces/3ec8f6dd-1735-4479-9825-a2c42edac34c/data/buy30590_deep/deep-cycle-2852-2026-06-06T03-29-56-612Z.ndjson
[2026-06-06T03:30:02.623Z] deep cycle 2853: 80 domains → 0 hit → 0 deep products → /paperclip/instances/default/workspaces/3ec8f6dd-1735-4479-9825-a2c42edac34c/data/buy30590_deep/deep-cycle-2853-2026-06-06T03-30-02-055Z.ndjson
[2026-06-06T03:30:08.530Z] deep cycle 2854: 80 domains → 0 hit → 0 deep products → /paperclip/instances/default/workspaces/3ec8f6dd-1735-4479-9825-a2c42edac34c/data/buy30590_deep/deep-cycle-2854-2026-06-06T03-30-07-628Z.ndjson
[2026-06-06T03:30:14.238Z] deep cycle 2855: 80 domains → 0 hit → 0 deep products → /paperclip/instances/default/workspaces/3ec8f6dd-1735-4479-9825-a2c42edac34c/data/buy30590_deep/deep-cycle-2855-2026-06-06T03-30-13-536Z.ndjson
[2026-06-06T03:30:20.071Z] deep cycle 2856: 80 domains → 0 hit → 0 deep products → /paperclip/instances/default/workspaces/3ec8f6dd-1735-4479-9825-a2c42edac34c/data/buy30590_deep/deep-cycle-2856-2026-06-06T03-30-19-240Z.ndjson
[2026-06-06T03:30:25.633Z] deep cycle 2857: 80 domains → 0 hit → 0 deep products → /paperclip/instances/default/workspaces/3ec8f6dd-1735-4479-9825-a2c42edac34c/data/buy30590_deep/deep-cycle-2857-2026-06-06T03-30-25-075Z.ndjson
[2026-06-06T03:30:31.342Z] deep cycle 2858: 80 domains → 0 hit → 0 deep products → /paperclip/instances/default/workspaces/3ec8f6dd-1735-4479-9825-a2c42edac34c/data/buy30590_deep/deep-cycle-2858-2026-06-06T03-30-30-638Z.ndjson
[2026-06-06T03:30:36.734Z] deep cycle 2859: 80 domains → 0 hit → 0 deep products → /paperclip/instances/default/workspaces/3ec8f6dd-1735-4479-9825-a2c42edac34c/data/buy30590_deep/deep-cycle-2859-2026-06-06T03-30-36-342Z.ndjson
[2026-06-06T03:30:42.531Z] deep cycle 2860: 80 domains → 0 hit → 0 deep products → /paperclip/instances/default/workspaces/3ec8f6dd-1735-4479-9825-a2c42edac34c/data/buy30590_deep/deep-cycle-2860-2026-06-06T03-30-41-740Z.ndjson
[2026-06-06T03:30:48.504Z] deep cycle 2861: 80 domains → 0 hit → 0 deep products → /paperclip/instances/default/workspaces/3ec8f6dd-1735-4479-9825-a2c42edac34c/data/buy30590_deep/deep-cycle-2861-2026-06-06T03-30-47-535Z.ndjson
[2026-06-06T03:30:53.920Z] deep cycle 2862: 80 domains → 0 hit → 0 deep products → /paperclip/instances/default/workspaces/3ec8f6dd-1735-4479-9825-a2c42edac34c/data/buy30590_deep/deep-cycle-2862-2026-06-06T03-30-53-512Z.ndjson
[2026-06-06T03:30:59.659Z] deep cycle 2863: 80 domains → 0 hit → 0 deep products → /paperclip/instances/default/workspaces/3ec8f6dd-1735-4479-9825-a2c42edac34c/data/buy30590_deep/deep-cycle-2863-2026-06-06T03-30-58-922Z.ndjson
[2026-06-06T03:31:05.025Z] deep cycle 2864: 80 domains → 0 hit → 0 deep products → /paperclip/instances/default/workspaces/3ec8f6dd-1735-4479-9825-a2c42edac34c/data/buy30590_deep/deep-cycle-2864-2026-06-06T03-31-04-660Z.ndjson
[2026-06-06T03:31:10.794Z] deep cycle 2865: 80 domains → 0 hit → 0 deep products → /paperclip/instances/default/workspaces/3ec8f6dd-1735-4479-9825-a2c42edac34c/data/buy30590_deep/deep-cycle-2865-2026-06-06T03-31-10-026Z.ndjson
[2026-06-06T03:31:26.314Z] deep cycle 2866: 80 domains → 0 hit → 0 deep products → /paperclip/instances/default/workspaces/3ec8f6dd-1735-4479-9825-a2c42edac34c/data/buy30590_deep/deep-cycle-2866-2026-06-06T03-31-15-799Z.ndjson
[2026-06-06T03:31:32.565Z] deep cycle 2867: 80 domains → 0 hit → 0 deep products → /paperclip/instances/default/workspaces/3ec8f6dd-1735-4479-9825-a2c42edac34c/data/buy30590_deep/deep-cycle-2867-2026-06-06T03-31-31-317Z.ndjson
[2026-06-06T03:31:38.282Z] deep cycle 2868: 80 domains → 0 hit → 0 deep products → /paperclip/instances/default/workspaces/3ec8f6dd-1735-4479-9825-a2c42edac34c/data/buy30590_deep/deep-cycle-2868-2026-06-06T03-31-37-569Z.ndjson
[2026-06-06T03:31:44.573Z] deep cycle 2869: 80 domains → 0 hit → 0 deep products → /paperclip/instances/default/workspaces/3ec8f6dd-1735-4479-9825-a2c42edac34c/data/buy30590_deep/deep-cycle-2869-2026-06-06T03-31-43-284Z.ndjson
[2026-06-06T03:31:50.430Z] deep cycle 2870: 80 domains → 0 hit → 0 deep products → /paperclip/instances/default/workspaces/3ec8f6dd-1735-4479-9825-a2c42edac34c/data/buy30590_deep/deep-cycle-2870-2026-06-06T03-31-49-578Z.ndjson
[2026-06-06T03:31:56.117Z] deep cycle 2871: 80 domains → 0 hit → 0 deep products → /paperclip/instances/default/workspaces/3ec8f6dd-1735-4479-9825-a2c42edac34c/data/buy30590_deep/deep-cycle-2871-2026-06-06T03-31-55-434Z.ndjson
[2026-06-06T03:32:01.691Z] deep cycle 2872: 80 domains → 0 hit → 0 deep products → /paperclip/instances/default/workspaces/3ec8f6dd-1735-4479-9825-a2c42edac34c/data/buy30590_deep/deep-cycle-2872-2026-06-06T03-32-01-119Z.ndjson
[2026-06-06T03:32:07.155Z] deep cycle 2873: 80 domains → 0 hit → 0 deep products → /paperclip/instances/default/workspaces/3ec8f6dd-1735-4479-9825-a2c42edac34c/data/buy30590_deep/deep-cycle-2873-2026-06-06T03-32-06-696Z.ndjson
[2026-06-06T03:32:14.838Z] deep cycle 2874: 80 domains → 0 hit → 0 deep products → /paperclip/instances/default/workspaces/3ec8f6dd-1735-4479-9825-a2c42edac34c/data/buy30590_deep/deep-cycle-2874-2026-06-06T03-32-12-159Z.ndjson
[2026-06-06T03:32:20.769Z] deep cycle 2875: 80 domains → 0 hit → 0 deep products → /paperclip/instances/default/workspaces/3ec8f6dd-1735-4479-9825-a2c42edac34c/data/buy30590_deep/deep-cycle-2875-2026-06-06T03-32-19-843Z.ndjson
[2026-06-06T03:32:26.695Z] deep cycle 2876: 80 domains → 0 hit → 0 deep products → /paperclip/instances/default/workspaces/3ec8f6dd-1735-4479-9825-a2c42edac34c/data/buy30590_deep/deep-cycle-2876-2026-06-06T03-32-25-773Z.ndjson
[2026-06-06T03:33:18.930Z] deep cycle 2877: 80 domains → 2 hit → 3750 deep products → /paperclip/instances/default/workspaces/3ec8f6dd-1735-4479-9825-a2c42edac34c/data/buy30590_deep/deep-cycle-2877-2026-06-06T03-32-31-697Z.ndjson
[2026-06-06T03:33:33.233Z] deep cycle 2877 ingest: exit=0 14.3s === STREAM INGEST DONE ===
files=1 lines=3750 valid=3750 written=3750 errors=0
skipped: {}
top sources: [ [ 'shopify', 3750 ] ]
[2026-06-06T03:33:38.757Z] deep cycle 2878: 80 domains → 0 hit → 0 deep products → /paperclip/instances/default/workspaces/3ec8f6dd-1735-4479-9825-a2c42edac34c/data/buy30590_deep/deep-cycle-2878-2026-06-06T03-33-38-237Z.ndjson
[2026-06-06T03:33:44.192Z] deep cycle 2879: 80 domains → 0 hit → 0 deep products → /paperclip/instances/default/workspaces/3ec8f6dd-1735-4479-9825-a2c42edac34c/data/buy30590_deep/deep-cycle-2879-2026-06-06T03-33-43-763Z.ndjson
[2026-06-06T03:33:49.869Z] deep cycle 2880: 80 domains → 0 hit → 0 deep products → /paperclip/instances/default/workspaces/3ec8f6dd-1735-4479-9825-a2c42edac34c/data/buy30590_deep/deep-cycle-2880-2026-06-06T03-33-49-197Z.ndjson
[2026-06-06T03:33:55.417Z] deep cycle 2881: 80 domains → 0 hit → 0 deep products → /paperclip/instances/default/workspaces/3ec8f6dd-1735-4479-9825-a2c42edac34c/data/buy30590_deep/deep-cycle-2881-2026-06-06T03-33-54-871Z.ndjson
[2026-06-06T03:34:01.074Z] deep cycle 2882: 80 domains → 0 hit → 0 deep products → /paperclip/instances/default/workspaces/3ec8f6dd-1735-4479-9825-a2c42edac34c/data/buy30590_deep/deep-cycle-2882-2026-06-06T03-34-00-421Z.ndjson
[2026-06-06T03:34:07.070Z] deep cycle 2883: 80 domains → 0 hit → 0 deep products → /paperclip/instances/default/workspaces/3ec8f6dd-1735-4479-9825-a2c42edac34c/data/buy30590_deep/deep-cycle-2883-2026-06-06T03-34-06-076Z.ndjson
[2026-06-06T03:34:12.488Z] deep cycle 2884: 80 domains → 0 hit → 0 deep products → /paperclip/instances/default/workspaces/3ec8f6dd-1735-4479-9825-a2c42edac34c/data/buy30590_deep/deep-cycle-2884-2026-06-06T03-34-12-075Z.ndjson
[2026-06-06T03:34:18.225Z] deep cycle 2885: 80 domains → 0 hit → 0 deep products → /paperclip/instances/default/workspaces/3ec8f6dd-1735-4479-9825-a2c42edac34c/data/buy30590_deep/deep-cycle-2885-2026-06-06T03-34-17-493Z.ndjson
[2026-06-06T03:34:24.105Z] deep cycle 2886: 80 domains → 0 hit → 0 deep products → /paperclip/instances/default/workspaces/3ec8f6dd-1735-4479-9825-a2c42edac34c/data/buy30590_deep/deep-cycle-2886-2026-06-06T03-34-23-230Z.ndjson
[2026-06-06T03:34:29.562Z] deep cycle 2887: 80 domains → 0 hit → 0 deep products → /paperclip/instances/default/workspaces/3ec8f6dd-1735-4479-9825-a2c42edac34c/data/buy30590_deep/deep-cycle-2887-2026-06-06T03-34-29-107Z.ndjson
[2026-06-06T03:34:35.778Z] deep cycle 2888: 80 domains → 0 hit → 0 deep products → /paperclip/instances/default/workspaces/3ec8f6dd-1735-4479-9825-a2c42edac34c/data/buy30590_deep/deep-cycle-2888-2026-06-06T03-34-34-568Z.ndjson
[2026-06-06T03:34:41.415Z] deep cycle 2889: 80 domains → 0 hit → 0 deep products → /paperclip/instances/default/workspaces/3ec8f6dd-1735-4479-9825-a2c42edac34c/data/buy30590_deep/deep-cycle-2889-2026-06-06T03-34-40-779Z.ndjson
[2026-06-06T03:34:47.478Z] deep cycle 2890: 80 domains → 0 hit → 0 deep products → /paperclip/instances/default/workspaces/3ec8f6dd-1735-4479-9825-a2c42edac34c/data/buy30590_deep/deep-cycle-2890-2026-06-06T03-34-46-416Z.ndjson
[2026-06-06T03:34:53.397Z] deep cycle 2891: 80 domains → 0 hit → 0 deep products → /paperclip/instances/default/workspaces/3ec8f6dd-1735-4479-9825-a2c42edac34c/data/buy30590_deep/deep-cycle-2891-2026-06-06T03-34-52-483Z.ndjson
[2026-06-06T03:34:58.868Z] deep cycle 2892: 80 domains → 0 hit → 0 deep products → /paperclip/instances/default/workspaces/3ec8f6dd-1735-4479-9825-a2c42edac34c/data/buy30590_deep/deep-cycle-2892-2026-06-06T03-34-58-402Z.ndjson
[2026-06-06T03:35:04.623Z] deep cycle 2893: 80 domains → 0 hit → 0 deep products → /paperclip/instances/default/workspaces/3ec8f6dd-1735-4479-9825-a2c42edac34c/data/buy30590_deep/deep-cycle-2893-2026-06-06T03-35-03-872Z.ndjson
[2026-06-06T03:35:10.040Z] deep cycle 2894: 80 domains → 0 hit → 0 deep products → /paperclip/instances/default/workspaces/3ec8f6dd-1735-4479-9825-a2c42edac34c/data/buy30590_deep/deep-cycle-2894-2026-06-06T03-35-09-623Z.ndjson
[2026-06-06T03:35:15.493Z] deep cycle 2895: 80 domains → 0 hit → 0 deep products → /paperclip/instances/default/workspaces/3ec8f6dd-1735-4479-9825-a2c42edac34c/data/buy30590_deep/deep-cycle-2895-2026-06-06T03-35-15-045Z.ndjson
[2026-06-06T03:35:31.296Z] deep cycle 2896: 80 domains → 0 hit → 0 deep products → /paperclip/instances/default/workspaces/3ec8f6dd-1735-4479-9825-a2c42edac34c/data/buy30590_deep/deep-cycle-2896-2026-06-06T03-35-20-499Z.ndjson
[2026-06-06T03:35:36.932Z] deep cycle 2897: 80 domains → 0 hit → 0 deep products → /paperclip/instances/default/workspaces/3ec8f6dd-1735-4479-9825-a2c42edac34c/data/buy30590_deep/deep-cycle-2897-2026-06-06T03-35-36-301Z.ndjson
[2026-06-06T03:35:42.748Z] deep cycle 2898: 80 domains → 0 hit → 0 deep products → /paperclip/instances/default/workspaces/3ec8f6dd-1735-4479-9825-a2c42edac34c/data/buy30590_deep/deep-cycle-2898-2026-06-06T03-35-41-934Z.ndjson
[2026-06-06T03:35:48.785Z] deep cycle 2899: 80 domains → 0 hit → 0 deep products → /paperclip/instances/default/workspaces/3ec8f6dd-1735-4479-9825-a2c42edac34c/data/buy30590_deep/deep-cycle-2899-2026-06-06T03-35-47-750Z.ndjson
[2026-06-06T03:35:54.187Z] deep cycle 2900: 80 domains → 0 hit → 0 deep products → /paperclip/instances/default/workspaces/3ec8f6dd-1735-4479-9825-a2c42edac34c/data/buy30590_deep/deep-cycle-2900-2026-06-06T03-35-53-790Z.ndjson
[2026-06-06T03:35:59.514Z] deep cycle 2901: 80 domains → 0 hit → 0 deep products → /paperclip/instances/default/workspaces/3ec8f6dd-1735-4479-9825-a2c42edac34c/data/buy30590_deep/deep-cycle-2901-2026-06-06T03-35-59-192Z.ndjson
[2026-06-06T03:36:04.805Z] deep cycle 2902: 80 domains → 0 hit → 0 deep products → /paperclip/instances/default/workspaces/3ec8f6dd-1735-4479-9825-a2c42edac34c/data/buy30590_deep/deep-cycle-2902-2026-06-06T03-36-04-519Z.ndjson
[2026-06-06T03:36:10.082Z] deep cycle 2903: 80 domains → 0 hit → 0 deep products → /paperclip/instances/default/workspaces/3ec8f6dd-1735-4479-9825-a2c42edac34c/data/buy30590_deep/deep-cycle-2903-2026-06-06T03-36-09-811Z.ndjson
[2026-06-06T03:36:15.360Z] deep cycle 2904: 80 domains → 0 hit → 0 deep products → /paperclip/instances/default/workspaces/3ec8f6dd-1735-4479-9825-a2c42edac34c/data/buy30590_deep/deep-cycle-2904-2026-06-06T03-36-15-087Z.ndjson
[2026-06-06T03:36:20.795Z] deep cycle 2905: 80 domains → 0 hit → 0 deep products → /paperclip/instances/default/workspaces/3ec8f6dd-1735-4479-9825-a2c42edac34c/data/buy30590_deep/deep-cycle-2905-2026-06-06T03-36-20-366Z.ndjson
[2026-06-06T03:36:26.097Z] deep cycle 2906: 80 domains → 0 hit → 0 deep products → /paperclip/instances/default/workspaces/3ec8f6dd-1735-4479-9825-a2c42edac34c/data/buy30590_deep/deep-cycle-2906-2026-06-06T03-36-25-800Z.ndjson
[2026-06-06T03:36:31.405Z] deep cycle 2907: 80 domains → 0 hit → 0 deep products → /paperclip/instances/default/workspaces/3ec8f6dd-1735-4479-9825-a2c42edac34c/data/buy30590_deep/deep-cycle-2907-2026-06-06T03-36-31-101Z.ndjson
[2026-06-06T03:36:36.742Z] deep cycle 2908: 80 domains → 0 hit → 0 deep products → /paperclip/instances/default/workspaces/3ec8f6dd-1735-4479-9825-a2c42edac34c/data/buy30590_deep/deep-cycle-2908-2026-06-06T03-36-36-410Z.ndjson
[2026-06-06T03:36:42.165Z] deep cycle 2909: 80 domains → 0 hit → 0 deep products → /paperclip/instances/default/workspaces/3ec8f6dd-1735-4479-9825-a2c42edac34c/data/buy30590_deep/deep-cycle-2909-2026-06-06T03-36-41-748Z.ndjson
[2026-06-06T03:36:47.454Z] deep cycle 2910: 80 domains → 0 hit → 0 deep products → /paperclip/instances/default/workspaces/3ec8f6dd-1735-4479-9825-a2c42edac34c/data/buy30590_deep/deep-cycle-2910-2026-06-06T03-36-47-168Z.ndjson
[2026-06-06T03:36:52.749Z] deep cycle 2911: 80 domains → 0 hit → 0 deep products → /paperclip/instances/default/workspaces/3ec8f6dd-1735-4479-9825-a2c42edac34c/data/buy30590_deep/deep-cycle-2911-2026-06-06T03-36-52-460Z.ndjson
[2026-06-06T03:36:58.058Z] deep cycle 2912: 80 domains → 0 hit → 0 deep products → /paperclip/instances/default/workspaces/3ec8f6dd-1735-4479-9825-a2c42edac34c/data/buy30590_deep/deep-cycle-2912-2026-06-06T03-36-57-755Z.ndjson
[2026-06-06T03:37:03.373Z] deep cycle 2913: 80 domains → 0 hit → 0 deep products → /paperclip/instances/default/workspaces/3ec8f6dd-1735-4479-9825-a2c42edac34c/data/buy30590_deep/deep-cycle-2913-2026-06-06T03-37-03-062Z.ndjson
[2026-06-06T03:37:08.777Z] deep cycle 2914: 80 domains → 0 hit → 0 deep products → /paperclip/instances/default/workspaces/3ec8f6dd-1735-4479-9825-a2c42edac34c/data/buy30590_deep/deep-cycle-2914-2026-06-06T03-37-08-378Z.ndjson
[2026-06-06T03:37:14.076Z] deep cycle 2915: 80 domains → 0 hit → 0 deep products → /paperclip/instances/default/workspaces/3ec8f6dd-1735-4479-9825-a2c42edac34c/data/buy30590_deep/deep-cycle-2915-2026-06-06T03-37-13-782Z.ndjson
[2026-06-06T03:37:19.364Z] deep cycle 2916: 80 domains → 0 hit → 0 deep products → /paperclip/instances/default/workspaces/3ec8f6dd-1735-4479-9825-a2c42edac34c/data/buy30590_deep/deep-cycle-2916-2026-06-06T03-37-19-080Z.ndjson
[2026-06-06T03:37:24.681Z] deep cycle 2917: 80 domains → 0 hit → 0 deep products → /paperclip/instances/default/workspaces/3ec8f6dd-1735-4479-9825-a2c42edac34c/data/buy30590_deep/deep-cycle-2917-2026-06-06T03-37-24-368Z.ndjson
[2026-06-06T03:37:30.107Z] deep cycle 2918: 80 domains → 0 hit → 0 deep products → /paperclip/instances/default/workspaces/3ec8f6dd-1735-4479-9825-a2c42edac34c/data/buy30590_deep/deep-cycle-2918-2026-06-06T03-37-29-685Z.ndjson
[2026-06-06T03:37:35.370Z] deep cycle 2919: 80 domains → 0 hit → 0 deep products → /paperclip/instances/default/workspaces/3ec8f6dd-1735-4479-9825-a2c42edac34c/data/buy30590_deep/deep-cycle-2919-2026-06-06T03-37-35-112Z.ndjson
[2026-06-06T03:37:40.813Z] deep cycle 2920: 80 domains → 0 hit → 0 deep products → /paperclip/instances/default/workspaces/3ec8f6dd-1735-4479-9825-a2c42edac34c/data/buy30590_deep/deep-cycle-2920-2026-06-06T03-37-40-375Z.ndjson
[2026-06-06T03:37:46.263Z] deep cycle 2921: 80 domains → 0 hit → 0 deep products → /paperclip/instances/default/workspaces/3ec8f6dd-1735-4479-9825-a2c42edac34c/data/buy30590_deep/deep-cycle-2921-2026-06-06T03-37-45-820Z.ndjson
[2026-06-06T03:37:51.551Z] deep cycle 2922: 80 domains → 0 hit → 0 deep products → /paperclip/instances/default/workspaces/3ec8f6dd-1735-4479-9825-a2c42edac34c/data/buy30590_deep/deep-cycle-2922-2026-06-06T03-37-51-268Z.ndjson
[2026-06-06T03:37:56.852Z] deep cycle 2923: 80 domains → 0 hit → 0 deep products → /paperclip/instances/default/workspaces/3ec8f6dd-1735-4479-9825-a2c42edac34c/data/buy30590_deep/deep-cycle-2923-2026-06-06T03-37-56-555Z.ndjson
[2026-06-06T03:38:02.139Z] deep cycle 2924: 80 domains → 0 hit → 0 deep products → /paperclip/instances/default/workspaces/3ec8f6dd-1735-4479-9825-a2c42edac34c/data/buy30590_deep/deep-cycle-2924-2026-06-06T03-38-01-854Z.ndjson
[2026-06-06T03:38:07.412Z] deep cycle 2925: 80 domains → 0 hit → 0 deep products → /paperclip/instances/default/workspaces/3ec8f6dd-1735-4479-9825-a2c42edac34c/data/buy30590_deep/deep-cycle-2925-2026-06-06T03-38-07-145Z.ndjson
[2026-06-06T03:38:12.797Z] deep cycle 2926: 80 domains → 0 hit → 0 deep products → /paperclip/instances/default/workspaces/3ec8f6dd-1735-4479-9825-a2c42edac34c/data/buy30590_deep/deep-cycle-2926-2026-06-06T03-38-12-418Z.ndjson
[2026-06-06T03:38:18.221Z] deep cycle 2927: 80 domains → 0 hit → 0 deep products → /paperclip/instances/default/workspaces/3ec8f6dd-1735-4479-9825-a2c42edac34c/data/buy30590_deep/deep-cycle-2927-2026-06-06T03-38-17-802Z.ndjson
[2026-06-06T03:38:23.504Z] deep cycle 2928: 80 domains → 0 hit → 0 deep products → /paperclip/instances/default/workspaces/3ec8f6dd-1735-4479-9825-a2c42edac34c/data/buy30590_deep/deep-cycle-2928-2026-06-06T03-38-23-222Z.ndjson
[2026-06-06T03:38:28.831Z] deep cycle 2929: 80 domains → 0 hit → 0 deep products → /paperclip/instances/default/workspaces/3ec8f6dd-1735-4479-9825-a2c42edac34c/data/buy30590_deep/deep-cycle-2929-2026-06-06T03-38-28-510Z.ndjson
[2026-06-06T03:38:34.196Z] deep cycle 2930: 80 domains → 0 hit → 0 deep products → /paperclip/instances/default/workspaces/3ec8f6dd-1735-4479-9825-a2c42edac34c/data/buy30590_deep/deep-cycle-2930-2026-06-06T03-38-33-836Z.ndjson
[2026-06-06T03:38:39.496Z] deep cycle 2931: 80 domains → 0 hit → 0 deep products → /paperclip/instances/default/workspaces/3ec8f6dd-1735-4479-9825-a2c42edac34c/data/buy30590_deep/deep-cycle-2931-2026-06-06T03-38-39-201Z.ndjson
[2026-06-06T03:38:44.807Z] deep cycle 2932: 80 domains → 0 hit → 0 deep products → /paperclip/instances/default/workspaces/3ec8f6dd-1735-4479-9825-a2c42edac34c/data/buy30590_deep/deep-cycle-2932-2026-06-06T03-38-44-499Z.ndjson
[2026-06-06T03:38:50.091Z] deep cycle 2933: 80 domains → 0 hit → 0 deep products → /paperclip/instances/default/workspaces/3ec8f6dd-1735-4479-9825-a2c42edac34c/data/buy30590_deep/deep-cycle-2933-2026-06-06T03-38-49-813Z.ndjson
[2026-06-06T03:38:55.418Z] deep cycle 2934: 80 domains → 0 hit → 0 deep products → /paperclip/instances/default/workspaces/3ec8f6dd-1735-4479-9825-a2c42edac34c/data/buy30590_deep/deep-cycle-2934-2026-06-06T03-38-55-095Z.ndjson
[2026-06-06T03:39:00.753Z] deep cycle 2935: 80 domains → 0 hit → 0 deep products → /paperclip/instances/default/workspaces/3ec8f6dd-1735-4479-9825-a2c42edac34c/data/buy30590_deep/deep-cycle-2935-2026-06-06T03-39-00-424Z.ndjson
[2026-06-06T03:39:06.194Z] deep cycle 2936: 80 domains → 0 hit → 0 deep products → /paperclip/instances/default/workspaces/3ec8f6dd-1735-4479-9825-a2c42edac34c/data/buy30590_deep/deep-cycle-2936-2026-06-06T03-39-05-757Z.ndjson
[2026-06-06T03:39:11.509Z] deep cycle 2937: 80 domains → 0 hit → 0 deep products → /paperclip/instances/default/workspaces/3ec8f6dd-1735-4479-9825-a2c42edac34c/data/buy30590_deep/deep-cycle-2937-2026-06-06T03-39-11-199Z.ndjson
[2026-06-06T03:39:16.775Z] deep cycle 2938: 80 domains → 0 hit → 0 deep products → /paperclip/instances/default/workspaces/3ec8f6dd-1735-4479-9825-a2c42edac34c/data/buy30590_deep/deep-cycle-2938-2026-06-06T03-39-16-514Z.ndjson
[2026-06-06T03:39:22.245Z] deep cycle 2939: 80 domains → 0 hit → 0 deep products → /paperclip/instances/default/workspaces/3ec8f6dd-1735-4479-9825-a2c42edac34c/data/buy30590_deep/deep-cycle-2939-2026-06-06T03-39-21-779Z.ndjson
[2026-06-06T03:39:27.519Z] deep cycle 2940: 80 domains → 0 hit → 0 deep products → /paperclip/instances/default/workspaces/3ec8f6dd-1735-4479-9825-a2c42edac34c/data/buy30590_deep/deep-cycle-2940-2026-06-06T03-39-27-251Z.ndjson
[2026-06-06T03:39:32.952Z] deep cycle 2941: 80 domains → 0 hit → 0 deep products → /paperclip/instances/default/workspaces/3ec8f6dd-1735-4479-9825-a2c42edac34c/data/buy30590_deep/deep-cycle-2941-2026-06-06T03-39-32-525Z.ndjson
[2026-06-06T03:39:38.288Z] deep cycle 2942: 80 domains → 0 hit → 0 deep products → /paperclip/instances/default/workspaces/3ec8f6dd-1735-4479-9825-a2c42edac34c/data/buy30590_deep/deep-cycle-2942-2026-06-06T03-39-37-957Z.ndjson
[2026-06-06T03:39:43.731Z] deep cycle 2943: 80 domains → 0 hit → 0 deep products → /paperclip/instances/default/workspaces/3ec8f6dd-1735-4479-9825-a2c42edac34c/data/buy30590_deep/deep-cycle-2943-2026-06-06T03-39-43-293Z.ndjson
[2026-06-06T03:39:49.015Z] deep cycle 2944: 80 domains → 0 hit → 0 deep products → /paperclip/instances/default/workspaces/3ec8f6dd-1735-4479-9825-a2c42edac34c/data/buy30590_deep/deep-cycle-2944-2026-06-06T03-39-48-735Z.ndjson
[2026-06-06T03:39:59.879Z] deep cycle 2945: 80 domains → 0 hit → 0 deep products → /paperclip/instances/default/workspaces/3ec8f6dd-1735-4479-9825-a2c42edac34c/data/buy30590_deep/deep-cycle-2945-2026-06-06T03-39-54-020Z.ndjson
[2026-06-06T03:40:09.778Z] deep cycle 2946: 80 domains → 0 hit → 0 deep products → /paperclip/instances/default/workspaces/3ec8f6dd-1735-4479-9825-a2c42edac34c/data/buy30590_deep/deep-cycle-2946-2026-06-06T03-40-04-894Z.ndjson
[2026-06-06T03:40:15.100Z] deep cycle 2947: 80 domains → 0 hit → 0 deep products → /paperclip/instances/default/workspaces/3ec8f6dd-1735-4479-9825-a2c42edac34c/data/buy30590_deep/deep-cycle-2947-2026-06-06T03-40-14-779Z.ndjson
[2026-06-06T03:40:20.392Z] deep cycle 2948: 80 domains → 0 hit → 0 deep products → /paperclip/instances/default/workspaces/3ec8f6dd-1735-4479-9825-a2c42edac34c/data/buy30590_deep/deep-cycle-2948-2026-06-06T03-40-20-100Z.ndjson
[2026-06-06T03:40:25.716Z] deep cycle 2949: 80 domains → 0 hit → 0 deep products → /paperclip/instances/default/workspaces/3ec8f6dd-1735-4479-9825-a2c42edac34c/data/buy30590_deep/deep-cycle-2949-2026-06-06T03-40-25-392Z.ndjson
[2026-06-06T03:40:31.058Z] deep cycle 2950: 80 domains → 0 hit → 0 deep products → /paperclip/instances/default/workspaces/3ec8f6dd-1735-4479-9825-a2c42edac34c/data/buy30590_deep/deep-cycle-2950-2026-06-06T03-40-30-718Z.ndjson
[2026-06-06T03:40:36.393Z] deep cycle 2951: 80 domains → 0 hit → 0 deep products → /paperclip/instances/default/workspaces/3ec8f6dd-1735-4479-9825-a2c42edac34c/data/buy30590_deep/deep-cycle-2951-2026-06-06T03-40-36-059Z.ndjson
[2026-06-06T03:40:41.978Z] deep cycle 2952: 80 domains → 1 hit → 330 deep products → /paperclip/instances/default/workspaces/3ec8f6dd-1735-4479-9825-a2c42edac34c/data/buy30590_deep/deep-cycle-2952-2026-06-06T03-40-41-393Z.ndjson
[2026-06-06T03:40:57.164Z] deep cycle 2952 ingest: exit=0 15.2s === STREAM INGEST DONE ===
files=1 lines=330 valid=330 written=330 errors=0
skipped: {}
top sources: [ [ 'shopify', 330 ] ]
[2026-06-06T03:41:02.729Z] deep cycle 2953: 80 domains → 0 hit → 0 deep products → /paperclip/instances/default/workspaces/3ec8f6dd-1735-4479-9825-a2c42edac34c/data/buy30590_deep/deep-cycle-2953-2026-06-06T03-41-02-164Z.ndjson
[2026-06-06T03:41:08.315Z] deep cycle 2954: 80 domains → 0 hit → 0 deep products → /paperclip/instances/default/workspaces/3ec8f6dd-1735-4479-9825-a2c42edac34c/data/buy30590_deep/deep-cycle-2954-2026-06-06T03-41-07-729Z.ndjson
[2026-06-06T03:41:13.927Z] deep cycle 2955: 80 domains → 0 hit → 0 deep products → /paperclip/instances/default/workspaces/3ec8f6dd-1735-4479-9825-a2c42edac34c/data/buy30590_deep/deep-cycle-2955-2026-06-06T03-41-13-316Z.ndjson
[2026-06-06T03:41:20.232Z] deep cycle 2956: 80 domains → 0 hit → 0 deep products → /paperclip/instances/default/workspaces/3ec8f6dd-1735-4479-9825-a2c42edac34c/data/buy30590_deep/deep-cycle-2956-2026-06-06T03-41-18-931Z.ndjson
[2026-06-06T03:41:25.694Z] deep cycle 2957: 80 domains → 0 hit → 0 deep products → /paperclip/instances/default/workspaces/3ec8f6dd-1735-4479-9825-a2c42edac34c/data/buy30590_deep/deep-cycle-2957-2026-06-06T03-41-25-234Z.ndjson
[2026-06-06T03:41:31.039Z] deep cycle 2958: 80 domains → 0 hit → 0 deep products → /paperclip/instances/default/workspaces/3ec8f6dd-1735-4479-9825-a2c42edac34c/data/buy30590_deep/deep-cycle-2958-2026-06-06T03-41-30-695Z.ndjson
[2026-06-06T03:41:36.879Z] deep cycle 2959: 80 domains → 0 hit → 0 deep products → /paperclip/instances/default/workspaces/3ec8f6dd-1735-4479-9825-a2c42edac34c/data/buy30590_deep/deep-cycle-2959-2026-06-06T03-41-36-043Z.ndjson
[2026-06-06T03:41:42.436Z] deep cycle 2960: 80 domains → 0 hit → 0 deep products → /paperclip/instances/default/workspaces/3ec8f6dd-1735-4479-9825-a2c42edac34c/data/buy30590_deep/deep-cycle-2960-2026-06-06T03-41-41-884Z.ndjson
[2026-06-06T03:41:47.993Z] deep cycle 2961: 80 domains → 0 hit → 0 deep products → /paperclip/instances/default/workspaces/3ec8f6dd-1735-4479-9825-a2c42edac34c/data/buy30590_deep/deep-cycle-2961-2026-06-06T03-41-47-437Z.ndjson
[2026-06-06T03:41:53.844Z] deep cycle 2962: 80 domains → 0 hit → 0 deep products → /paperclip/instances/default/workspaces/3ec8f6dd-1735-4479-9825-a2c42edac34c/data/buy30590_deep/deep-cycle-2962-2026-06-06T03-41-52-998Z.ndjson
[2026-06-06T03:42:00.154Z] deep cycle 2963: 80 domains → 0 hit → 0 deep products → /paperclip/instances/default/workspaces/3ec8f6dd-1735-4479-9825-a2c42edac34c/data/buy30590_deep/deep-cycle-2963-2026-06-06T03-41-58-845Z.ndjson
[2026-06-06T03:42:05.843Z] deep cycle 2964: 80 domains → 0 hit → 0 deep products → /paperclip/instances/default/workspaces/3ec8f6dd-1735-4479-9825-a2c42edac34c/data/buy30590_deep/deep-cycle-2964-2026-06-06T03-42-05-154Z.ndjson
[2026-06-06T03:42:11.501Z] deep cycle 2965: 80 domains → 0 hit → 0 deep products → /paperclip/instances/default/workspaces/3ec8f6dd-1735-4479-9825-a2c42edac34c/data/buy30590_deep/deep-cycle-2965-2026-06-06T03-42-10-848Z.ndjson
[2026-06-06T03:42:16.990Z] deep cycle 2966: 80 domains → 0 hit → 0 deep products → /paperclip/instances/default/workspaces/3ec8f6dd-1735-4479-9825-a2c42edac34c/data/buy30590_deep/deep-cycle-2966-2026-06-06T03-42-16-506Z.ndjson
[2026-06-06T03:42:22.815Z] deep cycle 2967: 80 domains → 0 hit → 0 deep products → /paperclip/instances/default/workspaces/3ec8f6dd-1735-4479-9825-a2c42edac34c/data/buy30590_deep/deep-cycle-2967-2026-06-06T03-42-21-996Z.ndjson
[2026-06-06T03:42:38.634Z] deep cycle 2968: 80 domains → 0 hit → 0 deep products → /paperclip/instances/default/workspaces/3ec8f6dd-1735-4479-9825-a2c42edac34c/data/buy30590_deep/deep-cycle-2968-2026-06-06T03-42-27-820Z.ndjson
[2026-06-06T03:42:44.377Z] deep cycle 2969: 80 domains → 0 hit → 0 deep products → /paperclip/instances/default/workspaces/3ec8f6dd-1735-4479-9825-a2c42edac34c/data/buy30590_deep/deep-cycle-2969-2026-06-06T03-42-43-640Z.ndjson
[2026-06-06T03:42:50.361Z] deep cycle 2970: 80 domains → 0 hit → 0 deep products → /paperclip/instances/default/workspaces/3ec8f6dd-1735-4479-9825-a2c42edac34c/data/buy30590_deep/deep-cycle-2970-2026-06-06T03-42-49-382Z.ndjson
[2026-06-06T03:42:56.355Z] deep cycle 2971: 80 domains → 0 hit → 0 deep products → /paperclip/instances/default/workspaces/3ec8f6dd-1735-4479-9825-a2c42edac34c/data/buy30590_deep/deep-cycle-2971-2026-06-06T03-42-55-366Z.ndjson
[2026-06-06T03:43:02.322Z] deep cycle 2972: 80 domains → 0 hit → 0 deep products → /paperclip/instances/default/workspaces/3ec8f6dd-1735-4479-9825-a2c42edac34c/data/buy30590_deep/deep-cycle-2972-2026-06-06T03-43-01-360Z.ndjson
[2026-06-06T03:43:08.064Z] deep cycle 2973: 80 domains → 0 hit → 0 deep products → /paperclip/instances/default/workspaces/3ec8f6dd-1735-4479-9825-a2c42edac34c/data/buy30590_deep/deep-cycle-2973-2026-06-06T03-43-07-327Z.ndjson
[2026-06-06T03:43:14.169Z] deep cycle 2974: 80 domains → 0 hit → 0 deep products → /paperclip/instances/default/workspaces/3ec8f6dd-1735-4479-9825-a2c42edac34c/data/buy30590_deep/deep-cycle-2974-2026-06-06T03-43-13-064Z.ndjson
[2026-06-06T03:43:46.498Z] deep cycle 2975: 80 domains → 5 hit → 18970 deep products → /paperclip/instances/default/workspaces/3ec8f6dd-1735-4479-9825-a2c42edac34c/data/buy30590_deep/deep-cycle-2975-2026-06-06T03-43-19-172Z.ndjson
[2026-06-06T03:48:20.533Z] deep cycle 2975 ingest: exit=0 274.0s === STREAM INGEST DONE ===
files=1 lines=18970 valid=18970 written=18970 errors=0
skipped: {}
top sources: [ [ 'shopify', 18970 ] ]
[2026-06-06T03:48:26.420Z] deep cycle 2976: 80 domains → 0 hit → 0 deep products → /paperclip/instances/default/workspaces/3ec8f6dd-1735-4479-9825-a2c42edac34c/data/buy30590_deep/deep-cycle-2976-2026-06-06T03-48-25-538Z.ndjson
[2026-06-06T03:48:32.602Z] deep cycle 2977: 80 domains → 0 hit → 0 deep products → /paperclip/instances/default/workspaces/3ec8f6dd-1735-4479-9825-a2c42edac34c/data/buy30590_deep/deep-cycle-2977-2026-06-06T03-48-31-424Z.ndjson
[2026-06-06T03:48:43.825Z] deep cycle 2978: 80 domains → 1 hit → 4381 deep products → /paperclip/instances/default/workspaces/3ec8f6dd-1735-4479-9825-a2c42edac34c/data/buy30590_deep/deep-cycle-2978-2026-06-06T03-48-37-606Z.ndjson
[2026-06-06T03:48:46.191Z] deep cycle 2978 ingest: exit=0 2.4s === STREAM INGEST DONE ===
files=1 lines=4381 valid=4381 written=4381 errors=0
skipped: {}
top sources: [ [ 'shopify', 4381 ] ]
[2026-06-06T03:48:52.077Z] deep cycle 2979: 80 domains → 0 hit → 0 deep products → /paperclip/instances/default/workspaces/3ec8f6dd-1735-4479-9825-a2c42edac34c/data/buy30590_deep/deep-cycle-2979-2026-06-06T03-48-51-195Z.ndjson
[2026-06-06T03:48:58.486Z] deep cycle 2980: 80 domains → 0 hit → 0 deep products → /paperclip/instances/default/workspaces/3ec8f6dd-1735-4479-9825-a2c42edac34c/data/buy30590_deep/deep-cycle-2980-2026-06-06T03-48-57-083Z.ndjson
[2026-06-06T03:49:04.644Z] deep cycle 2981: 80 domains → 0 hit → 0 deep products → /paperclip/instances/default/workspaces/3ec8f6dd-1735-4479-9825-a2c42edac34c/data/buy30590_deep/deep-cycle-2981-2026-06-06T03-49-03-491Z.ndjson
[2026-06-06T03:49:11.567Z] deep cycle 2982: 80 domains → 0 hit → 0 deep products → /paperclip/instances/default/workspaces/3ec8f6dd-1735-4479-9825-a2c42edac34c/data/buy30590_deep/deep-cycle-2982-2026-06-06T03-49-09-647Z.ndjson
[2026-06-06T03:49:17.097Z] deep cycle 2983: 80 domains → 0 hit → 0 deep products → /paperclip/instances/default/workspaces/3ec8f6dd-1735-4479-9825-a2c42edac34c/data/buy30590_deep/deep-cycle-2983-2026-06-06T03-49-16-573Z.ndjson
[2026-06-06T03:49:22.838Z] deep cycle 2984: 80 domains → 0 hit → 0 deep products → /paperclip/instances/default/workspaces/3ec8f6dd-1735-4479-9825-a2c42edac34c/data/buy30590_deep/deep-cycle-2984-2026-06-06T03-49-22-103Z.ndjson
[2026-06-06T03:49:38.779Z] deep cycle 2985: 80 domains → 0 hit → 0 deep products → /paperclip/instances/default/workspaces/3ec8f6dd-1735-4479-9825-a2c42edac34c/data/buy30590_deep/deep-cycle-2985-2026-06-06T03-49-27-842Z.ndjson
[2026-06-06T03:49:44.779Z] deep cycle 2986: 80 domains → 0 hit → 0 deep products → /paperclip/instances/default/workspaces/3ec8f6dd-1735-4479-9825-a2c42edac34c/data/buy30590_deep/deep-cycle-2986-2026-06-06T03-49-43-784Z.ndjson
[2026-06-06T03:49:50.620Z] deep cycle 2987: 80 domains → 0 hit → 0 deep products → /paperclip/instances/default/workspaces/3ec8f6dd-1735-4479-9825-a2c42edac34c/data/buy30590_deep/deep-cycle-2987-2026-06-06T03-49-49-779Z.ndjson
[2026-06-06T03:49:56.354Z] deep cycle 2988: 80 domains → 0 hit → 0 deep products → /paperclip/instances/default/workspaces/3ec8f6dd-1735-4479-9825-a2c42edac34c/data/buy30590_deep/deep-cycle-2988-2026-06-06T03-49-55-625Z.ndjson
[2026-06-06T03:50:04.392Z] deep cycle 2989: 80 domains → 0 hit → 0 deep products → /paperclip/instances/default/workspaces/3ec8f6dd-1735-4479-9825-a2c42edac34c/data/buy30590_deep/deep-cycle-2989-2026-06-06T03-50-01-360Z.ndjson
[2026-06-06T03:50:11.618Z] deep cycle 2990: 80 domains → 0 hit → 0 deep products → /paperclip/instances/default/workspaces/3ec8f6dd-1735-4479-9825-a2c42edac34c/data/buy30590_deep/deep-cycle-2990-2026-06-06T03-50-09-397Z.ndjson
[2026-06-06T03:50:17.609Z] deep cycle 2991: 80 domains → 0 hit → 0 deep products → /paperclip/instances/default/workspaces/3ec8f6dd-1735-4479-9825-a2c42edac34c/data/buy30590_deep/deep-cycle-2991-2026-06-06T03-50-16-623Z.ndjson
[2026-06-06T03:50:26.243Z] deep cycle 2992: 80 domains → 0 hit → 0 deep products → /paperclip/instances/default/workspaces/3ec8f6dd-1735-4479-9825-a2c42edac34c/data/buy30590_deep/deep-cycle-2992-2026-06-06T03-50-22-614Z.ndjson
[2026-06-06T03:50:31.940Z] deep cycle 2993: 80 domains → 0 hit → 0 deep products → /paperclip/instances/default/workspaces/3ec8f6dd-1735-4479-9825-a2c42edac34c/data/buy30590_deep/deep-cycle-2993-2026-06-06T03-50-31-247Z.ndjson
[2026-06-06T03:50:37.907Z] deep cycle 2994: 80 domains → 0 hit → 0 deep products → /paperclip/instances/default/workspaces/3ec8f6dd-1735-4479-9825-a2c42edac34c/data/buy30590_deep/deep-cycle-2994-2026-06-06T03-50-36-945Z.ndjson
[2026-06-06T03:50:43.856Z] deep cycle 2995: 80 domains → 0 hit → 0 deep products → /paperclip/instances/default/workspaces/3ec8f6dd-1735-4479-9825-a2c42edac34c/data/buy30590_deep/deep-cycle-2995-2026-06-06T03-50-42-910Z.ndjson
[2026-06-06T03:51:00.284Z] deep cycle 2996: 80 domains → 0 hit → 0 deep products → /paperclip/instances/default/workspaces/3ec8f6dd-1735-4479-9825-a2c42edac34c/data/buy30590_deep/deep-cycle-2996-2026-06-06T03-50-48-858Z.ndjson
[2026-06-06T03:51:06.894Z] deep cycle 2997: 80 domains → 0 hit → 0 deep products → /paperclip/instances/default/workspaces/3ec8f6dd-1735-4479-9825-a2c42edac34c/data/buy30590_deep/deep-cycle-2997-2026-06-06T03-51-05-289Z.ndjson
[2026-06-06T03:51:12.641Z] deep cycle 2998: 80 domains → 0 hit → 0 deep products → /paperclip/instances/default/workspaces/3ec8f6dd-1735-4479-9825-a2c42edac34c/data/buy30590_deep/deep-cycle-2998-2026-06-06T03-51-11-898Z.ndjson
[2026-06-06T03:51:18.787Z] deep cycle 2999: 80 domains → 0 hit → 0 deep products → /paperclip/instances/default/workspaces/3ec8f6dd-1735-4479-9825-a2c42edac34c/data/buy30590_deep/deep-cycle-2999-2026-06-06T03-51-17-643Z.ndjson
[2026-06-06T03:51:24.850Z] deep cycle 3000: 80 domains → 0 hit → 0 deep products → /paperclip/instances/default/workspaces/3ec8f6dd-1735-4479-9825-a2c42edac34c/data/buy30590_deep/deep-cycle-3000-2026-06-06T03-51-23-792Z.ndjson
[2026-06-06T03:51:30.646Z] deep cycle 3001: 80 domains → 0 hit → 0 deep products → /paperclip/instances/default/workspaces/3ec8f6dd-1735-4479-9825-a2c42edac34c/data/buy30590_deep/deep-cycle-3001-2026-06-06T03-51-29-852Z.ndjson
[2026-06-06T03:51:36.670Z] deep cycle 3002: 80 domains → 0 hit → 0 deep products → /paperclip/instances/default/workspaces/3ec8f6dd-1735-4479-9825-a2c42edac34c/data/buy30590_deep/deep-cycle-3002-2026-06-06T03-51-35-650Z.ndjson
[2026-06-06T03:51:43.159Z] deep cycle 3003: 80 domains → 0 hit → 0 deep products → /paperclip/instances/default/workspaces/3ec8f6dd-1735-4479-9825-a2c42edac34c/data/buy30590_deep/deep-cycle-3003-2026-06-06T03-51-41-674Z.ndjson
[2026-06-06T03:51:51.201Z] deep cycle 3004: 80 domains → 0 hit → 0 deep products → /paperclip/instances/default/workspaces/3ec8f6dd-1735-4479-9825-a2c42edac34c/data/buy30590_deep/deep-cycle-3004-2026-06-06T03-51-48-164Z.ndjson
[2026-06-06T03:51:57.737Z] deep cycle 3005: 80 domains → 0 hit → 0 deep products → /paperclip/instances/default/workspaces/3ec8f6dd-1735-4479-9825-a2c42edac34c/data/buy30590_deep/deep-cycle-3005-2026-06-06T03-51-56-206Z.ndjson
[2026-06-06T03:52:03.363Z] deep cycle 3006: 80 domains → 0 hit → 0 deep products → /paperclip/instances/default/workspaces/3ec8f6dd-1735-4479-9825-a2c42edac34c/data/buy30590_deep/deep-cycle-3006-2026-06-06T03-52-02-739Z.ndjson
[2026-06-06T03:52:09.548Z] deep cycle 3007: 80 domains → 0 hit → 0 deep products → /paperclip/instances/default/workspaces/3ec8f6dd-1735-4479-9825-a2c42edac34c/data/buy30590_deep/deep-cycle-3007-2026-06-06T03-52-08-364Z.ndjson
[2026-06-06T03:52:15.505Z] deep cycle 3008: 80 domains → 0 hit → 0 deep products → /paperclip/instances/default/workspaces/3ec8f6dd-1735-4479-9825-a2c42edac34c/data/buy30590_deep/deep-cycle-3008-2026-06-06T03-52-14-552Z.ndjson
[2026-06-06T03:52:31.547Z] deep cycle 3009: 80 domains → 0 hit → 0 deep products → /paperclip/instances/default/workspaces/3ec8f6dd-1735-4479-9825-a2c42edac34c/data/buy30590_deep/deep-cycle-3009-2026-06-06T03-52-20-510Z.ndjson
[2026-06-06T03:52:38.117Z] deep cycle 3010: 80 domains → 0 hit → 0 deep products → /paperclip/instances/default/workspaces/3ec8f6dd-1735-4479-9825-a2c42edac34c/data/buy30590_deep/deep-cycle-3010-2026-06-06T03-52-36-548Z.ndjson
[2026-06-06T03:52:44.328Z] deep cycle 3011: 80 domains → 0 hit → 0 deep products → /paperclip/instances/default/workspaces/3ec8f6dd-1735-4479-9825-a2c42edac34c/data/buy30590_deep/deep-cycle-3011-2026-06-06T03-52-43-120Z.ndjson
[2026-06-06T03:52:50.671Z] deep cycle 3012: 80 domains → 0 hit → 0 deep products → /paperclip/instances/default/workspaces/3ec8f6dd-1735-4479-9825-a2c42edac34c/data/buy30590_deep/deep-cycle-3012-2026-06-06T03-52-49-333Z.ndjson
[2026-06-06T03:53:02.275Z] loaded 20325 candidate domains for deep-page
[2026-06-06T03:53:02.276Z] starting at cursor=5335, cycle=3012
[2026-06-06T03:53:03.973Z] deep cycle 3013: 80 domains → 0 hit → 0 deep products → /paperclip/instances/default/workspaces/3ec8f6dd-1735-4479-9825-a2c42edac34c/data/buy30590_deep/deep-cycle-3013-2026-06-06T03-53-02-277Z.ndjson
[2026-06-06T03:53:10.054Z] deep cycle 3014: 80 domains → 0 hit → 0 deep products → /paperclip/instances/default/workspaces/3ec8f6dd-1735-4479-9825-a2c42edac34c/data/buy30590_deep/deep-cycle-3014-2026-06-06T03-53-08-975Z.ndjson
[2026-06-06T03:53:16.469Z] deep cycle 3015: 80 domains → 0 hit → 0 deep products → /paperclip/instances/default/workspaces/3ec8f6dd-1735-4479-9825-a2c42edac34c/data/buy30590_deep/deep-cycle-3015-2026-06-06T03-53-15-057Z.ndjson
[2026-06-06T03:53:22.890Z] deep cycle 3016: 80 domains → 0 hit → 0 deep products → /paperclip/instances/default/workspaces/3ec8f6dd-1735-4479-9825-a2c42edac34c/data/buy30590_deep/deep-cycle-3016-2026-06-06T03-53-21-474Z.ndjson
[2026-06-06T03:53:29.637Z] deep cycle 3017: 80 domains → 0 hit → 0 deep products → /paperclip/instances/default/workspaces/3ec8f6dd-1735-4479-9825-a2c42edac34c/data/buy30590_deep/deep-cycle-3017-2026-06-06T03-53-27-895Z.ndjson
[2026-06-06T03:53:36.282Z] deep cycle 3018: 80 domains → 0 hit → 0 deep products → /paperclip/instances/default/workspaces/3ec8f6dd-1735-4479-9825-a2c42edac34c/data/buy30590_deep/deep-cycle-3018-2026-06-06T03-53-34-641Z.ndjson
[2026-06-06T03:53:42.459Z] deep cycle 3019: 80 domains → 0 hit → 0 deep products → /paperclip/instances/default/workspaces/3ec8f6dd-1735-4479-9825-a2c42edac34c/data/buy30590_deep/deep-cycle-3019-2026-06-06T03-53-41-284Z.ndjson
[2026-06-06T03:53:56.557Z] deep cycle 3020: 80 domains → 3 hit → 8000 deep products → /paperclip/instances/default/workspaces/3ec8f6dd-1735-4479-9825-a2c42edac34c/data/buy30590_deep/deep-cycle-3020-2026-06-06T03-53-47-465Z.ndjson
[2026-06-06T03:53:57.509Z] deep cycle 3020 ingest: exit=0 1.0s === STREAM INGEST DONE ===
files=1 lines=8000 valid=8000 written=8000 errors=0
skipped: {}
top sources: [ [ 'shopify', 8000 ] ]
[2026-06-06T03:54:04.683Z] deep cycle 3021: 80 domains → 0 hit → 0 deep products → /paperclip/instances/default/workspaces/3ec8f6dd-1735-4479-9825-a2c42edac34c/data/buy30590_deep/deep-cycle-3021-2026-06-06T03-54-02-514Z.ndjson
[2026-06-06T03:54:10.970Z] deep cycle 3022: 80 domains → 0 hit → 0 deep products → /paperclip/instances/default/workspaces/3ec8f6dd-1735-4479-9825-a2c42edac34c/data/buy30590_deep/deep-cycle-3022-2026-06-06T03-54-09-687Z.ndjson
[2026-06-06T03:54:17.131Z] deep cycle 3023: 80 domains → 0 hit → 0 deep products → /paperclip/instances/default/workspaces/3ec8f6dd-1735-4479-9825-a2c42edac34c/data/buy30590_deep/deep-cycle-3023-2026-06-06T03-54-15-975Z.ndjson
[2026-06-06T03:54:23.623Z] deep cycle 3024: 80 domains → 0 hit → 0 deep products → /paperclip/instances/default/workspaces/3ec8f6dd-1735-4479-9825-a2c42edac34c/data/buy30590_deep/deep-cycle-3024-2026-06-06T03-54-22-135Z.ndjson
[2026-06-06T03:54:38.928Z] deep cycle 3025: 80 domains → 1 hit → 2975 deep products → /paperclip/instances/default/workspaces/3ec8f6dd-1735-4479-9825-a2c42edac34c/data/buy30590_deep/deep-cycle-3025-2026-06-06T03-54-28-628Z.ndjson
[2026-06-06T03:54:52.801Z] deep cycle 3025 ingest: exit=0 13.9s === STREAM INGEST DONE ===
files=1 lines=2975 valid=2975 written=2975 errors=0
skipped: {}
top sources: [ [ 'shopify', 2975 ] ]
[2026-06-06T03:54:58.825Z] deep cycle 3026: 80 domains → 0 hit → 0 deep products → /paperclip/instances/default/workspaces/3ec8f6dd-1735-4479-9825-a2c42edac34c/data/buy30590_deep/deep-cycle-3026-2026-06-06T03-54-57-806Z.ndjson
[2026-06-06T03:55:05.319Z] deep cycle 3027: 80 domains → 0 hit → 0 deep products → /paperclip/instances/default/workspaces/3ec8f6dd-1735-4479-9825-a2c42edac34c/data/buy30590_deep/deep-cycle-3027-2026-06-06T03-55-03-829Z.ndjson
[2026-06-06T03:55:11.450Z] deep cycle 3028: 80 domains → 0 hit → 0 deep products → /paperclip/instances/default/workspaces/3ec8f6dd-1735-4479-9825-a2c42edac34c/data/buy30590_deep/deep-cycle-3028-2026-06-06T03-55-10-325Z.ndjson
[2026-06-06T03:55:17.924Z] deep cycle 3029: 80 domains → 0 hit → 0 deep products → /paperclip/instances/default/workspaces/3ec8f6dd-1735-4479-9825-a2c42edac34c/data/buy30590_deep/deep-cycle-3029-2026-06-06T03-55-16-452Z.ndjson
[2026-06-06T03:55:24.196Z] deep cycle 3030: 80 domains → 0 hit → 0 deep products → /paperclip/instances/default/workspaces/3ec8f6dd-1735-4479-9825-a2c42edac34c/data/buy30590_deep/deep-cycle-3030-2026-06-06T03-55-22-929Z.ndjson
[2026-06-06T03:55:30.325Z] deep cycle 3031: 80 domains → 0 hit → 0 deep products → /paperclip/instances/default/workspaces/3ec8f6dd-1735-4479-9825-a2c42edac34c/data/buy30590_deep/deep-cycle-3031-2026-06-06T03-55-29-198Z.ndjson
[2026-06-06T03:55:36.900Z] deep cycle 3032: 80 domains → 0 hit → 0 deep products → /paperclip/instances/default/workspaces/3ec8f6dd-1735-4479-9825-a2c42edac34c/data/buy30590_deep/deep-cycle-3032-2026-06-06T03-55-35-329Z.ndjson
[2026-06-06T03:55:42.482Z] deep cycle 3033: 80 domains → 0 hit → 0 deep products → /paperclip/instances/default/workspaces/3ec8f6dd-1735-4479-9825-a2c42edac34c/data/buy30590_deep/deep-cycle-3033-2026-06-06T03-55-41-905Z.ndjson
[2026-06-06T03:55:48.663Z] deep cycle 3034: 80 domains → 0 hit → 0 deep products → /paperclip/instances/default/workspaces/3ec8f6dd-1735-4479-9825-a2c42edac34c/data/buy30590_deep/deep-cycle-3034-2026-06-06T03-55-47-486Z.ndjson
[2026-06-06T03:55:54.609Z] deep cycle 3035: 80 domains → 0 hit → 0 deep products → /paperclip/instances/default/workspaces/3ec8f6dd-1735-4479-9825-a2c42edac34c/data/buy30590_deep/deep-cycle-3035-2026-06-06T03-55-53-665Z.ndjson
[2026-06-06T03:56:01.091Z] deep cycle 3036: 80 domains → 0 hit → 0 deep products → /paperclip/instances/default/workspaces/3ec8f6dd-1735-4479-9825-a2c42edac34c/data/buy30590_deep/deep-cycle-3036-2026-06-06T03-55-59-611Z.ndjson
[2026-06-06T03:56:07.408Z] deep cycle 3037: 80 domains → 0 hit → 0 deep products → /paperclip/instances/default/workspaces/3ec8f6dd-1735-4479-9825-a2c42edac34c/data/buy30590_deep/deep-cycle-3037-2026-06-06T03-56-06-102Z.ndjson
[2026-06-06T03:56:13.433Z] deep cycle 3038: 80 domains → 0 hit → 0 deep products → /paperclip/instances/default/workspaces/3ec8f6dd-1735-4479-9825-a2c42edac34c/data/buy30590_deep/deep-cycle-3038-2026-06-06T03-56-12-410Z.ndjson
[2026-06-06T03:56:29.502Z] deep cycle 3039: 80 domains → 0 hit → 0 deep products → /paperclip/instances/default/workspaces/3ec8f6dd-1735-4479-9825-a2c42edac34c/data/buy30590_deep/deep-cycle-3039-2026-06-06T03-56-18-439Z.ndjson
[2026-06-06T03:56:36.072Z] deep cycle 3040: 80 domains → 0 hit → 0 deep products → /paperclip/instances/default/workspaces/3ec8f6dd-1735-4479-9825-a2c42edac34c/data/buy30590_deep/deep-cycle-3040-2026-06-06T03-56-34-505Z.ndjson
[2026-06-06T03:56:41.807Z] deep cycle 3041: 80 domains → 0 hit → 0 deep products → /paperclip/instances/default/workspaces/3ec8f6dd-1735-4479-9825-a2c42edac34c/data/buy30590_deep/deep-cycle-3041-2026-06-06T03-56-41-074Z.ndjson
[2026-06-06T03:56:47.576Z] deep cycle 3042: 80 domains → 0 hit → 0 deep products → /paperclip/instances/default/workspaces/3ec8f6dd-1735-4479-9825-a2c42edac34c/data/buy30590_deep/deep-cycle-3042-2026-06-06T03-56-46-812Z.ndjson
[2026-06-06T03:56:52.941Z] deep cycle 3043: 80 domains → 0 hit → 0 deep products → /paperclip/instances/default/workspaces/3ec8f6dd-1735-4479-9825-a2c42edac34c/data/buy30590_deep/deep-cycle-3043-2026-06-06T03-56-52-579Z.ndjson
[2026-06-06T03:56:58.974Z] deep cycle 3044: 80 domains → 0 hit → 0 deep products → /paperclip/instances/default/workspaces/3ec8f6dd-1735-4479-9825-a2c42edac34c/data/buy30590_deep/deep-cycle-3044-2026-06-06T03-56-57-946Z.ndjson
[2026-06-06T03:57:04.717Z] deep cycle 3045: 80 domains → 0 hit → 0 deep products → /paperclip/instances/default/workspaces/3ec8f6dd-1735-4479-9825-a2c42edac34c/data/buy30590_deep/deep-cycle-3045-2026-06-06T03-57-03-975Z.ndjson
[2026-06-06T03:57:10.198Z] deep cycle 3046: 80 domains → 0 hit → 0 deep products → /paperclip/instances/default/workspaces/3ec8f6dd-1735-4479-9825-a2c42edac34c/data/buy30590_deep/deep-cycle-3046-2026-06-06T03-57-09-722Z.ndjson
[2026-06-06T03:57:15.843Z] deep cycle 3047: 80 domains → 0 hit → 0 deep products → /paperclip/instances/default/workspaces/3ec8f6dd-1735-4479-9825-a2c42edac34c/data/buy30590_deep/deep-cycle-3047-2026-06-06T03-57-15-203Z.ndjson
[2026-06-06T03:57:21.994Z] deep cycle 3048: 80 domains → 0 hit → 0 deep products → /paperclip/instances/default/workspaces/3ec8f6dd-1735-4479-9825-a2c42edac34c/data/buy30590_deep/deep-cycle-3048-2026-06-06T03-57-20-844Z.ndjson
[2026-06-06T03:57:27.484Z] deep cycle 3049: 80 domains → 0 hit → 0 deep products → /paperclip/instances/default/workspaces/3ec8f6dd-1735-4479-9825-a2c42edac34c/data/buy30590_deep/deep-cycle-3049-2026-06-06T03-57-26-996Z.ndjson
[2026-06-06T03:57:33.126Z] deep cycle 3050: 80 domains → 0 hit → 0 deep products → /paperclip/instances/default/workspaces/3ec8f6dd-1735-4479-9825-a2c42edac34c/data/buy30590_deep/deep-cycle-3050-2026-06-06T03-57-32-487Z.ndjson
[2026-06-06T03:57:51.565Z] deep cycle 3051: 80 domains → 7 hit → 7561 deep products → /paperclip/instances/default/workspaces/3ec8f6dd-1735-4479-9825-a2c42edac34c/data/buy30590_deep/deep-cycle-3051-2026-06-06T03-57-38-129Z.ndjson
[2026-06-06T03:57:52.296Z] deep cycle 3051 ingest: exit=0 0.7s === STREAM INGEST DONE ===
files=1 lines=7561 valid=7561 written=7561 errors=0
skipped: {}
top sources: [ [ 'shopify', 7561 ] ]
[2026-06-06T03:57:58.021Z] deep cycle 3052: 80 domains → 0 hit → 0 deep products → /paperclip/instances/default/workspaces/3ec8f6dd-1735-4479-9825-a2c42edac34c/data/buy30590_deep/deep-cycle-3052-2026-06-06T03-57-57-298Z.ndjson
[2026-06-06T03:58:04.169Z] deep cycle 3053: 80 domains → 1 hit → 228 deep products → /paperclip/instances/default/workspaces/3ec8f6dd-1735-4479-9825-a2c42edac34c/data/buy30590_deep/deep-cycle-3053-2026-06-06T03-58-03-025Z.ndjson
[2026-06-06T03:58:04.457Z] deep cycle 3053 ingest: exit=0 0.3s === STREAM INGEST DONE ===
files=1 lines=228 valid=228 written=228 errors=0
skipped: {}
top sources: [ [ 'shopify', 228 ] ]
[2026-06-06T03:58:10.049Z] deep cycle 3054: 80 domains → 0 hit → 0 deep products → /paperclip/instances/default/workspaces/3ec8f6dd-1735-4479-9825-a2c42edac34c/data/buy30590_deep/deep-cycle-3054-2026-06-06T03-58-09-458Z.ndjson
[2026-06-06T03:58:15.477Z] deep cycle 3055: 80 domains → 0 hit → 0 deep products → /paperclip/instances/default/workspaces/3ec8f6dd-1735-4479-9825-a2c42edac34c/data/buy30590_deep/deep-cycle-3055-2026-06-06T03-58-15-054Z.ndjson
[2026-06-06T03:58:21.298Z] deep cycle 3056: 80 domains → 0 hit → 0 deep products → /paperclip/instances/default/workspaces/3ec8f6dd-1735-4479-9825-a2c42edac34c/data/buy30590_deep/deep-cycle-3056-2026-06-06T03-58-20-479Z.ndjson
[2026-06-06T03:58:27.152Z] deep cycle 3057: 80 domains → 0 hit → 0 deep products → /paperclip/instances/default/workspaces/3ec8f6dd-1735-4479-9825-a2c42edac34c/data/buy30590_deep/deep-cycle-3057-2026-06-06T03-58-26-302Z.ndjson
[2026-06-06T03:58:32.900Z] deep cycle 3058: 80 domains → 0 hit → 0 deep products → /paperclip/instances/default/workspaces/3ec8f6dd-1735-4479-9825-a2c42edac34c/data/buy30590_deep/deep-cycle-3058-2026-06-06T03-58-32-156Z.ndjson
[2026-06-06T03:58:39.011Z] deep cycle 3059: 80 domains → 0 hit → 0 deep products → /paperclip/instances/default/workspaces/3ec8f6dd-1735-4479-9825-a2c42edac34c/data/buy30590_deep/deep-cycle-3059-2026-06-06T03-58-37-908Z.ndjson
[2026-06-06T03:58:54.997Z] deep cycle 3060: 80 domains → 0 hit → 0 deep products → /paperclip/instances/default/workspaces/3ec8f6dd-1735-4479-9825-a2c42edac34c/data/buy30590_deep/deep-cycle-3060-2026-06-06T03-58-44-013Z.ndjson
[2026-06-06T03:59:00.840Z] deep cycle 3061: 80 domains → 0 hit → 0 deep products → /paperclip/instances/default/workspaces/3ec8f6dd-1735-4479-9825-a2c42edac34c/data/buy30590_deep/deep-cycle-3061-2026-06-06T03-58-59-999Z.ndjson
[2026-06-06T03:59:06.426Z] deep cycle 3062: 80 domains → 0 hit → 0 deep products → /paperclip/instances/default/workspaces/3ec8f6dd-1735-4479-9825-a2c42edac34c/data/buy30590_deep/deep-cycle-3062-2026-06-06T03-59-05-845Z.ndjson
[2026-06-06T03:59:11.985Z] deep cycle 3063: 80 domains → 0 hit → 0 deep products → /paperclip/instances/default/workspaces/3ec8f6dd-1735-4479-9825-a2c42edac34c/data/buy30590_deep/deep-cycle-3063-2026-06-06T03-59-11-430Z.ndjson
[2026-06-06T03:59:17.801Z] deep cycle 3064: 80 domains → 0 hit → 0 deep products → /paperclip/instances/default/workspaces/3ec8f6dd-1735-4479-9825-a2c42edac34c/data/buy30590_deep/deep-cycle-3064-2026-06-06T03-59-16-990Z.ndjson
[2026-06-06T03:59:23.541Z] deep cycle 3065: 80 domains → 0 hit → 0 deep products → /paperclip/instances/default/workspaces/3ec8f6dd-1735-4479-9825-a2c42edac34c/data/buy30590_deep/deep-cycle-3065-2026-06-06T03-59-22-806Z.ndjson
[2026-06-06T03:59:29.236Z] deep cycle 3066: 80 domains → 0 hit → 0 deep products → /paperclip/instances/default/workspaces/3ec8f6dd-1735-4479-9825-a2c42edac34c/data/buy30590_deep/deep-cycle-3066-2026-06-06T03-59-28-542Z.ndjson
[2026-06-06T03:59:35.250Z] deep cycle 3067: 80 domains → 0 hit → 0 deep products → /paperclip/instances/default/workspaces/3ec8f6dd-1735-4479-9825-a2c42edac34c/data/buy30590_deep/deep-cycle-3067-2026-06-06T03-59-34-238Z.ndjson
[2026-06-06T03:59:40.782Z] deep cycle 3068: 80 domains → 0 hit → 0 deep products → /paperclip/instances/default/workspaces/3ec8f6dd-1735-4479-9825-a2c42edac34c/data/buy30590_deep/deep-cycle-3068-2026-06-06T03-59-40-250Z.ndjson
[2026-06-06T03:59:46.642Z] deep cycle 3069: 80 domains → 0 hit → 0 deep products → /paperclip/instances/default/workspaces/3ec8f6dd-1735-4479-9825-a2c42edac34c/data/buy30590_deep/deep-cycle-3069-2026-06-06T03-59-45-784Z.ndjson
[2026-06-06T03:59:52.806Z] deep cycle 3070: 80 domains → 0 hit → 0 deep products → /paperclip/instances/default/workspaces/3ec8f6dd-1735-4479-9825-a2c42edac34c/data/buy30590_deep/deep-cycle-3070-2026-06-06T03-59-51-646Z.ndjson
[2026-06-06T03:59:58.798Z] deep cycle 3071: 80 domains → 0 hit → 0 deep products → /paperclip/instances/default/workspaces/3ec8f6dd-1735-4479-9825-a2c42edac34c/data/buy30590_deep/deep-cycle-3071-2026-06-06T03-59-57-812Z.ndjson
[2026-06-06T04:00:04.856Z] deep cycle 3072: 80 domains → 0 hit → 0 deep products → /paperclip/instances/default/workspaces/3ec8f6dd-1735-4479-9825-a2c42edac34c/data/buy30590_deep/deep-cycle-3072-2026-06-06T04-00-03-805Z.ndjson
[2026-06-06T04:00:20.578Z] deep cycle 3073: 80 domains → 0 hit → 0 deep products → /paperclip/instances/default/workspaces/3ec8f6dd-1735-4479-9825-a2c42edac34c/data/buy30590_deep/deep-cycle-3073-2026-06-06T04-00-09-861Z.ndjson
[2026-06-06T04:00:26.225Z] deep cycle 3074: 80 domains → 0 hit → 0 deep products → /paperclip/instances/default/workspaces/3ec8f6dd-1735-4479-9825-a2c42edac34c/data/buy30590_deep/deep-cycle-3074-2026-06-06T04-00-25-583Z.ndjson
[2026-06-06T04:00:32.413Z] deep cycle 3075: 80 domains → 0 hit → 0 deep products → /paperclip/instances/default/workspaces/3ec8f6dd-1735-4479-9825-a2c42edac34c/data/buy30590_deep/deep-cycle-3075-2026-06-06T04-00-31-230Z.ndjson
[2026-06-06T04:00:38.051Z] deep cycle 3076: 80 domains → 0 hit → 0 deep products → /paperclip/instances/default/workspaces/3ec8f6dd-1735-4479-9825-a2c42edac34c/data/buy30590_deep/deep-cycle-3076-2026-06-06T04-00-37-418Z.ndjson
[2026-06-06T04:00:44.407Z] deep cycle 3077: 80 domains → 0 hit → 0 deep products → /paperclip/instances/default/workspaces/3ec8f6dd-1735-4479-9825-a2c42edac34c/data/buy30590_deep/deep-cycle-3077-2026-06-06T04-00-43-056Z.ndjson
[2026-06-06T04:00:50.883Z] deep cycle 3078: 80 domains → 0 hit → 0 deep products → /paperclip/instances/default/workspaces/3ec8f6dd-1735-4479-9825-a2c42edac34c/data/buy30590_deep/deep-cycle-3078-2026-06-06T04-00-49-410Z.ndjson
[2026-06-06T04:00:56.682Z] deep cycle 3079: 80 domains → 0 hit → 0 deep products → /paperclip/instances/default/workspaces/3ec8f6dd-1735-4479-9825-a2c42edac34c/data/buy30590_deep/deep-cycle-3079-2026-06-06T04-00-55-889Z.ndjson
[2026-06-06T04:01:03.191Z] deep cycle 3080: 80 domains → 0 hit → 0 deep products → /paperclip/instances/default/workspaces/3ec8f6dd-1735-4479-9825-a2c42edac34c/data/buy30590_deep/deep-cycle-3080-2026-06-06T04-01-01-685Z.ndjson
[2026-06-06T04:01:09.546Z] deep cycle 3081: 80 domains → 0 hit → 0 deep products → /paperclip/instances/default/workspaces/3ec8f6dd-1735-4479-9825-a2c42edac34c/data/buy30590_deep/deep-cycle-3081-2026-06-06T04-01-08-196Z.ndjson
[2026-06-06T04:01:15.387Z] deep cycle 3082: 80 domains → 0 hit → 0 deep products → /paperclip/instances/default/workspaces/3ec8f6dd-1735-4479-9825-a2c42edac34c/data/buy30590_deep/deep-cycle-3082-2026-06-06T04-01-14-550Z.ndjson
[2026-06-06T04:01:21.485Z] deep cycle 3083: 80 domains → 0 hit → 0 deep products → /paperclip/instances/default/workspaces/3ec8f6dd-1735-4479-9825-a2c42edac34c/data/buy30590_deep/deep-cycle-3083-2026-06-06T04-01-20-392Z.ndjson
[2026-06-06T04:01:27.136Z] deep cycle 3084: 80 domains → 0 hit → 0 deep products → /paperclip/instances/default/workspaces/3ec8f6dd-1735-4479-9825-a2c42edac34c/data/buy30590_deep/deep-cycle-3084-2026-06-06T04-01-26-490Z.ndjson
[2026-06-06T04:01:33.185Z] deep cycle 3085: 80 domains → 0 hit → 0 deep products → /paperclip/instances/default/workspaces/3ec8f6dd-1735-4479-9825-a2c42edac34c/data/buy30590_deep/deep-cycle-3085-2026-06-06T04-01-32-140Z.ndjson
[2026-06-06T04:01:39.001Z] deep cycle 3086: 80 domains → 0 hit → 0 deep products → /paperclip/instances/default/workspaces/3ec8f6dd-1735-4479-9825-a2c42edac34c/data/buy30590_deep/deep-cycle-3086-2026-06-06T04-01-38-185Z.ndjson
[2026-06-06T04:01:47.054Z] deep cycle 3087: 80 domains → 0 hit → 0 deep products → /paperclip/instances/default/workspaces/3ec8f6dd-1735-4479-9825-a2c42edac34c/data/buy30590_deep/deep-cycle-3087-2026-06-06T04-01-44-006Z.ndjson
[2026-06-06T04:01:52.536Z] deep cycle 3088: 80 domains → 0 hit → 0 deep products → /paperclip/instances/default/workspaces/3ec8f6dd-1735-4479-9825-a2c42edac34c/data/buy30590_deep/deep-cycle-3088-2026-06-06T04-01-52-059Z.ndjson
[2026-06-06T04:01:58.018Z] deep cycle 3089: 80 domains → 0 hit → 0 deep products → /paperclip/instances/default/workspaces/3ec8f6dd-1735-4479-9825-a2c42edac34c/data/buy30590_deep/deep-cycle-3089-2026-06-06T04-01-57-541Z.ndjson
[2026-06-06T04:02:03.692Z] deep cycle 3090: 80 domains → 0 hit → 0 deep products → /paperclip/instances/default/workspaces/3ec8f6dd-1735-4479-9825-a2c42edac34c/data/buy30590_deep/deep-cycle-3090-2026-06-06T04-02-03-022Z.ndjson
[2026-06-06T04:02:09.893Z] deep cycle 3091: 80 domains → 0 hit → 0 deep products → /paperclip/instances/default/workspaces/3ec8f6dd-1735-4479-9825-a2c42edac34c/data/buy30590_deep/deep-cycle-3091-2026-06-06T04-02-08-697Z.ndjson
[2026-06-06T04:02:15.902Z] deep cycle 3092: 80 domains → 0 hit → 0 deep products → /paperclip/instances/default/workspaces/3ec8f6dd-1735-4479-9825-a2c42edac34c/data/buy30590_deep/deep-cycle-3092-2026-06-06T04-02-14-898Z.ndjson
[2026-06-06T04:02:31.792Z] deep cycle 3093: 80 domains → 0 hit → 0 deep products → /paperclip/instances/default/workspaces/3ec8f6dd-1735-4479-9825-a2c42edac34c/data/buy30590_deep/deep-cycle-3093-2026-06-06T04-02-20-907Z.ndjson
[2026-06-06T04:02:38.001Z] deep cycle 3094: 80 domains → 0 hit → 0 deep products → /paperclip/instances/default/workspaces/3ec8f6dd-1735-4479-9825-a2c42edac34c/data/buy30590_deep/deep-cycle-3094-2026-06-06T04-02-36-797Z.ndjson
[2026-06-06T04:02:43.842Z] deep cycle 3095: 80 domains → 0 hit → 0 deep products → /paperclip/instances/default/workspaces/3ec8f6dd-1735-4479-9825-a2c42edac34c/data/buy30590_deep/deep-cycle-3095-2026-06-06T04-02-43-002Z.ndjson
[2026-06-06T04:02:49.778Z] deep cycle 3096: 80 domains → 0 hit → 0 deep products → /paperclip/instances/default/workspaces/3ec8f6dd-1735-4479-9825-a2c42edac34c/data/buy30590_deep/deep-cycle-3096-2026-06-06T04-02-48-843Z.ndjson
[2026-06-06T04:02:55.319Z] deep cycle 3097: 80 domains → 0 hit → 0 deep products → /paperclip/instances/default/workspaces/3ec8f6dd-1735-4479-9825-a2c42edac34c/data/buy30590_deep/deep-cycle-3097-2026-06-06T04-02-54-780Z.ndjson
[2026-06-06T04:03:00.671Z] deep cycle 3098: 80 domains → 0 hit → 0 deep products → /paperclip/instances/default/workspaces/3ec8f6dd-1735-4479-9825-a2c42edac34c/data/buy30590_deep/deep-cycle-3098-2026-06-06T04-03-00-323Z.ndjson
[2026-06-06T04:03:06.059Z] deep cycle 3099: 80 domains → 0 hit → 0 deep products → /paperclip/instances/default/workspaces/3ec8f6dd-1735-4479-9825-a2c42edac34c/data/buy30590_deep/deep-cycle-3099-2026-06-06T04-03-05-676Z.ndjson
[2026-06-06T04:03:11.371Z] deep cycle 3100: 80 domains → 0 hit → 0 deep products → /paperclip/instances/default/workspaces/3ec8f6dd-1735-4479-9825-a2c42edac34c/data/buy30590_deep/deep-cycle-3100-2026-06-06T04-03-11-061Z.ndjson
[2026-06-06T04:03:16.681Z] deep cycle 3101: 80 domains → 0 hit → 0 deep products → /paperclip/instances/default/workspaces/3ec8f6dd-1735-4479-9825-a2c42edac34c/data/buy30590_deep/deep-cycle-3101-2026-06-06T04-03-16-376Z.ndjson
[2026-06-06T04:03:21.977Z] deep cycle 3102: 80 domains → 0 hit → 0 deep products → /paperclip/instances/default/workspaces/3ec8f6dd-1735-4479-9825-a2c42edac34c/data/buy30590_deep/deep-cycle-3102-2026-06-06T04-03-21-686Z.ndjson
[2026-06-06T04:03:27.275Z] deep cycle 3103: 80 domains → 0 hit → 0 deep products → /paperclip/instances/default/workspaces/3ec8f6dd-1735-4479-9825-a2c42edac34c/data/buy30590_deep/deep-cycle-3103-2026-06-06T04-03-26-982Z.ndjson
[2026-06-06T04:03:33.340Z] deep cycle 3104: 80 domains → 0 hit → 0 deep products → /paperclip/instances/default/workspaces/3ec8f6dd-1735-4479-9825-a2c42edac34c/data/buy30590_deep/deep-cycle-3104-2026-06-06T04-03-32-282Z.ndjson
[2026-06-06T04:03:39.008Z] deep cycle 3105: 80 domains → 0 hit → 0 deep products → /paperclip/instances/default/workspaces/3ec8f6dd-1735-4479-9825-a2c42edac34c/data/buy30590_deep/deep-cycle-3105-2026-06-06T04-03-38-342Z.ndjson
[2026-06-06T04:03:44.324Z] deep cycle 3106: 80 domains → 0 hit → 0 deep products → /paperclip/instances/default/workspaces/3ec8f6dd-1735-4479-9825-a2c42edac34c/data/buy30590_deep/deep-cycle-3106-2026-06-06T04-03-44-013Z.ndjson
[2026-06-06T04:03:49.642Z] deep cycle 3107: 80 domains → 0 hit → 0 deep products → /paperclip/instances/default/workspaces/3ec8f6dd-1735-4479-9825-a2c42edac34c/data/buy30590_deep/deep-cycle-3107-2026-06-06T04-03-49-326Z.ndjson
[2026-06-06T04:03:54.954Z] deep cycle 3108: 80 domains → 0 hit → 0 deep products → /paperclip/instances/default/workspaces/3ec8f6dd-1735-4479-9825-a2c42edac34c/data/buy30590_deep/deep-cycle-3108-2026-06-06T04-03-54-645Z.ndjson
[2026-06-06T04:04:04.302Z] deep cycle 3109: 80 domains → 3 hit → 3191 deep products → /paperclip/instances/default/workspaces/3ec8f6dd-1735-4479-9825-a2c42edac34c/data/buy30590_deep/deep-cycle-3109-2026-06-06T04-03-59-958Z.ndjson
[2026-06-06T04:04:05.179Z] deep cycle 3109 ingest: exit=0 0.9s === STREAM INGEST DONE ===
files=1 lines=3191 valid=3191 written=3191 errors=0
skipped: {}
top sources: [ [ 'shopify', 3191 ] ]
[2026-06-06T04:04:10.499Z] deep cycle 3110: 80 domains → 0 hit → 0 deep products → /paperclip/instances/default/workspaces/3ec8f6dd-1735-4479-9825-a2c42edac34c/data/buy30590_deep/deep-cycle-3110-2026-06-06T04-04-10-180Z.ndjson
[2026-06-06T04:04:15.783Z] deep cycle 3111: 80 domains → 0 hit → 0 deep products → /paperclip/instances/default/workspaces/3ec8f6dd-1735-4479-9825-a2c42edac34c/data/buy30590_deep/deep-cycle-3111-2026-06-06T04-04-15-504Z.ndjson
[2026-06-06T04:04:21.256Z] deep cycle 3112: 80 domains → 0 hit → 0 deep products → /paperclip/instances/default/workspaces/3ec8f6dd-1735-4479-9825-a2c42edac34c/data/buy30590_deep/deep-cycle-3112-2026-06-06T04-04-20-786Z.ndjson
[2026-06-06T04:04:26.595Z] deep cycle 3113: 80 domains → 0 hit → 0 deep products → /paperclip/instances/default/workspaces/3ec8f6dd-1735-4479-9825-a2c42edac34c/data/buy30590_deep/deep-cycle-3113-2026-06-06T04-04-26-260Z.ndjson
[2026-06-06T04:04:31.909Z] deep cycle 3114: 80 domains → 0 hit → 0 deep products → /paperclip/instances/default/workspaces/3ec8f6dd-1735-4479-9825-a2c42edac34c/data/buy30590_deep/deep-cycle-3114-2026-06-06T04-04-31-600Z.ndjson
[2026-06-06T04:04:37.218Z] deep cycle 3115: 80 domains → 0 hit → 0 deep products → /paperclip/instances/default/workspaces/3ec8f6dd-1735-4479-9825-a2c42edac34c/data/buy30590_deep/deep-cycle-3115-2026-06-06T04-04-36-914Z.ndjson
[2026-06-06T04:04:42.537Z] deep cycle 3116: 80 domains → 0 hit → 0 deep products → /paperclip/instances/default/workspaces/3ec8f6dd-1735-4479-9825-a2c42edac34c/data/buy30590_deep/deep-cycle-3116-2026-06-06T04-04-42-223Z.ndjson
[2026-06-06T04:04:47.827Z] deep cycle 3117: 80 domains → 0 hit → 0 deep products → /paperclip/instances/default/workspaces/3ec8f6dd-1735-4479-9825-a2c42edac34c/data/buy30590_deep/deep-cycle-3117-2026-06-06T04-04-47-542Z.ndjson
[2026-06-06T04:04:53.139Z] deep cycle 3118: 80 domains → 0 hit → 0 deep products → /paperclip/instances/default/workspaces/3ec8f6dd-1735-4479-9825-a2c42edac34c/data/buy30590_deep/deep-cycle-3118-2026-06-06T04-04-52-832Z.ndjson
[2026-06-06T04:04:58.450Z] deep cycle 3119: 80 domains → 0 hit → 0 deep products → /paperclip/instances/default/workspaces/3ec8f6dd-1735-4479-9825-a2c42edac34c/data/buy30590_deep/deep-cycle-3119-2026-06-06T04-04-58-144Z.ndjson
[2026-06-06T04:05:03.969Z] deep cycle 3120: 80 domains → 0 hit → 0 deep products → /paperclip/instances/default/workspaces/3ec8f6dd-1735-4479-9825-a2c42edac34c/data/buy30590_deep/deep-cycle-3120-2026-06-06T04-05-03-452Z.ndjson
[2026-06-06T04:05:09.263Z] deep cycle 3121: 80 domains → 0 hit → 0 deep products → /paperclip/instances/default/workspaces/3ec8f6dd-1735-4479-9825-a2c42edac34c/data/buy30590_deep/deep-cycle-3121-2026-06-06T04-05-08-972Z.ndjson
[2026-06-06T04:05:14.575Z] deep cycle 3122: 80 domains → 0 hit → 0 deep products → /paperclip/instances/default/workspaces/3ec8f6dd-1735-4479-9825-a2c42edac34c/data/buy30590_deep/deep-cycle-3122-2026-06-06T04-05-14-268Z.ndjson
[2026-06-06T04:05:19.863Z] deep cycle 3123: 80 domains → 0 hit → 0 deep products → /paperclip/instances/default/workspaces/3ec8f6dd-1735-4479-9825-a2c42edac34c/data/buy30590_deep/deep-cycle-3123-2026-06-06T04-05-19-580Z.ndjson
[2026-06-06T04:05:25.481Z] deep cycle 3124: 80 domains → 0 hit → 0 deep products → /paperclip/instances/default/workspaces/3ec8f6dd-1735-4479-9825-a2c42edac34c/data/buy30590_deep/deep-cycle-3124-2026-06-06T04-05-24-868Z.ndjson
[2026-06-06T04:05:30.817Z] deep cycle 3125: 80 domains → 0 hit → 0 deep products → /paperclip/instances/default/workspaces/3ec8f6dd-1735-4479-9825-a2c42edac34c/data/buy30590_deep/deep-cycle-3125-2026-06-06T04-05-30-484Z.ndjson
[2026-06-06T04:05:36.145Z] deep cycle 3126: 80 domains → 0 hit → 0 deep products → /paperclip/instances/default/workspaces/3ec8f6dd-1735-4479-9825-a2c42edac34c/data/buy30590_deep/deep-cycle-3126-2026-06-06T04-05-35-822Z.ndjson
[2026-06-06T04:05:41.432Z] deep cycle 3127: 80 domains → 0 hit → 0 deep products → /paperclip/instances/default/workspaces/3ec8f6dd-1735-4479-9825-a2c42edac34c/data/buy30590_deep/deep-cycle-3127-2026-06-06T04-05-41-150Z.ndjson
[2026-06-06T04:05:46.736Z] deep cycle 3128: 80 domains → 0 hit → 0 deep products → /paperclip/instances/default/workspaces/3ec8f6dd-1735-4479-9825-a2c42edac34c/data/buy30590_deep/deep-cycle-3128-2026-06-06T04-05-46-434Z.ndjson
[2026-06-06T04:05:52.049Z] deep cycle 3129: 80 domains → 0 hit → 0 deep products → /paperclip/instances/default/workspaces/3ec8f6dd-1735-4479-9825-a2c42edac34c/data/buy30590_deep/deep-cycle-3129-2026-06-06T04-05-51-741Z.ndjson
[2026-06-06T04:05:57.366Z] deep cycle 3130: 80 domains → 0 hit → 0 deep products → /paperclip/instances/default/workspaces/3ec8f6dd-1735-4479-9825-a2c42edac34c/data/buy30590_deep/deep-cycle-3130-2026-06-06T04-05-57-054Z.ndjson
[2026-06-06T04:06:02.746Z] deep cycle 3131: 80 domains → 0 hit → 0 deep products → /paperclip/instances/default/workspaces/3ec8f6dd-1735-4479-9825-a2c42edac34c/data/buy30590_deep/deep-cycle-3131-2026-06-06T04-06-02-371Z.ndjson
[2026-06-06T04:06:08.043Z] deep cycle 3132: 80 domains → 0 hit → 0 deep products → /paperclip/instances/default/workspaces/3ec8f6dd-1735-4479-9825-a2c42edac34c/data/buy30590_deep/deep-cycle-3132-2026-06-06T04-06-07-752Z.ndjson
[2026-06-06T04:06:13.334Z] deep cycle 3133: 80 domains → 0 hit → 0 deep products → /paperclip/instances/default/workspaces/3ec8f6dd-1735-4479-9825-a2c42edac34c/data/buy30590_deep/deep-cycle-3133-2026-06-06T04-06-13-048Z.ndjson
[2026-06-06T04:06:18.762Z] deep cycle 3134: 80 domains → 0 hit → 0 deep products → /paperclip/instances/default/workspaces/3ec8f6dd-1735-4479-9825-a2c42edac34c/data/buy30590_deep/deep-cycle-3134-2026-06-06T04-06-18-338Z.ndjson
[2026-06-06T04:06:24.059Z] deep cycle 3135: 80 domains → 0 hit → 0 deep products → /paperclip/instances/default/workspaces/3ec8f6dd-1735-4479-9825-a2c42edac34c/data/buy30590_deep/deep-cycle-3135-2026-06-06T04-06-23-767Z.ndjson
[2026-06-06T04:06:29.357Z] deep cycle 3136: 80 domains → 0 hit → 0 deep products → /paperclip/instances/default/workspaces/3ec8f6dd-1735-4479-9825-a2c42edac34c/data/buy30590_deep/deep-cycle-3136-2026-06-06T04-06-29-064Z.ndjson
[2026-06-06T04:06:34.683Z] deep cycle 3137: 80 domains → 0 hit → 0 deep products → /paperclip/instances/default/workspaces/3ec8f6dd-1735-4479-9825-a2c42edac34c/data/buy30590_deep/deep-cycle-3137-2026-06-06T04-06-34-359Z.ndjson
[2026-06-06T04:06:40.185Z] deep cycle 3138: 80 domains → 0 hit → 0 deep products → /paperclip/instances/default/workspaces/3ec8f6dd-1735-4479-9825-a2c42edac34c/data/buy30590_deep/deep-cycle-3138-2026-06-06T04-06-39-690Z.ndjson
[2026-06-06T04:06:45.522Z] deep cycle 3139: 80 domains → 0 hit → 0 deep products → /paperclip/instances/default/workspaces/3ec8f6dd-1735-4479-9825-a2c42edac34c/data/buy30590_deep/deep-cycle-3139-2026-06-06T04-06-45-191Z.ndjson
[2026-06-06T04:06:50.848Z] deep cycle 3140: 80 domains → 0 hit → 0 deep products → /paperclip/instances/default/workspaces/3ec8f6dd-1735-4479-9825-a2c42edac34c/data/buy30590_deep/deep-cycle-3140-2026-06-06T04-06-50-527Z.ndjson
[2026-06-06T04:06:56.202Z] deep cycle 3141: 80 domains → 0 hit → 0 deep products → /paperclip/instances/default/workspaces/3ec8f6dd-1735-4479-9825-a2c42edac34c/data/buy30590_deep/deep-cycle-3141-2026-06-06T04-06-55-853Z.ndjson
[2026-06-06T04:07:07.851Z] deep cycle 3142: 80 domains → 0 hit → 0 deep products → /paperclip/instances/default/workspaces/3ec8f6dd-1735-4479-9825-a2c42edac34c/data/buy30590_deep/deep-cycle-3142-2026-06-06T04-07-01-207Z.ndjson
[2026-06-06T04:07:16.504Z] deep cycle 3143: 80 domains → 0 hit → 0 deep products → /paperclip/instances/default/workspaces/3ec8f6dd-1735-4479-9825-a2c42edac34c/data/buy30590_deep/deep-cycle-3143-2026-06-06T04-07-12-851Z.ndjson
[2026-06-06T04:07:21.832Z] deep cycle 3144: 80 domains → 0 hit → 0 deep products → /paperclip/instances/default/workspaces/3ec8f6dd-1735-4479-9825-a2c42edac34c/data/buy30590_deep/deep-cycle-3144-2026-06-06T04-07-21-505Z.ndjson
[2026-06-06T04:07:27.451Z] deep cycle 3145: 80 domains → 0 hit → 0 deep products → /paperclip/instances/default/workspaces/3ec8f6dd-1735-4479-9825-a2c42edac34c/data/buy30590_deep/deep-cycle-3145-2026-06-06T04-07-26-837Z.ndjson
[2026-06-06T04:07:32.875Z] deep cycle 3146: 80 domains → 0 hit → 0 deep products → /paperclip/instances/default/workspaces/3ec8f6dd-1735-4479-9825-a2c42edac34c/data/buy30590_deep/deep-cycle-3146-2026-06-06T04-07-32-457Z.ndjson
[2026-06-06T04:07:38.364Z] deep cycle 3147: 80 domains → 0 hit → 0 deep products → /paperclip/instances/default/workspaces/3ec8f6dd-1735-4479-9825-a2c42edac34c/data/buy30590_deep/deep-cycle-3147-2026-06-06T04-07-37-879Z.ndjson
[2026-06-06T04:07:43.815Z] deep cycle 3148: 80 domains → 0 hit → 0 deep products → /paperclip/instances/default/workspaces/3ec8f6dd-1735-4479-9825-a2c42edac34c/data/buy30590_deep/deep-cycle-3148-2026-06-06T04-07-43-369Z.ndjson
[2026-06-06T04:07:49.837Z] deep cycle 3149: 80 domains → 0 hit → 0 deep products → /paperclip/instances/default/workspaces/3ec8f6dd-1735-4479-9825-a2c42edac34c/data/buy30590_deep/deep-cycle-3149-2026-06-06T04-07-48-820Z.ndjson
[2026-06-06T04:07:55.970Z] deep cycle 3150: 80 domains → 0 hit → 0 deep products → /paperclip/instances/default/workspaces/3ec8f6dd-1735-4479-9825-a2c42edac34c/data/buy30590_deep/deep-cycle-3150-2026-06-06T04-07-54-844Z.ndjson
[2026-06-06T04:08:01.929Z] deep cycle 3151: 80 domains → 0 hit → 0 deep products → /paperclip/instances/default/workspaces/3ec8f6dd-1735-4479-9825-a2c42edac34c/data/buy30590_deep/deep-cycle-3151-2026-06-06T04-08-00-974Z.ndjson
[2026-06-06T04:08:07.701Z] deep cycle 3152: 80 domains → 0 hit → 0 deep products → /paperclip/instances/default/workspaces/3ec8f6dd-1735-4479-9825-a2c42edac34c/data/buy30590_deep/deep-cycle-3152-2026-06-06T04-08-06-934Z.ndjson
[2026-06-06T04:08:13.650Z] deep cycle 3153: 80 domains → 0 hit → 0 deep products → /paperclip/instances/default/workspaces/3ec8f6dd-1735-4479-9825-a2c42edac34c/data/buy30590_deep/deep-cycle-3153-2026-06-06T04-08-12-705Z.ndjson
[2026-06-06T04:08:18.969Z] deep cycle 3154: 80 domains → 0 hit → 0 deep products → /paperclip/instances/default/workspaces/3ec8f6dd-1735-4479-9825-a2c42edac34c/data/buy30590_deep/deep-cycle-3154-2026-06-06T04-08-18-655Z.ndjson
[2026-06-06T04:08:24.496Z] deep cycle 3155: 80 domains → 0 hit → 0 deep products → /paperclip/instances/default/workspaces/3ec8f6dd-1735-4479-9825-a2c42edac34c/data/buy30590_deep/deep-cycle-3155-2026-06-06T04-08-23-975Z.ndjson
[2026-06-06T04:08:30.390Z] deep cycle 3156: 80 domains → 0 hit → 0 deep products → /paperclip/instances/default/workspaces/3ec8f6dd-1735-4479-9825-a2c42edac34c/data/buy30590_deep/deep-cycle-3156-2026-06-06T04-08-29-501Z.ndjson
[2026-06-06T04:08:35.820Z] deep cycle 3157: 80 domains → 0 hit → 0 deep products → /paperclip/instances/default/workspaces/3ec8f6dd-1735-4479-9825-a2c42edac34c/data/buy30590_deep/deep-cycle-3157-2026-06-06T04-08-35-395Z.ndjson
[2026-06-06T04:08:41.658Z] deep cycle 3158: 80 domains → 0 hit → 0 deep products → /paperclip/instances/default/workspaces/3ec8f6dd-1735-4479-9825-a2c42edac34c/data/buy30590_deep/deep-cycle-3158-2026-06-06T04-08-40-825Z.ndjson
[2026-06-06T04:08:47.605Z] deep cycle 3159: 80 domains → 0 hit → 0 deep products → /paperclip/instances/default/workspaces/3ec8f6dd-1735-4479-9825-a2c42edac34c/data/buy30590_deep/deep-cycle-3159-2026-06-06T04-08-46-664Z.ndjson
[2026-06-06T04:08:53.710Z] deep cycle 3160: 80 domains → 0 hit → 0 deep products → /paperclip/instances/default/workspaces/3ec8f6dd-1735-4479-9825-a2c42edac34c/data/buy30590_deep/deep-cycle-3160-2026-06-06T04-08-52-609Z.ndjson
[2026-06-06T04:08:59.490Z] deep cycle 3161: 80 domains → 0 hit → 0 deep products → /paperclip/instances/default/workspaces/3ec8f6dd-1735-4479-9825-a2c42edac34c/data/buy30590_deep/deep-cycle-3161-2026-06-06T04-08-58-718Z.ndjson
[2026-06-06T04:09:05.054Z] deep cycle 3162: 80 domains → 0 hit → 0 deep products → /paperclip/instances/default/workspaces/3ec8f6dd-1735-4479-9825-a2c42edac34c/data/buy30590_deep/deep-cycle-3162-2026-06-06T04-09-04-495Z.ndjson
[2026-06-06T04:09:10.423Z] deep cycle 3163: 80 domains → 0 hit → 0 deep products → /paperclip/instances/default/workspaces/3ec8f6dd-1735-4479-9825-a2c42edac34c/data/buy30590_deep/deep-cycle-3163-2026-06-06T04-09-10-059Z.ndjson
[2026-06-06T04:09:15.976Z] deep cycle 3164: 80 domains → 0 hit → 0 deep products → /paperclip/instances/default/workspaces/3ec8f6dd-1735-4479-9825-a2c42edac34c/data/buy30590_deep/deep-cycle-3164-2026-06-06T04-09-15-428Z.ndjson
[2026-06-06T04:09:21.274Z] deep cycle 3165: 80 domains → 0 hit → 0 deep products → /paperclip/instances/default/workspaces/3ec8f6dd-1735-4479-9825-a2c42edac34c/data/buy30590_deep/deep-cycle-3165-2026-06-06T04-09-20-981Z.ndjson
[2026-06-06T04:09:26.832Z] deep cycle 3166: 80 domains → 0 hit → 0 deep products → /paperclip/instances/default/workspaces/3ec8f6dd-1735-4479-9825-a2c42edac34c/data/buy30590_deep/deep-cycle-3166-2026-06-06T04-09-26-280Z.ndjson
[2026-06-06T04:09:32.774Z] deep cycle 3167: 80 domains → 0 hit → 0 deep products → /paperclip/instances/default/workspaces/3ec8f6dd-1735-4479-9825-a2c42edac34c/data/buy30590_deep/deep-cycle-3167-2026-06-06T04-09-31-838Z.ndjson
[2026-06-06T04:09:38.932Z] deep cycle 3168: 80 domains → 0 hit → 0 deep products → /paperclip/instances/default/workspaces/3ec8f6dd-1735-4479-9825-a2c42edac34c/data/buy30590_deep/deep-cycle-3168-2026-06-06T04-09-37-774Z.ndjson
[2026-06-06T04:09:45.106Z] deep cycle 3169: 80 domains → 0 hit → 0 deep products → /paperclip/instances/default/workspaces/3ec8f6dd-1735-4479-9825-a2c42edac34c/data/buy30590_deep/deep-cycle-3169-2026-06-06T04-09-43-936Z.ndjson
[2026-06-06T04:09:51.032Z] deep cycle 3170: 80 domains → 0 hit → 0 deep products → /paperclip/instances/default/workspaces/3ec8f6dd-1735-4479-9825-a2c42edac34c/data/buy30590_deep/deep-cycle-3170-2026-06-06T04-09-50-116Z.ndjson
[2026-06-06T04:09:57.119Z] deep cycle 3171: 80 domains → 0 hit → 0 deep products → /paperclip/instances/default/workspaces/3ec8f6dd-1735-4479-9825-a2c42edac34c/data/buy30590_deep/deep-cycle-3171-2026-06-06T04-09-56-036Z.ndjson
[2026-06-06T04:10:03.006Z] deep cycle 3172: 80 domains → 0 hit → 0 deep products → /paperclip/instances/default/workspaces/3ec8f6dd-1735-4479-9825-a2c42edac34c/data/buy30590_deep/deep-cycle-3172-2026-06-06T04-10-02-125Z.ndjson
[2026-06-06T04:10:08.653Z] deep cycle 3173: 80 domains → 0 hit → 0 deep products → /paperclip/instances/default/workspaces/3ec8f6dd-1735-4479-9825-a2c42edac34c/data/buy30590_deep/deep-cycle-3173-2026-06-06T04-10-08-012Z.ndjson
[2026-06-06T04:10:14.241Z] deep cycle 3174: 80 domains → 0 hit → 0 deep products → /paperclip/instances/default/workspaces/3ec8f6dd-1735-4479-9825-a2c42edac34c/data/buy30590_deep/deep-cycle-3174-2026-06-06T04-10-13-658Z.ndjson
[2026-06-06T04:10:19.833Z] deep cycle 3175: 80 domains → 0 hit → 0 deep products → /paperclip/instances/default/workspaces/3ec8f6dd-1735-4479-9825-a2c42edac34c/data/buy30590_deep/deep-cycle-3175-2026-06-06T04-10-19-248Z.ndjson
[2026-06-06T04:10:25.472Z] deep cycle 3176: 80 domains → 0 hit → 0 deep products → /paperclip/instances/default/workspaces/3ec8f6dd-1735-4479-9825-a2c42edac34c/data/buy30590_deep/deep-cycle-3176-2026-06-06T04-10-24-838Z.ndjson
[2026-06-06T04:10:31.373Z] deep cycle 3177: 80 domains → 0 hit → 0 deep products → /paperclip/instances/default/workspaces/3ec8f6dd-1735-4479-9825-a2c42edac34c/data/buy30590_deep/deep-cycle-3177-2026-06-06T04-10-30-477Z.ndjson
[2026-06-06T04:10:37.232Z] deep cycle 3178: 80 domains → 0 hit → 0 deep products → /paperclip/instances/default/workspaces/3ec8f6dd-1735-4479-9825-a2c42edac34c/data/buy30590_deep/deep-cycle-3178-2026-06-06T04-10-36-378Z.ndjson
[2026-06-06T04:10:43.113Z] deep cycle 3179: 80 domains → 0 hit → 0 deep products → /paperclip/instances/default/workspaces/3ec8f6dd-1735-4479-9825-a2c42edac34c/data/buy30590_deep/deep-cycle-3179-2026-06-06T04-10-42-237Z.ndjson
[2026-06-06T04:10:48.776Z] deep cycle 3180: 80 domains → 0 hit → 0 deep products → /paperclip/instances/default/workspaces/3ec8f6dd-1735-4479-9825-a2c42edac34c/data/buy30590_deep/deep-cycle-3180-2026-06-06T04-10-48-118Z.ndjson
[2026-06-06T04:10:54.241Z] deep cycle 3181: 80 domains → 0 hit → 0 deep products → /paperclip/instances/default/workspaces/3ec8f6dd-1735-4479-9825-a2c42edac34c/data/buy30590_deep/deep-cycle-3181-2026-06-06T04-10-53-781Z.ndjson
[2026-06-06T04:11:00.093Z] deep cycle 3182: 80 domains → 0 hit → 0 deep products → /paperclip/instances/default/workspaces/3ec8f6dd-1735-4479-9825-a2c42edac34c/data/buy30590_deep/deep-cycle-3182-2026-06-06T04-10-59-249Z.ndjson
[2026-06-06T04:11:06.279Z] deep cycle 3183: 80 domains → 0 hit → 0 deep products → /paperclip/instances/default/workspaces/3ec8f6dd-1735-4479-9825-a2c42edac34c/data/buy30590_deep/deep-cycle-3183-2026-06-06T04-11-05-098Z.ndjson
[2026-06-06T04:11:12.212Z] deep cycle 3184: 80 domains → 0 hit → 0 deep products → /paperclip/instances/default/workspaces/3ec8f6dd-1735-4479-9825-a2c42edac34c/data/buy30590_deep/deep-cycle-3184-2026-06-06T04-11-11-283Z.ndjson
[2026-06-06T04:11:17.906Z] deep cycle 3185: 80 domains → 0 hit → 0 deep products → /paperclip/instances/default/workspaces/3ec8f6dd-1735-4479-9825-a2c42edac34c/data/buy30590_deep/deep-cycle-3185-2026-06-06T04-11-17-218Z.ndjson
[2026-06-06T04:11:23.400Z] deep cycle 3186: 80 domains → 0 hit → 0 deep products → /paperclip/instances/default/workspaces/3ec8f6dd-1735-4479-9825-a2c42edac34c/data/buy30590_deep/deep-cycle-3186-2026-06-06T04-11-22-908Z.ndjson
[2026-06-06T04:11:28.915Z] deep cycle 3187: 80 domains → 0 hit → 0 deep products → /paperclip/instances/default/workspaces/3ec8f6dd-1735-4479-9825-a2c42edac34c/data/buy30590_deep/deep-cycle-3187-2026-06-06T04-11-28-406Z.ndjson
[2026-06-06T04:11:34.670Z] deep cycle 3188: 80 domains → 0 hit → 0 deep products → /paperclip/instances/default/workspaces/3ec8f6dd-1735-4479-9825-a2c42edac34c/data/buy30590_deep/deep-cycle-3188-2026-06-06T04-11-33-921Z.ndjson
[2026-06-06T04:11:40.357Z] deep cycle 3189: 80 domains → 0 hit → 0 deep products → /paperclip/instances/default/workspaces/3ec8f6dd-1735-4479-9825-a2c42edac34c/data/buy30590_deep/deep-cycle-3189-2026-06-06T04-11-39-674Z.ndjson
[2026-06-06T04:11:46.246Z] deep cycle 3190: 80 domains → 0 hit → 0 deep products → /paperclip/instances/default/workspaces/3ec8f6dd-1735-4479-9825-a2c42edac34c/data/buy30590_deep/deep-cycle-3190-2026-06-06T04-11-45-362Z.ndjson
[2026-06-06T04:11:52.086Z] deep cycle 3191: 80 domains → 0 hit → 0 deep products → /paperclip/instances/default/workspaces/3ec8f6dd-1735-4479-9825-a2c42edac34c/data/buy30590_deep/deep-cycle-3191-2026-06-06T04-11-51-253Z.ndjson
[2026-06-06T04:11:57.749Z] deep cycle 3192: 80 domains → 0 hit → 0 deep products → /paperclip/instances/default/workspaces/3ec8f6dd-1735-4479-9825-a2c42edac34c/data/buy30590_deep/deep-cycle-3192-2026-06-06T04-11-57-091Z.ndjson
[2026-06-06T04:12:03.076Z] deep cycle 3193: 80 domains → 0 hit → 0 deep products → /paperclip/instances/default/workspaces/3ec8f6dd-1735-4479-9825-a2c42edac34c/data/buy30590_deep/deep-cycle-3193-2026-06-06T04-12-02-753Z.ndjson
[2026-06-06T04:12:08.425Z] deep cycle 3194: 80 domains → 0 hit → 0 deep products → /paperclip/instances/default/workspaces/3ec8f6dd-1735-4479-9825-a2c42edac34c/data/buy30590_deep/deep-cycle-3194-2026-06-06T04-12-08-082Z.ndjson
[2026-06-06T04:12:13.771Z] deep cycle 3195: 80 domains → 0 hit → 0 deep products → /paperclip/instances/default/workspaces/3ec8f6dd-1735-4479-9825-a2c42edac34c/data/buy30590_deep/deep-cycle-3195-2026-06-06T04-12-13-429Z.ndjson
[2026-06-06T04:12:19.384Z] deep cycle 3196: 80 domains → 0 hit → 0 deep products → /paperclip/instances/default/workspaces/3ec8f6dd-1735-4479-9825-a2c42edac34c/data/buy30590_deep/deep-cycle-3196-2026-06-06T04-12-18-775Z.ndjson
[2026-06-06T04:12:24.761Z] deep cycle 3197: 80 domains → 0 hit → 0 deep products → /paperclip/instances/default/workspaces/3ec8f6dd-1735-4479-9825-a2c42edac34c/data/buy30590_deep/deep-cycle-3197-2026-06-06T04-12-24-389Z.ndjson
[2026-06-06T04:12:30.098Z] deep cycle 3198: 80 domains → 0 hit → 0 deep products → /paperclip/instances/default/workspaces/3ec8f6dd-1735-4479-9825-a2c42edac34c/data/buy30590_deep/deep-cycle-3198-2026-06-06T04-12-29-766Z.ndjson
[2026-06-06T04:12:35.697Z] deep cycle 3199: 80 domains → 0 hit → 0 deep products → /paperclip/instances/default/workspaces/3ec8f6dd-1735-4479-9825-a2c42edac34c/data/buy30590_deep/deep-cycle-3199-2026-06-06T04-12-35-103Z.ndjson
[2026-06-06T04:12:41.141Z] deep cycle 3200: 80 domains → 0 hit → 0 deep products → /paperclip/instances/default/workspaces/3ec8f6dd-1735-4479-9825-a2c42edac34c/data/buy30590_deep/deep-cycle-3200-2026-06-06T04-12-40-700Z.ndjson
[2026-06-06T04:12:46.464Z] deep cycle 3201: 80 domains → 0 hit → 0 deep products → /paperclip/instances/default/workspaces/3ec8f6dd-1735-4479-9825-a2c42edac34c/data/buy30590_deep/deep-cycle-3201-2026-06-06T04-12-46-144Z.ndjson
[2026-06-06T04:12:51.838Z] deep cycle 3202: 80 domains → 0 hit → 0 deep products → /paperclip/instances/default/workspaces/3ec8f6dd-1735-4479-9825-a2c42edac34c/data/buy30590_deep/deep-cycle-3202-2026-06-06T04-12-51-469Z.ndjson
[2026-06-06T04:12:57.229Z] deep cycle 3203: 80 domains → 0 hit → 0 deep products → /paperclip/instances/default/workspaces/3ec8f6dd-1735-4479-9825-a2c42edac34c/data/buy30590_deep/deep-cycle-3203-2026-06-06T04-12-56-843Z.ndjson
[2026-06-06T04:13:03.381Z] deep cycle 3204: 80 domains → 0 hit → 0 deep products → /paperclip/instances/default/workspaces/3ec8f6dd-1735-4479-9825-a2c42edac34c/data/buy30590_deep/deep-cycle-3204-2026-06-06T04-13-02-249Z.ndjson
[2026-06-06T04:13:09.370Z] deep cycle 3205: 80 domains → 0 hit → 0 deep products → /paperclip/instances/default/workspaces/3ec8f6dd-1735-4479-9825-a2c42edac34c/data/buy30590_deep/deep-cycle-3205-2026-06-06T04-13-08-385Z.ndjson
[2026-06-06T04:13:17.465Z] deep cycle 3206: 80 domains → 1 hit → 330 deep products → /paperclip/instances/default/workspaces/3ec8f6dd-1735-4479-9825-a2c42edac34c/data/buy30590_deep/deep-cycle-3206-2026-06-06T04-13-14-375Z.ndjson
[2026-06-06T04:13:27.432Z] deep cycle 3206 ingest: exit=0 10.0s === STREAM INGEST DONE ===
files=1 lines=330 valid=330 written=330 errors=0
skipped: {}
top sources: [ [ 'shopify', 330 ] ]
[2026-06-06T04:13:33.191Z] deep cycle 3207: 80 domains → 0 hit → 0 deep products → /paperclip/instances/default/workspaces/3ec8f6dd-1735-4479-9825-a2c42edac34c/data/buy30590_deep/deep-cycle-3207-2026-06-06T04-13-32-437Z.ndjson
[2026-06-06T04:13:39.334Z] deep cycle 3208: 80 domains → 0 hit → 0 deep products → /paperclip/instances/default/workspaces/3ec8f6dd-1735-4479-9825-a2c42edac34c/data/buy30590_deep/deep-cycle-3208-2026-06-06T04-13-38-197Z.ndjson
[2026-06-06T04:13:45.448Z] deep cycle 3209: 80 domains → 0 hit → 0 deep products → /paperclip/instances/default/workspaces/3ec8f6dd-1735-4479-9825-a2c42edac34c/data/buy30590_deep/deep-cycle-3209-2026-06-06T04-13-44-339Z.ndjson
[2026-06-06T04:13:52.135Z] deep cycle 3210: 80 domains → 0 hit → 0 deep products → /paperclip/instances/default/workspaces/3ec8f6dd-1735-4479-9825-a2c42edac34c/data/buy30590_deep/deep-cycle-3210-2026-06-06T04-13-50-452Z.ndjson
[2026-06-06T04:13:57.490Z] deep cycle 3211: 80 domains → 0 hit → 0 deep products → /paperclip/instances/default/workspaces/3ec8f6dd-1735-4479-9825-a2c42edac34c/data/buy30590_deep/deep-cycle-3211-2026-06-06T04-13-57-136Z.ndjson
[2026-06-06T04:14:02.870Z] deep cycle 3212: 80 domains → 0 hit → 0 deep products → /paperclip/instances/default/workspaces/3ec8f6dd-1735-4479-9825-a2c42edac34c/data/buy30590_deep/deep-cycle-3212-2026-06-06T04-14-02-493Z.ndjson
[2026-06-06T04:16:12.173Z] deep cycle 3213: 80 domains → 7 hit → 48483 deep products → /paperclip/instances/default/workspaces/3ec8f6dd-1735-4479-9825-a2c42edac34c/data/buy30590_deep/deep-cycle-3213-2026-06-06T04-14-07-871Z.ndjson
[2026-06-06T04:17:31.028Z] deep cycle 3213 ingest: exit=0 78.9s === STREAM INGEST DONE ===
files=1 lines=48483 valid=48483 written=48483 errors=0
skipped: {}
top sources: [ [ 'shopify', 48483 ] ]
[2026-06-06T04:19:05.254Z] deep cycle 3214: 80 domains → 10 hit → 36162 deep products → /paperclip/instances/default/workspaces/3ec8f6dd-1735-4479-9825-a2c42edac34c/data/buy30590_deep/deep-cycle-3214-2026-06-06T04-17-36-030Z.ndjson
[2026-06-06T04:19:28.042Z] deep cycle 3214 ingest: exit=0 22.8s === STREAM INGEST DONE ===
files=1 lines=36162 valid=36162 written=36162 errors=0
skipped: {}
top sources: [ [ 'shopify', 36162 ] ]
[2026-06-06T04:20:22.825Z] deep cycle 3215: 80 domains → 3 hit → 19733 deep products → /paperclip/instances/default/workspaces/3ec8f6dd-1735-4479-9825-a2c42edac34c/data/buy30590_deep/deep-cycle-3215-2026-06-06T04-19-33-046Z.ndjson
[2026-06-06T04:21:19.882Z] deep cycle 3215 ingest: exit=0 57.1s === STREAM INGEST DONE ===
files=1 lines=19733 valid=19733 written=19733 errors=0
skipped: {}
top sources: [ [ 'shopify', 19733 ] ]
[2026-06-06T04:22:24.426Z] deep cycle 3216: 80 domains → 5 hit → 25501 deep products → /paperclip/instances/default/workspaces/3ec8f6dd-1735-4479-9825-a2c42edac34c/data/buy30590_deep/deep-cycle-3216-2026-06-06T04-21-24-890Z.ndjson
[2026-06-06T04:22:29.186Z] deep cycle 3216 ingest: exit=0 4.8s === STREAM INGEST DONE ===
files=1 lines=25501 valid=25501 written=25501 errors=0
skipped: {}
top sources: [ [ 'shopify', 25501 ] ]
[2026-06-06T04:24:10.540Z] deep cycle 3217: 80 domains → 7 hit → 76626 deep products → /paperclip/instances/default/workspaces/3ec8f6dd-1735-4479-9825-a2c42edac34c/data/buy30590_deep/deep-cycle-3217-2026-06-06T04-22-34-190Z.ndjson
[2026-06-06T04:32:57.812Z] deep cycle 3217 ingest: exit=0 527.3s === STREAM INGEST DONE ===
files=1 lines=76626 valid=76626 written=76126 errors=1
skipped: {}
top sources: [ [ 'shopify', 76626 ] ]
[2026-06-06T04:34:32.104Z] deep cycle 3218: 80 domains → 6 hit → 44599 deep products → /paperclip/instances/default/workspaces/3ec8f6dd-1735-4479-9825-a2c42edac34c/data/buy30590_deep/deep-cycle-3218-2026-06-06T04-33-02-817Z.ndjson
[2026-06-06T04:35:43.836Z] deep cycle 3218 ingest: exit=0 71.7s === STREAM INGEST DONE ===
files=1 lines=44599 valid=44599 written=44599 errors=0
skipped: {}
top sources: [ [ 'shopify', 44599 ] ]
[2026-06-06T04:36:22.917Z] deep cycle 3219: 80 domains → 3 hit → 51250 deep products → /paperclip/instances/default/workspaces/3ec8f6dd-1735-4479-9825-a2c42edac34c/data/buy30590_deep/deep-cycle-3219-2026-06-06T04-35-48-841Z.ndjson
[2026-06-06T04:37:44.763Z] deep cycle 3219 ingest: exit=0 81.8s === STREAM INGEST DONE ===
files=1 lines=51250 valid=51250 written=51250 errors=0
skipped: {}
top sources: [ [ 'shopify', 51250 ] ]
[2026-06-06T04:38:04.930Z] deep cycle 3220: 80 domains → 5 hit → 5804 deep products → /paperclip/instances/default/workspaces/3ec8f6dd-1735-4479-9825-a2c42edac34c/data/buy30590_deep/deep-cycle-3220-2026-06-06T04-37-49-767Z.ndjson
[2026-06-06T04:38:06.756Z] deep cycle 3220 ingest: exit=0 1.8s === STREAM INGEST DONE ===
files=1 lines=5804 valid=5804 written=5804 errors=0
skipped: {}
top sources: [ [ 'shopify', 5804 ] ]
[2026-06-06T04:39:55.218Z] deep cycle 3221: 80 domains → 4 hit → 28245 deep products → /paperclip/instances/default/workspaces/3ec8f6dd-1735-4479-9825-a2c42edac34c/data/buy30590_deep/deep-cycle-3221-2026-06-06T04-38-11-760Z.ndjson
[2026-06-06T04:40:34.025Z] deep cycle 3221 ingest: exit=0 38.8s === STREAM INGEST DONE ===
files=1 lines=28245 valid=28245 written=28245 errors=0
skipped: {}
top sources: [ [ 'shopify', 28245 ] ]
[2026-06-06T04:41:00.703Z] deep cycle 3222: 80 domains → 3 hit → 20970 deep products → /paperclip/instances/default/workspaces/3ec8f6dd-1735-4479-9825-a2c42edac34c/data/buy30590_deep/deep-cycle-3222-2026-06-06T04-40-39-031Z.ndjson
[2026-06-06T04:41:18.869Z] deep cycle 3222 ingest: exit=0 18.2s === STREAM INGEST DONE ===
files=1 lines=20970 valid=20970 written=20970 errors=0
skipped: {}
top sources: [ [ 'shopify', 20970 ] ]
[2026-06-06T04:41:25.101Z] deep cycle 3223: 80 domains → 0 hit → 0 deep products → /paperclip/instances/default/workspaces/3ec8f6dd-1735-4479-9825-a2c42edac34c/data/buy30590_deep/deep-cycle-3223-2026-06-06T04-41-23-871Z.ndjson
[2026-06-06T04:41:31.213Z] deep cycle 3224: 80 domains → 0 hit → 0 deep products → /paperclip/instances/default/workspaces/3ec8f6dd-1735-4479-9825-a2c42edac34c/data/buy30590_deep/deep-cycle-3224-2026-06-06T04-41-30-103Z.ndjson
[2026-06-06T04:41:40.248Z] deep cycle 3225: 80 domains → 0 hit → 0 deep products → /paperclip/instances/default/workspaces/3ec8f6dd-1735-4479-9825-a2c42edac34c/data/buy30590_deep/deep-cycle-3225-2026-06-06T04-41-36-218Z.ndjson
[2026-06-06T04:41:46.449Z] deep cycle 3226: 80 domains → 0 hit → 0 deep products → /paperclip/instances/default/workspaces/3ec8f6dd-1735-4479-9825-a2c42edac34c/data/buy30590_deep/deep-cycle-3226-2026-06-06T04-41-45-253Z.ndjson
[2026-06-06T04:41:53.266Z] deep cycle 3227: 80 domains → 0 hit → 0 deep products → /paperclip/instances/default/workspaces/3ec8f6dd-1735-4479-9825-a2c42edac34c/data/buy30590_deep/deep-cycle-3227-2026-06-06T04-41-51-454Z.ndjson
[2026-06-06T04:41:59.743Z] deep cycle 3228: 80 domains → 0 hit → 0 deep products → /paperclip/instances/default/workspaces/3ec8f6dd-1735-4479-9825-a2c42edac34c/data/buy30590_deep/deep-cycle-3228-2026-06-06T04-41-58-268Z.ndjson
[2026-06-06T04:42:06.314Z] deep cycle 3229: 80 domains → 0 hit → 0 deep products → /paperclip/instances/default/workspaces/3ec8f6dd-1735-4479-9825-a2c42edac34c/data/buy30590_deep/deep-cycle-3229-2026-06-06T04-42-04-748Z.ndjson
[2026-06-06T04:42:12.794Z] deep cycle 3230: 80 domains → 0 hit → 0 deep products → /paperclip/instances/default/workspaces/3ec8f6dd-1735-4479-9825-a2c42edac34c/data/buy30590_deep/deep-cycle-3230-2026-06-06T04-42-11-319Z.ndjson
[2026-06-06T04:42:20.326Z] deep cycle 3231: 80 domains → 0 hit → 0 deep products → /paperclip/instances/default/workspaces/3ec8f6dd-1735-4479-9825-a2c42edac34c/data/buy30590_deep/deep-cycle-3231-2026-06-06T04-42-17-799Z.ndjson
[2026-06-06T04:42:39.315Z] deep cycle 3232: 80 domains → 1 hit → 4000 deep products → /paperclip/instances/default/workspaces/3ec8f6dd-1735-4479-9825-a2c42edac34c/data/buy30590_deep/deep-cycle-3232-2026-06-06T04-42-25-332Z.ndjson
[2026-06-06T04:42:45.787Z] deep cycle 3232 ingest: exit=0 6.5s === STREAM INGEST DONE ===
files=1 lines=4000 valid=4000 written=4000 errors=0
skipped: {}
top sources: [ [ 'shopify', 4000 ] ]
[2026-06-06T04:42:52.345Z] deep cycle 3233: 80 domains → 0 hit → 0 deep products → /paperclip/instances/default/workspaces/3ec8f6dd-1735-4479-9825-a2c42edac34c/data/buy30590_deep/deep-cycle-3233-2026-06-06T04-42-50-793Z.ndjson
[2026-06-06T04:43:00.371Z] deep cycle 3234: 80 domains → 0 hit → 0 deep products → /paperclip/instances/default/workspaces/3ec8f6dd-1735-4479-9825-a2c42edac34c/data/buy30590_deep/deep-cycle-3234-2026-06-06T04-42-57-348Z.ndjson
[2026-06-06T04:43:06.858Z] deep cycle 3235: 80 domains → 0 hit → 0 deep products → /paperclip/instances/default/workspaces/3ec8f6dd-1735-4479-9825-a2c42edac34c/data/buy30590_deep/deep-cycle-3235-2026-06-06T04-43-05-376Z.ndjson
[2026-06-06T04:43:14.455Z] deep cycle 3236: 80 domains → 0 hit → 0 deep products → /paperclip/instances/default/workspaces/3ec8f6dd-1735-4479-9825-a2c42edac34c/data/buy30590_deep/deep-cycle-3236-2026-06-06T04-43-11-862Z.ndjson
[2026-06-06T04:43:20.206Z] deep cycle 3237: 80 domains → 0 hit → 0 deep products → /paperclip/instances/default/workspaces/3ec8f6dd-1735-4479-9825-a2c42edac34c/data/buy30590_deep/deep-cycle-3237-2026-06-06T04-43-19-460Z.ndjson
[2026-06-06T04:43:26.380Z] deep cycle 3238: 80 domains → 0 hit → 0 deep products → /paperclip/instances/default/workspaces/3ec8f6dd-1735-4479-9825-a2c42edac34c/data/buy30590_deep/deep-cycle-3238-2026-06-06T04-43-25-211Z.ndjson
[2026-06-06T04:43:32.643Z] deep cycle 3239: 80 domains → 0 hit → 0 deep products → /paperclip/instances/default/workspaces/3ec8f6dd-1735-4479-9825-a2c42edac34c/data/buy30590_deep/deep-cycle-3239-2026-06-06T04-43-31-385Z.ndjson
[2026-06-06T04:43:39.114Z] deep cycle 3240: 80 domains → 0 hit → 0 deep products → /paperclip/instances/default/workspaces/3ec8f6dd-1735-4479-9825-a2c42edac34c/data/buy30590_deep/deep-cycle-3240-2026-06-06T04-43-37-649Z.ndjson
[2026-06-06T04:43:47.168Z] deep cycle 3241: 80 domains → 0 hit → 0 deep products → /paperclip/instances/default/workspaces/3ec8f6dd-1735-4479-9825-a2c42edac34c/data/buy30590_deep/deep-cycle-3241-2026-06-06T04-43-44-117Z.ndjson
[2026-06-06T04:43:53.599Z] deep cycle 3242: 80 domains → 0 hit → 0 deep products → /paperclip/instances/default/workspaces/3ec8f6dd-1735-4479-9825-a2c42edac34c/data/buy30590_deep/deep-cycle-3242-2026-06-06T04-43-52-171Z.ndjson
[2026-06-06T04:44:09.611Z] deep cycle 3243: 80 domains → 0 hit → 0 deep products → /paperclip/instances/default/workspaces/3ec8f6dd-1735-4479-9825-a2c42edac34c/data/buy30590_deep/deep-cycle-3243-2026-06-06T04-43-58-603Z.ndjson
[2026-06-06T04:44:16.924Z] deep cycle 3244: 80 domains → 0 hit → 0 deep products → /paperclip/instances/default/workspaces/3ec8f6dd-1735-4479-9825-a2c42edac34c/data/buy30590_deep/deep-cycle-3244-2026-06-06T04-44-14-615Z.ndjson
[2026-06-06T04:44:23.394Z] deep cycle 3245: 80 domains → 0 hit → 0 deep products → /paperclip/instances/default/workspaces/3ec8f6dd-1735-4479-9825-a2c42edac34c/data/buy30590_deep/deep-cycle-3245-2026-06-06T04-44-21-930Z.ndjson
[2026-06-06T04:44:29.980Z] deep cycle 3246: 80 domains → 0 hit → 0 deep products → /paperclip/instances/default/workspaces/3ec8f6dd-1735-4479-9825-a2c42edac34c/data/buy30590_deep/deep-cycle-3246-2026-06-06T04-44-28-396Z.ndjson
[2026-06-06T04:44:36.500Z] deep cycle 3247: 80 domains → 0 hit → 0 deep products → /paperclip/instances/default/workspaces/3ec8f6dd-1735-4479-9825-a2c42edac34c/data/buy30590_deep/deep-cycle-3247-2026-06-06T04-44-34-984Z.ndjson
[2026-06-06T04:44:43.163Z] deep cycle 3248: 80 domains → 0 hit → 0 deep products → /paperclip/instances/default/workspaces/3ec8f6dd-1735-4479-9825-a2c42edac34c/data/buy30590_deep/deep-cycle-3248-2026-06-06T04-44-41-504Z.ndjson
[2026-06-06T04:44:50.060Z] deep cycle 3249: 80 domains → 0 hit → 0 deep products → /paperclip/instances/default/workspaces/3ec8f6dd-1735-4479-9825-a2c42edac34c/data/buy30590_deep/deep-cycle-3249-2026-06-06T04-44-48-167Z.ndjson
[2026-06-06T04:45:08.185Z] deep cycle 3250: 80 domains → 0 hit → 0 deep products → /paperclip/instances/default/workspaces/3ec8f6dd-1735-4479-9825-a2c42edac34c/data/buy30590_deep/deep-cycle-3250-2026-06-06T04-44-55-064Z.ndjson
[2026-06-06T04:45:15.158Z] deep cycle 3251: 80 domains → 0 hit → 0 deep products → /paperclip/instances/default/workspaces/3ec8f6dd-1735-4479-9825-a2c42edac34c/data/buy30590_deep/deep-cycle-3251-2026-06-06T04-45-13-191Z.ndjson
[2026-06-06T04:45:21.659Z] deep cycle 3252: 80 domains → 0 hit → 0 deep products → /paperclip/instances/default/workspaces/3ec8f6dd-1735-4479-9825-a2c42edac34c/data/buy30590_deep/deep-cycle-3252-2026-06-06T04-45-20-164Z.ndjson
[2026-06-06T04:45:28.505Z] deep cycle 3253: 80 domains → 0 hit → 0 deep products → /paperclip/instances/default/workspaces/3ec8f6dd-1735-4479-9825-a2c42edac34c/data/buy30590_deep/deep-cycle-3253-2026-06-06T04-45-26-664Z.ndjson
[2026-06-06T04:45:35.462Z] deep cycle 3254: 80 domains → 0 hit → 0 deep products → /paperclip/instances/default/workspaces/3ec8f6dd-1735-4479-9825-a2c42edac34c/data/buy30590_deep/deep-cycle-3254-2026-06-06T04-45-33-509Z.ndjson
[2026-06-06T04:45:42.764Z] deep cycle 3255: 80 domains → 0 hit → 0 deep products → /paperclip/instances/default/workspaces/3ec8f6dd-1735-4479-9825-a2c42edac34c/data/buy30590_deep/deep-cycle-3255-2026-06-06T04-45-40-467Z.ndjson
[2026-06-06T04:45:49.481Z] deep cycle 3256: 80 domains → 0 hit → 0 deep products → /paperclip/instances/default/workspaces/3ec8f6dd-1735-4479-9825-a2c42edac34c/data/buy30590_deep/deep-cycle-3256-2026-06-06T04-45-47-770Z.ndjson
[2026-06-06T04:45:56.168Z] deep cycle 3257: 80 domains → 0 hit → 0 deep products → /paperclip/instances/default/workspaces/3ec8f6dd-1735-4479-9825-a2c42edac34c/data/buy30590_deep/deep-cycle-3257-2026-06-06T04-45-54-487Z.ndjson
[2026-06-06T04:46:02.602Z] deep cycle 3258: 80 domains → 0 hit → 0 deep products → /paperclip/instances/default/workspaces/3ec8f6dd-1735-4479-9825-a2c42edac34c/data/buy30590_deep/deep-cycle-3258-2026-06-06T04-46-01-173Z.ndjson
[2026-06-06T04:46:10.124Z] deep cycle 3259: 80 domains → 0 hit → 0 deep products → /paperclip/instances/default/workspaces/3ec8f6dd-1735-4479-9825-a2c42edac34c/data/buy30590_deep/deep-cycle-3259-2026-06-06T04-46-07-608Z.ndjson
[2026-06-06T04:46:16.186Z] deep cycle 3260: 80 domains → 0 hit → 0 deep products → /paperclip/instances/default/workspaces/3ec8f6dd-1735-4479-9825-a2c42edac34c/data/buy30590_deep/deep-cycle-3260-2026-06-06T04-46-15-127Z.ndjson
[2026-06-06T04:46:22.899Z] deep cycle 3261: 80 domains → 0 hit → 0 deep products → /paperclip/instances/default/workspaces/3ec8f6dd-1735-4479-9825-a2c42edac34c/data/buy30590_deep/deep-cycle-3261-2026-06-06T04-46-21-187Z.ndjson
[2026-06-06T04:46:29.239Z] deep cycle 3262: 80 domains → 0 hit → 0 deep products → /paperclip/instances/default/workspaces/3ec8f6dd-1735-4479-9825-a2c42edac34c/data/buy30590_deep/deep-cycle-3262-2026-06-06T04-46-27-904Z.ndjson
[2026-06-06T04:46:45.245Z] deep cycle 3263: 80 domains → 0 hit → 0 deep products → /paperclip/instances/default/workspaces/3ec8f6dd-1735-4479-9825-a2c42edac34c/data/buy30590_deep/deep-cycle-3263-2026-06-06T04-46-34-244Z.ndjson
[2026-06-06T04:46:53.667Z] deep cycle 3264: 80 domains → 0 hit → 0 deep products → /paperclip/instances/default/workspaces/3ec8f6dd-1735-4479-9825-a2c42edac34c/data/buy30590_deep/deep-cycle-3264-2026-06-06T04-46-50-249Z.ndjson
[2026-06-06T04:47:01.700Z] deep cycle 3265: 80 domains → 0 hit → 0 deep products → /paperclip/instances/default/workspaces/3ec8f6dd-1735-4479-9825-a2c42edac34c/data/buy30590_deep/deep-cycle-3265-2026-06-06T04-46-58-671Z.ndjson
[2026-06-06T04:47:08.246Z] deep cycle 3266: 80 domains → 0 hit → 0 deep products → /paperclip/instances/default/workspaces/3ec8f6dd-1735-4479-9825-a2c42edac34c/data/buy30590_deep/deep-cycle-3266-2026-06-06T04-47-06-703Z.ndjson
[2026-06-06T04:47:14.928Z] deep cycle 3267: 80 domains → 0 hit → 0 deep products → /paperclip/instances/default/workspaces/3ec8f6dd-1735-4479-9825-a2c42edac34c/data/buy30590_deep/deep-cycle-3267-2026-06-06T04-47-13-248Z.ndjson
[2026-06-06T04:47:21.256Z] deep cycle 3268: 80 domains → 0 hit → 0 deep products → /paperclip/instances/default/workspaces/3ec8f6dd-1735-4479-9825-a2c42edac34c/data/buy30590_deep/deep-cycle-3268-2026-06-06T04-47-19-929Z.ndjson
[2026-06-06T04:47:27.518Z] deep cycle 3269: 80 domains → 0 hit → 0 deep products → /paperclip/instances/default/workspaces/3ec8f6dd-1735-4479-9825-a2c42edac34c/data/buy30590_deep/deep-cycle-3269-2026-06-06T04-47-26-261Z.ndjson
[2026-06-06T04:47:35.968Z] deep cycle 3270: 80 domains → 0 hit → 0 deep products → /paperclip/instances/default/workspaces/3ec8f6dd-1735-4479-9825-a2c42edac34c/data/buy30590_deep/deep-cycle-3270-2026-06-06T04-47-32-523Z.ndjson
[2026-06-06T04:47:42.972Z] deep cycle 3271: 80 domains → 0 hit → 0 deep products → /paperclip/instances/default/workspaces/3ec8f6dd-1735-4479-9825-a2c42edac34c/data/buy30590_deep/deep-cycle-3271-2026-06-06T04-47-40-975Z.ndjson
[2026-06-06T04:47:49.214Z] deep cycle 3272: 80 domains → 0 hit → 0 deep products → /paperclip/instances/default/workspaces/3ec8f6dd-1735-4479-9825-a2c42edac34c/data/buy30590_deep/deep-cycle-3272-2026-06-06T04-47-47-978Z.ndjson
[2026-06-06T04:47:55.878Z] deep cycle 3273: 80 domains → 0 hit → 0 deep products → /paperclip/instances/default/workspaces/3ec8f6dd-1735-4479-9825-a2c42edac34c/data/buy30590_deep/deep-cycle-3273-2026-06-06T04-47-54-217Z.ndjson
[2026-06-06T04:48:02.439Z] deep cycle 3274: 80 domains → 0 hit → 0 deep products → /paperclip/instances/default/workspaces/3ec8f6dd-1735-4479-9825-a2c42edac34c/data/buy30590_deep/deep-cycle-3274-2026-06-06T04-48-00-880Z.ndjson
[2026-06-06T04:48:09.918Z] deep cycle 3275: 80 domains → 0 hit → 0 deep products → /paperclip/instances/default/workspaces/3ec8f6dd-1735-4479-9825-a2c42edac34c/data/buy30590_deep/deep-cycle-3275-2026-06-06T04-48-07-444Z.ndjson
[2026-06-06T04:48:16.418Z] deep cycle 3276: 80 domains → 0 hit → 0 deep products → /paperclip/instances/default/workspaces/3ec8f6dd-1735-4479-9825-a2c42edac34c/data/buy30590_deep/deep-cycle-3276-2026-06-06T04-48-14-922Z.ndjson
[2026-06-06T04:48:22.785Z] deep cycle 3277: 80 domains → 0 hit → 0 deep products → /paperclip/instances/default/workspaces/3ec8f6dd-1735-4479-9825-a2c42edac34c/data/buy30590_deep/deep-cycle-3277-2026-06-06T04-48-21-424Z.ndjson
[2026-06-06T04:48:29.776Z] deep cycle 3278: 80 domains → 0 hit → 0 deep products → /paperclip/instances/default/workspaces/3ec8f6dd-1735-4479-9825-a2c42edac34c/data/buy30590_deep/deep-cycle-3278-2026-06-06T04-48-27-790Z.ndjson
[2026-06-06T04:48:37.130Z] deep cycle 3279: 80 domains → 0 hit → 0 deep products → /paperclip/instances/default/workspaces/3ec8f6dd-1735-4479-9825-a2c42edac34c/data/buy30590_deep/deep-cycle-3279-2026-06-06T04-48-34-780Z.ndjson
[2026-06-06T04:48:43.437Z] deep cycle 3280: 80 domains → 0 hit → 0 deep products → /paperclip/instances/default/workspaces/3ec8f6dd-1735-4479-9825-a2c42edac34c/data/buy30590_deep/deep-cycle-3280-2026-06-06T04-48-42-134Z.ndjson
[2026-06-06T04:48:50.306Z] deep cycle 3281: 80 domains → 0 hit → 0 deep products → /paperclip/instances/default/workspaces/3ec8f6dd-1735-4479-9825-a2c42edac34c/data/buy30590_deep/deep-cycle-3281-2026-06-06T04-48-48-443Z.ndjson
[2026-06-06T04:48:56.677Z] deep cycle 3282: 80 domains → 0 hit → 0 deep products → /paperclip/instances/default/workspaces/3ec8f6dd-1735-4479-9825-a2c42edac34c/data/buy30590_deep/deep-cycle-3282-2026-06-06T04-48-55-312Z.ndjson
[2026-06-06T04:49:03.189Z] deep cycle 3283: 80 domains → 0 hit → 0 deep products → /paperclip/instances/default/workspaces/3ec8f6dd-1735-4479-9825-a2c42edac34c/data/buy30590_deep/deep-cycle-3283-2026-06-06T04-49-01-682Z.ndjson
[2026-06-06T04:49:09.190Z] deep cycle 3284: 80 domains → 0 hit → 0 deep products → /paperclip/instances/default/workspaces/3ec8f6dd-1735-4479-9825-a2c42edac34c/data/buy30590_deep/deep-cycle-3284-2026-06-06T04-49-08-191Z.ndjson
[2026-06-06T04:49:16.119Z] deep cycle 3285: 80 domains → 0 hit → 0 deep products → /paperclip/instances/default/workspaces/3ec8f6dd-1735-4479-9825-a2c42edac34c/data/buy30590_deep/deep-cycle-3285-2026-06-06T04-49-14-191Z.ndjson
[2026-06-06T04:49:22.554Z] deep cycle 3286: 80 domains → 0 hit → 0 deep products → /paperclip/instances/default/workspaces/3ec8f6dd-1735-4479-9825-a2c42edac34c/data/buy30590_deep/deep-cycle-3286-2026-06-06T04-49-21-124Z.ndjson
[2026-06-06T04:49:28.885Z] deep cycle 3287: 80 domains → 0 hit → 0 deep products → /paperclip/instances/default/workspaces/3ec8f6dd-1735-4479-9825-a2c42edac34c/data/buy30590_deep/deep-cycle-3287-2026-06-06T04-49-27-559Z.ndjson
[2026-06-06T04:49:37.198Z] deep cycle 3288: 80 domains → 9 hit → 4250 deep products → /paperclip/instances/default/workspaces/3ec8f6dd-1735-4479-9825-a2c42edac34c/data/buy30590_deep/deep-cycle-3288-2026-06-06T04-49-33-890Z.ndjson
[2026-06-06T04:49:40.867Z] deep cycle 3288 ingest: exit=0 3.7s === STREAM INGEST DONE ===
files=1 lines=4250 valid=4250 written=4250 errors=0
skipped: {}
top sources: [ [ 'shopify', 4250 ] ]
[2026-06-06T04:49:47.788Z] deep cycle 3289: 80 domains → 0 hit → 0 deep products → /paperclip/instances/default/workspaces/3ec8f6dd-1735-4479-9825-a2c42edac34c/data/buy30590_deep/deep-cycle-3289-2026-06-06T04-49-45-872Z.ndjson
[2026-06-06T04:49:54.808Z] deep cycle 3290: 80 domains → 0 hit → 0 deep products → /paperclip/instances/default/workspaces/3ec8f6dd-1735-4479-9825-a2c42edac34c/data/buy30590_deep/deep-cycle-3290-2026-06-06T04-49-52-792Z.ndjson
[2026-06-06T04:50:02.362Z] deep cycle 3291: 80 domains → 0 hit → 0 deep products → /paperclip/instances/default/workspaces/3ec8f6dd-1735-4479-9825-a2c42edac34c/data/buy30590_deep/deep-cycle-3291-2026-06-06T04-49-59-812Z.ndjson
[2026-06-06T04:50:08.976Z] deep cycle 3292: 80 domains → 0 hit → 0 deep products → /paperclip/instances/default/workspaces/3ec8f6dd-1735-4479-9825-a2c42edac34c/data/buy30590_deep/deep-cycle-3292-2026-06-06T04-50-07-367Z.ndjson
[2026-06-06T04:50:25.483Z] deep cycle 3293: 80 domains → 0 hit → 0 deep products → /paperclip/instances/default/workspaces/3ec8f6dd-1735-4479-9825-a2c42edac34c/data/buy30590_deep/deep-cycle-3293-2026-06-06T04-50-13-980Z.ndjson
[2026-06-06T04:50:33.765Z] deep cycle 3294: 80 domains → 0 hit → 0 deep products → /paperclip/instances/default/workspaces/3ec8f6dd-1735-4479-9825-a2c42edac34c/data/buy30590_deep/deep-cycle-3294-2026-06-06T04-50-30-487Z.ndjson
[2026-06-06T04:50:40.614Z] deep cycle 3295: 80 domains → 0 hit → 0 deep products → /paperclip/instances/default/workspaces/3ec8f6dd-1735-4479-9825-a2c42edac34c/data/buy30590_deep/deep-cycle-3295-2026-06-06T04-50-38-769Z.ndjson
[2026-06-06T04:50:47.362Z] deep cycle 3296: 80 domains → 0 hit → 0 deep products → /paperclip/instances/default/workspaces/3ec8f6dd-1735-4479-9825-a2c42edac34c/data/buy30590_deep/deep-cycle-3296-2026-06-06T04-50-45-619Z.ndjson
[2026-06-06T04:50:53.596Z] deep cycle 3297: 80 domains → 0 hit → 0 deep products → /paperclip/instances/default/workspaces/3ec8f6dd-1735-4479-9825-a2c42edac34c/data/buy30590_deep/deep-cycle-3297-2026-06-06T04-50-52-368Z.ndjson
[2026-06-06T04:51:00.307Z] deep cycle 3298: 80 domains → 0 hit → 0 deep products → /paperclip/instances/default/workspaces/3ec8f6dd-1735-4479-9825-a2c42edac34c/data/buy30590_deep/deep-cycle-3298-2026-06-06T04-50-58-597Z.ndjson
[2026-06-06T04:52:08.572Z] deep cycle 3299: 80 domains → 2 hit → 15404 deep products → /paperclip/instances/default/workspaces/3ec8f6dd-1735-4479-9825-a2c42edac34c/data/buy30590_deep/deep-cycle-3299-2026-06-06T04-51-05-310Z.ndjson
[2026-06-06T05:02:23.444Z] deep cycle 3299 ingest: exit=0 614.9s === STREAM INGEST DONE ===
files=1 lines=15404 valid=15404 written=14404 errors=2
skipped: {}
top sources: [ [ 'shopify', 15404 ] ]
[2026-06-06T05:04:10.475Z] deep cycle 3300: 80 domains → 13 hit → 32407 deep products → /paperclip/instances/default/workspaces/3ec8f6dd-1735-4479-9825-a2c42edac34c/data/buy30590_deep/deep-cycle-3300-2026-06-06T05-02-28-449Z.ndjson
[2026-06-06T05:14:12.003Z] deep cycle 3300 ingest: exit=0 601.5s === STREAM INGEST DONE ===
files=1 lines=32407 valid=32407 written=31407 errors=2
skipped: {}
top sources: [ [ 'shopify', 32407 ] ]
[2026-06-06T05:16:34.901Z] deep cycle 3301: 80 domains → 12 hit → 58993 deep products → /paperclip/instances/default/workspaces/3ec8f6dd-1735-4479-9825-a2c42edac34c/data/buy30590_deep/deep-cycle-3301-2026-06-06T05-14-17-011Z.ndjson
[2026-06-06T05:19:55.641Z] deep cycle 3301 ingest: exit=0 200.7s === STREAM INGEST DONE ===
files=1 lines=58993 valid=58993 written=58993 errors=0
skipped: {}
top sources: [ [ 'shopify', 58993 ] ]
[2026-06-06T05:20:17.844Z] deep cycle 3302: 80 domains → 15 hit → 21170 deep products → /paperclip/instances/default/workspaces/3ec8f6dd-1735-4479-9825-a2c42edac34c/data/buy30590_deep/deep-cycle-3302-2026-06-06T05-20-00-647Z.ndjson
[2026-06-06T05:21:15.402Z] deep cycle 3302 ingest: exit=0 57.6s === STREAM INGEST DONE ===
files=1 lines=21170 valid=21170 written=21170 errors=0
skipped: {}
top sources: [ [ 'shopify', 21170 ] ]
[2026-06-06T05:21:21.644Z] deep cycle 3303: 80 domains → 0 hit → 0 deep products → /paperclip/instances/default/workspaces/3ec8f6dd-1735-4479-9825-a2c42edac34c/data/buy30590_deep/deep-cycle-3303-2026-06-06T05-21-20-407Z.ndjson
[2026-06-06T05:21:28.694Z] deep cycle 3304: 80 domains → 0 hit → 0 deep products → /paperclip/instances/default/workspaces/3ec8f6dd-1735-4479-9825-a2c42edac34c/data/buy30590_deep/deep-cycle-3304-2026-06-06T05-21-26-648Z.ndjson
[2026-06-06T05:21:36.905Z] deep cycle 3305: 80 domains → 0 hit → 0 deep products → /paperclip/instances/default/workspaces/3ec8f6dd-1735-4479-9825-a2c42edac34c/data/buy30590_deep/deep-cycle-3305-2026-06-06T05-21-33-698Z.ndjson
[2026-06-06T05:21:44.375Z] deep cycle 3306: 80 domains → 0 hit → 0 deep products → /paperclip/instances/default/workspaces/3ec8f6dd-1735-4479-9825-a2c42edac34c/data/buy30590_deep/deep-cycle-3306-2026-06-06T05-21-41-907Z.ndjson
[2026-06-06T05:21:53.133Z] deep cycle 3307: 80 domains → 0 hit → 0 deep products → /paperclip/instances/default/workspaces/3ec8f6dd-1735-4479-9825-a2c42edac34c/data/buy30590_deep/deep-cycle-3307-2026-06-06T05-21-49-380Z.ndjson
[2026-06-06T05:22:00.012Z] deep cycle 3308: 80 domains → 0 hit → 0 deep products → /paperclip/instances/default/workspaces/3ec8f6dd-1735-4479-9825-a2c42edac34c/data/buy30590_deep/deep-cycle-3308-2026-06-06T05-21-58-137Z.ndjson
[2026-06-06T05:22:06.555Z] deep cycle 3309: 80 domains → 0 hit → 0 deep products → /paperclip/instances/default/workspaces/3ec8f6dd-1735-4479-9825-a2c42edac34c/data/buy30590_deep/deep-cycle-3309-2026-06-06T05-22-05-017Z.ndjson
[2026-06-06T05:22:13.520Z] deep cycle 3310: 80 domains → 0 hit → 0 deep products → /paperclip/instances/default/workspaces/3ec8f6dd-1735-4479-9825-a2c42edac34c/data/buy30590_deep/deep-cycle-3310-2026-06-06T05-22-11-558Z.ndjson
[2026-06-06T05:22:20.881Z] deep cycle 3311: 80 domains → 0 hit → 0 deep products → /paperclip/instances/default/workspaces/3ec8f6dd-1735-4479-9825-a2c42edac34c/data/buy30590_deep/deep-cycle-3311-2026-06-06T05-22-18-525Z.ndjson
[2026-06-06T05:22:27.962Z] deep cycle 3312: 80 domains → 0 hit → 0 deep products → /paperclip/instances/default/workspaces/3ec8f6dd-1735-4479-9825-a2c42edac34c/data/buy30590_deep/deep-cycle-3312-2026-06-06T05-22-25-885Z.ndjson
[2026-06-06T05:22:45.486Z] deep cycle 3313: 80 domains → 0 hit → 0 deep products → /paperclip/instances/default/workspaces/3ec8f6dd-1735-4479-9825-a2c42edac34c/data/buy30590_deep/deep-cycle-3313-2026-06-06T05-22-32-969Z.ndjson
[2026-06-06T05:22:53.775Z] deep cycle 3314: 80 domains → 0 hit → 0 deep products → /paperclip/instances/default/workspaces/3ec8f6dd-1735-4479-9825-a2c42edac34c/data/buy30590_deep/deep-cycle-3314-2026-06-06T05-22-50-498Z.ndjson
[2026-06-06T05:23:01.403Z] deep cycle 3315: 80 domains → 0 hit → 0 deep products → /paperclip/instances/default/workspaces/3ec8f6dd-1735-4479-9825-a2c42edac34c/data/buy30590_deep/deep-cycle-3315-2026-06-06T05-22-58-777Z.ndjson
[2026-06-06T05:23:10.376Z] deep cycle 3316: 80 domains → 0 hit → 0 deep products → /paperclip/instances/default/workspaces/3ec8f6dd-1735-4479-9825-a2c42edac34c/data/buy30590_deep/deep-cycle-3316-2026-06-06T05-23-06-408Z.ndjson
[2026-06-06T05:23:17.325Z] deep cycle 3317: 80 domains → 0 hit → 0 deep products → /paperclip/instances/default/workspaces/3ec8f6dd-1735-4479-9825-a2c42edac34c/data/buy30590_deep/deep-cycle-3317-2026-06-06T05-23-15-381Z.ndjson
[2026-06-06T05:23:24.919Z] deep cycle 3318: 80 domains → 0 hit → 0 deep products → /paperclip/instances/default/workspaces/3ec8f6dd-1735-4479-9825-a2c42edac34c/data/buy30590_deep/deep-cycle-3318-2026-06-06T05-23-22-329Z.ndjson
[2026-06-06T05:23:31.953Z] deep cycle 3319: 80 domains → 0 hit → 0 deep products → /paperclip/instances/default/workspaces/3ec8f6dd-1735-4479-9825-a2c42edac34c/data/buy30590_deep/deep-cycle-3319-2026-06-06T05-23-29-924Z.ndjson
[2026-06-06T05:23:40.103Z] deep cycle 3320: 80 domains → 0 hit → 0 deep products → /paperclip/instances/default/workspaces/3ec8f6dd-1735-4479-9825-a2c42edac34c/data/buy30590_deep/deep-cycle-3320-2026-06-06T05-23-36-955Z.ndjson
[2026-06-06T05:23:47.499Z] deep cycle 3321: 80 domains → 0 hit → 0 deep products → /paperclip/instances/default/workspaces/3ec8f6dd-1735-4479-9825-a2c42edac34c/data/buy30590_deep/deep-cycle-3321-2026-06-06T05-23-45-107Z.ndjson
[2026-06-06T05:23:54.901Z] deep cycle 3322: 80 domains → 0 hit → 0 deep products → /paperclip/instances/default/workspaces/3ec8f6dd-1735-4479-9825-a2c42edac34c/data/buy30590_deep/deep-cycle-3322-2026-06-06T05-23-52-501Z.ndjson
[2026-06-06T05:24:02.699Z] deep cycle 3323: 80 domains → 0 hit → 0 deep products → /paperclip/instances/default/workspaces/3ec8f6dd-1735-4479-9825-a2c42edac34c/data/buy30590_deep/deep-cycle-3323-2026-06-06T05-23-59-905Z.ndjson
[2026-06-06T05:24:10.738Z] deep cycle 3324: 80 domains → 0 hit → 0 deep products → /paperclip/instances/default/workspaces/3ec8f6dd-1735-4479-9825-a2c42edac34c/data/buy30590_deep/deep-cycle-3324-2026-06-06T05-24-07-704Z.ndjson
[2026-06-06T05:24:17.963Z] deep cycle 3325: 80 domains → 0 hit → 0 deep products → /paperclip/instances/default/workspaces/3ec8f6dd-1735-4479-9825-a2c42edac34c/data/buy30590_deep/deep-cycle-3325-2026-06-06T05-24-15-745Z.ndjson
[2026-06-06T05:24:24.832Z] deep cycle 3326: 80 domains → 0 hit → 0 deep products → /paperclip/instances/default/workspaces/3ec8f6dd-1735-4479-9825-a2c42edac34c/data/buy30590_deep/deep-cycle-3326-2026-06-06T05-24-22-968Z.ndjson
[2026-06-06T05:24:31.806Z] deep cycle 3327: 80 domains → 0 hit → 0 deep products → /paperclip/instances/default/workspaces/3ec8f6dd-1735-4479-9825-a2c42edac34c/data/buy30590_deep/deep-cycle-3327-2026-06-06T05-24-29-837Z.ndjson
[2026-06-06T05:24:39.600Z] deep cycle 3328: 80 domains → 0 hit → 0 deep products → /paperclip/instances/default/workspaces/3ec8f6dd-1735-4479-9825-a2c42edac34c/data/buy30590_deep/deep-cycle-3328-2026-06-06T05-24-36-810Z.ndjson
[2026-06-06T05:24:46.934Z] deep cycle 3329: 80 domains → 0 hit → 0 deep products → /paperclip/instances/default/workspaces/3ec8f6dd-1735-4479-9825-a2c42edac34c/data/buy30590_deep/deep-cycle-3329-2026-06-06T05-24-44-601Z.ndjson
[2026-06-06T05:24:54.154Z] deep cycle 3330: 80 domains → 0 hit → 0 deep products → /paperclip/instances/default/workspaces/3ec8f6dd-1735-4479-9825-a2c42edac34c/data/buy30590_deep/deep-cycle-3330-2026-06-06T05-24-51-936Z.ndjson
[2026-06-06T05:25:03.327Z] deep cycle 3331: 80 domains → 0 hit → 0 deep products → /paperclip/instances/default/workspaces/3ec8f6dd-1735-4479-9825-a2c42edac34c/data/buy30590_deep/deep-cycle-3331-2026-06-06T05-24-59-159Z.ndjson
[2026-06-06T05:25:13.168Z] deep cycle 3332: 80 domains → 0 hit → 0 deep products → /paperclip/instances/default/workspaces/3ec8f6dd-1735-4479-9825-a2c42edac34c/data/buy30590_deep/deep-cycle-3332-2026-06-06T05-25-08-329Z.ndjson
[2026-06-06T05:25:20.488Z] deep cycle 3333: 80 domains → 0 hit → 0 deep products → /paperclip/instances/default/workspaces/3ec8f6dd-1735-4479-9825-a2c42edac34c/data/buy30590_deep/deep-cycle-3333-2026-06-06T05-25-18-174Z.ndjson
[2026-06-06T05:25:28.014Z] deep cycle 3334: 80 domains → 0 hit → 0 deep products → /paperclip/instances/default/workspaces/3ec8f6dd-1735-4479-9825-a2c42edac34c/data/buy30590_deep/deep-cycle-3334-2026-06-06T05-25-25-494Z.ndjson
[2026-06-06T05:25:35.652Z] deep cycle 3335: 80 domains → 0 hit → 0 deep products → /paperclip/instances/default/workspaces/3ec8f6dd-1735-4479-9825-a2c42edac34c/data/buy30590_deep/deep-cycle-3335-2026-06-06T05-25-33-019Z.ndjson
[2026-06-06T05:25:43.601Z] deep cycle 3336: 80 domains → 0 hit → 0 deep products → /paperclip/instances/default/workspaces/3ec8f6dd-1735-4479-9825-a2c42edac34c/data/buy30590_deep/deep-cycle-3336-2026-06-06T05-25-40-657Z.ndjson
[2026-06-06T05:25:51.371Z] deep cycle 3337: 80 domains → 0 hit → 0 deep products → /paperclip/instances/default/workspaces/3ec8f6dd-1735-4479-9825-a2c42edac34c/data/buy30590_deep/deep-cycle-3337-2026-06-06T05-25-48-607Z.ndjson
[2026-06-06T05:25:58.285Z] deep cycle 3338: 80 domains → 0 hit → 0 deep products → /paperclip/instances/default/workspaces/3ec8f6dd-1735-4479-9825-a2c42edac34c/data/buy30590_deep/deep-cycle-3338-2026-06-06T05-25-56-376Z.ndjson
[2026-06-06T05:26:06.205Z] deep cycle 3339: 80 domains → 0 hit → 0 deep products → /paperclip/instances/default/workspaces/3ec8f6dd-1735-4479-9825-a2c42edac34c/data/buy30590_deep/deep-cycle-3339-2026-06-06T05-26-03-291Z.ndjson
[2026-06-06T05:26:13.434Z] deep cycle 3340: 80 domains → 0 hit → 0 deep products → /paperclip/instances/default/workspaces/3ec8f6dd-1735-4479-9825-a2c42edac34c/data/buy30590_deep/deep-cycle-3340-2026-06-06T05-26-11-207Z.ndjson
[2026-06-06T05:26:21.730Z] deep cycle 3341: 80 domains → 0 hit → 0 deep products → /paperclip/instances/default/workspaces/3ec8f6dd-1735-4479-9825-a2c42edac34c/data/buy30590_deep/deep-cycle-3341-2026-06-06T05-26-18-439Z.ndjson
[2026-06-06T05:26:28.977Z] deep cycle 3342: 80 domains → 0 hit → 0 deep products → /paperclip/instances/default/workspaces/3ec8f6dd-1735-4479-9825-a2c42edac34c/data/buy30590_deep/deep-cycle-3342-2026-06-06T05-26-26-735Z.ndjson
[2026-06-06T05:26:34.861Z] deep cycle 3343: 80 domains → 0 hit → 0 deep products → /paperclip/instances/default/workspaces/3ec8f6dd-1735-4479-9825-a2c42edac34c/data/buy30590_deep/deep-cycle-3343-2026-06-06T05-26-33-988Z.ndjson
[2026-06-06T05:26:43.578Z] deep cycle 3344: 80 domains → 0 hit → 0 deep products → /paperclip/instances/default/workspaces/3ec8f6dd-1735-4479-9825-a2c42edac34c/data/buy30590_deep/deep-cycle-3344-2026-06-06T05-26-39-867Z.ndjson
[2026-06-06T05:26:51.519Z] deep cycle 3345: 80 domains → 0 hit → 0 deep products → /paperclip/instances/default/workspaces/3ec8f6dd-1735-4479-9825-a2c42edac34c/data/buy30590_deep/deep-cycle-3345-2026-06-06T05-26-48-584Z.ndjson
[2026-06-06T05:26:58.202Z] deep cycle 3346: 80 domains → 0 hit → 0 deep products → /paperclip/instances/default/workspaces/3ec8f6dd-1735-4479-9825-a2c42edac34c/data/buy30590_deep/deep-cycle-3346-2026-06-06T05-26-56-527Z.ndjson
[2026-06-06T05:27:14.839Z] deep cycle 3347: 80 domains → 0 hit → 0 deep products → /paperclip/instances/default/workspaces/3ec8f6dd-1735-4479-9825-a2c42edac34c/data/buy30590_deep/deep-cycle-3347-2026-06-06T05-27-03-208Z.ndjson
[2026-06-06T05:27:21.997Z] deep cycle 3348: 80 domains → 0 hit → 0 deep products → /paperclip/instances/default/workspaces/3ec8f6dd-1735-4479-9825-a2c42edac34c/data/buy30590_deep/deep-cycle-3348-2026-06-06T05-27-19-844Z.ndjson
[2026-06-06T05:27:27.941Z] deep cycle 3349: 80 domains → 0 hit → 0 deep products → /paperclip/instances/default/workspaces/3ec8f6dd-1735-4479-9825-a2c42edac34c/data/buy30590_deep/deep-cycle-3349-2026-06-06T05-27-27-001Z.ndjson
[2026-06-06T05:27:34.730Z] deep cycle 3350: 80 domains → 0 hit → 0 deep products → /paperclip/instances/default/workspaces/3ec8f6dd-1735-4479-9825-a2c42edac34c/data/buy30590_deep/deep-cycle-3350-2026-06-06T05-27-32-946Z.ndjson
[2026-06-06T05:27:41.925Z] deep cycle 3351: 80 domains → 0 hit → 0 deep products → /paperclip/instances/default/workspaces/3ec8f6dd-1735-4479-9825-a2c42edac34c/data/buy30590_deep/deep-cycle-3351-2026-06-06T05-27-39-731Z.ndjson
[2026-06-06T05:27:47.308Z] deep cycle 3352: 80 domains → 0 hit → 0 deep products → /paperclip/instances/default/workspaces/3ec8f6dd-1735-4479-9825-a2c42edac34c/data/buy30590_deep/deep-cycle-3352-2026-06-06T05-27-46-929Z.ndjson
[2026-06-06T05:27:52.651Z] deep cycle 3353: 80 domains → 0 hit → 0 deep products → /paperclip/instances/default/workspaces/3ec8f6dd-1735-4479-9825-a2c42edac34c/data/buy30590_deep/deep-cycle-3353-2026-06-06T05-27-52-313Z.ndjson
[2026-06-06T05:27:58.014Z] deep cycle 3354: 80 domains → 0 hit → 0 deep products → /paperclip/instances/default/workspaces/3ec8f6dd-1735-4479-9825-a2c42edac34c/data/buy30590_deep/deep-cycle-3354-2026-06-06T05-27-57-656Z.ndjson
[2026-06-06T05:28:03.479Z] deep cycle 3355: 80 domains → 0 hit → 0 deep products → /paperclip/instances/default/workspaces/3ec8f6dd-1735-4479-9825-a2c42edac34c/data/buy30590_deep/deep-cycle-3355-2026-06-06T05-28-03-019Z.ndjson
[2026-06-06T05:28:08.852Z] deep cycle 3356: 80 domains → 0 hit → 0 deep products → /paperclip/instances/default/workspaces/3ec8f6dd-1735-4479-9825-a2c42edac34c/data/buy30590_deep/deep-cycle-3356-2026-06-06T05-28-08-483Z.ndjson
[2026-06-06T05:28:14.190Z] deep cycle 3357: 80 domains → 0 hit → 0 deep products → /paperclip/instances/default/workspaces/3ec8f6dd-1735-4479-9825-a2c42edac34c/data/buy30590_deep/deep-cycle-3357-2026-06-06T05-28-13-857Z.ndjson
[2026-06-06T05:28:19.525Z] deep cycle 3358: 80 domains → 0 hit → 0 deep products → /paperclip/instances/default/workspaces/3ec8f6dd-1735-4479-9825-a2c42edac34c/data/buy30590_deep/deep-cycle-3358-2026-06-06T05-28-19-195Z.ndjson
[2026-06-06T05:28:24.856Z] deep cycle 3359: 80 domains → 0 hit → 0 deep products → /paperclip/instances/default/workspaces/3ec8f6dd-1735-4479-9825-a2c42edac34c/data/buy30590_deep/deep-cycle-3359-2026-06-06T05-28-24-530Z.ndjson
[2026-06-06T05:28:30.188Z] deep cycle 3360: 80 domains → 0 hit → 0 deep products → /paperclip/instances/default/workspaces/3ec8f6dd-1735-4479-9825-a2c42edac34c/data/buy30590_deep/deep-cycle-3360-2026-06-06T05-28-29-862Z.ndjson
[2026-06-06T05:28:35.637Z] deep cycle 3361: 80 domains → 0 hit → 0 deep products → /paperclip/instances/default/workspaces/3ec8f6dd-1735-4479-9825-a2c42edac34c/data/buy30590_deep/deep-cycle-3361-2026-06-06T05-28-35-193Z.ndjson
[2026-06-06T05:28:41.079Z] deep cycle 3362: 80 domains → 0 hit → 0 deep products → /paperclip/instances/default/workspaces/3ec8f6dd-1735-4479-9825-a2c42edac34c/data/buy30590_deep/deep-cycle-3362-2026-06-06T05-28-40-642Z.ndjson
[2026-06-06T05:28:46.396Z] deep cycle 3363: 80 domains → 0 hit → 0 deep products → /paperclip/instances/default/workspaces/3ec8f6dd-1735-4479-9825-a2c42edac34c/data/buy30590_deep/deep-cycle-3363-2026-06-06T05-28-46-081Z.ndjson
[2026-06-06T05:28:51.750Z] deep cycle 3364: 80 domains → 0 hit → 0 deep products → /paperclip/instances/default/workspaces/3ec8f6dd-1735-4479-9825-a2c42edac34c/data/buy30590_deep/deep-cycle-3364-2026-06-06T05-28-51-401Z.ndjson
[2026-06-06T05:28:57.054Z] deep cycle 3365: 80 domains → 0 hit → 0 deep products → /paperclip/instances/default/workspaces/3ec8f6dd-1735-4479-9825-a2c42edac34c/data/buy30590_deep/deep-cycle-3365-2026-06-06T05-28-56-756Z.ndjson
[2026-06-06T05:29:02.580Z] deep cycle 3366: 80 domains → 0 hit → 0 deep products → /paperclip/instances/default/workspaces/3ec8f6dd-1735-4479-9825-a2c42edac34c/data/buy30590_deep/deep-cycle-3366-2026-06-06T05-29-02-059Z.ndjson
[2026-06-06T05:29:08.126Z] deep cycle 3367: 80 domains → 0 hit → 0 deep products → /paperclip/instances/default/workspaces/3ec8f6dd-1735-4479-9825-a2c42edac34c/data/buy30590_deep/deep-cycle-3367-2026-06-06T05-29-07-585Z.ndjson
[2026-06-06T05:29:13.459Z] deep cycle 3368: 80 domains → 0 hit → 0 deep products → /paperclip/instances/default/workspaces/3ec8f6dd-1735-4479-9825-a2c42edac34c/data/buy30590_deep/deep-cycle-3368-2026-06-06T05-29-13-130Z.ndjson
[2026-06-06T05:29:19.022Z] deep cycle 3369: 80 domains → 0 hit → 0 deep products → /paperclip/instances/default/workspaces/3ec8f6dd-1735-4479-9825-a2c42edac34c/data/buy30590_deep/deep-cycle-3369-2026-06-06T05-29-18-464Z.ndjson
[2026-06-06T05:29:24.324Z] deep cycle 3370: 80 domains → 0 hit → 0 deep products → /paperclip/instances/default/workspaces/3ec8f6dd-1735-4479-9825-a2c42edac34c/data/buy30590_deep/deep-cycle-3370-2026-06-06T05-29-24-024Z.ndjson
[2026-06-06T05:29:29.764Z] deep cycle 3371: 80 domains → 0 hit → 0 deep products → /paperclip/instances/default/workspaces/3ec8f6dd-1735-4479-9825-a2c42edac34c/data/buy30590_deep/deep-cycle-3371-2026-06-06T05-29-29-330Z.ndjson
[2026-06-06T05:29:35.054Z] deep cycle 3372: 80 domains → 0 hit → 0 deep products → /paperclip/instances/default/workspaces/3ec8f6dd-1735-4479-9825-a2c42edac34c/data/buy30590_deep/deep-cycle-3372-2026-06-06T05-29-34-768Z.ndjson
[2026-06-06T05:29:40.350Z] deep cycle 3373: 80 domains → 0 hit → 0 deep products → /paperclip/instances/default/workspaces/3ec8f6dd-1735-4479-9825-a2c42edac34c/data/buy30590_deep/deep-cycle-3373-2026-06-06T05-29-40-059Z.ndjson
[2026-06-06T05:29:45.672Z] deep cycle 3374: 80 domains → 0 hit → 0 deep products → /paperclip/instances/default/workspaces/3ec8f6dd-1735-4479-9825-a2c42edac34c/data/buy30590_deep/deep-cycle-3374-2026-06-06T05-29-45-353Z.ndjson
[2026-06-06T05:29:50.967Z] deep cycle 3375: 80 domains → 0 hit → 0 deep products → /paperclip/instances/default/workspaces/3ec8f6dd-1735-4479-9825-a2c42edac34c/data/buy30590_deep/deep-cycle-3375-2026-06-06T05-29-50-677Z.ndjson
[2026-06-06T05:29:56.253Z] deep cycle 3376: 80 domains → 0 hit → 0 deep products → /paperclip/instances/default/workspaces/3ec8f6dd-1735-4479-9825-a2c42edac34c/data/buy30590_deep/deep-cycle-3376-2026-06-06T05-29-55-971Z.ndjson
[2026-06-06T05:30:01.819Z] deep cycle 3377: 80 domains → 0 hit → 0 deep products → /paperclip/instances/default/workspaces/3ec8f6dd-1735-4479-9825-a2c42edac34c/data/buy30590_deep/deep-cycle-3377-2026-06-06T05-30-01-254Z.ndjson
[2026-06-06T05:30:07.138Z] deep cycle 3378: 80 domains → 0 hit → 0 deep products → /paperclip/instances/default/workspaces/3ec8f6dd-1735-4479-9825-a2c42edac34c/data/buy30590_deep/deep-cycle-3378-2026-06-06T05-30-06-820Z.ndjson
[2026-06-06T05:30:12.615Z] deep cycle 3379: 80 domains → 0 hit → 0 deep products → /paperclip/instances/default/workspaces/3ec8f6dd-1735-4479-9825-a2c42edac34c/data/buy30590_deep/deep-cycle-3379-2026-06-06T05-30-12-145Z.ndjson
[2026-06-06T05:30:17.970Z] deep cycle 3380: 80 domains → 0 hit → 0 deep products → /paperclip/instances/default/workspaces/3ec8f6dd-1735-4479-9825-a2c42edac34c/data/buy30590_deep/deep-cycle-3380-2026-06-06T05-30-17-620Z.ndjson
[2026-06-06T05:30:23.313Z] deep cycle 3381: 80 domains → 0 hit → 0 deep products → /paperclip/instances/default/workspaces/3ec8f6dd-1735-4479-9825-a2c42edac34c/data/buy30590_deep/deep-cycle-3381-2026-06-06T05-30-22-974Z.ndjson
[2026-06-06T05:30:28.675Z] deep cycle 3382: 80 domains → 0 hit → 0 deep products → /paperclip/instances/default/workspaces/3ec8f6dd-1735-4479-9825-a2c42edac34c/data/buy30590_deep/deep-cycle-3382-2026-06-06T05-30-28-317Z.ndjson
[2026-06-06T05:32:02.383Z] deep cycle 3383: 80 domains → 12 hit → 63846 deep products → /paperclip/instances/default/workspaces/3ec8f6dd-1735-4479-9825-a2c42edac34c/data/buy30590_deep/deep-cycle-3383-2026-06-06T05-30-33-679Z.ndjson
[2026-06-06T05:38:21.291Z] deep cycle 3383 ingest: exit=0 378.9s === STREAM INGEST DONE ===
files=1 lines=63846 valid=63846 written=63846 errors=0
skipped: {}
top sources: [ [ 'shopify', 63846 ] ]
[2026-06-06T05:38:27.402Z] deep cycle 3384: 80 domains → 0 hit → 0 deep products → /paperclip/instances/default/workspaces/3ec8f6dd-1735-4479-9825-a2c42edac34c/data/buy30590_deep/deep-cycle-3384-2026-06-06T05-38-26-324Z.ndjson
[2026-06-06T05:38:33.597Z] deep cycle 3385: 80 domains → 0 hit → 0 deep products → /paperclip/instances/default/workspaces/3ec8f6dd-1735-4479-9825-a2c42edac34c/data/buy30590_deep/deep-cycle-3385-2026-06-06T05-38-32-408Z.ndjson
[2026-06-06T05:38:39.130Z] deep cycle 3386: 80 domains → 0 hit → 0 deep products → /paperclip/instances/default/workspaces/3ec8f6dd-1735-4479-9825-a2c42edac34c/data/buy30590_deep/deep-cycle-3386-2026-06-06T05-38-38-603Z.ndjson
[2026-06-06T05:38:44.505Z] deep cycle 3387: 80 domains → 0 hit → 0 deep products → /paperclip/instances/default/workspaces/3ec8f6dd-1735-4479-9825-a2c42edac34c/data/buy30590_deep/deep-cycle-3387-2026-06-06T05-38-44-135Z.ndjson
[2026-06-06T05:38:49.889Z] deep cycle 3388: 80 domains → 0 hit → 0 deep products → /paperclip/instances/default/workspaces/3ec8f6dd-1735-4479-9825-a2c42edac34c/data/buy30590_deep/deep-cycle-3388-2026-06-06T05-38-49-509Z.ndjson
[2026-06-06T05:38:55.276Z] deep cycle 3389: 80 domains → 0 hit → 0 deep products → /paperclip/instances/default/workspaces/3ec8f6dd-1735-4479-9825-a2c42edac34c/data/buy30590_deep/deep-cycle-3389-2026-06-06T05-38-54-894Z.ndjson
[2026-06-06T05:39:03.280Z] deep cycle 3390: 80 domains → 0 hit → 0 deep products → /paperclip/instances/default/workspaces/3ec8f6dd-1735-4479-9825-a2c42edac34c/data/buy30590_deep/deep-cycle-3390-2026-06-06T05-39-00-290Z.ndjson
[2026-06-06T05:39:09.019Z] deep cycle 3391: 80 domains → 0 hit → 0 deep products → /paperclip/instances/default/workspaces/3ec8f6dd-1735-4479-9825-a2c42edac34c/data/buy30590_deep/deep-cycle-3391-2026-06-06T05-39-08-283Z.ndjson
[2026-06-06T05:39:14.564Z] deep cycle 3392: 80 domains → 0 hit → 0 deep products → /paperclip/instances/default/workspaces/3ec8f6dd-1735-4479-9825-a2c42edac34c/data/buy30590_deep/deep-cycle-3392-2026-06-06T05-39-14-023Z.ndjson
[2026-06-06T05:39:19.895Z] deep cycle 3393: 80 domains → 0 hit → 0 deep products → /paperclip/instances/default/workspaces/3ec8f6dd-1735-4479-9825-a2c42edac34c/data/buy30590_deep/deep-cycle-3393-2026-06-06T05-39-19-569Z.ndjson
[2026-06-06T05:39:25.251Z] deep cycle 3394: 80 domains → 0 hit → 0 deep products → /paperclip/instances/default/workspaces/3ec8f6dd-1735-4479-9825-a2c42edac34c/data/buy30590_deep/deep-cycle-3394-2026-06-06T05-39-24-901Z.ndjson
[2026-06-06T05:39:30.610Z] deep cycle 3395: 80 domains → 0 hit → 0 deep products → /paperclip/instances/default/workspaces/3ec8f6dd-1735-4479-9825-a2c42edac34c/data/buy30590_deep/deep-cycle-3395-2026-06-06T05-39-30-257Z.ndjson
[2026-06-06T05:39:42.131Z] deep cycle 3396: 80 domains → 0 hit → 0 deep products → /paperclip/instances/default/workspaces/3ec8f6dd-1735-4479-9825-a2c42edac34c/data/buy30590_deep/deep-cycle-3396-2026-06-06T05-39-35-614Z.ndjson
[2026-06-06T05:39:52.739Z] deep cycle 3397: 80 domains → 0 hit → 0 deep products → /paperclip/instances/default/workspaces/3ec8f6dd-1735-4479-9825-a2c42edac34c/data/buy30590_deep/deep-cycle-3397-2026-06-06T05-39-47-131Z.ndjson
[2026-06-06T05:39:58.379Z] deep cycle 3398: 80 domains → 0 hit → 0 deep products → /paperclip/instances/default/workspaces/3ec8f6dd-1735-4479-9825-a2c42edac34c/data/buy30590_deep/deep-cycle-3398-2026-06-06T05-39-57-740Z.ndjson
[2026-06-06T05:40:03.819Z] deep cycle 3399: 80 domains → 0 hit → 0 deep products → /paperclip/instances/default/workspaces/3ec8f6dd-1735-4479-9825-a2c42edac34c/data/buy30590_deep/deep-cycle-3399-2026-06-06T05-40-03-380Z.ndjson
[2026-06-06T05:40:09.212Z] deep cycle 3400: 80 domains → 0 hit → 0 deep products → /paperclip/instances/default/workspaces/3ec8f6dd-1735-4479-9825-a2c42edac34c/data/buy30590_deep/deep-cycle-3400-2026-06-06T05-40-08-820Z.ndjson
[2026-06-06T05:40:14.545Z] deep cycle 3401: 80 domains → 0 hit → 0 deep products → /paperclip/instances/default/workspaces/3ec8f6dd-1735-4479-9825-a2c42edac34c/data/buy30590_deep/deep-cycle-3401-2026-06-06T05-40-14-213Z.ndjson
[2026-06-06T05:40:20.375Z] deep cycle 3402: 80 domains → 0 hit → 0 deep products → /paperclip/instances/default/workspaces/3ec8f6dd-1735-4479-9825-a2c42edac34c/data/buy30590_deep/deep-cycle-3402-2026-06-06T05-40-19-555Z.ndjson
[2026-06-06T05:40:25.979Z] deep cycle 3403: 80 domains → 0 hit → 0 deep products → /paperclip/instances/default/workspaces/3ec8f6dd-1735-4479-9825-a2c42edac34c/data/buy30590_deep/deep-cycle-3403-2026-06-06T05-40-25-378Z.ndjson
[2026-06-06T05:40:31.712Z] deep cycle 3404: 80 domains → 0 hit → 0 deep products → /paperclip/instances/default/workspaces/3ec8f6dd-1735-4479-9825-a2c42edac34c/data/buy30590_deep/deep-cycle-3404-2026-06-06T05-40-30-986Z.ndjson
[2026-06-06T05:40:37.656Z] deep cycle 3405: 80 domains → 0 hit → 0 deep products → /paperclip/instances/default/workspaces/3ec8f6dd-1735-4479-9825-a2c42edac34c/data/buy30590_deep/deep-cycle-3405-2026-06-06T05-40-36-714Z.ndjson
[2026-06-06T05:40:43.184Z] deep cycle 3406: 80 domains → 0 hit → 0 deep products → /paperclip/instances/default/workspaces/3ec8f6dd-1735-4479-9825-a2c42edac34c/data/buy30590_deep/deep-cycle-3406-2026-06-06T05-40-42-661Z.ndjson
[2026-06-06T05:40:48.802Z] deep cycle 3407: 80 domains → 0 hit → 0 deep products → /paperclip/instances/default/workspaces/3ec8f6dd-1735-4479-9825-a2c42edac34c/data/buy30590_deep/deep-cycle-3407-2026-06-06T05-40-48-188Z.ndjson
[2026-06-06T05:40:54.150Z] deep cycle 3408: 80 domains → 0 hit → 0 deep products → /paperclip/instances/default/workspaces/3ec8f6dd-1735-4479-9825-a2c42edac34c/data/buy30590_deep/deep-cycle-3408-2026-06-06T05-40-53-807Z.ndjson
[2026-06-06T05:40:59.588Z] deep cycle 3409: 80 domains → 0 hit → 0 deep products → /paperclip/instances/default/workspaces/3ec8f6dd-1735-4479-9825-a2c42edac34c/data/buy30590_deep/deep-cycle-3409-2026-06-06T05-40-59-155Z.ndjson
[2026-06-06T05:41:05.461Z] deep cycle 3410: 80 domains → 0 hit → 0 deep products → /paperclip/instances/default/workspaces/3ec8f6dd-1735-4479-9825-a2c42edac34c/data/buy30590_deep/deep-cycle-3410-2026-06-06T05-41-04-594Z.ndjson
[2026-06-06T05:41:11.128Z] deep cycle 3411: 80 domains → 0 hit → 0 deep products → /paperclip/instances/default/workspaces/3ec8f6dd-1735-4479-9825-a2c42edac34c/data/buy30590_deep/deep-cycle-3411-2026-06-06T05-41-10-467Z.ndjson
[2026-06-06T05:41:16.471Z] deep cycle 3412: 80 domains → 0 hit → 0 deep products → /paperclip/instances/default/workspaces/3ec8f6dd-1735-4479-9825-a2c42edac34c/data/buy30590_deep/deep-cycle-3412-2026-06-06T05-41-16-128Z.ndjson
[2026-06-06T05:41:21.884Z] deep cycle 3413: 80 domains → 0 hit → 0 deep products → /paperclip/instances/default/workspaces/3ec8f6dd-1735-4479-9825-a2c42edac34c/data/buy30590_deep/deep-cycle-3413-2026-06-06T05-41-21-476Z.ndjson
[2026-06-06T05:41:27.566Z] deep cycle 3414: 80 domains → 0 hit → 0 deep products → /paperclip/instances/default/workspaces/3ec8f6dd-1735-4479-9825-a2c42edac34c/data/buy30590_deep/deep-cycle-3414-2026-06-06T05-41-26-888Z.ndjson
[2026-06-06T05:41:33.226Z] deep cycle 3415: 80 domains → 0 hit → 0 deep products → /paperclip/instances/default/workspaces/3ec8f6dd-1735-4479-9825-a2c42edac34c/data/buy30590_deep/deep-cycle-3415-2026-06-06T05-41-32-570Z.ndjson
[2026-06-06T05:41:38.542Z] deep cycle 3416: 80 domains → 0 hit → 0 deep products → /paperclip/instances/default/workspaces/3ec8f6dd-1735-4479-9825-a2c42edac34c/data/buy30590_deep/deep-cycle-3416-2026-06-06T05-41-38-231Z.ndjson
[2026-06-06T05:41:43.854Z] deep cycle 3417: 80 domains → 0 hit → 0 deep products → /paperclip/instances/default/workspaces/3ec8f6dd-1735-4479-9825-a2c42edac34c/data/buy30590_deep/deep-cycle-3417-2026-06-06T05-41-43-548Z.ndjson
[2026-06-06T05:41:49.169Z] deep cycle 3418: 80 domains → 0 hit → 0 deep products → /paperclip/instances/default/workspaces/3ec8f6dd-1735-4479-9825-a2c42edac34c/data/buy30590_deep/deep-cycle-3418-2026-06-06T05-41-48-860Z.ndjson
[2026-06-06T05:41:54.606Z] deep cycle 3419: 80 domains → 0 hit → 0 deep products → /paperclip/instances/default/workspaces/3ec8f6dd-1735-4479-9825-a2c42edac34c/data/buy30590_deep/deep-cycle-3419-2026-06-06T05-41-54-174Z.ndjson
[2026-06-06T05:42:00.237Z] deep cycle 3420: 80 domains → 0 hit → 0 deep products → /paperclip/instances/default/workspaces/3ec8f6dd-1735-4479-9825-a2c42edac34c/data/buy30590_deep/deep-cycle-3420-2026-06-06T05-41-59-620Z.ndjson
[2026-06-06T05:42:05.916Z] deep cycle 3421: 80 domains → 0 hit → 0 deep products → /paperclip/instances/default/workspaces/3ec8f6dd-1735-4479-9825-a2c42edac34c/data/buy30590_deep/deep-cycle-3421-2026-06-06T05-42-05-242Z.ndjson
[2026-06-06T05:42:11.463Z] deep cycle 3422: 80 domains → 0 hit → 0 deep products → /paperclip/instances/default/workspaces/3ec8f6dd-1735-4479-9825-a2c42edac34c/data/buy30590_deep/deep-cycle-3422-2026-06-06T05-42-10-922Z.ndjson
[2026-06-06T05:42:17.264Z] deep cycle 3423: 80 domains → 0 hit → 0 deep products → /paperclip/instances/default/workspaces/3ec8f6dd-1735-4479-9825-a2c42edac34c/data/buy30590_deep/deep-cycle-3423-2026-06-06T05-42-16-469Z.ndjson
[2026-06-06T05:42:22.939Z] deep cycle 3424: 80 domains → 0 hit → 0 deep products → /paperclip/instances/default/workspaces/3ec8f6dd-1735-4479-9825-a2c42edac34c/data/buy30590_deep/deep-cycle-3424-2026-06-06T05-42-22-267Z.ndjson
[2026-06-06T05:42:28.565Z] deep cycle 3425: 80 domains → 0 hit → 0 deep products → /paperclip/instances/default/workspaces/3ec8f6dd-1735-4479-9825-a2c42edac34c/data/buy30590_deep/deep-cycle-3425-2026-06-06T05-42-27-945Z.ndjson
[2026-06-06T05:42:34.161Z] deep cycle 3426: 80 domains → 0 hit → 0 deep products → /paperclip/instances/default/workspaces/3ec8f6dd-1735-4479-9825-a2c42edac34c/data/buy30590_deep/deep-cycle-3426-2026-06-06T05-42-33-570Z.ndjson
[2026-06-06T05:42:39.886Z] deep cycle 3427: 80 domains → 0 hit → 0 deep products → /paperclip/instances/default/workspaces/3ec8f6dd-1735-4479-9825-a2c42edac34c/data/buy30590_deep/deep-cycle-3427-2026-06-06T05-42-39-166Z.ndjson
[2026-06-06T05:42:45.978Z] deep cycle 3428: 80 domains → 0 hit → 0 deep products → /paperclip/instances/default/workspaces/3ec8f6dd-1735-4479-9825-a2c42edac34c/data/buy30590_deep/deep-cycle-3428-2026-06-06T05-42-44-891Z.ndjson
[2026-06-06T05:42:51.636Z] deep cycle 3429: 80 domains → 0 hit → 0 deep products → /paperclip/instances/default/workspaces/3ec8f6dd-1735-4479-9825-a2c42edac34c/data/buy30590_deep/deep-cycle-3429-2026-06-06T05-42-50-988Z.ndjson
[2026-06-06T05:43:01.250Z] deep cycle 3430: 80 domains → 4 hit → 1437 deep products → /paperclip/instances/default/workspaces/3ec8f6dd-1735-4479-9825-a2c42edac34c/data/buy30590_deep/deep-cycle-3430-2026-06-06T05-42-56-640Z.ndjson
[2026-06-06T05:43:44.911Z] deep cycle 3430 ingest: exit=0 43.7s === STREAM INGEST DONE ===
files=1 lines=1437 valid=1437 written=1437 errors=0
skipped: {}
top sources: [ [ 'shopify', 1437 ] ]
[2026-06-06T05:43:50.651Z] deep cycle 3431: 80 domains → 0 hit → 0 deep products → /paperclip/instances/default/workspaces/3ec8f6dd-1735-4479-9825-a2c42edac34c/data/buy30590_deep/deep-cycle-3431-2026-06-06T05-43-49-915Z.ndjson
[2026-06-06T05:43:56.185Z] deep cycle 3432: 80 domains → 0 hit → 0 deep products → /paperclip/instances/default/workspaces/3ec8f6dd-1735-4479-9825-a2c42edac34c/data/buy30590_deep/deep-cycle-3432-2026-06-06T05-43-55-656Z.ndjson
[2026-06-06T05:44:01.611Z] deep cycle 3433: 80 domains → 0 hit → 0 deep products → /paperclip/instances/default/workspaces/3ec8f6dd-1735-4479-9825-a2c42edac34c/data/buy30590_deep/deep-cycle-3433-2026-06-06T05-44-01-189Z.ndjson
[2026-06-06T05:44:07.199Z] deep cycle 3434: 80 domains → 0 hit → 0 deep products → /paperclip/instances/default/workspaces/3ec8f6dd-1735-4479-9825-a2c42edac34c/data/buy30590_deep/deep-cycle-3434-2026-06-06T05-44-06-616Z.ndjson
[2026-06-06T05:44:12.987Z] deep cycle 3435: 80 domains → 0 hit → 0 deep products → /paperclip/instances/default/workspaces/3ec8f6dd-1735-4479-9825-a2c42edac34c/data/buy30590_deep/deep-cycle-3435-2026-06-06T05-44-12-204Z.ndjson
[2026-06-06T05:44:18.584Z] deep cycle 3436: 80 domains → 0 hit → 0 deep products → /paperclip/instances/default/workspaces/3ec8f6dd-1735-4479-9825-a2c42edac34c/data/buy30590_deep/deep-cycle-3436-2026-06-06T05-44-17-995Z.ndjson
[2026-06-06T05:44:24.518Z] deep cycle 3437: 80 domains → 0 hit → 0 deep products → /paperclip/instances/default/workspaces/3ec8f6dd-1735-4479-9825-a2c42edac34c/data/buy30590_deep/deep-cycle-3437-2026-06-06T05-44-23-586Z.ndjson
[2026-06-06T05:44:29.907Z] deep cycle 3438: 80 domains → 0 hit → 0 deep products → /paperclip/instances/default/workspaces/3ec8f6dd-1735-4479-9825-a2c42edac34c/data/buy30590_deep/deep-cycle-3438-2026-06-06T05-44-29-524Z.ndjson
[2026-06-06T05:44:35.977Z] deep cycle 3439: 80 domains → 0 hit → 0 deep products → /paperclip/instances/default/workspaces/3ec8f6dd-1735-4479-9825-a2c42edac34c/data/buy30590_deep/deep-cycle-3439-2026-06-06T05-44-34-913Z.ndjson
[2026-06-06T05:44:41.339Z] deep cycle 3440: 80 domains → 0 hit → 0 deep products → /paperclip/instances/default/workspaces/3ec8f6dd-1735-4479-9825-a2c42edac34c/data/buy30590_deep/deep-cycle-3440-2026-06-06T05-44-40-982Z.ndjson
[2026-06-06T05:44:46.704Z] deep cycle 3441: 80 domains → 0 hit → 0 deep products → /paperclip/instances/default/workspaces/3ec8f6dd-1735-4479-9825-a2c42edac34c/data/buy30590_deep/deep-cycle-3441-2026-06-06T05-44-46-343Z.ndjson
[2026-06-06T05:44:52.099Z] deep cycle 3442: 80 domains → 0 hit → 0 deep products → /paperclip/instances/default/workspaces/3ec8f6dd-1735-4479-9825-a2c42edac34c/data/buy30590_deep/deep-cycle-3442-2026-06-06T05-44-51-709Z.ndjson
[2026-06-06T05:44:57.391Z] deep cycle 3443: 80 domains → 0 hit → 0 deep products → /paperclip/instances/default/workspaces/3ec8f6dd-1735-4479-9825-a2c42edac34c/data/buy30590_deep/deep-cycle-3443-2026-06-06T05-44-57-103Z.ndjson
[2026-06-06T05:45:02.716Z] deep cycle 3444: 80 domains → 0 hit → 0 deep products → /paperclip/instances/default/workspaces/3ec8f6dd-1735-4479-9825-a2c42edac34c/data/buy30590_deep/deep-cycle-3444-2026-06-06T05-45-02-396Z.ndjson
[2026-06-06T05:45:08.244Z] deep cycle 3445: 80 domains → 0 hit → 0 deep products → /paperclip/instances/default/workspaces/3ec8f6dd-1735-4479-9825-a2c42edac34c/data/buy30590_deep/deep-cycle-3445-2026-06-06T05-45-07-721Z.ndjson
[2026-06-06T05:45:13.651Z] deep cycle 3446: 80 domains → 0 hit → 0 deep products → /paperclip/instances/default/workspaces/3ec8f6dd-1735-4479-9825-a2c42edac34c/data/buy30590_deep/deep-cycle-3446-2026-06-06T05-45-13-252Z.ndjson
[2026-06-06T05:45:18.984Z] deep cycle 3447: 80 domains → 0 hit → 0 deep products → /paperclip/instances/default/workspaces/3ec8f6dd-1735-4479-9825-a2c42edac34c/data/buy30590_deep/deep-cycle-3447-2026-06-06T05-45-18-656Z.ndjson
[2026-06-06T05:45:24.273Z] deep cycle 3448: 80 domains → 0 hit → 0 deep products → /paperclip/instances/default/workspaces/3ec8f6dd-1735-4479-9825-a2c42edac34c/data/buy30590_deep/deep-cycle-3448-2026-06-06T05-45-23-989Z.ndjson
[2026-06-06T05:45:29.640Z] deep cycle 3449: 80 domains → 0 hit → 0 deep products → /paperclip/instances/default/workspaces/3ec8f6dd-1735-4479-9825-a2c42edac34c/data/buy30590_deep/deep-cycle-3449-2026-06-06T05-45-29-274Z.ndjson
[2026-06-06T05:45:34.969Z] deep cycle 3450: 80 domains → 0 hit → 0 deep products → /paperclip/instances/default/workspaces/3ec8f6dd-1735-4479-9825-a2c42edac34c/data/buy30590_deep/deep-cycle-3450-2026-06-06T05-45-34-645Z.ndjson
[2026-06-06T05:45:40.285Z] deep cycle 3451: 80 domains → 0 hit → 0 deep products → /paperclip/instances/default/workspaces/3ec8f6dd-1735-4479-9825-a2c42edac34c/data/buy30590_deep/deep-cycle-3451-2026-06-06T05-45-39-976Z.ndjson
[2026-06-06T05:45:45.598Z] deep cycle 3452: 80 domains → 0 hit → 0 deep products → /paperclip/instances/default/workspaces/3ec8f6dd-1735-4479-9825-a2c42edac34c/data/buy30590_deep/deep-cycle-3452-2026-06-06T05-45-45-290Z.ndjson
[2026-06-06T05:45:50.988Z] deep cycle 3453: 80 domains → 0 hit → 0 deep products → /paperclip/instances/default/workspaces/3ec8f6dd-1735-4479-9825-a2c42edac34c/data/buy30590_deep/deep-cycle-3453-2026-06-06T05-45-50-601Z.ndjson
[2026-06-06T05:45:56.347Z] deep cycle 3454: 80 domains → 0 hit → 0 deep products → /paperclip/instances/default/workspaces/3ec8f6dd-1735-4479-9825-a2c42edac34c/data/buy30590_deep/deep-cycle-3454-2026-06-06T05-45-55-995Z.ndjson
[2026-06-06T05:46:01.872Z] deep cycle 3455: 80 domains → 0 hit → 0 deep products → /paperclip/instances/default/workspaces/3ec8f6dd-1735-4479-9825-a2c42edac34c/data/buy30590_deep/deep-cycle-3455-2026-06-06T05-46-01-353Z.ndjson
[2026-06-06T05:46:07.318Z] deep cycle 3456: 80 domains → 0 hit → 0 deep products → /paperclip/instances/default/workspaces/3ec8f6dd-1735-4479-9825-a2c42edac34c/data/buy30590_deep/deep-cycle-3456-2026-06-06T05-46-06-876Z.ndjson
[2026-06-06T05:46:12.840Z] deep cycle 3457: 80 domains → 0 hit → 0 deep products → /paperclip/instances/default/workspaces/3ec8f6dd-1735-4479-9825-a2c42edac34c/data/buy30590_deep/deep-cycle-3457-2026-06-06T05-46-12-325Z.ndjson
[2026-06-06T05:46:18.284Z] deep cycle 3458: 80 domains → 0 hit → 0 deep products → /paperclip/instances/default/workspaces/3ec8f6dd-1735-4479-9825-a2c42edac34c/data/buy30590_deep/deep-cycle-3458-2026-06-06T05-46-17-846Z.ndjson
[2026-06-06T05:46:24.110Z] deep cycle 3459: 80 domains → 0 hit → 0 deep products → /paperclip/instances/default/workspaces/3ec8f6dd-1735-4479-9825-a2c42edac34c/data/buy30590_deep/deep-cycle-3459-2026-06-06T05-46-23-289Z.ndjson
[2026-06-06T05:46:30.019Z] deep cycle 3460: 80 domains → 1 hit → 330 deep products → /paperclip/instances/default/workspaces/3ec8f6dd-1735-4479-9825-a2c42edac34c/data/buy30590_deep/deep-cycle-3460-2026-06-06T05-46-29-111Z.ndjson
[2026-06-06T05:46:30.605Z] deep cycle 3460 ingest: exit=0 0.6s === STREAM INGEST DONE ===
files=1 lines=330 valid=330 written=330 errors=0
skipped: {}
top sources: [ [ 'shopify', 330 ] ]
[2026-06-06T05:46:36.605Z] deep cycle 3461: 80 domains → 0 hit → 0 deep products → /paperclip/instances/default/workspaces/3ec8f6dd-1735-4479-9825-a2c42edac34c/data/buy30590_deep/deep-cycle-3461-2026-06-06T05-46-35-607Z.ndjson
[2026-06-06T05:46:42.995Z] deep cycle 3462: 80 domains → 0 hit → 0 deep products → /paperclip/instances/default/workspaces/3ec8f6dd-1735-4479-9825-a2c42edac34c/data/buy30590_deep/deep-cycle-3462-2026-06-06T05-46-41-610Z.ndjson
[2026-06-06T05:46:49.043Z] deep cycle 3463: 80 domains → 0 hit → 0 deep products → /paperclip/instances/default/workspaces/3ec8f6dd-1735-4479-9825-a2c42edac34c/data/buy30590_deep/deep-cycle-3463-2026-06-06T05-46-48-000Z.ndjson
[2026-06-06T05:46:55.287Z] deep cycle 3464: 80 domains → 0 hit → 0 deep products → /paperclip/instances/default/workspaces/3ec8f6dd-1735-4479-9825-a2c42edac34c/data/buy30590_deep/deep-cycle-3464-2026-06-06T05-46-54-048Z.ndjson
[2026-06-06T05:47:00.633Z] deep cycle 3465: 80 domains → 0 hit → 0 deep products → /paperclip/instances/default/workspaces/3ec8f6dd-1735-4479-9825-a2c42edac34c/data/buy30590_deep/deep-cycle-3465-2026-06-06T05-47-00-290Z.ndjson
[2026-06-06T05:47:05.935Z] deep cycle 3466: 80 domains → 0 hit → 0 deep products → /paperclip/instances/default/workspaces/3ec8f6dd-1735-4479-9825-a2c42edac34c/data/buy30590_deep/deep-cycle-3466-2026-06-06T05-47-05-634Z.ndjson
[2026-06-06T05:47:11.533Z] deep cycle 3467: 80 domains → 0 hit → 0 deep products → /paperclip/instances/default/workspaces/3ec8f6dd-1735-4479-9825-a2c42edac34c/data/buy30590_deep/deep-cycle-3467-2026-06-06T05-47-10-940Z.ndjson
[2026-06-06T05:47:17.021Z] deep cycle 3468: 80 domains → 0 hit → 0 deep products → /paperclip/instances/default/workspaces/3ec8f6dd-1735-4479-9825-a2c42edac34c/data/buy30590_deep/deep-cycle-3468-2026-06-06T05-47-16-538Z.ndjson
[2026-06-06T05:47:23.260Z] deep cycle 3469: 80 domains → 0 hit → 0 deep products → /paperclip/instances/default/workspaces/3ec8f6dd-1735-4479-9825-a2c42edac34c/data/buy30590_deep/deep-cycle-3469-2026-06-06T05-47-22-026Z.ndjson
[2026-06-06T05:47:29.215Z] deep cycle 3470: 80 domains → 0 hit → 0 deep products → /paperclip/instances/default/workspaces/3ec8f6dd-1735-4479-9825-a2c42edac34c/data/buy30590_deep/deep-cycle-3470-2026-06-06T05-47-28-266Z.ndjson
[2026-06-06T05:47:35.744Z] deep cycle 3471: 80 domains → 0 hit → 0 deep products → /paperclip/instances/default/workspaces/3ec8f6dd-1735-4479-9825-a2c42edac34c/data/buy30590_deep/deep-cycle-3471-2026-06-06T05-47-34-217Z.ndjson
[2026-06-06T05:47:41.643Z] deep cycle 3472: 80 domains → 0 hit → 0 deep products → /paperclip/instances/default/workspaces/3ec8f6dd-1735-4479-9825-a2c42edac34c/data/buy30590_deep/deep-cycle-3472-2026-06-06T05-47-40-745Z.ndjson
[2026-06-06T05:47:47.842Z] deep cycle 3473: 80 domains → 0 hit → 0 deep products → /paperclip/instances/default/workspaces/3ec8f6dd-1735-4479-9825-a2c42edac34c/data/buy30590_deep/deep-cycle-3473-2026-06-06T05-47-46-648Z.ndjson
[2026-06-06T05:47:53.770Z] deep cycle 3474: 80 domains → 0 hit → 0 deep products → /paperclip/instances/default/workspaces/3ec8f6dd-1735-4479-9825-a2c42edac34c/data/buy30590_deep/deep-cycle-3474-2026-06-06T05-47-52-846Z.ndjson
[2026-06-06T05:48:01.792Z] deep cycle 3475: 80 domains → 1 hit → 250 deep products → /paperclip/instances/default/workspaces/3ec8f6dd-1735-4479-9825-a2c42edac34c/data/buy30590_deep/deep-cycle-3475-2026-06-06T05-47-58-775Z.ndjson
[2026-06-06T05:48:02.442Z] deep cycle 3475 ingest: exit=0 0.7s === STREAM INGEST DONE ===
files=1 lines=250 valid=250 written=250 errors=0
skipped: {}
top sources: [ [ 'shopify', 250 ] ]
[2026-06-06T05:48:08.153Z] deep cycle 3476: 80 domains → 0 hit → 0 deep products → /paperclip/instances/default/workspaces/3ec8f6dd-1735-4479-9825-a2c42edac34c/data/buy30590_deep/deep-cycle-3476-2026-06-06T05-48-07-445Z.ndjson
[2026-06-06T05:48:14.070Z] deep cycle 3477: 80 domains → 0 hit → 0 deep products → /paperclip/instances/default/workspaces/3ec8f6dd-1735-4479-9825-a2c42edac34c/data/buy30590_deep/deep-cycle-3477-2026-06-06T05-48-13-158Z.ndjson
[2026-06-06T05:48:20.423Z] deep cycle 3478: 80 domains → 0 hit → 0 deep products → /paperclip/instances/default/workspaces/3ec8f6dd-1735-4479-9825-a2c42edac34c/data/buy30590_deep/deep-cycle-3478-2026-06-06T05-48-19-075Z.ndjson
[2026-06-06T05:48:27.183Z] deep cycle 3479: 80 domains → 0 hit → 0 deep products → /paperclip/instances/default/workspaces/3ec8f6dd-1735-4479-9825-a2c42edac34c/data/buy30590_deep/deep-cycle-3479-2026-06-06T05-48-25-428Z.ndjson
[2026-06-06T05:48:33.355Z] deep cycle 3480: 80 domains → 0 hit → 0 deep products → /paperclip/instances/default/workspaces/3ec8f6dd-1735-4479-9825-a2c42edac34c/data/buy30590_deep/deep-cycle-3480-2026-06-06T05-48-32-224Z.ndjson
[2026-06-06T05:48:39.421Z] deep cycle 3481: 80 domains → 0 hit → 0 deep products → /paperclip/instances/default/workspaces/3ec8f6dd-1735-4479-9825-a2c42edac34c/data/buy30590_deep/deep-cycle-3481-2026-06-06T05-48-38-363Z.ndjson
[2026-06-06T05:48:45.796Z] deep cycle 3482: 80 domains → 0 hit → 0 deep products → /paperclip/instances/default/workspaces/3ec8f6dd-1735-4479-9825-a2c42edac34c/data/buy30590_deep/deep-cycle-3482-2026-06-06T05-48-44-422Z.ndjson
[2026-06-06T05:48:52.273Z] deep cycle 3483: 80 domains → 0 hit → 0 deep products → /paperclip/instances/default/workspaces/3ec8f6dd-1735-4479-9825-a2c42edac34c/data/buy30590_deep/deep-cycle-3483-2026-06-06T05-48-50-801Z.ndjson
[2026-06-06T05:48:58.245Z] deep cycle 3484: 80 domains → 0 hit → 0 deep products → /paperclip/instances/default/workspaces/3ec8f6dd-1735-4479-9825-a2c42edac34c/data/buy30590_deep/deep-cycle-3484-2026-06-06T05-48-57-278Z.ndjson
[2026-06-06T05:49:04.571Z] deep cycle 3485: 80 domains → 0 hit → 0 deep products → /paperclip/instances/default/workspaces/3ec8f6dd-1735-4479-9825-a2c42edac34c/data/buy30590_deep/deep-cycle-3485-2026-06-06T05-49-03-250Z.ndjson
[2026-06-06T05:49:11.087Z] deep cycle 3486: 80 domains → 0 hit → 0 deep products → /paperclip/instances/default/workspaces/3ec8f6dd-1735-4479-9825-a2c42edac34c/data/buy30590_deep/deep-cycle-3486-2026-06-06T05-49-09-575Z.ndjson
[2026-06-06T05:49:17.040Z] deep cycle 3487: 80 domains → 0 hit → 0 deep products → /paperclip/instances/default/workspaces/3ec8f6dd-1735-4479-9825-a2c42edac34c/data/buy30590_deep/deep-cycle-3487-2026-06-06T05-49-16-092Z.ndjson
[2026-06-06T05:49:23.461Z] deep cycle 3488: 80 domains → 0 hit → 0 deep products → /paperclip/instances/default/workspaces/3ec8f6dd-1735-4479-9825-a2c42edac34c/data/buy30590_deep/deep-cycle-3488-2026-06-06T05-49-22-045Z.ndjson
[2026-06-06T05:49:29.696Z] deep cycle 3489: 80 domains → 0 hit → 0 deep products → /paperclip/instances/default/workspaces/3ec8f6dd-1735-4479-9825-a2c42edac34c/data/buy30590_deep/deep-cycle-3489-2026-06-06T05-49-28-466Z.ndjson
[2026-06-06T05:49:36.881Z] deep cycle 3490: 80 domains → 0 hit → 0 deep products → /paperclip/instances/default/workspaces/3ec8f6dd-1735-4479-9825-a2c42edac34c/data/buy30590_deep/deep-cycle-3490-2026-06-06T05-49-34-702Z.ndjson
[2026-06-06T05:49:43.595Z] deep cycle 3491: 80 domains → 0 hit → 0 deep products → /paperclip/instances/default/workspaces/3ec8f6dd-1735-4479-9825-a2c42edac34c/data/buy30590_deep/deep-cycle-3491-2026-06-06T05-49-41-888Z.ndjson
[2026-06-06T05:49:49.646Z] deep cycle 3492: 80 domains → 0 hit → 0 deep products → /paperclip/instances/default/workspaces/3ec8f6dd-1735-4479-9825-a2c42edac34c/data/buy30590_deep/deep-cycle-3492-2026-06-06T05-49-48-604Z.ndjson
[2026-06-06T05:49:57.086Z] deep cycle 3493: 80 domains → 0 hit → 0 deep products → /paperclip/instances/default/workspaces/3ec8f6dd-1735-4479-9825-a2c42edac34c/data/buy30590_deep/deep-cycle-3493-2026-06-06T05-49-54-650Z.ndjson
[2026-06-06T05:50:04.319Z] deep cycle 3494: 80 domains → 0 hit → 0 deep products → /paperclip/instances/default/workspaces/3ec8f6dd-1735-4479-9825-a2c42edac34c/data/buy30590_deep/deep-cycle-3494-2026-06-06T05-50-02-096Z.ndjson
[2026-06-06T05:50:10.706Z] deep cycle 3495: 80 domains → 0 hit → 0 deep products → /paperclip/instances/default/workspaces/3ec8f6dd-1735-4479-9825-a2c42edac34c/data/buy30590_deep/deep-cycle-3495-2026-06-06T05-50-09-336Z.ndjson
[2026-06-06T05:50:16.895Z] deep cycle 3496: 80 domains → 0 hit → 0 deep products → /paperclip/instances/default/workspaces/3ec8f6dd-1735-4479-9825-a2c42edac34c/data/buy30590_deep/deep-cycle-3496-2026-06-06T05-50-15-712Z.ndjson
[2026-06-06T05:50:23.686Z] deep cycle 3497: 80 domains → 0 hit → 0 deep products → /paperclip/instances/default/workspaces/3ec8f6dd-1735-4479-9825-a2c42edac34c/data/buy30590_deep/deep-cycle-3497-2026-06-06T05-50-21-899Z.ndjson
[2026-06-06T05:51:14.994Z] loaded 20325 candidate domains for deep-page
[2026-06-06T05:51:14.996Z] starting at cursor=3485, cycle=3497
[2026-06-06T05:51:16.076Z] deep cycle 3498: 80 domains → 0 hit → 0 deep products → /paperclip/instances/default/workspaces/3ec8f6dd-1735-4479-9825-a2c42edac34c/data/buy30590_deep/deep-cycle-3498-2026-06-06T05-51-14-996Z.ndjson
[2026-06-06T05:51:22.544Z] deep cycle 3499: 80 domains → 0 hit → 0 deep products → /paperclip/instances/default/workspaces/3ec8f6dd-1735-4479-9825-a2c42edac34c/data/buy30590_deep/deep-cycle-3499-2026-06-06T05-51-21-077Z.ndjson
[2026-06-06T05:51:28.918Z] deep cycle 3500: 80 domains → 0 hit → 0 deep products → /paperclip/instances/default/workspaces/3ec8f6dd-1735-4479-9825-a2c42edac34c/data/buy30590_deep/deep-cycle-3500-2026-06-06T05-51-27-549Z.ndjson
[2026-06-06T05:51:35.210Z] deep cycle 3501: 80 domains → 0 hit → 0 deep products → /paperclip/instances/default/workspaces/3ec8f6dd-1735-4479-9825-a2c42edac34c/data/buy30590_deep/deep-cycle-3501-2026-06-06T05-51-33-922Z.ndjson
[2026-06-06T05:51:41.232Z] deep cycle 3502: 80 domains → 0 hit → 0 deep products → /paperclip/instances/default/workspaces/3ec8f6dd-1735-4479-9825-a2c42edac34c/data/buy30590_deep/deep-cycle-3502-2026-06-06T05-51-40-215Z.ndjson
[2026-06-06T05:51:47.877Z] deep cycle 3503: 80 domains → 0 hit → 0 deep products → /paperclip/instances/default/workspaces/3ec8f6dd-1735-4479-9825-a2c42edac34c/data/buy30590_deep/deep-cycle-3503-2026-06-06T05-51-46-236Z.ndjson
[2026-06-06T05:52:05.512Z] deep cycle 3504: 80 domains → 0 hit → 0 deep products → /paperclip/instances/default/workspaces/3ec8f6dd-1735-4479-9825-a2c42edac34c/data/buy30590_deep/deep-cycle-3504-2026-06-06T05-51-52-882Z.ndjson
[2026-06-06T05:52:14.033Z] deep cycle 3505: 80 domains → 1 hit → 250 deep products → /paperclip/instances/default/workspaces/3ec8f6dd-1735-4479-9825-a2c42edac34c/data/buy30590_deep/deep-cycle-3505-2026-06-06T05-52-10-517Z.ndjson
[2026-06-06T05:52:19.819Z] deep cycle 3505 ingest: exit=0 5.8s === STREAM INGEST DONE ===
files=1 lines=250 valid=250 written=250 errors=0
skipped: {}
top sources: [ [ 'shopify', 250 ] ]
[2026-06-06T05:52:26.380Z] deep cycle 3506: 80 domains → 0 hit → 0 deep products → /paperclip/instances/default/workspaces/3ec8f6dd-1735-4479-9825-a2c42edac34c/data/buy30590_deep/deep-cycle-3506-2026-06-06T05-52-24-825Z.ndjson
[2026-06-06T05:52:33.172Z] deep cycle 3507: 80 domains → 0 hit → 0 deep products → /paperclip/instances/default/workspaces/3ec8f6dd-1735-4479-9825-a2c42edac34c/data/buy30590_deep/deep-cycle-3507-2026-06-06T05-52-31-385Z.ndjson
[2026-06-06T05:52:39.351Z] deep cycle 3508: 80 domains → 0 hit → 0 deep products → /paperclip/instances/default/workspaces/3ec8f6dd-1735-4479-9825-a2c42edac34c/data/buy30590_deep/deep-cycle-3508-2026-06-06T05-52-38-175Z.ndjson
[2026-06-06T05:52:46.313Z] deep cycle 3509: 80 domains → 0 hit → 0 deep products → /paperclip/instances/default/workspaces/3ec8f6dd-1735-4479-9825-a2c42edac34c/data/buy30590_deep/deep-cycle-3509-2026-06-06T05-52-44-356Z.ndjson
[2026-06-06T05:52:52.562Z] deep cycle 3510: 80 domains → 0 hit → 0 deep products → /paperclip/instances/default/workspaces/3ec8f6dd-1735-4479-9825-a2c42edac34c/data/buy30590_deep/deep-cycle-3510-2026-06-06T05-52-51-317Z.ndjson
[2026-06-06T05:52:59.839Z] deep cycle 3511: 80 domains → 0 hit → 0 deep products → /paperclip/instances/default/workspaces/3ec8f6dd-1735-4479-9825-a2c42edac34c/data/buy30590_deep/deep-cycle-3511-2026-06-06T05-52-57-566Z.ndjson
[2026-06-06T05:54:23.045Z] deep cycle 3512: 80 domains → 3 hit → 50000 deep products → /paperclip/instances/default/workspaces/3ec8f6dd-1735-4479-9825-a2c42edac34c/data/buy30590_deep/deep-cycle-3512-2026-06-06T05-53-04-844Z.ndjson
[2026-06-06T05:55:00.536Z] deep cycle 3512 ingest: exit=0 37.5s === STREAM INGEST DONE ===
files=1 lines=50000 valid=50000 written=50000 errors=0
skipped: {}
top sources: [ [ 'shopify', 50000 ] ]
[2026-06-06T05:58:20.843Z] deep cycle 3513: 80 domains → 10 hit → 79138 deep products → /paperclip/instances/default/workspaces/3ec8f6dd-1735-4479-9825-a2c42edac34c/data/buy30590_deep/deep-cycle-3513-2026-06-06T05-55-05-542Z.ndjson
