[buy30727] supervisor start 2026-06-05T18:33:38.669Z target=5 pool=47 backoff=30m/60m/120m/240m alertAt=<4 for 120s
[buy30727] 2026-06-05T18:33:38.684Z spawned CC-MAIN-2025-43 pid=2537368 baseline_merchants=88 log=/paperclip/instances/default/workspaces/3ec8f6dd-1735-4479-9825-a2c42edac34c/logs/buy30727_lane_cc_main_2025_43.log
[buy30727] 2026-06-05T18:33:40.207Z spawned CC-MAIN-2025-38 pid=2537390 baseline_merchants=28 log=/paperclip/instances/default/workspaces/3ec8f6dd-1735-4479-9825-a2c42edac34c/logs/buy30727_lane_cc_main_2025_38.log
[buy30727] 2026-06-05T18:33:41.735Z spawned CC-MAIN-2025-33 pid=2537417 baseline_merchants=13 log=/paperclip/instances/default/workspaces/3ec8f6dd-1735-4479-9825-a2c42edac34c/logs/buy30727_lane_cc_main_2025_33.log
[buy30727] 2026-06-05T18:33:43.255Z spawned CC-MAIN-2025-30 pid=2537458 baseline_merchants=136 log=/paperclip/instances/default/workspaces/3ec8f6dd-1735-4479-9825-a2c42edac34c/logs/buy30727_lane_cc_main_2025_30.log
[buy30727] 2026-06-05T18:33:44.773Z spawned CC-MAIN-2025-26 pid=2537692 baseline_merchants=18 log=/paperclip/instances/default/workspaces/3ec8f6dd-1735-4479-9825-a2c42edac34c/logs/buy30727_lane_cc_main_2025_26.log
[buy30727] 2026-06-05T18:34:16.323Z worker CC-MAIN-2025-43 pid=2537368 saturated#136(elapsed=38s new_merchants=0 remaining=1897 cooldown=240m)
[buy30727] 2026-06-05T18:34:16.353Z worker CC-MAIN-2025-38 pid=2537390 saturated#136(elapsed=36s new_merchants=0 remaining=1980 cooldown=240m)
[buy30727] 2026-06-05T18:34:16.399Z worker CC-MAIN-2025-33 pid=2537417 saturated#136(elapsed=35s new_merchants=0 remaining=2151 cooldown=240m)
[buy30727] 2026-06-05T18:34:16.416Z worker CC-MAIN-2025-30 pid=2537458 saturated#136(elapsed=33s new_merchants=0 remaining=2171 cooldown=240m)
[buy30727] 2026-06-05T18:34:16.423Z worker CC-MAIN-2025-26 pid=2537692 saturated#136(elapsed=32s new_merchants=0 remaining=744 cooldown=240m)
[buy30727] 2026-06-05T18:34:16.433Z spawned CC-MAIN-2025-08 pid=2538678 baseline_merchants=7 log=/paperclip/instances/default/workspaces/3ec8f6dd-1735-4479-9825-a2c42edac34c/logs/buy30727_lane_cc_main_2025_08.log
[buy30727] 2026-06-05T18:34:17.948Z spawned CC-MAIN-2024-51 pid=2538754 baseline_merchants=427 log=/paperclip/instances/default/workspaces/3ec8f6dd-1735-4479-9825-a2c42edac34c/logs/buy30727_lane_cc_main_2024_51.log
[buy30727] 2026-06-05T18:34:19.465Z spawned CC-MAIN-2024-46 pid=2538798 baseline_merchants=92 log=/paperclip/instances/default/workspaces/3ec8f6dd-1735-4479-9825-a2c42edac34c/logs/buy30727_lane_cc_main_2024_46.log
[buy30727] 2026-06-05T18:34:20.992Z spawned CC-MAIN-2024-42 pid=2538846 baseline_merchants=91 log=/paperclip/instances/default/workspaces/3ec8f6dd-1735-4479-9825-a2c42edac34c/logs/buy30727_lane_cc_main_2024_42.log
[buy30727] 2026-06-05T18:34:22.512Z spawned CC-MAIN-2024-38 pid=2538900 baseline_merchants=36 log=/paperclip/instances/default/workspaces/3ec8f6dd-1735-4479-9825-a2c42edac34c/logs/buy30727_lane_cc_main_2024_38.log
[buy30727] 2026-06-05T18:34:54.041Z worker CC-MAIN-2025-08 pid=2538678 saturated#136(elapsed=38s new_merchants=0 remaining=695 cooldown=240m)
[buy30727] 2026-06-05T18:34:54.066Z worker CC-MAIN-2024-51 pid=2538754 saturated#136(elapsed=36s new_merchants=0 remaining=1545 cooldown=240m)
[buy30727] 2026-06-05T18:34:54.108Z worker CC-MAIN-2024-46 pid=2538798 saturated#136(elapsed=35s new_merchants=0 remaining=1592 cooldown=240m)
[buy30727] 2026-06-05T18:34:54.149Z worker CC-MAIN-2024-42 pid=2538846 saturated#136(elapsed=33s new_merchants=0 remaining=1420 cooldown=240m)
[buy30727] 2026-06-05T18:34:54.155Z worker CC-MAIN-2024-38 pid=2538900 saturated#136(elapsed=32s new_merchants=0 remaining=581 cooldown=240m)
[buy30727] 2026-06-05T18:34:54.159Z spawned CC-MAIN-2024-33 pid=2539870 baseline_merchants=88 log=/paperclip/instances/default/workspaces/3ec8f6dd-1735-4479-9825-a2c42edac34c/logs/buy30727_lane_cc_main_2024_33.log
[buy30727] 2026-06-05T18:34:55.670Z spawned CC-MAIN-2024-30 pid=2539964 baseline_merchants=17 log=/paperclip/instances/default/workspaces/3ec8f6dd-1735-4479-9825-a2c42edac34c/logs/buy30727_lane_cc_main_2024_30.log
[buy30727] 2026-06-05T18:34:57.178Z spawned CC-MAIN-2024-26 pid=2540104 baseline_merchants=7 log=/paperclip/instances/default/workspaces/3ec8f6dd-1735-4479-9825-a2c42edac34c/logs/buy30727_lane_cc_main_2024_26.log
[buy30727] 2026-06-05T18:34:58.687Z spawned CC-MAIN-2024-22 pid=2540161 baseline_merchants=13 log=/paperclip/instances/default/workspaces/3ec8f6dd-1735-4479-9825-a2c42edac34c/logs/buy30727_lane_cc_main_2024_22.log
[buy30727] 2026-06-05T18:35:00.206Z spawned CC-MAIN-2024-18 pid=2540183 baseline_merchants=62 log=/paperclip/instances/default/workspaces/3ec8f6dd-1735-4479-9825-a2c42edac34c/logs/buy30727_lane_cc_main_2024_18.log
[buy30727] 2026-06-05T18:35:31.751Z worker CC-MAIN-2024-33 pid=2539870 saturated#136(elapsed=38s new_merchants=0 remaining=508 cooldown=240m)
[buy30727] 2026-06-05T18:35:31.757Z worker CC-MAIN-2024-30 pid=2539964 saturated#136(elapsed=36s new_merchants=0 remaining=424 cooldown=240m)
[buy30727] 2026-06-05T18:35:31.762Z worker CC-MAIN-2024-26 pid=2540104 saturated#136(elapsed=35s new_merchants=0 remaining=401 cooldown=240m)
[buy30727] 2026-06-05T18:35:31.777Z worker CC-MAIN-2024-22 pid=2540161 saturated#136(elapsed=33s new_merchants=0 remaining=868 cooldown=240m)
[buy30727] 2026-06-05T18:35:31.797Z worker CC-MAIN-2024-18 pid=2540183 saturated#136(elapsed=32s new_merchants=0 remaining=1033 cooldown=240m)
[buy30727] 2026-06-05T18:35:31.800Z spawned CC-MAIN-2024-10 pid=2541279 baseline_merchants=4 log=/paperclip/instances/default/workspaces/3ec8f6dd-1735-4479-9825-a2c42edac34c/logs/buy30727_lane_cc_main_2024_10.log
[buy30727] 2026-06-05T18:35:33.317Z spawned CC-MAIN-2023-50 pid=2541383 baseline_merchants=4 log=/paperclip/instances/default/workspaces/3ec8f6dd-1735-4479-9825-a2c42edac34c/logs/buy30727_lane_cc_main_2023_50.log
[buy30727] 2026-06-05T18:35:34.824Z spawned CC-MAIN-2023-14 pid=2541470 baseline_merchants=53 log=/paperclip/instances/default/workspaces/3ec8f6dd-1735-4479-9825-a2c42edac34c/logs/buy30727_lane_cc_main_2023_14.log
[buy30727] 2026-06-05T18:35:36.331Z spawned CC-MAIN-2023-06 pid=2541516 baseline_merchants=45 log=/paperclip/instances/default/workspaces/3ec8f6dd-1735-4479-9825-a2c42edac34c/logs/buy30727_lane_cc_main_2023_06.log
[buy30727] 2026-06-05T18:35:37.840Z spawned CC-MAIN-2022-49 pid=2541598 baseline_merchants=5 log=/paperclip/instances/default/workspaces/3ec8f6dd-1735-4479-9825-a2c42edac34c/logs/buy30727_lane_cc_main_2022_49.log
[buy30727] 2026-06-05T18:36:09.392Z worker CC-MAIN-2024-10 pid=2541279 saturated#136(elapsed=38s new_merchants=0 remaining=794 cooldown=240m)
[buy30727] 2026-06-05T18:36:09.398Z worker CC-MAIN-2023-50 pid=2541383 saturated#136(elapsed=36s new_merchants=0 remaining=378 cooldown=240m)
[buy30727] 2026-06-05T18:36:09.403Z worker CC-MAIN-2023-14 pid=2541470 saturated#136(elapsed=35s new_merchants=0 remaining=248 cooldown=240m)
[buy30727] 2026-06-05T18:36:09.408Z worker CC-MAIN-2023-06 pid=2541516 saturated#136(elapsed=33s new_merchants=0 remaining=318 cooldown=240m)
[buy30727] 2026-06-05T18:36:09.418Z worker CC-MAIN-2022-49 pid=2541598 saturated#136(elapsed=32s new_merchants=0 remaining=323 cooldown=240m)
[buy30727] 2026-06-05T18:36:09.422Z spawned CC-MAIN-2022-40 pid=2543214 baseline_merchants=3 log=/paperclip/instances/default/workspaces/3ec8f6dd-1735-4479-9825-a2c42edac34c/logs/buy30727_lane_cc_main_2022_40.log
[buy30727] 2026-06-05T18:36:10.938Z spawned CC-MAIN-2026-21 pid=2543250 baseline_merchants=853 log=/paperclip/instances/default/workspaces/3ec8f6dd-1735-4479-9825-a2c42edac34c/logs/buy30727_lane_cc_main_2026_21.log
[buy30727] 2026-06-05T18:36:12.445Z spawned CC-MAIN-2026-17 pid=2543296 baseline_merchants=7 log=/paperclip/instances/default/workspaces/3ec8f6dd-1735-4479-9825-a2c42edac34c/logs/buy30727_lane_cc_main_2026_17.log
[buy30727] 2026-06-05T18:36:13.967Z spawned CC-MAIN-2025-18 pid=2543450 baseline_merchants=72 log=/paperclip/instances/default/workspaces/3ec8f6dd-1735-4479-9825-a2c42edac34c/logs/buy30727_lane_cc_main_2025_18.log
[buy30727] 2026-06-05T18:36:15.491Z spawned CC-MAIN-2025-05 pid=2543499 baseline_merchants=7 log=/paperclip/instances/default/workspaces/3ec8f6dd-1735-4479-9825-a2c42edac34c/logs/buy30727_lane_cc_main_2025_05.log
[buy30727] 2026-06-05T18:36:47.038Z worker CC-MAIN-2022-40 pid=2543214 saturated#136(elapsed=38s new_merchants=0 remaining=295 cooldown=240m)
[buy30727] 2026-06-05T18:36:47.040Z worker CC-MAIN-2026-21 pid=2543250 saturated#136(elapsed=36s new_merchants=0 remaining=862 cooldown=240m)
[buy30727] 2026-06-05T18:36:47.056Z worker CC-MAIN-2026-17 pid=2543296 saturated#137(elapsed=35s new_merchants=0 remaining=3255 cooldown=240m)
[buy30727] 2026-06-05T18:36:47.080Z worker CC-MAIN-2025-18 pid=2543450 saturated#137(elapsed=33s new_merchants=0 remaining=2382 cooldown=240m)
[buy30727] 2026-06-05T18:36:47.084Z worker CC-MAIN-2025-05 pid=2543499 saturated#137(elapsed=32s new_merchants=0 remaining=625 cooldown=240m)
[buy30727] 2026-06-05T18:36:47.086Z spawned CC-MAIN-2025-47 pid=2545296 baseline_merchants=1421 log=/paperclip/instances/default/workspaces/3ec8f6dd-1735-4479-9825-a2c42edac34c/logs/buy30727_lane_cc_main_2025_47.log
[buy30727] 2026-06-05T18:36:48.621Z spawned CC-MAIN-2025-51 pid=2545322 baseline_merchants=236 log=/paperclip/instances/default/workspaces/3ec8f6dd-1735-4479-9825-a2c42edac34c/logs/buy30727_lane_cc_main_2025_51.log
[buy30727] 2026-06-05T18:36:50.150Z spawned CC-MAIN-2025-43 pid=2545396 baseline_merchants=88 log=/paperclip/instances/default/workspaces/3ec8f6dd-1735-4479-9825-a2c42edac34c/logs/buy30727_lane_cc_main_2025_43.log
[buy30727] 2026-06-05T18:36:51.679Z spawned CC-MAIN-2025-38 pid=2545461 baseline_merchants=28 log=/paperclip/instances/default/workspaces/3ec8f6dd-1735-4479-9825-a2c42edac34c/logs/buy30727_lane_cc_main_2025_38.log
[buy30727] 2026-06-05T18:36:53.202Z spawned CC-MAIN-2025-33 pid=2545594 baseline_merchants=13 log=/paperclip/instances/default/workspaces/3ec8f6dd-1735-4479-9825-a2c42edac34c/logs/buy30727_lane_cc_main_2025_33.log
[buy30727] 2026-06-05T18:37:24.763Z worker CC-MAIN-2025-47 pid=2545296 saturated#137(elapsed=38s new_merchants=0 remaining=2294 cooldown=240m)
[buy30727] 2026-06-05T18:37:24.784Z worker CC-MAIN-2025-51 pid=2545322 saturated#137(elapsed=36s new_merchants=0 remaining=2895 cooldown=240m)
[buy30727] 2026-06-05T18:37:24.808Z worker CC-MAIN-2025-43 pid=2545396 saturated#137(elapsed=35s new_merchants=0 remaining=1897 cooldown=240m)
[buy30727] 2026-06-05T18:37:24.824Z worker CC-MAIN-2025-38 pid=2545461 saturated#137(elapsed=33s new_merchants=0 remaining=1980 cooldown=240m)
[buy30727] 2026-06-05T18:37:24.836Z worker CC-MAIN-2025-33 pid=2545594 saturated#137(elapsed=32s new_merchants=0 remaining=2151 cooldown=240m)
[buy30727] 2026-06-05T18:37:24.839Z spawned CC-MAIN-2025-30 pid=2546665 baseline_merchants=136 log=/paperclip/instances/default/workspaces/3ec8f6dd-1735-4479-9825-a2c42edac34c/logs/buy30727_lane_cc_main_2025_30.log
[buy30727] 2026-06-05T18:37:26.360Z spawned CC-MAIN-2025-26 pid=2546695 baseline_merchants=18 log=/paperclip/instances/default/workspaces/3ec8f6dd-1735-4479-9825-a2c42edac34c/logs/buy30727_lane_cc_main_2025_26.log
[buy30727] 2026-06-05T18:37:27.867Z spawned CC-MAIN-2025-08 pid=2546742 baseline_merchants=7 log=/paperclip/instances/default/workspaces/3ec8f6dd-1735-4479-9825-a2c42edac34c/logs/buy30727_lane_cc_main_2025_08.log
[buy30727] 2026-06-05T18:37:29.377Z spawned CC-MAIN-2024-51 pid=2546805 baseline_merchants=427 log=/paperclip/instances/default/workspaces/3ec8f6dd-1735-4479-9825-a2c42edac34c/logs/buy30727_lane_cc_main_2024_51.log
[buy30727] 2026-06-05T18:37:30.895Z spawned CC-MAIN-2024-46 pid=2546958 baseline_merchants=92 log=/paperclip/instances/default/workspaces/3ec8f6dd-1735-4479-9825-a2c42edac34c/logs/buy30727_lane_cc_main_2024_46.log
[buy30727] 2026-06-05T18:38:02.464Z worker CC-MAIN-2025-30 pid=2546665 saturated#137(elapsed=38s new_merchants=0 remaining=2171 cooldown=240m)
[buy30727] 2026-06-05T18:38:02.471Z worker CC-MAIN-2025-26 pid=2546695 saturated#137(elapsed=36s new_merchants=0 remaining=744 cooldown=240m)
[buy30727] 2026-06-05T18:38:02.477Z worker CC-MAIN-2025-08 pid=2546742 saturated#137(elapsed=35s new_merchants=0 remaining=695 cooldown=240m)
[buy30727] 2026-06-05T18:38:02.492Z worker CC-MAIN-2024-51 pid=2546805 saturated#137(elapsed=33s new_merchants=0 remaining=1545 cooldown=240m)
[buy30727] 2026-06-05T18:38:02.512Z worker CC-MAIN-2024-46 pid=2546958 saturated#137(elapsed=32s new_merchants=0 remaining=1592 cooldown=240m)
[buy30727] 2026-06-05T18:38:02.515Z spawned CC-MAIN-2024-42 pid=2548112 baseline_merchants=91 log=/paperclip/instances/default/workspaces/3ec8f6dd-1735-4479-9825-a2c42edac34c/logs/buy30727_lane_cc_main_2024_42.log
[buy30727] 2026-06-05T18:38:04.041Z spawned CC-MAIN-2024-38 pid=2548138 baseline_merchants=36 log=/paperclip/instances/default/workspaces/3ec8f6dd-1735-4479-9825-a2c42edac34c/logs/buy30727_lane_cc_main_2024_38.log
[buy30727] 2026-06-05T18:38:05.551Z spawned CC-MAIN-2024-33 pid=2548165 baseline_merchants=88 log=/paperclip/instances/default/workspaces/3ec8f6dd-1735-4479-9825-a2c42edac34c/logs/buy30727_lane_cc_main_2024_33.log
[buy30727] 2026-06-05T18:38:07.061Z spawned CC-MAIN-2024-30 pid=2548206 baseline_merchants=17 log=/paperclip/instances/default/workspaces/3ec8f6dd-1735-4479-9825-a2c42edac34c/logs/buy30727_lane_cc_main_2024_30.log
[buy30727] 2026-06-05T18:38:08.568Z spawned CC-MAIN-2024-26 pid=2548271 baseline_merchants=7 log=/paperclip/instances/default/workspaces/3ec8f6dd-1735-4479-9825-a2c42edac34c/logs/buy30727_lane_cc_main_2024_26.log
[buy30727] 2026-06-05T18:38:40.128Z worker CC-MAIN-2024-42 pid=2548112 saturated#137(elapsed=38s new_merchants=0 remaining=1420 cooldown=240m)
[buy30727] 2026-06-05T18:38:40.137Z worker CC-MAIN-2024-38 pid=2548138 saturated#137(elapsed=36s new_merchants=0 remaining=581 cooldown=240m)
[buy30727] 2026-06-05T18:38:40.144Z worker CC-MAIN-2024-33 pid=2548165 saturated#137(elapsed=35s new_merchants=0 remaining=508 cooldown=240m)
[buy30727] 2026-06-05T18:38:40.151Z worker CC-MAIN-2024-30 pid=2548206 saturated#137(elapsed=33s new_merchants=0 remaining=424 cooldown=240m)
[buy30727] 2026-06-05T18:38:40.156Z worker CC-MAIN-2024-26 pid=2548271 saturated#137(elapsed=32s new_merchants=0 remaining=401 cooldown=240m)
[buy30727] 2026-06-05T18:38:40.159Z spawned CC-MAIN-2024-22 pid=2549099 baseline_merchants=13 log=/paperclip/instances/default/workspaces/3ec8f6dd-1735-4479-9825-a2c42edac34c/logs/buy30727_lane_cc_main_2024_22.log
[buy30727] 2026-06-05T18:38:41.680Z spawned CC-MAIN-2024-18 pid=2549125 baseline_merchants=62 log=/paperclip/instances/default/workspaces/3ec8f6dd-1735-4479-9825-a2c42edac34c/logs/buy30727_lane_cc_main_2024_18.log
[buy30727] 2026-06-05T18:38:43.197Z spawned CC-MAIN-2024-10 pid=2549150 baseline_merchants=4 log=/paperclip/instances/default/workspaces/3ec8f6dd-1735-4479-9825-a2c42edac34c/logs/buy30727_lane_cc_main_2024_10.log
[buy30727] 2026-06-05T18:38:44.715Z spawned CC-MAIN-2023-50 pid=2549175 baseline_merchants=4 log=/paperclip/instances/default/workspaces/3ec8f6dd-1735-4479-9825-a2c42edac34c/logs/buy30727_lane_cc_main_2023_50.log
[buy30727] 2026-06-05T18:38:46.224Z spawned CC-MAIN-2023-14 pid=2549198 baseline_merchants=53 log=/paperclip/instances/default/workspaces/3ec8f6dd-1735-4479-9825-a2c42edac34c/logs/buy30727_lane_cc_main_2023_14.log
[buy30727] 2026-06-05T18:39:17.749Z worker CC-MAIN-2024-22 pid=2549099 saturated#137(elapsed=38s new_merchants=0 remaining=868 cooldown=240m)
[buy30727] 2026-06-05T18:39:17.774Z worker CC-MAIN-2024-18 pid=2549125 saturated#137(elapsed=36s new_merchants=0 remaining=1033 cooldown=240m)
[buy30727] 2026-06-05T18:39:17.784Z worker CC-MAIN-2024-10 pid=2549150 saturated#137(elapsed=35s new_merchants=0 remaining=794 cooldown=240m)
[buy30727] 2026-06-05T18:39:17.788Z worker CC-MAIN-2023-50 pid=2549175 saturated#137(elapsed=33s new_merchants=0 remaining=378 cooldown=240m)
[buy30727] 2026-06-05T18:39:17.791Z worker CC-MAIN-2023-14 pid=2549198 saturated#137(elapsed=32s new_merchants=0 remaining=248 cooldown=240m)
[buy30727] 2026-06-05T18:39:17.794Z spawned CC-MAIN-2023-06 pid=2549924 baseline_merchants=45 log=/paperclip/instances/default/workspaces/3ec8f6dd-1735-4479-9825-a2c42edac34c/logs/buy30727_lane_cc_main_2023_06.log
[buy30727] 2026-06-05T18:39:19.306Z spawned CC-MAIN-2022-49 pid=2549972 baseline_merchants=5 log=/paperclip/instances/default/workspaces/3ec8f6dd-1735-4479-9825-a2c42edac34c/logs/buy30727_lane_cc_main_2022_49.log
[buy30727] 2026-06-05T18:39:20.816Z spawned CC-MAIN-2022-40 pid=2550000 baseline_merchants=3 log=/paperclip/instances/default/workspaces/3ec8f6dd-1735-4479-9825-a2c42edac34c/logs/buy30727_lane_cc_main_2022_40.log
[buy30727] 2026-06-05T18:39:22.325Z spawned CC-MAIN-2026-21 pid=2550022 baseline_merchants=853 log=/paperclip/instances/default/workspaces/3ec8f6dd-1735-4479-9825-a2c42edac34c/logs/buy30727_lane_cc_main_2026_21.log
[buy30727] 2026-06-05T18:39:23.833Z spawned CC-MAIN-2026-17 pid=2550047 baseline_merchants=7 log=/paperclip/instances/default/workspaces/3ec8f6dd-1735-4479-9825-a2c42edac34c/logs/buy30727_lane_cc_main_2026_17.log
[buy30727] 2026-06-05T18:39:55.387Z worker CC-MAIN-2023-06 pid=2549924 saturated#137(elapsed=38s new_merchants=0 remaining=318 cooldown=240m)
[buy30727] 2026-06-05T18:39:55.391Z worker CC-MAIN-2022-49 pid=2549972 saturated#137(elapsed=36s new_merchants=0 remaining=323 cooldown=240m)
[buy30727] 2026-06-05T18:39:55.397Z worker CC-MAIN-2022-40 pid=2550000 saturated#137(elapsed=35s new_merchants=0 remaining=295 cooldown=240m)
[buy30727] 2026-06-05T18:39:55.400Z worker CC-MAIN-2026-21 pid=2550022 saturated#137(elapsed=33s new_merchants=0 remaining=862 cooldown=240m)
[buy30727] 2026-06-05T18:39:55.412Z worker CC-MAIN-2026-17 pid=2550047 saturated#138(elapsed=32s new_merchants=0 remaining=3255 cooldown=240m)
[buy30727] 2026-06-05T18:39:55.415Z spawned CC-MAIN-2025-18 pid=2550668 baseline_merchants=72 log=/paperclip/instances/default/workspaces/3ec8f6dd-1735-4479-9825-a2c42edac34c/logs/buy30727_lane_cc_main_2025_18.log
[buy30727] 2026-06-05T18:39:56.937Z spawned CC-MAIN-2025-05 pid=2550695 baseline_merchants=7 log=/paperclip/instances/default/workspaces/3ec8f6dd-1735-4479-9825-a2c42edac34c/logs/buy30727_lane_cc_main_2025_05.log
[buy30727] 2026-06-05T18:39:58.444Z spawned CC-MAIN-2025-47 pid=2550763 baseline_merchants=1421 log=/paperclip/instances/default/workspaces/3ec8f6dd-1735-4479-9825-a2c42edac34c/logs/buy30727_lane_cc_main_2025_47.log
[buy30727] 2026-06-05T18:39:59.966Z spawned CC-MAIN-2025-51 pid=2550803 baseline_merchants=236 log=/paperclip/instances/default/workspaces/3ec8f6dd-1735-4479-9825-a2c42edac34c/logs/buy30727_lane_cc_main_2025_51.log
[buy30727] 2026-06-05T18:40:01.482Z spawned CC-MAIN-2025-43 pid=2550838 baseline_merchants=88 log=/paperclip/instances/default/workspaces/3ec8f6dd-1735-4479-9825-a2c42edac34c/logs/buy30727_lane_cc_main_2025_43.log
[buy30727] 2026-06-05T18:40:03.052Z tick=10 active=5 drained=20 saturated=27 known_merchants=15704 status=[CC-MAIN-2025-18:2382/46657, CC-MAIN-2025-05:625/14379, CC-MAIN-2025-47:2294/50620, CC-MAIN-2025-51:2895/45604, CC-MAIN-2025-43:1897/45093]
[buy30727] 2026-06-05T18:40:33.075Z worker CC-MAIN-2025-18 pid=2550668 saturated#138(elapsed=38s new_merchants=0 remaining=2382 cooldown=240m)
[buy30727] 2026-06-05T18:40:33.078Z worker CC-MAIN-2025-05 pid=2550695 saturated#138(elapsed=36s new_merchants=0 remaining=625 cooldown=240m)
[buy30727] 2026-06-05T18:40:33.090Z worker CC-MAIN-2025-47 pid=2550763 saturated#138(elapsed=35s new_merchants=0 remaining=2294 cooldown=240m)
[buy30727] 2026-06-05T18:40:33.101Z worker CC-MAIN-2025-51 pid=2550803 saturated#138(elapsed=33s new_merchants=0 remaining=2895 cooldown=240m)
[buy30727] 2026-06-05T18:40:33.117Z worker CC-MAIN-2025-43 pid=2550838 saturated#138(elapsed=32s new_merchants=0 remaining=1897 cooldown=240m)
[buy30727] 2026-06-05T18:40:33.120Z spawned CC-MAIN-2025-38 pid=2551713 baseline_merchants=28 log=/paperclip/instances/default/workspaces/3ec8f6dd-1735-4479-9825-a2c42edac34c/logs/buy30727_lane_cc_main_2025_38.log
[buy30727] 2026-06-05T18:40:34.642Z spawned CC-MAIN-2025-33 pid=2551752 baseline_merchants=13 log=/paperclip/instances/default/workspaces/3ec8f6dd-1735-4479-9825-a2c42edac34c/logs/buy30727_lane_cc_main_2025_33.log
[buy30727] 2026-06-05T18:40:36.161Z spawned CC-MAIN-2025-30 pid=2551788 baseline_merchants=136 log=/paperclip/instances/default/workspaces/3ec8f6dd-1735-4479-9825-a2c42edac34c/logs/buy30727_lane_cc_main_2025_30.log
[buy30727] 2026-06-05T18:40:37.684Z spawned CC-MAIN-2025-26 pid=2551862 baseline_merchants=18 log=/paperclip/instances/default/workspaces/3ec8f6dd-1735-4479-9825-a2c42edac34c/logs/buy30727_lane_cc_main_2025_26.log
[buy30727] 2026-06-05T18:40:39.194Z spawned CC-MAIN-2025-08 pid=2551927 baseline_merchants=7 log=/paperclip/instances/default/workspaces/3ec8f6dd-1735-4479-9825-a2c42edac34c/logs/buy30727_lane_cc_main_2025_08.log
[buy30727] 2026-06-05T18:41:10.743Z worker CC-MAIN-2025-38 pid=2551713 saturated#138(elapsed=38s new_merchants=0 remaining=1980 cooldown=240m)
[buy30727] 2026-06-05T18:41:10.763Z worker CC-MAIN-2025-33 pid=2551752 saturated#138(elapsed=36s new_merchants=0 remaining=2151 cooldown=240m)
[buy30727] 2026-06-05T18:41:10.784Z worker CC-MAIN-2025-30 pid=2551788 saturated#138(elapsed=35s new_merchants=0 remaining=2171 cooldown=240m)
[buy30727] 2026-06-05T18:41:10.788Z worker CC-MAIN-2025-26 pid=2551862 saturated#138(elapsed=33s new_merchants=0 remaining=744 cooldown=240m)
[buy30727] 2026-06-05T18:41:10.793Z worker CC-MAIN-2025-08 pid=2551927 saturated#138(elapsed=32s new_merchants=0 remaining=695 cooldown=240m)
[buy30727] 2026-06-05T18:41:10.796Z spawned CC-MAIN-2024-51 pid=2553428 baseline_merchants=427 log=/paperclip/instances/default/workspaces/3ec8f6dd-1735-4479-9825-a2c42edac34c/logs/buy30727_lane_cc_main_2024_51.log
[buy30727] 2026-06-05T18:41:12.320Z spawned CC-MAIN-2024-46 pid=2553456 baseline_merchants=92 log=/paperclip/instances/default/workspaces/3ec8f6dd-1735-4479-9825-a2c42edac34c/logs/buy30727_lane_cc_main_2024_46.log
[buy30727] 2026-06-05T18:41:13.842Z spawned CC-MAIN-2024-42 pid=2553514 baseline_merchants=91 log=/paperclip/instances/default/workspaces/3ec8f6dd-1735-4479-9825-a2c42edac34c/logs/buy30727_lane_cc_main_2024_42.log
[buy30727] 2026-06-05T18:41:15.363Z spawned CC-MAIN-2024-38 pid=2553561 baseline_merchants=36 log=/paperclip/instances/default/workspaces/3ec8f6dd-1735-4479-9825-a2c42edac34c/logs/buy30727_lane_cc_main_2024_38.log
[buy30727] 2026-06-05T18:41:16.873Z spawned CC-MAIN-2024-33 pid=2553592 baseline_merchants=88 log=/paperclip/instances/default/workspaces/3ec8f6dd-1735-4479-9825-a2c42edac34c/logs/buy30727_lane_cc_main_2024_33.log
[buy30727] 2026-06-05T18:41:48.431Z worker CC-MAIN-2024-51 pid=2553428 saturated#138(elapsed=38s new_merchants=0 remaining=1545 cooldown=240m)
[buy30727] 2026-06-05T18:41:48.469Z worker CC-MAIN-2024-46 pid=2553456 saturated#138(elapsed=36s new_merchants=0 remaining=1592 cooldown=240m)
[buy30727] 2026-06-05T18:41:48.505Z worker CC-MAIN-2024-42 pid=2553514 saturated#138(elapsed=35s new_merchants=0 remaining=1420 cooldown=240m)
[buy30727] 2026-06-05T18:41:48.510Z worker CC-MAIN-2024-38 pid=2553561 saturated#138(elapsed=33s new_merchants=0 remaining=581 cooldown=240m)
[buy30727] 2026-06-05T18:41:48.514Z worker CC-MAIN-2024-33 pid=2553592 saturated#138(elapsed=32s new_merchants=0 remaining=508 cooldown=240m)
[buy30727] 2026-06-05T18:41:48.517Z spawned CC-MAIN-2024-30 pid=2554749 baseline_merchants=17 log=/paperclip/instances/default/workspaces/3ec8f6dd-1735-4479-9825-a2c42edac34c/logs/buy30727_lane_cc_main_2024_30.log
[buy30727] 2026-06-05T18:41:50.026Z spawned CC-MAIN-2024-26 pid=2554780 baseline_merchants=7 log=/paperclip/instances/default/workspaces/3ec8f6dd-1735-4479-9825-a2c42edac34c/logs/buy30727_lane_cc_main_2024_26.log
[buy30727] 2026-06-05T18:41:51.535Z spawned CC-MAIN-2024-22 pid=2554804 baseline_merchants=13 log=/paperclip/instances/default/workspaces/3ec8f6dd-1735-4479-9825-a2c42edac34c/logs/buy30727_lane_cc_main_2024_22.log
[buy30727] 2026-06-05T18:41:53.053Z spawned CC-MAIN-2024-18 pid=2554865 baseline_merchants=62 log=/paperclip/instances/default/workspaces/3ec8f6dd-1735-4479-9825-a2c42edac34c/logs/buy30727_lane_cc_main_2024_18.log
[buy30727] 2026-06-05T18:41:54.572Z spawned CC-MAIN-2024-10 pid=2554907 baseline_merchants=4 log=/paperclip/instances/default/workspaces/3ec8f6dd-1735-4479-9825-a2c42edac34c/logs/buy30727_lane_cc_main_2024_10.log
[buy30727] 2026-06-05T18:42:26.113Z worker CC-MAIN-2024-30 pid=2554749 saturated#138(elapsed=38s new_merchants=0 remaining=424 cooldown=240m)
[buy30727] 2026-06-05T18:42:26.117Z worker CC-MAIN-2024-26 pid=2554780 saturated#138(elapsed=36s new_merchants=0 remaining=401 cooldown=240m)
[buy30727] 2026-06-05T18:42:26.131Z worker CC-MAIN-2024-22 pid=2554804 saturated#138(elapsed=35s new_merchants=0 remaining=868 cooldown=240m)
[buy30727] 2026-06-05T18:42:26.151Z worker CC-MAIN-2024-18 pid=2554865 saturated#138(elapsed=33s new_merchants=0 remaining=1033 cooldown=240m)
[buy30727] 2026-06-05T18:42:26.163Z worker CC-MAIN-2024-10 pid=2554907 saturated#138(elapsed=32s new_merchants=0 remaining=794 cooldown=240m)
[buy30727] 2026-06-05T18:42:26.166Z spawned CC-MAIN-2023-50 pid=2556025 baseline_merchants=4 log=/paperclip/instances/default/workspaces/3ec8f6dd-1735-4479-9825-a2c42edac34c/logs/buy30727_lane_cc_main_2023_50.log
[buy30727] 2026-06-05T18:42:27.679Z spawned CC-MAIN-2023-14 pid=2556060 baseline_merchants=53 log=/paperclip/instances/default/workspaces/3ec8f6dd-1735-4479-9825-a2c42edac34c/logs/buy30727_lane_cc_main_2023_14.log
[buy30727] 2026-06-05T18:42:29.187Z spawned CC-MAIN-2023-06 pid=2556109 baseline_merchants=45 log=/paperclip/instances/default/workspaces/3ec8f6dd-1735-4479-9825-a2c42edac34c/logs/buy30727_lane_cc_main_2023_06.log
[buy30727] 2026-06-05T18:42:30.697Z spawned CC-MAIN-2022-49 pid=2556141 baseline_merchants=5 log=/paperclip/instances/default/workspaces/3ec8f6dd-1735-4479-9825-a2c42edac34c/logs/buy30727_lane_cc_main_2022_49.log
[buy30727] 2026-06-05T18:42:32.209Z spawned CC-MAIN-2022-40 pid=2556201 baseline_merchants=3 log=/paperclip/instances/default/workspaces/3ec8f6dd-1735-4479-9825-a2c42edac34c/logs/buy30727_lane_cc_main_2022_40.log
[buy30727] 2026-06-05T18:43:03.743Z worker CC-MAIN-2023-50 pid=2556025 saturated#138(elapsed=38s new_merchants=0 remaining=378 cooldown=240m)
[buy30727] 2026-06-05T18:43:03.747Z worker CC-MAIN-2023-14 pid=2556060 saturated#138(elapsed=36s new_merchants=0 remaining=248 cooldown=240m)
[buy30727] 2026-06-05T18:43:03.760Z worker CC-MAIN-2023-06 pid=2556109 saturated#138(elapsed=35s new_merchants=0 remaining=318 cooldown=240m)
[buy30727] 2026-06-05T18:43:03.768Z worker CC-MAIN-2022-49 pid=2556141 saturated#138(elapsed=33s new_merchants=0 remaining=323 cooldown=240m)
[buy30727] 2026-06-05T18:43:03.774Z worker CC-MAIN-2022-40 pid=2556201 saturated#138(elapsed=32s new_merchants=0 remaining=295 cooldown=240m)
[buy30727] 2026-06-05T18:43:03.778Z spawned CC-MAIN-2026-21 pid=2557262 baseline_merchants=853 log=/paperclip/instances/default/workspaces/3ec8f6dd-1735-4479-9825-a2c42edac34c/logs/buy30727_lane_cc_main_2026_21.log
[buy30727] 2026-06-05T18:43:05.293Z spawned CC-MAIN-2026-17 pid=2557347 baseline_merchants=7 log=/paperclip/instances/default/workspaces/3ec8f6dd-1735-4479-9825-a2c42edac34c/logs/buy30727_lane_cc_main_2026_17.log
[buy30727] 2026-06-05T18:43:06.833Z spawned CC-MAIN-2025-18 pid=2557377 baseline_merchants=72 log=/paperclip/instances/default/workspaces/3ec8f6dd-1735-4479-9825-a2c42edac34c/logs/buy30727_lane_cc_main_2025_18.log
[buy30727] 2026-06-05T18:43:08.392Z spawned CC-MAIN-2025-05 pid=2557525 baseline_merchants=7 log=/paperclip/instances/default/workspaces/3ec8f6dd-1735-4479-9825-a2c42edac34c/logs/buy30727_lane_cc_main_2025_05.log
[buy30727] 2026-06-05T18:43:09.901Z spawned CC-MAIN-2025-47 pid=2557553 baseline_merchants=1421 log=/paperclip/instances/default/workspaces/3ec8f6dd-1735-4479-9825-a2c42edac34c/logs/buy30727_lane_cc_main_2025_47.log
[buy30727] 2026-06-05T18:43:41.447Z worker CC-MAIN-2026-21 pid=2557262 saturated#138(elapsed=38s new_merchants=0 remaining=862 cooldown=240m)
[buy30727] 2026-06-05T18:43:41.467Z worker CC-MAIN-2026-17 pid=2557347 saturated#139(elapsed=36s new_merchants=0 remaining=3255 cooldown=240m)
[buy30727] 2026-06-05T18:43:41.498Z worker CC-MAIN-2025-18 pid=2557377 saturated#139(elapsed=35s new_merchants=0 remaining=2382 cooldown=240m)
[buy30727] 2026-06-05T18:43:41.505Z worker CC-MAIN-2025-05 pid=2557525 saturated#139(elapsed=33s new_merchants=0 remaining=625 cooldown=240m)
[buy30727] 2026-06-05T18:43:41.548Z worker CC-MAIN-2025-47 pid=2557553 saturated#139(elapsed=32s new_merchants=0 remaining=2294 cooldown=240m)
[buy30727] 2026-06-05T18:43:41.553Z spawned CC-MAIN-2025-51 pid=2558664 baseline_merchants=236 log=/paperclip/instances/default/workspaces/3ec8f6dd-1735-4479-9825-a2c42edac34c/logs/buy30727_lane_cc_main_2025_51.log
[buy30727] 2026-06-05T18:43:43.079Z spawned CC-MAIN-2025-43 pid=2558690 baseline_merchants=88 log=/paperclip/instances/default/workspaces/3ec8f6dd-1735-4479-9825-a2c42edac34c/logs/buy30727_lane_cc_main_2025_43.log
[buy30727] 2026-06-05T18:43:44.606Z spawned CC-MAIN-2025-38 pid=2558772 baseline_merchants=28 log=/paperclip/instances/default/workspaces/3ec8f6dd-1735-4479-9825-a2c42edac34c/logs/buy30727_lane_cc_main_2025_38.log
[buy30727] 2026-06-05T18:43:46.135Z spawned CC-MAIN-2025-33 pid=2558811 baseline_merchants=13 log=/paperclip/instances/default/workspaces/3ec8f6dd-1735-4479-9825-a2c42edac34c/logs/buy30727_lane_cc_main_2025_33.log
[buy30727] 2026-06-05T18:43:47.655Z spawned CC-MAIN-2025-30 pid=2558913 baseline_merchants=136 log=/paperclip/instances/default/workspaces/3ec8f6dd-1735-4479-9825-a2c42edac34c/logs/buy30727_lane_cc_main_2025_30.log
[buy30727] 2026-06-05T18:44:19.221Z worker CC-MAIN-2025-51 pid=2558664 saturated#139(elapsed=38s new_merchants=0 remaining=2895 cooldown=240m)
[buy30727] 2026-06-05T18:44:19.243Z worker CC-MAIN-2025-43 pid=2558690 saturated#139(elapsed=36s new_merchants=0 remaining=1897 cooldown=240m)
[buy30727] 2026-06-05T18:44:19.267Z worker CC-MAIN-2025-38 pid=2558772 saturated#139(elapsed=35s new_merchants=0 remaining=1980 cooldown=240m)
[buy30727] 2026-06-05T18:44:19.285Z worker CC-MAIN-2025-33 pid=2558811 saturated#139(elapsed=33s new_merchants=0 remaining=2151 cooldown=240m)
[buy30727] 2026-06-05T18:44:19.297Z worker CC-MAIN-2025-30 pid=2558913 saturated#139(elapsed=32s new_merchants=0 remaining=2171 cooldown=240m)
[buy30727] 2026-06-05T18:44:19.301Z spawned CC-MAIN-2025-26 pid=2559722 baseline_merchants=18 log=/paperclip/instances/default/workspaces/3ec8f6dd-1735-4479-9825-a2c42edac34c/logs/buy30727_lane_cc_main_2025_26.log
[buy30727] 2026-06-05T18:44:20.810Z spawned CC-MAIN-2025-08 pid=2559775 baseline_merchants=7 log=/paperclip/instances/default/workspaces/3ec8f6dd-1735-4479-9825-a2c42edac34c/logs/buy30727_lane_cc_main_2025_08.log
[buy30727] 2026-06-05T18:44:22.324Z spawned CC-MAIN-2024-51 pid=2559797 baseline_merchants=427 log=/paperclip/instances/default/workspaces/3ec8f6dd-1735-4479-9825-a2c42edac34c/logs/buy30727_lane_cc_main_2024_51.log
[buy30727] 2026-06-05T18:44:23.839Z spawned CC-MAIN-2024-46 pid=2559824 baseline_merchants=92 log=/paperclip/instances/default/workspaces/3ec8f6dd-1735-4479-9825-a2c42edac34c/logs/buy30727_lane_cc_main_2024_46.log
[buy30727] 2026-06-05T18:44:25.363Z spawned CC-MAIN-2024-42 pid=2559860 baseline_merchants=91 log=/paperclip/instances/default/workspaces/3ec8f6dd-1735-4479-9825-a2c42edac34c/logs/buy30727_lane_cc_main_2024_42.log
[buy30727] 2026-06-05T18:44:56.922Z worker CC-MAIN-2025-26 pid=2559722 saturated#139(elapsed=38s new_merchants=0 remaining=744 cooldown=240m)
[buy30727] 2026-06-05T18:44:56.929Z worker CC-MAIN-2025-08 pid=2559775 saturated#139(elapsed=36s new_merchants=0 remaining=695 cooldown=240m)
[buy30727] 2026-06-05T18:44:56.947Z worker CC-MAIN-2024-51 pid=2559797 saturated#139(elapsed=35s new_merchants=0 remaining=1545 cooldown=240m)
[buy30727] 2026-06-05T18:44:56.971Z worker CC-MAIN-2024-46 pid=2559824 saturated#139(elapsed=33s new_merchants=0 remaining=1592 cooldown=240m)
[buy30727] 2026-06-05T18:44:57.001Z worker CC-MAIN-2024-42 pid=2559860 saturated#139(elapsed=32s new_merchants=0 remaining=1420 cooldown=240m)
[buy30727] 2026-06-05T18:44:57.004Z spawned CC-MAIN-2024-38 pid=2560522 baseline_merchants=36 log=/paperclip/instances/default/workspaces/3ec8f6dd-1735-4479-9825-a2c42edac34c/logs/buy30727_lane_cc_main_2024_38.log
[buy30727] 2026-06-05T18:44:58.513Z spawned CC-MAIN-2024-33 pid=2560546 baseline_merchants=88 log=/paperclip/instances/default/workspaces/3ec8f6dd-1735-4479-9825-a2c42edac34c/logs/buy30727_lane_cc_main_2024_33.log
[buy30727] 2026-06-05T18:45:00.022Z spawned CC-MAIN-2024-30 pid=2560572 baseline_merchants=17 log=/paperclip/instances/default/workspaces/3ec8f6dd-1735-4479-9825-a2c42edac34c/logs/buy30727_lane_cc_main_2024_30.log
[buy30727] 2026-06-05T18:45:01.530Z spawned CC-MAIN-2024-26 pid=2560731 baseline_merchants=7 log=/paperclip/instances/default/workspaces/3ec8f6dd-1735-4479-9825-a2c42edac34c/logs/buy30727_lane_cc_main_2024_26.log
[buy30727] 2026-06-05T18:45:03.039Z spawned CC-MAIN-2024-22 pid=2560796 baseline_merchants=13 log=/paperclip/instances/default/workspaces/3ec8f6dd-1735-4479-9825-a2c42edac34c/logs/buy30727_lane_cc_main_2024_22.log
[buy30727] 2026-06-05T18:45:34.565Z worker CC-MAIN-2024-38 pid=2560522 saturated#139(elapsed=38s new_merchants=0 remaining=581 cooldown=240m)
[buy30727] 2026-06-05T18:45:34.571Z worker CC-MAIN-2024-33 pid=2560546 saturated#139(elapsed=36s new_merchants=0 remaining=508 cooldown=240m)
[buy30727] 2026-06-05T18:45:34.575Z worker CC-MAIN-2024-30 pid=2560572 saturated#139(elapsed=35s new_merchants=0 remaining=424 cooldown=240m)
[buy30727] 2026-06-05T18:45:34.580Z worker CC-MAIN-2024-26 pid=2560731 saturated#139(elapsed=33s new_merchants=0 remaining=401 cooldown=240m)
[buy30727] 2026-06-05T18:45:34.595Z worker CC-MAIN-2024-22 pid=2560796 saturated#139(elapsed=32s new_merchants=0 remaining=868 cooldown=240m)
[buy30727] 2026-06-05T18:45:34.598Z spawned CC-MAIN-2024-18 pid=2561526 baseline_merchants=62 log=/paperclip/instances/default/workspaces/3ec8f6dd-1735-4479-9825-a2c42edac34c/logs/buy30727_lane_cc_main_2024_18.log
[buy30727] 2026-06-05T18:45:36.127Z spawned CC-MAIN-2024-10 pid=2561555 baseline_merchants=4 log=/paperclip/instances/default/workspaces/3ec8f6dd-1735-4479-9825-a2c42edac34c/logs/buy30727_lane_cc_main_2024_10.log
[buy30727] 2026-06-05T18:45:37.642Z spawned CC-MAIN-2023-50 pid=2561579 baseline_merchants=4 log=/paperclip/instances/default/workspaces/3ec8f6dd-1735-4479-9825-a2c42edac34c/logs/buy30727_lane_cc_main_2023_50.log
[buy30727] 2026-06-05T18:45:39.150Z spawned CC-MAIN-2023-14 pid=2561619 baseline_merchants=53 log=/paperclip/instances/default/workspaces/3ec8f6dd-1735-4479-9825-a2c42edac34c/logs/buy30727_lane_cc_main_2023_14.log
[buy30727] 2026-06-05T18:45:40.658Z spawned CC-MAIN-2023-06 pid=2561686 baseline_merchants=45 log=/paperclip/instances/default/workspaces/3ec8f6dd-1735-4479-9825-a2c42edac34c/logs/buy30727_lane_cc_main_2023_06.log
[buy30727] 2026-06-05T18:46:12.196Z worker CC-MAIN-2024-18 pid=2561526 saturated#139(elapsed=38s new_merchants=0 remaining=1033 cooldown=240m)
[buy30727] 2026-06-05T18:46:12.204Z worker CC-MAIN-2024-10 pid=2561555 saturated#139(elapsed=36s new_merchants=0 remaining=794 cooldown=240m)
[buy30727] 2026-06-05T18:46:12.209Z worker CC-MAIN-2023-50 pid=2561579 saturated#139(elapsed=35s new_merchants=0 remaining=378 cooldown=240m)
[buy30727] 2026-06-05T18:46:12.213Z worker CC-MAIN-2023-14 pid=2561619 saturated#139(elapsed=33s new_merchants=0 remaining=248 cooldown=240m)
[buy30727] 2026-06-05T18:46:12.219Z worker CC-MAIN-2023-06 pid=2561686 saturated#139(elapsed=32s new_merchants=0 remaining=318 cooldown=240m)
[buy30727] 2026-06-05T18:46:12.221Z spawned CC-MAIN-2022-49 pid=2563159 baseline_merchants=5 log=/paperclip/instances/default/workspaces/3ec8f6dd-1735-4479-9825-a2c42edac34c/logs/buy30727_lane_cc_main_2022_49.log
[buy30727] 2026-06-05T18:46:13.730Z spawned CC-MAIN-2022-40 pid=2563244 baseline_merchants=3 log=/paperclip/instances/default/workspaces/3ec8f6dd-1735-4479-9825-a2c42edac34c/logs/buy30727_lane_cc_main_2022_40.log
[buy30727] 2026-06-05T18:46:15.242Z spawned CC-MAIN-2026-21 pid=2563421 baseline_merchants=853 log=/paperclip/instances/default/workspaces/3ec8f6dd-1735-4479-9825-a2c42edac34c/logs/buy30727_lane_cc_main_2026_21.log
[buy30727] 2026-06-05T18:46:16.751Z spawned CC-MAIN-2026-17 pid=2563450 baseline_merchants=7 log=/paperclip/instances/default/workspaces/3ec8f6dd-1735-4479-9825-a2c42edac34c/logs/buy30727_lane_cc_main_2026_17.log
[buy30727] 2026-06-05T18:46:18.268Z spawned CC-MAIN-2025-18 pid=2563488 baseline_merchants=72 log=/paperclip/instances/default/workspaces/3ec8f6dd-1735-4479-9825-a2c42edac34c/logs/buy30727_lane_cc_main_2025_18.log
[buy30727] 2026-06-05T18:46:19.831Z tick=20 active=5 drained=20 saturated=27 known_merchants=15704 status=[CC-MAIN-2022-49:323/15977, CC-MAIN-2022-40:295/15515, CC-MAIN-2026-21:862/10577, CC-MAIN-2026-17:3255/37593, CC-MAIN-2025-18:2382/46657]
[buy30727] 2026-06-05T18:46:49.858Z worker CC-MAIN-2022-49 pid=2563159 saturated#139(elapsed=38s new_merchants=0 remaining=323 cooldown=240m)
[buy30727] 2026-06-05T18:46:49.862Z worker CC-MAIN-2022-40 pid=2563244 saturated#139(elapsed=36s new_merchants=0 remaining=295 cooldown=240m)
[buy30727] 2026-06-05T18:46:49.866Z worker CC-MAIN-2026-21 pid=2563421 saturated#139(elapsed=35s new_merchants=0 remaining=862 cooldown=240m)
[buy30727] 2026-06-05T18:46:49.880Z worker CC-MAIN-2026-17 pid=2563450 saturated#140(elapsed=33s new_merchants=0 remaining=3255 cooldown=240m)
[buy30727] 2026-06-05T18:46:49.902Z worker CC-MAIN-2025-18 pid=2563488 saturated#140(elapsed=32s new_merchants=0 remaining=2382 cooldown=240m)
[buy30727] 2026-06-05T18:46:49.906Z spawned CC-MAIN-2025-05 pid=2564524 baseline_merchants=7 log=/paperclip/instances/default/workspaces/3ec8f6dd-1735-4479-9825-a2c42edac34c/logs/buy30727_lane_cc_main_2025_05.log
[buy30727] 2026-06-05T18:46:51.414Z spawned CC-MAIN-2025-47 pid=2564546 baseline_merchants=1421 log=/paperclip/instances/default/workspaces/3ec8f6dd-1735-4479-9825-a2c42edac34c/logs/buy30727_lane_cc_main_2025_47.log
[buy30727] 2026-06-05T18:46:52.950Z spawned CC-MAIN-2025-51 pid=2564649 baseline_merchants=236 log=/paperclip/instances/default/workspaces/3ec8f6dd-1735-4479-9825-a2c42edac34c/logs/buy30727_lane_cc_main_2025_51.log
[buy30727] 2026-06-05T18:46:54.480Z spawned CC-MAIN-2025-43 pid=2564708 baseline_merchants=88 log=/paperclip/instances/default/workspaces/3ec8f6dd-1735-4479-9825-a2c42edac34c/logs/buy30727_lane_cc_main_2025_43.log
[buy30727] 2026-06-05T18:46:56.000Z spawned CC-MAIN-2025-38 pid=2564735 baseline_merchants=28 log=/paperclip/instances/default/workspaces/3ec8f6dd-1735-4479-9825-a2c42edac34c/logs/buy30727_lane_cc_main_2025_38.log
[buy30727] 2026-06-05T18:47:27.526Z worker CC-MAIN-2025-05 pid=2564524 saturated#140(elapsed=38s new_merchants=0 remaining=625 cooldown=240m)
[buy30727] 2026-06-05T18:47:27.540Z worker CC-MAIN-2025-47 pid=2564546 saturated#140(elapsed=36s new_merchants=0 remaining=2294 cooldown=240m)
[buy30727] 2026-06-05T18:47:27.556Z worker CC-MAIN-2025-51 pid=2564649 saturated#140(elapsed=35s new_merchants=0 remaining=2895 cooldown=240m)
[buy30727] 2026-06-05T18:47:27.570Z worker CC-MAIN-2025-43 pid=2564708 saturated#140(elapsed=33s new_merchants=0 remaining=1897 cooldown=240m)
[buy30727] 2026-06-05T18:47:27.581Z worker CC-MAIN-2025-38 pid=2564735 saturated#140(elapsed=32s new_merchants=0 remaining=1980 cooldown=240m)
[buy30727] 2026-06-05T18:47:27.584Z spawned CC-MAIN-2025-33 pid=2565693 baseline_merchants=13 log=/paperclip/instances/default/workspaces/3ec8f6dd-1735-4479-9825-a2c42edac34c/logs/buy30727_lane_cc_main_2025_33.log
[buy30727] 2026-06-05T18:47:29.101Z spawned CC-MAIN-2025-30 pid=2565718 baseline_merchants=136 log=/paperclip/instances/default/workspaces/3ec8f6dd-1735-4479-9825-a2c42edac34c/logs/buy30727_lane_cc_main_2025_30.log
[buy30727] 2026-06-05T18:47:30.619Z spawned CC-MAIN-2025-26 pid=2565757 baseline_merchants=18 log=/paperclip/instances/default/workspaces/3ec8f6dd-1735-4479-9825-a2c42edac34c/logs/buy30727_lane_cc_main_2025_26.log
[buy30727] 2026-06-05T18:47:32.129Z spawned CC-MAIN-2025-08 pid=2565789 baseline_merchants=7 log=/paperclip/instances/default/workspaces/3ec8f6dd-1735-4479-9825-a2c42edac34c/logs/buy30727_lane_cc_main_2025_08.log
[buy30727] 2026-06-05T18:47:33.637Z spawned CC-MAIN-2024-51 pid=2565851 baseline_merchants=427 log=/paperclip/instances/default/workspaces/3ec8f6dd-1735-4479-9825-a2c42edac34c/logs/buy30727_lane_cc_main_2024_51.log
[buy30727] 2026-06-05T18:48:05.261Z worker CC-MAIN-2025-33 pid=2565693 saturated#140(elapsed=38s new_merchants=0 remaining=2151 cooldown=240m)
[buy30727] 2026-06-05T18:48:05.311Z worker CC-MAIN-2025-30 pid=2565718 saturated#140(elapsed=36s new_merchants=0 remaining=2171 cooldown=240m)
[buy30727] 2026-06-05T18:48:05.320Z worker CC-MAIN-2025-26 pid=2565757 saturated#140(elapsed=35s new_merchants=0 remaining=744 cooldown=240m)
[buy30727] 2026-06-05T18:48:05.341Z worker CC-MAIN-2025-08 pid=2565789 saturated#140(elapsed=33s new_merchants=0 remaining=695 cooldown=240m)
[buy30727] 2026-06-05T18:48:05.360Z worker CC-MAIN-2024-51 pid=2565851 saturated#140(elapsed=32s new_merchants=0 remaining=1545 cooldown=240m)
[buy30727] 2026-06-05T18:48:05.364Z spawned CC-MAIN-2024-46 pid=2567317 baseline_merchants=92 log=/paperclip/instances/default/workspaces/3ec8f6dd-1735-4479-9825-a2c42edac34c/logs/buy30727_lane_cc_main_2024_46.log
[buy30727] 2026-06-05T18:48:06.923Z spawned CC-MAIN-2024-42 pid=2567340 baseline_merchants=91 log=/paperclip/instances/default/workspaces/3ec8f6dd-1735-4479-9825-a2c42edac34c/logs/buy30727_lane_cc_main_2024_42.log
[buy30727] 2026-06-05T18:48:08.477Z spawned CC-MAIN-2024-38 pid=2567413 baseline_merchants=36 log=/paperclip/instances/default/workspaces/3ec8f6dd-1735-4479-9825-a2c42edac34c/logs/buy30727_lane_cc_main_2024_38.log
[buy30727] 2026-06-05T18:48:10.007Z spawned CC-MAIN-2024-33 pid=2567495 baseline_merchants=88 log=/paperclip/instances/default/workspaces/3ec8f6dd-1735-4479-9825-a2c42edac34c/logs/buy30727_lane_cc_main_2024_33.log
[buy30727] 2026-06-05T18:48:11.531Z spawned CC-MAIN-2024-30 pid=2567611 baseline_merchants=17 log=/paperclip/instances/default/workspaces/3ec8f6dd-1735-4479-9825-a2c42edac34c/logs/buy30727_lane_cc_main_2024_30.log
[buy30727] 2026-06-05T18:48:43.090Z worker CC-MAIN-2024-46 pid=2567317 saturated#140(elapsed=38s new_merchants=0 remaining=1592 cooldown=240m)
[buy30727] 2026-06-05T18:48:43.118Z worker CC-MAIN-2024-42 pid=2567340 saturated#140(elapsed=36s new_merchants=0 remaining=1420 cooldown=240m)
[buy30727] 2026-06-05T18:48:43.125Z worker CC-MAIN-2024-38 pid=2567413 saturated#140(elapsed=35s new_merchants=0 remaining=581 cooldown=240m)
[buy30727] 2026-06-05T18:48:43.130Z worker CC-MAIN-2024-33 pid=2567495 saturated#140(elapsed=33s new_merchants=0 remaining=508 cooldown=240m)
[buy30727] 2026-06-05T18:48:43.137Z worker CC-MAIN-2024-30 pid=2567611 saturated#140(elapsed=32s new_merchants=0 remaining=424 cooldown=240m)
[buy30727] 2026-06-05T18:48:43.141Z spawned CC-MAIN-2024-26 pid=2569282 baseline_merchants=7 log=/paperclip/instances/default/workspaces/3ec8f6dd-1735-4479-9825-a2c42edac34c/logs/buy30727_lane_cc_main_2024_26.log
[buy30727] 2026-06-05T18:48:44.648Z spawned CC-MAIN-2024-22 pid=2569389 baseline_merchants=13 log=/paperclip/instances/default/workspaces/3ec8f6dd-1735-4479-9825-a2c42edac34c/logs/buy30727_lane_cc_main_2024_22.log
[buy30727] 2026-06-05T18:48:46.170Z spawned CC-MAIN-2024-18 pid=2569482 baseline_merchants=62 log=/paperclip/instances/default/workspaces/3ec8f6dd-1735-4479-9825-a2c42edac34c/logs/buy30727_lane_cc_main_2024_18.log
[buy30727] 2026-06-05T18:48:47.690Z spawned CC-MAIN-2024-10 pid=2569556 baseline_merchants=4 log=/paperclip/instances/default/workspaces/3ec8f6dd-1735-4479-9825-a2c42edac34c/logs/buy30727_lane_cc_main_2024_10.log
[buy30727] 2026-06-05T18:48:49.210Z spawned CC-MAIN-2023-50 pid=2569582 baseline_merchants=4 log=/paperclip/instances/default/workspaces/3ec8f6dd-1735-4479-9825-a2c42edac34c/logs/buy30727_lane_cc_main_2023_50.log
[buy30727] 2026-06-05T18:49:20.749Z worker CC-MAIN-2024-26 pid=2569282 saturated#140(elapsed=38s new_merchants=0 remaining=401 cooldown=240m)
[buy30727] 2026-06-05T18:49:20.765Z worker CC-MAIN-2024-22 pid=2569389 saturated#140(elapsed=36s new_merchants=0 remaining=868 cooldown=240m)
[buy30727] 2026-06-05T18:49:20.787Z worker CC-MAIN-2024-18 pid=2569482 saturated#140(elapsed=35s new_merchants=0 remaining=1033 cooldown=240m)
[buy30727] 2026-06-05T18:49:20.800Z worker CC-MAIN-2024-10 pid=2569556 saturated#140(elapsed=33s new_merchants=0 remaining=794 cooldown=240m)
[buy30727] 2026-06-05T18:49:20.808Z worker CC-MAIN-2023-50 pid=2569582 saturated#140(elapsed=32s new_merchants=0 remaining=378 cooldown=240m)
[buy30727] 2026-06-05T18:49:20.811Z spawned CC-MAIN-2023-14 pid=2571074 baseline_merchants=53 log=/paperclip/instances/default/workspaces/3ec8f6dd-1735-4479-9825-a2c42edac34c/logs/buy30727_lane_cc_main_2023_14.log
[buy30727] 2026-06-05T18:49:22.320Z spawned CC-MAIN-2023-06 pid=2571121 baseline_merchants=45 log=/paperclip/instances/default/workspaces/3ec8f6dd-1735-4479-9825-a2c42edac34c/logs/buy30727_lane_cc_main_2023_06.log
[buy30727] 2026-06-05T18:49:23.829Z spawned CC-MAIN-2022-49 pid=2571186 baseline_merchants=5 log=/paperclip/instances/default/workspaces/3ec8f6dd-1735-4479-9825-a2c42edac34c/logs/buy30727_lane_cc_main_2022_49.log
[buy30727] 2026-06-05T18:49:25.338Z spawned CC-MAIN-2022-40 pid=2571255 baseline_merchants=3 log=/paperclip/instances/default/workspaces/3ec8f6dd-1735-4479-9825-a2c42edac34c/logs/buy30727_lane_cc_main_2022_40.log
[buy30727] 2026-06-05T18:49:26.847Z spawned CC-MAIN-2026-21 pid=2571381 baseline_merchants=853 log=/paperclip/instances/default/workspaces/3ec8f6dd-1735-4479-9825-a2c42edac34c/logs/buy30727_lane_cc_main_2026_21.log
[buy30727] 2026-06-05T18:49:58.386Z worker CC-MAIN-2023-14 pid=2571074 saturated#140(elapsed=38s new_merchants=0 remaining=248 cooldown=240m)
[buy30727] 2026-06-05T18:49:58.398Z worker CC-MAIN-2023-06 pid=2571121 saturated#140(elapsed=36s new_merchants=0 remaining=318 cooldown=240m)
[buy30727] 2026-06-05T18:49:58.404Z worker CC-MAIN-2022-49 pid=2571186 saturated#140(elapsed=35s new_merchants=0 remaining=323 cooldown=240m)
[buy30727] 2026-06-05T18:49:58.408Z worker CC-MAIN-2022-40 pid=2571255 saturated#140(elapsed=33s new_merchants=0 remaining=295 cooldown=240m)
[buy30727] 2026-06-05T18:49:58.411Z worker CC-MAIN-2026-21 pid=2571381 saturated#140(elapsed=32s new_merchants=0 remaining=862 cooldown=240m)
[buy30727] 2026-06-05T18:49:58.414Z spawned CC-MAIN-2026-17 pid=2572514 baseline_merchants=7 log=/paperclip/instances/default/workspaces/3ec8f6dd-1735-4479-9825-a2c42edac34c/logs/buy30727_lane_cc_main_2026_17.log
[buy30727] 2026-06-05T18:49:59.960Z spawned CC-MAIN-2025-18 pid=2572538 baseline_merchants=72 log=/paperclip/instances/default/workspaces/3ec8f6dd-1735-4479-9825-a2c42edac34c/logs/buy30727_lane_cc_main_2025_18.log
[buy30727] 2026-06-05T18:50:01.508Z spawned CC-MAIN-2025-05 pid=2572575 baseline_merchants=7 log=/paperclip/instances/default/workspaces/3ec8f6dd-1735-4479-9825-a2c42edac34c/logs/buy30727_lane_cc_main_2025_05.log
[buy30727] 2026-06-05T18:50:03.017Z spawned CC-MAIN-2025-47 pid=2572772 baseline_merchants=1421 log=/paperclip/instances/default/workspaces/3ec8f6dd-1735-4479-9825-a2c42edac34c/logs/buy30727_lane_cc_main_2025_47.log
[buy30727] 2026-06-05T18:50:04.544Z spawned CC-MAIN-2025-51 pid=2572904 baseline_merchants=236 log=/paperclip/instances/default/workspaces/3ec8f6dd-1735-4479-9825-a2c42edac34c/logs/buy30727_lane_cc_main_2025_51.log
[buy30727] 2026-06-05T18:50:36.069Z worker CC-MAIN-2026-17 pid=2572514 saturated#141(elapsed=38s new_merchants=0 remaining=3255 cooldown=240m)
[buy30727] 2026-06-05T18:50:36.088Z worker CC-MAIN-2025-18 pid=2572538 saturated#141(elapsed=36s new_merchants=0 remaining=2382 cooldown=240m)
[buy30727] 2026-06-05T18:50:36.093Z worker CC-MAIN-2025-05 pid=2572575 saturated#141(elapsed=35s new_merchants=0 remaining=625 cooldown=240m)
[buy30727] 2026-06-05T18:50:36.109Z worker CC-MAIN-2025-47 pid=2572772 saturated#141(elapsed=33s new_merchants=0 remaining=2294 cooldown=240m)
[buy30727] 2026-06-05T18:50:36.127Z worker CC-MAIN-2025-51 pid=2572904 saturated#141(elapsed=32s new_merchants=0 remaining=2895 cooldown=240m)
[buy30727] 2026-06-05T18:50:36.130Z spawned CC-MAIN-2025-43 pid=2574114 baseline_merchants=88 log=/paperclip/instances/default/workspaces/3ec8f6dd-1735-4479-9825-a2c42edac34c/logs/buy30727_lane_cc_main_2025_43.log
[buy30727] 2026-06-05T18:50:37.652Z spawned CC-MAIN-2025-38 pid=2574161 baseline_merchants=28 log=/paperclip/instances/default/workspaces/3ec8f6dd-1735-4479-9825-a2c42edac34c/logs/buy30727_lane_cc_main_2025_38.log
[buy30727] 2026-06-05T18:50:39.168Z spawned CC-MAIN-2025-33 pid=2574190 baseline_merchants=13 log=/paperclip/instances/default/workspaces/3ec8f6dd-1735-4479-9825-a2c42edac34c/logs/buy30727_lane_cc_main_2025_33.log
[buy30727] 2026-06-05T18:50:40.699Z spawned CC-MAIN-2025-30 pid=2574296 baseline_merchants=136 log=/paperclip/instances/default/workspaces/3ec8f6dd-1735-4479-9825-a2c42edac34c/logs/buy30727_lane_cc_main_2025_30.log
[buy30727] 2026-06-05T18:50:42.218Z spawned CC-MAIN-2025-26 pid=2574407 baseline_merchants=18 log=/paperclip/instances/default/workspaces/3ec8f6dd-1735-4479-9825-a2c42edac34c/logs/buy30727_lane_cc_main_2025_26.log
[buy30727] 2026-06-05T18:51:13.845Z worker CC-MAIN-2025-43 pid=2574114 saturated#141(elapsed=38s new_merchants=0 remaining=1897 cooldown=240m)
[buy30727] 2026-06-05T18:51:13.906Z worker CC-MAIN-2025-38 pid=2574161 saturated#141(elapsed=36s new_merchants=0 remaining=1980 cooldown=240m)
[buy30727] 2026-06-05T18:51:13.997Z worker CC-MAIN-2025-33 pid=2574190 saturated#141(elapsed=35s new_merchants=0 remaining=2151 cooldown=240m)
[buy30727] 2026-06-05T18:51:14.016Z worker CC-MAIN-2025-30 pid=2574296 saturated#141(elapsed=33s new_merchants=0 remaining=2171 cooldown=240m)
[buy30727] 2026-06-05T18:51:14.025Z worker CC-MAIN-2025-26 pid=2574407 saturated#141(elapsed=32s new_merchants=0 remaining=744 cooldown=240m)
[buy30727] 2026-06-05T18:51:14.033Z spawned CC-MAIN-2025-08 pid=2576579 baseline_merchants=7 log=/paperclip/instances/default/workspaces/3ec8f6dd-1735-4479-9825-a2c42edac34c/logs/buy30727_lane_cc_main_2025_08.log
[buy30727] 2026-06-05T18:51:15.568Z spawned CC-MAIN-2024-51 pid=2576695 baseline_merchants=427 log=/paperclip/instances/default/workspaces/3ec8f6dd-1735-4479-9825-a2c42edac34c/logs/buy30727_lane_cc_main_2024_51.log
[buy30727] 2026-06-05T18:51:17.124Z spawned CC-MAIN-2024-46 pid=2576787 baseline_merchants=92 log=/paperclip/instances/default/workspaces/3ec8f6dd-1735-4479-9825-a2c42edac34c/logs/buy30727_lane_cc_main_2024_46.log
[buy30727] 2026-06-05T18:51:18.670Z spawned CC-MAIN-2024-42 pid=2576902 baseline_merchants=91 log=/paperclip/instances/default/workspaces/3ec8f6dd-1735-4479-9825-a2c42edac34c/logs/buy30727_lane_cc_main_2024_42.log
[buy30727] 2026-06-05T18:51:20.214Z spawned CC-MAIN-2024-38 pid=2576940 baseline_merchants=36 log=/paperclip/instances/default/workspaces/3ec8f6dd-1735-4479-9825-a2c42edac34c/logs/buy30727_lane_cc_main_2024_38.log
[buy30727] 2026-06-05T18:51:51.748Z worker CC-MAIN-2025-08 pid=2576579 saturated#141(elapsed=38s new_merchants=0 remaining=695 cooldown=240m)
[buy30727] 2026-06-05T18:51:51.767Z worker CC-MAIN-2024-51 pid=2576695 saturated#141(elapsed=36s new_merchants=0 remaining=1545 cooldown=240m)
[buy30727] 2026-06-05T18:51:51.801Z worker CC-MAIN-2024-46 pid=2576787 saturated#141(elapsed=35s new_merchants=0 remaining=1592 cooldown=240m)
[buy30727] 2026-06-05T18:51:51.837Z worker CC-MAIN-2024-42 pid=2576902 saturated#141(elapsed=33s new_merchants=0 remaining=1420 cooldown=240m)
[buy30727] 2026-06-05T18:51:51.842Z worker CC-MAIN-2024-38 pid=2576940 saturated#141(elapsed=32s new_merchants=0 remaining=581 cooldown=240m)
[buy30727] 2026-06-05T18:51:51.845Z spawned CC-MAIN-2024-33 pid=2578813 baseline_merchants=88 log=/paperclip/instances/default/workspaces/3ec8f6dd-1735-4479-9825-a2c42edac34c/logs/buy30727_lane_cc_main_2024_33.log
[buy30727] 2026-06-05T18:51:53.354Z spawned CC-MAIN-2024-30 pid=2578884 baseline_merchants=17 log=/paperclip/instances/default/workspaces/3ec8f6dd-1735-4479-9825-a2c42edac34c/logs/buy30727_lane_cc_main_2024_30.log
[buy30727] 2026-06-05T18:51:54.863Z spawned CC-MAIN-2024-26 pid=2578930 baseline_merchants=7 log=/paperclip/instances/default/workspaces/3ec8f6dd-1735-4479-9825-a2c42edac34c/logs/buy30727_lane_cc_main_2024_26.log
[buy30727] 2026-06-05T18:51:56.371Z spawned CC-MAIN-2024-22 pid=2579010 baseline_merchants=13 log=/paperclip/instances/default/workspaces/3ec8f6dd-1735-4479-9825-a2c42edac34c/logs/buy30727_lane_cc_main_2024_22.log
[buy30727] 2026-06-05T18:51:57.888Z spawned CC-MAIN-2024-18 pid=2579056 baseline_merchants=62 log=/paperclip/instances/default/workspaces/3ec8f6dd-1735-4479-9825-a2c42edac34c/logs/buy30727_lane_cc_main_2024_18.log
[buy30727] 2026-06-05T18:52:29.449Z worker CC-MAIN-2024-33 pid=2578813 saturated#141(elapsed=38s new_merchants=0 remaining=508 cooldown=240m)
[buy30727] 2026-06-05T18:52:29.466Z worker CC-MAIN-2024-30 pid=2578884 saturated#141(elapsed=36s new_merchants=0 remaining=424 cooldown=240m)
[buy30727] 2026-06-05T18:52:29.472Z worker CC-MAIN-2024-26 pid=2578930 saturated#141(elapsed=35s new_merchants=0 remaining=401 cooldown=240m)
[buy30727] 2026-06-05T18:52:29.495Z worker CC-MAIN-2024-22 pid=2579010 saturated#141(elapsed=33s new_merchants=0 remaining=868 cooldown=240m)
[buy30727] 2026-06-05T18:52:29.546Z worker CC-MAIN-2024-18 pid=2579056 saturated#141(elapsed=32s new_merchants=0 remaining=1033 cooldown=240m)
[buy30727] 2026-06-05T18:52:29.555Z spawned CC-MAIN-2024-10 pid=2580767 baseline_merchants=4 log=/paperclip/instances/default/workspaces/3ec8f6dd-1735-4479-9825-a2c42edac34c/logs/buy30727_lane_cc_main_2024_10.log
[buy30727] 2026-06-05T18:52:31.087Z spawned CC-MAIN-2023-50 pid=2580836 baseline_merchants=4 log=/paperclip/instances/default/workspaces/3ec8f6dd-1735-4479-9825-a2c42edac34c/logs/buy30727_lane_cc_main_2023_50.log
[buy30727] 2026-06-05T18:52:32.602Z spawned CC-MAIN-2023-14 pid=2580922 baseline_merchants=53 log=/paperclip/instances/default/workspaces/3ec8f6dd-1735-4479-9825-a2c42edac34c/logs/buy30727_lane_cc_main_2023_14.log
[buy30727] 2026-06-05T18:52:34.111Z spawned CC-MAIN-2023-06 pid=2581026 baseline_merchants=45 log=/paperclip/instances/default/workspaces/3ec8f6dd-1735-4479-9825-a2c42edac34c/logs/buy30727_lane_cc_main_2023_06.log
[buy30727] 2026-06-05T18:52:35.619Z spawned CC-MAIN-2022-49 pid=2581137 baseline_merchants=5 log=/paperclip/instances/default/workspaces/3ec8f6dd-1735-4479-9825-a2c42edac34c/logs/buy30727_lane_cc_main_2022_49.log
[buy30727] 2026-06-05T18:52:37.149Z tick=30 active=5 drained=20 saturated=27 known_merchants=15704 status=[CC-MAIN-2024-10:794/32287, CC-MAIN-2023-50:378/14186, CC-MAIN-2023-14:248/11465, CC-MAIN-2023-06:318/15760, CC-MAIN-2022-49:323/15977]
[buy30727] 2026-06-05T18:53:07.206Z worker CC-MAIN-2024-10 pid=2580767 saturated#141(elapsed=38s new_merchants=0 remaining=794 cooldown=240m)
[buy30727] 2026-06-05T18:53:07.214Z worker CC-MAIN-2023-50 pid=2580836 saturated#141(elapsed=36s new_merchants=0 remaining=378 cooldown=240m)
[buy30727] 2026-06-05T18:53:07.220Z worker CC-MAIN-2023-14 pid=2580922 saturated#141(elapsed=35s new_merchants=0 remaining=248 cooldown=240m)
[buy30727] 2026-06-05T18:53:07.229Z worker CC-MAIN-2023-06 pid=2581026 saturated#141(elapsed=33s new_merchants=0 remaining=318 cooldown=240m)
[buy30727] 2026-06-05T18:53:07.238Z worker CC-MAIN-2022-49 pid=2581137 saturated#141(elapsed=32s new_merchants=0 remaining=323 cooldown=240m)
[buy30727] 2026-06-05T18:53:07.245Z spawned CC-MAIN-2022-40 pid=2583168 baseline_merchants=3 log=/paperclip/instances/default/workspaces/3ec8f6dd-1735-4479-9825-a2c42edac34c/logs/buy30727_lane_cc_main_2022_40.log
[buy30727] 2026-06-05T18:53:08.762Z spawned CC-MAIN-2026-21 pid=2583213 baseline_merchants=853 log=/paperclip/instances/default/workspaces/3ec8f6dd-1735-4479-9825-a2c42edac34c/logs/buy30727_lane_cc_main_2026_21.log
[buy30727] 2026-06-05T18:53:10.275Z spawned CC-MAIN-2026-17 pid=2583242 baseline_merchants=7 log=/paperclip/instances/default/workspaces/3ec8f6dd-1735-4479-9825-a2c42edac34c/logs/buy30727_lane_cc_main_2026_17.log
[buy30727] 2026-06-05T18:53:11.795Z spawned CC-MAIN-2025-18 pid=2583276 baseline_merchants=72 log=/paperclip/instances/default/workspaces/3ec8f6dd-1735-4479-9825-a2c42edac34c/logs/buy30727_lane_cc_main_2025_18.log
[buy30727] 2026-06-05T18:53:13.313Z spawned CC-MAIN-2025-05 pid=2583347 baseline_merchants=7 log=/paperclip/instances/default/workspaces/3ec8f6dd-1735-4479-9825-a2c42edac34c/logs/buy30727_lane_cc_main_2025_05.log
[buy30727] 2026-06-05T18:53:44.880Z worker CC-MAIN-2022-40 pid=2583168 saturated#141(elapsed=38s new_merchants=0 remaining=295 cooldown=240m)
[buy30727] 2026-06-05T18:53:44.895Z worker CC-MAIN-2026-21 pid=2583213 saturated#141(elapsed=36s new_merchants=0 remaining=862 cooldown=240m)
[buy30727] 2026-06-05T18:53:44.924Z worker CC-MAIN-2026-17 pid=2583242 saturated#142(elapsed=35s new_merchants=0 remaining=3255 cooldown=240m)
[buy30727] 2026-06-05T18:53:44.970Z worker CC-MAIN-2025-18 pid=2583276 saturated#142(elapsed=33s new_merchants=0 remaining=2382 cooldown=240m)
[buy30727] 2026-06-05T18:53:44.976Z worker CC-MAIN-2025-05 pid=2583347 saturated#142(elapsed=32s new_merchants=0 remaining=625 cooldown=240m)
[buy30727] 2026-06-05T18:53:44.985Z spawned CC-MAIN-2025-47 pid=2585002 baseline_merchants=1421 log=/paperclip/instances/default/workspaces/3ec8f6dd-1735-4479-9825-a2c42edac34c/logs/buy30727_lane_cc_main_2025_47.log
[buy30727] 2026-06-05T18:53:46.565Z spawned CC-MAIN-2025-51 pid=2585074 baseline_merchants=236 log=/paperclip/instances/default/workspaces/3ec8f6dd-1735-4479-9825-a2c42edac34c/logs/buy30727_lane_cc_main_2025_51.log
[buy30727] 2026-06-05T18:53:48.124Z spawned CC-MAIN-2025-43 pid=2585167 baseline_merchants=88 log=/paperclip/instances/default/workspaces/3ec8f6dd-1735-4479-9825-a2c42edac34c/logs/buy30727_lane_cc_main_2025_43.log
[buy30727] 2026-06-05T18:53:49.682Z spawned CC-MAIN-2025-38 pid=2585191 baseline_merchants=28 log=/paperclip/instances/default/workspaces/3ec8f6dd-1735-4479-9825-a2c42edac34c/logs/buy30727_lane_cc_main_2025_38.log
[buy30727] 2026-06-05T18:53:51.260Z spawned CC-MAIN-2025-33 pid=2585281 baseline_merchants=13 log=/paperclip/instances/default/workspaces/3ec8f6dd-1735-4479-9825-a2c42edac34c/logs/buy30727_lane_cc_main_2025_33.log
[buy30727] 2026-06-05T18:54:22.840Z worker CC-MAIN-2025-47 pid=2585002 saturated#142(elapsed=38s new_merchants=0 remaining=2294 cooldown=240m)
[buy30727] 2026-06-05T18:54:22.863Z worker CC-MAIN-2025-51 pid=2585074 saturated#142(elapsed=36s new_merchants=0 remaining=2895 cooldown=240m)
[buy30727] 2026-06-05T18:54:22.888Z worker CC-MAIN-2025-43 pid=2585167 saturated#142(elapsed=35s new_merchants=0 remaining=1897 cooldown=240m)
[buy30727] 2026-06-05T18:54:22.904Z worker CC-MAIN-2025-38 pid=2585191 saturated#142(elapsed=33s new_merchants=0 remaining=1980 cooldown=240m)
[buy30727] 2026-06-05T18:54:22.916Z worker CC-MAIN-2025-33 pid=2585281 saturated#142(elapsed=32s new_merchants=0 remaining=2151 cooldown=240m)
[buy30727] 2026-06-05T18:54:22.919Z spawned CC-MAIN-2025-30 pid=2586675 baseline_merchants=136 log=/paperclip/instances/default/workspaces/3ec8f6dd-1735-4479-9825-a2c42edac34c/logs/buy30727_lane_cc_main_2025_30.log
[buy30727] 2026-06-05T18:54:24.442Z spawned CC-MAIN-2025-26 pid=2586839 baseline_merchants=18 log=/paperclip/instances/default/workspaces/3ec8f6dd-1735-4479-9825-a2c42edac34c/logs/buy30727_lane_cc_main_2025_26.log
[buy30727] 2026-06-05T18:54:25.951Z spawned CC-MAIN-2025-08 pid=2586924 baseline_merchants=7 log=/paperclip/instances/default/workspaces/3ec8f6dd-1735-4479-9825-a2c42edac34c/logs/buy30727_lane_cc_main_2025_08.log
[buy30727] 2026-06-05T18:54:27.460Z spawned CC-MAIN-2024-51 pid=2587040 baseline_merchants=427 log=/paperclip/instances/default/workspaces/3ec8f6dd-1735-4479-9825-a2c42edac34c/logs/buy30727_lane_cc_main_2024_51.log
[buy30727] 2026-06-05T18:54:28.977Z spawned CC-MAIN-2024-46 pid=2587166 baseline_merchants=92 log=/paperclip/instances/default/workspaces/3ec8f6dd-1735-4479-9825-a2c42edac34c/logs/buy30727_lane_cc_main_2024_46.log
[buy30727] 2026-06-05T18:55:00.524Z worker CC-MAIN-2025-30 pid=2586675 saturated#142(elapsed=38s new_merchants=0 remaining=2171 cooldown=240m)
[buy30727] 2026-06-05T18:55:00.531Z worker CC-MAIN-2025-26 pid=2586839 saturated#142(elapsed=36s new_merchants=0 remaining=744 cooldown=240m)
[buy30727] 2026-06-05T18:55:00.538Z worker CC-MAIN-2025-08 pid=2586924 saturated#142(elapsed=35s new_merchants=0 remaining=695 cooldown=240m)
[buy30727] 2026-06-05T18:55:00.555Z worker CC-MAIN-2024-51 pid=2587040 saturated#142(elapsed=33s new_merchants=0 remaining=1545 cooldown=240m)
[buy30727] 2026-06-05T18:55:00.577Z worker CC-MAIN-2024-46 pid=2587166 saturated#142(elapsed=32s new_merchants=0 remaining=1592 cooldown=240m)
[buy30727] 2026-06-05T18:55:00.580Z spawned CC-MAIN-2024-42 pid=2589125 baseline_merchants=91 log=/paperclip/instances/default/workspaces/3ec8f6dd-1735-4479-9825-a2c42edac34c/logs/buy30727_lane_cc_main_2024_42.log
[buy30727] 2026-06-05T18:55:02.110Z spawned CC-MAIN-2024-38 pid=2589350 baseline_merchants=36 log=/paperclip/instances/default/workspaces/3ec8f6dd-1735-4479-9825-a2c42edac34c/logs/buy30727_lane_cc_main_2024_38.log
[buy30727] 2026-06-05T18:55:03.623Z spawned CC-MAIN-2024-33 pid=2589401 baseline_merchants=88 log=/paperclip/instances/default/workspaces/3ec8f6dd-1735-4479-9825-a2c42edac34c/logs/buy30727_lane_cc_main_2024_33.log
[buy30727] 2026-06-05T18:55:05.136Z spawned CC-MAIN-2024-30 pid=2589448 baseline_merchants=17 log=/paperclip/instances/default/workspaces/3ec8f6dd-1735-4479-9825-a2c42edac34c/logs/buy30727_lane_cc_main_2024_30.log
[buy30727] 2026-06-05T18:55:06.644Z spawned CC-MAIN-2024-26 pid=2589545 baseline_merchants=7 log=/paperclip/instances/default/workspaces/3ec8f6dd-1735-4479-9825-a2c42edac34c/logs/buy30727_lane_cc_main_2024_26.log
[buy30727] 2026-06-05T18:55:38.202Z worker CC-MAIN-2024-42 pid=2589125 saturated#142(elapsed=38s new_merchants=0 remaining=1420 cooldown=240m)
[buy30727] 2026-06-05T18:55:38.211Z worker CC-MAIN-2024-38 pid=2589350 saturated#142(elapsed=36s new_merchants=0 remaining=581 cooldown=240m)
[buy30727] 2026-06-05T18:55:38.218Z worker CC-MAIN-2024-33 pid=2589401 saturated#142(elapsed=35s new_merchants=0 remaining=508 cooldown=240m)
[buy30727] 2026-06-05T18:55:38.224Z worker CC-MAIN-2024-30 pid=2589448 saturated#142(elapsed=33s new_merchants=0 remaining=424 cooldown=240m)
[buy30727] 2026-06-05T18:55:38.228Z worker CC-MAIN-2024-26 pid=2589545 saturated#142(elapsed=32s new_merchants=0 remaining=401 cooldown=240m)
[buy30727] 2026-06-05T18:55:38.231Z spawned CC-MAIN-2024-22 pid=2590485 baseline_merchants=13 log=/paperclip/instances/default/workspaces/3ec8f6dd-1735-4479-9825-a2c42edac34c/logs/buy30727_lane_cc_main_2024_22.log
[buy30727] 2026-06-05T18:55:39.748Z spawned CC-MAIN-2024-18 pid=2590540 baseline_merchants=62 log=/paperclip/instances/default/workspaces/3ec8f6dd-1735-4479-9825-a2c42edac34c/logs/buy30727_lane_cc_main_2024_18.log
[buy30727] 2026-06-05T18:55:41.266Z spawned CC-MAIN-2024-10 pid=2590591 baseline_merchants=4 log=/paperclip/instances/default/workspaces/3ec8f6dd-1735-4479-9825-a2c42edac34c/logs/buy30727_lane_cc_main_2024_10.log
[buy30727] 2026-06-05T18:55:42.787Z spawned CC-MAIN-2023-50 pid=2590744 baseline_merchants=4 log=/paperclip/instances/default/workspaces/3ec8f6dd-1735-4479-9825-a2c42edac34c/logs/buy30727_lane_cc_main_2023_50.log
[buy30727] 2026-06-05T18:55:44.306Z spawned CC-MAIN-2023-14 pid=2591049 baseline_merchants=53 log=/paperclip/instances/default/workspaces/3ec8f6dd-1735-4479-9825-a2c42edac34c/logs/buy30727_lane_cc_main_2023_14.log
[buy30727] 2026-06-05T18:56:15.857Z worker CC-MAIN-2024-22 pid=2590485 saturated#142(elapsed=38s new_merchants=0 remaining=868 cooldown=240m)
[buy30727] 2026-06-05T18:56:15.883Z worker CC-MAIN-2024-18 pid=2590540 saturated#142(elapsed=36s new_merchants=0 remaining=1033 cooldown=240m)
[buy30727] 2026-06-05T18:56:15.893Z worker CC-MAIN-2024-10 pid=2590591 saturated#142(elapsed=35s new_merchants=0 remaining=794 cooldown=240m)
[buy30727] 2026-06-05T18:56:15.898Z worker CC-MAIN-2023-50 pid=2590744 saturated#142(elapsed=33s new_merchants=0 remaining=378 cooldown=240m)
[buy30727] 2026-06-05T18:56:15.901Z worker CC-MAIN-2023-14 pid=2591049 saturated#142(elapsed=32s new_merchants=0 remaining=248 cooldown=240m)
[buy30727] 2026-06-05T18:56:15.905Z spawned CC-MAIN-2023-06 pid=2593068 baseline_merchants=45 log=/paperclip/instances/default/workspaces/3ec8f6dd-1735-4479-9825-a2c42edac34c/logs/buy30727_lane_cc_main_2023_06.log
[buy30727] 2026-06-05T18:56:17.416Z spawned CC-MAIN-2022-49 pid=2593093 baseline_merchants=5 log=/paperclip/instances/default/workspaces/3ec8f6dd-1735-4479-9825-a2c42edac34c/logs/buy30727_lane_cc_main_2022_49.log
[buy30727] 2026-06-05T18:56:18.925Z spawned CC-MAIN-2022-40 pid=2593124 baseline_merchants=3 log=/paperclip/instances/default/workspaces/3ec8f6dd-1735-4479-9825-a2c42edac34c/logs/buy30727_lane_cc_main_2022_40.log
[buy30727] 2026-06-05T18:56:20.433Z spawned CC-MAIN-2026-21 pid=2593171 baseline_merchants=853 log=/paperclip/instances/default/workspaces/3ec8f6dd-1735-4479-9825-a2c42edac34c/logs/buy30727_lane_cc_main_2026_21.log
[buy30727] 2026-06-05T18:56:21.942Z spawned CC-MAIN-2026-17 pid=2593235 baseline_merchants=7 log=/paperclip/instances/default/workspaces/3ec8f6dd-1735-4479-9825-a2c42edac34c/logs/buy30727_lane_cc_main_2026_17.log
[buy30727] 2026-06-05T18:56:53.500Z worker CC-MAIN-2023-06 pid=2593068 saturated#142(elapsed=38s new_merchants=0 remaining=318 cooldown=240m)
[buy30727] 2026-06-05T18:56:53.504Z worker CC-MAIN-2022-49 pid=2593093 saturated#142(elapsed=36s new_merchants=0 remaining=323 cooldown=240m)
[buy30727] 2026-06-05T18:56:53.510Z worker CC-MAIN-2022-40 pid=2593124 saturated#142(elapsed=35s new_merchants=0 remaining=295 cooldown=240m)
[buy30727] 2026-06-05T18:56:53.513Z worker CC-MAIN-2026-21 pid=2593171 saturated#142(elapsed=33s new_merchants=0 remaining=862 cooldown=240m)
[buy30727] 2026-06-05T18:56:53.525Z worker CC-MAIN-2026-17 pid=2593235 saturated#143(elapsed=32s new_merchants=0 remaining=3255 cooldown=240m)
[buy30727] 2026-06-05T18:56:53.529Z spawned CC-MAIN-2025-18 pid=2594600 baseline_merchants=72 log=/paperclip/instances/default/workspaces/3ec8f6dd-1735-4479-9825-a2c42edac34c/logs/buy30727_lane_cc_main_2025_18.log
[buy30727] 2026-06-05T18:56:55.051Z spawned CC-MAIN-2025-05 pid=2594647 baseline_merchants=7 log=/paperclip/instances/default/workspaces/3ec8f6dd-1735-4479-9825-a2c42edac34c/logs/buy30727_lane_cc_main_2025_05.log
[buy30727] 2026-06-05T18:56:56.564Z spawned CC-MAIN-2025-47 pid=2594725 baseline_merchants=1421 log=/paperclip/instances/default/workspaces/3ec8f6dd-1735-4479-9825-a2c42edac34c/logs/buy30727_lane_cc_main_2025_47.log
[buy30727] 2026-06-05T18:56:58.086Z spawned CC-MAIN-2025-51 pid=2594798 baseline_merchants=236 log=/paperclip/instances/default/workspaces/3ec8f6dd-1735-4479-9825-a2c42edac34c/logs/buy30727_lane_cc_main_2025_51.log
[buy30727] 2026-06-05T18:56:59.611Z spawned CC-MAIN-2025-43 pid=2594824 baseline_merchants=88 log=/paperclip/instances/default/workspaces/3ec8f6dd-1735-4479-9825-a2c42edac34c/logs/buy30727_lane_cc_main_2025_43.log
[buy30727] 2026-06-05T18:57:31.166Z worker CC-MAIN-2025-18 pid=2594600 saturated#143(elapsed=38s new_merchants=0 remaining=2382 cooldown=240m)
[buy30727] 2026-06-05T18:57:31.169Z worker CC-MAIN-2025-05 pid=2594647 saturated#143(elapsed=36s new_merchants=0 remaining=625 cooldown=240m)
[buy30727] 2026-06-05T18:57:31.185Z worker CC-MAIN-2025-47 pid=2594725 saturated#143(elapsed=35s new_merchants=0 remaining=2294 cooldown=240m)
[buy30727] 2026-06-05T18:57:31.198Z worker CC-MAIN-2025-51 pid=2594798 saturated#143(elapsed=33s new_merchants=0 remaining=2895 cooldown=240m)
[buy30727] 2026-06-05T18:57:31.223Z worker CC-MAIN-2025-43 pid=2594824 saturated#143(elapsed=32s new_merchants=0 remaining=1897 cooldown=240m)
[buy30727] 2026-06-05T18:57:31.226Z spawned CC-MAIN-2025-38 pid=2595982 baseline_merchants=28 log=/paperclip/instances/default/workspaces/3ec8f6dd-1735-4479-9825-a2c42edac34c/logs/buy30727_lane_cc_main_2025_38.log
[buy30727] 2026-06-05T18:57:32.753Z spawned CC-MAIN-2025-33 pid=2596070 baseline_merchants=13 log=/paperclip/instances/default/workspaces/3ec8f6dd-1735-4479-9825-a2c42edac34c/logs/buy30727_lane_cc_main_2025_33.log
[buy30727] 2026-06-05T18:57:34.271Z spawned CC-MAIN-2025-30 pid=2596094 baseline_merchants=136 log=/paperclip/instances/default/workspaces/3ec8f6dd-1735-4479-9825-a2c42edac34c/logs/buy30727_lane_cc_main_2025_30.log
[buy30727] 2026-06-05T18:57:35.788Z spawned CC-MAIN-2025-26 pid=2596121 baseline_merchants=18 log=/paperclip/instances/default/workspaces/3ec8f6dd-1735-4479-9825-a2c42edac34c/logs/buy30727_lane_cc_main_2025_26.log
[buy30727] 2026-06-05T18:57:37.298Z spawned CC-MAIN-2025-08 pid=2596147 baseline_merchants=7 log=/paperclip/instances/default/workspaces/3ec8f6dd-1735-4479-9825-a2c42edac34c/logs/buy30727_lane_cc_main_2025_08.log
[buy30727] 2026-06-05T18:58:08.869Z worker CC-MAIN-2025-38 pid=2595982 saturated#143(elapsed=38s new_merchants=0 remaining=1980 cooldown=240m)
[buy30727] 2026-06-05T18:58:08.893Z worker CC-MAIN-2025-33 pid=2596070 saturated#143(elapsed=36s new_merchants=0 remaining=2151 cooldown=240m)
[buy30727] 2026-06-05T18:58:08.917Z worker CC-MAIN-2025-30 pid=2596094 saturated#143(elapsed=35s new_merchants=0 remaining=2171 cooldown=240m)
[buy30727] 2026-06-05T18:58:08.921Z worker CC-MAIN-2025-26 pid=2596121 saturated#143(elapsed=33s new_merchants=0 remaining=744 cooldown=240m)
[buy30727] 2026-06-05T18:58:08.926Z worker CC-MAIN-2025-08 pid=2596147 saturated#143(elapsed=32s new_merchants=0 remaining=695 cooldown=240m)
[buy30727] 2026-06-05T18:58:08.930Z spawned CC-MAIN-2024-51 pid=2597037 baseline_merchants=427 log=/paperclip/instances/default/workspaces/3ec8f6dd-1735-4479-9825-a2c42edac34c/logs/buy30727_lane_cc_main_2024_51.log
[buy30727] 2026-06-05T18:58:10.457Z spawned CC-MAIN-2024-46 pid=2597059 baseline_merchants=92 log=/paperclip/instances/default/workspaces/3ec8f6dd-1735-4479-9825-a2c42edac34c/logs/buy30727_lane_cc_main_2024_46.log
[buy30727] 2026-06-05T18:58:11.979Z spawned CC-MAIN-2024-42 pid=2597089 baseline_merchants=91 log=/paperclip/instances/default/workspaces/3ec8f6dd-1735-4479-9825-a2c42edac34c/logs/buy30727_lane_cc_main_2024_42.log
[buy30727] 2026-06-05T18:58:13.500Z spawned CC-MAIN-2024-38 pid=2597157 baseline_merchants=36 log=/paperclip/instances/default/workspaces/3ec8f6dd-1735-4479-9825-a2c42edac34c/logs/buy30727_lane_cc_main_2024_38.log
[buy30727] 2026-06-05T18:58:15.009Z spawned CC-MAIN-2024-33 pid=2597203 baseline_merchants=88 log=/paperclip/instances/default/workspaces/3ec8f6dd-1735-4479-9825-a2c42edac34c/logs/buy30727_lane_cc_main_2024_33.log
[buy30727] 2026-06-05T18:58:46.562Z worker CC-MAIN-2024-51 pid=2597037 saturated#143(elapsed=38s new_merchants=0 remaining=1545 cooldown=240m)
[buy30727] 2026-06-05T18:58:46.591Z worker CC-MAIN-2024-46 pid=2597059 saturated#143(elapsed=36s new_merchants=0 remaining=1592 cooldown=240m)
[buy30727] 2026-06-05T18:58:46.617Z worker CC-MAIN-2024-42 pid=2597089 saturated#143(elapsed=35s new_merchants=0 remaining=1420 cooldown=240m)
[buy30727] 2026-06-05T18:58:46.627Z worker CC-MAIN-2024-38 pid=2597157 saturated#143(elapsed=33s new_merchants=0 remaining=581 cooldown=240m)
[buy30727] 2026-06-05T18:58:46.630Z worker CC-MAIN-2024-33 pid=2597203 saturated#143(elapsed=32s new_merchants=0 remaining=508 cooldown=240m)
[buy30727] 2026-06-05T18:58:46.633Z spawned CC-MAIN-2024-30 pid=2597952 baseline_merchants=17 log=/paperclip/instances/default/workspaces/3ec8f6dd-1735-4479-9825-a2c42edac34c/logs/buy30727_lane_cc_main_2024_30.log
[buy30727] 2026-06-05T18:58:48.141Z spawned CC-MAIN-2024-26 pid=2598005 baseline_merchants=7 log=/paperclip/instances/default/workspaces/3ec8f6dd-1735-4479-9825-a2c42edac34c/logs/buy30727_lane_cc_main_2024_26.log
[buy30727] 2026-06-05T18:58:49.648Z spawned CC-MAIN-2024-22 pid=2598030 baseline_merchants=13 log=/paperclip/instances/default/workspaces/3ec8f6dd-1735-4479-9825-a2c42edac34c/logs/buy30727_lane_cc_main_2024_22.log
[buy30727] 2026-06-05T18:58:51.166Z spawned CC-MAIN-2024-18 pid=2598127 baseline_merchants=62 log=/paperclip/instances/default/workspaces/3ec8f6dd-1735-4479-9825-a2c42edac34c/logs/buy30727_lane_cc_main_2024_18.log
[buy30727] 2026-06-05T18:58:52.691Z spawned CC-MAIN-2024-10 pid=2598156 baseline_merchants=4 log=/paperclip/instances/default/workspaces/3ec8f6dd-1735-4479-9825-a2c42edac34c/logs/buy30727_lane_cc_main_2024_10.log
[buy30727] 2026-06-05T18:58:54.280Z tick=40 active=5 drained=20 saturated=27 known_merchants=15704 status=[CC-MAIN-2024-30:424/13139, CC-MAIN-2024-26:401/13353, CC-MAIN-2024-22:868/34722, CC-MAIN-2024-18:1033/47884, CC-MAIN-2024-10:794/32287]
[buy30727] 2026-06-05T18:59:24.313Z worker CC-MAIN-2024-30 pid=2597952 saturated#143(elapsed=38s new_merchants=0 remaining=424 cooldown=240m)
[buy30727] 2026-06-05T18:59:24.318Z worker CC-MAIN-2024-26 pid=2598005 saturated#143(elapsed=36s new_merchants=0 remaining=401 cooldown=240m)
[buy30727] 2026-06-05T18:59:24.332Z worker CC-MAIN-2024-22 pid=2598030 saturated#143(elapsed=35s new_merchants=0 remaining=868 cooldown=240m)
[buy30727] 2026-06-05T18:59:24.352Z worker CC-MAIN-2024-18 pid=2598127 saturated#143(elapsed=33s new_merchants=0 remaining=1033 cooldown=240m)
[buy30727] 2026-06-05T18:59:24.365Z worker CC-MAIN-2024-10 pid=2598156 saturated#143(elapsed=32s new_merchants=0 remaining=794 cooldown=240m)
[buy30727] 2026-06-05T18:59:24.369Z spawned CC-MAIN-2023-50 pid=2598893 baseline_merchants=4 log=/paperclip/instances/default/workspaces/3ec8f6dd-1735-4479-9825-a2c42edac34c/logs/buy30727_lane_cc_main_2023_50.log
[buy30727] 2026-06-05T18:59:25.881Z spawned CC-MAIN-2023-14 pid=2598933 baseline_merchants=53 log=/paperclip/instances/default/workspaces/3ec8f6dd-1735-4479-9825-a2c42edac34c/logs/buy30727_lane_cc_main_2023_14.log
[buy30727] 2026-06-05T18:59:27.389Z spawned CC-MAIN-2023-06 pid=2598960 baseline_merchants=45 log=/paperclip/instances/default/workspaces/3ec8f6dd-1735-4479-9825-a2c42edac34c/logs/buy30727_lane_cc_main_2023_06.log
[buy30727] 2026-06-05T18:59:28.898Z spawned CC-MAIN-2022-49 pid=2599036 baseline_merchants=5 log=/paperclip/instances/default/workspaces/3ec8f6dd-1735-4479-9825-a2c42edac34c/logs/buy30727_lane_cc_main_2022_49.log
[buy30727] 2026-06-05T18:59:30.407Z spawned CC-MAIN-2022-40 pid=2599058 baseline_merchants=3 log=/paperclip/instances/default/workspaces/3ec8f6dd-1735-4479-9825-a2c42edac34c/logs/buy30727_lane_cc_main_2022_40.log
[buy30727] 2026-06-05T19:00:01.946Z worker CC-MAIN-2023-50 pid=2598893 saturated#143(elapsed=38s new_merchants=0 remaining=378 cooldown=240m)
[buy30727] 2026-06-05T19:00:01.950Z worker CC-MAIN-2023-14 pid=2598933 saturated#143(elapsed=36s new_merchants=0 remaining=248 cooldown=240m)
[buy30727] 2026-06-05T19:00:01.955Z worker CC-MAIN-2023-06 pid=2598960 saturated#143(elapsed=35s new_merchants=0 remaining=318 cooldown=240m)
[buy30727] 2026-06-05T19:00:01.959Z worker CC-MAIN-2022-49 pid=2599036 saturated#143(elapsed=33s new_merchants=0 remaining=323 cooldown=240m)
[buy30727] 2026-06-05T19:00:01.964Z worker CC-MAIN-2022-40 pid=2599058 saturated#143(elapsed=32s new_merchants=0 remaining=295 cooldown=240m)
[buy30727] 2026-06-05T19:00:01.967Z spawned CC-MAIN-2026-21 pid=2600080 baseline_merchants=853 log=/paperclip/instances/default/workspaces/3ec8f6dd-1735-4479-9825-a2c42edac34c/logs/buy30727_lane_cc_main_2026_21.log
[buy30727] 2026-06-05T19:00:03.473Z spawned CC-MAIN-2026-17 pid=2600190 baseline_merchants=7 log=/paperclip/instances/default/workspaces/3ec8f6dd-1735-4479-9825-a2c42edac34c/logs/buy30727_lane_cc_main_2026_17.log
[buy30727] 2026-06-05T19:00:04.990Z spawned CC-MAIN-2025-18 pid=2600276 baseline_merchants=72 log=/paperclip/instances/default/workspaces/3ec8f6dd-1735-4479-9825-a2c42edac34c/logs/buy30727_lane_cc_main_2025_18.log
[buy30727] 2026-06-05T19:00:06.512Z spawned CC-MAIN-2025-05 pid=2600309 baseline_merchants=7 log=/paperclip/instances/default/workspaces/3ec8f6dd-1735-4479-9825-a2c42edac34c/logs/buy30727_lane_cc_main_2025_05.log
[buy30727] 2026-06-05T19:00:08.021Z spawned CC-MAIN-2025-47 pid=2600365 baseline_merchants=1421 log=/paperclip/instances/default/workspaces/3ec8f6dd-1735-4479-9825-a2c42edac34c/logs/buy30727_lane_cc_main_2025_47.log
[buy30727] 2026-06-05T19:00:39.588Z worker CC-MAIN-2026-21 pid=2600080 saturated#143(elapsed=38s new_merchants=0 remaining=862 cooldown=240m)
[buy30727] 2026-06-05T19:00:39.616Z worker CC-MAIN-2026-17 pid=2600190 saturated#144(elapsed=36s new_merchants=0 remaining=3255 cooldown=240m)
[buy30727] 2026-06-05T19:00:39.651Z worker CC-MAIN-2025-18 pid=2600276 saturated#144(elapsed=35s new_merchants=0 remaining=2382 cooldown=240m)
[buy30727] 2026-06-05T19:00:39.660Z worker CC-MAIN-2025-05 pid=2600309 saturated#144(elapsed=33s new_merchants=0 remaining=625 cooldown=240m)
[buy30727] 2026-06-05T19:00:39.695Z worker CC-MAIN-2025-47 pid=2600365 saturated#144(elapsed=32s new_merchants=0 remaining=2294 cooldown=240m)
[buy30727] 2026-06-05T19:00:39.703Z spawned CC-MAIN-2025-51 pid=2601330 baseline_merchants=236 log=/paperclip/instances/default/workspaces/3ec8f6dd-1735-4479-9825-a2c42edac34c/logs/buy30727_lane_cc_main_2025_51.log
[buy30727] 2026-06-05T19:00:41.289Z spawned CC-MAIN-2025-43 pid=2601382 baseline_merchants=88 log=/paperclip/instances/default/workspaces/3ec8f6dd-1735-4479-9825-a2c42edac34c/logs/buy30727_lane_cc_main_2025_43.log
[buy30727] 2026-06-05T19:00:42.819Z spawned CC-MAIN-2025-38 pid=2601475 baseline_merchants=28 log=/paperclip/instances/default/workspaces/3ec8f6dd-1735-4479-9825-a2c42edac34c/logs/buy30727_lane_cc_main_2025_38.log
[buy30727] 2026-06-05T19:00:44.380Z spawned CC-MAIN-2025-33 pid=2601502 baseline_merchants=13 log=/paperclip/instances/default/workspaces/3ec8f6dd-1735-4479-9825-a2c42edac34c/logs/buy30727_lane_cc_main_2025_33.log
[buy30727] 2026-06-05T19:00:45.925Z spawned CC-MAIN-2025-30 pid=2601539 baseline_merchants=136 log=/paperclip/instances/default/workspaces/3ec8f6dd-1735-4479-9825-a2c42edac34c/logs/buy30727_lane_cc_main_2025_30.log
[buy30727] 2026-06-05T19:01:17.474Z worker CC-MAIN-2025-51 pid=2601330 saturated#144(elapsed=38s new_merchants=0 remaining=2895 cooldown=240m)
[buy30727] 2026-06-05T19:01:17.497Z worker CC-MAIN-2025-43 pid=2601382 saturated#144(elapsed=36s new_merchants=0 remaining=1897 cooldown=240m)
[buy30727] 2026-06-05T19:01:17.524Z worker CC-MAIN-2025-38 pid=2601475 saturated#144(elapsed=35s new_merchants=0 remaining=1980 cooldown=240m)
[buy30727] 2026-06-05T19:01:17.545Z worker CC-MAIN-2025-33 pid=2601502 saturated#144(elapsed=33s new_merchants=0 remaining=2151 cooldown=240m)
[buy30727] 2026-06-05T19:01:17.557Z worker CC-MAIN-2025-30 pid=2601539 saturated#144(elapsed=32s new_merchants=0 remaining=2171 cooldown=240m)
[buy30727] 2026-06-05T19:01:17.560Z spawned CC-MAIN-2025-26 pid=2604483 baseline_merchants=18 log=/paperclip/instances/default/workspaces/3ec8f6dd-1735-4479-9825-a2c42edac34c/logs/buy30727_lane_cc_main_2025_26.log
[buy30727] 2026-06-05T19:01:19.069Z spawned CC-MAIN-2025-08 pid=2604637 baseline_merchants=7 log=/paperclip/instances/default/workspaces/3ec8f6dd-1735-4479-9825-a2c42edac34c/logs/buy30727_lane_cc_main_2025_08.log
[buy30727] 2026-06-05T19:01:20.587Z spawned CC-MAIN-2024-51 pid=2604693 baseline_merchants=427 log=/paperclip/instances/default/workspaces/3ec8f6dd-1735-4479-9825-a2c42edac34c/logs/buy30727_lane_cc_main_2024_51.log
[buy30727] 2026-06-05T19:01:22.108Z spawned CC-MAIN-2024-46 pid=2604788 baseline_merchants=92 log=/paperclip/instances/default/workspaces/3ec8f6dd-1735-4479-9825-a2c42edac34c/logs/buy30727_lane_cc_main_2024_46.log
[buy30727] 2026-06-05T19:01:23.634Z spawned CC-MAIN-2024-42 pid=2604821 baseline_merchants=91 log=/paperclip/instances/default/workspaces/3ec8f6dd-1735-4479-9825-a2c42edac34c/logs/buy30727_lane_cc_main_2024_42.log
[buy30727] 2026-06-05T19:01:55.210Z worker CC-MAIN-2025-26 pid=2604483 saturated#144(elapsed=38s new_merchants=0 remaining=744 cooldown=240m)
[buy30727] 2026-06-05T19:01:55.226Z worker CC-MAIN-2025-08 pid=2604637 saturated#144(elapsed=36s new_merchants=0 remaining=695 cooldown=240m)
[buy30727] 2026-06-05T19:01:55.269Z worker CC-MAIN-2024-51 pid=2604693 saturated#144(elapsed=35s new_merchants=0 remaining=1545 cooldown=240m)
[buy30727] 2026-06-05T19:01:55.339Z worker CC-MAIN-2024-46 pid=2604788 saturated#144(elapsed=33s new_merchants=0 remaining=1592 cooldown=240m)
[buy30727] 2026-06-05T19:01:55.374Z worker CC-MAIN-2024-42 pid=2604821 saturated#144(elapsed=32s new_merchants=0 remaining=1420 cooldown=240m)
[buy30727] 2026-06-05T19:01:55.379Z spawned CC-MAIN-2024-38 pid=2606321 baseline_merchants=36 log=/paperclip/instances/default/workspaces/3ec8f6dd-1735-4479-9825-a2c42edac34c/logs/buy30727_lane_cc_main_2024_38.log
[buy30727] 2026-06-05T19:01:56.895Z spawned CC-MAIN-2024-33 pid=2606402 baseline_merchants=88 log=/paperclip/instances/default/workspaces/3ec8f6dd-1735-4479-9825-a2c42edac34c/logs/buy30727_lane_cc_main_2024_33.log
[buy30727] 2026-06-05T19:01:58.405Z spawned CC-MAIN-2024-30 pid=2606511 baseline_merchants=17 log=/paperclip/instances/default/workspaces/3ec8f6dd-1735-4479-9825-a2c42edac34c/logs/buy30727_lane_cc_main_2024_30.log
[buy30727] 2026-06-05T19:01:59.915Z spawned CC-MAIN-2024-26 pid=2606556 baseline_merchants=7 log=/paperclip/instances/default/workspaces/3ec8f6dd-1735-4479-9825-a2c42edac34c/logs/buy30727_lane_cc_main_2024_26.log
[buy30727] 2026-06-05T19:02:01.423Z spawned CC-MAIN-2024-22 pid=2606617 baseline_merchants=13 log=/paperclip/instances/default/workspaces/3ec8f6dd-1735-4479-9825-a2c42edac34c/logs/buy30727_lane_cc_main_2024_22.log
[buy30727] 2026-06-05T19:02:32.978Z worker CC-MAIN-2024-38 pid=2606321 saturated#144(elapsed=38s new_merchants=0 remaining=581 cooldown=240m)
[buy30727] 2026-06-05T19:02:32.988Z worker CC-MAIN-2024-33 pid=2606402 saturated#144(elapsed=36s new_merchants=0 remaining=508 cooldown=240m)
[buy30727] 2026-06-05T19:02:32.995Z worker CC-MAIN-2024-30 pid=2606511 saturated#144(elapsed=35s new_merchants=0 remaining=424 cooldown=240m)
[buy30727] 2026-06-05T19:02:33.003Z worker CC-MAIN-2024-26 pid=2606556 saturated#144(elapsed=33s new_merchants=0 remaining=401 cooldown=240m)
[buy30727] 2026-06-05T19:02:33.031Z worker CC-MAIN-2024-22 pid=2606617 saturated#144(elapsed=32s new_merchants=0 remaining=868 cooldown=240m)
[buy30727] 2026-06-05T19:02:33.035Z spawned CC-MAIN-2024-18 pid=2609466 baseline_merchants=62 log=/paperclip/instances/default/workspaces/3ec8f6dd-1735-4479-9825-a2c42edac34c/logs/buy30727_lane_cc_main_2024_18.log
[buy30727] 2026-06-05T19:02:34.578Z spawned CC-MAIN-2024-10 pid=2609546 baseline_merchants=4 log=/paperclip/instances/default/workspaces/3ec8f6dd-1735-4479-9825-a2c42edac34c/logs/buy30727_lane_cc_main_2024_10.log
[buy30727] 2026-06-05T19:02:36.094Z spawned CC-MAIN-2023-50 pid=2609677 baseline_merchants=4 log=/paperclip/instances/default/workspaces/3ec8f6dd-1735-4479-9825-a2c42edac34c/logs/buy30727_lane_cc_main_2023_50.log
[buy30727] 2026-06-05T19:02:37.601Z spawned CC-MAIN-2023-14 pid=2609945 baseline_merchants=53 log=/paperclip/instances/default/workspaces/3ec8f6dd-1735-4479-9825-a2c42edac34c/logs/buy30727_lane_cc_main_2023_14.log
[buy30727] 2026-06-05T19:02:39.116Z spawned CC-MAIN-2023-06 pid=2610034 baseline_merchants=45 log=/paperclip/instances/default/workspaces/3ec8f6dd-1735-4479-9825-a2c42edac34c/logs/buy30727_lane_cc_main_2023_06.log
[buy30727] 2026-06-05T19:03:10.649Z worker CC-MAIN-2024-18 pid=2609466 saturated#144(elapsed=38s new_merchants=0 remaining=1033 cooldown=240m)
[buy30727] 2026-06-05T19:03:10.662Z worker CC-MAIN-2024-10 pid=2609546 saturated#144(elapsed=36s new_merchants=0 remaining=794 cooldown=240m)
[buy30727] 2026-06-05T19:03:10.666Z worker CC-MAIN-2023-50 pid=2609677 saturated#144(elapsed=35s new_merchants=0 remaining=378 cooldown=240m)
[buy30727] 2026-06-05T19:03:10.670Z worker CC-MAIN-2023-14 pid=2609945 saturated#144(elapsed=33s new_merchants=0 remaining=248 cooldown=240m)
[buy30727] 2026-06-05T19:03:10.675Z worker CC-MAIN-2023-06 pid=2610034 saturated#144(elapsed=32s new_merchants=0 remaining=318 cooldown=240m)
[buy30727] 2026-06-05T19:03:10.678Z spawned CC-MAIN-2022-49 pid=2610977 baseline_merchants=5 log=/paperclip/instances/default/workspaces/3ec8f6dd-1735-4479-9825-a2c42edac34c/logs/buy30727_lane_cc_main_2022_49.log
[buy30727] 2026-06-05T19:03:12.190Z spawned CC-MAIN-2022-40 pid=2611089 baseline_merchants=3 log=/paperclip/instances/default/workspaces/3ec8f6dd-1735-4479-9825-a2c42edac34c/logs/buy30727_lane_cc_main_2022_40.log
[buy30727] 2026-06-05T19:03:13.699Z spawned CC-MAIN-2026-21 pid=2611145 baseline_merchants=853 log=/paperclip/instances/default/workspaces/3ec8f6dd-1735-4479-9825-a2c42edac34c/logs/buy30727_lane_cc_main_2026_21.log
[buy30727] 2026-06-05T19:03:15.206Z spawned CC-MAIN-2026-17 pid=2611191 baseline_merchants=7 log=/paperclip/instances/default/workspaces/3ec8f6dd-1735-4479-9825-a2c42edac34c/logs/buy30727_lane_cc_main_2026_17.log
[buy30727] 2026-06-05T19:03:16.724Z spawned CC-MAIN-2025-18 pid=2611213 baseline_merchants=72 log=/paperclip/instances/default/workspaces/3ec8f6dd-1735-4479-9825-a2c42edac34c/logs/buy30727_lane_cc_main_2025_18.log
[buy30727] 2026-06-05T19:03:48.268Z worker CC-MAIN-2022-49 pid=2610977 saturated#144(elapsed=38s new_merchants=0 remaining=323 cooldown=240m)
[buy30727] 2026-06-05T19:03:48.271Z worker CC-MAIN-2022-40 pid=2611089 saturated#144(elapsed=36s new_merchants=0 remaining=295 cooldown=240m)
[buy30727] 2026-06-05T19:03:48.273Z worker CC-MAIN-2026-21 pid=2611145 saturated#144(elapsed=35s new_merchants=0 remaining=862 cooldown=240m)
[buy30727] 2026-06-05T19:03:48.283Z worker CC-MAIN-2026-17 pid=2611191 saturated#145(elapsed=33s new_merchants=0 remaining=3255 cooldown=240m)
[buy30727] 2026-06-05T19:03:48.302Z worker CC-MAIN-2025-18 pid=2611213 saturated#145(elapsed=32s new_merchants=0 remaining=2382 cooldown=240m)
[buy30727] 2026-06-05T19:03:48.305Z spawned CC-MAIN-2025-05 pid=2612116 baseline_merchants=7 log=/paperclip/instances/default/workspaces/3ec8f6dd-1735-4479-9825-a2c42edac34c/logs/buy30727_lane_cc_main_2025_05.log
[buy30727] 2026-06-05T19:03:49.816Z spawned CC-MAIN-2025-47 pid=2612141 baseline_merchants=1421 log=/paperclip/instances/default/workspaces/3ec8f6dd-1735-4479-9825-a2c42edac34c/logs/buy30727_lane_cc_main_2025_47.log
[buy30727] 2026-06-05T19:03:51.339Z spawned CC-MAIN-2025-51 pid=2612165 baseline_merchants=236 log=/paperclip/instances/default/workspaces/3ec8f6dd-1735-4479-9825-a2c42edac34c/logs/buy30727_lane_cc_main_2025_51.log
[buy30727] 2026-06-05T19:03:52.860Z spawned CC-MAIN-2025-43 pid=2612190 baseline_merchants=88 log=/paperclip/instances/default/workspaces/3ec8f6dd-1735-4479-9825-a2c42edac34c/logs/buy30727_lane_cc_main_2025_43.log
[buy30727] 2026-06-05T19:03:54.377Z spawned CC-MAIN-2025-38 pid=2612235 baseline_merchants=28 log=/paperclip/instances/default/workspaces/3ec8f6dd-1735-4479-9825-a2c42edac34c/logs/buy30727_lane_cc_main_2025_38.log
[buy30727] 2026-06-05T19:04:25.900Z worker CC-MAIN-2025-05 pid=2612116 saturated#145(elapsed=38s new_merchants=0 remaining=625 cooldown=240m)
[buy30727] 2026-06-05T19:04:25.917Z worker CC-MAIN-2025-47 pid=2612141 saturated#145(elapsed=36s new_merchants=0 remaining=2294 cooldown=240m)
[buy30727] 2026-06-05T19:04:25.930Z worker CC-MAIN-2025-51 pid=2612165 saturated#145(elapsed=35s new_merchants=0 remaining=2895 cooldown=240m)
[buy30727] 2026-06-05T19:04:25.944Z worker CC-MAIN-2025-43 pid=2612190 saturated#145(elapsed=33s new_merchants=0 remaining=1897 cooldown=240m)
[buy30727] 2026-06-05T19:04:25.963Z worker CC-MAIN-2025-38 pid=2612235 saturated#145(elapsed=32s new_merchants=0 remaining=1980 cooldown=240m)
[buy30727] 2026-06-05T19:04:25.967Z spawned CC-MAIN-2025-33 pid=2612959 baseline_merchants=13 log=/paperclip/instances/default/workspaces/3ec8f6dd-1735-4479-9825-a2c42edac34c/logs/buy30727_lane_cc_main_2025_33.log
[buy30727] 2026-06-05T19:04:27.497Z spawned CC-MAIN-2025-30 pid=2612998 baseline_merchants=136 log=/paperclip/instances/default/workspaces/3ec8f6dd-1735-4479-9825-a2c42edac34c/logs/buy30727_lane_cc_main_2025_30.log
[buy30727] 2026-06-05T19:04:29.015Z spawned CC-MAIN-2025-26 pid=2613057 baseline_merchants=18 log=/paperclip/instances/default/workspaces/3ec8f6dd-1735-4479-9825-a2c42edac34c/logs/buy30727_lane_cc_main_2025_26.log
[buy30727] 2026-06-05T19:04:30.526Z spawned CC-MAIN-2025-08 pid=2613079 baseline_merchants=7 log=/paperclip/instances/default/workspaces/3ec8f6dd-1735-4479-9825-a2c42edac34c/logs/buy30727_lane_cc_main_2025_08.log
[buy30727] 2026-06-05T19:04:32.036Z spawned CC-MAIN-2024-51 pid=2613119 baseline_merchants=427 log=/paperclip/instances/default/workspaces/3ec8f6dd-1735-4479-9825-a2c42edac34c/logs/buy30727_lane_cc_main_2024_51.log
[buy30727] 2026-06-05T19:05:03.580Z worker CC-MAIN-2025-33 pid=2612959 saturated#145(elapsed=38s new_merchants=0 remaining=2151 cooldown=240m)
[buy30727] 2026-06-05T19:05:03.604Z worker CC-MAIN-2025-30 pid=2612998 saturated#145(elapsed=36s new_merchants=0 remaining=2171 cooldown=240m)
[buy30727] 2026-06-05T19:05:03.609Z worker CC-MAIN-2025-26 pid=2613057 saturated#145(elapsed=35s new_merchants=0 remaining=744 cooldown=240m)
[buy30727] 2026-06-05T19:05:03.615Z worker CC-MAIN-2025-08 pid=2613079 saturated#145(elapsed=33s new_merchants=0 remaining=695 cooldown=240m)
[buy30727] 2026-06-05T19:05:03.632Z worker CC-MAIN-2024-51 pid=2613119 saturated#145(elapsed=32s new_merchants=0 remaining=1545 cooldown=240m)
[buy30727] 2026-06-05T19:05:03.640Z spawned CC-MAIN-2024-46 pid=2613917 baseline_merchants=92 log=/paperclip/instances/default/workspaces/3ec8f6dd-1735-4479-9825-a2c42edac34c/logs/buy30727_lane_cc_main_2024_46.log
[buy30727] 2026-06-05T19:05:05.175Z spawned CC-MAIN-2024-42 pid=2613953 baseline_merchants=91 log=/paperclip/instances/default/workspaces/3ec8f6dd-1735-4479-9825-a2c42edac34c/logs/buy30727_lane_cc_main_2024_42.log
[buy30727] 2026-06-05T19:05:06.695Z spawned CC-MAIN-2024-38 pid=2614028 baseline_merchants=36 log=/paperclip/instances/default/workspaces/3ec8f6dd-1735-4479-9825-a2c42edac34c/logs/buy30727_lane_cc_main_2024_38.log
[buy30727] 2026-06-05T19:05:08.207Z spawned CC-MAIN-2024-33 pid=2614264 baseline_merchants=88 log=/paperclip/instances/default/workspaces/3ec8f6dd-1735-4479-9825-a2c42edac34c/logs/buy30727_lane_cc_main_2024_33.log
[buy30727] 2026-06-05T19:05:09.716Z spawned CC-MAIN-2024-30 pid=2614318 baseline_merchants=17 log=/paperclip/instances/default/workspaces/3ec8f6dd-1735-4479-9825-a2c42edac34c/logs/buy30727_lane_cc_main_2024_30.log
[buy30727] 2026-06-05T19:05:11.270Z tick=50 active=5 drained=20 saturated=27 known_merchants=15704 status=[CC-MAIN-2024-46:1592/59556, CC-MAIN-2024-42:1420/56668, CC-MAIN-2024-38:581/19211, CC-MAIN-2024-33:508/16923, CC-MAIN-2024-30:424/13139]
[buy30727] 2026-06-05T19:05:41.329Z worker CC-MAIN-2024-46 pid=2613917 saturated#145(elapsed=38s new_merchants=0 remaining=1592 cooldown=240m)
[buy30727] 2026-06-05T19:05:41.357Z worker CC-MAIN-2024-42 pid=2613953 saturated#145(elapsed=36s new_merchants=0 remaining=1420 cooldown=240m)
[buy30727] 2026-06-05T19:05:41.364Z worker CC-MAIN-2024-38 pid=2614028 saturated#145(elapsed=35s new_merchants=0 remaining=581 cooldown=240m)
[buy30727] 2026-06-05T19:05:41.369Z worker CC-MAIN-2024-33 pid=2614264 saturated#145(elapsed=33s new_merchants=0 remaining=508 cooldown=240m)
[buy30727] 2026-06-05T19:05:41.375Z worker CC-MAIN-2024-30 pid=2614318 saturated#145(elapsed=32s new_merchants=0 remaining=424 cooldown=240m)
[buy30727] 2026-06-05T19:05:41.379Z spawned CC-MAIN-2024-26 pid=2615048 baseline_merchants=7 log=/paperclip/instances/default/workspaces/3ec8f6dd-1735-4479-9825-a2c42edac34c/logs/buy30727_lane_cc_main_2024_26.log
[buy30727] 2026-06-05T19:05:42.886Z spawned CC-MAIN-2024-22 pid=2615151 baseline_merchants=13 log=/paperclip/instances/default/workspaces/3ec8f6dd-1735-4479-9825-a2c42edac34c/logs/buy30727_lane_cc_main_2024_22.log
[buy30727] 2026-06-05T19:05:44.423Z spawned CC-MAIN-2024-18 pid=2615294 baseline_merchants=62 log=/paperclip/instances/default/workspaces/3ec8f6dd-1735-4479-9825-a2c42edac34c/logs/buy30727_lane_cc_main_2024_18.log
[buy30727] 2026-06-05T19:05:45.948Z spawned CC-MAIN-2024-10 pid=2615435 baseline_merchants=4 log=/paperclip/instances/default/workspaces/3ec8f6dd-1735-4479-9825-a2c42edac34c/logs/buy30727_lane_cc_main_2024_10.log
[buy30727] 2026-06-05T19:05:47.463Z spawned CC-MAIN-2023-50 pid=2615555 baseline_merchants=4 log=/paperclip/instances/default/workspaces/3ec8f6dd-1735-4479-9825-a2c42edac34c/logs/buy30727_lane_cc_main_2023_50.log
[buy30727] 2026-06-05T19:06:18.975Z worker CC-MAIN-2024-26 pid=2615048 saturated#145(elapsed=38s new_merchants=0 remaining=401 cooldown=240m)
[buy30727] 2026-06-05T19:06:18.991Z worker CC-MAIN-2024-22 pid=2615151 saturated#145(elapsed=36s new_merchants=0 remaining=868 cooldown=240m)
[buy30727] 2026-06-05T19:06:19.013Z worker CC-MAIN-2024-18 pid=2615294 saturated#145(elapsed=35s new_merchants=0 remaining=1033 cooldown=240m)
[buy30727] 2026-06-05T19:06:19.027Z worker CC-MAIN-2024-10 pid=2615435 saturated#145(elapsed=33s new_merchants=0 remaining=794 cooldown=240m)
[buy30727] 2026-06-05T19:06:19.034Z worker CC-MAIN-2023-50 pid=2615555 saturated#145(elapsed=32s new_merchants=0 remaining=378 cooldown=240m)
[buy30727] 2026-06-05T19:06:19.038Z spawned CC-MAIN-2023-14 pid=2616956 baseline_merchants=53 log=/paperclip/instances/default/workspaces/3ec8f6dd-1735-4479-9825-a2c42edac34c/logs/buy30727_lane_cc_main_2023_14.log
[buy30727] 2026-06-05T19:06:20.546Z spawned CC-MAIN-2023-06 pid=2616989 baseline_merchants=45 log=/paperclip/instances/default/workspaces/3ec8f6dd-1735-4479-9825-a2c42edac34c/logs/buy30727_lane_cc_main_2023_06.log
[buy30727] 2026-06-05T19:06:22.055Z spawned CC-MAIN-2022-49 pid=2617133 baseline_merchants=5 log=/paperclip/instances/default/workspaces/3ec8f6dd-1735-4479-9825-a2c42edac34c/logs/buy30727_lane_cc_main_2022_49.log
[buy30727] 2026-06-05T19:06:23.566Z spawned CC-MAIN-2022-40 pid=2617214 baseline_merchants=3 log=/paperclip/instances/default/workspaces/3ec8f6dd-1735-4479-9825-a2c42edac34c/logs/buy30727_lane_cc_main_2022_40.log
[buy30727] 2026-06-05T19:06:25.075Z spawned CC-MAIN-2026-21 pid=2617318 baseline_merchants=853 log=/paperclip/instances/default/workspaces/3ec8f6dd-1735-4479-9825-a2c42edac34c/logs/buy30727_lane_cc_main_2026_21.log
[buy30727] 2026-06-05T19:06:56.595Z worker CC-MAIN-2023-14 pid=2616956 saturated#145(elapsed=38s new_merchants=0 remaining=248 cooldown=240m)
[buy30727] 2026-06-05T19:06:56.600Z worker CC-MAIN-2023-06 pid=2616989 saturated#145(elapsed=36s new_merchants=0 remaining=318 cooldown=240m)
[buy30727] 2026-06-05T19:06:56.604Z worker CC-MAIN-2022-49 pid=2617133 saturated#145(elapsed=35s new_merchants=0 remaining=323 cooldown=240m)
[buy30727] 2026-06-05T19:06:56.607Z worker CC-MAIN-2022-40 pid=2617214 saturated#145(elapsed=33s new_merchants=0 remaining=295 cooldown=240m)
[buy30727] 2026-06-05T19:06:56.610Z worker CC-MAIN-2026-21 pid=2617318 saturated#145(elapsed=32s new_merchants=0 remaining=862 cooldown=240m)
[buy30727] 2026-06-05T19:06:56.613Z spawned CC-MAIN-2026-17 pid=2618277 baseline_merchants=7 log=/paperclip/instances/default/workspaces/3ec8f6dd-1735-4479-9825-a2c42edac34c/logs/buy30727_lane_cc_main_2026_17.log
[buy30727] 2026-06-05T19:06:58.133Z spawned CC-MAIN-2025-18 pid=2618341 baseline_merchants=72 log=/paperclip/instances/default/workspaces/3ec8f6dd-1735-4479-9825-a2c42edac34c/logs/buy30727_lane_cc_main_2025_18.log
[buy30727] 2026-06-05T19:06:59.663Z spawned CC-MAIN-2025-05 pid=2618390 baseline_merchants=7 log=/paperclip/instances/default/workspaces/3ec8f6dd-1735-4479-9825-a2c42edac34c/logs/buy30727_lane_cc_main_2025_05.log
[buy30727] 2026-06-05T19:07:01.170Z spawned CC-MAIN-2025-47 pid=2618474 baseline_merchants=1421 log=/paperclip/instances/default/workspaces/3ec8f6dd-1735-4479-9825-a2c42edac34c/logs/buy30727_lane_cc_main_2025_47.log
[buy30727] 2026-06-05T19:07:02.696Z spawned CC-MAIN-2025-51 pid=2618537 baseline_merchants=236 log=/paperclip/instances/default/workspaces/3ec8f6dd-1735-4479-9825-a2c42edac34c/logs/buy30727_lane_cc_main_2025_51.log
[buy30727] 2026-06-05T19:07:34.273Z worker CC-MAIN-2026-17 pid=2618277 saturated#146(elapsed=38s new_merchants=0 remaining=3255 cooldown=240m)
[buy30727] 2026-06-05T19:07:34.338Z worker CC-MAIN-2025-18 pid=2618341 saturated#146(elapsed=36s new_merchants=0 remaining=2382 cooldown=240m)
[buy30727] 2026-06-05T19:07:34.350Z worker CC-MAIN-2025-05 pid=2618390 saturated#146(elapsed=35s new_merchants=0 remaining=625 cooldown=240m)
[buy30727] 2026-06-05T19:07:34.451Z worker CC-MAIN-2025-47 pid=2618474 saturated#146(elapsed=33s new_merchants=0 remaining=2294 cooldown=240m)
[buy30727] 2026-06-05T19:07:34.497Z worker CC-MAIN-2025-51 pid=2618537 saturated#146(elapsed=32s new_merchants=0 remaining=2895 cooldown=240m)
[buy30727] 2026-06-05T19:07:34.508Z spawned CC-MAIN-2025-43 pid=2619755 baseline_merchants=88 log=/paperclip/instances/default/workspaces/3ec8f6dd-1735-4479-9825-a2c42edac34c/logs/buy30727_lane_cc_main_2025_43.log
[buy30727] 2026-06-05T19:07:36.062Z spawned CC-MAIN-2025-38 pid=2619801 baseline_merchants=28 log=/paperclip/instances/default/workspaces/3ec8f6dd-1735-4479-9825-a2c42edac34c/logs/buy30727_lane_cc_main_2025_38.log
[buy30727] 2026-06-05T19:07:37.606Z spawned CC-MAIN-2025-33 pid=2619881 baseline_merchants=13 log=/paperclip/instances/default/workspaces/3ec8f6dd-1735-4479-9825-a2c42edac34c/logs/buy30727_lane_cc_main_2025_33.log
[buy30727] 2026-06-05T19:07:39.145Z spawned CC-MAIN-2025-30 pid=2619997 baseline_merchants=136 log=/paperclip/instances/default/workspaces/3ec8f6dd-1735-4479-9825-a2c42edac34c/logs/buy30727_lane_cc_main_2025_30.log
[buy30727] 2026-06-05T19:07:40.671Z spawned CC-MAIN-2025-26 pid=2620042 baseline_merchants=18 log=/paperclip/instances/default/workspaces/3ec8f6dd-1735-4479-9825-a2c42edac34c/logs/buy30727_lane_cc_main_2025_26.log
[buy30727] 2026-06-05T19:08:12.235Z worker CC-MAIN-2025-43 pid=2619755 saturated#146(elapsed=38s new_merchants=0 remaining=1897 cooldown=240m)
[buy30727] 2026-06-05T19:08:12.291Z worker CC-MAIN-2025-38 pid=2619801 saturated#146(elapsed=36s new_merchants=0 remaining=1980 cooldown=240m)
[buy30727] 2026-06-05T19:08:12.372Z worker CC-MAIN-2025-33 pid=2619881 saturated#146(elapsed=35s new_merchants=0 remaining=2151 cooldown=240m)
[buy30727] 2026-06-05T19:08:12.395Z worker CC-MAIN-2025-30 pid=2619997 saturated#146(elapsed=33s new_merchants=0 remaining=2171 cooldown=240m)
[buy30727] 2026-06-05T19:08:12.402Z worker CC-MAIN-2025-26 pid=2620042 saturated#146(elapsed=32s new_merchants=0 remaining=744 cooldown=240m)
[buy30727] 2026-06-05T19:08:12.408Z spawned CC-MAIN-2025-08 pid=2621391 baseline_merchants=7 log=/paperclip/instances/default/workspaces/3ec8f6dd-1735-4479-9825-a2c42edac34c/logs/buy30727_lane_cc_main_2025_08.log
[buy30727] 2026-06-05T19:08:13.930Z spawned CC-MAIN-2024-51 pid=2621425 baseline_merchants=427 log=/paperclip/instances/default/workspaces/3ec8f6dd-1735-4479-9825-a2c42edac34c/logs/buy30727_lane_cc_main_2024_51.log
[buy30727] 2026-06-05T19:08:15.473Z spawned CC-MAIN-2024-46 pid=2621447 baseline_merchants=92 log=/paperclip/instances/default/workspaces/3ec8f6dd-1735-4479-9825-a2c42edac34c/logs/buy30727_lane_cc_main_2024_46.log
[buy30727] 2026-06-05T19:08:17.008Z spawned CC-MAIN-2024-42 pid=2621493 baseline_merchants=91 log=/paperclip/instances/default/workspaces/3ec8f6dd-1735-4479-9825-a2c42edac34c/logs/buy30727_lane_cc_main_2024_42.log
[buy30727] 2026-06-05T19:08:18.542Z spawned CC-MAIN-2024-38 pid=2621565 baseline_merchants=36 log=/paperclip/instances/default/workspaces/3ec8f6dd-1735-4479-9825-a2c42edac34c/logs/buy30727_lane_cc_main_2024_38.log
[buy30727] 2026-06-05T19:08:50.074Z worker CC-MAIN-2025-08 pid=2621391 saturated#146(elapsed=38s new_merchants=0 remaining=695 cooldown=240m)
[buy30727] 2026-06-05T19:08:50.093Z worker CC-MAIN-2024-51 pid=2621425 saturated#146(elapsed=36s new_merchants=0 remaining=1545 cooldown=240m)
[buy30727] 2026-06-05T19:08:50.123Z worker CC-MAIN-2024-46 pid=2621447 saturated#146(elapsed=35s new_merchants=0 remaining=1592 cooldown=240m)
[buy30727] 2026-06-05T19:08:50.153Z worker CC-MAIN-2024-42 pid=2621493 saturated#146(elapsed=33s new_merchants=0 remaining=1420 cooldown=240m)
[buy30727] 2026-06-05T19:08:50.158Z worker CC-MAIN-2024-38 pid=2621565 saturated#146(elapsed=32s new_merchants=0 remaining=581 cooldown=240m)
[buy30727] 2026-06-05T19:08:50.161Z spawned CC-MAIN-2024-33 pid=2622681 baseline_merchants=88 log=/paperclip/instances/default/workspaces/3ec8f6dd-1735-4479-9825-a2c42edac34c/logs/buy30727_lane_cc_main_2024_33.log
[buy30727] 2026-06-05T19:08:51.670Z spawned CC-MAIN-2024-30 pid=2622762 baseline_merchants=17 log=/paperclip/instances/default/workspaces/3ec8f6dd-1735-4479-9825-a2c42edac34c/logs/buy30727_lane_cc_main_2024_30.log
[buy30727] 2026-06-05T19:08:53.180Z spawned CC-MAIN-2024-26 pid=2622826 baseline_merchants=7 log=/paperclip/instances/default/workspaces/3ec8f6dd-1735-4479-9825-a2c42edac34c/logs/buy30727_lane_cc_main_2024_26.log
[buy30727] 2026-06-05T19:08:54.689Z spawned CC-MAIN-2024-22 pid=2622852 baseline_merchants=13 log=/paperclip/instances/default/workspaces/3ec8f6dd-1735-4479-9825-a2c42edac34c/logs/buy30727_lane_cc_main_2024_22.log
[buy30727] 2026-06-05T19:08:56.208Z spawned CC-MAIN-2024-18 pid=2622877 baseline_merchants=62 log=/paperclip/instances/default/workspaces/3ec8f6dd-1735-4479-9825-a2c42edac34c/logs/buy30727_lane_cc_main_2024_18.log
[buy30727] 2026-06-05T19:09:27.757Z worker CC-MAIN-2024-33 pid=2622681 saturated#146(elapsed=38s new_merchants=0 remaining=508 cooldown=240m)
[buy30727] 2026-06-05T19:09:27.762Z worker CC-MAIN-2024-30 pid=2622762 saturated#146(elapsed=36s new_merchants=0 remaining=424 cooldown=240m)
[buy30727] 2026-06-05T19:09:27.766Z worker CC-MAIN-2024-26 pid=2622826 saturated#146(elapsed=35s new_merchants=0 remaining=401 cooldown=240m)
[buy30727] 2026-06-05T19:09:27.780Z worker CC-MAIN-2024-22 pid=2622852 saturated#146(elapsed=33s new_merchants=0 remaining=868 cooldown=240m)
[buy30727] 2026-06-05T19:09:27.799Z worker CC-MAIN-2024-18 pid=2622877 saturated#146(elapsed=32s new_merchants=0 remaining=1033 cooldown=240m)
[buy30727] 2026-06-05T19:09:27.803Z spawned CC-MAIN-2024-10 pid=2623969 baseline_merchants=4 log=/paperclip/instances/default/workspaces/3ec8f6dd-1735-4479-9825-a2c42edac34c/logs/buy30727_lane_cc_main_2024_10.log
[buy30727] 2026-06-05T19:09:29.319Z spawned CC-MAIN-2023-50 pid=2624043 baseline_merchants=4 log=/paperclip/instances/default/workspaces/3ec8f6dd-1735-4479-9825-a2c42edac34c/logs/buy30727_lane_cc_main_2023_50.log
[buy30727] 2026-06-05T19:09:30.826Z spawned CC-MAIN-2023-14 pid=2624067 baseline_merchants=53 log=/paperclip/instances/default/workspaces/3ec8f6dd-1735-4479-9825-a2c42edac34c/logs/buy30727_lane_cc_main_2023_14.log
[buy30727] 2026-06-05T19:09:32.335Z spawned CC-MAIN-2023-06 pid=2624118 baseline_merchants=45 log=/paperclip/instances/default/workspaces/3ec8f6dd-1735-4479-9825-a2c42edac34c/logs/buy30727_lane_cc_main_2023_06.log
[buy30727] 2026-06-05T19:09:33.845Z spawned CC-MAIN-2022-49 pid=2624184 baseline_merchants=5 log=/paperclip/instances/default/workspaces/3ec8f6dd-1735-4479-9825-a2c42edac34c/logs/buy30727_lane_cc_main_2022_49.log
[buy30727] 2026-06-05T19:10:05.389Z worker CC-MAIN-2024-10 pid=2623969 saturated#146(elapsed=38s new_merchants=0 remaining=794 cooldown=240m)
[buy30727] 2026-06-05T19:10:05.396Z worker CC-MAIN-2023-50 pid=2624043 saturated#146(elapsed=36s new_merchants=0 remaining=378 cooldown=240m)
[buy30727] 2026-06-05T19:10:05.402Z worker CC-MAIN-2023-14 pid=2624067 saturated#146(elapsed=35s new_merchants=0 remaining=248 cooldown=240m)
[buy30727] 2026-06-05T19:10:05.408Z worker CC-MAIN-2023-06 pid=2624118 saturated#146(elapsed=33s new_merchants=0 remaining=318 cooldown=240m)
[buy30727] 2026-06-05T19:10:05.434Z worker CC-MAIN-2022-49 pid=2624184 saturated#146(elapsed=32s new_merchants=0 remaining=323 cooldown=240m)
[buy30727] 2026-06-05T19:10:05.452Z spawned CC-MAIN-2022-40 pid=2625819 baseline_merchants=3 log=/paperclip/instances/default/workspaces/3ec8f6dd-1735-4479-9825-a2c42edac34c/logs/buy30727_lane_cc_main_2022_40.log
[buy30727] 2026-06-05T19:10:06.975Z spawned CC-MAIN-2026-21 pid=2625915 baseline_merchants=853 log=/paperclip/instances/default/workspaces/3ec8f6dd-1735-4479-9825-a2c42edac34c/logs/buy30727_lane_cc_main_2026_21.log
[buy30727] 2026-06-05T19:10:08.485Z spawned CC-MAIN-2026-17 pid=2625941 baseline_merchants=7 log=/paperclip/instances/default/workspaces/3ec8f6dd-1735-4479-9825-a2c42edac34c/logs/buy30727_lane_cc_main_2026_17.log
[buy30727] 2026-06-05T19:10:10.015Z spawned CC-MAIN-2025-18 pid=2625991 baseline_merchants=72 log=/paperclip/instances/default/workspaces/3ec8f6dd-1735-4479-9825-a2c42edac34c/logs/buy30727_lane_cc_main_2025_18.log
[buy30727] 2026-06-05T19:10:11.540Z spawned CC-MAIN-2025-05 pid=2626139 baseline_merchants=7 log=/paperclip/instances/default/workspaces/3ec8f6dd-1735-4479-9825-a2c42edac34c/logs/buy30727_lane_cc_main_2025_05.log
[buy30727] 2026-06-05T19:10:43.083Z worker CC-MAIN-2022-40 pid=2625819 saturated#146(elapsed=38s new_merchants=0 remaining=295 cooldown=240m)
[buy30727] 2026-06-05T19:10:43.086Z worker CC-MAIN-2026-21 pid=2625915 saturated#146(elapsed=36s new_merchants=0 remaining=862 cooldown=240m)
[buy30727] 2026-06-05T19:10:43.103Z worker CC-MAIN-2026-17 pid=2625941 saturated#147(elapsed=35s new_merchants=0 remaining=3255 cooldown=240m)
[buy30727] 2026-06-05T19:10:43.129Z worker CC-MAIN-2025-18 pid=2625991 saturated#147(elapsed=33s new_merchants=0 remaining=2382 cooldown=240m)
[buy30727] 2026-06-05T19:10:43.136Z worker CC-MAIN-2025-05 pid=2626139 saturated#147(elapsed=32s new_merchants=0 remaining=625 cooldown=240m)
[buy30727] 2026-06-05T19:10:43.140Z spawned CC-MAIN-2025-47 pid=2627510 baseline_merchants=1421 log=/paperclip/instances/default/workspaces/3ec8f6dd-1735-4479-9825-a2c42edac34c/logs/buy30727_lane_cc_main_2025_47.log
[buy30727] 2026-06-05T19:10:44.674Z spawned CC-MAIN-2025-51 pid=2627822 baseline_merchants=236 log=/paperclip/instances/default/workspaces/3ec8f6dd-1735-4479-9825-a2c42edac34c/logs/buy30727_lane_cc_main_2025_51.log
[buy30727] 2026-06-05T19:10:46.198Z spawned CC-MAIN-2025-43 pid=2627931 baseline_merchants=88 log=/paperclip/instances/default/workspaces/3ec8f6dd-1735-4479-9825-a2c42edac34c/logs/buy30727_lane_cc_main_2025_43.log
[buy30727] 2026-06-05T19:10:47.732Z spawned CC-MAIN-2025-38 pid=2628082 baseline_merchants=28 log=/paperclip/instances/default/workspaces/3ec8f6dd-1735-4479-9825-a2c42edac34c/logs/buy30727_lane_cc_main_2025_38.log
[buy30727] 2026-06-05T19:10:49.256Z spawned CC-MAIN-2025-33 pid=2628342 baseline_merchants=13 log=/paperclip/instances/default/workspaces/3ec8f6dd-1735-4479-9825-a2c42edac34c/logs/buy30727_lane_cc_main_2025_33.log
[buy30727] 2026-06-05T19:11:20.841Z worker CC-MAIN-2025-47 pid=2627510 saturated#147(elapsed=38s new_merchants=0 remaining=2294 cooldown=240m)
[buy30727] 2026-06-05T19:11:20.906Z worker CC-MAIN-2025-51 pid=2627822 saturated#147(elapsed=36s new_merchants=0 remaining=2895 cooldown=240m)
[buy30727] 2026-06-05T19:11:20.942Z worker CC-MAIN-2025-43 pid=2627931 saturated#147(elapsed=35s new_merchants=0 remaining=1897 cooldown=240m)
[buy30727] 2026-06-05T19:11:20.960Z worker CC-MAIN-2025-38 pid=2628082 saturated#147(elapsed=33s new_merchants=0 remaining=1980 cooldown=240m)
[buy30727] 2026-06-05T19:11:21.013Z worker CC-MAIN-2025-33 pid=2628342 saturated#147(elapsed=32s new_merchants=0 remaining=2151 cooldown=240m)
[buy30727] 2026-06-05T19:11:21.035Z spawned CC-MAIN-2025-30 pid=2630879 baseline_merchants=136 log=/paperclip/instances/default/workspaces/3ec8f6dd-1735-4479-9825-a2c42edac34c/logs/buy30727_lane_cc_main_2025_30.log
[buy30727] 2026-06-05T19:11:22.596Z spawned CC-MAIN-2025-26 pid=2631072 baseline_merchants=18 log=/paperclip/instances/default/workspaces/3ec8f6dd-1735-4479-9825-a2c42edac34c/logs/buy30727_lane_cc_main_2025_26.log
[buy30727] 2026-06-05T19:11:24.123Z spawned CC-MAIN-2025-08 pid=2631180 baseline_merchants=7 log=/paperclip/instances/default/workspaces/3ec8f6dd-1735-4479-9825-a2c42edac34c/logs/buy30727_lane_cc_main_2025_08.log
[buy30727] 2026-06-05T19:11:25.640Z spawned CC-MAIN-2024-51 pid=2631348 baseline_merchants=427 log=/paperclip/instances/default/workspaces/3ec8f6dd-1735-4479-9825-a2c42edac34c/logs/buy30727_lane_cc_main_2024_51.log
[buy30727] 2026-06-05T19:11:27.186Z spawned CC-MAIN-2024-46 pid=2631477 baseline_merchants=92 log=/paperclip/instances/default/workspaces/3ec8f6dd-1735-4479-9825-a2c42edac34c/logs/buy30727_lane_cc_main_2024_46.log
[buy30727] 2026-06-05T19:11:28.907Z tick=60 active=5 drained=20 saturated=27 known_merchants=15704 status=[CC-MAIN-2025-30:2171/51939, CC-MAIN-2025-26:744/15752, CC-MAIN-2025-08:695/16394, CC-MAIN-2024-51:1545/44052, CC-MAIN-2024-46:1592/59556]
[buy30727] 2026-06-05T19:11:58.955Z worker CC-MAIN-2025-30 pid=2630879 saturated#147(elapsed=38s new_merchants=0 remaining=2171 cooldown=240m)
[buy30727] 2026-06-05T19:11:58.960Z worker CC-MAIN-2025-26 pid=2631072 saturated#147(elapsed=36s new_merchants=0 remaining=744 cooldown=240m)
[buy30727] 2026-06-05T19:11:58.965Z worker CC-MAIN-2025-08 pid=2631180 saturated#147(elapsed=35s new_merchants=0 remaining=695 cooldown=240m)
[buy30727] 2026-06-05T19:11:58.986Z worker CC-MAIN-2024-51 pid=2631348 saturated#147(elapsed=33s new_merchants=0 remaining=1545 cooldown=240m)
[buy30727] 2026-06-05T19:11:59.010Z worker CC-MAIN-2024-46 pid=2631477 saturated#147(elapsed=32s new_merchants=0 remaining=1592 cooldown=240m)
[buy30727] 2026-06-05T19:11:59.015Z spawned CC-MAIN-2024-42 pid=2634110 baseline_merchants=91 log=/paperclip/instances/default/workspaces/3ec8f6dd-1735-4479-9825-a2c42edac34c/logs/buy30727_lane_cc_main_2024_42.log
[buy30727] 2026-06-05T19:12:00.545Z spawned CC-MAIN-2024-38 pid=2634292 baseline_merchants=36 log=/paperclip/instances/default/workspaces/3ec8f6dd-1735-4479-9825-a2c42edac34c/logs/buy30727_lane_cc_main_2024_38.log
[buy30727] 2026-06-05T19:12:02.057Z spawned CC-MAIN-2024-33 pid=2634402 baseline_merchants=88 log=/paperclip/instances/default/workspaces/3ec8f6dd-1735-4479-9825-a2c42edac34c/logs/buy30727_lane_cc_main_2024_33.log
[buy30727] 2026-06-05T19:12:03.569Z spawned CC-MAIN-2024-30 pid=2634509 baseline_merchants=17 log=/paperclip/instances/default/workspaces/3ec8f6dd-1735-4479-9825-a2c42edac34c/logs/buy30727_lane_cc_main_2024_30.log
[buy30727] 2026-06-05T19:12:05.078Z spawned CC-MAIN-2024-26 pid=2634602 baseline_merchants=7 log=/paperclip/instances/default/workspaces/3ec8f6dd-1735-4479-9825-a2c42edac34c/logs/buy30727_lane_cc_main_2024_26.log
[buy30727] 2026-06-05T19:12:36.637Z worker CC-MAIN-2024-42 pid=2634110 saturated#147(elapsed=38s new_merchants=0 remaining=1420 cooldown=240m)
[buy30727] 2026-06-05T19:12:36.642Z worker CC-MAIN-2024-38 pid=2634292 saturated#147(elapsed=36s new_merchants=0 remaining=581 cooldown=240m)
[buy30727] 2026-06-05T19:12:36.646Z worker CC-MAIN-2024-33 pid=2634402 saturated#147(elapsed=35s new_merchants=0 remaining=508 cooldown=240m)
[buy30727] 2026-06-05T19:12:36.655Z worker CC-MAIN-2024-30 pid=2634509 saturated#147(elapsed=33s new_merchants=0 remaining=424 cooldown=240m)
[buy30727] 2026-06-05T19:12:36.659Z worker CC-MAIN-2024-26 pid=2634602 saturated#147(elapsed=32s new_merchants=0 remaining=401 cooldown=240m)
[buy30727] 2026-06-05T19:12:36.662Z spawned CC-MAIN-2024-22 pid=2636217 baseline_merchants=13 log=/paperclip/instances/default/workspaces/3ec8f6dd-1735-4479-9825-a2c42edac34c/logs/buy30727_lane_cc_main_2024_22.log
[buy30727] 2026-06-05T19:12:38.185Z spawned CC-MAIN-2024-18 pid=2636257 baseline_merchants=62 log=/paperclip/instances/default/workspaces/3ec8f6dd-1735-4479-9825-a2c42edac34c/logs/buy30727_lane_cc_main_2024_18.log
[buy30727] 2026-06-05T19:12:39.715Z spawned CC-MAIN-2024-10 pid=2636321 baseline_merchants=4 log=/paperclip/instances/default/workspaces/3ec8f6dd-1735-4479-9825-a2c42edac34c/logs/buy30727_lane_cc_main_2024_10.log
[buy30727] 2026-06-05T19:12:41.240Z spawned CC-MAIN-2023-50 pid=2636361 baseline_merchants=4 log=/paperclip/instances/default/workspaces/3ec8f6dd-1735-4479-9825-a2c42edac34c/logs/buy30727_lane_cc_main_2023_50.log
[buy30727] 2026-06-05T19:12:42.748Z spawned CC-MAIN-2023-14 pid=2636402 baseline_merchants=53 log=/paperclip/instances/default/workspaces/3ec8f6dd-1735-4479-9825-a2c42edac34c/logs/buy30727_lane_cc_main_2023_14.log
[buy30727] 2026-06-05T19:13:14.267Z worker CC-MAIN-2024-22 pid=2636217 saturated#147(elapsed=38s new_merchants=0 remaining=868 cooldown=240m)
[buy30727] 2026-06-05T19:13:14.295Z worker CC-MAIN-2024-18 pid=2636257 saturated#147(elapsed=36s new_merchants=0 remaining=1033 cooldown=240m)
[buy30727] 2026-06-05T19:13:14.309Z worker CC-MAIN-2024-10 pid=2636321 saturated#147(elapsed=35s new_merchants=0 remaining=794 cooldown=240m)
[buy30727] 2026-06-05T19:13:14.315Z worker CC-MAIN-2023-50 pid=2636361 saturated#147(elapsed=33s new_merchants=0 remaining=378 cooldown=240m)
[buy30727] 2026-06-05T19:13:14.320Z worker CC-MAIN-2023-14 pid=2636402 saturated#147(elapsed=32s new_merchants=0 remaining=248 cooldown=240m)
[buy30727] 2026-06-05T19:13:14.324Z spawned CC-MAIN-2023-06 pid=2637665 baseline_merchants=45 log=/paperclip/instances/default/workspaces/3ec8f6dd-1735-4479-9825-a2c42edac34c/logs/buy30727_lane_cc_main_2023_06.log
[buy30727] 2026-06-05T19:13:15.841Z spawned CC-MAIN-2022-49 pid=2637743 baseline_merchants=5 log=/paperclip/instances/default/workspaces/3ec8f6dd-1735-4479-9825-a2c42edac34c/logs/buy30727_lane_cc_main_2022_49.log
[buy30727] 2026-06-05T19:13:17.355Z spawned CC-MAIN-2022-40 pid=2637858 baseline_merchants=3 log=/paperclip/instances/default/workspaces/3ec8f6dd-1735-4479-9825-a2c42edac34c/logs/buy30727_lane_cc_main_2022_40.log
[buy30727] 2026-06-05T19:13:18.870Z spawned CC-MAIN-2026-21 pid=2637922 baseline_merchants=853 log=/paperclip/instances/default/workspaces/3ec8f6dd-1735-4479-9825-a2c42edac34c/logs/buy30727_lane_cc_main_2026_21.log
[buy30727] 2026-06-05T19:13:20.381Z spawned CC-MAIN-2026-17 pid=2637970 baseline_merchants=7 log=/paperclip/instances/default/workspaces/3ec8f6dd-1735-4479-9825-a2c42edac34c/logs/buy30727_lane_cc_main_2026_17.log
[buy30727] 2026-06-05T19:13:51.945Z worker CC-MAIN-2023-06 pid=2637665 saturated#147(elapsed=38s new_merchants=0 remaining=318 cooldown=240m)
[buy30727] 2026-06-05T19:13:51.950Z worker CC-MAIN-2022-49 pid=2637743 saturated#147(elapsed=36s new_merchants=0 remaining=323 cooldown=240m)
[buy30727] 2026-06-05T19:13:51.959Z worker CC-MAIN-2022-40 pid=2637858 saturated#147(elapsed=35s new_merchants=0 remaining=295 cooldown=240m)
[buy30727] 2026-06-05T19:13:51.964Z worker CC-MAIN-2026-21 pid=2637922 saturated#147(elapsed=33s new_merchants=0 remaining=862 cooldown=240m)
[buy30727] 2026-06-05T19:13:51.985Z worker CC-MAIN-2026-17 pid=2637970 saturated#148(elapsed=32s new_merchants=0 remaining=3255 cooldown=240m)
[buy30727] 2026-06-05T19:13:51.989Z spawned CC-MAIN-2025-18 pid=2638966 baseline_merchants=72 log=/paperclip/instances/default/workspaces/3ec8f6dd-1735-4479-9825-a2c42edac34c/logs/buy30727_lane_cc_main_2025_18.log
[buy30727] 2026-06-05T19:13:53.533Z spawned CC-MAIN-2025-05 pid=2639004 baseline_merchants=7 log=/paperclip/instances/default/workspaces/3ec8f6dd-1735-4479-9825-a2c42edac34c/logs/buy30727_lane_cc_main_2025_05.log
[buy30727] 2026-06-05T19:13:55.043Z spawned CC-MAIN-2025-47 pid=2639087 baseline_merchants=1421 log=/paperclip/instances/default/workspaces/3ec8f6dd-1735-4479-9825-a2c42edac34c/logs/buy30727_lane_cc_main_2025_47.log
[buy30727] 2026-06-05T19:13:56.566Z spawned CC-MAIN-2025-51 pid=2639248 baseline_merchants=236 log=/paperclip/instances/default/workspaces/3ec8f6dd-1735-4479-9825-a2c42edac34c/logs/buy30727_lane_cc_main_2025_51.log
[buy30727] 2026-06-05T19:13:58.092Z spawned CC-MAIN-2025-43 pid=2639319 baseline_merchants=88 log=/paperclip/instances/default/workspaces/3ec8f6dd-1735-4479-9825-a2c42edac34c/logs/buy30727_lane_cc_main_2025_43.log
[buy30727] 2026-06-05T19:14:29.664Z worker CC-MAIN-2025-18 pid=2638966 saturated#148(elapsed=38s new_merchants=0 remaining=2382 cooldown=240m)
[buy30727] 2026-06-05T19:14:29.667Z worker CC-MAIN-2025-05 pid=2639004 saturated#148(elapsed=36s new_merchants=0 remaining=625 cooldown=240m)
[buy30727] 2026-06-05T19:14:29.679Z worker CC-MAIN-2025-47 pid=2639087 saturated#148(elapsed=35s new_merchants=0 remaining=2294 cooldown=240m)
[buy30727] 2026-06-05T19:14:29.689Z worker CC-MAIN-2025-51 pid=2639248 saturated#148(elapsed=33s new_merchants=0 remaining=2895 cooldown=240m)
[buy30727] 2026-06-05T19:14:29.705Z worker CC-MAIN-2025-43 pid=2639319 saturated#148(elapsed=32s new_merchants=0 remaining=1897 cooldown=240m)
[buy30727] 2026-06-05T19:14:29.708Z spawned CC-MAIN-2025-38 pid=2640475 baseline_merchants=28 log=/paperclip/instances/default/workspaces/3ec8f6dd-1735-4479-9825-a2c42edac34c/logs/buy30727_lane_cc_main_2025_38.log
[buy30727] 2026-06-05T19:14:31.235Z spawned CC-MAIN-2025-33 pid=2640515 baseline_merchants=13 log=/paperclip/instances/default/workspaces/3ec8f6dd-1735-4479-9825-a2c42edac34c/logs/buy30727_lane_cc_main_2025_33.log
[buy30727] 2026-06-05T19:14:32.758Z spawned CC-MAIN-2025-30 pid=2640582 baseline_merchants=136 log=/paperclip/instances/default/workspaces/3ec8f6dd-1735-4479-9825-a2c42edac34c/logs/buy30727_lane_cc_main_2025_30.log
[buy30727] 2026-06-05T19:14:34.296Z spawned CC-MAIN-2025-26 pid=2640625 baseline_merchants=18 log=/paperclip/instances/default/workspaces/3ec8f6dd-1735-4479-9825-a2c42edac34c/logs/buy30727_lane_cc_main_2025_26.log
[buy30727] 2026-06-05T19:14:35.808Z spawned CC-MAIN-2025-08 pid=2640718 baseline_merchants=7 log=/paperclip/instances/default/workspaces/3ec8f6dd-1735-4479-9825-a2c42edac34c/logs/buy30727_lane_cc_main_2025_08.log
[buy30727] 2026-06-05T19:15:07.362Z worker CC-MAIN-2025-38 pid=2640475 saturated#148(elapsed=38s new_merchants=0 remaining=1980 cooldown=240m)
[buy30727] 2026-06-05T19:15:07.388Z worker CC-MAIN-2025-33 pid=2640515 saturated#148(elapsed=36s new_merchants=0 remaining=2151 cooldown=240m)
[buy30727] 2026-06-05T19:15:07.416Z worker CC-MAIN-2025-30 pid=2640582 saturated#148(elapsed=35s new_merchants=0 remaining=2171 cooldown=240m)
[buy30727] 2026-06-05T19:15:07.421Z worker CC-MAIN-2025-26 pid=2640625 saturated#148(elapsed=33s new_merchants=0 remaining=744 cooldown=240m)
[buy30727] 2026-06-05T19:15:07.427Z worker CC-MAIN-2025-08 pid=2640718 saturated#148(elapsed=32s new_merchants=0 remaining=695 cooldown=240m)
[buy30727] 2026-06-05T19:15:07.430Z spawned CC-MAIN-2024-51 pid=2642147 baseline_merchants=427 log=/paperclip/instances/default/workspaces/3ec8f6dd-1735-4479-9825-a2c42edac34c/logs/buy30727_lane_cc_main_2024_51.log
[buy30727] 2026-06-05T19:15:08.962Z spawned CC-MAIN-2024-46 pid=2642244 baseline_merchants=92 log=/paperclip/instances/default/workspaces/3ec8f6dd-1735-4479-9825-a2c42edac34c/logs/buy30727_lane_cc_main_2024_46.log
[buy30727] 2026-06-05T19:15:10.484Z spawned CC-MAIN-2024-42 pid=2642289 baseline_merchants=91 log=/paperclip/instances/default/workspaces/3ec8f6dd-1735-4479-9825-a2c42edac34c/logs/buy30727_lane_cc_main_2024_42.log
[buy30727] 2026-06-05T19:15:12.013Z spawned CC-MAIN-2024-38 pid=2642344 baseline_merchants=36 log=/paperclip/instances/default/workspaces/3ec8f6dd-1735-4479-9825-a2c42edac34c/logs/buy30727_lane_cc_main_2024_38.log
[buy30727] 2026-06-05T19:15:13.524Z spawned CC-MAIN-2024-33 pid=2642387 baseline_merchants=88 log=/paperclip/instances/default/workspaces/3ec8f6dd-1735-4479-9825-a2c42edac34c/logs/buy30727_lane_cc_main_2024_33.log
[buy30727] 2026-06-05T19:15:45.089Z worker CC-MAIN-2024-51 pid=2642147 saturated#148(elapsed=38s new_merchants=0 remaining=1545 cooldown=240m)
[buy30727] 2026-06-05T19:15:45.129Z worker CC-MAIN-2024-46 pid=2642244 saturated#148(elapsed=36s new_merchants=0 remaining=1592 cooldown=240m)
[buy30727] 2026-06-05T19:15:45.173Z worker CC-MAIN-2024-42 pid=2642289 saturated#148(elapsed=35s new_merchants=0 remaining=1420 cooldown=240m)
[buy30727] 2026-06-05T19:15:45.178Z worker CC-MAIN-2024-38 pid=2642344 saturated#148(elapsed=33s new_merchants=0 remaining=581 cooldown=240m)
[buy30727] 2026-06-05T19:15:45.183Z worker CC-MAIN-2024-33 pid=2642387 saturated#148(elapsed=32s new_merchants=0 remaining=508 cooldown=240m)
[buy30727] 2026-06-05T19:15:45.186Z spawned CC-MAIN-2024-30 pid=2643733 baseline_merchants=17 log=/paperclip/instances/default/workspaces/3ec8f6dd-1735-4479-9825-a2c42edac34c/logs/buy30727_lane_cc_main_2024_30.log
[buy30727] 2026-06-05T19:15:46.696Z spawned CC-MAIN-2024-26 pid=2643827 baseline_merchants=7 log=/paperclip/instances/default/workspaces/3ec8f6dd-1735-4479-9825-a2c42edac34c/logs/buy30727_lane_cc_main_2024_26.log
[buy30727] 2026-06-05T19:15:48.206Z spawned CC-MAIN-2024-22 pid=2643937 baseline_merchants=13 log=/paperclip/instances/default/workspaces/3ec8f6dd-1735-4479-9825-a2c42edac34c/logs/buy30727_lane_cc_main_2024_22.log
[buy30727] 2026-06-05T19:15:49.728Z spawned CC-MAIN-2024-18 pid=2643980 baseline_merchants=62 log=/paperclip/instances/default/workspaces/3ec8f6dd-1735-4479-9825-a2c42edac34c/logs/buy30727_lane_cc_main_2024_18.log
[buy30727] 2026-06-05T19:15:51.252Z spawned CC-MAIN-2024-10 pid=2644041 baseline_merchants=4 log=/paperclip/instances/default/workspaces/3ec8f6dd-1735-4479-9825-a2c42edac34c/logs/buy30727_lane_cc_main_2024_10.log
[buy30727] 2026-06-05T19:16:22.805Z worker CC-MAIN-2024-30 pid=2643733 saturated#148(elapsed=38s new_merchants=0 remaining=424 cooldown=240m)
[buy30727] 2026-06-05T19:16:22.812Z worker CC-MAIN-2024-26 pid=2643827 saturated#148(elapsed=36s new_merchants=0 remaining=401 cooldown=240m)
[buy30727] 2026-06-05T19:16:22.842Z worker CC-MAIN-2024-22 pid=2643937 saturated#148(elapsed=35s new_merchants=0 remaining=868 cooldown=240m)
[buy30727] 2026-06-05T19:16:22.874Z worker CC-MAIN-2024-18 pid=2643980 saturated#148(elapsed=33s new_merchants=0 remaining=1033 cooldown=240m)
[buy30727] 2026-06-05T19:16:22.907Z worker CC-MAIN-2024-10 pid=2644041 saturated#148(elapsed=32s new_merchants=0 remaining=794 cooldown=240m)
[buy30727] 2026-06-05T19:16:22.912Z spawned CC-MAIN-2023-50 pid=2646139 baseline_merchants=4 log=/paperclip/instances/default/workspaces/3ec8f6dd-1735-4479-9825-a2c42edac34c/logs/buy30727_lane_cc_main_2023_50.log
[buy30727] 2026-06-05T19:16:24.431Z spawned CC-MAIN-2023-14 pid=2646187 baseline_merchants=53 log=/paperclip/instances/default/workspaces/3ec8f6dd-1735-4479-9825-a2c42edac34c/logs/buy30727_lane_cc_main_2023_14.log
[buy30727] 2026-06-05T19:16:25.945Z spawned CC-MAIN-2023-06 pid=2646269 baseline_merchants=45 log=/paperclip/instances/default/workspaces/3ec8f6dd-1735-4479-9825-a2c42edac34c/logs/buy30727_lane_cc_main_2023_06.log
[buy30727] 2026-06-05T19:16:27.457Z spawned CC-MAIN-2022-49 pid=2646306 baseline_merchants=5 log=/paperclip/instances/default/workspaces/3ec8f6dd-1735-4479-9825-a2c42edac34c/logs/buy30727_lane_cc_main_2022_49.log
[buy30727] 2026-06-05T19:16:28.972Z spawned CC-MAIN-2022-40 pid=2646477 baseline_merchants=3 log=/paperclip/instances/default/workspaces/3ec8f6dd-1735-4479-9825-a2c42edac34c/logs/buy30727_lane_cc_main_2022_40.log
[buy30727] 2026-06-05T19:17:00.517Z worker CC-MAIN-2023-50 pid=2646139 saturated#148(elapsed=38s new_merchants=0 remaining=378 cooldown=240m)
[buy30727] 2026-06-05T19:17:00.525Z worker CC-MAIN-2023-14 pid=2646187 saturated#148(elapsed=36s new_merchants=0 remaining=248 cooldown=240m)
[buy30727] 2026-06-05T19:17:00.532Z worker CC-MAIN-2023-06 pid=2646269 saturated#148(elapsed=35s new_merchants=0 remaining=318 cooldown=240m)
[buy30727] 2026-06-05T19:17:00.543Z worker CC-MAIN-2022-49 pid=2646306 saturated#148(elapsed=33s new_merchants=0 remaining=323 cooldown=240m)
[buy30727] 2026-06-05T19:17:00.557Z worker CC-MAIN-2022-40 pid=2646477 saturated#148(elapsed=32s new_merchants=0 remaining=295 cooldown=240m)
[buy30727] 2026-06-05T19:17:00.561Z spawned CC-MAIN-2026-21 pid=2647809 baseline_merchants=853 log=/paperclip/instances/default/workspaces/3ec8f6dd-1735-4479-9825-a2c42edac34c/logs/buy30727_lane_cc_main_2026_21.log
[buy30727] 2026-06-05T19:17:02.079Z spawned CC-MAIN-2026-17 pid=2647929 baseline_merchants=7 log=/paperclip/instances/default/workspaces/3ec8f6dd-1735-4479-9825-a2c42edac34c/logs/buy30727_lane_cc_main_2026_17.log
[buy30727] 2026-06-05T19:17:03.615Z spawned CC-MAIN-2025-18 pid=2647992 baseline_merchants=72 log=/paperclip/instances/default/workspaces/3ec8f6dd-1735-4479-9825-a2c42edac34c/logs/buy30727_lane_cc_main_2025_18.log
[buy30727] 2026-06-05T19:17:05.156Z spawned CC-MAIN-2025-05 pid=2648066 baseline_merchants=7 log=/paperclip/instances/default/workspaces/3ec8f6dd-1735-4479-9825-a2c42edac34c/logs/buy30727_lane_cc_main_2025_05.log
[buy30727] 2026-06-05T19:17:06.665Z spawned CC-MAIN-2025-47 pid=2648144 baseline_merchants=1421 log=/paperclip/instances/default/workspaces/3ec8f6dd-1735-4479-9825-a2c42edac34c/logs/buy30727_lane_cc_main_2025_47.log
[buy30727] 2026-06-05T19:17:38.222Z worker CC-MAIN-2026-21 pid=2647809 saturated#148(elapsed=38s new_merchants=0 remaining=862 cooldown=240m)
[buy30727] 2026-06-05T19:17:38.231Z worker CC-MAIN-2026-17 pid=2647929 saturated#149(elapsed=36s new_merchants=0 remaining=3255 cooldown=240m)
[buy30727] 2026-06-05T19:17:38.247Z worker CC-MAIN-2025-18 pid=2647992 saturated#149(elapsed=35s new_merchants=0 remaining=2382 cooldown=240m)
[buy30727] 2026-06-05T19:17:38.250Z worker CC-MAIN-2025-05 pid=2648066 saturated#149(elapsed=33s new_merchants=0 remaining=625 cooldown=240m)
[buy30727] 2026-06-05T19:17:38.264Z worker CC-MAIN-2025-47 pid=2648144 saturated#149(elapsed=32s new_merchants=0 remaining=2294 cooldown=240m)
[buy30727] 2026-06-05T19:17:38.268Z spawned CC-MAIN-2025-51 pid=2649497 baseline_merchants=236 log=/paperclip/instances/default/workspaces/3ec8f6dd-1735-4479-9825-a2c42edac34c/logs/buy30727_lane_cc_main_2025_51.log
[buy30727] 2026-06-05T19:17:39.792Z spawned CC-MAIN-2025-43 pid=2649571 baseline_merchants=88 log=/paperclip/instances/default/workspaces/3ec8f6dd-1735-4479-9825-a2c42edac34c/logs/buy30727_lane_cc_main_2025_43.log
[buy30727] 2026-06-05T19:17:41.310Z spawned CC-MAIN-2025-38 pid=2649614 baseline_merchants=28 log=/paperclip/instances/default/workspaces/3ec8f6dd-1735-4479-9825-a2c42edac34c/logs/buy30727_lane_cc_main_2025_38.log
[buy30727] 2026-06-05T19:17:42.845Z spawned CC-MAIN-2025-33 pid=2649686 baseline_merchants=13 log=/paperclip/instances/default/workspaces/3ec8f6dd-1735-4479-9825-a2c42edac34c/logs/buy30727_lane_cc_main_2025_33.log
[buy30727] 2026-06-05T19:17:44.367Z spawned CC-MAIN-2025-30 pid=2649794 baseline_merchants=136 log=/paperclip/instances/default/workspaces/3ec8f6dd-1735-4479-9825-a2c42edac34c/logs/buy30727_lane_cc_main_2025_30.log
[buy30727] 2026-06-05T19:17:45.953Z tick=70 active=5 drained=20 saturated=27 known_merchants=15704 status=[CC-MAIN-2025-51:2895/45604, CC-MAIN-2025-43:1897/45093, CC-MAIN-2025-38:1980/47922, CC-MAIN-2025-33:2151/52953, CC-MAIN-2025-30:2171/51939]
[buy30727] 2026-06-05T19:18:16.017Z worker CC-MAIN-2025-51 pid=2649497 saturated#149(elapsed=38s new_merchants=0 remaining=2895 cooldown=240m)
[buy30727] 2026-06-05T19:18:16.053Z worker CC-MAIN-2025-43 pid=2649571 saturated#149(elapsed=36s new_merchants=0 remaining=1897 cooldown=240m)
[buy30727] 2026-06-05T19:18:16.106Z worker CC-MAIN-2025-38 pid=2649614 saturated#149(elapsed=35s new_merchants=0 remaining=1980 cooldown=240m)
[buy30727] 2026-06-05T19:18:16.186Z worker CC-MAIN-2025-33 pid=2649686 saturated#149(elapsed=33s new_merchants=0 remaining=2151 cooldown=240m)
[buy30727] 2026-06-05T19:18:16.261Z worker CC-MAIN-2025-30 pid=2649794 saturated#149(elapsed=32s new_merchants=0 remaining=2171 cooldown=240m)
[buy30727] 2026-06-05T19:18:16.277Z spawned CC-MAIN-2025-26 pid=2651055 baseline_merchants=18 log=/paperclip/instances/default/workspaces/3ec8f6dd-1735-4479-9825-a2c42edac34c/logs/buy30727_lane_cc_main_2025_26.log
[buy30727] 2026-06-05T19:18:17.808Z spawned CC-MAIN-2025-08 pid=2651088 baseline_merchants=7 log=/paperclip/instances/default/workspaces/3ec8f6dd-1735-4479-9825-a2c42edac34c/logs/buy30727_lane_cc_main_2025_08.log
[buy30727] 2026-06-05T19:18:19.351Z spawned CC-MAIN-2024-51 pid=2651139 baseline_merchants=427 log=/paperclip/instances/default/workspaces/3ec8f6dd-1735-4479-9825-a2c42edac34c/logs/buy30727_lane_cc_main_2024_51.log
[buy30727] 2026-06-05T19:18:20.929Z spawned CC-MAIN-2024-46 pid=2651201 baseline_merchants=92 log=/paperclip/instances/default/workspaces/3ec8f6dd-1735-4479-9825-a2c42edac34c/logs/buy30727_lane_cc_main_2024_46.log
[buy30727] 2026-06-05T19:18:22.529Z spawned CC-MAIN-2024-42 pid=2651300 baseline_merchants=91 log=/paperclip/instances/default/workspaces/3ec8f6dd-1735-4479-9825-a2c42edac34c/logs/buy30727_lane_cc_main_2024_42.log
[buy30727] 2026-06-05T19:18:54.109Z worker CC-MAIN-2025-26 pid=2651055 saturated#149(elapsed=38s new_merchants=0 remaining=744 cooldown=240m)
[buy30727] 2026-06-05T19:18:54.117Z worker CC-MAIN-2025-08 pid=2651088 saturated#149(elapsed=36s new_merchants=0 remaining=695 cooldown=240m)
[buy30727] 2026-06-05T19:18:54.136Z worker CC-MAIN-2024-51 pid=2651139 saturated#149(elapsed=35s new_merchants=0 remaining=1545 cooldown=240m)
[buy30727] 2026-06-05T19:18:54.163Z worker CC-MAIN-2024-46 pid=2651201 saturated#149(elapsed=33s new_merchants=0 remaining=1592 cooldown=240m)
[buy30727] 2026-06-05T19:18:54.191Z worker CC-MAIN-2024-42 pid=2651300 saturated#149(elapsed=32s new_merchants=0 remaining=1420 cooldown=240m)
[buy30727] 2026-06-05T19:18:54.195Z spawned CC-MAIN-2024-38 pid=2652778 baseline_merchants=36 log=/paperclip/instances/default/workspaces/3ec8f6dd-1735-4479-9825-a2c42edac34c/logs/buy30727_lane_cc_main_2024_38.log
[buy30727] 2026-06-05T19:18:55.706Z spawned CC-MAIN-2024-33 pid=2652833 baseline_merchants=88 log=/paperclip/instances/default/workspaces/3ec8f6dd-1735-4479-9825-a2c42edac34c/logs/buy30727_lane_cc_main_2024_33.log
[buy30727] 2026-06-05T19:18:57.221Z spawned CC-MAIN-2024-30 pid=2652908 baseline_merchants=17 log=/paperclip/instances/default/workspaces/3ec8f6dd-1735-4479-9825-a2c42edac34c/logs/buy30727_lane_cc_main_2024_30.log
[buy30727] 2026-06-05T19:18:58.731Z spawned CC-MAIN-2024-26 pid=2652983 baseline_merchants=7 log=/paperclip/instances/default/workspaces/3ec8f6dd-1735-4479-9825-a2c42edac34c/logs/buy30727_lane_cc_main_2024_26.log
[buy30727] 2026-06-05T19:19:00.241Z spawned CC-MAIN-2024-22 pid=2653053 baseline_merchants=13 log=/paperclip/instances/default/workspaces/3ec8f6dd-1735-4479-9825-a2c42edac34c/logs/buy30727_lane_cc_main_2024_22.log
[buy30727] 2026-06-05T19:19:31.801Z worker CC-MAIN-2024-38 pid=2652778 saturated#149(elapsed=38s new_merchants=0 remaining=581 cooldown=240m)
[buy30727] 2026-06-05T19:19:31.812Z worker CC-MAIN-2024-33 pid=2652833 saturated#149(elapsed=36s new_merchants=0 remaining=508 cooldown=240m)
[buy30727] 2026-06-05T19:19:31.818Z worker CC-MAIN-2024-30 pid=2652908 saturated#149(elapsed=35s new_merchants=0 remaining=424 cooldown=240m)
[buy30727] 2026-06-05T19:19:31.825Z worker CC-MAIN-2024-26 pid=2652983 saturated#149(elapsed=33s new_merchants=0 remaining=401 cooldown=240m)
[buy30727] 2026-06-05T19:19:31.849Z worker CC-MAIN-2024-22 pid=2653053 saturated#149(elapsed=32s new_merchants=0 remaining=868 cooldown=240m)
[buy30727] 2026-06-05T19:19:31.854Z spawned CC-MAIN-2024-18 pid=2654200 baseline_merchants=62 log=/paperclip/instances/default/workspaces/3ec8f6dd-1735-4479-9825-a2c42edac34c/logs/buy30727_lane_cc_main_2024_18.log
[buy30727] 2026-06-05T19:19:33.402Z spawned CC-MAIN-2024-10 pid=2654303 baseline_merchants=4 log=/paperclip/instances/default/workspaces/3ec8f6dd-1735-4479-9825-a2c42edac34c/logs/buy30727_lane_cc_main_2024_10.log
[buy30727] 2026-06-05T19:19:34.925Z spawned CC-MAIN-2023-50 pid=2654422 baseline_merchants=4 log=/paperclip/instances/default/workspaces/3ec8f6dd-1735-4479-9825-a2c42edac34c/logs/buy30727_lane_cc_main_2023_50.log
[buy30727] 2026-06-05T19:19:36.434Z spawned CC-MAIN-2023-14 pid=2654631 baseline_merchants=53 log=/paperclip/instances/default/workspaces/3ec8f6dd-1735-4479-9825-a2c42edac34c/logs/buy30727_lane_cc_main_2023_14.log
[buy30727] 2026-06-05T19:19:37.948Z spawned CC-MAIN-2023-06 pid=2654728 baseline_merchants=45 log=/paperclip/instances/default/workspaces/3ec8f6dd-1735-4479-9825-a2c42edac34c/logs/buy30727_lane_cc_main_2023_06.log
[buy30727] 2026-06-05T19:20:09.523Z worker CC-MAIN-2024-18 pid=2654200 saturated#149(elapsed=38s new_merchants=0 remaining=1033 cooldown=240m)
[buy30727] 2026-06-05T19:20:09.544Z worker CC-MAIN-2024-10 pid=2654303 saturated#149(elapsed=36s new_merchants=0 remaining=794 cooldown=240m)
[buy30727] 2026-06-05T19:20:09.556Z worker CC-MAIN-2023-50 pid=2654422 saturated#149(elapsed=35s new_merchants=0 remaining=378 cooldown=240m)
[buy30727] 2026-06-05T19:20:09.561Z worker CC-MAIN-2023-14 pid=2654631 saturated#149(elapsed=33s new_merchants=0 remaining=248 cooldown=240m)
[buy30727] 2026-06-05T19:20:09.567Z worker CC-MAIN-2023-06 pid=2654728 saturated#149(elapsed=32s new_merchants=0 remaining=318 cooldown=240m)
[buy30727] 2026-06-05T19:20:09.571Z spawned CC-MAIN-2022-49 pid=2656736 baseline_merchants=5 log=/paperclip/instances/default/workspaces/3ec8f6dd-1735-4479-9825-a2c42edac34c/logs/buy30727_lane_cc_main_2022_49.log
[buy30727] 2026-06-05T19:20:11.083Z spawned CC-MAIN-2022-40 pid=2656850 baseline_merchants=3 log=/paperclip/instances/default/workspaces/3ec8f6dd-1735-4479-9825-a2c42edac34c/logs/buy30727_lane_cc_main_2022_40.log
[buy30727] 2026-06-05T19:20:12.594Z spawned CC-MAIN-2026-21 pid=2656903 baseline_merchants=853 log=/paperclip/instances/default/workspaces/3ec8f6dd-1735-4479-9825-a2c42edac34c/logs/buy30727_lane_cc_main_2026_21.log
[buy30727] 2026-06-05T19:20:14.102Z spawned CC-MAIN-2026-17 pid=2657002 baseline_merchants=7 log=/paperclip/instances/default/workspaces/3ec8f6dd-1735-4479-9825-a2c42edac34c/logs/buy30727_lane_cc_main_2026_17.log
[buy30727] 2026-06-05T19:20:15.624Z spawned CC-MAIN-2025-18 pid=2657049 baseline_merchants=72 log=/paperclip/instances/default/workspaces/3ec8f6dd-1735-4479-9825-a2c42edac34c/logs/buy30727_lane_cc_main_2025_18.log
[buy30727] 2026-06-05T19:20:47.189Z worker CC-MAIN-2022-49 pid=2656736 saturated#149(elapsed=38s new_merchants=0 remaining=323 cooldown=240m)
[buy30727] 2026-06-05T19:20:47.206Z worker CC-MAIN-2022-40 pid=2656850 saturated#149(elapsed=36s new_merchants=0 remaining=295 cooldown=240m)
[buy30727] 2026-06-05T19:20:47.214Z worker CC-MAIN-2026-21 pid=2656903 saturated#149(elapsed=35s new_merchants=0 remaining=862 cooldown=240m)
[buy30727] 2026-06-05T19:20:47.252Z worker CC-MAIN-2026-17 pid=2657002 saturated#150(elapsed=33s new_merchants=0 remaining=3255 cooldown=240m)
[buy30727] 2026-06-05T19:20:47.313Z worker CC-MAIN-2025-18 pid=2657049 saturated#150(elapsed=32s new_merchants=0 remaining=2382 cooldown=240m)
[buy30727] 2026-06-05T19:20:47.326Z spawned CC-MAIN-2025-05 pid=2658942 baseline_merchants=7 log=/paperclip/instances/default/workspaces/3ec8f6dd-1735-4479-9825-a2c42edac34c/logs/buy30727_lane_cc_main_2025_05.log
[buy30727] 2026-06-05T19:20:48.849Z spawned CC-MAIN-2025-47 pid=2659129 baseline_merchants=1421 log=/paperclip/instances/default/workspaces/3ec8f6dd-1735-4479-9825-a2c42edac34c/logs/buy30727_lane_cc_main_2025_47.log
[buy30727] 2026-06-05T19:20:50.445Z spawned CC-MAIN-2025-51 pid=2659277 baseline_merchants=236 log=/paperclip/instances/default/workspaces/3ec8f6dd-1735-4479-9825-a2c42edac34c/logs/buy30727_lane_cc_main_2025_51.log
[buy30727] 2026-06-05T19:20:52.019Z spawned CC-MAIN-2025-43 pid=2659434 baseline_merchants=88 log=/paperclip/instances/default/workspaces/3ec8f6dd-1735-4479-9825-a2c42edac34c/logs/buy30727_lane_cc_main_2025_43.log
[buy30727] 2026-06-05T19:20:53.556Z spawned CC-MAIN-2025-38 pid=2659715 baseline_merchants=28 log=/paperclip/instances/default/workspaces/3ec8f6dd-1735-4479-9825-a2c42edac34c/logs/buy30727_lane_cc_main_2025_38.log
[buy30727] 2026-06-05T19:21:25.132Z worker CC-MAIN-2025-05 pid=2658942 saturated#150(elapsed=38s new_merchants=0 remaining=625 cooldown=240m)
[buy30727] 2026-06-05T19:21:25.190Z worker CC-MAIN-2025-47 pid=2659129 saturated#150(elapsed=36s new_merchants=0 remaining=2294 cooldown=240m)
[buy30727] 2026-06-05T19:21:25.250Z worker CC-MAIN-2025-51 pid=2659277 saturated#150(elapsed=35s new_merchants=0 remaining=2895 cooldown=240m)
[buy30727] 2026-06-05T19:21:25.325Z worker CC-MAIN-2025-43 pid=2659434 saturated#150(elapsed=33s new_merchants=0 remaining=1897 cooldown=240m)
[buy30727] 2026-06-05T19:21:25.351Z worker CC-MAIN-2025-38 pid=2659715 saturated#150(elapsed=32s new_merchants=0 remaining=1980 cooldown=240m)
[buy30727] 2026-06-05T19:21:25.361Z spawned CC-MAIN-2025-33 pid=2662208 baseline_merchants=13 log=/paperclip/instances/default/workspaces/3ec8f6dd-1735-4479-9825-a2c42edac34c/logs/buy30727_lane_cc_main_2025_33.log
[buy30727] 2026-06-05T19:21:26.969Z spawned CC-MAIN-2025-30 pid=2662425 baseline_merchants=136 log=/paperclip/instances/default/workspaces/3ec8f6dd-1735-4479-9825-a2c42edac34c/logs/buy30727_lane_cc_main_2025_30.log
[buy30727] 2026-06-05T19:21:28.560Z spawned CC-MAIN-2025-26 pid=2662557 baseline_merchants=18 log=/paperclip/instances/default/workspaces/3ec8f6dd-1735-4479-9825-a2c42edac34c/logs/buy30727_lane_cc_main_2025_26.log
[buy30727] 2026-06-05T19:21:30.080Z spawned CC-MAIN-2025-08 pid=2662682 baseline_merchants=7 log=/paperclip/instances/default/workspaces/3ec8f6dd-1735-4479-9825-a2c42edac34c/logs/buy30727_lane_cc_main_2025_08.log
[buy30727] 2026-06-05T19:21:31.627Z spawned CC-MAIN-2024-51 pid=2662830 baseline_merchants=427 log=/paperclip/instances/default/workspaces/3ec8f6dd-1735-4479-9825-a2c42edac34c/logs/buy30727_lane_cc_main_2024_51.log
[buy30727] 2026-06-05T19:22:03.207Z worker CC-MAIN-2025-33 pid=2662208 saturated#150(elapsed=38s new_merchants=0 remaining=2151 cooldown=240m)
[buy30727] 2026-06-05T19:22:03.223Z worker CC-MAIN-2025-30 pid=2662425 saturated#150(elapsed=36s new_merchants=0 remaining=2171 cooldown=240m)
[buy30727] 2026-06-05T19:22:03.227Z worker CC-MAIN-2025-26 pid=2662557 saturated#150(elapsed=35s new_merchants=0 remaining=744 cooldown=240m)
[buy30727] 2026-06-05T19:22:03.232Z worker CC-MAIN-2025-08 pid=2662682 saturated#150(elapsed=33s new_merchants=0 remaining=695 cooldown=240m)
[buy30727] 2026-06-05T19:22:03.248Z worker CC-MAIN-2024-51 pid=2662830 saturated#150(elapsed=32s new_merchants=0 remaining=1545 cooldown=240m)
[buy30727] 2026-06-05T19:22:03.254Z spawned CC-MAIN-2024-46 pid=2667509 baseline_merchants=92 log=/paperclip/instances/default/workspaces/3ec8f6dd-1735-4479-9825-a2c42edac34c/logs/buy30727_lane_cc_main_2024_46.log
[buy30727] 2026-06-05T19:22:04.790Z spawned CC-MAIN-2024-42 pid=2667636 baseline_merchants=91 log=/paperclip/instances/default/workspaces/3ec8f6dd-1735-4479-9825-a2c42edac34c/logs/buy30727_lane_cc_main_2024_42.log
[buy30727] 2026-06-05T19:22:06.325Z spawned CC-MAIN-2024-38 pid=2667803 baseline_merchants=36 log=/paperclip/instances/default/workspaces/3ec8f6dd-1735-4479-9825-a2c42edac34c/logs/buy30727_lane_cc_main_2024_38.log
[buy30727] 2026-06-05T19:22:07.839Z spawned CC-MAIN-2024-33 pid=2667908 baseline_merchants=88 log=/paperclip/instances/default/workspaces/3ec8f6dd-1735-4479-9825-a2c42edac34c/logs/buy30727_lane_cc_main_2024_33.log
[buy30727] 2026-06-05T19:22:09.361Z spawned CC-MAIN-2024-30 pid=2668095 baseline_merchants=17 log=/paperclip/instances/default/workspaces/3ec8f6dd-1735-4479-9825-a2c42edac34c/logs/buy30727_lane_cc_main_2024_30.log
[buy30727] 2026-06-05T19:22:41.004Z worker CC-MAIN-2024-46 pid=2667509 saturated#150(elapsed=38s new_merchants=0 remaining=1592 cooldown=240m)
[buy30727] 2026-06-05T19:22:41.058Z worker CC-MAIN-2024-42 pid=2667636 saturated#150(elapsed=36s new_merchants=0 remaining=1420 cooldown=240m)
[buy30727] 2026-06-05T19:22:41.072Z worker CC-MAIN-2024-38 pid=2667803 saturated#150(elapsed=35s new_merchants=0 remaining=581 cooldown=240m)
[buy30727] 2026-06-05T19:22:41.090Z worker CC-MAIN-2024-33 pid=2667908 saturated#150(elapsed=33s new_merchants=0 remaining=508 cooldown=240m)
[buy30727] 2026-06-05T19:22:41.099Z worker CC-MAIN-2024-30 pid=2668095 saturated#150(elapsed=32s new_merchants=0 remaining=424 cooldown=240m)
[buy30727] 2026-06-05T19:22:41.103Z spawned CC-MAIN-2024-26 pid=2670754 baseline_merchants=7 log=/paperclip/instances/default/workspaces/3ec8f6dd-1735-4479-9825-a2c42edac34c/logs/buy30727_lane_cc_main_2024_26.log
[buy30727] 2026-06-05T19:22:42.641Z spawned CC-MAIN-2024-22 pid=2670814 baseline_merchants=13 log=/paperclip/instances/default/workspaces/3ec8f6dd-1735-4479-9825-a2c42edac34c/logs/buy30727_lane_cc_main_2024_22.log
[buy30727] 2026-06-05T19:22:44.198Z spawned CC-MAIN-2024-18 pid=2670843 baseline_merchants=62 log=/paperclip/instances/default/workspaces/3ec8f6dd-1735-4479-9825-a2c42edac34c/logs/buy30727_lane_cc_main_2024_18.log
[buy30727] 2026-06-05T19:22:45.746Z spawned CC-MAIN-2024-10 pid=2670984 baseline_merchants=4 log=/paperclip/instances/default/workspaces/3ec8f6dd-1735-4479-9825-a2c42edac34c/logs/buy30727_lane_cc_main_2024_10.log
[buy30727] 2026-06-05T19:22:47.321Z spawned CC-MAIN-2023-50 pid=2671149 baseline_merchants=4 log=/paperclip/instances/default/workspaces/3ec8f6dd-1735-4479-9825-a2c42edac34c/logs/buy30727_lane_cc_main_2023_50.log
[buy30727] 2026-06-05T19:23:18.866Z worker CC-MAIN-2024-26 pid=2670754 saturated#150(elapsed=38s new_merchants=0 remaining=401 cooldown=240m)
[buy30727] 2026-06-05T19:23:18.881Z worker CC-MAIN-2024-22 pid=2670814 saturated#150(elapsed=36s new_merchants=0 remaining=868 cooldown=240m)
[buy30727] 2026-06-05T19:23:18.903Z worker CC-MAIN-2024-18 pid=2670843 saturated#150(elapsed=35s new_merchants=0 remaining=1033 cooldown=240m)
[buy30727] 2026-06-05T19:23:18.915Z worker CC-MAIN-2024-10 pid=2670984 saturated#150(elapsed=33s new_merchants=0 remaining=794 cooldown=240m)
[buy30727] 2026-06-05T19:23:18.922Z worker CC-MAIN-2023-50 pid=2671149 saturated#150(elapsed=32s new_merchants=0 remaining=378 cooldown=240m)
[buy30727] 2026-06-05T19:23:18.927Z spawned CC-MAIN-2023-14 pid=2672794 baseline_merchants=53 log=/paperclip/instances/default/workspaces/3ec8f6dd-1735-4479-9825-a2c42edac34c/logs/buy30727_lane_cc_main_2023_14.log
[buy30727] 2026-06-05T19:23:20.436Z spawned CC-MAIN-2023-06 pid=2672840 baseline_merchants=45 log=/paperclip/instances/default/workspaces/3ec8f6dd-1735-4479-9825-a2c42edac34c/logs/buy30727_lane_cc_main_2023_06.log
[buy30727] 2026-06-05T19:23:21.946Z spawned CC-MAIN-2022-49 pid=2672904 baseline_merchants=5 log=/paperclip/instances/default/workspaces/3ec8f6dd-1735-4479-9825-a2c42edac34c/logs/buy30727_lane_cc_main_2022_49.log
[buy30727] 2026-06-05T19:23:23.455Z spawned CC-MAIN-2022-40 pid=2672965 baseline_merchants=3 log=/paperclip/instances/default/workspaces/3ec8f6dd-1735-4479-9825-a2c42edac34c/logs/buy30727_lane_cc_main_2022_40.log
[buy30727] 2026-06-05T19:23:24.966Z spawned CC-MAIN-2026-21 pid=2673094 baseline_merchants=853 log=/paperclip/instances/default/workspaces/3ec8f6dd-1735-4479-9825-a2c42edac34c/logs/buy30727_lane_cc_main_2026_21.log
[buy30727] 2026-06-05T19:23:56.504Z worker CC-MAIN-2023-14 pid=2672794 saturated#150(elapsed=38s new_merchants=0 remaining=248 cooldown=240m)
[buy30727] 2026-06-05T19:23:56.509Z worker CC-MAIN-2023-06 pid=2672840 saturated#150(elapsed=36s new_merchants=0 remaining=318 cooldown=240m)
[buy30727] 2026-06-05T19:23:56.515Z worker CC-MAIN-2022-49 pid=2672904 saturated#150(elapsed=35s new_merchants=0 remaining=323 cooldown=240m)
[buy30727] 2026-06-05T19:23:56.521Z worker CC-MAIN-2022-40 pid=2672965 saturated#150(elapsed=33s new_merchants=0 remaining=295 cooldown=240m)
[buy30727] 2026-06-05T19:23:56.524Z worker CC-MAIN-2026-21 pid=2673094 saturated#150(elapsed=32s new_merchants=0 remaining=862 cooldown=240m)
[buy30727] 2026-06-05T19:23:56.528Z spawned CC-MAIN-2026-17 pid=2674697 baseline_merchants=7 log=/paperclip/instances/default/workspaces/3ec8f6dd-1735-4479-9825-a2c42edac34c/logs/buy30727_lane_cc_main_2026_17.log
[buy30727] 2026-06-05T19:23:58.049Z spawned CC-MAIN-2025-18 pid=2674832 baseline_merchants=72 log=/paperclip/instances/default/workspaces/3ec8f6dd-1735-4479-9825-a2c42edac34c/logs/buy30727_lane_cc_main_2025_18.log
[buy30727] 2026-06-05T19:23:59.577Z spawned CC-MAIN-2025-05 pid=2674914 baseline_merchants=7 log=/paperclip/instances/default/workspaces/3ec8f6dd-1735-4479-9825-a2c42edac34c/logs/buy30727_lane_cc_main_2025_05.log
[buy30727] 2026-06-05T19:24:01.087Z spawned CC-MAIN-2025-47 pid=2674955 baseline_merchants=1421 log=/paperclip/instances/default/workspaces/3ec8f6dd-1735-4479-9825-a2c42edac34c/logs/buy30727_lane_cc_main_2025_47.log
[buy30727] 2026-06-05T19:24:02.606Z spawned CC-MAIN-2025-51 pid=2675120 baseline_merchants=236 log=/paperclip/instances/default/workspaces/3ec8f6dd-1735-4479-9825-a2c42edac34c/logs/buy30727_lane_cc_main_2025_51.log
[buy30727] 2026-06-05T19:24:04.195Z tick=80 active=5 drained=20 saturated=27 known_merchants=15704 status=[CC-MAIN-2026-17:3255/37593, CC-MAIN-2025-18:2382/46657, CC-MAIN-2025-05:625/14379, CC-MAIN-2025-47:2294/50620, CC-MAIN-2025-51:2895/45604]
[buy30727] 2026-06-05T19:24:34.245Z worker CC-MAIN-2026-17 pid=2674697 saturated#151(elapsed=38s new_merchants=0 remaining=3255 cooldown=240m)
[buy30727] 2026-06-05T19:24:34.264Z worker CC-MAIN-2025-18 pid=2674832 saturated#151(elapsed=36s new_merchants=0 remaining=2382 cooldown=240m)
[buy30727] 2026-06-05T19:24:34.268Z worker CC-MAIN-2025-05 pid=2674914 saturated#151(elapsed=35s new_merchants=0 remaining=625 cooldown=240m)
[buy30727] 2026-06-05T19:24:34.286Z worker CC-MAIN-2025-47 pid=2674955 saturated#151(elapsed=33s new_merchants=0 remaining=2294 cooldown=240m)
[buy30727] 2026-06-05T19:24:34.302Z worker CC-MAIN-2025-51 pid=2675120 saturated#151(elapsed=32s new_merchants=0 remaining=2895 cooldown=240m)
[buy30727] 2026-06-05T19:24:34.306Z spawned CC-MAIN-2025-43 pid=2676373 baseline_merchants=88 log=/paperclip/instances/default/workspaces/3ec8f6dd-1735-4479-9825-a2c42edac34c/logs/buy30727_lane_cc_main_2025_43.log
[buy30727] 2026-06-05T19:24:35.834Z spawned CC-MAIN-2025-38 pid=2676434 baseline_merchants=28 log=/paperclip/instances/default/workspaces/3ec8f6dd-1735-4479-9825-a2c42edac34c/logs/buy30727_lane_cc_main_2025_38.log
[buy30727] 2026-06-05T19:24:37.353Z spawned CC-MAIN-2025-33 pid=2676539 baseline_merchants=13 log=/paperclip/instances/default/workspaces/3ec8f6dd-1735-4479-9825-a2c42edac34c/logs/buy30727_lane_cc_main_2025_33.log
[buy30727] 2026-06-05T19:24:38.886Z spawned CC-MAIN-2025-30 pid=2676722 baseline_merchants=136 log=/paperclip/instances/default/workspaces/3ec8f6dd-1735-4479-9825-a2c42edac34c/logs/buy30727_lane_cc_main_2025_30.log
[buy30727] 2026-06-05T19:24:40.419Z spawned CC-MAIN-2025-26 pid=2676818 baseline_merchants=18 log=/paperclip/instances/default/workspaces/3ec8f6dd-1735-4479-9825-a2c42edac34c/logs/buy30727_lane_cc_main_2025_26.log
[buy30727] 2026-06-05T19:25:11.993Z worker CC-MAIN-2025-43 pid=2676373 saturated#151(elapsed=38s new_merchants=0 remaining=1897 cooldown=240m)
[buy30727] 2026-06-05T19:25:12.067Z worker CC-MAIN-2025-38 pid=2676434 saturated#151(elapsed=36s new_merchants=0 remaining=1980 cooldown=240m)
[buy30727] 2026-06-05T19:25:12.130Z worker CC-MAIN-2025-33 pid=2676539 saturated#151(elapsed=35s new_merchants=0 remaining=2151 cooldown=240m)
[buy30727] 2026-06-05T19:25:12.183Z worker CC-MAIN-2025-30 pid=2676722 saturated#151(elapsed=33s new_merchants=0 remaining=2171 cooldown=240m)
[buy30727] 2026-06-05T19:25:12.192Z worker CC-MAIN-2025-26 pid=2676818 saturated#151(elapsed=32s new_merchants=0 remaining=744 cooldown=240m)
[buy30727] 2026-06-05T19:25:12.196Z spawned CC-MAIN-2025-08 pid=2678370 baseline_merchants=7 log=/paperclip/instances/default/workspaces/3ec8f6dd-1735-4479-9825-a2c42edac34c/logs/buy30727_lane_cc_main_2025_08.log
[buy30727] 2026-06-05T19:25:13.736Z spawned CC-MAIN-2024-51 pid=2678442 baseline_merchants=427 log=/paperclip/instances/default/workspaces/3ec8f6dd-1735-4479-9825-a2c42edac34c/logs/buy30727_lane_cc_main_2024_51.log
[buy30727] 2026-06-05T19:25:15.285Z spawned CC-MAIN-2024-46 pid=2678520 baseline_merchants=92 log=/paperclip/instances/default/workspaces/3ec8f6dd-1735-4479-9825-a2c42edac34c/logs/buy30727_lane_cc_main_2024_46.log
[buy30727] 2026-06-05T19:25:16.840Z spawned CC-MAIN-2024-42 pid=2678591 baseline_merchants=91 log=/paperclip/instances/default/workspaces/3ec8f6dd-1735-4479-9825-a2c42edac34c/logs/buy30727_lane_cc_main_2024_42.log
[buy30727] 2026-06-05T19:25:18.378Z spawned CC-MAIN-2024-38 pid=2678632 baseline_merchants=36 log=/paperclip/instances/default/workspaces/3ec8f6dd-1735-4479-9825-a2c42edac34c/logs/buy30727_lane_cc_main_2024_38.log
[buy30727] 2026-06-05T19:25:49.945Z worker CC-MAIN-2025-08 pid=2678370 saturated#151(elapsed=38s new_merchants=0 remaining=695 cooldown=240m)
[buy30727] 2026-06-05T19:25:49.980Z worker CC-MAIN-2024-51 pid=2678442 saturated#151(elapsed=36s new_merchants=0 remaining=1545 cooldown=240m)
[buy30727] 2026-06-05T19:25:50.028Z worker CC-MAIN-2024-46 pid=2678520 saturated#151(elapsed=35s new_merchants=0 remaining=1592 cooldown=240m)
[buy30727] 2026-06-05T19:25:50.067Z worker CC-MAIN-2024-42 pid=2678591 saturated#151(elapsed=33s new_merchants=0 remaining=1420 cooldown=240m)
[buy30727] 2026-06-05T19:25:50.072Z worker CC-MAIN-2024-38 pid=2678632 saturated#151(elapsed=32s new_merchants=0 remaining=581 cooldown=240m)
[buy30727] 2026-06-05T19:25:50.075Z spawned CC-MAIN-2024-33 pid=2680647 baseline_merchants=88 log=/paperclip/instances/default/workspaces/3ec8f6dd-1735-4479-9825-a2c42edac34c/logs/buy30727_lane_cc_main_2024_33.log
[buy30727] 2026-06-05T19:25:51.598Z spawned CC-MAIN-2024-30 pid=2680797 baseline_merchants=17 log=/paperclip/instances/default/workspaces/3ec8f6dd-1735-4479-9825-a2c42edac34c/logs/buy30727_lane_cc_main_2024_30.log
[buy30727] 2026-06-05T19:25:53.127Z spawned CC-MAIN-2024-26 pid=2680846 baseline_merchants=7 log=/paperclip/instances/default/workspaces/3ec8f6dd-1735-4479-9825-a2c42edac34c/logs/buy30727_lane_cc_main_2024_26.log
[buy30727] 2026-06-05T19:25:54.658Z spawned CC-MAIN-2024-22 pid=2680959 baseline_merchants=13 log=/paperclip/instances/default/workspaces/3ec8f6dd-1735-4479-9825-a2c42edac34c/logs/buy30727_lane_cc_main_2024_22.log
[buy30727] 2026-06-05T19:25:56.210Z spawned CC-MAIN-2024-18 pid=2681158 baseline_merchants=62 log=/paperclip/instances/default/workspaces/3ec8f6dd-1735-4479-9825-a2c42edac34c/logs/buy30727_lane_cc_main_2024_18.log
[buy30727] 2026-06-05T19:26:27.777Z worker CC-MAIN-2024-33 pid=2680647 saturated#151(elapsed=38s new_merchants=0 remaining=508 cooldown=240m)
[buy30727] 2026-06-05T19:26:27.787Z worker CC-MAIN-2024-30 pid=2680797 saturated#151(elapsed=36s new_merchants=0 remaining=424 cooldown=240m)
[buy30727] 2026-06-05T19:26:27.795Z worker CC-MAIN-2024-26 pid=2680846 saturated#151(elapsed=35s new_merchants=0 remaining=401 cooldown=240m)
[buy30727] 2026-06-05T19:26:27.819Z worker CC-MAIN-2024-22 pid=2680959 saturated#151(elapsed=33s new_merchants=0 remaining=868 cooldown=240m)
[buy30727] 2026-06-05T19:26:27.847Z worker CC-MAIN-2024-18 pid=2681158 saturated#151(elapsed=32s new_merchants=0 remaining=1033 cooldown=240m)
[buy30727] 2026-06-05T19:26:27.852Z spawned CC-MAIN-2024-10 pid=2683375 baseline_merchants=4 log=/paperclip/instances/default/workspaces/3ec8f6dd-1735-4479-9825-a2c42edac34c/logs/buy30727_lane_cc_main_2024_10.log
[buy30727] 2026-06-05T19:26:29.388Z spawned CC-MAIN-2023-50 pid=2683555 baseline_merchants=4 log=/paperclip/instances/default/workspaces/3ec8f6dd-1735-4479-9825-a2c42edac34c/logs/buy30727_lane_cc_main_2023_50.log
[buy30727] 2026-06-05T19:26:30.898Z spawned CC-MAIN-2023-14 pid=2683718 baseline_merchants=53 log=/paperclip/instances/default/workspaces/3ec8f6dd-1735-4479-9825-a2c42edac34c/logs/buy30727_lane_cc_main_2023_14.log
[buy30727] 2026-06-05T19:26:32.411Z spawned CC-MAIN-2023-06 pid=2683859 baseline_merchants=45 log=/paperclip/instances/default/workspaces/3ec8f6dd-1735-4479-9825-a2c42edac34c/logs/buy30727_lane_cc_main_2023_06.log
[buy30727] 2026-06-05T19:26:33.922Z spawned CC-MAIN-2022-49 pid=2683978 baseline_merchants=5 log=/paperclip/instances/default/workspaces/3ec8f6dd-1735-4479-9825-a2c42edac34c/logs/buy30727_lane_cc_main_2022_49.log
[buy30727] 2026-06-05T19:27:05.474Z worker CC-MAIN-2024-10 pid=2683375 saturated#151(elapsed=38s new_merchants=0 remaining=794 cooldown=240m)
[buy30727] 2026-06-05T19:27:05.480Z worker CC-MAIN-2023-50 pid=2683555 saturated#151(elapsed=36s new_merchants=0 remaining=378 cooldown=240m)
[buy30727] 2026-06-05T19:27:05.484Z worker CC-MAIN-2023-14 pid=2683718 saturated#151(elapsed=35s new_merchants=0 remaining=248 cooldown=240m)
[buy30727] 2026-06-05T19:27:05.489Z worker CC-MAIN-2023-06 pid=2683859 saturated#151(elapsed=33s new_merchants=0 remaining=318 cooldown=240m)
[buy30727] 2026-06-05T19:27:05.502Z worker CC-MAIN-2022-49 pid=2683978 saturated#151(elapsed=32s new_merchants=0 remaining=323 cooldown=240m)
[buy30727] 2026-06-05T19:27:05.506Z spawned CC-MAIN-2022-40 pid=2686017 baseline_merchants=3 log=/paperclip/instances/default/workspaces/3ec8f6dd-1735-4479-9825-a2c42edac34c/logs/buy30727_lane_cc_main_2022_40.log
[buy30727] 2026-06-05T19:27:07.021Z spawned CC-MAIN-2026-21 pid=2686108 baseline_merchants=853 log=/paperclip/instances/default/workspaces/3ec8f6dd-1735-4479-9825-a2c42edac34c/logs/buy30727_lane_cc_main_2026_21.log
[buy30727] 2026-06-05T19:27:08.531Z spawned CC-MAIN-2026-17 pid=2686189 baseline_merchants=7 log=/paperclip/instances/default/workspaces/3ec8f6dd-1735-4479-9825-a2c42edac34c/logs/buy30727_lane_cc_main_2026_17.log
[buy30727] 2026-06-05T19:27:10.059Z spawned CC-MAIN-2025-18 pid=2686253 baseline_merchants=72 log=/paperclip/instances/default/workspaces/3ec8f6dd-1735-4479-9825-a2c42edac34c/logs/buy30727_lane_cc_main_2025_18.log
[buy30727] 2026-06-05T19:27:11.594Z spawned CC-MAIN-2025-05 pid=2686370 baseline_merchants=7 log=/paperclip/instances/default/workspaces/3ec8f6dd-1735-4479-9825-a2c42edac34c/logs/buy30727_lane_cc_main_2025_05.log
[buy30727] 2026-06-05T19:27:43.137Z worker CC-MAIN-2022-40 pid=2686017 saturated#151(elapsed=38s new_merchants=0 remaining=295 cooldown=240m)
[buy30727] 2026-06-05T19:27:43.146Z worker CC-MAIN-2026-21 pid=2686108 saturated#151(elapsed=36s new_merchants=0 remaining=862 cooldown=240m)
[buy30727] 2026-06-05T19:27:43.167Z worker CC-MAIN-2026-17 pid=2686189 saturated#152(elapsed=35s new_merchants=0 remaining=3255 cooldown=240m)
[buy30727] 2026-06-05T19:27:43.211Z worker CC-MAIN-2025-18 pid=2686253 saturated#152(elapsed=33s new_merchants=0 remaining=2382 cooldown=240m)
[buy30727] 2026-06-05T19:27:43.224Z worker CC-MAIN-2025-05 pid=2686370 saturated#152(elapsed=32s new_merchants=0 remaining=625 cooldown=240m)
[buy30727] 2026-06-05T19:27:43.235Z spawned CC-MAIN-2025-47 pid=2688340 baseline_merchants=1421 log=/paperclip/instances/default/workspaces/3ec8f6dd-1735-4479-9825-a2c42edac34c/logs/buy30727_lane_cc_main_2025_47.log
[buy30727] 2026-06-05T19:27:44.796Z spawned CC-MAIN-2025-51 pid=2688422 baseline_merchants=236 log=/paperclip/instances/default/workspaces/3ec8f6dd-1735-4479-9825-a2c42edac34c/logs/buy30727_lane_cc_main_2025_51.log
[buy30727] 2026-06-05T19:27:46.322Z spawned CC-MAIN-2025-43 pid=2688584 baseline_merchants=88 log=/paperclip/instances/default/workspaces/3ec8f6dd-1735-4479-9825-a2c42edac34c/logs/buy30727_lane_cc_main_2025_43.log
[buy30727] 2026-06-05T19:27:47.845Z spawned CC-MAIN-2025-38 pid=2688676 baseline_merchants=28 log=/paperclip/instances/default/workspaces/3ec8f6dd-1735-4479-9825-a2c42edac34c/logs/buy30727_lane_cc_main_2025_38.log
[buy30727] 2026-06-05T19:27:49.361Z spawned CC-MAIN-2025-33 pid=2688781 baseline_merchants=13 log=/paperclip/instances/default/workspaces/3ec8f6dd-1735-4479-9825-a2c42edac34c/logs/buy30727_lane_cc_main_2025_33.log
[buy30727] 2026-06-05T19:28:20.953Z worker CC-MAIN-2025-47 pid=2688340 saturated#152(elapsed=38s new_merchants=0 remaining=2294 cooldown=240m)
[buy30727] 2026-06-05T19:28:20.997Z worker CC-MAIN-2025-51 pid=2688422 saturated#152(elapsed=36s new_merchants=0 remaining=2895 cooldown=240m)
[buy30727] 2026-06-05T19:28:21.053Z worker CC-MAIN-2025-43 pid=2688584 saturated#152(elapsed=35s new_merchants=0 remaining=1897 cooldown=240m)
[buy30727] 2026-06-05T19:28:21.069Z worker CC-MAIN-2025-38 pid=2688676 saturated#152(elapsed=33s new_merchants=0 remaining=1980 cooldown=240m)
[buy30727] 2026-06-05T19:28:21.095Z worker CC-MAIN-2025-33 pid=2688781 saturated#152(elapsed=32s new_merchants=0 remaining=2151 cooldown=240m)
[buy30727] 2026-06-05T19:28:21.101Z spawned CC-MAIN-2025-30 pid=2690806 baseline_merchants=136 log=/paperclip/instances/default/workspaces/3ec8f6dd-1735-4479-9825-a2c42edac34c/logs/buy30727_lane_cc_main_2025_30.log
[buy30727] 2026-06-05T19:28:22.634Z spawned CC-MAIN-2025-26 pid=2690967 baseline_merchants=18 log=/paperclip/instances/default/workspaces/3ec8f6dd-1735-4479-9825-a2c42edac34c/logs/buy30727_lane_cc_main_2025_26.log
[buy30727] 2026-06-05T19:28:24.143Z spawned CC-MAIN-2025-08 pid=2691205 baseline_merchants=7 log=/paperclip/instances/default/workspaces/3ec8f6dd-1735-4479-9825-a2c42edac34c/logs/buy30727_lane_cc_main_2025_08.log
[buy30727] 2026-06-05T19:28:25.652Z spawned CC-MAIN-2024-51 pid=2691391 baseline_merchants=427 log=/paperclip/instances/default/workspaces/3ec8f6dd-1735-4479-9825-a2c42edac34c/logs/buy30727_lane_cc_main_2024_51.log
[buy30727] 2026-06-05T19:28:27.169Z spawned CC-MAIN-2024-46 pid=2691505 baseline_merchants=92 log=/paperclip/instances/default/workspaces/3ec8f6dd-1735-4479-9825-a2c42edac34c/logs/buy30727_lane_cc_main_2024_46.log
[buy30727] 2026-06-05T19:28:58.732Z worker CC-MAIN-2025-30 pid=2690806 saturated#152(elapsed=38s new_merchants=0 remaining=2171 cooldown=240m)
[buy30727] 2026-06-05T19:28:58.745Z worker CC-MAIN-2025-26 pid=2690967 saturated#152(elapsed=36s new_merchants=0 remaining=744 cooldown=240m)
[buy30727] 2026-06-05T19:28:58.757Z worker CC-MAIN-2025-08 pid=2691205 saturated#152(elapsed=35s new_merchants=0 remaining=695 cooldown=240m)
[buy30727] 2026-06-05T19:28:58.810Z worker CC-MAIN-2024-51 pid=2691391 saturated#152(elapsed=33s new_merchants=0 remaining=1545 cooldown=240m)
[buy30727] 2026-06-05T19:28:58.832Z worker CC-MAIN-2024-46 pid=2691505 saturated#152(elapsed=32s new_merchants=0 remaining=1592 cooldown=240m)
[buy30727] 2026-06-05T19:28:58.838Z spawned CC-MAIN-2024-42 pid=2692789 baseline_merchants=91 log=/paperclip/instances/default/workspaces/3ec8f6dd-1735-4479-9825-a2c42edac34c/logs/buy30727_lane_cc_main_2024_42.log
[buy30727] 2026-06-05T19:29:00.367Z spawned CC-MAIN-2024-38 pid=2692849 baseline_merchants=36 log=/paperclip/instances/default/workspaces/3ec8f6dd-1735-4479-9825-a2c42edac34c/logs/buy30727_lane_cc_main_2024_38.log
[buy30727] 2026-06-05T19:29:01.878Z spawned CC-MAIN-2024-33 pid=2692970 baseline_merchants=88 log=/paperclip/instances/default/workspaces/3ec8f6dd-1735-4479-9825-a2c42edac34c/logs/buy30727_lane_cc_main_2024_33.log
[buy30727] 2026-06-05T19:29:03.388Z spawned CC-MAIN-2024-30 pid=2693118 baseline_merchants=17 log=/paperclip/instances/default/workspaces/3ec8f6dd-1735-4479-9825-a2c42edac34c/logs/buy30727_lane_cc_main_2024_30.log
[buy30727] 2026-06-05T19:29:04.895Z spawned CC-MAIN-2024-26 pid=2693141 baseline_merchants=7 log=/paperclip/instances/default/workspaces/3ec8f6dd-1735-4479-9825-a2c42edac34c/logs/buy30727_lane_cc_main_2024_26.log
[buy30727] 2026-06-05T19:29:36.467Z worker CC-MAIN-2024-42 pid=2692789 saturated#152(elapsed=38s new_merchants=0 remaining=1420 cooldown=240m)
[buy30727] 2026-06-05T19:29:36.485Z worker CC-MAIN-2024-38 pid=2692849 saturated#152(elapsed=36s new_merchants=0 remaining=581 cooldown=240m)
[buy30727] 2026-06-05T19:29:36.496Z worker CC-MAIN-2024-33 pid=2692970 saturated#152(elapsed=35s new_merchants=0 remaining=508 cooldown=240m)
[buy30727] 2026-06-05T19:29:36.504Z worker CC-MAIN-2024-30 pid=2693118 saturated#152(elapsed=33s new_merchants=0 remaining=424 cooldown=240m)
[buy30727] 2026-06-05T19:29:36.514Z worker CC-MAIN-2024-26 pid=2693141 saturated#152(elapsed=32s new_merchants=0 remaining=401 cooldown=240m)
[buy30727] 2026-06-05T19:29:36.519Z spawned CC-MAIN-2024-22 pid=2693979 baseline_merchants=13 log=/paperclip/instances/default/workspaces/3ec8f6dd-1735-4479-9825-a2c42edac34c/logs/buy30727_lane_cc_main_2024_22.log
[buy30727] 2026-06-05T19:29:38.041Z spawned CC-MAIN-2024-18 pid=2694036 baseline_merchants=62 log=/paperclip/instances/default/workspaces/3ec8f6dd-1735-4479-9825-a2c42edac34c/logs/buy30727_lane_cc_main_2024_18.log
[buy30727] 2026-06-05T19:29:39.567Z spawned CC-MAIN-2024-10 pid=2694086 baseline_merchants=4 log=/paperclip/instances/default/workspaces/3ec8f6dd-1735-4479-9825-a2c42edac34c/logs/buy30727_lane_cc_main_2024_10.log
[buy30727] 2026-06-05T19:29:41.083Z spawned CC-MAIN-2023-50 pid=2694145 baseline_merchants=4 log=/paperclip/instances/default/workspaces/3ec8f6dd-1735-4479-9825-a2c42edac34c/logs/buy30727_lane_cc_main_2023_50.log
[buy30727] 2026-06-05T19:29:42.592Z spawned CC-MAIN-2023-14 pid=2694204 baseline_merchants=53 log=/paperclip/instances/default/workspaces/3ec8f6dd-1735-4479-9825-a2c42edac34c/logs/buy30727_lane_cc_main_2023_14.log
[buy30727] 2026-06-05T19:30:14.140Z worker CC-MAIN-2024-22 pid=2693979 saturated#152(elapsed=38s new_merchants=0 remaining=868 cooldown=240m)
[buy30727] 2026-06-05T19:30:14.164Z worker CC-MAIN-2024-18 pid=2694036 saturated#152(elapsed=36s new_merchants=0 remaining=1033 cooldown=240m)
[buy30727] 2026-06-05T19:30:14.174Z worker CC-MAIN-2024-10 pid=2694086 saturated#152(elapsed=35s new_merchants=0 remaining=794 cooldown=240m)
[buy30727] 2026-06-05T19:30:14.178Z worker CC-MAIN-2023-50 pid=2694145 saturated#152(elapsed=33s new_merchants=0 remaining=378 cooldown=240m)
[buy30727] 2026-06-05T19:30:14.181Z worker CC-MAIN-2023-14 pid=2694204 saturated#152(elapsed=32s new_merchants=0 remaining=248 cooldown=240m)
[buy30727] 2026-06-05T19:30:14.184Z spawned CC-MAIN-2023-06 pid=2695295 baseline_merchants=45 log=/paperclip/instances/default/workspaces/3ec8f6dd-1735-4479-9825-a2c42edac34c/logs/buy30727_lane_cc_main_2023_06.log
[buy30727] 2026-06-05T19:30:15.697Z spawned CC-MAIN-2022-49 pid=2695326 baseline_merchants=5 log=/paperclip/instances/default/workspaces/3ec8f6dd-1735-4479-9825-a2c42edac34c/logs/buy30727_lane_cc_main_2022_49.log
[buy30727] 2026-06-05T19:30:17.206Z spawned CC-MAIN-2022-40 pid=2695382 baseline_merchants=3 log=/paperclip/instances/default/workspaces/3ec8f6dd-1735-4479-9825-a2c42edac34c/logs/buy30727_lane_cc_main_2022_40.log
[buy30727] 2026-06-05T19:30:18.718Z spawned CC-MAIN-2026-21 pid=2695414 baseline_merchants=853 log=/paperclip/instances/default/workspaces/3ec8f6dd-1735-4479-9825-a2c42edac34c/logs/buy30727_lane_cc_main_2026_21.log
[buy30727] 2026-06-05T19:30:20.225Z spawned CC-MAIN-2026-17 pid=2695443 baseline_merchants=7 log=/paperclip/instances/default/workspaces/3ec8f6dd-1735-4479-9825-a2c42edac34c/logs/buy30727_lane_cc_main_2026_17.log
[buy30727] 2026-06-05T19:30:21.767Z tick=90 active=5 drained=20 saturated=27 known_merchants=15704 status=[CC-MAIN-2023-06:318/15760, CC-MAIN-2022-49:323/15977, CC-MAIN-2022-40:295/15515, CC-MAIN-2026-21:862/10577, CC-MAIN-2026-17:3255/37593]
[buy30727] 2026-06-05T19:30:51.790Z worker CC-MAIN-2023-06 pid=2695295 saturated#152(elapsed=38s new_merchants=0 remaining=318 cooldown=240m)
[buy30727] 2026-06-05T19:30:51.803Z worker CC-MAIN-2022-49 pid=2695326 saturated#152(elapsed=36s new_merchants=0 remaining=323 cooldown=240m)
[buy30727] 2026-06-05T19:30:51.808Z worker CC-MAIN-2022-40 pid=2695382 saturated#152(elapsed=35s new_merchants=0 remaining=295 cooldown=240m)
[buy30727] 2026-06-05T19:30:51.811Z worker CC-MAIN-2026-21 pid=2695414 saturated#152(elapsed=33s new_merchants=0 remaining=862 cooldown=240m)
[buy30727] 2026-06-05T19:30:51.823Z worker CC-MAIN-2026-17 pid=2695443 saturated#153(elapsed=32s new_merchants=0 remaining=3255 cooldown=240m)
[buy30727] 2026-06-05T19:30:51.831Z spawned CC-MAIN-2025-18 pid=2697130 baseline_merchants=72 log=/paperclip/instances/default/workspaces/3ec8f6dd-1735-4479-9825-a2c42edac34c/logs/buy30727_lane_cc_main_2025_18.log
[buy30727] 2026-06-05T19:30:53.383Z spawned CC-MAIN-2025-05 pid=2697276 baseline_merchants=7 log=/paperclip/instances/default/workspaces/3ec8f6dd-1735-4479-9825-a2c42edac34c/logs/buy30727_lane_cc_main_2025_05.log
[buy30727] 2026-06-05T19:30:54.899Z spawned CC-MAIN-2025-47 pid=2697391 baseline_merchants=1421 log=/paperclip/instances/default/workspaces/3ec8f6dd-1735-4479-9825-a2c42edac34c/logs/buy30727_lane_cc_main_2025_47.log
[buy30727] 2026-06-05T19:30:56.419Z spawned CC-MAIN-2025-51 pid=2697487 baseline_merchants=236 log=/paperclip/instances/default/workspaces/3ec8f6dd-1735-4479-9825-a2c42edac34c/logs/buy30727_lane_cc_main_2025_51.log
[buy30727] 2026-06-05T19:30:57.941Z spawned CC-MAIN-2025-43 pid=2697838 baseline_merchants=88 log=/paperclip/instances/default/workspaces/3ec8f6dd-1735-4479-9825-a2c42edac34c/logs/buy30727_lane_cc_main_2025_43.log
[buy30727] 2026-06-05T19:31:29.505Z worker CC-MAIN-2025-18 pid=2697130 saturated#153(elapsed=38s new_merchants=0 remaining=2382 cooldown=240m)
[buy30727] 2026-06-05T19:31:29.508Z worker CC-MAIN-2025-05 pid=2697276 saturated#153(elapsed=36s new_merchants=0 remaining=625 cooldown=240m)
[buy30727] 2026-06-05T19:31:29.527Z worker CC-MAIN-2025-47 pid=2697391 saturated#153(elapsed=35s new_merchants=0 remaining=2294 cooldown=240m)
[buy30727] 2026-06-05T19:31:29.546Z worker CC-MAIN-2025-51 pid=2697487 saturated#153(elapsed=33s new_merchants=0 remaining=2895 cooldown=240m)
[buy30727] 2026-06-05T19:31:29.567Z worker CC-MAIN-2025-43 pid=2697838 saturated#153(elapsed=32s new_merchants=0 remaining=1897 cooldown=240m)
[buy30727] 2026-06-05T19:31:29.572Z spawned CC-MAIN-2025-38 pid=2700062 baseline_merchants=28 log=/paperclip/instances/default/workspaces/3ec8f6dd-1735-4479-9825-a2c42edac34c/logs/buy30727_lane_cc_main_2025_38.log
[buy30727] 2026-06-05T19:31:31.101Z spawned CC-MAIN-2025-33 pid=2700159 baseline_merchants=13 log=/paperclip/instances/default/workspaces/3ec8f6dd-1735-4479-9825-a2c42edac34c/logs/buy30727_lane_cc_main_2025_33.log
[buy30727] 2026-06-05T19:31:32.625Z spawned CC-MAIN-2025-30 pid=2700293 baseline_merchants=136 log=/paperclip/instances/default/workspaces/3ec8f6dd-1735-4479-9825-a2c42edac34c/logs/buy30727_lane_cc_main_2025_30.log
[buy30727] 2026-06-05T19:31:34.152Z spawned CC-MAIN-2025-26 pid=2700390 baseline_merchants=18 log=/paperclip/instances/default/workspaces/3ec8f6dd-1735-4479-9825-a2c42edac34c/logs/buy30727_lane_cc_main_2025_26.log
[buy30727] 2026-06-05T19:31:35.667Z spawned CC-MAIN-2025-08 pid=2700572 baseline_merchants=7 log=/paperclip/instances/default/workspaces/3ec8f6dd-1735-4479-9825-a2c42edac34c/logs/buy30727_lane_cc_main_2025_08.log
[buy30727] 2026-06-05T19:32:07.300Z worker CC-MAIN-2025-38 pid=2700062 saturated#153(elapsed=38s new_merchants=0 remaining=1980 cooldown=240m)
[buy30727] 2026-06-05T19:32:07.383Z worker CC-MAIN-2025-33 pid=2700159 saturated#153(elapsed=36s new_merchants=0 remaining=2151 cooldown=240m)
[buy30727] 2026-06-05T19:32:07.452Z worker CC-MAIN-2025-30 pid=2700293 saturated#153(elapsed=35s new_merchants=0 remaining=2171 cooldown=240m)
[buy30727] 2026-06-05T19:32:07.457Z worker CC-MAIN-2025-26 pid=2700390 saturated#153(elapsed=33s new_merchants=0 remaining=744 cooldown=240m)
[buy30727] 2026-06-05T19:32:07.468Z worker CC-MAIN-2025-08 pid=2700572 saturated#153(elapsed=32s new_merchants=0 remaining=695 cooldown=240m)
[buy30727] 2026-06-05T19:32:07.477Z spawned CC-MAIN-2024-51 pid=2702838 baseline_merchants=427 log=/paperclip/instances/default/workspaces/3ec8f6dd-1735-4479-9825-a2c42edac34c/logs/buy30727_lane_cc_main_2024_51.log
[buy30727] 2026-06-05T19:32:09.013Z spawned CC-MAIN-2024-46 pid=2702940 baseline_merchants=92 log=/paperclip/instances/default/workspaces/3ec8f6dd-1735-4479-9825-a2c42edac34c/logs/buy30727_lane_cc_main_2024_46.log
[buy30727] 2026-06-05T19:32:10.608Z spawned CC-MAIN-2024-42 pid=2703003 baseline_merchants=91 log=/paperclip/instances/default/workspaces/3ec8f6dd-1735-4479-9825-a2c42edac34c/logs/buy30727_lane_cc_main_2024_42.log
[buy30727] 2026-06-05T19:32:12.153Z spawned CC-MAIN-2024-38 pid=2703054 baseline_merchants=36 log=/paperclip/instances/default/workspaces/3ec8f6dd-1735-4479-9825-a2c42edac34c/logs/buy30727_lane_cc_main_2024_38.log
[buy30727] 2026-06-05T19:32:13.669Z spawned CC-MAIN-2024-33 pid=2703084 baseline_merchants=88 log=/paperclip/instances/default/workspaces/3ec8f6dd-1735-4479-9825-a2c42edac34c/logs/buy30727_lane_cc_main_2024_33.log
[buy30727] 2026-06-05T19:32:45.237Z worker CC-MAIN-2024-51 pid=2702838 saturated#153(elapsed=38s new_merchants=0 remaining=1545 cooldown=240m)
[buy30727] 2026-06-05T19:32:45.290Z worker CC-MAIN-2024-46 pid=2702940 saturated#153(elapsed=36s new_merchants=0 remaining=1592 cooldown=240m)
[buy30727] 2026-06-05T19:32:45.351Z worker CC-MAIN-2024-42 pid=2703003 saturated#153(elapsed=35s new_merchants=0 remaining=1420 cooldown=240m)
[buy30727] 2026-06-05T19:32:45.372Z worker CC-MAIN-2024-38 pid=2703054 saturated#153(elapsed=33s new_merchants=0 remaining=581 cooldown=240m)
[buy30727] 2026-06-05T19:32:45.388Z worker CC-MAIN-2024-33 pid=2703084 saturated#153(elapsed=32s new_merchants=0 remaining=508 cooldown=240m)
[buy30727] 2026-06-05T19:32:45.397Z spawned CC-MAIN-2024-30 pid=2704104 baseline_merchants=17 log=/paperclip/instances/default/workspaces/3ec8f6dd-1735-4479-9825-a2c42edac34c/logs/buy30727_lane_cc_main_2024_30.log
[buy30727] 2026-06-05T19:32:46.912Z spawned CC-MAIN-2024-26 pid=2704155 baseline_merchants=7 log=/paperclip/instances/default/workspaces/3ec8f6dd-1735-4479-9825-a2c42edac34c/logs/buy30727_lane_cc_main_2024_26.log
[buy30727] 2026-06-05T19:32:48.424Z spawned CC-MAIN-2024-22 pid=2704262 baseline_merchants=13 log=/paperclip/instances/default/workspaces/3ec8f6dd-1735-4479-9825-a2c42edac34c/logs/buy30727_lane_cc_main_2024_22.log
[buy30727] 2026-06-05T19:32:49.959Z spawned CC-MAIN-2024-18 pid=2704359 baseline_merchants=62 log=/paperclip/instances/default/workspaces/3ec8f6dd-1735-4479-9825-a2c42edac34c/logs/buy30727_lane_cc_main_2024_18.log
[buy30727] 2026-06-05T19:32:51.556Z spawned CC-MAIN-2024-10 pid=2704395 baseline_merchants=4 log=/paperclip/instances/default/workspaces/3ec8f6dd-1735-4479-9825-a2c42edac34c/logs/buy30727_lane_cc_main_2024_10.log
[buy30727] 2026-06-05T19:33:23.119Z worker CC-MAIN-2024-30 pid=2704104 saturated#153(elapsed=38s new_merchants=0 remaining=424 cooldown=240m)
[buy30727] 2026-06-05T19:33:23.124Z worker CC-MAIN-2024-26 pid=2704155 saturated#153(elapsed=36s new_merchants=0 remaining=401 cooldown=240m)
[buy30727] 2026-06-05T19:33:23.138Z worker CC-MAIN-2024-22 pid=2704262 saturated#153(elapsed=35s new_merchants=0 remaining=868 cooldown=240m)
[buy30727] 2026-06-05T19:33:23.159Z worker CC-MAIN-2024-18 pid=2704359 saturated#153(elapsed=33s new_merchants=0 remaining=1033 cooldown=240m)
[buy30727] 2026-06-05T19:33:23.175Z worker CC-MAIN-2024-10 pid=2704395 saturated#153(elapsed=32s new_merchants=0 remaining=794 cooldown=240m)
[buy30727] 2026-06-05T19:33:23.179Z spawned CC-MAIN-2023-50 pid=2705237 baseline_merchants=4 log=/paperclip/instances/default/workspaces/3ec8f6dd-1735-4479-9825-a2c42edac34c/logs/buy30727_lane_cc_main_2023_50.log
[buy30727] 2026-06-05T19:33:24.699Z spawned CC-MAIN-2023-14 pid=2705269 baseline_merchants=53 log=/paperclip/instances/default/workspaces/3ec8f6dd-1735-4479-9825-a2c42edac34c/logs/buy30727_lane_cc_main_2023_14.log
[buy30727] 2026-06-05T19:33:26.206Z spawned CC-MAIN-2023-06 pid=2705312 baseline_merchants=45 log=/paperclip/instances/default/workspaces/3ec8f6dd-1735-4479-9825-a2c42edac34c/logs/buy30727_lane_cc_main_2023_06.log
[buy30727] 2026-06-05T19:33:27.714Z spawned CC-MAIN-2022-49 pid=2705381 baseline_merchants=5 log=/paperclip/instances/default/workspaces/3ec8f6dd-1735-4479-9825-a2c42edac34c/logs/buy30727_lane_cc_main_2022_49.log
[buy30727] 2026-06-05T19:33:29.225Z spawned CC-MAIN-2022-40 pid=2705407 baseline_merchants=3 log=/paperclip/instances/default/workspaces/3ec8f6dd-1735-4479-9825-a2c42edac34c/logs/buy30727_lane_cc_main_2022_40.log
[buy30727] 2026-06-05T19:34:00.762Z worker CC-MAIN-2023-50 pid=2705237 saturated#153(elapsed=38s new_merchants=0 remaining=378 cooldown=240m)
[buy30727] 2026-06-05T19:34:00.765Z worker CC-MAIN-2023-14 pid=2705269 saturated#153(elapsed=36s new_merchants=0 remaining=248 cooldown=240m)
[buy30727] 2026-06-05T19:34:00.769Z worker CC-MAIN-2023-06 pid=2705312 saturated#153(elapsed=35s new_merchants=0 remaining=318 cooldown=240m)
[buy30727] 2026-06-05T19:34:00.773Z worker CC-MAIN-2022-49 pid=2705381 saturated#153(elapsed=33s new_merchants=0 remaining=323 cooldown=240m)
[buy30727] 2026-06-05T19:34:00.779Z worker CC-MAIN-2022-40 pid=2705407 saturated#153(elapsed=32s new_merchants=0 remaining=295 cooldown=240m)
[buy30727] 2026-06-05T19:34:00.782Z spawned CC-MAIN-2026-21 pid=2706363 baseline_merchants=853 log=/paperclip/instances/default/workspaces/3ec8f6dd-1735-4479-9825-a2c42edac34c/logs/buy30727_lane_cc_main_2026_21.log
[buy30727] 2026-06-05T19:34:02.290Z spawned CC-MAIN-2026-17 pid=2706491 baseline_merchants=7 log=/paperclip/instances/default/workspaces/3ec8f6dd-1735-4479-9825-a2c42edac34c/logs/buy30727_lane_cc_main_2026_17.log
[buy30727] 2026-06-05T19:34:03.809Z spawned CC-MAIN-2025-18 pid=2706528 baseline_merchants=72 log=/paperclip/instances/default/workspaces/3ec8f6dd-1735-4479-9825-a2c42edac34c/logs/buy30727_lane_cc_main_2025_18.log
[buy30727] 2026-06-05T19:34:05.329Z spawned CC-MAIN-2025-05 pid=2706589 baseline_merchants=7 log=/paperclip/instances/default/workspaces/3ec8f6dd-1735-4479-9825-a2c42edac34c/logs/buy30727_lane_cc_main_2025_05.log
[buy30727] 2026-06-05T19:34:06.837Z spawned CC-MAIN-2025-47 pid=2706658 baseline_merchants=1421 log=/paperclip/instances/default/workspaces/3ec8f6dd-1735-4479-9825-a2c42edac34c/logs/buy30727_lane_cc_main_2025_47.log
[buy30727] 2026-06-05T19:34:38.360Z worker CC-MAIN-2026-21 pid=2706363 saturated#153(elapsed=38s new_merchants=0 remaining=862 cooldown=240m)
[buy30727] 2026-06-05T19:34:38.370Z worker CC-MAIN-2026-17 pid=2706491 saturated#154(elapsed=36s new_merchants=0 remaining=3255 cooldown=240m)
[buy30727] 2026-06-05T19:34:38.389Z worker CC-MAIN-2025-18 pid=2706528 saturated#154(elapsed=35s new_merchants=0 remaining=2382 cooldown=240m)
[buy30727] 2026-06-05T19:34:38.395Z worker CC-MAIN-2025-05 pid=2706589 saturated#154(elapsed=33s new_merchants=0 remaining=625 cooldown=240m)
[buy30727] 2026-06-05T19:34:38.413Z worker CC-MAIN-2025-47 pid=2706658 saturated#154(elapsed=32s new_merchants=0 remaining=2294 cooldown=240m)
[buy30727] 2026-06-05T19:34:38.417Z spawned CC-MAIN-2025-51 pid=2707350 baseline_merchants=236 log=/paperclip/instances/default/workspaces/3ec8f6dd-1735-4479-9825-a2c42edac34c/logs/buy30727_lane_cc_main_2025_51.log
[buy30727] 2026-06-05T19:34:39.947Z spawned CC-MAIN-2025-43 pid=2707381 baseline_merchants=88 log=/paperclip/instances/default/workspaces/3ec8f6dd-1735-4479-9825-a2c42edac34c/logs/buy30727_lane_cc_main_2025_43.log
[buy30727] 2026-06-05T19:34:41.464Z spawned CC-MAIN-2025-38 pid=2707435 baseline_merchants=28 log=/paperclip/instances/default/workspaces/3ec8f6dd-1735-4479-9825-a2c42edac34c/logs/buy30727_lane_cc_main_2025_38.log
[buy30727] 2026-06-05T19:34:42.986Z spawned CC-MAIN-2025-33 pid=2707475 baseline_merchants=13 log=/paperclip/instances/default/workspaces/3ec8f6dd-1735-4479-9825-a2c42edac34c/logs/buy30727_lane_cc_main_2025_33.log
[buy30727] 2026-06-05T19:34:44.512Z spawned CC-MAIN-2025-30 pid=2707501 baseline_merchants=136 log=/paperclip/instances/default/workspaces/3ec8f6dd-1735-4479-9825-a2c42edac34c/logs/buy30727_lane_cc_main_2025_30.log
[buy30727] 2026-06-05T19:35:16.100Z worker CC-MAIN-2025-51 pid=2707350 saturated#154(elapsed=38s new_merchants=0 remaining=2895 cooldown=240m)
[buy30727] 2026-06-05T19:35:16.139Z worker CC-MAIN-2025-43 pid=2707381 saturated#154(elapsed=36s new_merchants=0 remaining=1897 cooldown=240m)
[buy30727] 2026-06-05T19:35:16.188Z worker CC-MAIN-2025-38 pid=2707435 saturated#154(elapsed=35s new_merchants=0 remaining=1980 cooldown=240m)
[buy30727] 2026-06-05T19:35:16.218Z worker CC-MAIN-2025-33 pid=2707475 saturated#154(elapsed=33s new_merchants=0 remaining=2151 cooldown=240m)
[buy30727] 2026-06-05T19:35:16.240Z worker CC-MAIN-2025-30 pid=2707501 saturated#154(elapsed=32s new_merchants=0 remaining=2171 cooldown=240m)
[buy30727] 2026-06-05T19:35:16.262Z spawned CC-MAIN-2025-26 pid=2708622 baseline_merchants=18 log=/paperclip/instances/default/workspaces/3ec8f6dd-1735-4479-9825-a2c42edac34c/logs/buy30727_lane_cc_main_2025_26.log
[buy30727] 2026-06-05T19:35:17.783Z spawned CC-MAIN-2025-08 pid=2708654 baseline_merchants=7 log=/paperclip/instances/default/workspaces/3ec8f6dd-1735-4479-9825-a2c42edac34c/logs/buy30727_lane_cc_main_2025_08.log
[buy30727] 2026-06-05T19:35:19.293Z spawned CC-MAIN-2024-51 pid=2708689 baseline_merchants=427 log=/paperclip/instances/default/workspaces/3ec8f6dd-1735-4479-9825-a2c42edac34c/logs/buy30727_lane_cc_main_2024_51.log
[buy30727] 2026-06-05T19:35:20.810Z spawned CC-MAIN-2024-46 pid=2708749 baseline_merchants=92 log=/paperclip/instances/default/workspaces/3ec8f6dd-1735-4479-9825-a2c42edac34c/logs/buy30727_lane_cc_main_2024_46.log
[buy30727] 2026-06-05T19:35:22.332Z spawned CC-MAIN-2024-42 pid=2708815 baseline_merchants=91 log=/paperclip/instances/default/workspaces/3ec8f6dd-1735-4479-9825-a2c42edac34c/logs/buy30727_lane_cc_main_2024_42.log
[buy30727] 2026-06-05T19:35:53.883Z worker CC-MAIN-2025-26 pid=2708622 saturated#154(elapsed=38s new_merchants=0 remaining=744 cooldown=240m)
[buy30727] 2026-06-05T19:35:53.886Z worker CC-MAIN-2025-08 pid=2708654 saturated#154(elapsed=36s new_merchants=0 remaining=695 cooldown=240m)
[buy30727] 2026-06-05T19:35:53.902Z worker CC-MAIN-2024-51 pid=2708689 saturated#154(elapsed=35s new_merchants=0 remaining=1545 cooldown=240m)
[buy30727] 2026-06-05T19:35:53.921Z worker CC-MAIN-2024-46 pid=2708749 saturated#154(elapsed=33s new_merchants=0 remaining=1592 cooldown=240m)
[buy30727] 2026-06-05T19:35:53.938Z worker CC-MAIN-2024-42 pid=2708815 saturated#154(elapsed=32s new_merchants=0 remaining=1420 cooldown=240m)
[buy30727] 2026-06-05T19:35:53.942Z spawned CC-MAIN-2024-38 pid=2710182 baseline_merchants=36 log=/paperclip/instances/default/workspaces/3ec8f6dd-1735-4479-9825-a2c42edac34c/logs/buy30727_lane_cc_main_2024_38.log
[buy30727] 2026-06-05T19:35:55.451Z spawned CC-MAIN-2024-33 pid=2710226 baseline_merchants=88 log=/paperclip/instances/default/workspaces/3ec8f6dd-1735-4479-9825-a2c42edac34c/logs/buy30727_lane_cc_main_2024_33.log
[buy30727] 2026-06-05T19:35:56.961Z spawned CC-MAIN-2024-30 pid=2710370 baseline_merchants=17 log=/paperclip/instances/default/workspaces/3ec8f6dd-1735-4479-9825-a2c42edac34c/logs/buy30727_lane_cc_main_2024_30.log
[buy30727] 2026-06-05T19:35:58.470Z spawned CC-MAIN-2024-26 pid=2710435 baseline_merchants=7 log=/paperclip/instances/default/workspaces/3ec8f6dd-1735-4479-9825-a2c42edac34c/logs/buy30727_lane_cc_main_2024_26.log
[buy30727] 2026-06-05T19:35:59.978Z spawned CC-MAIN-2024-22 pid=2710498 baseline_merchants=13 log=/paperclip/instances/default/workspaces/3ec8f6dd-1735-4479-9825-a2c42edac34c/logs/buy30727_lane_cc_main_2024_22.log
[buy30727] 2026-06-05T19:36:31.529Z worker CC-MAIN-2024-38 pid=2710182 saturated#154(elapsed=38s new_merchants=0 remaining=581 cooldown=240m)
[buy30727] 2026-06-05T19:36:31.533Z worker CC-MAIN-2024-33 pid=2710226 saturated#154(elapsed=36s new_merchants=0 remaining=508 cooldown=240m)
[buy30727] 2026-06-05T19:36:31.536Z worker CC-MAIN-2024-30 pid=2710370 saturated#154(elapsed=35s new_merchants=0 remaining=424 cooldown=240m)
[buy30727] 2026-06-05T19:36:31.538Z worker CC-MAIN-2024-26 pid=2710435 saturated#154(elapsed=33s new_merchants=0 remaining=401 cooldown=240m)
[buy30727] 2026-06-05T19:36:31.550Z worker CC-MAIN-2024-22 pid=2710498 saturated#154(elapsed=32s new_merchants=0 remaining=868 cooldown=240m)
[buy30727] 2026-06-05T19:36:31.553Z spawned CC-MAIN-2024-18 pid=2711792 baseline_merchants=62 log=/paperclip/instances/default/workspaces/3ec8f6dd-1735-4479-9825-a2c42edac34c/logs/buy30727_lane_cc_main_2024_18.log
[buy30727] 2026-06-05T19:36:33.077Z spawned CC-MAIN-2024-10 pid=2711861 baseline_merchants=4 log=/paperclip/instances/default/workspaces/3ec8f6dd-1735-4479-9825-a2c42edac34c/logs/buy30727_lane_cc_main_2024_10.log
[buy30727] 2026-06-05T19:36:34.593Z spawned CC-MAIN-2023-50 pid=2711897 baseline_merchants=4 log=/paperclip/instances/default/workspaces/3ec8f6dd-1735-4479-9825-a2c42edac34c/logs/buy30727_lane_cc_main_2023_50.log
[buy30727] 2026-06-05T19:36:36.103Z spawned CC-MAIN-2023-14 pid=2712017 baseline_merchants=53 log=/paperclip/instances/default/workspaces/3ec8f6dd-1735-4479-9825-a2c42edac34c/logs/buy30727_lane_cc_main_2023_14.log
[buy30727] 2026-06-05T19:36:37.611Z spawned CC-MAIN-2023-06 pid=2712118 baseline_merchants=45 log=/paperclip/instances/default/workspaces/3ec8f6dd-1735-4479-9825-a2c42edac34c/logs/buy30727_lane_cc_main_2023_06.log
[buy30727] 2026-06-05T19:36:39.151Z tick=100 active=5 drained=20 saturated=27 known_merchants=15704 status=[CC-MAIN-2024-18:1033/47884, CC-MAIN-2024-10:794/32287, CC-MAIN-2023-50:378/14186, CC-MAIN-2023-14:248/11465, CC-MAIN-2023-06:318/15760]
[buy30727] 2026-06-05T19:37:09.207Z worker CC-MAIN-2024-18 pid=2711792 saturated#154(elapsed=38s new_merchants=0 remaining=1033 cooldown=240m)
[buy30727] 2026-06-05T19:37:09.225Z worker CC-MAIN-2024-10 pid=2711861 saturated#154(elapsed=36s new_merchants=0 remaining=794 cooldown=240m)
[buy30727] 2026-06-05T19:37:09.230Z worker CC-MAIN-2023-50 pid=2711897 saturated#154(elapsed=35s new_merchants=0 remaining=378 cooldown=240m)
[buy30727] 2026-06-05T19:37:09.238Z worker CC-MAIN-2023-14 pid=2712017 saturated#154(elapsed=33s new_merchants=0 remaining=248 cooldown=240m)
[buy30727] 2026-06-05T19:37:09.244Z worker CC-MAIN-2023-06 pid=2712118 saturated#154(elapsed=32s new_merchants=0 remaining=318 cooldown=240m)
[buy30727] 2026-06-05T19:37:09.250Z spawned CC-MAIN-2022-49 pid=2713718 baseline_merchants=5 log=/paperclip/instances/default/workspaces/3ec8f6dd-1735-4479-9825-a2c42edac34c/logs/buy30727_lane_cc_main_2022_49.log
[buy30727] 2026-06-05T19:37:10.761Z spawned CC-MAIN-2022-40 pid=2713750 baseline_merchants=3 log=/paperclip/instances/default/workspaces/3ec8f6dd-1735-4479-9825-a2c42edac34c/logs/buy30727_lane_cc_main_2022_40.log
[buy30727] 2026-06-05T19:37:12.273Z spawned CC-MAIN-2026-21 pid=2713871 baseline_merchants=853 log=/paperclip/instances/default/workspaces/3ec8f6dd-1735-4479-9825-a2c42edac34c/logs/buy30727_lane_cc_main_2026_21.log
[buy30727] 2026-06-05T19:37:13.782Z spawned CC-MAIN-2026-17 pid=2713929 baseline_merchants=7 log=/paperclip/instances/default/workspaces/3ec8f6dd-1735-4479-9825-a2c42edac34c/logs/buy30727_lane_cc_main_2026_17.log
[buy30727] 2026-06-05T19:37:15.307Z spawned CC-MAIN-2025-18 pid=2713957 baseline_merchants=72 log=/paperclip/instances/default/workspaces/3ec8f6dd-1735-4479-9825-a2c42edac34c/logs/buy30727_lane_cc_main_2025_18.log
[buy30727] 2026-06-05T19:37:46.850Z worker CC-MAIN-2022-49 pid=2713718 saturated#154(elapsed=38s new_merchants=0 remaining=323 cooldown=240m)
[buy30727] 2026-06-05T19:37:46.855Z worker CC-MAIN-2022-40 pid=2713750 saturated#154(elapsed=36s new_merchants=0 remaining=295 cooldown=240m)
[buy30727] 2026-06-05T19:37:46.857Z worker CC-MAIN-2026-21 pid=2713871 saturated#154(elapsed=35s new_merchants=0 remaining=862 cooldown=240m)
[buy30727] 2026-06-05T19:37:46.876Z worker CC-MAIN-2026-17 pid=2713929 saturated#155(elapsed=33s new_merchants=0 remaining=3255 cooldown=240m)
[buy30727] 2026-06-05T19:37:46.896Z worker CC-MAIN-2025-18 pid=2713957 saturated#155(elapsed=32s new_merchants=0 remaining=2382 cooldown=240m)
[buy30727] 2026-06-05T19:37:46.901Z spawned CC-MAIN-2025-05 pid=2716820 baseline_merchants=7 log=/paperclip/instances/default/workspaces/3ec8f6dd-1735-4479-9825-a2c42edac34c/logs/buy30727_lane_cc_main_2025_05.log
[buy30727] 2026-06-05T19:37:48.414Z spawned CC-MAIN-2025-47 pid=2716881 baseline_merchants=1421 log=/paperclip/instances/default/workspaces/3ec8f6dd-1735-4479-9825-a2c42edac34c/logs/buy30727_lane_cc_main_2025_47.log
[buy30727] 2026-06-05T19:37:49.937Z spawned CC-MAIN-2025-51 pid=2716914 baseline_merchants=236 log=/paperclip/instances/default/workspaces/3ec8f6dd-1735-4479-9825-a2c42edac34c/logs/buy30727_lane_cc_main_2025_51.log
[buy30727] 2026-06-05T19:37:51.464Z spawned CC-MAIN-2025-43 pid=2716987 baseline_merchants=88 log=/paperclip/instances/default/workspaces/3ec8f6dd-1735-4479-9825-a2c42edac34c/logs/buy30727_lane_cc_main_2025_43.log
[buy30727] 2026-06-05T19:37:52.980Z spawned CC-MAIN-2025-38 pid=2717012 baseline_merchants=28 log=/paperclip/instances/default/workspaces/3ec8f6dd-1735-4479-9825-a2c42edac34c/logs/buy30727_lane_cc_main_2025_38.log
[buy30727] 2026-06-05T19:38:24.528Z worker CC-MAIN-2025-05 pid=2716820 saturated#155(elapsed=38s new_merchants=0 remaining=625 cooldown=240m)
[buy30727] 2026-06-05T19:38:24.561Z worker CC-MAIN-2025-47 pid=2716881 saturated#155(elapsed=36s new_merchants=0 remaining=2294 cooldown=240m)
[buy30727] 2026-06-05T19:38:24.588Z worker CC-MAIN-2025-51 pid=2716914 saturated#155(elapsed=35s new_merchants=0 remaining=2895 cooldown=240m)
[buy30727] 2026-06-05T19:38:24.615Z worker CC-MAIN-2025-43 pid=2716987 saturated#155(elapsed=33s new_merchants=0 remaining=1897 cooldown=240m)
[buy30727] 2026-06-05T19:38:24.627Z worker CC-MAIN-2025-38 pid=2717012 saturated#155(elapsed=32s new_merchants=0 remaining=1980 cooldown=240m)
[buy30727] 2026-06-05T19:38:24.631Z spawned CC-MAIN-2025-33 pid=2718194 baseline_merchants=13 log=/paperclip/instances/default/workspaces/3ec8f6dd-1735-4479-9825-a2c42edac34c/logs/buy30727_lane_cc_main_2025_33.log
[buy30727] 2026-06-05T19:38:26.157Z spawned CC-MAIN-2025-30 pid=2718252 baseline_merchants=136 log=/paperclip/instances/default/workspaces/3ec8f6dd-1735-4479-9825-a2c42edac34c/logs/buy30727_lane_cc_main_2025_30.log
[buy30727] 2026-06-05T19:38:27.683Z spawned CC-MAIN-2025-26 pid=2718424 baseline_merchants=18 log=/paperclip/instances/default/workspaces/3ec8f6dd-1735-4479-9825-a2c42edac34c/logs/buy30727_lane_cc_main_2025_26.log
[buy30727] 2026-06-05T19:38:29.193Z spawned CC-MAIN-2025-08 pid=2718533 baseline_merchants=7 log=/paperclip/instances/default/workspaces/3ec8f6dd-1735-4479-9825-a2c42edac34c/logs/buy30727_lane_cc_main_2025_08.log
[buy30727] 2026-06-05T19:38:30.705Z spawned CC-MAIN-2024-51 pid=2718564 baseline_merchants=427 log=/paperclip/instances/default/workspaces/3ec8f6dd-1735-4479-9825-a2c42edac34c/logs/buy30727_lane_cc_main_2024_51.log
[buy30727] 2026-06-05T19:39:02.260Z worker CC-MAIN-2025-33 pid=2718194 saturated#155(elapsed=38s new_merchants=0 remaining=2151 cooldown=240m)
[buy30727] 2026-06-05T19:39:02.294Z worker CC-MAIN-2025-30 pid=2718252 saturated#155(elapsed=36s new_merchants=0 remaining=2171 cooldown=240m)
[buy30727] 2026-06-05T19:39:02.300Z worker CC-MAIN-2025-26 pid=2718424 saturated#155(elapsed=35s new_merchants=0 remaining=744 cooldown=240m)
[buy30727] 2026-06-05T19:39:02.305Z worker CC-MAIN-2025-08 pid=2718533 saturated#155(elapsed=33s new_merchants=0 remaining=695 cooldown=240m)
[buy30727] 2026-06-05T19:39:02.341Z worker CC-MAIN-2024-51 pid=2718564 saturated#155(elapsed=32s new_merchants=0 remaining=1545 cooldown=240m)
[buy30727] 2026-06-05T19:39:02.346Z spawned CC-MAIN-2024-46 pid=2719931 baseline_merchants=92 log=/paperclip/instances/default/workspaces/3ec8f6dd-1735-4479-9825-a2c42edac34c/logs/buy30727_lane_cc_main_2024_46.log
[buy30727] 2026-06-05T19:39:03.874Z spawned CC-MAIN-2024-42 pid=2720025 baseline_merchants=91 log=/paperclip/instances/default/workspaces/3ec8f6dd-1735-4479-9825-a2c42edac34c/logs/buy30727_lane_cc_main_2024_42.log
[buy30727] 2026-06-05T19:39:05.424Z spawned CC-MAIN-2024-38 pid=2720118 baseline_merchants=36 log=/paperclip/instances/default/workspaces/3ec8f6dd-1735-4479-9825-a2c42edac34c/logs/buy30727_lane_cc_main_2024_38.log
[buy30727] 2026-06-05T19:39:06.960Z spawned CC-MAIN-2024-33 pid=2720153 baseline_merchants=88 log=/paperclip/instances/default/workspaces/3ec8f6dd-1735-4479-9825-a2c42edac34c/logs/buy30727_lane_cc_main_2024_33.log
[buy30727] 2026-06-05T19:39:08.479Z spawned CC-MAIN-2024-30 pid=2720199 baseline_merchants=17 log=/paperclip/instances/default/workspaces/3ec8f6dd-1735-4479-9825-a2c42edac34c/logs/buy30727_lane_cc_main_2024_30.log
[buy30727] 2026-06-05T19:39:40.063Z worker CC-MAIN-2024-46 pid=2719931 saturated#155(elapsed=38s new_merchants=0 remaining=1592 cooldown=240m)
[buy30727] 2026-06-05T19:39:40.090Z worker CC-MAIN-2024-42 pid=2720025 saturated#155(elapsed=36s new_merchants=0 remaining=1420 cooldown=240m)
[buy30727] 2026-06-05T19:39:40.097Z worker CC-MAIN-2024-38 pid=2720118 saturated#155(elapsed=35s new_merchants=0 remaining=581 cooldown=240m)
[buy30727] 2026-06-05T19:39:40.102Z worker CC-MAIN-2024-33 pid=2720153 saturated#155(elapsed=33s new_merchants=0 remaining=508 cooldown=240m)
[buy30727] 2026-06-05T19:39:40.105Z worker CC-MAIN-2024-30 pid=2720199 saturated#155(elapsed=32s new_merchants=0 remaining=424 cooldown=240m)
[buy30727] 2026-06-05T19:39:40.110Z spawned CC-MAIN-2024-26 pid=2721322 baseline_merchants=7 log=/paperclip/instances/default/workspaces/3ec8f6dd-1735-4479-9825-a2c42edac34c/logs/buy30727_lane_cc_main_2024_26.log
[buy30727] 2026-06-05T19:39:41.624Z spawned CC-MAIN-2024-22 pid=2721389 baseline_merchants=13 log=/paperclip/instances/default/workspaces/3ec8f6dd-1735-4479-9825-a2c42edac34c/logs/buy30727_lane_cc_main_2024_22.log
[buy30727] 2026-06-05T19:39:43.139Z spawned CC-MAIN-2024-18 pid=2721467 baseline_merchants=62 log=/paperclip/instances/default/workspaces/3ec8f6dd-1735-4479-9825-a2c42edac34c/logs/buy30727_lane_cc_main_2024_18.log
[buy30727] 2026-06-05T19:39:44.662Z spawned CC-MAIN-2024-10 pid=2721516 baseline_merchants=4 log=/paperclip/instances/default/workspaces/3ec8f6dd-1735-4479-9825-a2c42edac34c/logs/buy30727_lane_cc_main_2024_10.log
[buy30727] 2026-06-05T19:39:46.178Z spawned CC-MAIN-2023-50 pid=2721565 baseline_merchants=4 log=/paperclip/instances/default/workspaces/3ec8f6dd-1735-4479-9825-a2c42edac34c/logs/buy30727_lane_cc_main_2023_50.log
[buy30727] 2026-06-05T19:40:17.690Z worker CC-MAIN-2024-26 pid=2721322 saturated#155(elapsed=38s new_merchants=0 remaining=401 cooldown=240m)
[buy30727] 2026-06-05T19:40:17.706Z worker CC-MAIN-2024-22 pid=2721389 saturated#155(elapsed=36s new_merchants=0 remaining=868 cooldown=240m)
[buy30727] 2026-06-05T19:40:17.729Z worker CC-MAIN-2024-18 pid=2721467 saturated#155(elapsed=35s new_merchants=0 remaining=1033 cooldown=240m)
[buy30727] 2026-06-05T19:40:17.742Z worker CC-MAIN-2024-10 pid=2721516 saturated#155(elapsed=33s new_merchants=0 remaining=794 cooldown=240m)
[buy30727] 2026-06-05T19:40:17.750Z worker CC-MAIN-2023-50 pid=2721565 saturated#155(elapsed=32s new_merchants=0 remaining=378 cooldown=240m)
[buy30727] 2026-06-05T19:40:17.754Z spawned CC-MAIN-2023-14 pid=2722930 baseline_merchants=53 log=/paperclip/instances/default/workspaces/3ec8f6dd-1735-4479-9825-a2c42edac34c/logs/buy30727_lane_cc_main_2023_14.log
[buy30727] 2026-06-05T19:40:19.261Z spawned CC-MAIN-2023-06 pid=2723032 baseline_merchants=45 log=/paperclip/instances/default/workspaces/3ec8f6dd-1735-4479-9825-a2c42edac34c/logs/buy30727_lane_cc_main_2023_06.log
[buy30727] 2026-06-05T19:40:20.770Z spawned CC-MAIN-2022-49 pid=2723064 baseline_merchants=5 log=/paperclip/instances/default/workspaces/3ec8f6dd-1735-4479-9825-a2c42edac34c/logs/buy30727_lane_cc_main_2022_49.log
[buy30727] 2026-06-05T19:40:22.280Z spawned CC-MAIN-2022-40 pid=2723212 baseline_merchants=3 log=/paperclip/instances/default/workspaces/3ec8f6dd-1735-4479-9825-a2c42edac34c/logs/buy30727_lane_cc_main_2022_40.log
[buy30727] 2026-06-05T19:40:23.791Z spawned CC-MAIN-2026-21 pid=2723287 baseline_merchants=853 log=/paperclip/instances/default/workspaces/3ec8f6dd-1735-4479-9825-a2c42edac34c/logs/buy30727_lane_cc_main_2026_21.log
[buy30727] 2026-06-05T19:40:55.310Z worker CC-MAIN-2023-14 pid=2722930 saturated#155(elapsed=38s new_merchants=0 remaining=248 cooldown=240m)
[buy30727] 2026-06-05T19:40:55.315Z worker CC-MAIN-2023-06 pid=2723032 saturated#155(elapsed=36s new_merchants=0 remaining=318 cooldown=240m)
[buy30727] 2026-06-05T19:40:55.319Z worker CC-MAIN-2022-49 pid=2723064 saturated#155(elapsed=35s new_merchants=0 remaining=323 cooldown=240m)
[buy30727] 2026-06-05T19:40:55.323Z worker CC-MAIN-2022-40 pid=2723212 saturated#155(elapsed=33s new_merchants=0 remaining=295 cooldown=240m)
[buy30727] 2026-06-05T19:40:55.325Z worker CC-MAIN-2026-21 pid=2723287 saturated#155(elapsed=32s new_merchants=0 remaining=862 cooldown=240m)
[buy30727] 2026-06-05T19:40:55.329Z spawned CC-MAIN-2026-17 pid=2724865 baseline_merchants=7 log=/paperclip/instances/default/workspaces/3ec8f6dd-1735-4479-9825-a2c42edac34c/logs/buy30727_lane_cc_main_2026_17.log
[buy30727] 2026-06-05T19:40:56.851Z spawned CC-MAIN-2025-18 pid=2724944 baseline_merchants=72 log=/paperclip/instances/default/workspaces/3ec8f6dd-1735-4479-9825-a2c42edac34c/logs/buy30727_lane_cc_main_2025_18.log
[buy30727] 2026-06-05T19:40:58.384Z spawned CC-MAIN-2025-05 pid=2725075 baseline_merchants=7 log=/paperclip/instances/default/workspaces/3ec8f6dd-1735-4479-9825-a2c42edac34c/logs/buy30727_lane_cc_main_2025_05.log
[buy30727] 2026-06-05T19:40:59.893Z spawned CC-MAIN-2025-47 pid=2725146 baseline_merchants=1421 log=/paperclip/instances/default/workspaces/3ec8f6dd-1735-4479-9825-a2c42edac34c/logs/buy30727_lane_cc_main_2025_47.log
[buy30727] 2026-06-05T19:41:01.419Z spawned CC-MAIN-2025-51 pid=2725352 baseline_merchants=236 log=/paperclip/instances/default/workspaces/3ec8f6dd-1735-4479-9825-a2c42edac34c/logs/buy30727_lane_cc_main_2025_51.log
[buy30727] 2026-06-05T19:41:32.981Z worker CC-MAIN-2026-17 pid=2724865 saturated#156(elapsed=38s new_merchants=0 remaining=3255 cooldown=240m)
[buy30727] 2026-06-05T19:41:33.007Z worker CC-MAIN-2025-18 pid=2724944 saturated#156(elapsed=36s new_merchants=0 remaining=2382 cooldown=240m)
[buy30727] 2026-06-05T19:41:33.013Z worker CC-MAIN-2025-05 pid=2725075 saturated#156(elapsed=35s new_merchants=0 remaining=625 cooldown=240m)
[buy30727] 2026-06-05T19:41:33.032Z worker CC-MAIN-2025-47 pid=2725146 saturated#156(elapsed=33s new_merchants=0 remaining=2294 cooldown=240m)
[buy30727] 2026-06-05T19:41:33.053Z worker CC-MAIN-2025-51 pid=2725352 saturated#156(elapsed=32s new_merchants=0 remaining=2895 cooldown=240m)
[buy30727] 2026-06-05T19:41:33.057Z spawned CC-MAIN-2025-43 pid=2728022 baseline_merchants=88 log=/paperclip/instances/default/workspaces/3ec8f6dd-1735-4479-9825-a2c42edac34c/logs/buy30727_lane_cc_main_2025_43.log
[buy30727] 2026-06-05T19:41:34.580Z spawned CC-MAIN-2025-38 pid=2728211 baseline_merchants=28 log=/paperclip/instances/default/workspaces/3ec8f6dd-1735-4479-9825-a2c42edac34c/logs/buy30727_lane_cc_main_2025_38.log
[buy30727] 2026-06-05T19:41:36.102Z spawned CC-MAIN-2025-33 pid=2728374 baseline_merchants=13 log=/paperclip/instances/default/workspaces/3ec8f6dd-1735-4479-9825-a2c42edac34c/logs/buy30727_lane_cc_main_2025_33.log
[buy30727] 2026-06-05T19:41:37.626Z spawned CC-MAIN-2025-30 pid=2728700 baseline_merchants=136 log=/paperclip/instances/default/workspaces/3ec8f6dd-1735-4479-9825-a2c42edac34c/logs/buy30727_lane_cc_main_2025_30.log
[buy30727] 2026-06-05T19:41:39.148Z spawned CC-MAIN-2025-26 pid=2728811 baseline_merchants=18 log=/paperclip/instances/default/workspaces/3ec8f6dd-1735-4479-9825-a2c42edac34c/logs/buy30727_lane_cc_main_2025_26.log
[buy30727] 2026-06-05T19:42:10.676Z worker CC-MAIN-2025-43 pid=2728022 saturated#156(elapsed=38s new_merchants=0 remaining=1897 cooldown=240m)
[buy30727] 2026-06-05T19:42:10.701Z worker CC-MAIN-2025-38 pid=2728211 saturated#156(elapsed=36s new_merchants=0 remaining=1980 cooldown=240m)
[buy30727] 2026-06-05T19:42:10.726Z worker CC-MAIN-2025-33 pid=2728374 saturated#156(elapsed=35s new_merchants=0 remaining=2151 cooldown=240m)
[buy30727] 2026-06-05T19:42:10.748Z worker CC-MAIN-2025-30 pid=2728700 saturated#156(elapsed=33s new_merchants=0 remaining=2171 cooldown=240m)
[buy30727] 2026-06-05T19:42:10.752Z worker CC-MAIN-2025-26 pid=2728811 saturated#156(elapsed=32s new_merchants=0 remaining=744 cooldown=240m)
[buy30727] 2026-06-05T19:42:10.756Z spawned CC-MAIN-2025-08 pid=2730347 baseline_merchants=7 log=/paperclip/instances/default/workspaces/3ec8f6dd-1735-4479-9825-a2c42edac34c/logs/buy30727_lane_cc_main_2025_08.log
[buy30727] 2026-06-05T19:42:12.272Z spawned CC-MAIN-2024-51 pid=2730384 baseline_merchants=427 log=/paperclip/instances/default/workspaces/3ec8f6dd-1735-4479-9825-a2c42edac34c/logs/buy30727_lane_cc_main_2024_51.log
[buy30727] 2026-06-05T19:42:13.804Z spawned CC-MAIN-2024-46 pid=2730436 baseline_merchants=92 log=/paperclip/instances/default/workspaces/3ec8f6dd-1735-4479-9825-a2c42edac34c/logs/buy30727_lane_cc_main_2024_46.log
[buy30727] 2026-06-05T19:42:15.332Z spawned CC-MAIN-2024-42 pid=2730570 baseline_merchants=91 log=/paperclip/instances/default/workspaces/3ec8f6dd-1735-4479-9825-a2c42edac34c/logs/buy30727_lane_cc_main_2024_42.log
[buy30727] 2026-06-05T19:42:16.860Z spawned CC-MAIN-2024-38 pid=2730631 baseline_merchants=36 log=/paperclip/instances/default/workspaces/3ec8f6dd-1735-4479-9825-a2c42edac34c/logs/buy30727_lane_cc_main_2024_38.log
[buy30727] 2026-06-05T19:42:48.388Z worker CC-MAIN-2025-08 pid=2730347 saturated#156(elapsed=38s new_merchants=0 remaining=695 cooldown=240m)
[buy30727] 2026-06-05T19:42:48.406Z worker CC-MAIN-2024-51 pid=2730384 saturated#156(elapsed=36s new_merchants=0 remaining=1545 cooldown=240m)
[buy30727] 2026-06-05T19:42:48.433Z worker CC-MAIN-2024-46 pid=2730436 saturated#156(elapsed=35s new_merchants=0 remaining=1592 cooldown=240m)
[buy30727] 2026-06-05T19:42:48.460Z worker CC-MAIN-2024-42 pid=2730570 saturated#156(elapsed=33s new_merchants=0 remaining=1420 cooldown=240m)
[buy30727] 2026-06-05T19:42:48.464Z worker CC-MAIN-2024-38 pid=2730631 saturated#156(elapsed=32s new_merchants=0 remaining=581 cooldown=240m)
[buy30727] 2026-06-05T19:42:48.468Z spawned CC-MAIN-2024-33 pid=2731906 baseline_merchants=88 log=/paperclip/instances/default/workspaces/3ec8f6dd-1735-4479-9825-a2c42edac34c/logs/buy30727_lane_cc_main_2024_33.log
[buy30727] 2026-06-05T19:42:49.978Z spawned CC-MAIN-2024-30 pid=2731994 baseline_merchants=17 log=/paperclip/instances/default/workspaces/3ec8f6dd-1735-4479-9825-a2c42edac34c/logs/buy30727_lane_cc_main_2024_30.log
[buy30727] 2026-06-05T19:42:51.486Z spawned CC-MAIN-2024-26 pid=2732062 baseline_merchants=7 log=/paperclip/instances/default/workspaces/3ec8f6dd-1735-4479-9825-a2c42edac34c/logs/buy30727_lane_cc_main_2024_26.log
[buy30727] 2026-06-05T19:42:52.996Z spawned CC-MAIN-2024-22 pid=2732181 baseline_merchants=13 log=/paperclip/instances/default/workspaces/3ec8f6dd-1735-4479-9825-a2c42edac34c/logs/buy30727_lane_cc_main_2024_22.log
[buy30727] 2026-06-05T19:42:54.515Z spawned CC-MAIN-2024-18 pid=2732206 baseline_merchants=62 log=/paperclip/instances/default/workspaces/3ec8f6dd-1735-4479-9825-a2c42edac34c/logs/buy30727_lane_cc_main_2024_18.log
[buy30727] 2026-06-05T19:42:56.060Z tick=110 active=5 drained=20 saturated=27 known_merchants=15704 status=[CC-MAIN-2024-33:508/16923, CC-MAIN-2024-30:424/13139, CC-MAIN-2024-26:401/13353, CC-MAIN-2024-22:868/34722, CC-MAIN-2024-18:1033/47884]
[buy30727] 2026-06-05T19:43:26.090Z worker CC-MAIN-2024-33 pid=2731906 saturated#156(elapsed=38s new_merchants=0 remaining=508 cooldown=240m)
[buy30727] 2026-06-05T19:43:26.094Z worker CC-MAIN-2024-30 pid=2731994 saturated#156(elapsed=36s new_merchants=0 remaining=424 cooldown=240m)
[buy30727] 2026-06-05T19:43:26.098Z worker CC-MAIN-2024-26 pid=2732062 saturated#156(elapsed=35s new_merchants=0 remaining=401 cooldown=240m)
[buy30727] 2026-06-05T19:43:26.112Z worker CC-MAIN-2024-22 pid=2732181 saturated#156(elapsed=33s new_merchants=0 remaining=868 cooldown=240m)
[buy30727] 2026-06-05T19:43:26.130Z worker CC-MAIN-2024-18 pid=2732206 saturated#156(elapsed=32s new_merchants=0 remaining=1033 cooldown=240m)
[buy30727] 2026-06-05T19:43:26.134Z spawned CC-MAIN-2024-10 pid=2733542 baseline_merchants=4 log=/paperclip/instances/default/workspaces/3ec8f6dd-1735-4479-9825-a2c42edac34c/logs/buy30727_lane_cc_main_2024_10.log
[buy30727] 2026-06-05T19:43:27.652Z spawned CC-MAIN-2023-50 pid=2733615 baseline_merchants=4 log=/paperclip/instances/default/workspaces/3ec8f6dd-1735-4479-9825-a2c42edac34c/logs/buy30727_lane_cc_main_2023_50.log
[buy30727] 2026-06-05T19:43:29.160Z spawned CC-MAIN-2023-14 pid=2733679 baseline_merchants=53 log=/paperclip/instances/default/workspaces/3ec8f6dd-1735-4479-9825-a2c42edac34c/logs/buy30727_lane_cc_main_2023_14.log
[buy30727] 2026-06-05T19:43:30.668Z spawned CC-MAIN-2023-06 pid=2733734 baseline_merchants=45 log=/paperclip/instances/default/workspaces/3ec8f6dd-1735-4479-9825-a2c42edac34c/logs/buy30727_lane_cc_main_2023_06.log
[buy30727] 2026-06-05T19:43:32.178Z spawned CC-MAIN-2022-49 pid=2733813 baseline_merchants=5 log=/paperclip/instances/default/workspaces/3ec8f6dd-1735-4479-9825-a2c42edac34c/logs/buy30727_lane_cc_main_2022_49.log
[buy30727] 2026-06-05T19:44:03.721Z worker CC-MAIN-2024-10 pid=2733542 saturated#156(elapsed=38s new_merchants=0 remaining=794 cooldown=240m)
[buy30727] 2026-06-05T19:44:03.725Z worker CC-MAIN-2023-50 pid=2733615 saturated#156(elapsed=36s new_merchants=0 remaining=378 cooldown=240m)
[buy30727] 2026-06-05T19:44:03.728Z worker CC-MAIN-2023-14 pid=2733679 saturated#156(elapsed=35s new_merchants=0 remaining=248 cooldown=240m)
[buy30727] 2026-06-05T19:44:03.732Z worker CC-MAIN-2023-06 pid=2733734 saturated#156(elapsed=33s new_merchants=0 remaining=318 cooldown=240m)
[buy30727] 2026-06-05T19:44:03.739Z worker CC-MAIN-2022-49 pid=2733813 saturated#156(elapsed=32s new_merchants=0 remaining=323 cooldown=240m)
[buy30727] 2026-06-05T19:44:03.742Z spawned CC-MAIN-2022-40 pid=2735354 baseline_merchants=3 log=/paperclip/instances/default/workspaces/3ec8f6dd-1735-4479-9825-a2c42edac34c/logs/buy30727_lane_cc_main_2022_40.log
[buy30727] 2026-06-05T19:44:05.253Z spawned CC-MAIN-2026-21 pid=2735388 baseline_merchants=853 log=/paperclip/instances/default/workspaces/3ec8f6dd-1735-4479-9825-a2c42edac34c/logs/buy30727_lane_cc_main_2026_21.log
[buy30727] 2026-06-05T19:44:06.762Z spawned CC-MAIN-2026-17 pid=2735422 baseline_merchants=7 log=/paperclip/instances/default/workspaces/3ec8f6dd-1735-4479-9825-a2c42edac34c/logs/buy30727_lane_cc_main_2026_17.log
[buy30727] 2026-06-05T19:44:08.285Z spawned CC-MAIN-2025-18 pid=2735453 baseline_merchants=72 log=/paperclip/instances/default/workspaces/3ec8f6dd-1735-4479-9825-a2c42edac34c/logs/buy30727_lane_cc_main_2025_18.log
[buy30727] 2026-06-05T19:44:09.811Z spawned CC-MAIN-2025-05 pid=2735483 baseline_merchants=7 log=/paperclip/instances/default/workspaces/3ec8f6dd-1735-4479-9825-a2c42edac34c/logs/buy30727_lane_cc_main_2025_05.log
[buy30727] 2026-06-05T19:44:41.320Z worker CC-MAIN-2022-40 pid=2735354 saturated#156(elapsed=38s new_merchants=0 remaining=295 cooldown=240m)
[buy30727] 2026-06-05T19:44:41.323Z worker CC-MAIN-2026-21 pid=2735388 saturated#156(elapsed=36s new_merchants=0 remaining=862 cooldown=240m)
[buy30727] 2026-06-05T19:44:41.332Z worker CC-MAIN-2026-17 pid=2735422 saturated#157(elapsed=35s new_merchants=0 remaining=3255 cooldown=240m)
[buy30727] 2026-06-05T19:44:41.351Z worker CC-MAIN-2025-18 pid=2735453 saturated#157(elapsed=33s new_merchants=0 remaining=2382 cooldown=240m)
[buy30727] 2026-06-05T19:44:41.356Z worker CC-MAIN-2025-05 pid=2735483 saturated#157(elapsed=32s new_merchants=0 remaining=625 cooldown=240m)
[buy30727] 2026-06-05T19:44:41.360Z spawned CC-MAIN-2025-47 pid=2736073 baseline_merchants=1421 log=/paperclip/instances/default/workspaces/3ec8f6dd-1735-4479-9825-a2c42edac34c/logs/buy30727_lane_cc_main_2025_47.log
[buy30727] 2026-06-05T19:44:42.883Z spawned CC-MAIN-2025-51 pid=2736118 baseline_merchants=236 log=/paperclip/instances/default/workspaces/3ec8f6dd-1735-4479-9825-a2c42edac34c/logs/buy30727_lane_cc_main_2025_51.log
[buy30727] 2026-06-05T19:44:44.409Z spawned CC-MAIN-2025-43 pid=2736161 baseline_merchants=88 log=/paperclip/instances/default/workspaces/3ec8f6dd-1735-4479-9825-a2c42edac34c/logs/buy30727_lane_cc_main_2025_43.log
[buy30727] 2026-06-05T19:44:45.937Z spawned CC-MAIN-2025-38 pid=2736236 baseline_merchants=28 log=/paperclip/instances/default/workspaces/3ec8f6dd-1735-4479-9825-a2c42edac34c/logs/buy30727_lane_cc_main_2025_38.log
[buy30727] 2026-06-05T19:44:47.454Z spawned CC-MAIN-2025-33 pid=2736280 baseline_merchants=13 log=/paperclip/instances/default/workspaces/3ec8f6dd-1735-4479-9825-a2c42edac34c/logs/buy30727_lane_cc_main_2025_33.log
[buy30727] 2026-06-05T19:45:19.014Z worker CC-MAIN-2025-47 pid=2736073 saturated#157(elapsed=38s new_merchants=0 remaining=2294 cooldown=240m)
[buy30727] 2026-06-05T19:45:19.028Z worker CC-MAIN-2025-51 pid=2736118 saturated#157(elapsed=36s new_merchants=0 remaining=2895 cooldown=240m)
[buy30727] 2026-06-05T19:45:19.040Z worker CC-MAIN-2025-43 pid=2736161 saturated#157(elapsed=35s new_merchants=0 remaining=1897 cooldown=240m)
[buy30727] 2026-06-05T19:45:19.051Z worker CC-MAIN-2025-38 pid=2736236 saturated#157(elapsed=33s new_merchants=0 remaining=1980 cooldown=240m)
[buy30727] 2026-06-05T19:45:19.066Z worker CC-MAIN-2025-33 pid=2736280 saturated#157(elapsed=32s new_merchants=0 remaining=2151 cooldown=240m)
[buy30727] 2026-06-05T19:45:19.070Z spawned CC-MAIN-2025-30 pid=2737037 baseline_merchants=136 log=/paperclip/instances/default/workspaces/3ec8f6dd-1735-4479-9825-a2c42edac34c/logs/buy30727_lane_cc_main_2025_30.log
[buy30727] 2026-06-05T19:45:20.594Z spawned CC-MAIN-2025-26 pid=2737073 baseline_merchants=18 log=/paperclip/instances/default/workspaces/3ec8f6dd-1735-4479-9825-a2c42edac34c/logs/buy30727_lane_cc_main_2025_26.log
[buy30727] 2026-06-05T19:45:22.105Z spawned CC-MAIN-2025-08 pid=2737103 baseline_merchants=7 log=/paperclip/instances/default/workspaces/3ec8f6dd-1735-4479-9825-a2c42edac34c/logs/buy30727_lane_cc_main_2025_08.log
[buy30727] 2026-06-05T19:45:23.615Z spawned CC-MAIN-2024-51 pid=2737132 baseline_merchants=427 log=/paperclip/instances/default/workspaces/3ec8f6dd-1735-4479-9825-a2c42edac34c/logs/buy30727_lane_cc_main_2024_51.log
[buy30727] 2026-06-05T19:45:25.132Z spawned CC-MAIN-2024-46 pid=2737160 baseline_merchants=92 log=/paperclip/instances/default/workspaces/3ec8f6dd-1735-4479-9825-a2c42edac34c/logs/buy30727_lane_cc_main_2024_46.log
[buy30727] 2026-06-05T19:45:56.696Z worker CC-MAIN-2025-30 pid=2737037 saturated#157(elapsed=38s new_merchants=0 remaining=2171 cooldown=240m)
[buy30727] 2026-06-05T19:45:56.700Z worker CC-MAIN-2025-26 pid=2737073 saturated#157(elapsed=36s new_merchants=0 remaining=744 cooldown=240m)
[buy30727] 2026-06-05T19:45:56.704Z worker CC-MAIN-2025-08 pid=2737103 saturated#157(elapsed=35s new_merchants=0 remaining=695 cooldown=240m)
[buy30727] 2026-06-05T19:45:56.717Z worker CC-MAIN-2024-51 pid=2737132 saturated#157(elapsed=33s new_merchants=0 remaining=1545 cooldown=240m)
[buy30727] 2026-06-05T19:45:56.735Z worker CC-MAIN-2024-46 pid=2737160 saturated#157(elapsed=32s new_merchants=0 remaining=1592 cooldown=240m)
[buy30727] 2026-06-05T19:45:56.739Z spawned CC-MAIN-2024-42 pid=2738410 baseline_merchants=91 log=/paperclip/instances/default/workspaces/3ec8f6dd-1735-4479-9825-a2c42edac34c/logs/buy30727_lane_cc_main_2024_42.log
[buy30727] 2026-06-05T19:45:58.260Z spawned CC-MAIN-2024-38 pid=2738517 baseline_merchants=36 log=/paperclip/instances/default/workspaces/3ec8f6dd-1735-4479-9825-a2c42edac34c/logs/buy30727_lane_cc_main_2024_38.log
[buy30727] 2026-06-05T19:45:59.770Z spawned CC-MAIN-2024-33 pid=2738553 baseline_merchants=88 log=/paperclip/instances/default/workspaces/3ec8f6dd-1735-4479-9825-a2c42edac34c/logs/buy30727_lane_cc_main_2024_33.log
[buy30727] 2026-06-05T19:46:01.280Z spawned CC-MAIN-2024-30 pid=2738718 baseline_merchants=17 log=/paperclip/instances/default/workspaces/3ec8f6dd-1735-4479-9825-a2c42edac34c/logs/buy30727_lane_cc_main_2024_30.log
[buy30727] 2026-06-05T19:46:02.788Z spawned CC-MAIN-2024-26 pid=2738804 baseline_merchants=7 log=/paperclip/instances/default/workspaces/3ec8f6dd-1735-4479-9825-a2c42edac34c/logs/buy30727_lane_cc_main_2024_26.log
[buy30727] 2026-06-05T19:46:34.313Z worker CC-MAIN-2024-42 pid=2738410 saturated#157(elapsed=38s new_merchants=0 remaining=1420 cooldown=240m)
[buy30727] 2026-06-05T19:46:34.317Z worker CC-MAIN-2024-38 pid=2738517 saturated#157(elapsed=36s new_merchants=0 remaining=581 cooldown=240m)
[buy30727] 2026-06-05T19:46:34.321Z worker CC-MAIN-2024-33 pid=2738553 saturated#157(elapsed=35s new_merchants=0 remaining=508 cooldown=240m)
[buy30727] 2026-06-05T19:46:34.323Z worker CC-MAIN-2024-30 pid=2738718 saturated#157(elapsed=33s new_merchants=0 remaining=424 cooldown=240m)
[buy30727] 2026-06-05T19:46:34.329Z worker CC-MAIN-2024-26 pid=2738804 saturated#157(elapsed=32s new_merchants=0 remaining=401 cooldown=240m)
[buy30727] 2026-06-05T19:46:34.332Z spawned CC-MAIN-2024-22 pid=2740661 baseline_merchants=13 log=/paperclip/instances/default/workspaces/3ec8f6dd-1735-4479-9825-a2c42edac34c/logs/buy30727_lane_cc_main_2024_22.log
[buy30727] 2026-06-05T19:46:35.851Z spawned CC-MAIN-2024-18 pid=2740757 baseline_merchants=62 log=/paperclip/instances/default/workspaces/3ec8f6dd-1735-4479-9825-a2c42edac34c/logs/buy30727_lane_cc_main_2024_18.log
[buy30727] 2026-06-05T19:46:37.376Z spawned CC-MAIN-2024-10 pid=2740889 baseline_merchants=4 log=/paperclip/instances/default/workspaces/3ec8f6dd-1735-4479-9825-a2c42edac34c/logs/buy30727_lane_cc_main_2024_10.log
[buy30727] 2026-06-05T19:46:38.903Z spawned CC-MAIN-2023-50 pid=2741037 baseline_merchants=4 log=/paperclip/instances/default/workspaces/3ec8f6dd-1735-4479-9825-a2c42edac34c/logs/buy30727_lane_cc_main_2023_50.log
[buy30727] 2026-06-05T19:46:40.411Z spawned CC-MAIN-2023-14 pid=2741129 baseline_merchants=53 log=/paperclip/instances/default/workspaces/3ec8f6dd-1735-4479-9825-a2c42edac34c/logs/buy30727_lane_cc_main_2023_14.log
[buy30727] 2026-06-05T19:47:11.951Z worker CC-MAIN-2024-22 pid=2740661 saturated#157(elapsed=38s new_merchants=0 remaining=868 cooldown=240m)
[buy30727] 2026-06-05T19:47:11.973Z worker CC-MAIN-2024-18 pid=2740757 saturated#157(elapsed=36s new_merchants=0 remaining=1033 cooldown=240m)
[buy30727] 2026-06-05T19:47:11.989Z worker CC-MAIN-2024-10 pid=2740889 saturated#157(elapsed=35s new_merchants=0 remaining=794 cooldown=240m)
[buy30727] 2026-06-05T19:47:11.994Z worker CC-MAIN-2023-50 pid=2741037 saturated#157(elapsed=33s new_merchants=0 remaining=378 cooldown=240m)
[buy30727] 2026-06-05T19:47:11.998Z worker CC-MAIN-2023-14 pid=2741129 saturated#157(elapsed=32s new_merchants=0 remaining=248 cooldown=240m)
[buy30727] 2026-06-05T19:47:12.003Z spawned CC-MAIN-2023-06 pid=2742936 baseline_merchants=45 log=/paperclip/instances/default/workspaces/3ec8f6dd-1735-4479-9825-a2c42edac34c/logs/buy30727_lane_cc_main_2023_06.log
[buy30727] 2026-06-05T19:47:13.525Z spawned CC-MAIN-2022-49 pid=2743097 baseline_merchants=5 log=/paperclip/instances/default/workspaces/3ec8f6dd-1735-4479-9825-a2c42edac34c/logs/buy30727_lane_cc_main_2022_49.log
[buy30727] 2026-06-05T19:47:15.035Z spawned CC-MAIN-2022-40 pid=2743176 baseline_merchants=3 log=/paperclip/instances/default/workspaces/3ec8f6dd-1735-4479-9825-a2c42edac34c/logs/buy30727_lane_cc_main_2022_40.log
[buy30727] 2026-06-05T19:47:16.544Z spawned CC-MAIN-2026-21 pid=2743204 baseline_merchants=853 log=/paperclip/instances/default/workspaces/3ec8f6dd-1735-4479-9825-a2c42edac34c/logs/buy30727_lane_cc_main_2026_21.log
[buy30727] 2026-06-05T19:47:18.051Z spawned CC-MAIN-2026-17 pid=2743232 baseline_merchants=7 log=/paperclip/instances/default/workspaces/3ec8f6dd-1735-4479-9825-a2c42edac34c/logs/buy30727_lane_cc_main_2026_17.log
[buy30727] 2026-06-05T19:47:49.610Z worker CC-MAIN-2023-06 pid=2742936 saturated#157(elapsed=38s new_merchants=0 remaining=318 cooldown=240m)
[buy30727] 2026-06-05T19:47:49.619Z worker CC-MAIN-2022-49 pid=2743097 saturated#157(elapsed=36s new_merchants=0 remaining=323 cooldown=240m)
[buy30727] 2026-06-05T19:47:49.624Z worker CC-MAIN-2022-40 pid=2743176 saturated#157(elapsed=35s new_merchants=0 remaining=295 cooldown=240m)
[buy30727] 2026-06-05T19:47:49.632Z worker CC-MAIN-2026-21 pid=2743204 saturated#157(elapsed=33s new_merchants=0 remaining=862 cooldown=240m)
[buy30727] 2026-06-05T19:47:49.652Z worker CC-MAIN-2026-17 pid=2743232 saturated#158(elapsed=32s new_merchants=0 remaining=3255 cooldown=240m)
[buy30727] 2026-06-05T19:47:49.659Z spawned CC-MAIN-2025-18 pid=2745237 baseline_merchants=72 log=/paperclip/instances/default/workspaces/3ec8f6dd-1735-4479-9825-a2c42edac34c/logs/buy30727_lane_cc_main_2025_18.log
[buy30727] 2026-06-05T19:47:51.223Z spawned CC-MAIN-2025-05 pid=2745272 baseline_merchants=7 log=/paperclip/instances/default/workspaces/3ec8f6dd-1735-4479-9825-a2c42edac34c/logs/buy30727_lane_cc_main_2025_05.log
[buy30727] 2026-06-05T19:47:52.737Z spawned CC-MAIN-2025-47 pid=2745404 baseline_merchants=1421 log=/paperclip/instances/default/workspaces/3ec8f6dd-1735-4479-9825-a2c42edac34c/logs/buy30727_lane_cc_main_2025_47.log
[buy30727] 2026-06-05T19:47:54.285Z spawned CC-MAIN-2025-51 pid=2745505 baseline_merchants=236 log=/paperclip/instances/default/workspaces/3ec8f6dd-1735-4479-9825-a2c42edac34c/logs/buy30727_lane_cc_main_2025_51.log
[buy30727] 2026-06-05T19:47:55.845Z spawned CC-MAIN-2025-43 pid=2745555 baseline_merchants=88 log=/paperclip/instances/default/workspaces/3ec8f6dd-1735-4479-9825-a2c42edac34c/logs/buy30727_lane_cc_main_2025_43.log
[buy30727] 2026-06-05T19:48:27.406Z worker CC-MAIN-2025-18 pid=2745237 saturated#158(elapsed=38s new_merchants=0 remaining=2382 cooldown=240m)
[buy30727] 2026-06-05T19:48:27.409Z worker CC-MAIN-2025-05 pid=2745272 saturated#158(elapsed=36s new_merchants=0 remaining=625 cooldown=240m)
[buy30727] 2026-06-05T19:48:27.424Z worker CC-MAIN-2025-47 pid=2745404 saturated#158(elapsed=35s new_merchants=0 remaining=2294 cooldown=240m)
[buy30727] 2026-06-05T19:48:27.436Z worker CC-MAIN-2025-51 pid=2745505 saturated#158(elapsed=33s new_merchants=0 remaining=2895 cooldown=240m)
[buy30727] 2026-06-05T19:48:27.449Z worker CC-MAIN-2025-43 pid=2745555 saturated#158(elapsed=32s new_merchants=0 remaining=1897 cooldown=240m)
[buy30727] 2026-06-05T19:48:27.453Z spawned CC-MAIN-2025-38 pid=2747554 baseline_merchants=28 log=/paperclip/instances/default/workspaces/3ec8f6dd-1735-4479-9825-a2c42edac34c/logs/buy30727_lane_cc_main_2025_38.log
[buy30727] 2026-06-05T19:48:28.973Z spawned CC-MAIN-2025-33 pid=2747619 baseline_merchants=13 log=/paperclip/instances/default/workspaces/3ec8f6dd-1735-4479-9825-a2c42edac34c/logs/buy30727_lane_cc_main_2025_33.log
[buy30727] 2026-06-05T19:48:30.491Z spawned CC-MAIN-2025-30 pid=2747673 baseline_merchants=136 log=/paperclip/instances/default/workspaces/3ec8f6dd-1735-4479-9825-a2c42edac34c/logs/buy30727_lane_cc_main_2025_30.log
[buy30727] 2026-06-05T19:48:32.011Z spawned CC-MAIN-2025-26 pid=2747771 baseline_merchants=18 log=/paperclip/instances/default/workspaces/3ec8f6dd-1735-4479-9825-a2c42edac34c/logs/buy30727_lane_cc_main_2025_26.log
[buy30727] 2026-06-05T19:48:33.531Z spawned CC-MAIN-2025-08 pid=2747801 baseline_merchants=7 log=/paperclip/instances/default/workspaces/3ec8f6dd-1735-4479-9825-a2c42edac34c/logs/buy30727_lane_cc_main_2025_08.log
[buy30727] 2026-06-05T19:49:05.081Z worker CC-MAIN-2025-38 pid=2747554 saturated#158(elapsed=38s new_merchants=0 remaining=1980 cooldown=240m)
[buy30727] 2026-06-05T19:49:05.107Z worker CC-MAIN-2025-33 pid=2747619 saturated#158(elapsed=36s new_merchants=0 remaining=2151 cooldown=240m)
[buy30727] 2026-06-05T19:49:05.130Z worker CC-MAIN-2025-30 pid=2747673 saturated#158(elapsed=35s new_merchants=0 remaining=2171 cooldown=240m)
[buy30727] 2026-06-05T19:49:05.135Z worker CC-MAIN-2025-26 pid=2747771 saturated#158(elapsed=33s new_merchants=0 remaining=744 cooldown=240m)
[buy30727] 2026-06-05T19:49:05.144Z worker CC-MAIN-2025-08 pid=2747801 saturated#158(elapsed=32s new_merchants=0 remaining=695 cooldown=240m)
[buy30727] 2026-06-05T19:49:05.147Z spawned CC-MAIN-2024-51 pid=2749339 baseline_merchants=427 log=/paperclip/instances/default/workspaces/3ec8f6dd-1735-4479-9825-a2c42edac34c/logs/buy30727_lane_cc_main_2024_51.log
[buy30727] 2026-06-05T19:49:06.665Z spawned CC-MAIN-2024-46 pid=2749398 baseline_merchants=92 log=/paperclip/instances/default/workspaces/3ec8f6dd-1735-4479-9825-a2c42edac34c/logs/buy30727_lane_cc_main_2024_46.log
[buy30727] 2026-06-05T19:49:08.193Z spawned CC-MAIN-2024-42 pid=2749601 baseline_merchants=91 log=/paperclip/instances/default/workspaces/3ec8f6dd-1735-4479-9825-a2c42edac34c/logs/buy30727_lane_cc_main_2024_42.log
[buy30727] 2026-06-05T19:49:09.712Z spawned CC-MAIN-2024-38 pid=2749707 baseline_merchants=36 log=/paperclip/instances/default/workspaces/3ec8f6dd-1735-4479-9825-a2c42edac34c/logs/buy30727_lane_cc_main_2024_38.log
[buy30727] 2026-06-05T19:49:11.222Z spawned CC-MAIN-2024-33 pid=2749731 baseline_merchants=88 log=/paperclip/instances/default/workspaces/3ec8f6dd-1735-4479-9825-a2c42edac34c/logs/buy30727_lane_cc_main_2024_33.log
[buy30727] 2026-06-05T19:49:12.789Z tick=120 active=5 drained=20 saturated=27 known_merchants=15704 status=[CC-MAIN-2024-51:1545/44052, CC-MAIN-2024-46:1592/59556, CC-MAIN-2024-42:1420/56668, CC-MAIN-2024-38:581/19211, CC-MAIN-2024-33:508/16923]
[buy30727] 2026-06-05T19:49:42.839Z worker CC-MAIN-2024-51 pid=2749339 saturated#158(elapsed=38s new_merchants=0 remaining=1545 cooldown=240m)
[buy30727] 2026-06-05T19:49:42.886Z worker CC-MAIN-2024-46 pid=2749398 saturated#158(elapsed=36s new_merchants=0 remaining=1592 cooldown=240m)
[buy30727] 2026-06-05T19:49:42.926Z worker CC-MAIN-2024-42 pid=2749601 saturated#158(elapsed=35s new_merchants=0 remaining=1420 cooldown=240m)
[buy30727] 2026-06-05T19:49:42.931Z worker CC-MAIN-2024-38 pid=2749707 saturated#158(elapsed=33s new_merchants=0 remaining=581 cooldown=240m)
[buy30727] 2026-06-05T19:49:42.935Z worker CC-MAIN-2024-33 pid=2749731 saturated#158(elapsed=32s new_merchants=0 remaining=508 cooldown=240m)
[buy30727] 2026-06-05T19:49:42.939Z spawned CC-MAIN-2024-30 pid=2751060 baseline_merchants=17 log=/paperclip/instances/default/workspaces/3ec8f6dd-1735-4479-9825-a2c42edac34c/logs/buy30727_lane_cc_main_2024_30.log
[buy30727] 2026-06-05T19:49:44.448Z spawned CC-MAIN-2024-26 pid=2751186 baseline_merchants=7 log=/paperclip/instances/default/workspaces/3ec8f6dd-1735-4479-9825-a2c42edac34c/logs/buy30727_lane_cc_main_2024_26.log
[buy30727] 2026-06-05T19:49:45.958Z spawned CC-MAIN-2024-22 pid=2751227 baseline_merchants=13 log=/paperclip/instances/default/workspaces/3ec8f6dd-1735-4479-9825-a2c42edac34c/logs/buy30727_lane_cc_main_2024_22.log
[buy30727] 2026-06-05T19:49:47.478Z spawned CC-MAIN-2024-18 pid=2751262 baseline_merchants=62 log=/paperclip/instances/default/workspaces/3ec8f6dd-1735-4479-9825-a2c42edac34c/logs/buy30727_lane_cc_main_2024_18.log
[buy30727] 2026-06-05T19:49:48.996Z spawned CC-MAIN-2024-10 pid=2751290 baseline_merchants=4 log=/paperclip/instances/default/workspaces/3ec8f6dd-1735-4479-9825-a2c42edac34c/logs/buy30727_lane_cc_main_2024_10.log
[buy30727] 2026-06-05T19:50:20.514Z worker CC-MAIN-2024-30 pid=2751060 saturated#158(elapsed=38s new_merchants=0 remaining=424 cooldown=240m)
[buy30727] 2026-06-05T19:50:20.519Z worker CC-MAIN-2024-26 pid=2751186 saturated#158(elapsed=36s new_merchants=0 remaining=401 cooldown=240m)
[buy30727] 2026-06-05T19:50:20.542Z worker CC-MAIN-2024-22 pid=2751227 saturated#158(elapsed=35s new_merchants=0 remaining=868 cooldown=240m)
[buy30727] 2026-06-05T19:50:20.569Z worker CC-MAIN-2024-18 pid=2751262 saturated#158(elapsed=33s new_merchants=0 remaining=1033 cooldown=240m)
[buy30727] 2026-06-05T19:50:20.588Z worker CC-MAIN-2024-10 pid=2751290 saturated#158(elapsed=32s new_merchants=0 remaining=794 cooldown=240m)
[buy30727] 2026-06-05T19:50:20.593Z spawned CC-MAIN-2023-50 pid=2752329 baseline_merchants=4 log=/paperclip/instances/default/workspaces/3ec8f6dd-1735-4479-9825-a2c42edac34c/logs/buy30727_lane_cc_main_2023_50.log
[buy30727] 2026-06-05T19:50:22.120Z spawned CC-MAIN-2023-14 pid=2752360 baseline_merchants=53 log=/paperclip/instances/default/workspaces/3ec8f6dd-1735-4479-9825-a2c42edac34c/logs/buy30727_lane_cc_main_2023_14.log
[buy30727] 2026-06-05T19:50:23.632Z spawned CC-MAIN-2023-06 pid=2752402 baseline_merchants=45 log=/paperclip/instances/default/workspaces/3ec8f6dd-1735-4479-9825-a2c42edac34c/logs/buy30727_lane_cc_main_2023_06.log
[buy30727] 2026-06-05T19:50:25.141Z spawned CC-MAIN-2022-49 pid=2752446 baseline_merchants=5 log=/paperclip/instances/default/workspaces/3ec8f6dd-1735-4479-9825-a2c42edac34c/logs/buy30727_lane_cc_main_2022_49.log
[buy30727] 2026-06-05T19:50:26.650Z spawned CC-MAIN-2022-40 pid=2752485 baseline_merchants=3 log=/paperclip/instances/default/workspaces/3ec8f6dd-1735-4479-9825-a2c42edac34c/logs/buy30727_lane_cc_main_2022_40.log
[buy30727] 2026-06-05T19:50:58.191Z worker CC-MAIN-2023-50 pid=2752329 saturated#158(elapsed=38s new_merchants=0 remaining=378 cooldown=240m)
[buy30727] 2026-06-05T19:50:58.194Z worker CC-MAIN-2023-14 pid=2752360 saturated#158(elapsed=36s new_merchants=0 remaining=248 cooldown=240m)
[buy30727] 2026-06-05T19:50:58.198Z worker CC-MAIN-2023-06 pid=2752402 saturated#158(elapsed=35s new_merchants=0 remaining=318 cooldown=240m)
[buy30727] 2026-06-05T19:50:58.203Z worker CC-MAIN-2022-49 pid=2752446 saturated#158(elapsed=33s new_merchants=0 remaining=323 cooldown=240m)
[buy30727] 2026-06-05T19:50:58.208Z worker CC-MAIN-2022-40 pid=2752485 saturated#158(elapsed=32s new_merchants=0 remaining=295 cooldown=240m)
[buy30727] 2026-06-05T19:50:58.212Z spawned CC-MAIN-2026-21 pid=2754346 baseline_merchants=853 log=/paperclip/instances/default/workspaces/3ec8f6dd-1735-4479-9825-a2c42edac34c/logs/buy30727_lane_cc_main_2026_21.log
[buy30727] 2026-06-05T19:50:59.720Z spawned CC-MAIN-2026-17 pid=2754406 baseline_merchants=7 log=/paperclip/instances/default/workspaces/3ec8f6dd-1735-4479-9825-a2c42edac34c/logs/buy30727_lane_cc_main_2026_17.log
[buy30727] 2026-06-05T19:51:01.240Z spawned CC-MAIN-2025-18 pid=2754438 baseline_merchants=72 log=/paperclip/instances/default/workspaces/3ec8f6dd-1735-4479-9825-a2c42edac34c/logs/buy30727_lane_cc_main_2025_18.log
[buy30727] 2026-06-05T19:51:02.762Z spawned CC-MAIN-2025-05 pid=2754508 baseline_merchants=7 log=/paperclip/instances/default/workspaces/3ec8f6dd-1735-4479-9825-a2c42edac34c/logs/buy30727_lane_cc_main_2025_05.log
[buy30727] 2026-06-05T19:51:04.270Z spawned CC-MAIN-2025-47 pid=2754535 baseline_merchants=1421 log=/paperclip/instances/default/workspaces/3ec8f6dd-1735-4479-9825-a2c42edac34c/logs/buy30727_lane_cc_main_2025_47.log
[buy30727] 2026-06-05T19:51:35.824Z worker CC-MAIN-2026-21 pid=2754346 saturated#158(elapsed=38s new_merchants=0 remaining=862 cooldown=240m)
[buy30727] 2026-06-05T19:51:35.833Z worker CC-MAIN-2026-17 pid=2754406 saturated#159(elapsed=36s new_merchants=0 remaining=3255 cooldown=240m)
[buy30727] 2026-06-05T19:51:35.852Z worker CC-MAIN-2025-18 pid=2754438 saturated#159(elapsed=35s new_merchants=0 remaining=2382 cooldown=240m)
[buy30727] 2026-06-05T19:51:35.858Z worker CC-MAIN-2025-05 pid=2754508 saturated#159(elapsed=33s new_merchants=0 remaining=625 cooldown=240m)
[buy30727] 2026-06-05T19:51:35.875Z worker CC-MAIN-2025-47 pid=2754535 saturated#159(elapsed=32s new_merchants=0 remaining=2294 cooldown=240m)
[buy30727] 2026-06-05T19:51:35.878Z spawned CC-MAIN-2025-51 pid=2755831 baseline_merchants=236 log=/paperclip/instances/default/workspaces/3ec8f6dd-1735-4479-9825-a2c42edac34c/logs/buy30727_lane_cc_main_2025_51.log
[buy30727] 2026-06-05T19:51:37.403Z spawned CC-MAIN-2025-43 pid=2755967 baseline_merchants=88 log=/paperclip/instances/default/workspaces/3ec8f6dd-1735-4479-9825-a2c42edac34c/logs/buy30727_lane_cc_main_2025_43.log
[buy30727] 2026-06-05T19:51:38.921Z spawned CC-MAIN-2025-38 pid=2756064 baseline_merchants=28 log=/paperclip/instances/default/workspaces/3ec8f6dd-1735-4479-9825-a2c42edac34c/logs/buy30727_lane_cc_main_2025_38.log
[buy30727] 2026-06-05T19:51:40.442Z spawned CC-MAIN-2025-33 pid=2756182 baseline_merchants=13 log=/paperclip/instances/default/workspaces/3ec8f6dd-1735-4479-9825-a2c42edac34c/logs/buy30727_lane_cc_main_2025_33.log
[buy30727] 2026-06-05T19:51:41.967Z spawned CC-MAIN-2025-30 pid=2756269 baseline_merchants=136 log=/paperclip/instances/default/workspaces/3ec8f6dd-1735-4479-9825-a2c42edac34c/logs/buy30727_lane_cc_main_2025_30.log
[buy30727] 2026-06-05T19:52:13.534Z worker CC-MAIN-2025-51 pid=2755831 saturated#159(elapsed=38s new_merchants=0 remaining=2895 cooldown=240m)
[buy30727] 2026-06-05T19:52:13.552Z worker CC-MAIN-2025-43 pid=2755967 saturated#159(elapsed=36s new_merchants=0 remaining=1897 cooldown=240m)
[buy30727] 2026-06-05T19:52:13.584Z worker CC-MAIN-2025-38 pid=2756064 saturated#159(elapsed=35s new_merchants=0 remaining=1980 cooldown=240m)
[buy30727] 2026-06-05T19:52:13.610Z worker CC-MAIN-2025-33 pid=2756182 saturated#159(elapsed=33s new_merchants=0 remaining=2151 cooldown=240m)
[buy30727] 2026-06-05T19:52:13.628Z worker CC-MAIN-2025-30 pid=2756269 saturated#159(elapsed=32s new_merchants=0 remaining=2171 cooldown=240m)
[buy30727] 2026-06-05T19:52:13.633Z spawned CC-MAIN-2025-26 pid=2758424 baseline_merchants=18 log=/paperclip/instances/default/workspaces/3ec8f6dd-1735-4479-9825-a2c42edac34c/logs/buy30727_lane_cc_main_2025_26.log
[buy30727] 2026-06-05T19:52:15.145Z spawned CC-MAIN-2025-08 pid=2758464 baseline_merchants=7 log=/paperclip/instances/default/workspaces/3ec8f6dd-1735-4479-9825-a2c42edac34c/logs/buy30727_lane_cc_main_2025_08.log
[buy30727] 2026-06-05T19:52:16.656Z spawned CC-MAIN-2024-51 pid=2758538 baseline_merchants=427 log=/paperclip/instances/default/workspaces/3ec8f6dd-1735-4479-9825-a2c42edac34c/logs/buy30727_lane_cc_main_2024_51.log
[buy30727] 2026-06-05T19:52:18.173Z spawned CC-MAIN-2024-46 pid=2758573 baseline_merchants=92 log=/paperclip/instances/default/workspaces/3ec8f6dd-1735-4479-9825-a2c42edac34c/logs/buy30727_lane_cc_main_2024_46.log
[buy30727] 2026-06-05T19:52:19.695Z spawned CC-MAIN-2024-42 pid=2758596 baseline_merchants=91 log=/paperclip/instances/default/workspaces/3ec8f6dd-1735-4479-9825-a2c42edac34c/logs/buy30727_lane_cc_main_2024_42.log
[buy30727] 2026-06-05T19:52:51.244Z worker CC-MAIN-2025-26 pid=2758424 saturated#159(elapsed=38s new_merchants=0 remaining=744 cooldown=240m)
[buy30727] 2026-06-05T19:52:51.248Z worker CC-MAIN-2025-08 pid=2758464 saturated#159(elapsed=36s new_merchants=0 remaining=695 cooldown=240m)
[buy30727] 2026-06-05T19:52:51.259Z worker CC-MAIN-2024-51 pid=2758538 saturated#159(elapsed=35s new_merchants=0 remaining=1545 cooldown=240m)
[buy30727] 2026-06-05T19:52:51.286Z worker CC-MAIN-2024-46 pid=2758573 saturated#159(elapsed=33s new_merchants=0 remaining=1592 cooldown=240m)
[buy30727] 2026-06-05T19:52:51.306Z worker CC-MAIN-2024-42 pid=2758596 saturated#159(elapsed=32s new_merchants=0 remaining=1420 cooldown=240m)
[buy30727] 2026-06-05T19:52:51.310Z spawned CC-MAIN-2024-38 pid=2759474 baseline_merchants=36 log=/paperclip/instances/default/workspaces/3ec8f6dd-1735-4479-9825-a2c42edac34c/logs/buy30727_lane_cc_main_2024_38.log
[buy30727] 2026-06-05T19:52:52.823Z spawned CC-MAIN-2024-33 pid=2759507 baseline_merchants=88 log=/paperclip/instances/default/workspaces/3ec8f6dd-1735-4479-9825-a2c42edac34c/logs/buy30727_lane_cc_main_2024_33.log
[buy30727] 2026-06-05T19:52:54.332Z spawned CC-MAIN-2024-30 pid=2759581 baseline_merchants=17 log=/paperclip/instances/default/workspaces/3ec8f6dd-1735-4479-9825-a2c42edac34c/logs/buy30727_lane_cc_main_2024_30.log
[buy30727] 2026-06-05T19:52:55.840Z spawned CC-MAIN-2024-26 pid=2759656 baseline_merchants=7 log=/paperclip/instances/default/workspaces/3ec8f6dd-1735-4479-9825-a2c42edac34c/logs/buy30727_lane_cc_main_2024_26.log
[buy30727] 2026-06-05T19:52:57.349Z spawned CC-MAIN-2024-22 pid=2759710 baseline_merchants=13 log=/paperclip/instances/default/workspaces/3ec8f6dd-1735-4479-9825-a2c42edac34c/logs/buy30727_lane_cc_main_2024_22.log
[buy30727] 2026-06-05T19:53:28.896Z worker CC-MAIN-2024-38 pid=2759474 saturated#159(elapsed=38s new_merchants=0 remaining=581 cooldown=240m)
[buy30727] 2026-06-05T19:53:28.903Z worker CC-MAIN-2024-33 pid=2759507 saturated#159(elapsed=36s new_merchants=0 remaining=508 cooldown=240m)
[buy30727] 2026-06-05T19:53:28.905Z worker CC-MAIN-2024-30 pid=2759581 saturated#159(elapsed=35s new_merchants=0 remaining=424 cooldown=240m)
[buy30727] 2026-06-05T19:53:28.909Z worker CC-MAIN-2024-26 pid=2759656 saturated#159(elapsed=33s new_merchants=0 remaining=401 cooldown=240m)
[buy30727] 2026-06-05T19:53:28.919Z worker CC-MAIN-2024-22 pid=2759710 saturated#159(elapsed=32s new_merchants=0 remaining=868 cooldown=240m)
[buy30727] 2026-06-05T19:53:28.924Z spawned CC-MAIN-2024-18 pid=2760549 baseline_merchants=62 log=/paperclip/instances/default/workspaces/3ec8f6dd-1735-4479-9825-a2c42edac34c/logs/buy30727_lane_cc_main_2024_18.log
[buy30727] 2026-06-05T19:53:30.446Z spawned CC-MAIN-2024-10 pid=2760579 baseline_merchants=4 log=/paperclip/instances/default/workspaces/3ec8f6dd-1735-4479-9825-a2c42edac34c/logs/buy30727_lane_cc_main_2024_10.log
[buy30727] 2026-06-05T19:53:31.960Z spawned CC-MAIN-2023-50 pid=2760647 baseline_merchants=4 log=/paperclip/instances/default/workspaces/3ec8f6dd-1735-4479-9825-a2c42edac34c/logs/buy30727_lane_cc_main_2023_50.log
[buy30727] 2026-06-05T19:53:33.468Z spawned CC-MAIN-2023-14 pid=2760676 baseline_merchants=53 log=/paperclip/instances/default/workspaces/3ec8f6dd-1735-4479-9825-a2c42edac34c/logs/buy30727_lane_cc_main_2023_14.log
[buy30727] 2026-06-05T19:53:34.975Z spawned CC-MAIN-2023-06 pid=2760730 baseline_merchants=45 log=/paperclip/instances/default/workspaces/3ec8f6dd-1735-4479-9825-a2c42edac34c/logs/buy30727_lane_cc_main_2023_06.log
[buy30727] 2026-06-05T19:54:06.501Z worker CC-MAIN-2024-18 pid=2760549 saturated#159(elapsed=38s new_merchants=0 remaining=1033 cooldown=240m)
[buy30727] 2026-06-05T19:54:06.512Z worker CC-MAIN-2024-10 pid=2760579 saturated#159(elapsed=36s new_merchants=0 remaining=794 cooldown=240m)
[buy30727] 2026-06-05T19:54:06.516Z worker CC-MAIN-2023-50 pid=2760647 saturated#159(elapsed=35s new_merchants=0 remaining=378 cooldown=240m)
[buy30727] 2026-06-05T19:54:06.520Z worker CC-MAIN-2023-14 pid=2760676 saturated#159(elapsed=33s new_merchants=0 remaining=248 cooldown=240m)
[buy30727] 2026-06-05T19:54:06.524Z worker CC-MAIN-2023-06 pid=2760730 saturated#159(elapsed=32s new_merchants=0 remaining=318 cooldown=240m)
[buy30727] 2026-06-05T19:54:06.527Z spawned CC-MAIN-2022-49 pid=2761529 baseline_merchants=5 log=/paperclip/instances/default/workspaces/3ec8f6dd-1735-4479-9825-a2c42edac34c/logs/buy30727_lane_cc_main_2022_49.log
[buy30727] 2026-06-05T19:54:08.037Z spawned CC-MAIN-2022-40 pid=2761562 baseline_merchants=3 log=/paperclip/instances/default/workspaces/3ec8f6dd-1735-4479-9825-a2c42edac34c/logs/buy30727_lane_cc_main_2022_40.log
[buy30727] 2026-06-05T19:54:09.546Z spawned CC-MAIN-2026-21 pid=2761602 baseline_merchants=853 log=/paperclip/instances/default/workspaces/3ec8f6dd-1735-4479-9825-a2c42edac34c/logs/buy30727_lane_cc_main_2026_21.log
[buy30727] 2026-06-05T19:54:11.054Z spawned CC-MAIN-2026-17 pid=2761665 baseline_merchants=7 log=/paperclip/instances/default/workspaces/3ec8f6dd-1735-4479-9825-a2c42edac34c/logs/buy30727_lane_cc_main_2026_17.log
[buy30727] 2026-06-05T19:54:12.569Z spawned CC-MAIN-2025-18 pid=2761703 baseline_merchants=72 log=/paperclip/instances/default/workspaces/3ec8f6dd-1735-4479-9825-a2c42edac34c/logs/buy30727_lane_cc_main_2025_18.log
[buy30727] 2026-06-05T19:54:44.116Z worker CC-MAIN-2022-49 pid=2761529 saturated#159(elapsed=38s new_merchants=0 remaining=323 cooldown=240m)
[buy30727] 2026-06-05T19:54:44.119Z worker CC-MAIN-2022-40 pid=2761562 saturated#159(elapsed=36s new_merchants=0 remaining=295 cooldown=240m)
[buy30727] 2026-06-05T19:54:44.122Z worker CC-MAIN-2026-21 pid=2761602 saturated#159(elapsed=35s new_merchants=0 remaining=862 cooldown=240m)
[buy30727] 2026-06-05T19:54:44.132Z worker CC-MAIN-2026-17 pid=2761665 saturated#160(elapsed=33s new_merchants=0 remaining=3255 cooldown=240m)
[buy30727] 2026-06-05T19:54:44.152Z worker CC-MAIN-2025-18 pid=2761703 saturated#160(elapsed=32s new_merchants=0 remaining=2382 cooldown=240m)
[buy30727] 2026-06-05T19:54:44.156Z spawned CC-MAIN-2025-05 pid=2762442 baseline_merchants=7 log=/paperclip/instances/default/workspaces/3ec8f6dd-1735-4479-9825-a2c42edac34c/logs/buy30727_lane_cc_main_2025_05.log
[buy30727] 2026-06-05T19:54:45.667Z spawned CC-MAIN-2025-47 pid=2762512 baseline_merchants=1421 log=/paperclip/instances/default/workspaces/3ec8f6dd-1735-4479-9825-a2c42edac34c/logs/buy30727_lane_cc_main_2025_47.log
[buy30727] 2026-06-05T19:54:47.188Z spawned CC-MAIN-2025-51 pid=2762543 baseline_merchants=236 log=/paperclip/instances/default/workspaces/3ec8f6dd-1735-4479-9825-a2c42edac34c/logs/buy30727_lane_cc_main_2025_51.log
[buy30727] 2026-06-05T19:54:48.711Z spawned CC-MAIN-2025-43 pid=2762732 baseline_merchants=88 log=/paperclip/instances/default/workspaces/3ec8f6dd-1735-4479-9825-a2c42edac34c/logs/buy30727_lane_cc_main_2025_43.log
[buy30727] 2026-06-05T19:54:50.226Z spawned CC-MAIN-2025-38 pid=2762754 baseline_merchants=28 log=/paperclip/instances/default/workspaces/3ec8f6dd-1735-4479-9825-a2c42edac34c/logs/buy30727_lane_cc_main_2025_38.log
[buy30727] 2026-06-05T19:55:21.779Z worker CC-MAIN-2025-05 pid=2762442 saturated#160(elapsed=38s new_merchants=0 remaining=625 cooldown=240m)
[buy30727] 2026-06-05T19:55:21.796Z worker CC-MAIN-2025-47 pid=2762512 saturated#160(elapsed=36s new_merchants=0 remaining=2294 cooldown=240m)
[buy30727] 2026-06-05T19:55:21.810Z worker CC-MAIN-2025-51 pid=2762543 saturated#160(elapsed=35s new_merchants=0 remaining=2895 cooldown=240m)
[buy30727] 2026-06-05T19:55:21.825Z worker CC-MAIN-2025-43 pid=2762732 saturated#160(elapsed=33s new_merchants=0 remaining=1897 cooldown=240m)
[buy30727] 2026-06-05T19:55:21.848Z worker CC-MAIN-2025-38 pid=2762754 saturated#160(elapsed=32s new_merchants=0 remaining=1980 cooldown=240m)
[buy30727] 2026-06-05T19:55:21.852Z spawned CC-MAIN-2025-33 pid=2763602 baseline_merchants=13 log=/paperclip/instances/default/workspaces/3ec8f6dd-1735-4479-9825-a2c42edac34c/logs/buy30727_lane_cc_main_2025_33.log
[buy30727] 2026-06-05T19:55:23.373Z spawned CC-MAIN-2025-30 pid=2763633 baseline_merchants=136 log=/paperclip/instances/default/workspaces/3ec8f6dd-1735-4479-9825-a2c42edac34c/logs/buy30727_lane_cc_main_2025_30.log
[buy30727] 2026-06-05T19:55:24.890Z spawned CC-MAIN-2025-26 pid=2763663 baseline_merchants=18 log=/paperclip/instances/default/workspaces/3ec8f6dd-1735-4479-9825-a2c42edac34c/logs/buy30727_lane_cc_main_2025_26.log
[buy30727] 2026-06-05T19:55:26.400Z spawned CC-MAIN-2025-08 pid=2763697 baseline_merchants=7 log=/paperclip/instances/default/workspaces/3ec8f6dd-1735-4479-9825-a2c42edac34c/logs/buy30727_lane_cc_main_2025_08.log
[buy30727] 2026-06-05T19:55:27.910Z spawned CC-MAIN-2024-51 pid=2763723 baseline_merchants=427 log=/paperclip/instances/default/workspaces/3ec8f6dd-1735-4479-9825-a2c42edac34c/logs/buy30727_lane_cc_main_2024_51.log
[buy30727] 2026-06-05T19:55:29.473Z tick=130 active=5 drained=20 saturated=27 known_merchants=15704 status=[CC-MAIN-2025-33:2151/52953, CC-MAIN-2025-30:2171/51939, CC-MAIN-2025-26:744/15752, CC-MAIN-2025-08:695/16394, CC-MAIN-2024-51:1545/44052]
[buy30727] 2026-06-05T19:55:59.518Z worker CC-MAIN-2025-33 pid=2763602 saturated#160(elapsed=38s new_merchants=0 remaining=2151 cooldown=240m)
[buy30727] 2026-06-05T19:55:59.542Z worker CC-MAIN-2025-30 pid=2763633 saturated#160(elapsed=36s new_merchants=0 remaining=2171 cooldown=240m)
[buy30727] 2026-06-05T19:55:59.547Z worker CC-MAIN-2025-26 pid=2763663 saturated#160(elapsed=35s new_merchants=0 remaining=744 cooldown=240m)
[buy30727] 2026-06-05T19:55:59.553Z worker CC-MAIN-2025-08 pid=2763697 saturated#160(elapsed=33s new_merchants=0 remaining=695 cooldown=240m)
[buy30727] 2026-06-05T19:55:59.569Z worker CC-MAIN-2024-51 pid=2763723 saturated#160(elapsed=32s new_merchants=0 remaining=1545 cooldown=240m)
[buy30727] 2026-06-05T19:55:59.578Z spawned CC-MAIN-2024-46 pid=2765426 baseline_merchants=92 log=/paperclip/instances/default/workspaces/3ec8f6dd-1735-4479-9825-a2c42edac34c/logs/buy30727_lane_cc_main_2024_46.log
[buy30727] 2026-06-05T19:56:01.106Z spawned CC-MAIN-2024-42 pid=2765511 baseline_merchants=91 log=/paperclip/instances/default/workspaces/3ec8f6dd-1735-4479-9825-a2c42edac34c/logs/buy30727_lane_cc_main_2024_42.log
[buy30727] 2026-06-05T19:56:02.625Z spawned CC-MAIN-2024-38 pid=2765628 baseline_merchants=36 log=/paperclip/instances/default/workspaces/3ec8f6dd-1735-4479-9825-a2c42edac34c/logs/buy30727_lane_cc_main_2024_38.log
[buy30727] 2026-06-05T19:56:04.137Z spawned CC-MAIN-2024-33 pid=2765715 baseline_merchants=88 log=/paperclip/instances/default/workspaces/3ec8f6dd-1735-4479-9825-a2c42edac34c/logs/buy30727_lane_cc_main_2024_33.log
[buy30727] 2026-06-05T19:56:05.649Z spawned CC-MAIN-2024-30 pid=2765853 baseline_merchants=17 log=/paperclip/instances/default/workspaces/3ec8f6dd-1735-4479-9825-a2c42edac34c/logs/buy30727_lane_cc_main_2024_30.log
[buy30727] 2026-06-05T19:56:37.210Z worker CC-MAIN-2024-46 pid=2765426 saturated#160(elapsed=38s new_merchants=0 remaining=1592 cooldown=240m)
[buy30727] 2026-06-05T19:56:37.244Z worker CC-MAIN-2024-42 pid=2765511 saturated#160(elapsed=36s new_merchants=0 remaining=1420 cooldown=240m)
[buy30727] 2026-06-05T19:56:37.251Z worker CC-MAIN-2024-38 pid=2765628 saturated#160(elapsed=35s new_merchants=0 remaining=581 cooldown=240m)
[buy30727] 2026-06-05T19:56:37.262Z worker CC-MAIN-2024-33 pid=2765715 saturated#160(elapsed=33s new_merchants=0 remaining=508 cooldown=240m)
[buy30727] 2026-06-05T19:56:37.264Z worker CC-MAIN-2024-30 pid=2765853 saturated#160(elapsed=32s new_merchants=0 remaining=424 cooldown=240m)
[buy30727] 2026-06-05T19:56:37.268Z spawned CC-MAIN-2024-26 pid=2767578 baseline_merchants=7 log=/paperclip/instances/default/workspaces/3ec8f6dd-1735-4479-9825-a2c42edac34c/logs/buy30727_lane_cc_main_2024_26.log
[buy30727] 2026-06-05T19:56:38.776Z spawned CC-MAIN-2024-22 pid=2767703 baseline_merchants=13 log=/paperclip/instances/default/workspaces/3ec8f6dd-1735-4479-9825-a2c42edac34c/logs/buy30727_lane_cc_main_2024_22.log
[buy30727] 2026-06-05T19:56:40.294Z spawned CC-MAIN-2024-18 pid=2767813 baseline_merchants=62 log=/paperclip/instances/default/workspaces/3ec8f6dd-1735-4479-9825-a2c42edac34c/logs/buy30727_lane_cc_main_2024_18.log
[buy30727] 2026-06-05T19:56:41.813Z spawned CC-MAIN-2024-10 pid=2767919 baseline_merchants=4 log=/paperclip/instances/default/workspaces/3ec8f6dd-1735-4479-9825-a2c42edac34c/logs/buy30727_lane_cc_main_2024_10.log
[buy30727] 2026-06-05T19:56:43.327Z spawned CC-MAIN-2023-50 pid=2768007 baseline_merchants=4 log=/paperclip/instances/default/workspaces/3ec8f6dd-1735-4479-9825-a2c42edac34c/logs/buy30727_lane_cc_main_2023_50.log
[buy30727] 2026-06-05T19:57:14.863Z worker CC-MAIN-2024-26 pid=2767578 saturated#160(elapsed=38s new_merchants=0 remaining=401 cooldown=240m)
[buy30727] 2026-06-05T19:57:14.879Z worker CC-MAIN-2024-22 pid=2767703 saturated#160(elapsed=36s new_merchants=0 remaining=868 cooldown=240m)
[buy30727] 2026-06-05T19:57:14.901Z worker CC-MAIN-2024-18 pid=2767813 saturated#160(elapsed=35s new_merchants=0 remaining=1033 cooldown=240m)
[buy30727] 2026-06-05T19:57:14.915Z worker CC-MAIN-2024-10 pid=2767919 saturated#160(elapsed=33s new_merchants=0 remaining=794 cooldown=240m)
[buy30727] 2026-06-05T19:57:14.923Z worker CC-MAIN-2023-50 pid=2768007 saturated#160(elapsed=32s new_merchants=0 remaining=378 cooldown=240m)
[buy30727] 2026-06-05T19:57:14.926Z spawned CC-MAIN-2023-14 pid=2769956 baseline_merchants=53 log=/paperclip/instances/default/workspaces/3ec8f6dd-1735-4479-9825-a2c42edac34c/logs/buy30727_lane_cc_main_2023_14.log
[buy30727] 2026-06-05T19:57:16.436Z spawned CC-MAIN-2023-06 pid=2770051 baseline_merchants=45 log=/paperclip/instances/default/workspaces/3ec8f6dd-1735-4479-9825-a2c42edac34c/logs/buy30727_lane_cc_main_2023_06.log
[buy30727] 2026-06-05T19:57:17.944Z spawned CC-MAIN-2022-49 pid=2770163 baseline_merchants=5 log=/paperclip/instances/default/workspaces/3ec8f6dd-1735-4479-9825-a2c42edac34c/logs/buy30727_lane_cc_main_2022_49.log
[buy30727] 2026-06-05T19:57:19.458Z spawned CC-MAIN-2022-40 pid=2770252 baseline_merchants=3 log=/paperclip/instances/default/workspaces/3ec8f6dd-1735-4479-9825-a2c42edac34c/logs/buy30727_lane_cc_main_2022_40.log
[buy30727] 2026-06-05T19:57:20.984Z spawned CC-MAIN-2026-21 pid=2770331 baseline_merchants=853 log=/paperclip/instances/default/workspaces/3ec8f6dd-1735-4479-9825-a2c42edac34c/logs/buy30727_lane_cc_main_2026_21.log
[buy30727] 2026-06-05T19:57:52.524Z worker CC-MAIN-2023-14 pid=2769956 saturated#160(elapsed=38s new_merchants=0 remaining=248 cooldown=240m)
[buy30727] 2026-06-05T19:57:52.529Z worker CC-MAIN-2023-06 pid=2770051 saturated#160(elapsed=36s new_merchants=0 remaining=318 cooldown=240m)
[buy30727] 2026-06-05T19:57:52.536Z worker CC-MAIN-2022-49 pid=2770163 saturated#160(elapsed=35s new_merchants=0 remaining=323 cooldown=240m)
[buy30727] 2026-06-05T19:57:52.540Z worker CC-MAIN-2022-40 pid=2770252 saturated#160(elapsed=33s new_merchants=0 remaining=295 cooldown=240m)
[buy30727] 2026-06-05T19:57:52.545Z worker CC-MAIN-2026-21 pid=2770331 saturated#160(elapsed=32s new_merchants=0 remaining=862 cooldown=240m)
[buy30727] 2026-06-05T19:57:52.548Z spawned CC-MAIN-2026-17 pid=2771329 baseline_merchants=7 log=/paperclip/instances/default/workspaces/3ec8f6dd-1735-4479-9825-a2c42edac34c/logs/buy30727_lane_cc_main_2026_17.log
[buy30727] 2026-06-05T19:57:54.074Z spawned CC-MAIN-2025-18 pid=2771446 baseline_merchants=72 log=/paperclip/instances/default/workspaces/3ec8f6dd-1735-4479-9825-a2c42edac34c/logs/buy30727_lane_cc_main_2025_18.log
[buy30727] 2026-06-05T19:57:55.600Z spawned CC-MAIN-2025-05 pid=2771528 baseline_merchants=7 log=/paperclip/instances/default/workspaces/3ec8f6dd-1735-4479-9825-a2c42edac34c/logs/buy30727_lane_cc_main_2025_05.log
[buy30727] 2026-06-05T19:57:57.109Z spawned CC-MAIN-2025-47 pid=2771565 baseline_merchants=1421 log=/paperclip/instances/default/workspaces/3ec8f6dd-1735-4479-9825-a2c42edac34c/logs/buy30727_lane_cc_main_2025_47.log
[buy30727] 2026-06-05T19:57:58.634Z spawned CC-MAIN-2025-51 pid=2771604 baseline_merchants=236 log=/paperclip/instances/default/workspaces/3ec8f6dd-1735-4479-9825-a2c42edac34c/logs/buy30727_lane_cc_main_2025_51.log
[buy30727] 2026-06-05T19:58:30.162Z worker CC-MAIN-2026-17 pid=2771329 saturated#161(elapsed=38s new_merchants=0 remaining=3255 cooldown=240m)
[buy30727] 2026-06-05T19:58:30.183Z worker CC-MAIN-2025-18 pid=2771446 saturated#161(elapsed=36s new_merchants=0 remaining=2382 cooldown=240m)
[buy30727] 2026-06-05T19:58:30.189Z worker CC-MAIN-2025-05 pid=2771528 saturated#161(elapsed=35s new_merchants=0 remaining=625 cooldown=240m)
[buy30727] 2026-06-05T19:58:30.206Z worker CC-MAIN-2025-47 pid=2771565 saturated#161(elapsed=33s new_merchants=0 remaining=2294 cooldown=240m)
[buy30727] 2026-06-05T19:58:30.225Z worker CC-MAIN-2025-51 pid=2771604 saturated#161(elapsed=32s new_merchants=0 remaining=2895 cooldown=240m)
[buy30727] 2026-06-05T19:58:30.228Z spawned CC-MAIN-2025-43 pid=2772327 baseline_merchants=88 log=/paperclip/instances/default/workspaces/3ec8f6dd-1735-4479-9825-a2c42edac34c/logs/buy30727_lane_cc_main_2025_43.log
[buy30727] 2026-06-05T19:58:31.750Z spawned CC-MAIN-2025-38 pid=2772373 baseline_merchants=28 log=/paperclip/instances/default/workspaces/3ec8f6dd-1735-4479-9825-a2c42edac34c/logs/buy30727_lane_cc_main_2025_38.log
[buy30727] 2026-06-05T19:58:33.273Z spawned CC-MAIN-2025-33 pid=2772404 baseline_merchants=13 log=/paperclip/instances/default/workspaces/3ec8f6dd-1735-4479-9825-a2c42edac34c/logs/buy30727_lane_cc_main_2025_33.log
[buy30727] 2026-06-05T19:58:34.798Z spawned CC-MAIN-2025-30 pid=2772434 baseline_merchants=136 log=/paperclip/instances/default/workspaces/3ec8f6dd-1735-4479-9825-a2c42edac34c/logs/buy30727_lane_cc_main_2025_30.log
[buy30727] 2026-06-05T19:58:36.317Z spawned CC-MAIN-2025-26 pid=2772487 baseline_merchants=18 log=/paperclip/instances/default/workspaces/3ec8f6dd-1735-4479-9825-a2c42edac34c/logs/buy30727_lane_cc_main_2025_26.log
[buy30727] 2026-06-05T19:59:07.864Z worker CC-MAIN-2025-43 pid=2772327 saturated#161(elapsed=38s new_merchants=0 remaining=1897 cooldown=240m)
[buy30727] 2026-06-05T19:59:07.888Z worker CC-MAIN-2025-38 pid=2772373 saturated#161(elapsed=36s new_merchants=0 remaining=1980 cooldown=240m)
[buy30727] 2026-06-05T19:59:07.913Z worker CC-MAIN-2025-33 pid=2772404 saturated#161(elapsed=35s new_merchants=0 remaining=2151 cooldown=240m)
[buy30727] 2026-06-05T19:59:07.933Z worker CC-MAIN-2025-30 pid=2772434 saturated#161(elapsed=33s new_merchants=0 remaining=2171 cooldown=240m)
[buy30727] 2026-06-05T19:59:07.936Z worker CC-MAIN-2025-26 pid=2772487 saturated#161(elapsed=32s new_merchants=0 remaining=744 cooldown=240m)
[buy30727] 2026-06-05T19:59:07.940Z spawned CC-MAIN-2025-08 pid=2773131 baseline_merchants=7 log=/paperclip/instances/default/workspaces/3ec8f6dd-1735-4479-9825-a2c42edac34c/logs/buy30727_lane_cc_main_2025_08.log
[buy30727] 2026-06-05T19:59:09.449Z spawned CC-MAIN-2024-51 pid=2773192 baseline_merchants=427 log=/paperclip/instances/default/workspaces/3ec8f6dd-1735-4479-9825-a2c42edac34c/logs/buy30727_lane_cc_main_2024_51.log
[buy30727] 2026-06-05T19:59:10.967Z spawned CC-MAIN-2024-46 pid=2773272 baseline_merchants=92 log=/paperclip/instances/default/workspaces/3ec8f6dd-1735-4479-9825-a2c42edac34c/logs/buy30727_lane_cc_main_2024_46.log
[buy30727] 2026-06-05T19:59:12.491Z spawned CC-MAIN-2024-42 pid=2773343 baseline_merchants=91 log=/paperclip/instances/default/workspaces/3ec8f6dd-1735-4479-9825-a2c42edac34c/logs/buy30727_lane_cc_main_2024_42.log
[buy30727] 2026-06-05T19:59:14.010Z spawned CC-MAIN-2024-38 pid=2773394 baseline_merchants=36 log=/paperclip/instances/default/workspaces/3ec8f6dd-1735-4479-9825-a2c42edac34c/logs/buy30727_lane_cc_main_2024_38.log
[buy30727] 2026-06-05T19:59:45.525Z worker CC-MAIN-2025-08 pid=2773131 saturated#161(elapsed=38s new_merchants=0 remaining=695 cooldown=240m)
[buy30727] 2026-06-05T19:59:45.544Z worker CC-MAIN-2024-51 pid=2773192 saturated#161(elapsed=36s new_merchants=0 remaining=1545 cooldown=240m)
[buy30727] 2026-06-05T19:59:45.573Z worker CC-MAIN-2024-46 pid=2773272 saturated#161(elapsed=35s new_merchants=0 remaining=1592 cooldown=240m)
[buy30727] 2026-06-05T19:59:45.602Z worker CC-MAIN-2024-42 pid=2773343 saturated#161(elapsed=33s new_merchants=0 remaining=1420 cooldown=240m)
[buy30727] 2026-06-05T19:59:45.607Z worker CC-MAIN-2024-38 pid=2773394 saturated#161(elapsed=32s new_merchants=0 remaining=581 cooldown=240m)
[buy30727] 2026-06-05T19:59:45.610Z spawned CC-MAIN-2024-33 pid=2773847 baseline_merchants=88 log=/paperclip/instances/default/workspaces/3ec8f6dd-1735-4479-9825-a2c42edac34c/logs/buy30727_lane_cc_main_2024_33.log
[buy30727] 2026-06-05T19:59:47.120Z spawned CC-MAIN-2024-30 pid=2773879 baseline_merchants=17 log=/paperclip/instances/default/workspaces/3ec8f6dd-1735-4479-9825-a2c42edac34c/logs/buy30727_lane_cc_main_2024_30.log
[buy30727] 2026-06-05T19:59:48.629Z spawned CC-MAIN-2024-26 pid=2773911 baseline_merchants=7 log=/paperclip/instances/default/workspaces/3ec8f6dd-1735-4479-9825-a2c42edac34c/logs/buy30727_lane_cc_main_2024_26.log
[buy30727] 2026-06-05T19:59:50.138Z spawned CC-MAIN-2024-22 pid=2773940 baseline_merchants=13 log=/paperclip/instances/default/workspaces/3ec8f6dd-1735-4479-9825-a2c42edac34c/logs/buy30727_lane_cc_main_2024_22.log
[buy30727] 2026-06-05T19:59:51.658Z spawned CC-MAIN-2024-18 pid=2773967 baseline_merchants=62 log=/paperclip/instances/default/workspaces/3ec8f6dd-1735-4479-9825-a2c42edac34c/logs/buy30727_lane_cc_main_2024_18.log
[buy30727] 2026-06-05T20:00:23.204Z worker CC-MAIN-2024-33 pid=2773847 saturated#161(elapsed=38s new_merchants=0 remaining=508 cooldown=240m)
[buy30727] 2026-06-05T20:00:23.209Z worker CC-MAIN-2024-30 pid=2773879 saturated#161(elapsed=36s new_merchants=0 remaining=424 cooldown=240m)
[buy30727] 2026-06-05T20:00:23.214Z worker CC-MAIN-2024-26 pid=2773911 saturated#161(elapsed=35s new_merchants=0 remaining=401 cooldown=240m)
[buy30727] 2026-06-05T20:00:23.227Z worker CC-MAIN-2024-22 pid=2773940 saturated#161(elapsed=33s new_merchants=0 remaining=868 cooldown=240m)
[buy30727] 2026-06-05T20:00:23.246Z worker CC-MAIN-2024-18 pid=2773967 saturated#161(elapsed=32s new_merchants=0 remaining=1033 cooldown=240m)
[buy30727] 2026-06-05T20:00:23.249Z spawned CC-MAIN-2024-10 pid=2774911 baseline_merchants=4 log=/paperclip/instances/default/workspaces/3ec8f6dd-1735-4479-9825-a2c42edac34c/logs/buy30727_lane_cc_main_2024_10.log
[buy30727] 2026-06-05T20:00:24.773Z spawned CC-MAIN-2023-50 pid=2774939 baseline_merchants=4 log=/paperclip/instances/default/workspaces/3ec8f6dd-1735-4479-9825-a2c42edac34c/logs/buy30727_lane_cc_main_2023_50.log
[buy30727] 2026-06-05T20:00:26.281Z spawned CC-MAIN-2023-14 pid=2774968 baseline_merchants=53 log=/paperclip/instances/default/workspaces/3ec8f6dd-1735-4479-9825-a2c42edac34c/logs/buy30727_lane_cc_main_2023_14.log
[buy30727] 2026-06-05T20:00:27.788Z spawned CC-MAIN-2023-06 pid=2775030 baseline_merchants=45 log=/paperclip/instances/default/workspaces/3ec8f6dd-1735-4479-9825-a2c42edac34c/logs/buy30727_lane_cc_main_2023_06.log
[buy30727] 2026-06-05T20:00:29.299Z spawned CC-MAIN-2022-49 pid=2775058 baseline_merchants=5 log=/paperclip/instances/default/workspaces/3ec8f6dd-1735-4479-9825-a2c42edac34c/logs/buy30727_lane_cc_main_2022_49.log
[buy30727] 2026-06-05T20:01:00.846Z worker CC-MAIN-2024-10 pid=2774911 saturated#161(elapsed=38s new_merchants=0 remaining=794 cooldown=240m)
[buy30727] 2026-06-05T20:01:00.850Z worker CC-MAIN-2023-50 pid=2774939 saturated#161(elapsed=36s new_merchants=0 remaining=378 cooldown=240m)
[buy30727] 2026-06-05T20:01:00.853Z worker CC-MAIN-2023-14 pid=2774968 saturated#161(elapsed=35s new_merchants=0 remaining=248 cooldown=240m)
[buy30727] 2026-06-05T20:01:00.856Z worker CC-MAIN-2023-06 pid=2775030 saturated#161(elapsed=33s new_merchants=0 remaining=318 cooldown=240m)
[buy30727] 2026-06-05T20:01:00.864Z worker CC-MAIN-2022-49 pid=2775058 saturated#161(elapsed=32s new_merchants=0 remaining=323 cooldown=240m)
[buy30727] 2026-06-05T20:01:00.867Z spawned CC-MAIN-2022-40 pid=2777136 baseline_merchants=3 log=/paperclip/instances/default/workspaces/3ec8f6dd-1735-4479-9825-a2c42edac34c/logs/buy30727_lane_cc_main_2022_40.log
[buy30727] 2026-06-05T20:01:02.376Z spawned CC-MAIN-2026-21 pid=2777270 baseline_merchants=853 log=/paperclip/instances/default/workspaces/3ec8f6dd-1735-4479-9825-a2c42edac34c/logs/buy30727_lane_cc_main_2026_21.log
[buy30727] 2026-06-05T20:01:03.886Z spawned CC-MAIN-2026-17 pid=2777304 baseline_merchants=7 log=/paperclip/instances/default/workspaces/3ec8f6dd-1735-4479-9825-a2c42edac34c/logs/buy30727_lane_cc_main_2026_17.log
[buy30727] 2026-06-05T20:01:05.409Z spawned CC-MAIN-2025-18 pid=2777339 baseline_merchants=72 log=/paperclip/instances/default/workspaces/3ec8f6dd-1735-4479-9825-a2c42edac34c/logs/buy30727_lane_cc_main_2025_18.log
[buy30727] 2026-06-05T20:01:06.935Z spawned CC-MAIN-2025-05 pid=2777563 baseline_merchants=7 log=/paperclip/instances/default/workspaces/3ec8f6dd-1735-4479-9825-a2c42edac34c/logs/buy30727_lane_cc_main_2025_05.log
[buy30727] 2026-06-05T20:01:38.475Z worker CC-MAIN-2022-40 pid=2777136 saturated#161(elapsed=38s new_merchants=0 remaining=295 cooldown=240m)
[buy30727] 2026-06-05T20:01:38.478Z worker CC-MAIN-2026-21 pid=2777270 saturated#161(elapsed=36s new_merchants=0 remaining=862 cooldown=240m)
[buy30727] 2026-06-05T20:01:38.489Z worker CC-MAIN-2026-17 pid=2777304 saturated#162(elapsed=35s new_merchants=0 remaining=3255 cooldown=240m)
[buy30727] 2026-06-05T20:01:38.510Z worker CC-MAIN-2025-18 pid=2777339 saturated#162(elapsed=33s new_merchants=0 remaining=2382 cooldown=240m)
[buy30727] 2026-06-05T20:01:38.515Z worker CC-MAIN-2025-05 pid=2777563 saturated#162(elapsed=32s new_merchants=0 remaining=625 cooldown=240m)
[buy30727] 2026-06-05T20:01:38.519Z spawned CC-MAIN-2025-47 pid=2779002 baseline_merchants=1421 log=/paperclip/instances/default/workspaces/3ec8f6dd-1735-4479-9825-a2c42edac34c/logs/buy30727_lane_cc_main_2025_47.log
[buy30727] 2026-06-05T20:01:40.042Z spawned CC-MAIN-2025-51 pid=2779095 baseline_merchants=236 log=/paperclip/instances/default/workspaces/3ec8f6dd-1735-4479-9825-a2c42edac34c/logs/buy30727_lane_cc_main_2025_51.log
[buy30727] 2026-06-05T20:01:41.564Z spawned CC-MAIN-2025-43 pid=2779190 baseline_merchants=88 log=/paperclip/instances/default/workspaces/3ec8f6dd-1735-4479-9825-a2c42edac34c/logs/buy30727_lane_cc_main_2025_43.log
[buy30727] 2026-06-05T20:01:43.098Z spawned CC-MAIN-2025-38 pid=2779270 baseline_merchants=28 log=/paperclip/instances/default/workspaces/3ec8f6dd-1735-4479-9825-a2c42edac34c/logs/buy30727_lane_cc_main_2025_38.log
[buy30727] 2026-06-05T20:01:44.634Z spawned CC-MAIN-2025-33 pid=2779352 baseline_merchants=13 log=/paperclip/instances/default/workspaces/3ec8f6dd-1735-4479-9825-a2c42edac34c/logs/buy30727_lane_cc_main_2025_33.log
[buy30727] 2026-06-05T20:01:46.230Z tick=140 active=5 drained=20 saturated=27 known_merchants=15704 status=[CC-MAIN-2025-47:2294/50620, CC-MAIN-2025-51:2895/45604, CC-MAIN-2025-43:1897/45093, CC-MAIN-2025-38:1980/47922, CC-MAIN-2025-33:2151/52953]
[buy30727] 2026-06-05T20:02:16.267Z worker CC-MAIN-2025-47 pid=2779002 saturated#162(elapsed=38s new_merchants=0 remaining=2294 cooldown=240m)
[buy30727] 2026-06-05T20:02:16.277Z worker CC-MAIN-2025-51 pid=2779095 saturated#162(elapsed=36s new_merchants=0 remaining=2895 cooldown=240m)
[buy30727] 2026-06-05T20:02:16.287Z worker CC-MAIN-2025-43 pid=2779190 saturated#162(elapsed=35s new_merchants=0 remaining=1897 cooldown=240m)
[buy30727] 2026-06-05T20:02:16.306Z worker CC-MAIN-2025-38 pid=2779270 saturated#162(elapsed=33s new_merchants=0 remaining=1980 cooldown=240m)
[buy30727] 2026-06-05T20:02:16.321Z worker CC-MAIN-2025-33 pid=2779352 saturated#162(elapsed=32s new_merchants=0 remaining=2151 cooldown=240m)
[buy30727] 2026-06-05T20:02:16.324Z spawned CC-MAIN-2025-30 pid=2781345 baseline_merchants=136 log=/paperclip/instances/default/workspaces/3ec8f6dd-1735-4479-9825-a2c42edac34c/logs/buy30727_lane_cc_main_2025_30.log
[buy30727] 2026-06-05T20:02:17.847Z spawned CC-MAIN-2025-26 pid=2781399 baseline_merchants=18 log=/paperclip/instances/default/workspaces/3ec8f6dd-1735-4479-9825-a2c42edac34c/logs/buy30727_lane_cc_main_2025_26.log
[buy30727] 2026-06-05T20:02:19.355Z spawned CC-MAIN-2025-08 pid=2781430 baseline_merchants=7 log=/paperclip/instances/default/workspaces/3ec8f6dd-1735-4479-9825-a2c42edac34c/logs/buy30727_lane_cc_main_2025_08.log
[buy30727] 2026-06-05T20:02:20.864Z spawned CC-MAIN-2024-51 pid=2781484 baseline_merchants=427 log=/paperclip/instances/default/workspaces/3ec8f6dd-1735-4479-9825-a2c42edac34c/logs/buy30727_lane_cc_main_2024_51.log
[buy30727] 2026-06-05T20:02:22.381Z spawned CC-MAIN-2024-46 pid=2781513 baseline_merchants=92 log=/paperclip/instances/default/workspaces/3ec8f6dd-1735-4479-9825-a2c42edac34c/logs/buy30727_lane_cc_main_2024_46.log
[buy30727] 2026-06-05T20:02:53.950Z worker CC-MAIN-2025-30 pid=2781345 saturated#162(elapsed=38s new_merchants=0 remaining=2171 cooldown=240m)
[buy30727] 2026-06-05T20:02:53.954Z worker CC-MAIN-2025-26 pid=2781399 saturated#162(elapsed=36s new_merchants=0 remaining=744 cooldown=240m)
[buy30727] 2026-06-05T20:02:53.959Z worker CC-MAIN-2025-08 pid=2781430 saturated#162(elapsed=35s new_merchants=0 remaining=695 cooldown=240m)
[buy30727] 2026-06-05T20:02:53.969Z worker CC-MAIN-2024-51 pid=2781484 saturated#162(elapsed=33s new_merchants=0 remaining=1545 cooldown=240m)
[buy30727] 2026-06-05T20:02:53.996Z worker CC-MAIN-2024-46 pid=2781513 saturated#162(elapsed=32s new_merchants=0 remaining=1592 cooldown=240m)
[buy30727] 2026-06-05T20:02:54.000Z spawned CC-MAIN-2024-42 pid=2782457 baseline_merchants=91 log=/paperclip/instances/default/workspaces/3ec8f6dd-1735-4479-9825-a2c42edac34c/logs/buy30727_lane_cc_main_2024_42.log
[buy30727] 2026-06-05T20:02:55.528Z spawned CC-MAIN-2024-38 pid=2782528 baseline_merchants=36 log=/paperclip/instances/default/workspaces/3ec8f6dd-1735-4479-9825-a2c42edac34c/logs/buy30727_lane_cc_main_2024_38.log
[buy30727] 2026-06-05T20:02:57.038Z spawned CC-MAIN-2024-33 pid=2782610 baseline_merchants=88 log=/paperclip/instances/default/workspaces/3ec8f6dd-1735-4479-9825-a2c42edac34c/logs/buy30727_lane_cc_main_2024_33.log
[buy30727] 2026-06-05T20:02:58.548Z spawned CC-MAIN-2024-30 pid=2782669 baseline_merchants=17 log=/paperclip/instances/default/workspaces/3ec8f6dd-1735-4479-9825-a2c42edac34c/logs/buy30727_lane_cc_main_2024_30.log
[buy30727] 2026-06-05T20:03:00.057Z spawned CC-MAIN-2024-26 pid=2782695 baseline_merchants=7 log=/paperclip/instances/default/workspaces/3ec8f6dd-1735-4479-9825-a2c42edac34c/logs/buy30727_lane_cc_main_2024_26.log
[buy30727] 2026-06-05T20:03:31.622Z worker CC-MAIN-2024-42 pid=2782457 saturated#162(elapsed=38s new_merchants=0 remaining=1420 cooldown=240m)
[buy30727] 2026-06-05T20:03:31.630Z worker CC-MAIN-2024-38 pid=2782528 saturated#162(elapsed=36s new_merchants=0 remaining=581 cooldown=240m)
[buy30727] 2026-06-05T20:03:31.639Z worker CC-MAIN-2024-33 pid=2782610 saturated#162(elapsed=35s new_merchants=0 remaining=508 cooldown=240m)
[buy30727] 2026-06-05T20:03:31.646Z worker CC-MAIN-2024-30 pid=2782669 saturated#162(elapsed=33s new_merchants=0 remaining=424 cooldown=240m)
[buy30727] 2026-06-05T20:03:31.649Z worker CC-MAIN-2024-26 pid=2782695 saturated#162(elapsed=32s new_merchants=0 remaining=401 cooldown=240m)
[buy30727] 2026-06-05T20:03:31.655Z spawned CC-MAIN-2024-22 pid=2783559 baseline_merchants=13 log=/paperclip/instances/default/workspaces/3ec8f6dd-1735-4479-9825-a2c42edac34c/logs/buy30727_lane_cc_main_2024_22.log
[buy30727] 2026-06-05T20:03:33.179Z spawned CC-MAIN-2024-18 pid=2783677 baseline_merchants=62 log=/paperclip/instances/default/workspaces/3ec8f6dd-1735-4479-9825-a2c42edac34c/logs/buy30727_lane_cc_main_2024_18.log
[buy30727] 2026-06-05T20:03:34.712Z spawned CC-MAIN-2024-10 pid=2783707 baseline_merchants=4 log=/paperclip/instances/default/workspaces/3ec8f6dd-1735-4479-9825-a2c42edac34c/logs/buy30727_lane_cc_main_2024_10.log
[buy30727] 2026-06-05T20:03:36.229Z spawned CC-MAIN-2023-50 pid=2783739 baseline_merchants=4 log=/paperclip/instances/default/workspaces/3ec8f6dd-1735-4479-9825-a2c42edac34c/logs/buy30727_lane_cc_main_2023_50.log
[buy30727] 2026-06-05T20:03:37.739Z spawned CC-MAIN-2023-14 pid=2783774 baseline_merchants=53 log=/paperclip/instances/default/workspaces/3ec8f6dd-1735-4479-9825-a2c42edac34c/logs/buy30727_lane_cc_main_2023_14.log
[buy30727] 2026-06-05T20:04:09.291Z worker CC-MAIN-2024-22 pid=2783559 saturated#162(elapsed=38s new_merchants=0 remaining=868 cooldown=240m)
[buy30727] 2026-06-05T20:04:09.318Z worker CC-MAIN-2024-18 pid=2783677 saturated#162(elapsed=36s new_merchants=0 remaining=1033 cooldown=240m)
[buy30727] 2026-06-05T20:04:09.329Z worker CC-MAIN-2024-10 pid=2783707 saturated#162(elapsed=35s new_merchants=0 remaining=794 cooldown=240m)
[buy30727] 2026-06-05T20:04:09.334Z worker CC-MAIN-2023-50 pid=2783739 saturated#162(elapsed=33s new_merchants=0 remaining=378 cooldown=240m)
[buy30727] 2026-06-05T20:04:09.337Z worker CC-MAIN-2023-14 pid=2783774 saturated#162(elapsed=32s new_merchants=0 remaining=248 cooldown=240m)
[buy30727] 2026-06-05T20:04:09.341Z spawned CC-MAIN-2023-06 pid=2784564 baseline_merchants=45 log=/paperclip/instances/default/workspaces/3ec8f6dd-1735-4479-9825-a2c42edac34c/logs/buy30727_lane_cc_main_2023_06.log
[buy30727] 2026-06-05T20:04:10.853Z spawned CC-MAIN-2022-49 pid=2784592 baseline_merchants=5 log=/paperclip/instances/default/workspaces/3ec8f6dd-1735-4479-9825-a2c42edac34c/logs/buy30727_lane_cc_main_2022_49.log
[buy30727] 2026-06-05T20:04:12.362Z spawned CC-MAIN-2022-40 pid=2784671 baseline_merchants=3 log=/paperclip/instances/default/workspaces/3ec8f6dd-1735-4479-9825-a2c42edac34c/logs/buy30727_lane_cc_main_2022_40.log
[buy30727] 2026-06-05T20:04:13.872Z spawned CC-MAIN-2026-21 pid=2784776 baseline_merchants=853 log=/paperclip/instances/default/workspaces/3ec8f6dd-1735-4479-9825-a2c42edac34c/logs/buy30727_lane_cc_main_2026_21.log
[buy30727] 2026-06-05T20:04:15.379Z spawned CC-MAIN-2026-17 pid=2784821 baseline_merchants=7 log=/paperclip/instances/default/workspaces/3ec8f6dd-1735-4479-9825-a2c42edac34c/logs/buy30727_lane_cc_main_2026_17.log
[buy30727] 2026-06-05T20:04:46.921Z worker CC-MAIN-2023-06 pid=2784564 saturated#162(elapsed=38s new_merchants=0 remaining=318 cooldown=240m)
[buy30727] 2026-06-05T20:04:46.925Z worker CC-MAIN-2022-49 pid=2784592 saturated#162(elapsed=36s new_merchants=0 remaining=323 cooldown=240m)
[buy30727] 2026-06-05T20:04:46.931Z worker CC-MAIN-2022-40 pid=2784671 saturated#162(elapsed=35s new_merchants=0 remaining=295 cooldown=240m)
[buy30727] 2026-06-05T20:04:46.934Z worker CC-MAIN-2026-21 pid=2784776 saturated#162(elapsed=33s new_merchants=0 remaining=862 cooldown=240m)
[buy30727] 2026-06-05T20:04:46.945Z worker CC-MAIN-2026-17 pid=2784821 saturated#163(elapsed=32s new_merchants=0 remaining=3255 cooldown=240m)
[buy30727] 2026-06-05T20:04:46.948Z spawned CC-MAIN-2025-18 pid=2785461 baseline_merchants=72 log=/paperclip/instances/default/workspaces/3ec8f6dd-1735-4479-9825-a2c42edac34c/logs/buy30727_lane_cc_main_2025_18.log
[buy30727] 2026-06-05T20:04:48.471Z spawned CC-MAIN-2025-05 pid=2785491 baseline_merchants=7 log=/paperclip/instances/default/workspaces/3ec8f6dd-1735-4479-9825-a2c42edac34c/logs/buy30727_lane_cc_main_2025_05.log
[buy30727] 2026-06-05T20:04:49.980Z spawned CC-MAIN-2025-47 pid=2785522 baseline_merchants=1421 log=/paperclip/instances/default/workspaces/3ec8f6dd-1735-4479-9825-a2c42edac34c/logs/buy30727_lane_cc_main_2025_47.log
[buy30727] 2026-06-05T20:04:51.502Z spawned CC-MAIN-2025-51 pid=2785560 baseline_merchants=236 log=/paperclip/instances/default/workspaces/3ec8f6dd-1735-4479-9825-a2c42edac34c/logs/buy30727_lane_cc_main_2025_51.log
[buy30727] 2026-06-05T20:04:53.017Z spawned CC-MAIN-2025-43 pid=2785673 baseline_merchants=88 log=/paperclip/instances/default/workspaces/3ec8f6dd-1735-4479-9825-a2c42edac34c/logs/buy30727_lane_cc_main_2025_43.log
[buy30727] 2026-06-05T20:05:24.562Z worker CC-MAIN-2025-18 pid=2785461 saturated#163(elapsed=38s new_merchants=0 remaining=2382 cooldown=240m)
[buy30727] 2026-06-05T20:05:24.565Z worker CC-MAIN-2025-05 pid=2785491 saturated#163(elapsed=36s new_merchants=0 remaining=625 cooldown=240m)
[buy30727] 2026-06-05T20:05:24.581Z worker CC-MAIN-2025-47 pid=2785522 saturated#163(elapsed=35s new_merchants=0 remaining=2294 cooldown=240m)
[buy30727] 2026-06-05T20:05:24.594Z worker CC-MAIN-2025-51 pid=2785560 saturated#163(elapsed=33s new_merchants=0 remaining=2895 cooldown=240m)
[buy30727] 2026-06-05T20:05:24.604Z worker CC-MAIN-2025-43 pid=2785673 saturated#163(elapsed=32s new_merchants=0 remaining=1897 cooldown=240m)
[buy30727] 2026-06-05T20:05:24.607Z spawned CC-MAIN-2025-38 pid=2786464 baseline_merchants=28 log=/paperclip/instances/default/workspaces/3ec8f6dd-1735-4479-9825-a2c42edac34c/logs/buy30727_lane_cc_main_2025_38.log
[buy30727] 2026-06-05T20:05:26.124Z spawned CC-MAIN-2025-33 pid=2786496 baseline_merchants=13 log=/paperclip/instances/default/workspaces/3ec8f6dd-1735-4479-9825-a2c42edac34c/logs/buy30727_lane_cc_main_2025_33.log
[buy30727] 2026-06-05T20:05:27.642Z spawned CC-MAIN-2025-30 pid=2786533 baseline_merchants=136 log=/paperclip/instances/default/workspaces/3ec8f6dd-1735-4479-9825-a2c42edac34c/logs/buy30727_lane_cc_main_2025_30.log
[buy30727] 2026-06-05T20:05:29.165Z spawned CC-MAIN-2025-26 pid=2786566 baseline_merchants=18 log=/paperclip/instances/default/workspaces/3ec8f6dd-1735-4479-9825-a2c42edac34c/logs/buy30727_lane_cc_main_2025_26.log
[buy30727] 2026-06-05T20:05:30.676Z spawned CC-MAIN-2025-08 pid=2786685 baseline_merchants=7 log=/paperclip/instances/default/workspaces/3ec8f6dd-1735-4479-9825-a2c42edac34c/logs/buy30727_lane_cc_main_2025_08.log
[buy30727] 2026-06-05T20:06:02.225Z worker CC-MAIN-2025-38 pid=2786464 saturated#163(elapsed=38s new_merchants=0 remaining=1980 cooldown=240m)
[buy30727] 2026-06-05T20:06:02.236Z worker CC-MAIN-2025-33 pid=2786496 saturated#163(elapsed=36s new_merchants=0 remaining=2151 cooldown=240m)
[buy30727] 2026-06-05T20:06:02.248Z worker CC-MAIN-2025-30 pid=2786533 saturated#163(elapsed=35s new_merchants=0 remaining=2171 cooldown=240m)
[buy30727] 2026-06-05T20:06:02.251Z worker CC-MAIN-2025-26 pid=2786566 saturated#163(elapsed=33s new_merchants=0 remaining=744 cooldown=240m)
[buy30727] 2026-06-05T20:06:02.258Z worker CC-MAIN-2025-08 pid=2786685 saturated#163(elapsed=32s new_merchants=0 remaining=695 cooldown=240m)
[buy30727] 2026-06-05T20:06:02.262Z spawned CC-MAIN-2024-51 pid=2788737 baseline_merchants=427 log=/paperclip/instances/default/workspaces/3ec8f6dd-1735-4479-9825-a2c42edac34c/logs/buy30727_lane_cc_main_2024_51.log
[buy30727] 2026-06-05T20:06:03.783Z spawned CC-MAIN-2024-46 pid=2788851 baseline_merchants=92 log=/paperclip/instances/default/workspaces/3ec8f6dd-1735-4479-9825-a2c42edac34c/logs/buy30727_lane_cc_main_2024_46.log
[buy30727] 2026-06-05T20:06:05.314Z spawned CC-MAIN-2024-42 pid=2788942 baseline_merchants=91 log=/paperclip/instances/default/workspaces/3ec8f6dd-1735-4479-9825-a2c42edac34c/logs/buy30727_lane_cc_main_2024_42.log
[buy30727] 2026-06-05T20:06:06.848Z spawned CC-MAIN-2024-38 pid=2789037 baseline_merchants=36 log=/paperclip/instances/default/workspaces/3ec8f6dd-1735-4479-9825-a2c42edac34c/logs/buy30727_lane_cc_main_2024_38.log
[buy30727] 2026-06-05T20:06:08.370Z spawned CC-MAIN-2024-33 pid=2789122 baseline_merchants=88 log=/paperclip/instances/default/workspaces/3ec8f6dd-1735-4479-9825-a2c42edac34c/logs/buy30727_lane_cc_main_2024_33.log
[buy30727] 2026-06-05T20:06:39.921Z worker CC-MAIN-2024-51 pid=2788737 saturated#163(elapsed=38s new_merchants=0 remaining=1545 cooldown=240m)
[buy30727] 2026-06-05T20:06:39.948Z worker CC-MAIN-2024-46 pid=2788851 saturated#163(elapsed=36s new_merchants=0 remaining=1592 cooldown=240m)
[buy30727] 2026-06-05T20:06:39.967Z worker CC-MAIN-2024-42 pid=2788942 saturated#163(elapsed=35s new_merchants=0 remaining=1420 cooldown=240m)
[buy30727] 2026-06-05T20:06:39.973Z worker CC-MAIN-2024-38 pid=2789037 saturated#163(elapsed=33s new_merchants=0 remaining=581 cooldown=240m)
[buy30727] 2026-06-05T20:06:39.978Z worker CC-MAIN-2024-33 pid=2789122 saturated#163(elapsed=32s new_merchants=0 remaining=508 cooldown=240m)
[buy30727] 2026-06-05T20:06:39.981Z spawned CC-MAIN-2024-30 pid=2790994 baseline_merchants=17 log=/paperclip/instances/default/workspaces/3ec8f6dd-1735-4479-9825-a2c42edac34c/logs/buy30727_lane_cc_main_2024_30.log
[buy30727] 2026-06-05T20:06:41.490Z spawned CC-MAIN-2024-26 pid=2791048 baseline_merchants=7 log=/paperclip/instances/default/workspaces/3ec8f6dd-1735-4479-9825-a2c42edac34c/logs/buy30727_lane_cc_main_2024_26.log
[buy30727] 2026-06-05T20:06:43.000Z spawned CC-MAIN-2024-22 pid=2791094 baseline_merchants=13 log=/paperclip/instances/default/workspaces/3ec8f6dd-1735-4479-9825-a2c42edac34c/logs/buy30727_lane_cc_main_2024_22.log
[buy30727] 2026-06-05T20:06:44.514Z spawned CC-MAIN-2024-18 pid=2791151 baseline_merchants=62 log=/paperclip/instances/default/workspaces/3ec8f6dd-1735-4479-9825-a2c42edac34c/logs/buy30727_lane_cc_main_2024_18.log
[buy30727] 2026-06-05T20:06:46.037Z spawned CC-MAIN-2024-10 pid=2791207 baseline_merchants=4 log=/paperclip/instances/default/workspaces/3ec8f6dd-1735-4479-9825-a2c42edac34c/logs/buy30727_lane_cc_main_2024_10.log
[buy30727] 2026-06-05T20:07:17.565Z worker CC-MAIN-2024-30 pid=2790994 saturated#163(elapsed=38s new_merchants=0 remaining=424 cooldown=240m)
[buy30727] 2026-06-05T20:07:17.569Z worker CC-MAIN-2024-26 pid=2791048 saturated#163(elapsed=36s new_merchants=0 remaining=401 cooldown=240m)
[buy30727] 2026-06-05T20:07:17.583Z worker CC-MAIN-2024-22 pid=2791094 saturated#163(elapsed=35s new_merchants=0 remaining=868 cooldown=240m)
[buy30727] 2026-06-05T20:07:17.603Z worker CC-MAIN-2024-18 pid=2791151 saturated#163(elapsed=33s new_merchants=0 remaining=1033 cooldown=240m)
[buy30727] 2026-06-05T20:07:17.615Z worker CC-MAIN-2024-10 pid=2791207 saturated#163(elapsed=32s new_merchants=0 remaining=794 cooldown=240m)
[buy30727] 2026-06-05T20:07:17.618Z spawned CC-MAIN-2023-50 pid=2791941 baseline_merchants=4 log=/paperclip/instances/default/workspaces/3ec8f6dd-1735-4479-9825-a2c42edac34c/logs/buy30727_lane_cc_main_2023_50.log
[buy30727] 2026-06-05T20:07:19.130Z spawned CC-MAIN-2023-14 pid=2791973 baseline_merchants=53 log=/paperclip/instances/default/workspaces/3ec8f6dd-1735-4479-9825-a2c42edac34c/logs/buy30727_lane_cc_main_2023_14.log
[buy30727] 2026-06-05T20:07:20.639Z spawned CC-MAIN-2023-06 pid=2792004 baseline_merchants=45 log=/paperclip/instances/default/workspaces/3ec8f6dd-1735-4479-9825-a2c42edac34c/logs/buy30727_lane_cc_main_2023_06.log
[buy30727] 2026-06-05T20:07:22.148Z spawned CC-MAIN-2022-49 pid=2792048 baseline_merchants=5 log=/paperclip/instances/default/workspaces/3ec8f6dd-1735-4479-9825-a2c42edac34c/logs/buy30727_lane_cc_main_2022_49.log
[buy30727] 2026-06-05T20:07:23.657Z spawned CC-MAIN-2022-40 pid=2792072 baseline_merchants=3 log=/paperclip/instances/default/workspaces/3ec8f6dd-1735-4479-9825-a2c42edac34c/logs/buy30727_lane_cc_main_2022_40.log
[buy30727] 2026-06-05T20:07:55.197Z worker CC-MAIN-2023-50 pid=2791941 saturated#163(elapsed=38s new_merchants=0 remaining=378 cooldown=240m)
[buy30727] 2026-06-05T20:07:55.200Z worker CC-MAIN-2023-14 pid=2791973 saturated#163(elapsed=36s new_merchants=0 remaining=248 cooldown=240m)
[buy30727] 2026-06-05T20:07:55.205Z worker CC-MAIN-2023-06 pid=2792004 saturated#163(elapsed=35s new_merchants=0 remaining=318 cooldown=240m)
[buy30727] 2026-06-05T20:07:55.209Z worker CC-MAIN-2022-49 pid=2792048 saturated#163(elapsed=33s new_merchants=0 remaining=323 cooldown=240m)
[buy30727] 2026-06-05T20:07:55.214Z worker CC-MAIN-2022-40 pid=2792072 saturated#163(elapsed=32s new_merchants=0 remaining=295 cooldown=240m)
[buy30727] 2026-06-05T20:07:55.217Z spawned CC-MAIN-2026-21 pid=2792803 baseline_merchants=853 log=/paperclip/instances/default/workspaces/3ec8f6dd-1735-4479-9825-a2c42edac34c/logs/buy30727_lane_cc_main_2026_21.log
[buy30727] 2026-06-05T20:07:56.723Z spawned CC-MAIN-2026-17 pid=2792876 baseline_merchants=7 log=/paperclip/instances/default/workspaces/3ec8f6dd-1735-4479-9825-a2c42edac34c/logs/buy30727_lane_cc_main_2026_17.log
[buy30727] 2026-06-05T20:07:58.241Z spawned CC-MAIN-2025-18 pid=2792910 baseline_merchants=72 log=/paperclip/instances/default/workspaces/3ec8f6dd-1735-4479-9825-a2c42edac34c/logs/buy30727_lane_cc_main_2025_18.log
[buy30727] 2026-06-05T20:07:59.771Z spawned CC-MAIN-2025-05 pid=2792955 baseline_merchants=7 log=/paperclip/instances/default/workspaces/3ec8f6dd-1735-4479-9825-a2c42edac34c/logs/buy30727_lane_cc_main_2025_05.log
[buy30727] 2026-06-05T20:08:01.279Z spawned CC-MAIN-2025-47 pid=2792998 baseline_merchants=1421 log=/paperclip/instances/default/workspaces/3ec8f6dd-1735-4479-9825-a2c42edac34c/logs/buy30727_lane_cc_main_2025_47.log
[buy30727] 2026-06-05T20:08:02.836Z tick=150 active=5 drained=20 saturated=27 known_merchants=15704 status=[CC-MAIN-2026-21:862/10577, CC-MAIN-2026-17:3255/37593, CC-MAIN-2025-18:2382/46657, CC-MAIN-2025-05:625/14379, CC-MAIN-2025-47:2294/50620]
[buy30727] 2026-06-05T20:08:32.869Z worker CC-MAIN-2026-21 pid=2792803 saturated#163(elapsed=38s new_merchants=0 remaining=862 cooldown=240m)
[buy30727] 2026-06-05T20:08:32.887Z worker CC-MAIN-2026-17 pid=2792876 saturated#164(elapsed=36s new_merchants=0 remaining=3255 cooldown=240m)
[buy30727] 2026-06-05T20:08:32.908Z worker CC-MAIN-2025-18 pid=2792910 saturated#164(elapsed=35s new_merchants=0 remaining=2382 cooldown=240m)
[buy30727] 2026-06-05T20:08:32.912Z worker CC-MAIN-2025-05 pid=2792955 saturated#164(elapsed=33s new_merchants=0 remaining=625 cooldown=240m)
[buy30727] 2026-06-05T20:08:32.935Z worker CC-MAIN-2025-47 pid=2792998 saturated#164(elapsed=32s new_merchants=0 remaining=2294 cooldown=240m)
[buy30727] 2026-06-05T20:08:32.938Z spawned CC-MAIN-2025-51 pid=2793735 baseline_merchants=236 log=/paperclip/instances/default/workspaces/3ec8f6dd-1735-4479-9825-a2c42edac34c/logs/buy30727_lane_cc_main_2025_51.log
[buy30727] 2026-06-05T20:08:34.459Z spawned CC-MAIN-2025-43 pid=2793765 baseline_merchants=88 log=/paperclip/instances/default/workspaces/3ec8f6dd-1735-4479-9825-a2c42edac34c/logs/buy30727_lane_cc_main_2025_43.log
[buy30727] 2026-06-05T20:08:35.977Z spawned CC-MAIN-2025-38 pid=2793812 baseline_merchants=28 log=/paperclip/instances/default/workspaces/3ec8f6dd-1735-4479-9825-a2c42edac34c/logs/buy30727_lane_cc_main_2025_38.log
[buy30727] 2026-06-05T20:08:37.500Z spawned CC-MAIN-2025-33 pid=2793847 baseline_merchants=13 log=/paperclip/instances/default/workspaces/3ec8f6dd-1735-4479-9825-a2c42edac34c/logs/buy30727_lane_cc_main_2025_33.log
[buy30727] 2026-06-05T20:08:39.019Z spawned CC-MAIN-2025-30 pid=2793877 baseline_merchants=136 log=/paperclip/instances/default/workspaces/3ec8f6dd-1735-4479-9825-a2c42edac34c/logs/buy30727_lane_cc_main_2025_30.log
[buy30727] 2026-06-05T20:09:10.572Z worker CC-MAIN-2025-51 pid=2793735 saturated#164(elapsed=38s new_merchants=0 remaining=2895 cooldown=240m)
[buy30727] 2026-06-05T20:09:10.595Z worker CC-MAIN-2025-43 pid=2793765 saturated#164(elapsed=36s new_merchants=0 remaining=1897 cooldown=240m)
[buy30727] 2026-06-05T20:09:10.621Z worker CC-MAIN-2025-38 pid=2793812 saturated#164(elapsed=35s new_merchants=0 remaining=1980 cooldown=240m)
[buy30727] 2026-06-05T20:09:10.641Z worker CC-MAIN-2025-33 pid=2793847 saturated#164(elapsed=33s new_merchants=0 remaining=2151 cooldown=240m)
[buy30727] 2026-06-05T20:09:10.652Z worker CC-MAIN-2025-30 pid=2793877 saturated#164(elapsed=32s new_merchants=0 remaining=2171 cooldown=240m)
[buy30727] 2026-06-05T20:09:10.656Z spawned CC-MAIN-2025-26 pid=2794508 baseline_merchants=18 log=/paperclip/instances/default/workspaces/3ec8f6dd-1735-4479-9825-a2c42edac34c/logs/buy30727_lane_cc_main_2025_26.log
[buy30727] 2026-06-05T20:09:12.166Z spawned CC-MAIN-2025-08 pid=2794632 baseline_merchants=7 log=/paperclip/instances/default/workspaces/3ec8f6dd-1735-4479-9825-a2c42edac34c/logs/buy30727_lane_cc_main_2025_08.log
[buy30727] 2026-06-05T20:09:13.684Z spawned CC-MAIN-2024-51 pid=2794667 baseline_merchants=427 log=/paperclip/instances/default/workspaces/3ec8f6dd-1735-4479-9825-a2c42edac34c/logs/buy30727_lane_cc_main_2024_51.log
[buy30727] 2026-06-05T20:09:15.207Z spawned CC-MAIN-2024-46 pid=2794699 baseline_merchants=92 log=/paperclip/instances/default/workspaces/3ec8f6dd-1735-4479-9825-a2c42edac34c/logs/buy30727_lane_cc_main_2024_46.log
[buy30727] 2026-06-05T20:09:16.732Z spawned CC-MAIN-2024-42 pid=2794756 baseline_merchants=91 log=/paperclip/instances/default/workspaces/3ec8f6dd-1735-4479-9825-a2c42edac34c/logs/buy30727_lane_cc_main_2024_42.log
[buy30727] 2026-06-05T20:09:48.258Z worker CC-MAIN-2025-26 pid=2794508 saturated#164(elapsed=38s new_merchants=0 remaining=744 cooldown=240m)
[buy30727] 2026-06-05T20:09:48.264Z worker CC-MAIN-2025-08 pid=2794632 saturated#164(elapsed=36s new_merchants=0 remaining=695 cooldown=240m)
[buy30727] 2026-06-05T20:09:48.283Z worker CC-MAIN-2024-51 pid=2794667 saturated#164(elapsed=35s new_merchants=0 remaining=1545 cooldown=240m)
[buy30727] 2026-06-05T20:09:48.307Z worker CC-MAIN-2024-46 pid=2794699 saturated#164(elapsed=33s new_merchants=0 remaining=1592 cooldown=240m)
[buy30727] 2026-06-05T20:09:48.334Z worker CC-MAIN-2024-42 pid=2794756 saturated#164(elapsed=32s new_merchants=0 remaining=1420 cooldown=240m)
[buy30727] 2026-06-05T20:09:48.338Z spawned CC-MAIN-2024-38 pid=2795435 baseline_merchants=36 log=/paperclip/instances/default/workspaces/3ec8f6dd-1735-4479-9825-a2c42edac34c/logs/buy30727_lane_cc_main_2024_38.log
[buy30727] 2026-06-05T20:09:49.848Z spawned CC-MAIN-2024-33 pid=2795465 baseline_merchants=88 log=/paperclip/instances/default/workspaces/3ec8f6dd-1735-4479-9825-a2c42edac34c/logs/buy30727_lane_cc_main_2024_33.log
[buy30727] 2026-06-05T20:09:51.357Z spawned CC-MAIN-2024-30 pid=2795500 baseline_merchants=17 log=/paperclip/instances/default/workspaces/3ec8f6dd-1735-4479-9825-a2c42edac34c/logs/buy30727_lane_cc_main_2024_30.log
[buy30727] 2026-06-05T20:09:52.867Z spawned CC-MAIN-2024-26 pid=2795544 baseline_merchants=7 log=/paperclip/instances/default/workspaces/3ec8f6dd-1735-4479-9825-a2c42edac34c/logs/buy30727_lane_cc_main_2024_26.log
[buy30727] 2026-06-05T20:09:54.376Z spawned CC-MAIN-2024-22 pid=2795566 baseline_merchants=13 log=/paperclip/instances/default/workspaces/3ec8f6dd-1735-4479-9825-a2c42edac34c/logs/buy30727_lane_cc_main_2024_22.log
[buy30727] 2026-06-05T20:10:25.929Z worker CC-MAIN-2024-38 pid=2795435 saturated#164(elapsed=38s new_merchants=0 remaining=581 cooldown=240m)
[buy30727] 2026-06-05T20:10:25.935Z worker CC-MAIN-2024-33 pid=2795465 saturated#164(elapsed=36s new_merchants=0 remaining=508 cooldown=240m)
[buy30727] 2026-06-05T20:10:25.940Z worker CC-MAIN-2024-30 pid=2795500 saturated#164(elapsed=35s new_merchants=0 remaining=424 cooldown=240m)
[buy30727] 2026-06-05T20:10:25.944Z worker CC-MAIN-2024-26 pid=2795544 saturated#164(elapsed=33s new_merchants=0 remaining=401 cooldown=240m)
[buy30727] 2026-06-05T20:10:25.960Z worker CC-MAIN-2024-22 pid=2795566 saturated#164(elapsed=32s new_merchants=0 remaining=868 cooldown=240m)
[buy30727] 2026-06-05T20:10:25.964Z spawned CC-MAIN-2024-18 pid=2796474 baseline_merchants=62 log=/paperclip/instances/default/workspaces/3ec8f6dd-1735-4479-9825-a2c42edac34c/logs/buy30727_lane_cc_main_2024_18.log
[buy30727] 2026-06-05T20:10:27.493Z spawned CC-MAIN-2024-10 pid=2796509 baseline_merchants=4 log=/paperclip/instances/default/workspaces/3ec8f6dd-1735-4479-9825-a2c42edac34c/logs/buy30727_lane_cc_main_2024_10.log
[buy30727] 2026-06-05T20:10:29.007Z spawned CC-MAIN-2023-50 pid=2796556 baseline_merchants=4 log=/paperclip/instances/default/workspaces/3ec8f6dd-1735-4479-9825-a2c42edac34c/logs/buy30727_lane_cc_main_2023_50.log
[buy30727] 2026-06-05T20:10:30.515Z spawned CC-MAIN-2023-14 pid=2796597 baseline_merchants=53 log=/paperclip/instances/default/workspaces/3ec8f6dd-1735-4479-9825-a2c42edac34c/logs/buy30727_lane_cc_main_2023_14.log
[buy30727] 2026-06-05T20:10:32.023Z spawned CC-MAIN-2023-06 pid=2796620 baseline_merchants=45 log=/paperclip/instances/default/workspaces/3ec8f6dd-1735-4479-9825-a2c42edac34c/logs/buy30727_lane_cc_main_2023_06.log
[buy30727] 2026-06-05T20:11:03.548Z worker CC-MAIN-2024-18 pid=2796474 saturated#164(elapsed=38s new_merchants=0 remaining=1033 cooldown=240m)
[buy30727] 2026-06-05T20:11:03.558Z worker CC-MAIN-2024-10 pid=2796509 saturated#164(elapsed=36s new_merchants=0 remaining=794 cooldown=240m)
[buy30727] 2026-06-05T20:11:03.566Z worker CC-MAIN-2023-50 pid=2796556 saturated#164(elapsed=35s new_merchants=0 remaining=378 cooldown=240m)
[buy30727] 2026-06-05T20:11:03.572Z worker CC-MAIN-2023-14 pid=2796597 saturated#164(elapsed=33s new_merchants=0 remaining=248 cooldown=240m)
[buy30727] 2026-06-05T20:11:03.578Z worker CC-MAIN-2023-06 pid=2796620 saturated#164(elapsed=32s new_merchants=0 remaining=318 cooldown=240m)
[buy30727] 2026-06-05T20:11:03.581Z spawned CC-MAIN-2022-49 pid=2798056 baseline_merchants=5 log=/paperclip/instances/default/workspaces/3ec8f6dd-1735-4479-9825-a2c42edac34c/logs/buy30727_lane_cc_main_2022_49.log
[buy30727] 2026-06-05T20:11:05.098Z spawned CC-MAIN-2022-40 pid=2798152 baseline_merchants=3 log=/paperclip/instances/default/workspaces/3ec8f6dd-1735-4479-9825-a2c42edac34c/logs/buy30727_lane_cc_main_2022_40.log
[buy30727] 2026-06-05T20:11:06.616Z spawned CC-MAIN-2026-21 pid=2798183 baseline_merchants=853 log=/paperclip/instances/default/workspaces/3ec8f6dd-1735-4479-9825-a2c42edac34c/logs/buy30727_lane_cc_main_2026_21.log
[buy30727] 2026-06-05T20:11:08.125Z spawned CC-MAIN-2026-17 pid=2798219 baseline_merchants=7 log=/paperclip/instances/default/workspaces/3ec8f6dd-1735-4479-9825-a2c42edac34c/logs/buy30727_lane_cc_main_2026_17.log
[buy30727] 2026-06-05T20:11:09.656Z spawned CC-MAIN-2025-18 pid=2798307 baseline_merchants=72 log=/paperclip/instances/default/workspaces/3ec8f6dd-1735-4479-9825-a2c42edac34c/logs/buy30727_lane_cc_main_2025_18.log
[buy30727] 2026-06-05T20:11:41.203Z worker CC-MAIN-2022-49 pid=2798056 saturated#164(elapsed=38s new_merchants=0 remaining=323 cooldown=240m)
[buy30727] 2026-06-05T20:11:41.206Z worker CC-MAIN-2022-40 pid=2798152 saturated#164(elapsed=36s new_merchants=0 remaining=295 cooldown=240m)
[buy30727] 2026-06-05T20:11:41.209Z worker CC-MAIN-2026-21 pid=2798183 saturated#164(elapsed=35s new_merchants=0 remaining=862 cooldown=240m)
[buy30727] 2026-06-05T20:11:41.218Z worker CC-MAIN-2026-17 pid=2798219 saturated#165(elapsed=33s new_merchants=0 remaining=3255 cooldown=240m)
[buy30727] 2026-06-05T20:11:41.236Z worker CC-MAIN-2025-18 pid=2798307 saturated#165(elapsed=32s new_merchants=0 remaining=2382 cooldown=240m)
[buy30727] 2026-06-05T20:11:41.240Z spawned CC-MAIN-2025-05 pid=2800235 baseline_merchants=7 log=/paperclip/instances/default/workspaces/3ec8f6dd-1735-4479-9825-a2c42edac34c/logs/buy30727_lane_cc_main_2025_05.log
[buy30727] 2026-06-05T20:11:42.750Z spawned CC-MAIN-2025-47 pid=2800426 baseline_merchants=1421 log=/paperclip/instances/default/workspaces/3ec8f6dd-1735-4479-9825-a2c42edac34c/logs/buy30727_lane_cc_main_2025_47.log
[buy30727] 2026-06-05T20:11:44.272Z spawned CC-MAIN-2025-51 pid=2800703 baseline_merchants=236 log=/paperclip/instances/default/workspaces/3ec8f6dd-1735-4479-9825-a2c42edac34c/logs/buy30727_lane_cc_main_2025_51.log
[buy30727] 2026-06-05T20:11:45.795Z spawned CC-MAIN-2025-43 pid=2800745 baseline_merchants=88 log=/paperclip/instances/default/workspaces/3ec8f6dd-1735-4479-9825-a2c42edac34c/logs/buy30727_lane_cc_main_2025_43.log
[buy30727] 2026-06-05T20:11:47.323Z spawned CC-MAIN-2025-38 pid=2800843 baseline_merchants=28 log=/paperclip/instances/default/workspaces/3ec8f6dd-1735-4479-9825-a2c42edac34c/logs/buy30727_lane_cc_main_2025_38.log
[buy30727] 2026-06-05T20:12:18.856Z worker CC-MAIN-2025-05 pid=2800235 saturated#165(elapsed=38s new_merchants=0 remaining=625 cooldown=240m)
[buy30727] 2026-06-05T20:12:18.872Z worker CC-MAIN-2025-47 pid=2800426 saturated#165(elapsed=36s new_merchants=0 remaining=2294 cooldown=240m)
[buy30727] 2026-06-05T20:12:18.885Z worker CC-MAIN-2025-51 pid=2800703 saturated#165(elapsed=35s new_merchants=0 remaining=2895 cooldown=240m)
[buy30727] 2026-06-05T20:12:18.901Z worker CC-MAIN-2025-43 pid=2800745 saturated#165(elapsed=33s new_merchants=0 remaining=1897 cooldown=240m)
[buy30727] 2026-06-05T20:12:18.925Z worker CC-MAIN-2025-38 pid=2800843 saturated#165(elapsed=32s new_merchants=0 remaining=1980 cooldown=240m)
[buy30727] 2026-06-05T20:12:18.929Z spawned CC-MAIN-2025-33 pid=2801724 baseline_merchants=13 log=/paperclip/instances/default/workspaces/3ec8f6dd-1735-4479-9825-a2c42edac34c/logs/buy30727_lane_cc_main_2025_33.log
[buy30727] 2026-06-05T20:12:20.447Z spawned CC-MAIN-2025-30 pid=2801761 baseline_merchants=136 log=/paperclip/instances/default/workspaces/3ec8f6dd-1735-4479-9825-a2c42edac34c/logs/buy30727_lane_cc_main_2025_30.log
[buy30727] 2026-06-05T20:12:21.968Z spawned CC-MAIN-2025-26 pid=2801792 baseline_merchants=18 log=/paperclip/instances/default/workspaces/3ec8f6dd-1735-4479-9825-a2c42edac34c/logs/buy30727_lane_cc_main_2025_26.log
[buy30727] 2026-06-05T20:12:23.478Z spawned CC-MAIN-2025-08 pid=2801851 baseline_merchants=7 log=/paperclip/instances/default/workspaces/3ec8f6dd-1735-4479-9825-a2c42edac34c/logs/buy30727_lane_cc_main_2025_08.log
[buy30727] 2026-06-05T20:12:24.987Z spawned CC-MAIN-2024-51 pid=2801884 baseline_merchants=427 log=/paperclip/instances/default/workspaces/3ec8f6dd-1735-4479-9825-a2c42edac34c/logs/buy30727_lane_cc_main_2024_51.log
[buy30727] 2026-06-05T20:12:56.533Z worker CC-MAIN-2025-33 pid=2801724 saturated#165(elapsed=38s new_merchants=0 remaining=2151 cooldown=240m)
[buy30727] 2026-06-05T20:12:56.557Z worker CC-MAIN-2025-30 pid=2801761 saturated#165(elapsed=36s new_merchants=0 remaining=2171 cooldown=240m)
[buy30727] 2026-06-05T20:12:56.562Z worker CC-MAIN-2025-26 pid=2801792 saturated#165(elapsed=35s new_merchants=0 remaining=744 cooldown=240m)
[buy30727] 2026-06-05T20:12:56.567Z worker CC-MAIN-2025-08 pid=2801851 saturated#165(elapsed=33s new_merchants=0 remaining=695 cooldown=240m)
[buy30727] 2026-06-05T20:12:56.588Z worker CC-MAIN-2024-51 pid=2801884 saturated#165(elapsed=32s new_merchants=0 remaining=1545 cooldown=240m)
[buy30727] 2026-06-05T20:12:56.591Z spawned CC-MAIN-2024-46 pid=2802478 baseline_merchants=92 log=/paperclip/instances/default/workspaces/3ec8f6dd-1735-4479-9825-a2c42edac34c/logs/buy30727_lane_cc_main_2024_46.log
[buy30727] 2026-06-05T20:12:58.122Z spawned CC-MAIN-2024-42 pid=2802565 baseline_merchants=91 log=/paperclip/instances/default/workspaces/3ec8f6dd-1735-4479-9825-a2c42edac34c/logs/buy30727_lane_cc_main_2024_42.log
[buy30727] 2026-06-05T20:12:59.640Z spawned CC-MAIN-2024-38 pid=2802599 baseline_merchants=36 log=/paperclip/instances/default/workspaces/3ec8f6dd-1735-4479-9825-a2c42edac34c/logs/buy30727_lane_cc_main_2024_38.log
[buy30727] 2026-06-05T20:13:01.151Z spawned CC-MAIN-2024-33 pid=2802686 baseline_merchants=88 log=/paperclip/instances/default/workspaces/3ec8f6dd-1735-4479-9825-a2c42edac34c/logs/buy30727_lane_cc_main_2024_33.log
[buy30727] 2026-06-05T20:13:02.662Z spawned CC-MAIN-2024-30 pid=2802719 baseline_merchants=17 log=/paperclip/instances/default/workspaces/3ec8f6dd-1735-4479-9825-a2c42edac34c/logs/buy30727_lane_cc_main_2024_30.log
[buy30727] 2026-06-05T20:13:34.226Z worker CC-MAIN-2024-46 pid=2802478 saturated#165(elapsed=38s new_merchants=0 remaining=1592 cooldown=240m)
[buy30727] 2026-06-05T20:13:34.257Z worker CC-MAIN-2024-42 pid=2802565 saturated#165(elapsed=36s new_merchants=0 remaining=1420 cooldown=240m)
[buy30727] 2026-06-05T20:13:34.264Z worker CC-MAIN-2024-38 pid=2802599 saturated#165(elapsed=35s new_merchants=0 remaining=581 cooldown=240m)
[buy30727] 2026-06-05T20:13:34.269Z worker CC-MAIN-2024-33 pid=2802686 saturated#165(elapsed=33s new_merchants=0 remaining=508 cooldown=240m)
[buy30727] 2026-06-05T20:13:34.276Z worker CC-MAIN-2024-30 pid=2802719 saturated#165(elapsed=32s new_merchants=0 remaining=424 cooldown=240m)
[buy30727] 2026-06-05T20:13:34.279Z spawned CC-MAIN-2024-26 pid=2803251 baseline_merchants=7 log=/paperclip/instances/default/workspaces/3ec8f6dd-1735-4479-9825-a2c42edac34c/logs/buy30727_lane_cc_main_2024_26.log
[buy30727] 2026-06-05T20:13:35.787Z spawned CC-MAIN-2024-22 pid=2803283 baseline_merchants=13 log=/paperclip/instances/default/workspaces/3ec8f6dd-1735-4479-9825-a2c42edac34c/logs/buy30727_lane_cc_main_2024_22.log
[buy30727] 2026-06-05T20:13:37.305Z spawned CC-MAIN-2024-18 pid=2803321 baseline_merchants=62 log=/paperclip/instances/default/workspaces/3ec8f6dd-1735-4479-9825-a2c42edac34c/logs/buy30727_lane_cc_main_2024_18.log
[buy30727] 2026-06-05T20:13:38.827Z spawned CC-MAIN-2024-10 pid=2803354 baseline_merchants=4 log=/paperclip/instances/default/workspaces/3ec8f6dd-1735-4479-9825-a2c42edac34c/logs/buy30727_lane_cc_main_2024_10.log
[buy30727] 2026-06-05T20:13:40.341Z spawned CC-MAIN-2023-50 pid=2803389 baseline_merchants=4 log=/paperclip/instances/default/workspaces/3ec8f6dd-1735-4479-9825-a2c42edac34c/logs/buy30727_lane_cc_main_2023_50.log
[buy30727] 2026-06-05T20:14:11.853Z worker CC-MAIN-2024-26 pid=2803251 saturated#165(elapsed=38s new_merchants=0 remaining=401 cooldown=240m)
[buy30727] 2026-06-05T20:14:11.869Z worker CC-MAIN-2024-22 pid=2803283 saturated#165(elapsed=36s new_merchants=0 remaining=868 cooldown=240m)
[buy30727] 2026-06-05T20:14:11.892Z worker CC-MAIN-2024-18 pid=2803321 saturated#165(elapsed=35s new_merchants=0 remaining=1033 cooldown=240m)
[buy30727] 2026-06-05T20:14:11.905Z worker CC-MAIN-2024-10 pid=2803354 saturated#165(elapsed=33s new_merchants=0 remaining=794 cooldown=240m)
[buy30727] 2026-06-05T20:14:11.914Z worker CC-MAIN-2023-50 pid=2803389 saturated#165(elapsed=32s new_merchants=0 remaining=378 cooldown=240m)
[buy30727] 2026-06-05T20:14:11.917Z spawned CC-MAIN-2023-14 pid=2803963 baseline_merchants=53 log=/paperclip/instances/default/workspaces/3ec8f6dd-1735-4479-9825-a2c42edac34c/logs/buy30727_lane_cc_main_2023_14.log
[buy30727] 2026-06-05T20:14:13.425Z spawned CC-MAIN-2023-06 pid=2803998 baseline_merchants=45 log=/paperclip/instances/default/workspaces/3ec8f6dd-1735-4479-9825-a2c42edac34c/logs/buy30727_lane_cc_main_2023_06.log
[buy30727] 2026-06-05T20:14:14.938Z spawned CC-MAIN-2022-49 pid=2804032 baseline_merchants=5 log=/paperclip/instances/default/workspaces/3ec8f6dd-1735-4479-9825-a2c42edac34c/logs/buy30727_lane_cc_main_2022_49.log
[buy30727] 2026-06-05T20:14:16.451Z spawned CC-MAIN-2022-40 pid=2804063 baseline_merchants=3 log=/paperclip/instances/default/workspaces/3ec8f6dd-1735-4479-9825-a2c42edac34c/logs/buy30727_lane_cc_main_2022_40.log
[buy30727] 2026-06-05T20:14:17.960Z spawned CC-MAIN-2026-21 pid=2804100 baseline_merchants=853 log=/paperclip/instances/default/workspaces/3ec8f6dd-1735-4479-9825-a2c42edac34c/logs/buy30727_lane_cc_main_2026_21.log
[buy30727] 2026-06-05T20:14:19.483Z tick=160 active=5 drained=20 saturated=27 known_merchants=15704 status=[CC-MAIN-2023-14:248/11465, CC-MAIN-2023-06:318/15760, CC-MAIN-2022-49:323/15977, CC-MAIN-2022-40:295/15515, CC-MAIN-2026-21:862/10577]
[buy30727] 2026-06-05T20:14:49.487Z worker CC-MAIN-2023-14 pid=2803963 saturated#165(elapsed=38s new_merchants=0 remaining=248 cooldown=240m)
[buy30727] 2026-06-05T20:14:49.491Z worker CC-MAIN-2023-06 pid=2803998 saturated#165(elapsed=36s new_merchants=0 remaining=318 cooldown=240m)
[buy30727] 2026-06-05T20:14:49.495Z worker CC-MAIN-2022-49 pid=2804032 saturated#165(elapsed=35s new_merchants=0 remaining=323 cooldown=240m)
[buy30727] 2026-06-05T20:14:49.499Z worker CC-MAIN-2022-40 pid=2804063 saturated#165(elapsed=33s new_merchants=0 remaining=295 cooldown=240m)
[buy30727] 2026-06-05T20:14:49.501Z worker CC-MAIN-2026-21 pid=2804100 saturated#165(elapsed=32s new_merchants=0 remaining=862 cooldown=240m)
[buy30727] 2026-06-05T20:14:49.505Z spawned CC-MAIN-2026-17 pid=2804603 baseline_merchants=7 log=/paperclip/instances/default/workspaces/3ec8f6dd-1735-4479-9825-a2c42edac34c/logs/buy30727_lane_cc_main_2026_17.log
[buy30727] 2026-06-05T20:14:51.027Z spawned CC-MAIN-2025-18 pid=2804636 baseline_merchants=72 log=/paperclip/instances/default/workspaces/3ec8f6dd-1735-4479-9825-a2c42edac34c/logs/buy30727_lane_cc_main_2025_18.log
[buy30727] 2026-06-05T20:14:52.560Z spawned CC-MAIN-2025-05 pid=2804671 baseline_merchants=7 log=/paperclip/instances/default/workspaces/3ec8f6dd-1735-4479-9825-a2c42edac34c/logs/buy30727_lane_cc_main_2025_05.log
[buy30727] 2026-06-05T20:14:54.069Z spawned CC-MAIN-2025-47 pid=2804705 baseline_merchants=1421 log=/paperclip/instances/default/workspaces/3ec8f6dd-1735-4479-9825-a2c42edac34c/logs/buy30727_lane_cc_main_2025_47.log
[buy30727] 2026-06-05T20:14:55.595Z spawned CC-MAIN-2025-51 pid=2804728 baseline_merchants=236 log=/paperclip/instances/default/workspaces/3ec8f6dd-1735-4479-9825-a2c42edac34c/logs/buy30727_lane_cc_main_2025_51.log
[buy30727] 2026-06-05T20:15:27.149Z worker CC-MAIN-2026-17 pid=2804603 saturated#166(elapsed=38s new_merchants=0 remaining=3255 cooldown=240m)
[buy30727] 2026-06-05T20:15:27.168Z worker CC-MAIN-2025-18 pid=2804636 saturated#166(elapsed=36s new_merchants=0 remaining=2382 cooldown=240m)
[buy30727] 2026-06-05T20:15:27.173Z worker CC-MAIN-2025-05 pid=2804671 saturated#166(elapsed=35s new_merchants=0 remaining=625 cooldown=240m)
[buy30727] 2026-06-05T20:15:27.189Z worker CC-MAIN-2025-47 pid=2804705 saturated#166(elapsed=33s new_merchants=0 remaining=2294 cooldown=240m)
[buy30727] 2026-06-05T20:15:27.206Z worker CC-MAIN-2025-51 pid=2804728 saturated#166(elapsed=32s new_merchants=0 remaining=2895 cooldown=240m)
[buy30727] 2026-06-05T20:15:27.210Z spawned CC-MAIN-2025-43 pid=2805486 baseline_merchants=88 log=/paperclip/instances/default/workspaces/3ec8f6dd-1735-4479-9825-a2c42edac34c/logs/buy30727_lane_cc_main_2025_43.log
[buy30727] 2026-06-05T20:15:28.737Z spawned CC-MAIN-2025-38 pid=2805536 baseline_merchants=28 log=/paperclip/instances/default/workspaces/3ec8f6dd-1735-4479-9825-a2c42edac34c/logs/buy30727_lane_cc_main_2025_38.log
[buy30727] 2026-06-05T20:15:30.265Z spawned CC-MAIN-2025-33 pid=2805574 baseline_merchants=13 log=/paperclip/instances/default/workspaces/3ec8f6dd-1735-4479-9825-a2c42edac34c/logs/buy30727_lane_cc_main_2025_33.log
[buy30727] 2026-06-05T20:15:31.790Z spawned CC-MAIN-2025-30 pid=2805609 baseline_merchants=136 log=/paperclip/instances/default/workspaces/3ec8f6dd-1735-4479-9825-a2c42edac34c/logs/buy30727_lane_cc_main_2025_30.log
[buy30727] 2026-06-05T20:15:33.307Z spawned CC-MAIN-2025-26 pid=2805638 baseline_merchants=18 log=/paperclip/instances/default/workspaces/3ec8f6dd-1735-4479-9825-a2c42edac34c/logs/buy30727_lane_cc_main_2025_26.log
[buy30727] 2026-06-05T20:16:04.859Z worker CC-MAIN-2025-43 pid=2805486 saturated#166(elapsed=38s new_merchants=0 remaining=1897 cooldown=240m)
[buy30727] 2026-06-05T20:16:04.884Z worker CC-MAIN-2025-38 pid=2805536 saturated#166(elapsed=36s new_merchants=0 remaining=1980 cooldown=240m)
[buy30727] 2026-06-05T20:16:04.910Z worker CC-MAIN-2025-33 pid=2805574 saturated#166(elapsed=35s new_merchants=0 remaining=2151 cooldown=240m)
[buy30727] 2026-06-05T20:16:04.930Z worker CC-MAIN-2025-30 pid=2805609 saturated#166(elapsed=33s new_merchants=0 remaining=2171 cooldown=240m)
[buy30727] 2026-06-05T20:16:04.934Z worker CC-MAIN-2025-26 pid=2805638 saturated#166(elapsed=32s new_merchants=0 remaining=744 cooldown=240m)
[buy30727] 2026-06-05T20:16:04.938Z spawned CC-MAIN-2025-08 pid=2806393 baseline_merchants=7 log=/paperclip/instances/default/workspaces/3ec8f6dd-1735-4479-9825-a2c42edac34c/logs/buy30727_lane_cc_main_2025_08.log
[buy30727] 2026-06-05T20:16:06.446Z spawned CC-MAIN-2024-51 pid=2806461 baseline_merchants=427 log=/paperclip/instances/default/workspaces/3ec8f6dd-1735-4479-9825-a2c42edac34c/logs/buy30727_lane_cc_main_2024_51.log
[buy30727] 2026-06-05T20:16:07.965Z spawned CC-MAIN-2024-46 pid=2806492 baseline_merchants=92 log=/paperclip/instances/default/workspaces/3ec8f6dd-1735-4479-9825-a2c42edac34c/logs/buy30727_lane_cc_main_2024_46.log
[buy30727] 2026-06-05T20:16:09.489Z spawned CC-MAIN-2024-42 pid=2806558 baseline_merchants=91 log=/paperclip/instances/default/workspaces/3ec8f6dd-1735-4479-9825-a2c42edac34c/logs/buy30727_lane_cc_main_2024_42.log
[buy30727] 2026-06-05T20:16:11.012Z spawned CC-MAIN-2024-38 pid=2806583 baseline_merchants=36 log=/paperclip/instances/default/workspaces/3ec8f6dd-1735-4479-9825-a2c42edac34c/logs/buy30727_lane_cc_main_2024_38.log
[buy30727] 2026-06-05T20:16:42.566Z worker CC-MAIN-2025-08 pid=2806393 saturated#166(elapsed=38s new_merchants=0 remaining=695 cooldown=240m)
[buy30727] 2026-06-05T20:16:42.592Z worker CC-MAIN-2024-51 pid=2806461 saturated#166(elapsed=36s new_merchants=0 remaining=1545 cooldown=240m)
[buy30727] 2026-06-05T20:16:42.641Z worker CC-MAIN-2024-46 pid=2806492 saturated#166(elapsed=35s new_merchants=0 remaining=1592 cooldown=240m)
[buy30727] 2026-06-05T20:16:42.675Z worker CC-MAIN-2024-42 pid=2806558 saturated#166(elapsed=33s new_merchants=0 remaining=1420 cooldown=240m)
[buy30727] 2026-06-05T20:16:42.681Z worker CC-MAIN-2024-38 pid=2806583 saturated#166(elapsed=32s new_merchants=0 remaining=581 cooldown=240m)
[buy30727] 2026-06-05T20:16:42.685Z spawned CC-MAIN-2024-33 pid=2808195 baseline_merchants=88 log=/paperclip/instances/default/workspaces/3ec8f6dd-1735-4479-9825-a2c42edac34c/logs/buy30727_lane_cc_main_2024_33.log
[buy30727] 2026-06-05T20:16:44.203Z spawned CC-MAIN-2024-30 pid=2808294 baseline_merchants=17 log=/paperclip/instances/default/workspaces/3ec8f6dd-1735-4479-9825-a2c42edac34c/logs/buy30727_lane_cc_main_2024_30.log
[buy30727] 2026-06-05T20:16:45.713Z spawned CC-MAIN-2024-26 pid=2808389 baseline_merchants=7 log=/paperclip/instances/default/workspaces/3ec8f6dd-1735-4479-9825-a2c42edac34c/logs/buy30727_lane_cc_main_2024_26.log
[buy30727] 2026-06-05T20:16:47.224Z spawned CC-MAIN-2024-22 pid=2808492 baseline_merchants=13 log=/paperclip/instances/default/workspaces/3ec8f6dd-1735-4479-9825-a2c42edac34c/logs/buy30727_lane_cc_main_2024_22.log
[buy30727] 2026-06-05T20:16:48.746Z spawned CC-MAIN-2024-18 pid=2808597 baseline_merchants=62 log=/paperclip/instances/default/workspaces/3ec8f6dd-1735-4479-9825-a2c42edac34c/logs/buy30727_lane_cc_main_2024_18.log
[buy30727] 2026-06-05T20:17:20.292Z worker CC-MAIN-2024-33 pid=2808195 saturated#166(elapsed=38s new_merchants=0 remaining=508 cooldown=240m)
[buy30727] 2026-06-05T20:17:20.297Z worker CC-MAIN-2024-30 pid=2808294 saturated#166(elapsed=36s new_merchants=0 remaining=424 cooldown=240m)
[buy30727] 2026-06-05T20:17:20.301Z worker CC-MAIN-2024-26 pid=2808389 saturated#166(elapsed=35s new_merchants=0 remaining=401 cooldown=240m)
[buy30727] 2026-06-05T20:17:20.315Z worker CC-MAIN-2024-22 pid=2808492 saturated#166(elapsed=33s new_merchants=0 remaining=868 cooldown=240m)
[buy30727] 2026-06-05T20:17:20.334Z worker CC-MAIN-2024-18 pid=2808597 saturated#166(elapsed=32s new_merchants=0 remaining=1033 cooldown=240m)
[buy30727] 2026-06-05T20:17:20.338Z spawned CC-MAIN-2024-10 pid=2810393 baseline_merchants=4 log=/paperclip/instances/default/workspaces/3ec8f6dd-1735-4479-9825-a2c42edac34c/logs/buy30727_lane_cc_main_2024_10.log
[buy30727] 2026-06-05T20:17:21.855Z spawned CC-MAIN-2023-50 pid=2810425 baseline_merchants=4 log=/paperclip/instances/default/workspaces/3ec8f6dd-1735-4479-9825-a2c42edac34c/logs/buy30727_lane_cc_main_2023_50.log
[buy30727] 2026-06-05T20:17:23.363Z spawned CC-MAIN-2023-14 pid=2810478 baseline_merchants=53 log=/paperclip/instances/default/workspaces/3ec8f6dd-1735-4479-9825-a2c42edac34c/logs/buy30727_lane_cc_main_2023_14.log
[buy30727] 2026-06-05T20:17:24.871Z spawned CC-MAIN-2023-06 pid=2810512 baseline_merchants=45 log=/paperclip/instances/default/workspaces/3ec8f6dd-1735-4479-9825-a2c42edac34c/logs/buy30727_lane_cc_main_2023_06.log
[buy30727] 2026-06-05T20:17:26.381Z spawned CC-MAIN-2022-49 pid=2810536 baseline_merchants=5 log=/paperclip/instances/default/workspaces/3ec8f6dd-1735-4479-9825-a2c42edac34c/logs/buy30727_lane_cc_main_2022_49.log
[buy30727] 2026-06-05T20:17:57.928Z worker CC-MAIN-2024-10 pid=2810393 saturated#166(elapsed=38s new_merchants=0 remaining=794 cooldown=240m)
[buy30727] 2026-06-05T20:17:57.932Z worker CC-MAIN-2023-50 pid=2810425 saturated#166(elapsed=36s new_merchants=0 remaining=378 cooldown=240m)
[buy30727] 2026-06-05T20:17:57.935Z worker CC-MAIN-2023-14 pid=2810478 saturated#166(elapsed=35s new_merchants=0 remaining=248 cooldown=240m)
[buy30727] 2026-06-05T20:17:57.938Z worker CC-MAIN-2023-06 pid=2810512 saturated#166(elapsed=33s new_merchants=0 remaining=318 cooldown=240m)
[buy30727] 2026-06-05T20:17:57.945Z worker CC-MAIN-2022-49 pid=2810536 saturated#166(elapsed=32s new_merchants=0 remaining=323 cooldown=240m)
[buy30727] 2026-06-05T20:17:57.949Z spawned CC-MAIN-2022-40 pid=2811064 baseline_merchants=3 log=/paperclip/instances/default/workspaces/3ec8f6dd-1735-4479-9825-a2c42edac34c/logs/buy30727_lane_cc_main_2022_40.log
[buy30727] 2026-06-05T20:17:59.460Z spawned CC-MAIN-2026-21 pid=2811101 baseline_merchants=853 log=/paperclip/instances/default/workspaces/3ec8f6dd-1735-4479-9825-a2c42edac34c/logs/buy30727_lane_cc_main_2026_21.log
[buy30727] 2026-06-05T20:18:00.968Z spawned CC-MAIN-2026-17 pid=2811147 baseline_merchants=7 log=/paperclip/instances/default/workspaces/3ec8f6dd-1735-4479-9825-a2c42edac34c/logs/buy30727_lane_cc_main_2026_17.log
[buy30727] 2026-06-05T20:18:02.491Z spawned CC-MAIN-2025-18 pid=2811216 baseline_merchants=72 log=/paperclip/instances/default/workspaces/3ec8f6dd-1735-4479-9825-a2c42edac34c/logs/buy30727_lane_cc_main_2025_18.log
[buy30727] 2026-06-05T20:18:04.017Z spawned CC-MAIN-2025-05 pid=2811261 baseline_merchants=7 log=/paperclip/instances/default/workspaces/3ec8f6dd-1735-4479-9825-a2c42edac34c/logs/buy30727_lane_cc_main_2025_05.log
[buy30727] 2026-06-05T20:18:35.528Z worker CC-MAIN-2022-40 pid=2811064 saturated#166(elapsed=38s new_merchants=0 remaining=295 cooldown=240m)
[buy30727] 2026-06-05T20:18:35.530Z worker CC-MAIN-2026-21 pid=2811101 saturated#166(elapsed=36s new_merchants=0 remaining=862 cooldown=240m)
[buy30727] 2026-06-05T20:18:35.540Z worker CC-MAIN-2026-17 pid=2811147 saturated#167(elapsed=35s new_merchants=0 remaining=3255 cooldown=240m)
[buy30727] 2026-06-05T20:18:35.560Z worker CC-MAIN-2025-18 pid=2811216 saturated#167(elapsed=33s new_merchants=0 remaining=2382 cooldown=240m)
[buy30727] 2026-06-05T20:18:35.566Z worker CC-MAIN-2025-05 pid=2811261 saturated#167(elapsed=32s new_merchants=0 remaining=625 cooldown=240m)
[buy30727] 2026-06-05T20:18:35.570Z spawned CC-MAIN-2025-47 pid=2811813 baseline_merchants=1421 log=/paperclip/instances/default/workspaces/3ec8f6dd-1735-4479-9825-a2c42edac34c/logs/buy30727_lane_cc_main_2025_47.log
[buy30727] 2026-06-05T20:18:37.094Z spawned CC-MAIN-2025-51 pid=2811845 baseline_merchants=236 log=/paperclip/instances/default/workspaces/3ec8f6dd-1735-4479-9825-a2c42edac34c/logs/buy30727_lane_cc_main_2025_51.log
[buy30727] 2026-06-05T20:18:38.614Z spawned CC-MAIN-2025-43 pid=2811894 baseline_merchants=88 log=/paperclip/instances/default/workspaces/3ec8f6dd-1735-4479-9825-a2c42edac34c/logs/buy30727_lane_cc_main_2025_43.log
[buy30727] 2026-06-05T20:18:40.147Z spawned CC-MAIN-2025-38 pid=2811926 baseline_merchants=28 log=/paperclip/instances/default/workspaces/3ec8f6dd-1735-4479-9825-a2c42edac34c/logs/buy30727_lane_cc_main_2025_38.log
[buy30727] 2026-06-05T20:18:41.665Z spawned CC-MAIN-2025-33 pid=2811949 baseline_merchants=13 log=/paperclip/instances/default/workspaces/3ec8f6dd-1735-4479-9825-a2c42edac34c/logs/buy30727_lane_cc_main_2025_33.log
[buy30727] 2026-06-05T20:19:13.227Z worker CC-MAIN-2025-47 pid=2811813 saturated#167(elapsed=38s new_merchants=0 remaining=2294 cooldown=240m)
[buy30727] 2026-06-05T20:19:13.241Z worker CC-MAIN-2025-51 pid=2811845 saturated#167(elapsed=36s new_merchants=0 remaining=2895 cooldown=240m)
[buy30727] 2026-06-05T20:19:13.254Z worker CC-MAIN-2025-43 pid=2811894 saturated#167(elapsed=35s new_merchants=0 remaining=1897 cooldown=240m)
[buy30727] 2026-06-05T20:19:13.265Z worker CC-MAIN-2025-38 pid=2811926 saturated#167(elapsed=33s new_merchants=0 remaining=1980 cooldown=240m)
[buy30727] 2026-06-05T20:19:13.281Z worker CC-MAIN-2025-33 pid=2811949 saturated#167(elapsed=32s new_merchants=0 remaining=2151 cooldown=240m)
[buy30727] 2026-06-05T20:19:13.285Z spawned CC-MAIN-2025-30 pid=2813193 baseline_merchants=136 log=/paperclip/instances/default/workspaces/3ec8f6dd-1735-4479-9825-a2c42edac34c/logs/buy30727_lane_cc_main_2025_30.log
[buy30727] 2026-06-05T20:19:14.810Z spawned CC-MAIN-2025-26 pid=2813255 baseline_merchants=18 log=/paperclip/instances/default/workspaces/3ec8f6dd-1735-4479-9825-a2c42edac34c/logs/buy30727_lane_cc_main_2025_26.log
[buy30727] 2026-06-05T20:19:16.322Z spawned CC-MAIN-2025-08 pid=2813348 baseline_merchants=7 log=/paperclip/instances/default/workspaces/3ec8f6dd-1735-4479-9825-a2c42edac34c/logs/buy30727_lane_cc_main_2025_08.log
[buy30727] 2026-06-05T20:19:17.834Z spawned CC-MAIN-2024-51 pid=2813429 baseline_merchants=427 log=/paperclip/instances/default/workspaces/3ec8f6dd-1735-4479-9825-a2c42edac34c/logs/buy30727_lane_cc_main_2024_51.log
[buy30727] 2026-06-05T20:19:19.354Z spawned CC-MAIN-2024-46 pid=2813537 baseline_merchants=92 log=/paperclip/instances/default/workspaces/3ec8f6dd-1735-4479-9825-a2c42edac34c/logs/buy30727_lane_cc_main_2024_46.log
[buy30727] 2026-06-05T20:19:50.920Z worker CC-MAIN-2025-30 pid=2813193 saturated#167(elapsed=38s new_merchants=0 remaining=2171 cooldown=240m)
[buy30727] 2026-06-05T20:19:50.923Z worker CC-MAIN-2025-26 pid=2813255 saturated#167(elapsed=36s new_merchants=0 remaining=744 cooldown=240m)
[buy30727] 2026-06-05T20:19:50.927Z worker CC-MAIN-2025-08 pid=2813348 saturated#167(elapsed=35s new_merchants=0 remaining=695 cooldown=240m)
[buy30727] 2026-06-05T20:19:50.939Z worker CC-MAIN-2024-51 pid=2813429 saturated#167(elapsed=33s new_merchants=0 remaining=1545 cooldown=240m)
[buy30727] 2026-06-05T20:19:50.957Z worker CC-MAIN-2024-46 pid=2813537 saturated#167(elapsed=32s new_merchants=0 remaining=1592 cooldown=240m)
[buy30727] 2026-06-05T20:19:50.961Z spawned CC-MAIN-2024-42 pid=2814196 baseline_merchants=91 log=/paperclip/instances/default/workspaces/3ec8f6dd-1735-4479-9825-a2c42edac34c/logs/buy30727_lane_cc_main_2024_42.log
[buy30727] 2026-06-05T20:19:52.486Z spawned CC-MAIN-2024-38 pid=2814238 baseline_merchants=36 log=/paperclip/instances/default/workspaces/3ec8f6dd-1735-4479-9825-a2c42edac34c/logs/buy30727_lane_cc_main_2024_38.log
[buy30727] 2026-06-05T20:19:53.997Z spawned CC-MAIN-2024-33 pid=2814270 baseline_merchants=88 log=/paperclip/instances/default/workspaces/3ec8f6dd-1735-4479-9825-a2c42edac34c/logs/buy30727_lane_cc_main_2024_33.log
[buy30727] 2026-06-05T20:19:55.508Z spawned CC-MAIN-2024-30 pid=2814300 baseline_merchants=17 log=/paperclip/instances/default/workspaces/3ec8f6dd-1735-4479-9825-a2c42edac34c/logs/buy30727_lane_cc_main_2024_30.log
[buy30727] 2026-06-05T20:19:57.016Z spawned CC-MAIN-2024-26 pid=2814332 baseline_merchants=7 log=/paperclip/instances/default/workspaces/3ec8f6dd-1735-4479-9825-a2c42edac34c/logs/buy30727_lane_cc_main_2024_26.log
[buy30727] 2026-06-05T20:20:28.557Z worker CC-MAIN-2024-42 pid=2814196 saturated#167(elapsed=38s new_merchants=0 remaining=1420 cooldown=240m)
[buy30727] 2026-06-05T20:20:28.562Z worker CC-MAIN-2024-38 pid=2814238 saturated#167(elapsed=36s new_merchants=0 remaining=581 cooldown=240m)
[buy30727] 2026-06-05T20:20:28.566Z worker CC-MAIN-2024-33 pid=2814270 saturated#167(elapsed=35s new_merchants=0 remaining=508 cooldown=240m)
[buy30727] 2026-06-05T20:20:28.569Z worker CC-MAIN-2024-30 pid=2814300 saturated#167(elapsed=33s new_merchants=0 remaining=424 cooldown=240m)
[buy30727] 2026-06-05T20:20:28.575Z worker CC-MAIN-2024-26 pid=2814332 saturated#167(elapsed=32s new_merchants=0 remaining=401 cooldown=240m)
[buy30727] 2026-06-05T20:20:28.578Z spawned CC-MAIN-2024-22 pid=2815132 baseline_merchants=13 log=/paperclip/instances/default/workspaces/3ec8f6dd-1735-4479-9825-a2c42edac34c/logs/buy30727_lane_cc_main_2024_22.log
[buy30727] 2026-06-05T20:20:30.097Z spawned CC-MAIN-2024-18 pid=2815168 baseline_merchants=62 log=/paperclip/instances/default/workspaces/3ec8f6dd-1735-4479-9825-a2c42edac34c/logs/buy30727_lane_cc_main_2024_18.log
[buy30727] 2026-06-05T20:20:31.628Z spawned CC-MAIN-2024-10 pid=2815203 baseline_merchants=4 log=/paperclip/instances/default/workspaces/3ec8f6dd-1735-4479-9825-a2c42edac34c/logs/buy30727_lane_cc_main_2024_10.log
[buy30727] 2026-06-05T20:20:33.148Z spawned CC-MAIN-2023-50 pid=2815232 baseline_merchants=4 log=/paperclip/instances/default/workspaces/3ec8f6dd-1735-4479-9825-a2c42edac34c/logs/buy30727_lane_cc_main_2023_50.log
[buy30727] 2026-06-05T20:20:34.657Z spawned CC-MAIN-2023-14 pid=2815259 baseline_merchants=53 log=/paperclip/instances/default/workspaces/3ec8f6dd-1735-4479-9825-a2c42edac34c/logs/buy30727_lane_cc_main_2023_14.log
[buy30727] 2026-06-05T20:20:36.212Z tick=170 active=5 drained=20 saturated=27 known_merchants=15704 status=[CC-MAIN-2024-22:868/34722, CC-MAIN-2024-18:1033/47884, CC-MAIN-2024-10:794/32287, CC-MAIN-2023-50:378/14186, CC-MAIN-2023-14:248/11465]
[buy30727] 2026-06-05T20:21:06.249Z worker CC-MAIN-2024-22 pid=2815132 saturated#167(elapsed=38s new_merchants=0 remaining=868 cooldown=240m)
[buy30727] 2026-06-05T20:21:06.286Z worker CC-MAIN-2024-18 pid=2815168 saturated#167(elapsed=36s new_merchants=0 remaining=1033 cooldown=240m)
[buy30727] 2026-06-05T20:21:06.302Z worker CC-MAIN-2024-10 pid=2815203 saturated#167(elapsed=35s new_merchants=0 remaining=794 cooldown=240m)
[buy30727] 2026-06-05T20:21:06.307Z worker CC-MAIN-2023-50 pid=2815232 saturated#167(elapsed=33s new_merchants=0 remaining=378 cooldown=240m)
[buy30727] 2026-06-05T20:21:06.313Z worker CC-MAIN-2023-14 pid=2815259 saturated#167(elapsed=32s new_merchants=0 remaining=248 cooldown=240m)
[buy30727] 2026-06-05T20:21:06.317Z spawned CC-MAIN-2023-06 pid=2816349 baseline_merchants=45 log=/paperclip/instances/default/workspaces/3ec8f6dd-1735-4479-9825-a2c42edac34c/logs/buy30727_lane_cc_main_2023_06.log
[buy30727] 2026-06-05T20:21:07.827Z spawned CC-MAIN-2022-49 pid=2816423 baseline_merchants=5 log=/paperclip/instances/default/workspaces/3ec8f6dd-1735-4479-9825-a2c42edac34c/logs/buy30727_lane_cc_main_2022_49.log
[buy30727] 2026-06-05T20:21:09.343Z spawned CC-MAIN-2022-40 pid=2816461 baseline_merchants=3 log=/paperclip/instances/default/workspaces/3ec8f6dd-1735-4479-9825-a2c42edac34c/logs/buy30727_lane_cc_main_2022_40.log
[buy30727] 2026-06-05T20:21:10.862Z spawned CC-MAIN-2026-21 pid=2816516 baseline_merchants=853 log=/paperclip/instances/default/workspaces/3ec8f6dd-1735-4479-9825-a2c42edac34c/logs/buy30727_lane_cc_main_2026_21.log
[buy30727] 2026-06-05T20:21:12.375Z spawned CC-MAIN-2026-17 pid=2816549 baseline_merchants=7 log=/paperclip/instances/default/workspaces/3ec8f6dd-1735-4479-9825-a2c42edac34c/logs/buy30727_lane_cc_main_2026_17.log
[buy30727] 2026-06-05T20:21:43.936Z worker CC-MAIN-2023-06 pid=2816349 saturated#167(elapsed=38s new_merchants=0 remaining=318 cooldown=240m)
[buy30727] 2026-06-05T20:21:43.941Z worker CC-MAIN-2022-49 pid=2816423 saturated#167(elapsed=36s new_merchants=0 remaining=323 cooldown=240m)
[buy30727] 2026-06-05T20:21:43.946Z worker CC-MAIN-2022-40 pid=2816461 saturated#167(elapsed=35s new_merchants=0 remaining=295 cooldown=240m)
[buy30727] 2026-06-05T20:21:43.949Z worker CC-MAIN-2026-21 pid=2816516 saturated#167(elapsed=33s new_merchants=0 remaining=862 cooldown=240m)
[buy30727] 2026-06-05T20:21:43.964Z worker CC-MAIN-2026-17 pid=2816549 saturated#168(elapsed=32s new_merchants=0 remaining=3255 cooldown=240m)
[buy30727] 2026-06-05T20:21:43.967Z spawned CC-MAIN-2025-18 pid=2818341 baseline_merchants=72 log=/paperclip/instances/default/workspaces/3ec8f6dd-1735-4479-9825-a2c42edac34c/logs/buy30727_lane_cc_main_2025_18.log
[buy30727] 2026-06-05T20:21:45.496Z spawned CC-MAIN-2025-05 pid=2818449 baseline_merchants=7 log=/paperclip/instances/default/workspaces/3ec8f6dd-1735-4479-9825-a2c42edac34c/logs/buy30727_lane_cc_main_2025_05.log
[buy30727] 2026-06-05T20:21:47.005Z spawned CC-MAIN-2025-47 pid=2818538 baseline_merchants=1421 log=/paperclip/instances/default/workspaces/3ec8f6dd-1735-4479-9825-a2c42edac34c/logs/buy30727_lane_cc_main_2025_47.log
[buy30727] 2026-06-05T20:21:48.531Z spawned CC-MAIN-2025-51 pid=2818646 baseline_merchants=236 log=/paperclip/instances/default/workspaces/3ec8f6dd-1735-4479-9825-a2c42edac34c/logs/buy30727_lane_cc_main_2025_51.log
[buy30727] 2026-06-05T20:21:50.048Z spawned CC-MAIN-2025-43 pid=2818731 baseline_merchants=88 log=/paperclip/instances/default/workspaces/3ec8f6dd-1735-4479-9825-a2c42edac34c/logs/buy30727_lane_cc_main_2025_43.log
[buy30727] 2026-06-05T20:22:21.621Z worker CC-MAIN-2025-18 pid=2818341 saturated#168(elapsed=38s new_merchants=0 remaining=2382 cooldown=240m)
[buy30727] 2026-06-05T20:22:21.625Z worker CC-MAIN-2025-05 pid=2818449 saturated#168(elapsed=36s new_merchants=0 remaining=625 cooldown=240m)
[buy30727] 2026-06-05T20:22:21.650Z worker CC-MAIN-2025-47 pid=2818538 saturated#168(elapsed=35s new_merchants=0 remaining=2294 cooldown=240m)
[buy30727] 2026-06-05T20:22:21.670Z worker CC-MAIN-2025-51 pid=2818646 saturated#168(elapsed=33s new_merchants=0 remaining=2895 cooldown=240m)
[buy30727] 2026-06-05T20:22:21.714Z worker CC-MAIN-2025-43 pid=2818731 saturated#168(elapsed=32s new_merchants=0 remaining=1897 cooldown=240m)
[buy30727] 2026-06-05T20:22:21.719Z spawned CC-MAIN-2025-38 pid=2819771 baseline_merchants=28 log=/paperclip/instances/default/workspaces/3ec8f6dd-1735-4479-9825-a2c42edac34c/logs/buy30727_lane_cc_main_2025_38.log
[buy30727] 2026-06-05T20:22:23.245Z spawned CC-MAIN-2025-33 pid=2819814 baseline_merchants=13 log=/paperclip/instances/default/workspaces/3ec8f6dd-1735-4479-9825-a2c42edac34c/logs/buy30727_lane_cc_main_2025_33.log
[buy30727] 2026-06-05T20:22:24.763Z spawned CC-MAIN-2025-30 pid=2819861 baseline_merchants=136 log=/paperclip/instances/default/workspaces/3ec8f6dd-1735-4479-9825-a2c42edac34c/logs/buy30727_lane_cc_main_2025_30.log
[buy30727] 2026-06-05T20:22:26.287Z spawned CC-MAIN-2025-26 pid=2819894 baseline_merchants=18 log=/paperclip/instances/default/workspaces/3ec8f6dd-1735-4479-9825-a2c42edac34c/logs/buy30727_lane_cc_main_2025_26.log
[buy30727] 2026-06-05T20:22:27.798Z spawned CC-MAIN-2025-08 pid=2819920 baseline_merchants=7 log=/paperclip/instances/default/workspaces/3ec8f6dd-1735-4479-9825-a2c42edac34c/logs/buy30727_lane_cc_main_2025_08.log
[buy30727] 2026-06-05T20:22:59.371Z worker CC-MAIN-2025-38 pid=2819771 saturated#168(elapsed=38s new_merchants=0 remaining=1980 cooldown=240m)
[buy30727] 2026-06-05T20:22:59.397Z worker CC-MAIN-2025-33 pid=2819814 saturated#168(elapsed=36s new_merchants=0 remaining=2151 cooldown=240m)
[buy30727] 2026-06-05T20:22:59.422Z worker CC-MAIN-2025-30 pid=2819861 saturated#168(elapsed=35s new_merchants=0 remaining=2171 cooldown=240m)
[buy30727] 2026-06-05T20:22:59.426Z worker CC-MAIN-2025-26 pid=2819894 saturated#168(elapsed=33s new_merchants=0 remaining=744 cooldown=240m)
[buy30727] 2026-06-05T20:22:59.435Z worker CC-MAIN-2025-08 pid=2819920 saturated#168(elapsed=32s new_merchants=0 remaining=695 cooldown=240m)
[buy30727] 2026-06-05T20:22:59.439Z spawned CC-MAIN-2024-51 pid=2820479 baseline_merchants=427 log=/paperclip/instances/default/workspaces/3ec8f6dd-1735-4479-9825-a2c42edac34c/logs/buy30727_lane_cc_main_2024_51.log
[buy30727] 2026-06-05T20:23:00.956Z spawned CC-MAIN-2024-46 pid=2820534 baseline_merchants=92 log=/paperclip/instances/default/workspaces/3ec8f6dd-1735-4479-9825-a2c42edac34c/logs/buy30727_lane_cc_main_2024_46.log
[buy30727] 2026-06-05T20:23:02.483Z spawned CC-MAIN-2024-42 pid=2820608 baseline_merchants=91 log=/paperclip/instances/default/workspaces/3ec8f6dd-1735-4479-9825-a2c42edac34c/logs/buy30727_lane_cc_main_2024_42.log
[buy30727] 2026-06-05T20:23:04.004Z spawned CC-MAIN-2024-38 pid=2820638 baseline_merchants=36 log=/paperclip/instances/default/workspaces/3ec8f6dd-1735-4479-9825-a2c42edac34c/logs/buy30727_lane_cc_main_2024_38.log
[buy30727] 2026-06-05T20:23:05.517Z spawned CC-MAIN-2024-33 pid=2820683 baseline_merchants=88 log=/paperclip/instances/default/workspaces/3ec8f6dd-1735-4479-9825-a2c42edac34c/logs/buy30727_lane_cc_main_2024_33.log
[buy30727] 2026-06-05T20:23:37.043Z worker CC-MAIN-2024-51 pid=2820479 saturated#168(elapsed=38s new_merchants=0 remaining=1545 cooldown=240m)
[buy30727] 2026-06-05T20:23:37.074Z worker CC-MAIN-2024-46 pid=2820534 saturated#168(elapsed=36s new_merchants=0 remaining=1592 cooldown=240m)
[buy30727] 2026-06-05T20:23:37.100Z worker CC-MAIN-2024-42 pid=2820608 saturated#168(elapsed=35s new_merchants=0 remaining=1420 cooldown=240m)
[buy30727] 2026-06-05T20:23:37.110Z worker CC-MAIN-2024-38 pid=2820638 saturated#168(elapsed=33s new_merchants=0 remaining=581 cooldown=240m)
[buy30727] 2026-06-05T20:23:37.114Z worker CC-MAIN-2024-33 pid=2820683 saturated#168(elapsed=32s new_merchants=0 remaining=508 cooldown=240m)
[buy30727] 2026-06-05T20:23:37.118Z spawned CC-MAIN-2024-30 pid=2821219 baseline_merchants=17 log=/paperclip/instances/default/workspaces/3ec8f6dd-1735-4479-9825-a2c42edac34c/logs/buy30727_lane_cc_main_2024_30.log
[buy30727] 2026-06-05T20:23:38.625Z spawned CC-MAIN-2024-26 pid=2821275 baseline_merchants=7 log=/paperclip/instances/default/workspaces/3ec8f6dd-1735-4479-9825-a2c42edac34c/logs/buy30727_lane_cc_main_2024_26.log
[buy30727] 2026-06-05T20:23:40.135Z spawned CC-MAIN-2024-22 pid=2821310 baseline_merchants=13 log=/paperclip/instances/default/workspaces/3ec8f6dd-1735-4479-9825-a2c42edac34c/logs/buy30727_lane_cc_main_2024_22.log
[buy30727] 2026-06-05T20:23:41.651Z spawned CC-MAIN-2024-18 pid=2821342 baseline_merchants=62 log=/paperclip/instances/default/workspaces/3ec8f6dd-1735-4479-9825-a2c42edac34c/logs/buy30727_lane_cc_main_2024_18.log
[buy30727] 2026-06-05T20:23:43.169Z spawned CC-MAIN-2024-10 pid=2821382 baseline_merchants=4 log=/paperclip/instances/default/workspaces/3ec8f6dd-1735-4479-9825-a2c42edac34c/logs/buy30727_lane_cc_main_2024_10.log
[buy30727] 2026-06-05T20:24:14.713Z worker CC-MAIN-2024-30 pid=2821219 saturated#168(elapsed=38s new_merchants=0 remaining=424 cooldown=240m)
[buy30727] 2026-06-05T20:24:14.719Z worker CC-MAIN-2024-26 pid=2821275 saturated#168(elapsed=36s new_merchants=0 remaining=401 cooldown=240m)
[buy30727] 2026-06-05T20:24:14.737Z worker CC-MAIN-2024-22 pid=2821310 saturated#168(elapsed=35s new_merchants=0 remaining=868 cooldown=240m)
[buy30727] 2026-06-05T20:24:14.762Z worker CC-MAIN-2024-18 pid=2821342 saturated#168(elapsed=33s new_merchants=0 remaining=1033 cooldown=240m)
[buy30727] 2026-06-05T20:24:14.776Z worker CC-MAIN-2024-10 pid=2821382 saturated#168(elapsed=32s new_merchants=0 remaining=794 cooldown=240m)
[buy30727] 2026-06-05T20:24:14.780Z spawned CC-MAIN-2023-50 pid=2822154 baseline_merchants=4 log=/paperclip/instances/default/workspaces/3ec8f6dd-1735-4479-9825-a2c42edac34c/logs/buy30727_lane_cc_main_2023_50.log
[buy30727] 2026-06-05T20:24:16.297Z spawned CC-MAIN-2023-14 pid=2822192 baseline_merchants=53 log=/paperclip/instances/default/workspaces/3ec8f6dd-1735-4479-9825-a2c42edac34c/logs/buy30727_lane_cc_main_2023_14.log
[buy30727] 2026-06-05T20:24:17.804Z spawned CC-MAIN-2023-06 pid=2822223 baseline_merchants=45 log=/paperclip/instances/default/workspaces/3ec8f6dd-1735-4479-9825-a2c42edac34c/logs/buy30727_lane_cc_main_2023_06.log
[buy30727] 2026-06-05T20:24:19.313Z spawned CC-MAIN-2022-49 pid=2822281 baseline_merchants=5 log=/paperclip/instances/default/workspaces/3ec8f6dd-1735-4479-9825-a2c42edac34c/logs/buy30727_lane_cc_main_2022_49.log
[buy30727] 2026-06-05T20:24:20.823Z spawned CC-MAIN-2022-40 pid=2822322 baseline_merchants=3 log=/paperclip/instances/default/workspaces/3ec8f6dd-1735-4479-9825-a2c42edac34c/logs/buy30727_lane_cc_main_2022_40.log
[buy30727] 2026-06-05T20:24:52.364Z worker CC-MAIN-2023-50 pid=2822154 saturated#168(elapsed=38s new_merchants=0 remaining=378 cooldown=240m)
[buy30727] 2026-06-05T20:24:52.367Z worker CC-MAIN-2023-14 pid=2822192 saturated#168(elapsed=36s new_merchants=0 remaining=248 cooldown=240m)
[buy30727] 2026-06-05T20:24:52.371Z worker CC-MAIN-2023-06 pid=2822223 saturated#168(elapsed=35s new_merchants=0 remaining=318 cooldown=240m)
[buy30727] 2026-06-05T20:24:52.375Z worker CC-MAIN-2022-49 pid=2822281 saturated#168(elapsed=33s new_merchants=0 remaining=323 cooldown=240m)
[buy30727] 2026-06-05T20:24:52.380Z worker CC-MAIN-2022-40 pid=2822322 saturated#168(elapsed=32s new_merchants=0 remaining=295 cooldown=240m)
[buy30727] 2026-06-05T20:24:52.384Z spawned CC-MAIN-2026-21 pid=2822916 baseline_merchants=853 log=/paperclip/instances/default/workspaces/3ec8f6dd-1735-4479-9825-a2c42edac34c/logs/buy30727_lane_cc_main_2026_21.log
[buy30727] 2026-06-05T20:24:53.891Z spawned CC-MAIN-2026-17 pid=2822946 baseline_merchants=7 log=/paperclip/instances/default/workspaces/3ec8f6dd-1735-4479-9825-a2c42edac34c/logs/buy30727_lane_cc_main_2026_17.log
[buy30727] 2026-06-05T20:24:55.410Z spawned CC-MAIN-2025-18 pid=2822994 baseline_merchants=72 log=/paperclip/instances/default/workspaces/3ec8f6dd-1735-4479-9825-a2c42edac34c/logs/buy30727_lane_cc_main_2025_18.log
[buy30727] 2026-06-05T20:24:56.932Z spawned CC-MAIN-2025-05 pid=2823030 baseline_merchants=7 log=/paperclip/instances/default/workspaces/3ec8f6dd-1735-4479-9825-a2c42edac34c/logs/buy30727_lane_cc_main_2025_05.log
[buy30727] 2026-06-05T20:24:58.441Z spawned CC-MAIN-2025-47 pid=2823054 baseline_merchants=1421 log=/paperclip/instances/default/workspaces/3ec8f6dd-1735-4479-9825-a2c42edac34c/logs/buy30727_lane_cc_main_2025_47.log
[buy30727] 2026-06-05T20:25:29.987Z worker CC-MAIN-2026-21 pid=2822916 saturated#168(elapsed=38s new_merchants=0 remaining=862 cooldown=240m)
[buy30727] 2026-06-05T20:25:29.996Z worker CC-MAIN-2026-17 pid=2822946 saturated#169(elapsed=36s new_merchants=0 remaining=3255 cooldown=240m)
[buy30727] 2026-06-05T20:25:30.015Z worker CC-MAIN-2025-18 pid=2822994 saturated#169(elapsed=35s new_merchants=0 remaining=2382 cooldown=240m)
[buy30727] 2026-06-05T20:25:30.021Z worker CC-MAIN-2025-05 pid=2823030 saturated#169(elapsed=33s new_merchants=0 remaining=625 cooldown=240m)
[buy30727] 2026-06-05T20:25:30.038Z worker CC-MAIN-2025-47 pid=2823054 saturated#169(elapsed=32s new_merchants=0 remaining=2294 cooldown=240m)
[buy30727] 2026-06-05T20:25:30.042Z spawned CC-MAIN-2025-51 pid=2823811 baseline_merchants=236 log=/paperclip/instances/default/workspaces/3ec8f6dd-1735-4479-9825-a2c42edac34c/logs/buy30727_lane_cc_main_2025_51.log
[buy30727] 2026-06-05T20:25:31.566Z spawned CC-MAIN-2025-43 pid=2823842 baseline_merchants=88 log=/paperclip/instances/default/workspaces/3ec8f6dd-1735-4479-9825-a2c42edac34c/logs/buy30727_lane_cc_main_2025_43.log
[buy30727] 2026-06-05T20:25:33.085Z spawned CC-MAIN-2025-38 pid=2823872 baseline_merchants=28 log=/paperclip/instances/default/workspaces/3ec8f6dd-1735-4479-9825-a2c42edac34c/logs/buy30727_lane_cc_main_2025_38.log
[buy30727] 2026-06-05T20:25:34.613Z spawned CC-MAIN-2025-33 pid=2823920 baseline_merchants=13 log=/paperclip/instances/default/workspaces/3ec8f6dd-1735-4479-9825-a2c42edac34c/logs/buy30727_lane_cc_main_2025_33.log
[buy30727] 2026-06-05T20:25:36.139Z spawned CC-MAIN-2025-30 pid=2823946 baseline_merchants=136 log=/paperclip/instances/default/workspaces/3ec8f6dd-1735-4479-9825-a2c42edac34c/logs/buy30727_lane_cc_main_2025_30.log
[buy30727] 2026-06-05T20:26:07.696Z worker CC-MAIN-2025-51 pid=2823811 saturated#169(elapsed=38s new_merchants=0 remaining=2895 cooldown=240m)
[buy30727] 2026-06-05T20:26:07.707Z worker CC-MAIN-2025-43 pid=2823842 saturated#169(elapsed=36s new_merchants=0 remaining=1897 cooldown=240m)
[buy30727] 2026-06-05T20:26:07.723Z worker CC-MAIN-2025-38 pid=2823872 saturated#169(elapsed=35s new_merchants=0 remaining=1980 cooldown=240m)
[buy30727] 2026-06-05T20:26:07.738Z worker CC-MAIN-2025-33 pid=2823920 saturated#169(elapsed=33s new_merchants=0 remaining=2151 cooldown=240m)
[buy30727] 2026-06-05T20:26:07.750Z worker CC-MAIN-2025-30 pid=2823946 saturated#169(elapsed=32s new_merchants=0 remaining=2171 cooldown=240m)
[buy30727] 2026-06-05T20:26:07.754Z spawned CC-MAIN-2025-26 pid=2825337 baseline_merchants=18 log=/paperclip/instances/default/workspaces/3ec8f6dd-1735-4479-9825-a2c42edac34c/logs/buy30727_lane_cc_main_2025_26.log
[buy30727] 2026-06-05T20:26:09.262Z spawned CC-MAIN-2025-08 pid=2825461 baseline_merchants=7 log=/paperclip/instances/default/workspaces/3ec8f6dd-1735-4479-9825-a2c42edac34c/logs/buy30727_lane_cc_main_2025_08.log
[buy30727] 2026-06-05T20:26:10.772Z spawned CC-MAIN-2024-51 pid=2825567 baseline_merchants=427 log=/paperclip/instances/default/workspaces/3ec8f6dd-1735-4479-9825-a2c42edac34c/logs/buy30727_lane_cc_main_2024_51.log
[buy30727] 2026-06-05T20:26:12.289Z spawned CC-MAIN-2024-46 pid=2825602 baseline_merchants=92 log=/paperclip/instances/default/workspaces/3ec8f6dd-1735-4479-9825-a2c42edac34c/logs/buy30727_lane_cc_main_2024_46.log
[buy30727] 2026-06-05T20:26:13.823Z spawned CC-MAIN-2024-42 pid=2825745 baseline_merchants=91 log=/paperclip/instances/default/workspaces/3ec8f6dd-1735-4479-9825-a2c42edac34c/logs/buy30727_lane_cc_main_2024_42.log
[buy30727] 2026-06-05T20:26:45.373Z worker CC-MAIN-2025-26 pid=2825337 saturated#169(elapsed=38s new_merchants=0 remaining=744 cooldown=240m)
[buy30727] 2026-06-05T20:26:45.377Z worker CC-MAIN-2025-08 pid=2825461 saturated#169(elapsed=36s new_merchants=0 remaining=695 cooldown=240m)
[buy30727] 2026-06-05T20:26:45.393Z worker CC-MAIN-2024-51 pid=2825567 saturated#169(elapsed=35s new_merchants=0 remaining=1545 cooldown=240m)
[buy30727] 2026-06-05T20:26:45.413Z worker CC-MAIN-2024-46 pid=2825602 saturated#169(elapsed=33s new_merchants=0 remaining=1592 cooldown=240m)
[buy30727] 2026-06-05T20:26:45.430Z worker CC-MAIN-2024-42 pid=2825745 saturated#169(elapsed=32s new_merchants=0 remaining=1420 cooldown=240m)
[buy30727] 2026-06-05T20:26:45.434Z spawned CC-MAIN-2024-38 pid=2827242 baseline_merchants=36 log=/paperclip/instances/default/workspaces/3ec8f6dd-1735-4479-9825-a2c42edac34c/logs/buy30727_lane_cc_main_2024_38.log
[buy30727] 2026-06-05T20:26:46.946Z spawned CC-MAIN-2024-33 pid=2827306 baseline_merchants=88 log=/paperclip/instances/default/workspaces/3ec8f6dd-1735-4479-9825-a2c42edac34c/logs/buy30727_lane_cc_main_2024_33.log
[buy30727] 2026-06-05T20:26:48.458Z spawned CC-MAIN-2024-30 pid=2827355 baseline_merchants=17 log=/paperclip/instances/default/workspaces/3ec8f6dd-1735-4479-9825-a2c42edac34c/logs/buy30727_lane_cc_main_2024_30.log
[buy30727] 2026-06-05T20:26:49.966Z spawned CC-MAIN-2024-26 pid=2827399 baseline_merchants=7 log=/paperclip/instances/default/workspaces/3ec8f6dd-1735-4479-9825-a2c42edac34c/logs/buy30727_lane_cc_main_2024_26.log
[buy30727] 2026-06-05T20:26:51.475Z spawned CC-MAIN-2024-22 pid=2827429 baseline_merchants=13 log=/paperclip/instances/default/workspaces/3ec8f6dd-1735-4479-9825-a2c42edac34c/logs/buy30727_lane_cc_main_2024_22.log
[buy30727] 2026-06-05T20:26:53.014Z tick=180 active=5 drained=20 saturated=27 known_merchants=15704 status=[CC-MAIN-2024-38:581/19211, CC-MAIN-2024-33:508/16923, CC-MAIN-2024-30:424/13139, CC-MAIN-2024-26:401/13353, CC-MAIN-2024-22:868/34722]
[buy30727] 2026-06-05T20:27:23.031Z worker CC-MAIN-2024-38 pid=2827242 saturated#169(elapsed=38s new_merchants=0 remaining=581 cooldown=240m)
[buy30727] 2026-06-05T20:27:23.035Z worker CC-MAIN-2024-33 pid=2827306 saturated#169(elapsed=36s new_merchants=0 remaining=508 cooldown=240m)
[buy30727] 2026-06-05T20:27:23.038Z worker CC-MAIN-2024-30 pid=2827355 saturated#169(elapsed=35s new_merchants=0 remaining=424 cooldown=240m)
[buy30727] 2026-06-05T20:27:23.041Z worker CC-MAIN-2024-26 pid=2827399 saturated#169(elapsed=33s new_merchants=0 remaining=401 cooldown=240m)
[buy30727] 2026-06-05T20:27:23.051Z worker CC-MAIN-2024-22 pid=2827429 saturated#169(elapsed=32s new_merchants=0 remaining=868 cooldown=240m)
[buy30727] 2026-06-05T20:27:23.054Z spawned CC-MAIN-2024-18 pid=2828987 baseline_merchants=62 log=/paperclip/instances/default/workspaces/3ec8f6dd-1735-4479-9825-a2c42edac34c/logs/buy30727_lane_cc_main_2024_18.log
[buy30727] 2026-06-05T20:27:24.577Z spawned CC-MAIN-2024-10 pid=2829021 baseline_merchants=4 log=/paperclip/instances/default/workspaces/3ec8f6dd-1735-4479-9825-a2c42edac34c/logs/buy30727_lane_cc_main_2024_10.log
[buy30727] 2026-06-05T20:27:26.095Z spawned CC-MAIN-2023-50 pid=2829176 baseline_merchants=4 log=/paperclip/instances/default/workspaces/3ec8f6dd-1735-4479-9825-a2c42edac34c/logs/buy30727_lane_cc_main_2023_50.log
[buy30727] 2026-06-05T20:27:27.604Z spawned CC-MAIN-2023-14 pid=2829236 baseline_merchants=53 log=/paperclip/instances/default/workspaces/3ec8f6dd-1735-4479-9825-a2c42edac34c/logs/buy30727_lane_cc_main_2023_14.log
[buy30727] 2026-06-05T20:27:29.111Z spawned CC-MAIN-2023-06 pid=2829284 baseline_merchants=45 log=/paperclip/instances/default/workspaces/3ec8f6dd-1735-4479-9825-a2c42edac34c/logs/buy30727_lane_cc_main_2023_06.log
[buy30727] 2026-06-05T20:28:00.672Z worker CC-MAIN-2024-18 pid=2828987 saturated#169(elapsed=38s new_merchants=0 remaining=1033 cooldown=240m)
[buy30727] 2026-06-05T20:28:00.691Z worker CC-MAIN-2024-10 pid=2829021 saturated#169(elapsed=36s new_merchants=0 remaining=794 cooldown=240m)
[buy30727] 2026-06-05T20:28:00.697Z worker CC-MAIN-2023-50 pid=2829176 saturated#169(elapsed=35s new_merchants=0 remaining=378 cooldown=240m)
[buy30727] 2026-06-05T20:28:00.702Z worker CC-MAIN-2023-14 pid=2829236 saturated#169(elapsed=33s new_merchants=0 remaining=248 cooldown=240m)
[buy30727] 2026-06-05T20:28:00.708Z worker CC-MAIN-2023-06 pid=2829284 saturated#169(elapsed=32s new_merchants=0 remaining=318 cooldown=240m)
[buy30727] 2026-06-05T20:28:00.711Z spawned CC-MAIN-2022-49 pid=2830911 baseline_merchants=5 log=/paperclip/instances/default/workspaces/3ec8f6dd-1735-4479-9825-a2c42edac34c/logs/buy30727_lane_cc_main_2022_49.log
[buy30727] 2026-06-05T20:28:02.224Z spawned CC-MAIN-2022-40 pid=2831009 baseline_merchants=3 log=/paperclip/instances/default/workspaces/3ec8f6dd-1735-4479-9825-a2c42edac34c/logs/buy30727_lane_cc_main_2022_40.log
[buy30727] 2026-06-05T20:28:03.737Z spawned CC-MAIN-2026-21 pid=2831114 baseline_merchants=853 log=/paperclip/instances/default/workspaces/3ec8f6dd-1735-4479-9825-a2c42edac34c/logs/buy30727_lane_cc_main_2026_21.log
[buy30727] 2026-06-05T20:28:05.244Z spawned CC-MAIN-2026-17 pid=2831215 baseline_merchants=7 log=/paperclip/instances/default/workspaces/3ec8f6dd-1735-4479-9825-a2c42edac34c/logs/buy30727_lane_cc_main_2026_17.log
[buy30727] 2026-06-05T20:28:06.762Z spawned CC-MAIN-2025-18 pid=2831373 baseline_merchants=72 log=/paperclip/instances/default/workspaces/3ec8f6dd-1735-4479-9825-a2c42edac34c/logs/buy30727_lane_cc_main_2025_18.log
[buy30727] 2026-06-05T20:28:38.316Z worker CC-MAIN-2022-49 pid=2830911 saturated#169(elapsed=38s new_merchants=0 remaining=323 cooldown=240m)
[buy30727] 2026-06-05T20:28:38.319Z worker CC-MAIN-2022-40 pid=2831009 saturated#169(elapsed=36s new_merchants=0 remaining=295 cooldown=240m)
[buy30727] 2026-06-05T20:28:38.322Z worker CC-MAIN-2026-21 pid=2831114 saturated#169(elapsed=35s new_merchants=0 remaining=862 cooldown=240m)
[buy30727] 2026-06-05T20:28:38.330Z worker CC-MAIN-2026-17 pid=2831215 saturated#170(elapsed=33s new_merchants=0 remaining=3255 cooldown=240m)
[buy30727] 2026-06-05T20:28:38.349Z worker CC-MAIN-2025-18 pid=2831373 saturated#170(elapsed=32s new_merchants=0 remaining=2382 cooldown=240m)
[buy30727] 2026-06-05T20:28:38.353Z spawned CC-MAIN-2025-05 pid=2833830 baseline_merchants=7 log=/paperclip/instances/default/workspaces/3ec8f6dd-1735-4479-9825-a2c42edac34c/logs/buy30727_lane_cc_main_2025_05.log
[buy30727] 2026-06-05T20:28:39.862Z spawned CC-MAIN-2025-47 pid=2833868 baseline_merchants=1421 log=/paperclip/instances/default/workspaces/3ec8f6dd-1735-4479-9825-a2c42edac34c/logs/buy30727_lane_cc_main_2025_47.log
[buy30727] 2026-06-05T20:28:41.386Z spawned CC-MAIN-2025-51 pid=2834111 baseline_merchants=236 log=/paperclip/instances/default/workspaces/3ec8f6dd-1735-4479-9825-a2c42edac34c/logs/buy30727_lane_cc_main_2025_51.log
[buy30727] 2026-06-05T20:28:42.909Z spawned CC-MAIN-2025-43 pid=2834197 baseline_merchants=88 log=/paperclip/instances/default/workspaces/3ec8f6dd-1735-4479-9825-a2c42edac34c/logs/buy30727_lane_cc_main_2025_43.log
[buy30727] 2026-06-05T20:28:44.438Z spawned CC-MAIN-2025-38 pid=2834339 baseline_merchants=28 log=/paperclip/instances/default/workspaces/3ec8f6dd-1735-4479-9825-a2c42edac34c/logs/buy30727_lane_cc_main_2025_38.log
[buy30727] 2026-06-05T20:29:16.054Z worker CC-MAIN-2025-05 pid=2833830 saturated#170(elapsed=38s new_merchants=0 remaining=625 cooldown=240m)
[buy30727] 2026-06-05T20:29:16.070Z worker CC-MAIN-2025-47 pid=2833868 saturated#170(elapsed=36s new_merchants=0 remaining=2294 cooldown=240m)
[buy30727] 2026-06-05T20:29:16.084Z worker CC-MAIN-2025-51 pid=2834111 saturated#170(elapsed=35s new_merchants=0 remaining=2895 cooldown=240m)
[buy30727] 2026-06-05T20:29:16.098Z worker CC-MAIN-2025-43 pid=2834197 saturated#170(elapsed=33s new_merchants=0 remaining=1897 cooldown=240m)
[buy30727] 2026-06-05T20:29:16.116Z worker CC-MAIN-2025-38 pid=2834339 saturated#170(elapsed=32s new_merchants=0 remaining=1980 cooldown=240m)
[buy30727] 2026-06-05T20:29:16.120Z spawned CC-MAIN-2025-33 pid=2837176 baseline_merchants=13 log=/paperclip/instances/default/workspaces/3ec8f6dd-1735-4479-9825-a2c42edac34c/logs/buy30727_lane_cc_main_2025_33.log
[buy30727] 2026-06-05T20:29:17.645Z spawned CC-MAIN-2025-30 pid=2837280 baseline_merchants=136 log=/paperclip/instances/default/workspaces/3ec8f6dd-1735-4479-9825-a2c42edac34c/logs/buy30727_lane_cc_main_2025_30.log
[buy30727] 2026-06-05T20:29:19.166Z spawned CC-MAIN-2025-26 pid=2837355 baseline_merchants=18 log=/paperclip/instances/default/workspaces/3ec8f6dd-1735-4479-9825-a2c42edac34c/logs/buy30727_lane_cc_main_2025_26.log
[buy30727] 2026-06-05T20:29:20.676Z spawned CC-MAIN-2025-08 pid=2837411 baseline_merchants=7 log=/paperclip/instances/default/workspaces/3ec8f6dd-1735-4479-9825-a2c42edac34c/logs/buy30727_lane_cc_main_2025_08.log
[buy30727] 2026-06-05T20:29:22.186Z spawned CC-MAIN-2024-51 pid=2837482 baseline_merchants=427 log=/paperclip/instances/default/workspaces/3ec8f6dd-1735-4479-9825-a2c42edac34c/logs/buy30727_lane_cc_main_2024_51.log
[buy30727] 2026-06-05T20:29:53.817Z worker CC-MAIN-2025-33 pid=2837176 saturated#170(elapsed=38s new_merchants=0 remaining=2151 cooldown=240m)
[buy30727] 2026-06-05T20:29:53.899Z worker CC-MAIN-2025-30 pid=2837280 saturated#170(elapsed=36s new_merchants=0 remaining=2171 cooldown=240m)
[buy30727] 2026-06-05T20:29:53.905Z worker CC-MAIN-2025-26 pid=2837355 saturated#170(elapsed=35s new_merchants=0 remaining=744 cooldown=240m)
[buy30727] 2026-06-05T20:29:53.912Z worker CC-MAIN-2025-08 pid=2837411 saturated#170(elapsed=33s new_merchants=0 remaining=695 cooldown=240m)
[buy30727] 2026-06-05T20:29:53.930Z worker CC-MAIN-2024-51 pid=2837482 saturated#170(elapsed=32s new_merchants=0 remaining=1545 cooldown=240m)
[buy30727] 2026-06-05T20:29:53.937Z spawned CC-MAIN-2024-46 pid=2839999 baseline_merchants=92 log=/paperclip/instances/default/workspaces/3ec8f6dd-1735-4479-9825-a2c42edac34c/logs/buy30727_lane_cc_main_2024_46.log
[buy30727] 2026-06-05T20:29:55.488Z spawned CC-MAIN-2024-42 pid=2840076 baseline_merchants=91 log=/paperclip/instances/default/workspaces/3ec8f6dd-1735-4479-9825-a2c42edac34c/logs/buy30727_lane_cc_main_2024_42.log
[buy30727] 2026-06-05T20:29:57.036Z spawned CC-MAIN-2024-38 pid=2840185 baseline_merchants=36 log=/paperclip/instances/default/workspaces/3ec8f6dd-1735-4479-9825-a2c42edac34c/logs/buy30727_lane_cc_main_2024_38.log
[buy30727] 2026-06-05T20:29:58.570Z spawned CC-MAIN-2024-33 pid=2840376 baseline_merchants=88 log=/paperclip/instances/default/workspaces/3ec8f6dd-1735-4479-9825-a2c42edac34c/logs/buy30727_lane_cc_main_2024_33.log
[buy30727] 2026-06-05T20:30:00.085Z spawned CC-MAIN-2024-30 pid=2840513 baseline_merchants=17 log=/paperclip/instances/default/workspaces/3ec8f6dd-1735-4479-9825-a2c42edac34c/logs/buy30727_lane_cc_main_2024_30.log
[buy30727] 2026-06-05T20:30:31.639Z worker CC-MAIN-2024-46 pid=2839999 saturated#170(elapsed=38s new_merchants=0 remaining=1592 cooldown=240m)
[buy30727] 2026-06-05T20:30:31.663Z worker CC-MAIN-2024-42 pid=2840076 saturated#170(elapsed=36s new_merchants=0 remaining=1420 cooldown=240m)
[buy30727] 2026-06-05T20:30:31.670Z worker CC-MAIN-2024-38 pid=2840185 saturated#170(elapsed=35s new_merchants=0 remaining=581 cooldown=240m)
[buy30727] 2026-06-05T20:30:31.675Z worker CC-MAIN-2024-33 pid=2840376 saturated#170(elapsed=33s new_merchants=0 remaining=508 cooldown=240m)
[buy30727] 2026-06-05T20:30:31.678Z worker CC-MAIN-2024-30 pid=2840513 saturated#170(elapsed=32s new_merchants=0 remaining=424 cooldown=240m)
[buy30727] 2026-06-05T20:30:31.682Z spawned CC-MAIN-2024-26 pid=2842522 baseline_merchants=7 log=/paperclip/instances/default/workspaces/3ec8f6dd-1735-4479-9825-a2c42edac34c/logs/buy30727_lane_cc_main_2024_26.log
[buy30727] 2026-06-05T20:30:33.195Z spawned CC-MAIN-2024-22 pid=2842574 baseline_merchants=13 log=/paperclip/instances/default/workspaces/3ec8f6dd-1735-4479-9825-a2c42edac34c/logs/buy30727_lane_cc_main_2024_22.log
[buy30727] 2026-06-05T20:30:34.709Z spawned CC-MAIN-2024-18 pid=2842603 baseline_merchants=62 log=/paperclip/instances/default/workspaces/3ec8f6dd-1735-4479-9825-a2c42edac34c/logs/buy30727_lane_cc_main_2024_18.log
[buy30727] 2026-06-05T20:30:36.229Z spawned CC-MAIN-2024-10 pid=2842802 baseline_merchants=4 log=/paperclip/instances/default/workspaces/3ec8f6dd-1735-4479-9825-a2c42edac34c/logs/buy30727_lane_cc_main_2024_10.log
[buy30727] 2026-06-05T20:30:37.748Z spawned CC-MAIN-2023-50 pid=2842848 baseline_merchants=4 log=/paperclip/instances/default/workspaces/3ec8f6dd-1735-4479-9825-a2c42edac34c/logs/buy30727_lane_cc_main_2023_50.log
[buy30727] 2026-06-05T20:31:09.294Z worker CC-MAIN-2024-26 pid=2842522 saturated#170(elapsed=38s new_merchants=0 remaining=401 cooldown=240m)
[buy30727] 2026-06-05T20:31:09.351Z worker CC-MAIN-2024-22 pid=2842574 saturated#170(elapsed=36s new_merchants=0 remaining=868 cooldown=240m)
[buy30727] 2026-06-05T20:31:09.490Z worker CC-MAIN-2024-18 pid=2842603 saturated#170(elapsed=35s new_merchants=0 remaining=1033 cooldown=240m)
[buy30727] 2026-06-05T20:31:09.516Z worker CC-MAIN-2024-10 pid=2842802 saturated#170(elapsed=33s new_merchants=0 remaining=794 cooldown=240m)
[buy30727] 2026-06-05T20:31:09.525Z worker CC-MAIN-2023-50 pid=2842848 saturated#170(elapsed=32s new_merchants=0 remaining=378 cooldown=240m)
[buy30727] 2026-06-05T20:31:09.531Z spawned CC-MAIN-2023-14 pid=2848102 baseline_merchants=53 log=/paperclip/instances/default/workspaces/3ec8f6dd-1735-4479-9825-a2c42edac34c/logs/buy30727_lane_cc_main_2023_14.log
[buy30727] 2026-06-05T20:31:11.048Z spawned CC-MAIN-2023-06 pid=2848304 baseline_merchants=45 log=/paperclip/instances/default/workspaces/3ec8f6dd-1735-4479-9825-a2c42edac34c/logs/buy30727_lane_cc_main_2023_06.log
[buy30727] 2026-06-05T20:31:12.616Z spawned CC-MAIN-2022-49 pid=2848634 baseline_merchants=5 log=/paperclip/instances/default/workspaces/3ec8f6dd-1735-4479-9825-a2c42edac34c/logs/buy30727_lane_cc_main_2022_49.log
[buy30727] 2026-06-05T20:31:14.150Z spawned CC-MAIN-2022-40 pid=2848813 baseline_merchants=3 log=/paperclip/instances/default/workspaces/3ec8f6dd-1735-4479-9825-a2c42edac34c/logs/buy30727_lane_cc_main_2022_40.log
[buy30727] 2026-06-05T20:31:15.684Z spawned CC-MAIN-2026-21 pid=2849086 baseline_merchants=853 log=/paperclip/instances/default/workspaces/3ec8f6dd-1735-4479-9825-a2c42edac34c/logs/buy30727_lane_cc_main_2026_21.log
[buy30727] 2026-06-05T20:31:47.240Z worker CC-MAIN-2023-14 pid=2848102 saturated#170(elapsed=38s new_merchants=0 remaining=248 cooldown=240m)
[buy30727] 2026-06-05T20:31:47.246Z worker CC-MAIN-2023-06 pid=2848304 saturated#170(elapsed=36s new_merchants=0 remaining=318 cooldown=240m)
[buy30727] 2026-06-05T20:31:47.252Z worker CC-MAIN-2022-49 pid=2848634 saturated#170(elapsed=35s new_merchants=0 remaining=323 cooldown=240m)
[buy30727] 2026-06-05T20:31:47.258Z worker CC-MAIN-2022-40 pid=2848813 saturated#170(elapsed=33s new_merchants=0 remaining=295 cooldown=240m)
[buy30727] 2026-06-05T20:31:47.272Z worker CC-MAIN-2026-21 pid=2849086 saturated#170(elapsed=32s new_merchants=0 remaining=862 cooldown=240m)
[buy30727] 2026-06-05T20:31:47.282Z spawned CC-MAIN-2026-17 pid=2853307 baseline_merchants=7 log=/paperclip/instances/default/workspaces/3ec8f6dd-1735-4479-9825-a2c42edac34c/logs/buy30727_lane_cc_main_2026_17.log
[buy30727] 2026-06-05T20:31:48.855Z spawned CC-MAIN-2025-18 pid=2853400 baseline_merchants=72 log=/paperclip/instances/default/workspaces/3ec8f6dd-1735-4479-9825-a2c42edac34c/logs/buy30727_lane_cc_main_2025_18.log
[buy30727] 2026-06-05T20:31:50.542Z spawned CC-MAIN-2025-05 pid=2853620 baseline_merchants=7 log=/paperclip/instances/default/workspaces/3ec8f6dd-1735-4479-9825-a2c42edac34c/logs/buy30727_lane_cc_main_2025_05.log
[buy30727] 2026-06-05T20:31:52.082Z spawned CC-MAIN-2025-47 pid=2853799 baseline_merchants=1421 log=/paperclip/instances/default/workspaces/3ec8f6dd-1735-4479-9825-a2c42edac34c/logs/buy30727_lane_cc_main_2025_47.log
[buy30727] 2026-06-05T20:31:53.650Z spawned CC-MAIN-2025-51 pid=2854043 baseline_merchants=236 log=/paperclip/instances/default/workspaces/3ec8f6dd-1735-4479-9825-a2c42edac34c/logs/buy30727_lane_cc_main_2025_51.log
[buy30727] 2026-06-05T20:32:25.239Z worker CC-MAIN-2026-17 pid=2853307 saturated#171(elapsed=38s new_merchants=0 remaining=3255 cooldown=240m)
[buy30727] 2026-06-05T20:32:25.271Z worker CC-MAIN-2025-18 pid=2853400 saturated#171(elapsed=36s new_merchants=0 remaining=2382 cooldown=240m)
[buy30727] 2026-06-05T20:32:25.279Z worker CC-MAIN-2025-05 pid=2853620 saturated#171(elapsed=35s new_merchants=0 remaining=625 cooldown=240m)
[buy30727] 2026-06-05T20:32:25.301Z worker CC-MAIN-2025-47 pid=2853799 saturated#171(elapsed=33s new_merchants=0 remaining=2294 cooldown=240m)
[buy30727] 2026-06-05T20:32:25.340Z worker CC-MAIN-2025-51 pid=2854043 saturated#171(elapsed=32s new_merchants=0 remaining=2895 cooldown=240m)
[buy30727] 2026-06-05T20:32:25.348Z spawned CC-MAIN-2025-43 pid=2858740 baseline_merchants=88 log=/paperclip/instances/default/workspaces/3ec8f6dd-1735-4479-9825-a2c42edac34c/logs/buy30727_lane_cc_main_2025_43.log
[buy30727] 2026-06-05T20:32:26.890Z spawned CC-MAIN-2025-38 pid=2858787 baseline_merchants=28 log=/paperclip/instances/default/workspaces/3ec8f6dd-1735-4479-9825-a2c42edac34c/logs/buy30727_lane_cc_main_2025_38.log
[buy30727] 2026-06-05T20:32:28.421Z spawned CC-MAIN-2025-33 pid=2858851 baseline_merchants=13 log=/paperclip/instances/default/workspaces/3ec8f6dd-1735-4479-9825-a2c42edac34c/logs/buy30727_lane_cc_main_2025_33.log
[buy30727] 2026-06-05T20:32:29.966Z spawned CC-MAIN-2025-30 pid=2859335 baseline_merchants=136 log=/paperclip/instances/default/workspaces/3ec8f6dd-1735-4479-9825-a2c42edac34c/logs/buy30727_lane_cc_main_2025_30.log
[buy30727] 2026-06-05T20:32:31.489Z spawned CC-MAIN-2025-26 pid=2859433 baseline_merchants=18 log=/paperclip/instances/default/workspaces/3ec8f6dd-1735-4479-9825-a2c42edac34c/logs/buy30727_lane_cc_main_2025_26.log
[buy30727] 2026-06-05T20:33:03.046Z worker CC-MAIN-2025-43 pid=2858740 saturated#171(elapsed=38s new_merchants=0 remaining=1897 cooldown=240m)
[buy30727] 2026-06-05T20:33:03.073Z worker CC-MAIN-2025-38 pid=2858787 saturated#171(elapsed=36s new_merchants=0 remaining=1980 cooldown=240m)
[buy30727] 2026-06-05T20:33:03.102Z worker CC-MAIN-2025-33 pid=2858851 saturated#171(elapsed=35s new_merchants=0 remaining=2151 cooldown=240m)
[buy30727] 2026-06-05T20:33:03.137Z worker CC-MAIN-2025-30 pid=2859335 saturated#171(elapsed=33s new_merchants=0 remaining=2171 cooldown=240m)
[buy30727] 2026-06-05T20:33:03.145Z worker CC-MAIN-2025-26 pid=2859433 saturated#171(elapsed=32s new_merchants=0 remaining=744 cooldown=240m)
[buy30727] 2026-06-05T20:33:03.153Z spawned CC-MAIN-2025-08 pid=2864799 baseline_merchants=7 log=/paperclip/instances/default/workspaces/3ec8f6dd-1735-4479-9825-a2c42edac34c/logs/buy30727_lane_cc_main_2025_08.log
[buy30727] 2026-06-05T20:33:04.667Z spawned CC-MAIN-2024-51 pid=2864948 baseline_merchants=427 log=/paperclip/instances/default/workspaces/3ec8f6dd-1735-4479-9825-a2c42edac34c/logs/buy30727_lane_cc_main_2024_51.log
[buy30727] 2026-06-05T20:33:06.189Z spawned CC-MAIN-2024-46 pid=2864997 baseline_merchants=92 log=/paperclip/instances/default/workspaces/3ec8f6dd-1735-4479-9825-a2c42edac34c/logs/buy30727_lane_cc_main_2024_46.log
[buy30727] 2026-06-05T20:33:07.719Z spawned CC-MAIN-2024-42 pid=2865234 baseline_merchants=91 log=/paperclip/instances/default/workspaces/3ec8f6dd-1735-4479-9825-a2c42edac34c/logs/buy30727_lane_cc_main_2024_42.log
[buy30727] 2026-06-05T20:33:09.244Z spawned CC-MAIN-2024-38 pid=2865301 baseline_merchants=36 log=/paperclip/instances/default/workspaces/3ec8f6dd-1735-4479-9825-a2c42edac34c/logs/buy30727_lane_cc_main_2024_38.log
[buy30727] 2026-06-05T20:33:10.817Z tick=190 active=5 drained=20 saturated=27 known_merchants=15704 status=[CC-MAIN-2025-08:695/16394, CC-MAIN-2024-51:1545/44052, CC-MAIN-2024-46:1592/59556, CC-MAIN-2024-42:1420/56668, CC-MAIN-2024-38:581/19211]
[buy30727] 2026-06-05T20:33:40.841Z worker CC-MAIN-2025-08 pid=2864799 saturated#171(elapsed=38s new_merchants=0 remaining=695 cooldown=240m)
[buy30727] 2026-06-05T20:33:40.864Z worker CC-MAIN-2024-51 pid=2864948 saturated#171(elapsed=36s new_merchants=0 remaining=1545 cooldown=240m)
[buy30727] 2026-06-05T20:33:40.897Z worker CC-MAIN-2024-46 pid=2864997 saturated#171(elapsed=35s new_merchants=0 remaining=1592 cooldown=240m)
[buy30727] 2026-06-05T20:33:40.929Z worker CC-MAIN-2024-42 pid=2865234 saturated#171(elapsed=33s new_merchants=0 remaining=1420 cooldown=240m)
[buy30727] 2026-06-05T20:33:40.933Z worker CC-MAIN-2024-38 pid=2865301 saturated#171(elapsed=32s new_merchants=0 remaining=581 cooldown=240m)
[buy30727] 2026-06-05T20:33:40.936Z spawned CC-MAIN-2024-33 pid=2869637 baseline_merchants=88 log=/paperclip/instances/default/workspaces/3ec8f6dd-1735-4479-9825-a2c42edac34c/logs/buy30727_lane_cc_main_2024_33.log
[buy30727] 2026-06-05T20:33:42.450Z spawned CC-MAIN-2024-30 pid=2870037 baseline_merchants=17 log=/paperclip/instances/default/workspaces/3ec8f6dd-1735-4479-9825-a2c42edac34c/logs/buy30727_lane_cc_main_2024_30.log
[buy30727] 2026-06-05T20:33:43.961Z spawned CC-MAIN-2024-26 pid=2870313 baseline_merchants=7 log=/paperclip/instances/default/workspaces/3ec8f6dd-1735-4479-9825-a2c42edac34c/logs/buy30727_lane_cc_main_2024_26.log
[buy30727] 2026-06-05T20:33:45.471Z spawned CC-MAIN-2024-22 pid=2870465 baseline_merchants=13 log=/paperclip/instances/default/workspaces/3ec8f6dd-1735-4479-9825-a2c42edac34c/logs/buy30727_lane_cc_main_2024_22.log
[buy30727] 2026-06-05T20:33:47.005Z spawned CC-MAIN-2024-18 pid=2870873 baseline_merchants=62 log=/paperclip/instances/default/workspaces/3ec8f6dd-1735-4479-9825-a2c42edac34c/logs/buy30727_lane_cc_main_2024_18.log
[buy30727] 2026-06-05T20:34:18.547Z worker CC-MAIN-2024-33 pid=2869637 saturated#171(elapsed=38s new_merchants=0 remaining=508 cooldown=240m)
[buy30727] 2026-06-05T20:34:18.552Z worker CC-MAIN-2024-30 pid=2870037 saturated#171(elapsed=36s new_merchants=0 remaining=424 cooldown=240m)
[buy30727] 2026-06-05T20:34:18.557Z worker CC-MAIN-2024-26 pid=2870313 saturated#171(elapsed=35s new_merchants=0 remaining=401 cooldown=240m)
[buy30727] 2026-06-05T20:34:18.572Z worker CC-MAIN-2024-22 pid=2870465 saturated#171(elapsed=33s new_merchants=0 remaining=868 cooldown=240m)
[buy30727] 2026-06-05T20:34:18.594Z worker CC-MAIN-2024-18 pid=2870873 saturated#171(elapsed=32s new_merchants=0 remaining=1033 cooldown=240m)
[buy30727] 2026-06-05T20:34:18.599Z spawned CC-MAIN-2024-10 pid=2874770 baseline_merchants=4 log=/paperclip/instances/default/workspaces/3ec8f6dd-1735-4479-9825-a2c42edac34c/logs/buy30727_lane_cc_main_2024_10.log
[buy30727] 2026-06-05T20:34:20.138Z spawned CC-MAIN-2023-50 pid=2874934 baseline_merchants=4 log=/paperclip/instances/default/workspaces/3ec8f6dd-1735-4479-9825-a2c42edac34c/logs/buy30727_lane_cc_main_2023_50.log
[buy30727] 2026-06-05T20:34:21.649Z spawned CC-MAIN-2023-14 pid=2875182 baseline_merchants=53 log=/paperclip/instances/default/workspaces/3ec8f6dd-1735-4479-9825-a2c42edac34c/logs/buy30727_lane_cc_main_2023_14.log
[buy30727] 2026-06-05T20:34:23.160Z spawned CC-MAIN-2023-06 pid=2875480 baseline_merchants=45 log=/paperclip/instances/default/workspaces/3ec8f6dd-1735-4479-9825-a2c42edac34c/logs/buy30727_lane_cc_main_2023_06.log
[buy30727] 2026-06-05T20:34:24.672Z spawned CC-MAIN-2022-49 pid=2875753 baseline_merchants=5 log=/paperclip/instances/default/workspaces/3ec8f6dd-1735-4479-9825-a2c42edac34c/logs/buy30727_lane_cc_main_2022_49.log
[buy30727] 2026-06-05T20:34:56.221Z worker CC-MAIN-2024-10 pid=2874770 saturated#171(elapsed=38s new_merchants=0 remaining=794 cooldown=240m)
[buy30727] 2026-06-05T20:34:56.225Z worker CC-MAIN-2023-50 pid=2874934 saturated#171(elapsed=36s new_merchants=0 remaining=378 cooldown=240m)
[buy30727] 2026-06-05T20:34:56.228Z worker CC-MAIN-2023-14 pid=2875182 saturated#171(elapsed=35s new_merchants=0 remaining=248 cooldown=240m)
[buy30727] 2026-06-05T20:34:56.232Z worker CC-MAIN-2023-06 pid=2875480 saturated#171(elapsed=33s new_merchants=0 remaining=318 cooldown=240m)
[buy30727] 2026-06-05T20:34:56.240Z worker CC-MAIN-2022-49 pid=2875753 saturated#171(elapsed=32s new_merchants=0 remaining=323 cooldown=240m)
[buy30727] 2026-06-05T20:34:56.243Z spawned CC-MAIN-2022-40 pid=2880165 baseline_merchants=3 log=/paperclip/instances/default/workspaces/3ec8f6dd-1735-4479-9825-a2c42edac34c/logs/buy30727_lane_cc_main_2022_40.log
[buy30727] 2026-06-05T20:34:57.756Z spawned CC-MAIN-2026-21 pid=2880329 baseline_merchants=853 log=/paperclip/instances/default/workspaces/3ec8f6dd-1735-4479-9825-a2c42edac34c/logs/buy30727_lane_cc_main_2026_21.log
[buy30727] 2026-06-05T20:34:59.269Z spawned CC-MAIN-2026-17 pid=2880473 baseline_merchants=7 log=/paperclip/instances/default/workspaces/3ec8f6dd-1735-4479-9825-a2c42edac34c/logs/buy30727_lane_cc_main_2026_17.log
[buy30727] 2026-06-05T20:35:00.794Z spawned CC-MAIN-2025-18 pid=2880786 baseline_merchants=72 log=/paperclip/instances/default/workspaces/3ec8f6dd-1735-4479-9825-a2c42edac34c/logs/buy30727_lane_cc_main_2025_18.log
[buy30727] 2026-06-05T20:35:02.325Z spawned CC-MAIN-2025-05 pid=2881296 baseline_merchants=7 log=/paperclip/instances/default/workspaces/3ec8f6dd-1735-4479-9825-a2c42edac34c/logs/buy30727_lane_cc_main_2025_05.log
[buy30727] 2026-06-05T20:35:33.860Z worker CC-MAIN-2022-40 pid=2880165 saturated#171(elapsed=38s new_merchants=0 remaining=295 cooldown=240m)
[buy30727] 2026-06-05T20:35:33.863Z worker CC-MAIN-2026-21 pid=2880329 saturated#171(elapsed=36s new_merchants=0 remaining=862 cooldown=240m)
[buy30727] 2026-06-05T20:35:33.874Z worker CC-MAIN-2026-17 pid=2880473 saturated#172(elapsed=35s new_merchants=0 remaining=3255 cooldown=240m)
[buy30727] 2026-06-05T20:35:33.902Z worker CC-MAIN-2025-18 pid=2880786 saturated#172(elapsed=33s new_merchants=0 remaining=2382 cooldown=240m)
[buy30727] 2026-06-05T20:35:33.912Z worker CC-MAIN-2025-05 pid=2881296 saturated#172(elapsed=32s new_merchants=0 remaining=625 cooldown=240m)
[buy30727] 2026-06-05T20:35:33.915Z spawned CC-MAIN-2025-47 pid=2883904 baseline_merchants=1421 log=/paperclip/instances/default/workspaces/3ec8f6dd-1735-4479-9825-a2c42edac34c/logs/buy30727_lane_cc_main_2025_47.log
[buy30727] 2026-06-05T20:35:35.449Z spawned CC-MAIN-2025-51 pid=2884035 baseline_merchants=236 log=/paperclip/instances/default/workspaces/3ec8f6dd-1735-4479-9825-a2c42edac34c/logs/buy30727_lane_cc_main_2025_51.log
[buy30727] 2026-06-05T20:35:36.973Z spawned CC-MAIN-2025-43 pid=2884341 baseline_merchants=88 log=/paperclip/instances/default/workspaces/3ec8f6dd-1735-4479-9825-a2c42edac34c/logs/buy30727_lane_cc_main_2025_43.log
[buy30727] 2026-06-05T20:35:38.498Z spawned CC-MAIN-2025-38 pid=2884453 baseline_merchants=28 log=/paperclip/instances/default/workspaces/3ec8f6dd-1735-4479-9825-a2c42edac34c/logs/buy30727_lane_cc_main_2025_38.log
[buy30727] 2026-06-05T20:35:40.020Z spawned CC-MAIN-2025-33 pid=2884586 baseline_merchants=13 log=/paperclip/instances/default/workspaces/3ec8f6dd-1735-4479-9825-a2c42edac34c/logs/buy30727_lane_cc_main_2025_33.log
[buy30727] supervisor start 2026-06-05T20:40:22.121Z target=5 pool=47 backoff=30m/60m/120m/240m alertAt=<4 for 120s
[buy30727] 2026-06-05T20:40:22.143Z spawned CC-MAIN-2025-38 pid=2915041 baseline_merchants=28 log=/paperclip/instances/default/workspaces/3ec8f6dd-1735-4479-9825-a2c42edac34c/logs/buy30727_lane_cc_main_2025_38.log
[buy30727] 2026-06-05T20:40:23.676Z spawned CC-MAIN-2025-33 pid=2915244 baseline_merchants=13 log=/paperclip/instances/default/workspaces/3ec8f6dd-1735-4479-9825-a2c42edac34c/logs/buy30727_lane_cc_main_2025_33.log
[buy30727] 2026-06-05T20:40:25.229Z spawned CC-MAIN-2025-30 pid=2915317 baseline_merchants=136 log=/paperclip/instances/default/workspaces/3ec8f6dd-1735-4479-9825-a2c42edac34c/logs/buy30727_lane_cc_main_2025_30.log
[buy30727] 2026-06-05T20:40:26.766Z spawned CC-MAIN-2025-26 pid=2915460 baseline_merchants=18 log=/paperclip/instances/default/workspaces/3ec8f6dd-1735-4479-9825-a2c42edac34c/logs/buy30727_lane_cc_main_2025_26.log
[buy30727] 2026-06-05T20:40:28.286Z spawned CC-MAIN-2025-08 pid=2915571 baseline_merchants=7 log=/paperclip/instances/default/workspaces/3ec8f6dd-1735-4479-9825-a2c42edac34c/logs/buy30727_lane_cc_main_2025_08.log
[buy30727] 2026-06-05T20:40:59.859Z worker CC-MAIN-2025-38 pid=2915041 saturated#173(elapsed=38s new_merchants=0 remaining=1980 cooldown=240m)
[buy30727] 2026-06-05T20:40:59.890Z worker CC-MAIN-2025-33 pid=2915244 saturated#173(elapsed=36s new_merchants=0 remaining=2151 cooldown=240m)
[buy30727] 2026-06-05T20:40:59.920Z worker CC-MAIN-2025-30 pid=2915317 saturated#173(elapsed=35s new_merchants=0 remaining=2171 cooldown=240m)
[buy30727] 2026-06-05T20:40:59.934Z worker CC-MAIN-2025-26 pid=2915460 saturated#173(elapsed=33s new_merchants=0 remaining=744 cooldown=240m)
[buy30727] 2026-06-05T20:40:59.940Z worker CC-MAIN-2025-08 pid=2915571 saturated#173(elapsed=32s new_merchants=0 remaining=695 cooldown=240m)
[buy30727] 2026-06-05T20:40:59.943Z spawned CC-MAIN-2024-51 pid=2918825 baseline_merchants=427 log=/paperclip/instances/default/workspaces/3ec8f6dd-1735-4479-9825-a2c42edac34c/logs/buy30727_lane_cc_main_2024_51.log
[buy30727] 2026-06-05T20:41:01.470Z spawned CC-MAIN-2024-46 pid=2919161 baseline_merchants=92 log=/paperclip/instances/default/workspaces/3ec8f6dd-1735-4479-9825-a2c42edac34c/logs/buy30727_lane_cc_main_2024_46.log
[buy30727] 2026-06-05T20:41:03.011Z spawned CC-MAIN-2024-42 pid=2919416 baseline_merchants=91 log=/paperclip/instances/default/workspaces/3ec8f6dd-1735-4479-9825-a2c42edac34c/logs/buy30727_lane_cc_main_2024_42.log
[buy30727] 2026-06-05T20:41:04.559Z spawned CC-MAIN-2024-38 pid=2919616 baseline_merchants=36 log=/paperclip/instances/default/workspaces/3ec8f6dd-1735-4479-9825-a2c42edac34c/logs/buy30727_lane_cc_main_2024_38.log
[buy30727] 2026-06-05T20:41:06.078Z spawned CC-MAIN-2024-33 pid=2919831 baseline_merchants=88 log=/paperclip/instances/default/workspaces/3ec8f6dd-1735-4479-9825-a2c42edac34c/logs/buy30727_lane_cc_main_2024_33.log
[buy30727] 2026-06-05T20:41:37.640Z worker CC-MAIN-2024-51 pid=2918825 saturated#173(elapsed=38s new_merchants=0 remaining=1545 cooldown=240m)
[buy30727] 2026-06-05T20:41:37.739Z worker CC-MAIN-2024-46 pid=2919161 saturated#173(elapsed=36s new_merchants=0 remaining=1592 cooldown=240m)
[buy30727] 2026-06-05T20:41:37.774Z worker CC-MAIN-2024-42 pid=2919416 saturated#173(elapsed=35s new_merchants=0 remaining=1420 cooldown=240m)
[buy30727] 2026-06-05T20:41:37.782Z worker CC-MAIN-2024-38 pid=2919616 saturated#173(elapsed=33s new_merchants=0 remaining=581 cooldown=240m)
[buy30727] 2026-06-05T20:41:37.789Z worker CC-MAIN-2024-33 pid=2919831 saturated#173(elapsed=32s new_merchants=0 remaining=508 cooldown=240m)
[buy30727] 2026-06-05T20:41:37.793Z spawned CC-MAIN-2024-30 pid=2923367 baseline_merchants=17 log=/paperclip/instances/default/workspaces/3ec8f6dd-1735-4479-9825-a2c42edac34c/logs/buy30727_lane_cc_main_2024_30.log
[buy30727] 2026-06-05T20:41:39.306Z spawned CC-MAIN-2024-26 pid=2923474 baseline_merchants=7 log=/paperclip/instances/default/workspaces/3ec8f6dd-1735-4479-9825-a2c42edac34c/logs/buy30727_lane_cc_main_2024_26.log
[buy30727] 2026-06-05T20:41:40.820Z spawned CC-MAIN-2024-22 pid=2923650 baseline_merchants=13 log=/paperclip/instances/default/workspaces/3ec8f6dd-1735-4479-9825-a2c42edac34c/logs/buy30727_lane_cc_main_2024_22.log
[buy30727] 2026-06-05T20:41:42.345Z spawned CC-MAIN-2024-18 pid=2923886 baseline_merchants=62 log=/paperclip/instances/default/workspaces/3ec8f6dd-1735-4479-9825-a2c42edac34c/logs/buy30727_lane_cc_main_2024_18.log
[buy30727] 2026-06-05T20:41:43.914Z spawned CC-MAIN-2024-10 pid=2924048 baseline_merchants=4 log=/paperclip/instances/default/workspaces/3ec8f6dd-1735-4479-9825-a2c42edac34c/logs/buy30727_lane_cc_main_2024_10.log
[buy30727] 2026-06-05T20:42:15.449Z worker CC-MAIN-2024-30 pid=2923367 saturated#173(elapsed=38s new_merchants=0 remaining=424 cooldown=240m)
[buy30727] 2026-06-05T20:42:15.454Z worker CC-MAIN-2024-26 pid=2923474 saturated#173(elapsed=36s new_merchants=0 remaining=401 cooldown=240m)
[buy30727] 2026-06-05T20:42:15.477Z worker CC-MAIN-2024-22 pid=2923650 saturated#173(elapsed=35s new_merchants=0 remaining=868 cooldown=240m)
[buy30727] 2026-06-05T20:42:15.507Z worker CC-MAIN-2024-18 pid=2923886 saturated#173(elapsed=33s new_merchants=0 remaining=1033 cooldown=240m)
[buy30727] 2026-06-05T20:42:15.522Z worker CC-MAIN-2024-10 pid=2924048 saturated#173(elapsed=32s new_merchants=0 remaining=794 cooldown=240m)
[buy30727] 2026-06-05T20:42:15.526Z spawned CC-MAIN-2023-50 pid=2927477 baseline_merchants=4 log=/paperclip/instances/default/workspaces/3ec8f6dd-1735-4479-9825-a2c42edac34c/logs/buy30727_lane_cc_main_2023_50.log
[buy30727] 2026-06-05T20:42:17.045Z spawned CC-MAIN-2023-14 pid=2927631 baseline_merchants=53 log=/paperclip/instances/default/workspaces/3ec8f6dd-1735-4479-9825-a2c42edac34c/logs/buy30727_lane_cc_main_2023_14.log
[buy30727] 2026-06-05T20:42:18.579Z spawned CC-MAIN-2023-06 pid=2927774 baseline_merchants=45 log=/paperclip/instances/default/workspaces/3ec8f6dd-1735-4479-9825-a2c42edac34c/logs/buy30727_lane_cc_main_2023_06.log
[buy30727] 2026-06-05T20:42:20.098Z spawned CC-MAIN-2022-49 pid=2927817 baseline_merchants=5 log=/paperclip/instances/default/workspaces/3ec8f6dd-1735-4479-9825-a2c42edac34c/logs/buy30727_lane_cc_main_2022_49.log
[buy30727] 2026-06-05T20:42:21.614Z spawned CC-MAIN-2022-40 pid=2928078 baseline_merchants=3 log=/paperclip/instances/default/workspaces/3ec8f6dd-1735-4479-9825-a2c42edac34c/logs/buy30727_lane_cc_main_2022_40.log
[buy30727] supervisor start 2026-06-05T20:42:32.671Z target=5 pool=47 backoff=30m/60m/120m/240m alertAt=<4 for 120s
[buy30727] 2026-06-05T20:42:32.688Z spawned CC-MAIN-2023-50 pid=2929172 baseline_merchants=4 log=/paperclip/instances/default/workspaces/3ec8f6dd-1735-4479-9825-a2c42edac34c/logs/buy30727_lane_cc_main_2023_50.log
[buy30727] 2026-06-05T20:42:34.201Z spawned CC-MAIN-2023-14 pid=2929311 baseline_merchants=53 log=/paperclip/instances/default/workspaces/3ec8f6dd-1735-4479-9825-a2c42edac34c/logs/buy30727_lane_cc_main_2023_14.log
[buy30727] 2026-06-05T20:42:35.713Z spawned CC-MAIN-2023-06 pid=2929495 baseline_merchants=45 log=/paperclip/instances/default/workspaces/3ec8f6dd-1735-4479-9825-a2c42edac34c/logs/buy30727_lane_cc_main_2023_06.log
[buy30727] 2026-06-05T20:42:37.229Z spawned CC-MAIN-2022-49 pid=2929661 baseline_merchants=5 log=/paperclip/instances/default/workspaces/3ec8f6dd-1735-4479-9825-a2c42edac34c/logs/buy30727_lane_cc_main_2022_49.log
[buy30727] 2026-06-05T20:42:38.742Z spawned CC-MAIN-2022-40 pid=2929855 baseline_merchants=3 log=/paperclip/instances/default/workspaces/3ec8f6dd-1735-4479-9825-a2c42edac34c/logs/buy30727_lane_cc_main_2022_40.log
[buy30727] 2026-06-05T20:43:10.293Z worker CC-MAIN-2023-50 pid=2929172 saturated#173(elapsed=38s new_merchants=0 remaining=378 cooldown=240m)
[buy30727] 2026-06-05T20:43:10.303Z worker CC-MAIN-2023-14 pid=2929311 saturated#173(elapsed=36s new_merchants=0 remaining=248 cooldown=240m)
[buy30727] 2026-06-05T20:43:10.313Z worker CC-MAIN-2023-06 pid=2929495 saturated#173(elapsed=35s new_merchants=0 remaining=318 cooldown=240m)
[buy30727] 2026-06-05T20:43:10.324Z worker CC-MAIN-2022-49 pid=2929661 saturated#173(elapsed=33s new_merchants=0 remaining=323 cooldown=240m)
[buy30727] 2026-06-05T20:43:10.331Z worker CC-MAIN-2022-40 pid=2929855 saturated#173(elapsed=32s new_merchants=0 remaining=295 cooldown=240m)
[buy30727] 2026-06-05T20:43:10.334Z spawned CC-MAIN-2026-21 pid=2932232 baseline_merchants=853 log=/paperclip/instances/default/workspaces/3ec8f6dd-1735-4479-9825-a2c42edac34c/logs/buy30727_lane_cc_main_2026_21.log
[buy30727] 2026-06-05T20:43:11.846Z spawned CC-MAIN-2026-17 pid=2932419 baseline_merchants=7 log=/paperclip/instances/default/workspaces/3ec8f6dd-1735-4479-9825-a2c42edac34c/logs/buy30727_lane_cc_main_2026_17.log
[buy30727] 2026-06-05T20:43:13.375Z spawned CC-MAIN-2025-18 pid=2932654 baseline_merchants=72 log=/paperclip/instances/default/workspaces/3ec8f6dd-1735-4479-9825-a2c42edac34c/logs/buy30727_lane_cc_main_2025_18.log
[buy30727] 2026-06-05T20:43:14.930Z spawned CC-MAIN-2025-05 pid=2932697 baseline_merchants=7 log=/paperclip/instances/default/workspaces/3ec8f6dd-1735-4479-9825-a2c42edac34c/logs/buy30727_lane_cc_main_2025_05.log
[buy30727] 2026-06-05T20:43:16.442Z spawned CC-MAIN-2025-47 pid=2932906 baseline_merchants=1421 log=/paperclip/instances/default/workspaces/3ec8f6dd-1735-4479-9825-a2c42edac34c/logs/buy30727_lane_cc_main_2025_47.log
[buy30727] 2026-06-05T20:43:48.036Z worker CC-MAIN-2026-21 pid=2932232 saturated#173(elapsed=38s new_merchants=0 remaining=862 cooldown=240m)
[buy30727] 2026-06-05T20:43:48.064Z worker CC-MAIN-2026-17 pid=2932419 saturated#174(elapsed=36s new_merchants=0 remaining=3255 cooldown=240m)
[buy30727] 2026-06-05T20:43:48.105Z worker CC-MAIN-2025-18 pid=2932654 saturated#174(elapsed=35s new_merchants=0 remaining=2382 cooldown=240m)
[buy30727] 2026-06-05T20:43:48.113Z worker CC-MAIN-2025-05 pid=2932697 saturated#174(elapsed=33s new_merchants=0 remaining=625 cooldown=240m)
[buy30727] 2026-06-05T20:43:48.157Z worker CC-MAIN-2025-47 pid=2932906 saturated#174(elapsed=32s new_merchants=0 remaining=2294 cooldown=240m)
[buy30727] 2026-06-05T20:43:48.161Z spawned CC-MAIN-2025-51 pid=2937627 baseline_merchants=236 log=/paperclip/instances/default/workspaces/3ec8f6dd-1735-4479-9825-a2c42edac34c/logs/buy30727_lane_cc_main_2025_51.log
[buy30727] 2026-06-05T20:43:49.692Z spawned CC-MAIN-2025-43 pid=2938563 baseline_merchants=88 log=/paperclip/instances/default/workspaces/3ec8f6dd-1735-4479-9825-a2c42edac34c/logs/buy30727_lane_cc_main_2025_43.log
[buy30727] 2026-06-05T20:43:51.230Z spawned CC-MAIN-2025-38 pid=2939466 baseline_merchants=28 log=/paperclip/instances/default/workspaces/3ec8f6dd-1735-4479-9825-a2c42edac34c/logs/buy30727_lane_cc_main_2025_38.log
[buy30727] 2026-06-05T20:43:52.759Z spawned CC-MAIN-2025-33 pid=2940415 baseline_merchants=13 log=/paperclip/instances/default/workspaces/3ec8f6dd-1735-4479-9825-a2c42edac34c/logs/buy30727_lane_cc_main_2025_33.log
[buy30727] 2026-06-05T20:43:54.288Z spawned CC-MAIN-2025-30 pid=2941422 baseline_merchants=136 log=/paperclip/instances/default/workspaces/3ec8f6dd-1735-4479-9825-a2c42edac34c/logs/buy30727_lane_cc_main_2025_30.log
[buy30727] supervisor start 2026-06-05T20:44:43.226Z target=5 pool=47 backoff=30m/60m/120m/240m alertAt=<4 for 120s
[buy30727] 2026-06-05T20:44:43.244Z spawned CC-MAIN-2025-51 pid=2960805 baseline_merchants=236 log=/paperclip/instances/default/workspaces/3ec8f6dd-1735-4479-9825-a2c42edac34c/logs/buy30727_lane_cc_main_2025_51.log
[buy30727] 2026-06-05T20:44:44.770Z spawned CC-MAIN-2025-43 pid=2960876 baseline_merchants=88 log=/paperclip/instances/default/workspaces/3ec8f6dd-1735-4479-9825-a2c42edac34c/logs/buy30727_lane_cc_main_2025_43.log
[buy30727] 2026-06-05T20:44:46.300Z spawned CC-MAIN-2025-38 pid=2960927 baseline_merchants=28 log=/paperclip/instances/default/workspaces/3ec8f6dd-1735-4479-9825-a2c42edac34c/logs/buy30727_lane_cc_main_2025_38.log
[buy30727] 2026-06-05T20:44:47.831Z spawned CC-MAIN-2025-33 pid=2961057 baseline_merchants=13 log=/paperclip/instances/default/workspaces/3ec8f6dd-1735-4479-9825-a2c42edac34c/logs/buy30727_lane_cc_main_2025_33.log
[buy30727] 2026-06-05T20:44:49.381Z spawned CC-MAIN-2025-30 pid=2961209 baseline_merchants=136 log=/paperclip/instances/default/workspaces/3ec8f6dd-1735-4479-9825-a2c42edac34c/logs/buy30727_lane_cc_main_2025_30.log
[buy30727] 2026-06-05T20:45:20.957Z worker CC-MAIN-2025-51 pid=2960805 saturated#174(elapsed=38s new_merchants=0 remaining=2895 cooldown=240m)
[buy30727] 2026-06-05T20:45:20.984Z worker CC-MAIN-2025-43 pid=2960876 saturated#174(elapsed=36s new_merchants=0 remaining=1897 cooldown=240m)
[buy30727] 2026-06-05T20:45:21.013Z worker CC-MAIN-2025-38 pid=2960927 saturated#174(elapsed=35s new_merchants=0 remaining=1980 cooldown=240m)
[buy30727] 2026-06-05T20:45:21.039Z worker CC-MAIN-2025-33 pid=2961057 saturated#174(elapsed=33s new_merchants=0 remaining=2151 cooldown=240m)
[buy30727] 2026-06-05T20:45:21.054Z worker CC-MAIN-2025-30 pid=2961209 saturated#174(elapsed=32s new_merchants=0 remaining=2171 cooldown=240m)
[buy30727] 2026-06-05T20:45:21.057Z spawned CC-MAIN-2025-26 pid=2963547 baseline_merchants=18 log=/paperclip/instances/default/workspaces/3ec8f6dd-1735-4479-9825-a2c42edac34c/logs/buy30727_lane_cc_main_2025_26.log
[buy30727] 2026-06-05T20:45:22.567Z spawned CC-MAIN-2025-08 pid=2963593 baseline_merchants=7 log=/paperclip/instances/default/workspaces/3ec8f6dd-1735-4479-9825-a2c42edac34c/logs/buy30727_lane_cc_main_2025_08.log
[buy30727] 2026-06-05T20:45:24.084Z spawned CC-MAIN-2024-51 pid=2963708 baseline_merchants=427 log=/paperclip/instances/default/workspaces/3ec8f6dd-1735-4479-9825-a2c42edac34c/logs/buy30727_lane_cc_main_2024_51.log
[buy30727] 2026-06-05T20:45:25.632Z spawned CC-MAIN-2024-46 pid=2963809 baseline_merchants=92 log=/paperclip/instances/default/workspaces/3ec8f6dd-1735-4479-9825-a2c42edac34c/logs/buy30727_lane_cc_main_2024_46.log
[buy30727] 2026-06-05T20:45:27.211Z spawned CC-MAIN-2024-42 pid=2963921 baseline_merchants=91 log=/paperclip/instances/default/workspaces/3ec8f6dd-1735-4479-9825-a2c42edac34c/logs/buy30727_lane_cc_main_2024_42.log
[buy30727] 2026-06-05T20:45:58.856Z worker CC-MAIN-2025-26 pid=2963547 saturated#174(elapsed=38s new_merchants=0 remaining=744 cooldown=240m)
[buy30727] 2026-06-05T20:45:58.873Z worker CC-MAIN-2025-08 pid=2963593 saturated#174(elapsed=36s new_merchants=0 remaining=695 cooldown=240m)
[buy30727] 2026-06-05T20:45:58.910Z worker CC-MAIN-2024-51 pid=2963708 saturated#174(elapsed=35s new_merchants=0 remaining=1545 cooldown=240m)
[buy30727] 2026-06-05T20:45:59.005Z worker CC-MAIN-2024-46 pid=2963809 saturated#174(elapsed=33s new_merchants=0 remaining=1592 cooldown=240m)
[buy30727] 2026-06-05T20:45:59.070Z worker CC-MAIN-2024-42 pid=2963921 saturated#174(elapsed=32s new_merchants=0 remaining=1420 cooldown=240m)
[buy30727] 2026-06-05T20:45:59.078Z spawned CC-MAIN-2024-38 pid=2967361 baseline_merchants=36 log=/paperclip/instances/default/workspaces/3ec8f6dd-1735-4479-9825-a2c42edac34c/logs/buy30727_lane_cc_main_2024_38.log
[buy30727] 2026-06-05T20:46:00.613Z spawned CC-MAIN-2024-33 pid=2967718 baseline_merchants=88 log=/paperclip/instances/default/workspaces/3ec8f6dd-1735-4479-9825-a2c42edac34c/logs/buy30727_lane_cc_main_2024_33.log
[buy30727] 2026-06-05T20:46:02.159Z spawned CC-MAIN-2024-30 pid=2968118 baseline_merchants=17 log=/paperclip/instances/default/workspaces/3ec8f6dd-1735-4479-9825-a2c42edac34c/logs/buy30727_lane_cc_main_2024_30.log
[buy30727] 2026-06-05T20:46:03.673Z spawned CC-MAIN-2024-26 pid=2968292 baseline_merchants=7 log=/paperclip/instances/default/workspaces/3ec8f6dd-1735-4479-9825-a2c42edac34c/logs/buy30727_lane_cc_main_2024_26.log
[buy30727] 2026-06-05T20:46:05.186Z spawned CC-MAIN-2024-22 pid=2968479 baseline_merchants=13 log=/paperclip/instances/default/workspaces/3ec8f6dd-1735-4479-9825-a2c42edac34c/logs/buy30727_lane_cc_main_2024_22.log
[buy30727] supervisor start 2026-06-05T20:46:54.683Z target=5 pool=47 backoff=30m/60m/120m/240m alertAt=<4 for 120s
[buy30727] 2026-06-05T20:46:54.711Z spawned CC-MAIN-2024-38 pid=2976543 baseline_merchants=36 log=/paperclip/instances/default/workspaces/3ec8f6dd-1735-4479-9825-a2c42edac34c/logs/buy30727_lane_cc_main_2024_38.log
[buy30727] 2026-06-05T20:46:56.237Z spawned CC-MAIN-2024-33 pid=2976853 baseline_merchants=88 log=/paperclip/instances/default/workspaces/3ec8f6dd-1735-4479-9825-a2c42edac34c/logs/buy30727_lane_cc_main_2024_33.log
[buy30727] 2026-06-05T20:46:57.766Z spawned CC-MAIN-2024-30 pid=2977213 baseline_merchants=17 log=/paperclip/instances/default/workspaces/3ec8f6dd-1735-4479-9825-a2c42edac34c/logs/buy30727_lane_cc_main_2024_30.log
[buy30727] 2026-06-05T20:46:59.290Z spawned CC-MAIN-2024-26 pid=2977502 baseline_merchants=7 log=/paperclip/instances/default/workspaces/3ec8f6dd-1735-4479-9825-a2c42edac34c/logs/buy30727_lane_cc_main_2024_26.log
[buy30727] 2026-06-05T20:47:00.814Z spawned CC-MAIN-2024-22 pid=2977744 baseline_merchants=13 log=/paperclip/instances/default/workspaces/3ec8f6dd-1735-4479-9825-a2c42edac34c/logs/buy30727_lane_cc_main_2024_22.log
[buy30727] 2026-06-05T20:47:32.398Z worker CC-MAIN-2024-38 pid=2976543 saturated#174(elapsed=38s new_merchants=0 remaining=581 cooldown=240m)
[buy30727] 2026-06-05T20:47:32.410Z worker CC-MAIN-2024-33 pid=2976853 saturated#174(elapsed=36s new_merchants=0 remaining=508 cooldown=240m)
[buy30727] 2026-06-05T20:47:32.416Z worker CC-MAIN-2024-30 pid=2977213 saturated#174(elapsed=35s new_merchants=0 remaining=424 cooldown=240m)
[buy30727] 2026-06-05T20:47:32.431Z worker CC-MAIN-2024-26 pid=2977502 saturated#174(elapsed=33s new_merchants=0 remaining=401 cooldown=240m)
[buy30727] 2026-06-05T20:47:32.461Z worker CC-MAIN-2024-22 pid=2977744 saturated#174(elapsed=32s new_merchants=0 remaining=868 cooldown=240m)
[buy30727] 2026-06-05T20:47:32.467Z spawned CC-MAIN-2024-18 pid=2982242 baseline_merchants=62 log=/paperclip/instances/default/workspaces/3ec8f6dd-1735-4479-9825-a2c42edac34c/logs/buy30727_lane_cc_main_2024_18.log
[buy30727] 2026-06-05T20:47:34.022Z spawned CC-MAIN-2024-10 pid=2982408 baseline_merchants=4 log=/paperclip/instances/default/workspaces/3ec8f6dd-1735-4479-9825-a2c42edac34c/logs/buy30727_lane_cc_main_2024_10.log
[buy30727] 2026-06-05T20:47:35.547Z spawned CC-MAIN-2023-50 pid=2982902 baseline_merchants=4 log=/paperclip/instances/default/workspaces/3ec8f6dd-1735-4479-9825-a2c42edac34c/logs/buy30727_lane_cc_main_2023_50.log
[buy30727] 2026-06-05T20:47:37.063Z spawned CC-MAIN-2023-14 pid=2983199 baseline_merchants=53 log=/paperclip/instances/default/workspaces/3ec8f6dd-1735-4479-9825-a2c42edac34c/logs/buy30727_lane_cc_main_2023_14.log
[buy30727] 2026-06-05T20:47:38.579Z spawned CC-MAIN-2023-06 pid=2983362 baseline_merchants=45 log=/paperclip/instances/default/workspaces/3ec8f6dd-1735-4479-9825-a2c42edac34c/logs/buy30727_lane_cc_main_2023_06.log
[buy30727] 2026-06-05T20:48:10.146Z worker CC-MAIN-2024-18 pid=2982242 saturated#174(elapsed=38s new_merchants=0 remaining=1033 cooldown=240m)
[buy30727] 2026-06-05T20:48:10.162Z worker CC-MAIN-2024-10 pid=2982408 saturated#174(elapsed=36s new_merchants=0 remaining=794 cooldown=240m)
[buy30727] 2026-06-05T20:48:10.167Z worker CC-MAIN-2023-50 pid=2982902 saturated#174(elapsed=35s new_merchants=0 remaining=378 cooldown=240m)
[buy30727] 2026-06-05T20:48:10.172Z worker CC-MAIN-2023-14 pid=2983199 saturated#174(elapsed=33s new_merchants=0 remaining=248 cooldown=240m)
[buy30727] 2026-06-05T20:48:10.178Z worker CC-MAIN-2023-06 pid=2983362 saturated#174(elapsed=32s new_merchants=0 remaining=318 cooldown=240m)
[buy30727] 2026-06-05T20:48:10.182Z spawned CC-MAIN-2022-49 pid=2987335 baseline_merchants=5 log=/paperclip/instances/default/workspaces/3ec8f6dd-1735-4479-9825-a2c42edac34c/logs/buy30727_lane_cc_main_2022_49.log
[buy30727] 2026-06-05T20:48:11.699Z spawned CC-MAIN-2022-40 pid=2987407 baseline_merchants=3 log=/paperclip/instances/default/workspaces/3ec8f6dd-1735-4479-9825-a2c42edac34c/logs/buy30727_lane_cc_main_2022_40.log
[buy30727] 2026-06-05T20:48:13.218Z spawned CC-MAIN-2026-21 pid=2987741 baseline_merchants=853 log=/paperclip/instances/default/workspaces/3ec8f6dd-1735-4479-9825-a2c42edac34c/logs/buy30727_lane_cc_main_2026_21.log
[buy30727] 2026-06-05T20:48:14.731Z spawned CC-MAIN-2026-17 pid=2988059 baseline_merchants=7 log=/paperclip/instances/default/workspaces/3ec8f6dd-1735-4479-9825-a2c42edac34c/logs/buy30727_lane_cc_main_2026_17.log
[buy30727] 2026-06-05T20:48:16.260Z spawned CC-MAIN-2025-18 pid=2988114 baseline_merchants=72 log=/paperclip/instances/default/workspaces/3ec8f6dd-1735-4479-9825-a2c42edac34c/logs/buy30727_lane_cc_main_2025_18.log
[buy30727] 2026-06-05T20:48:47.842Z worker CC-MAIN-2022-49 pid=2987335 saturated#174(elapsed=38s new_merchants=0 remaining=323 cooldown=240m)
[buy30727] 2026-06-05T20:48:47.858Z worker CC-MAIN-2022-40 pid=2987407 saturated#174(elapsed=36s new_merchants=0 remaining=295 cooldown=240m)
[buy30727] 2026-06-05T20:48:47.862Z worker CC-MAIN-2026-21 pid=2987741 saturated#174(elapsed=35s new_merchants=0 remaining=862 cooldown=240m)
[buy30727] 2026-06-05T20:48:47.879Z worker CC-MAIN-2026-17 pid=2988059 saturated#175(elapsed=33s new_merchants=0 remaining=3255 cooldown=240m)
[buy30727] 2026-06-05T20:48:47.969Z worker CC-MAIN-2025-18 pid=2988114 saturated#175(elapsed=32s new_merchants=0 remaining=2382 cooldown=240m)
[buy30727] 2026-06-05T20:48:47.978Z spawned CC-MAIN-2025-05 pid=2990793 baseline_merchants=7 log=/paperclip/instances/default/workspaces/3ec8f6dd-1735-4479-9825-a2c42edac34c/logs/buy30727_lane_cc_main_2025_05.log
[buy30727] 2026-06-05T20:48:49.504Z spawned CC-MAIN-2025-47 pid=2991062 baseline_merchants=1421 log=/paperclip/instances/default/workspaces/3ec8f6dd-1735-4479-9825-a2c42edac34c/logs/buy30727_lane_cc_main_2025_47.log
[buy30727] 2026-06-05T20:48:51.085Z spawned CC-MAIN-2025-51 pid=2991272 baseline_merchants=236 log=/paperclip/instances/default/workspaces/3ec8f6dd-1735-4479-9825-a2c42edac34c/logs/buy30727_lane_cc_main_2025_51.log
[buy30727] 2026-06-05T20:48:52.643Z spawned CC-MAIN-2025-43 pid=2991398 baseline_merchants=88 log=/paperclip/instances/default/workspaces/3ec8f6dd-1735-4479-9825-a2c42edac34c/logs/buy30727_lane_cc_main_2025_43.log
[buy30727] 2026-06-05T20:48:54.180Z spawned CC-MAIN-2025-38 pid=2991538 baseline_merchants=28 log=/paperclip/instances/default/workspaces/3ec8f6dd-1735-4479-9825-a2c42edac34c/logs/buy30727_lane_cc_main_2025_38.log
[buy30727] 2026-06-05T20:49:25.750Z worker CC-MAIN-2025-05 pid=2990793 saturated#175(elapsed=38s new_merchants=0 remaining=625 cooldown=240m)
[buy30727] 2026-06-05T20:49:25.798Z worker CC-MAIN-2025-47 pid=2991062 saturated#175(elapsed=36s new_merchants=0 remaining=2294 cooldown=240m)
[buy30727] 2026-06-05T20:49:25.831Z worker CC-MAIN-2025-51 pid=2991272 saturated#175(elapsed=35s new_merchants=0 remaining=2895 cooldown=240m)
[buy30727] 2026-06-05T20:49:25.877Z worker CC-MAIN-2025-43 pid=2991398 saturated#175(elapsed=33s new_merchants=0 remaining=1897 cooldown=240m)
[buy30727] 2026-06-05T20:49:25.946Z worker CC-MAIN-2025-38 pid=2991538 saturated#175(elapsed=32s new_merchants=0 remaining=1980 cooldown=240m)
[buy30727] 2026-06-05T20:49:25.955Z spawned CC-MAIN-2025-33 pid=2993731 baseline_merchants=13 log=/paperclip/instances/default/workspaces/3ec8f6dd-1735-4479-9825-a2c42edac34c/logs/buy30727_lane_cc_main_2025_33.log
[buy30727] 2026-06-05T20:49:27.501Z spawned CC-MAIN-2025-30 pid=2993900 baseline_merchants=136 log=/paperclip/instances/default/workspaces/3ec8f6dd-1735-4479-9825-a2c42edac34c/logs/buy30727_lane_cc_main_2025_30.log
[buy30727] 2026-06-05T20:49:29.036Z spawned CC-MAIN-2025-26 pid=2994231 baseline_merchants=18 log=/paperclip/instances/default/workspaces/3ec8f6dd-1735-4479-9825-a2c42edac34c/logs/buy30727_lane_cc_main_2025_26.log
[buy30727] 2026-06-05T20:49:30.554Z spawned CC-MAIN-2025-08 pid=2994380 baseline_merchants=7 log=/paperclip/instances/default/workspaces/3ec8f6dd-1735-4479-9825-a2c42edac34c/logs/buy30727_lane_cc_main_2025_08.log
[buy30727] 2026-06-05T20:49:32.066Z spawned CC-MAIN-2024-51 pid=2994723 baseline_merchants=427 log=/paperclip/instances/default/workspaces/3ec8f6dd-1735-4479-9825-a2c42edac34c/logs/buy30727_lane_cc_main_2024_51.log
[buy30727] 2026-06-05T20:50:03.648Z worker CC-MAIN-2025-33 pid=2993731 saturated#175(elapsed=38s new_merchants=0 remaining=2151 cooldown=240m)
[buy30727] 2026-06-05T20:50:03.687Z worker CC-MAIN-2025-30 pid=2993900 saturated#175(elapsed=36s new_merchants=0 remaining=2171 cooldown=240m)
[buy30727] 2026-06-05T20:50:03.694Z worker CC-MAIN-2025-26 pid=2994231 saturated#175(elapsed=35s new_merchants=0 remaining=744 cooldown=240m)
[buy30727] 2026-06-05T20:50:03.703Z worker CC-MAIN-2025-08 pid=2994380 saturated#175(elapsed=33s new_merchants=0 remaining=695 cooldown=240m)
[buy30727] 2026-06-05T20:50:03.725Z worker CC-MAIN-2024-51 pid=2994723 saturated#175(elapsed=32s new_merchants=0 remaining=1545 cooldown=240m)
[buy30727] 2026-06-05T20:50:03.728Z spawned CC-MAIN-2024-46 pid=2996894 baseline_merchants=92 log=/paperclip/instances/default/workspaces/3ec8f6dd-1735-4479-9825-a2c42edac34c/logs/buy30727_lane_cc_main_2024_46.log
[buy30727] 2026-06-05T20:50:05.257Z spawned CC-MAIN-2024-42 pid=2996977 baseline_merchants=91 log=/paperclip/instances/default/workspaces/3ec8f6dd-1735-4479-9825-a2c42edac34c/logs/buy30727_lane_cc_main_2024_42.log
[buy30727] 2026-06-05T20:50:06.791Z spawned CC-MAIN-2024-38 pid=2997095 baseline_merchants=36 log=/paperclip/instances/default/workspaces/3ec8f6dd-1735-4479-9825-a2c42edac34c/logs/buy30727_lane_cc_main_2024_38.log
[buy30727] 2026-06-05T20:50:08.308Z spawned CC-MAIN-2024-33 pid=2997194 baseline_merchants=88 log=/paperclip/instances/default/workspaces/3ec8f6dd-1735-4479-9825-a2c42edac34c/logs/buy30727_lane_cc_main_2024_33.log
[buy30727] 2026-06-05T20:50:09.827Z spawned CC-MAIN-2024-30 pid=2997326 baseline_merchants=17 log=/paperclip/instances/default/workspaces/3ec8f6dd-1735-4479-9825-a2c42edac34c/logs/buy30727_lane_cc_main_2024_30.log
[buy30727] 2026-06-05T20:50:41.396Z worker CC-MAIN-2024-46 pid=2996894 saturated#175(elapsed=38s new_merchants=0 remaining=1592 cooldown=240m)
[buy30727] 2026-06-05T20:50:41.422Z worker CC-MAIN-2024-42 pid=2996977 saturated#175(elapsed=36s new_merchants=0 remaining=1420 cooldown=240m)
[buy30727] 2026-06-05T20:50:41.431Z worker CC-MAIN-2024-38 pid=2997095 saturated#175(elapsed=35s new_merchants=0 remaining=581 cooldown=240m)
[buy30727] 2026-06-05T20:50:41.436Z worker CC-MAIN-2024-33 pid=2997194 saturated#175(elapsed=33s new_merchants=0 remaining=508 cooldown=240m)
[buy30727] 2026-06-05T20:50:41.443Z worker CC-MAIN-2024-30 pid=2997326 saturated#175(elapsed=32s new_merchants=0 remaining=424 cooldown=240m)
[buy30727] 2026-06-05T20:50:41.446Z spawned CC-MAIN-2024-26 pid=2998841 baseline_merchants=7 log=/paperclip/instances/default/workspaces/3ec8f6dd-1735-4479-9825-a2c42edac34c/logs/buy30727_lane_cc_main_2024_26.log
[buy30727] 2026-06-05T20:50:42.956Z spawned CC-MAIN-2024-22 pid=2999089 baseline_merchants=13 log=/paperclip/instances/default/workspaces/3ec8f6dd-1735-4479-9825-a2c42edac34c/logs/buy30727_lane_cc_main_2024_22.log
[buy30727] 2026-06-05T20:50:44.483Z spawned CC-MAIN-2024-18 pid=2999393 baseline_merchants=62 log=/paperclip/instances/default/workspaces/3ec8f6dd-1735-4479-9825-a2c42edac34c/logs/buy30727_lane_cc_main_2024_18.log
[buy30727] 2026-06-05T20:50:46.012Z spawned CC-MAIN-2024-10 pid=2999677 baseline_merchants=4 log=/paperclip/instances/default/workspaces/3ec8f6dd-1735-4479-9825-a2c42edac34c/logs/buy30727_lane_cc_main_2024_10.log
[buy30727] 2026-06-05T20:50:47.536Z spawned CC-MAIN-2023-50 pid=2999857 baseline_merchants=4 log=/paperclip/instances/default/workspaces/3ec8f6dd-1735-4479-9825-a2c42edac34c/logs/buy30727_lane_cc_main_2023_50.log
[buy30727] 2026-06-05T20:51:19.076Z worker CC-MAIN-2024-26 pid=2998841 saturated#175(elapsed=38s new_merchants=0 remaining=401 cooldown=240m)
[buy30727] 2026-06-05T20:51:19.092Z worker CC-MAIN-2024-22 pid=2999089 saturated#175(elapsed=36s new_merchants=0 remaining=868 cooldown=240m)
[buy30727] 2026-06-05T20:51:19.116Z worker CC-MAIN-2024-18 pid=2999393 saturated#175(elapsed=35s new_merchants=0 remaining=1033 cooldown=240m)
[buy30727] 2026-06-05T20:51:19.130Z worker CC-MAIN-2024-10 pid=2999677 saturated#175(elapsed=33s new_merchants=0 remaining=794 cooldown=240m)
[buy30727] 2026-06-05T20:51:19.140Z worker CC-MAIN-2023-50 pid=2999857 saturated#175(elapsed=32s new_merchants=0 remaining=378 cooldown=240m)
[buy30727] 2026-06-05T20:51:19.144Z spawned CC-MAIN-2023-14 pid=3002824 baseline_merchants=53 log=/paperclip/instances/default/workspaces/3ec8f6dd-1735-4479-9825-a2c42edac34c/logs/buy30727_lane_cc_main_2023_14.log
[buy30727] 2026-06-05T20:51:20.657Z spawned CC-MAIN-2023-06 pid=3003052 baseline_merchants=45 log=/paperclip/instances/default/workspaces/3ec8f6dd-1735-4479-9825-a2c42edac34c/logs/buy30727_lane_cc_main_2023_06.log
[buy30727] 2026-06-05T20:51:22.166Z spawned CC-MAIN-2022-49 pid=3003189 baseline_merchants=5 log=/paperclip/instances/default/workspaces/3ec8f6dd-1735-4479-9825-a2c42edac34c/logs/buy30727_lane_cc_main_2022_49.log
[buy30727] 2026-06-05T20:51:23.678Z spawned CC-MAIN-2022-40 pid=3003314 baseline_merchants=3 log=/paperclip/instances/default/workspaces/3ec8f6dd-1735-4479-9825-a2c42edac34c/logs/buy30727_lane_cc_main_2022_40.log
[buy30727] 2026-06-05T20:51:25.189Z spawned CC-MAIN-2026-21 pid=3003565 baseline_merchants=853 log=/paperclip/instances/default/workspaces/3ec8f6dd-1735-4479-9825-a2c42edac34c/logs/buy30727_lane_cc_main_2026_21.log
[buy30727] 2026-06-05T20:51:56.731Z worker CC-MAIN-2023-14 pid=3002824 saturated#175(elapsed=38s new_merchants=0 remaining=248 cooldown=240m)
[buy30727] 2026-06-05T20:51:56.737Z worker CC-MAIN-2023-06 pid=3003052 saturated#175(elapsed=36s new_merchants=0 remaining=318 cooldown=240m)
[buy30727] 2026-06-05T20:51:56.744Z worker CC-MAIN-2022-49 pid=3003189 saturated#175(elapsed=35s new_merchants=0 remaining=323 cooldown=240m)
[buy30727] 2026-06-05T20:51:56.750Z worker CC-MAIN-2022-40 pid=3003314 saturated#175(elapsed=33s new_merchants=0 remaining=295 cooldown=240m)
[buy30727] 2026-06-05T20:51:56.753Z worker CC-MAIN-2026-21 pid=3003565 saturated#175(elapsed=32s new_merchants=0 remaining=862 cooldown=240m)
[buy30727] 2026-06-05T20:51:56.756Z spawned CC-MAIN-2026-17 pid=3006246 baseline_merchants=7 log=/paperclip/instances/default/workspaces/3ec8f6dd-1735-4479-9825-a2c42edac34c/logs/buy30727_lane_cc_main_2026_17.log
[buy30727] 2026-06-05T20:51:58.282Z spawned CC-MAIN-2025-18 pid=3006350 baseline_merchants=72 log=/paperclip/instances/default/workspaces/3ec8f6dd-1735-4479-9825-a2c42edac34c/logs/buy30727_lane_cc_main_2025_18.log
[buy30727] 2026-06-05T20:51:59.823Z spawned CC-MAIN-2025-05 pid=3006463 baseline_merchants=7 log=/paperclip/instances/default/workspaces/3ec8f6dd-1735-4479-9825-a2c42edac34c/logs/buy30727_lane_cc_main_2025_05.log
[buy30727] 2026-06-05T20:52:01.349Z spawned CC-MAIN-2025-47 pid=3006603 baseline_merchants=1421 log=/paperclip/instances/default/workspaces/3ec8f6dd-1735-4479-9825-a2c42edac34c/logs/buy30727_lane_cc_main_2025_47.log
[buy30727] 2026-06-05T20:52:02.899Z spawned CC-MAIN-2025-51 pid=3006811 baseline_merchants=236 log=/paperclip/instances/default/workspaces/3ec8f6dd-1735-4479-9825-a2c42edac34c/logs/buy30727_lane_cc_main_2025_51.log
[buy30727] 2026-06-05T20:52:34.466Z worker CC-MAIN-2026-17 pid=3006246 saturated#176(elapsed=38s new_merchants=0 remaining=3255 cooldown=240m)
[buy30727] 2026-06-05T20:52:34.484Z worker CC-MAIN-2025-18 pid=3006350 saturated#176(elapsed=36s new_merchants=0 remaining=2382 cooldown=240m)
[buy30727] 2026-06-05T20:52:34.489Z worker CC-MAIN-2025-05 pid=3006463 saturated#176(elapsed=35s new_merchants=0 remaining=625 cooldown=240m)
[buy30727] 2026-06-05T20:52:34.513Z worker CC-MAIN-2025-47 pid=3006603 saturated#176(elapsed=33s new_merchants=0 remaining=2294 cooldown=240m)
[buy30727] 2026-06-05T20:52:34.533Z worker CC-MAIN-2025-51 pid=3006811 saturated#176(elapsed=32s new_merchants=0 remaining=2895 cooldown=240m)
[buy30727] 2026-06-05T20:52:34.537Z spawned CC-MAIN-2025-43 pid=3009576 baseline_merchants=88 log=/paperclip/instances/default/workspaces/3ec8f6dd-1735-4479-9825-a2c42edac34c/logs/buy30727_lane_cc_main_2025_43.log
[buy30727] 2026-06-05T20:52:36.062Z spawned CC-MAIN-2025-38 pid=3009637 baseline_merchants=28 log=/paperclip/instances/default/workspaces/3ec8f6dd-1735-4479-9825-a2c42edac34c/logs/buy30727_lane_cc_main_2025_38.log
[buy30727] 2026-06-05T20:52:37.581Z spawned CC-MAIN-2025-33 pid=3009731 baseline_merchants=13 log=/paperclip/instances/default/workspaces/3ec8f6dd-1735-4479-9825-a2c42edac34c/logs/buy30727_lane_cc_main_2025_33.log
[buy30727] 2026-06-05T20:52:39.107Z spawned CC-MAIN-2025-30 pid=3009761 baseline_merchants=136 log=/paperclip/instances/default/workspaces/3ec8f6dd-1735-4479-9825-a2c42edac34c/logs/buy30727_lane_cc_main_2025_30.log
[buy30727] 2026-06-05T20:52:40.643Z spawned CC-MAIN-2025-26 pid=3009818 baseline_merchants=18 log=/paperclip/instances/default/workspaces/3ec8f6dd-1735-4479-9825-a2c42edac34c/logs/buy30727_lane_cc_main_2025_26.log
[buy30727] 2026-06-05T20:53:12.203Z worker CC-MAIN-2025-43 pid=3009576 saturated#176(elapsed=38s new_merchants=0 remaining=1897 cooldown=240m)
[buy30727] 2026-06-05T20:53:12.222Z worker CC-MAIN-2025-38 pid=3009637 saturated#176(elapsed=36s new_merchants=0 remaining=1980 cooldown=240m)
[buy30727] 2026-06-05T20:53:12.243Z worker CC-MAIN-2025-33 pid=3009731 saturated#176(elapsed=35s new_merchants=0 remaining=2151 cooldown=240m)
[buy30727] 2026-06-05T20:53:12.267Z worker CC-MAIN-2025-30 pid=3009761 saturated#176(elapsed=33s new_merchants=0 remaining=2171 cooldown=240m)
[buy30727] 2026-06-05T20:53:12.271Z worker CC-MAIN-2025-26 pid=3009818 saturated#176(elapsed=32s new_merchants=0 remaining=744 cooldown=240m)
[buy30727] 2026-06-05T20:53:12.274Z spawned CC-MAIN-2025-08 pid=3010994 baseline_merchants=7 log=/paperclip/instances/default/workspaces/3ec8f6dd-1735-4479-9825-a2c42edac34c/logs/buy30727_lane_cc_main_2025_08.log
[buy30727] 2026-06-05T20:53:13.783Z spawned CC-MAIN-2024-51 pid=3011031 baseline_merchants=427 log=/paperclip/instances/default/workspaces/3ec8f6dd-1735-4479-9825-a2c42edac34c/logs/buy30727_lane_cc_main_2024_51.log
[buy30727] 2026-06-05T20:53:15.300Z spawned CC-MAIN-2024-46 pid=3011121 baseline_merchants=92 log=/paperclip/instances/default/workspaces/3ec8f6dd-1735-4479-9825-a2c42edac34c/logs/buy30727_lane_cc_main_2024_46.log
[buy30727] 2026-06-05T20:53:16.826Z spawned CC-MAIN-2024-42 pid=3011174 baseline_merchants=91 log=/paperclip/instances/default/workspaces/3ec8f6dd-1735-4479-9825-a2c42edac34c/logs/buy30727_lane_cc_main_2024_42.log
[buy30727] 2026-06-05T20:53:18.352Z spawned CC-MAIN-2024-38 pid=3011199 baseline_merchants=36 log=/paperclip/instances/default/workspaces/3ec8f6dd-1735-4479-9825-a2c42edac34c/logs/buy30727_lane_cc_main_2024_38.log
[buy30727] 2026-06-05T20:53:19.918Z tick=10 active=5 drained=20 saturated=27 known_merchants=15704 status=[CC-MAIN-2025-08:695/16394, CC-MAIN-2024-51:1545/44052, CC-MAIN-2024-46:1592/59556, CC-MAIN-2024-42:1420/56668, CC-MAIN-2024-38:581/19211]
[buy30727] 2026-06-05T20:53:49.947Z worker CC-MAIN-2025-08 pid=3010994 saturated#176(elapsed=38s new_merchants=0 remaining=695 cooldown=240m)
[buy30727] 2026-06-05T20:53:49.965Z worker CC-MAIN-2024-51 pid=3011031 saturated#176(elapsed=36s new_merchants=0 remaining=1545 cooldown=240m)
[buy30727] 2026-06-05T20:53:49.994Z worker CC-MAIN-2024-46 pid=3011121 saturated#176(elapsed=35s new_merchants=0 remaining=1592 cooldown=240m)
[buy30727] 2026-06-05T20:53:50.026Z worker CC-MAIN-2024-42 pid=3011174 saturated#176(elapsed=33s new_merchants=0 remaining=1420 cooldown=240m)
[buy30727] 2026-06-05T20:53:50.030Z worker CC-MAIN-2024-38 pid=3011199 saturated#176(elapsed=32s new_merchants=0 remaining=581 cooldown=240m)
[buy30727] 2026-06-05T20:53:50.034Z spawned CC-MAIN-2024-33 pid=3012199 baseline_merchants=88 log=/paperclip/instances/default/workspaces/3ec8f6dd-1735-4479-9825-a2c42edac34c/logs/buy30727_lane_cc_main_2024_33.log
[buy30727] 2026-06-05T20:53:51.543Z spawned CC-MAIN-2024-30 pid=3012314 baseline_merchants=17 log=/paperclip/instances/default/workspaces/3ec8f6dd-1735-4479-9825-a2c42edac34c/logs/buy30727_lane_cc_main_2024_30.log
[buy30727] 2026-06-05T20:53:53.052Z spawned CC-MAIN-2024-26 pid=3012379 baseline_merchants=7 log=/paperclip/instances/default/workspaces/3ec8f6dd-1735-4479-9825-a2c42edac34c/logs/buy30727_lane_cc_main_2024_26.log
[buy30727] 2026-06-05T20:53:54.563Z spawned CC-MAIN-2024-22 pid=3012492 baseline_merchants=13 log=/paperclip/instances/default/workspaces/3ec8f6dd-1735-4479-9825-a2c42edac34c/logs/buy30727_lane_cc_main_2024_22.log
[buy30727] 2026-06-05T20:53:56.083Z spawned CC-MAIN-2024-18 pid=3012542 baseline_merchants=62 log=/paperclip/instances/default/workspaces/3ec8f6dd-1735-4479-9825-a2c42edac34c/logs/buy30727_lane_cc_main_2024_18.log
[buy30727] 2026-06-05T20:54:27.626Z worker CC-MAIN-2024-33 pid=3012199 saturated#176(elapsed=38s new_merchants=0 remaining=508 cooldown=240m)
[buy30727] 2026-06-05T20:54:27.632Z worker CC-MAIN-2024-30 pid=3012314 saturated#176(elapsed=36s new_merchants=0 remaining=424 cooldown=240m)
[buy30727] 2026-06-05T20:54:27.636Z worker CC-MAIN-2024-26 pid=3012379 saturated#176(elapsed=35s new_merchants=0 remaining=401 cooldown=240m)
[buy30727] 2026-06-05T20:54:27.651Z worker CC-MAIN-2024-22 pid=3012492 saturated#176(elapsed=33s new_merchants=0 remaining=868 cooldown=240m)
[buy30727] 2026-06-05T20:54:27.670Z worker CC-MAIN-2024-18 pid=3012542 saturated#176(elapsed=32s new_merchants=0 remaining=1033 cooldown=240m)
[buy30727] 2026-06-05T20:54:27.674Z spawned CC-MAIN-2024-10 pid=3013932 baseline_merchants=4 log=/paperclip/instances/default/workspaces/3ec8f6dd-1735-4479-9825-a2c42edac34c/logs/buy30727_lane_cc_main_2024_10.log
[buy30727] 2026-06-05T20:54:29.193Z spawned CC-MAIN-2023-50 pid=3013980 baseline_merchants=4 log=/paperclip/instances/default/workspaces/3ec8f6dd-1735-4479-9825-a2c42edac34c/logs/buy30727_lane_cc_main_2023_50.log
[buy30727] 2026-06-05T20:54:30.703Z spawned CC-MAIN-2023-14 pid=3014028 baseline_merchants=53 log=/paperclip/instances/default/workspaces/3ec8f6dd-1735-4479-9825-a2c42edac34c/logs/buy30727_lane_cc_main_2023_14.log
[buy30727] 2026-06-05T20:54:32.210Z spawned CC-MAIN-2023-06 pid=3014115 baseline_merchants=45 log=/paperclip/instances/default/workspaces/3ec8f6dd-1735-4479-9825-a2c42edac34c/logs/buy30727_lane_cc_main_2023_06.log
[buy30727] 2026-06-05T20:54:33.720Z spawned CC-MAIN-2022-49 pid=3014161 baseline_merchants=5 log=/paperclip/instances/default/workspaces/3ec8f6dd-1735-4479-9825-a2c42edac34c/logs/buy30727_lane_cc_main_2022_49.log
[buy30727] 2026-06-05T20:55:05.245Z worker CC-MAIN-2024-10 pid=3013932 saturated#176(elapsed=38s new_merchants=0 remaining=794 cooldown=240m)
[buy30727] 2026-06-05T20:55:05.249Z worker CC-MAIN-2023-50 pid=3013980 saturated#176(elapsed=36s new_merchants=0 remaining=378 cooldown=240m)
[buy30727] 2026-06-05T20:55:05.252Z worker CC-MAIN-2023-14 pid=3014028 saturated#176(elapsed=35s new_merchants=0 remaining=248 cooldown=240m)
[buy30727] 2026-06-05T20:55:05.255Z worker CC-MAIN-2023-06 pid=3014115 saturated#176(elapsed=33s new_merchants=0 remaining=318 cooldown=240m)
[buy30727] 2026-06-05T20:55:05.262Z worker CC-MAIN-2022-49 pid=3014161 saturated#176(elapsed=32s new_merchants=0 remaining=323 cooldown=240m)
[buy30727] 2026-06-05T20:55:05.265Z spawned CC-MAIN-2022-40 pid=3015132 baseline_merchants=3 log=/paperclip/instances/default/workspaces/3ec8f6dd-1735-4479-9825-a2c42edac34c/logs/buy30727_lane_cc_main_2022_40.log
[buy30727] 2026-06-05T20:55:06.775Z spawned CC-MAIN-2026-21 pid=3015244 baseline_merchants=853 log=/paperclip/instances/default/workspaces/3ec8f6dd-1735-4479-9825-a2c42edac34c/logs/buy30727_lane_cc_main_2026_21.log
[buy30727] 2026-06-05T20:55:08.284Z spawned CC-MAIN-2026-17 pid=3015315 baseline_merchants=7 log=/paperclip/instances/default/workspaces/3ec8f6dd-1735-4479-9825-a2c42edac34c/logs/buy30727_lane_cc_main_2026_17.log
[buy30727] 2026-06-05T20:55:09.805Z spawned CC-MAIN-2025-18 pid=3015360 baseline_merchants=72 log=/paperclip/instances/default/workspaces/3ec8f6dd-1735-4479-9825-a2c42edac34c/logs/buy30727_lane_cc_main_2025_18.log
[buy30727] 2026-06-05T20:55:11.330Z spawned CC-MAIN-2025-05 pid=3015389 baseline_merchants=7 log=/paperclip/instances/default/workspaces/3ec8f6dd-1735-4479-9825-a2c42edac34c/logs/buy30727_lane_cc_main_2025_05.log
[buy30727] 2026-06-05T20:55:42.869Z worker CC-MAIN-2022-40 pid=3015132 saturated#176(elapsed=38s new_merchants=0 remaining=295 cooldown=240m)
[buy30727] 2026-06-05T20:55:42.872Z worker CC-MAIN-2026-21 pid=3015244 saturated#176(elapsed=36s new_merchants=0 remaining=862 cooldown=240m)
[buy30727] 2026-06-05T20:55:42.882Z worker CC-MAIN-2026-17 pid=3015315 saturated#177(elapsed=35s new_merchants=0 remaining=3255 cooldown=240m)
[buy30727] 2026-06-05T20:55:42.902Z worker CC-MAIN-2025-18 pid=3015360 saturated#177(elapsed=33s new_merchants=0 remaining=2382 cooldown=240m)
[buy30727] 2026-06-05T20:55:42.907Z worker CC-MAIN-2025-05 pid=3015389 saturated#177(elapsed=32s new_merchants=0 remaining=625 cooldown=240m)
[buy30727] 2026-06-05T20:55:42.910Z spawned CC-MAIN-2025-47 pid=3016460 baseline_merchants=1421 log=/paperclip/instances/default/workspaces/3ec8f6dd-1735-4479-9825-a2c42edac34c/logs/buy30727_lane_cc_main_2025_47.log
[buy30727] 2026-06-05T20:55:44.437Z spawned CC-MAIN-2025-51 pid=3016749 baseline_merchants=236 log=/paperclip/instances/default/workspaces/3ec8f6dd-1735-4479-9825-a2c42edac34c/logs/buy30727_lane_cc_main_2025_51.log
[buy30727] 2026-06-05T20:55:45.975Z spawned CC-MAIN-2025-43 pid=3016976 baseline_merchants=88 log=/paperclip/instances/default/workspaces/3ec8f6dd-1735-4479-9825-a2c42edac34c/logs/buy30727_lane_cc_main_2025_43.log
[buy30727] 2026-06-05T20:55:47.507Z spawned CC-MAIN-2025-38 pid=3017202 baseline_merchants=28 log=/paperclip/instances/default/workspaces/3ec8f6dd-1735-4479-9825-a2c42edac34c/logs/buy30727_lane_cc_main_2025_38.log
[buy30727] 2026-06-05T20:55:49.034Z spawned CC-MAIN-2025-33 pid=3017404 baseline_merchants=13 log=/paperclip/instances/default/workspaces/3ec8f6dd-1735-4479-9825-a2c42edac34c/logs/buy30727_lane_cc_main_2025_33.log
[buy30727] 2026-06-05T20:56:20.580Z worker CC-MAIN-2025-47 pid=3016460 saturated#177(elapsed=38s new_merchants=0 remaining=2294 cooldown=240m)
[buy30727] 2026-06-05T20:56:20.597Z worker CC-MAIN-2025-51 pid=3016749 saturated#177(elapsed=36s new_merchants=0 remaining=2895 cooldown=240m)
[buy30727] 2026-06-05T20:56:20.611Z worker CC-MAIN-2025-43 pid=3016976 saturated#177(elapsed=35s new_merchants=0 remaining=1897 cooldown=240m)
[buy30727] 2026-06-05T20:56:20.623Z worker CC-MAIN-2025-38 pid=3017202 saturated#177(elapsed=33s new_merchants=0 remaining=1980 cooldown=240m)
[buy30727] 2026-06-05T20:56:20.642Z worker CC-MAIN-2025-33 pid=3017404 saturated#177(elapsed=32s new_merchants=0 remaining=2151 cooldown=240m)
[buy30727] 2026-06-05T20:56:20.644Z spawned CC-MAIN-2025-30 pid=3024186 baseline_merchants=136 log=/paperclip/instances/default/workspaces/3ec8f6dd-1735-4479-9825-a2c42edac34c/logs/buy30727_lane_cc_main_2025_30.log
[buy30727] 2026-06-05T20:56:22.176Z spawned CC-MAIN-2025-26 pid=3024252 baseline_merchants=18 log=/paperclip/instances/default/workspaces/3ec8f6dd-1735-4479-9825-a2c42edac34c/logs/buy30727_lane_cc_main_2025_26.log
[buy30727] 2026-06-05T20:56:23.684Z spawned CC-MAIN-2025-08 pid=3024445 baseline_merchants=7 log=/paperclip/instances/default/workspaces/3ec8f6dd-1735-4479-9825-a2c42edac34c/logs/buy30727_lane_cc_main_2025_08.log
[buy30727] 2026-06-05T20:56:25.192Z spawned CC-MAIN-2024-51 pid=3024773 baseline_merchants=427 log=/paperclip/instances/default/workspaces/3ec8f6dd-1735-4479-9825-a2c42edac34c/logs/buy30727_lane_cc_main_2024_51.log
[buy30727] 2026-06-05T20:56:26.712Z spawned CC-MAIN-2024-46 pid=3024858 baseline_merchants=92 log=/paperclip/instances/default/workspaces/3ec8f6dd-1735-4479-9825-a2c42edac34c/logs/buy30727_lane_cc_main_2024_46.log
[buy30727] 2026-06-05T20:56:58.253Z worker CC-MAIN-2025-30 pid=3024186 saturated#177(elapsed=38s new_merchants=0 remaining=2171 cooldown=240m)
[buy30727] 2026-06-05T20:56:58.257Z worker CC-MAIN-2025-26 pid=3024252 saturated#177(elapsed=36s new_merchants=0 remaining=744 cooldown=240m)
[buy30727] 2026-06-05T20:56:58.260Z worker CC-MAIN-2025-08 pid=3024445 saturated#177(elapsed=35s new_merchants=0 remaining=695 cooldown=240m)
[buy30727] 2026-06-05T20:56:58.271Z worker CC-MAIN-2024-51 pid=3024773 saturated#177(elapsed=33s new_merchants=0 remaining=1545 cooldown=240m)
[buy30727] 2026-06-05T20:56:58.289Z worker CC-MAIN-2024-46 pid=3024858 saturated#177(elapsed=32s new_merchants=0 remaining=1592 cooldown=240m)
[buy30727] 2026-06-05T20:56:58.292Z spawned CC-MAIN-2024-42 pid=3027297 baseline_merchants=91 log=/paperclip/instances/default/workspaces/3ec8f6dd-1735-4479-9825-a2c42edac34c/logs/buy30727_lane_cc_main_2024_42.log
[buy30727] 2026-06-05T20:56:59.816Z spawned CC-MAIN-2024-38 pid=3027407 baseline_merchants=36 log=/paperclip/instances/default/workspaces/3ec8f6dd-1735-4479-9825-a2c42edac34c/logs/buy30727_lane_cc_main_2024_38.log
[buy30727] 2026-06-05T20:57:01.327Z spawned CC-MAIN-2024-33 pid=3027576 baseline_merchants=88 log=/paperclip/instances/default/workspaces/3ec8f6dd-1735-4479-9825-a2c42edac34c/logs/buy30727_lane_cc_main_2024_33.log
[buy30727] 2026-06-05T20:57:02.837Z spawned CC-MAIN-2024-30 pid=3027696 baseline_merchants=17 log=/paperclip/instances/default/workspaces/3ec8f6dd-1735-4479-9825-a2c42edac34c/logs/buy30727_lane_cc_main_2024_30.log
[buy30727] 2026-06-05T20:57:04.347Z spawned CC-MAIN-2024-26 pid=3027734 baseline_merchants=7 log=/paperclip/instances/default/workspaces/3ec8f6dd-1735-4479-9825-a2c42edac34c/logs/buy30727_lane_cc_main_2024_26.log
[buy30727] 2026-06-05T20:57:35.899Z worker CC-MAIN-2024-42 pid=3027297 saturated#177(elapsed=38s new_merchants=0 remaining=1420 cooldown=240m)
[buy30727] 2026-06-05T20:57:35.904Z worker CC-MAIN-2024-38 pid=3027407 saturated#177(elapsed=36s new_merchants=0 remaining=581 cooldown=240m)
[buy30727] 2026-06-05T20:57:35.909Z worker CC-MAIN-2024-33 pid=3027576 saturated#177(elapsed=35s new_merchants=0 remaining=508 cooldown=240m)
[buy30727] 2026-06-05T20:57:35.911Z worker CC-MAIN-2024-30 pid=3027696 saturated#177(elapsed=33s new_merchants=0 remaining=424 cooldown=240m)
[buy30727] 2026-06-05T20:57:35.917Z worker CC-MAIN-2024-26 pid=3027734 saturated#177(elapsed=32s new_merchants=0 remaining=401 cooldown=240m)
[buy30727] 2026-06-05T20:57:35.920Z spawned CC-MAIN-2024-22 pid=3029827 baseline_merchants=13 log=/paperclip/instances/default/workspaces/3ec8f6dd-1735-4479-9825-a2c42edac34c/logs/buy30727_lane_cc_main_2024_22.log
[buy30727] 2026-06-05T20:57:37.441Z spawned CC-MAIN-2024-18 pid=3030159 baseline_merchants=62 log=/paperclip/instances/default/workspaces/3ec8f6dd-1735-4479-9825-a2c42edac34c/logs/buy30727_lane_cc_main_2024_18.log
[buy30727] 2026-06-05T20:57:38.964Z spawned CC-MAIN-2024-10 pid=3030185 baseline_merchants=4 log=/paperclip/instances/default/workspaces/3ec8f6dd-1735-4479-9825-a2c42edac34c/logs/buy30727_lane_cc_main_2024_10.log
[buy30727] 2026-06-05T20:57:40.483Z spawned CC-MAIN-2023-50 pid=3030389 baseline_merchants=4 log=/paperclip/instances/default/workspaces/3ec8f6dd-1735-4479-9825-a2c42edac34c/logs/buy30727_lane_cc_main_2023_50.log
[buy30727] 2026-06-05T20:57:41.991Z spawned CC-MAIN-2023-14 pid=3030414 baseline_merchants=53 log=/paperclip/instances/default/workspaces/3ec8f6dd-1735-4479-9825-a2c42edac34c/logs/buy30727_lane_cc_main_2023_14.log
[buy30727] 2026-06-05T20:58:13.513Z worker CC-MAIN-2024-22 pid=3029827 saturated#177(elapsed=38s new_merchants=0 remaining=868 cooldown=240m)
[buy30727] 2026-06-05T20:58:13.544Z worker CC-MAIN-2024-18 pid=3030159 saturated#177(elapsed=36s new_merchants=0 remaining=1033 cooldown=240m)
[buy30727] 2026-06-05T20:58:13.566Z worker CC-MAIN-2024-10 pid=3030185 saturated#177(elapsed=35s new_merchants=0 remaining=794 cooldown=240m)
[buy30727] 2026-06-05T20:58:13.574Z worker CC-MAIN-2023-50 pid=3030389 saturated#177(elapsed=33s new_merchants=0 remaining=378 cooldown=240m)
[buy30727] 2026-06-05T20:58:13.578Z worker CC-MAIN-2023-14 pid=3030414 saturated#177(elapsed=32s new_merchants=0 remaining=248 cooldown=240m)
[buy30727] 2026-06-05T20:58:13.583Z spawned CC-MAIN-2023-06 pid=3032085 baseline_merchants=45 log=/paperclip/instances/default/workspaces/3ec8f6dd-1735-4479-9825-a2c42edac34c/logs/buy30727_lane_cc_main_2023_06.log
[buy30727] 2026-06-05T20:58:15.095Z spawned CC-MAIN-2022-49 pid=3032149 baseline_merchants=5 log=/paperclip/instances/default/workspaces/3ec8f6dd-1735-4479-9825-a2c42edac34c/logs/buy30727_lane_cc_main_2022_49.log
[buy30727] 2026-06-05T20:58:16.604Z spawned CC-MAIN-2022-40 pid=3032381 baseline_merchants=3 log=/paperclip/instances/default/workspaces/3ec8f6dd-1735-4479-9825-a2c42edac34c/logs/buy30727_lane_cc_main_2022_40.log
[buy30727] 2026-06-05T20:58:18.114Z spawned CC-MAIN-2026-21 pid=3032425 baseline_merchants=853 log=/paperclip/instances/default/workspaces/3ec8f6dd-1735-4479-9825-a2c42edac34c/logs/buy30727_lane_cc_main_2026_21.log
[buy30727] 2026-06-05T20:58:19.622Z spawned CC-MAIN-2026-17 pid=3032507 baseline_merchants=7 log=/paperclip/instances/default/workspaces/3ec8f6dd-1735-4479-9825-a2c42edac34c/logs/buy30727_lane_cc_main_2026_17.log
[buy30727] 2026-06-05T20:58:51.155Z worker CC-MAIN-2023-06 pid=3032085 saturated#177(elapsed=38s new_merchants=0 remaining=318 cooldown=240m)
[buy30727] 2026-06-05T20:58:51.163Z worker CC-MAIN-2022-49 pid=3032149 saturated#177(elapsed=36s new_merchants=0 remaining=323 cooldown=240m)
[buy30727] 2026-06-05T20:58:51.174Z worker CC-MAIN-2022-40 pid=3032381 saturated#177(elapsed=35s new_merchants=0 remaining=295 cooldown=240m)
[buy30727] 2026-06-05T20:58:51.182Z worker CC-MAIN-2026-21 pid=3032425 saturated#177(elapsed=33s new_merchants=0 remaining=862 cooldown=240m)
[buy30727] 2026-06-05T20:58:51.215Z worker CC-MAIN-2026-17 pid=3032507 saturated#178(elapsed=32s new_merchants=0 remaining=3255 cooldown=240m)
[buy30727] 2026-06-05T20:58:51.218Z spawned CC-MAIN-2025-18 pid=3033759 baseline_merchants=72 log=/paperclip/instances/default/workspaces/3ec8f6dd-1735-4479-9825-a2c42edac34c/logs/buy30727_lane_cc_main_2025_18.log
[buy30727] 2026-06-05T20:58:52.756Z spawned CC-MAIN-2025-05 pid=3033797 baseline_merchants=7 log=/paperclip/instances/default/workspaces/3ec8f6dd-1735-4479-9825-a2c42edac34c/logs/buy30727_lane_cc_main_2025_05.log
[buy30727] 2026-06-05T20:58:54.264Z spawned CC-MAIN-2025-47 pid=3033818 baseline_merchants=1421 log=/paperclip/instances/default/workspaces/3ec8f6dd-1735-4479-9825-a2c42edac34c/logs/buy30727_lane_cc_main_2025_47.log
[buy30727] 2026-06-05T20:58:55.783Z spawned CC-MAIN-2025-51 pid=3033866 baseline_merchants=236 log=/paperclip/instances/default/workspaces/3ec8f6dd-1735-4479-9825-a2c42edac34c/logs/buy30727_lane_cc_main_2025_51.log
[buy30727] 2026-06-05T20:58:57.300Z spawned CC-MAIN-2025-43 pid=3033942 baseline_merchants=88 log=/paperclip/instances/default/workspaces/3ec8f6dd-1735-4479-9825-a2c42edac34c/logs/buy30727_lane_cc_main_2025_43.log
[buy30727] 2026-06-05T20:59:28.871Z worker CC-MAIN-2025-18 pid=3033759 saturated#178(elapsed=38s new_merchants=0 remaining=2382 cooldown=240m)
[buy30727] 2026-06-05T20:59:28.877Z worker CC-MAIN-2025-05 pid=3033797 saturated#178(elapsed=36s new_merchants=0 remaining=625 cooldown=240m)
[buy30727] 2026-06-05T20:59:28.896Z worker CC-MAIN-2025-47 pid=3033818 saturated#178(elapsed=35s new_merchants=0 remaining=2294 cooldown=240m)
[buy30727] 2026-06-05T20:59:28.915Z worker CC-MAIN-2025-51 pid=3033866 saturated#178(elapsed=33s new_merchants=0 remaining=2895 cooldown=240m)
[buy30727] 2026-06-05T20:59:28.932Z worker CC-MAIN-2025-43 pid=3033942 saturated#178(elapsed=32s new_merchants=0 remaining=1897 cooldown=240m)
[buy30727] 2026-06-05T20:59:28.935Z spawned CC-MAIN-2025-38 pid=3035297 baseline_merchants=28 log=/paperclip/instances/default/workspaces/3ec8f6dd-1735-4479-9825-a2c42edac34c/logs/buy30727_lane_cc_main_2025_38.log
[buy30727] 2026-06-05T20:59:30.451Z spawned CC-MAIN-2025-33 pid=3035367 baseline_merchants=13 log=/paperclip/instances/default/workspaces/3ec8f6dd-1735-4479-9825-a2c42edac34c/logs/buy30727_lane_cc_main_2025_33.log
[buy30727] 2026-06-05T20:59:31.976Z spawned CC-MAIN-2025-30 pid=3035459 baseline_merchants=136 log=/paperclip/instances/default/workspaces/3ec8f6dd-1735-4479-9825-a2c42edac34c/logs/buy30727_lane_cc_main_2025_30.log
[buy30727] 2026-06-05T20:59:33.498Z spawned CC-MAIN-2025-26 pid=3035514 baseline_merchants=18 log=/paperclip/instances/default/workspaces/3ec8f6dd-1735-4479-9825-a2c42edac34c/logs/buy30727_lane_cc_main_2025_26.log
[buy30727] 2026-06-05T20:59:35.006Z spawned CC-MAIN-2025-08 pid=3035578 baseline_merchants=7 log=/paperclip/instances/default/workspaces/3ec8f6dd-1735-4479-9825-a2c42edac34c/logs/buy30727_lane_cc_main_2025_08.log
[buy30727] 2026-06-05T20:59:36.570Z tick=20 active=5 drained=20 saturated=27 known_merchants=15704 status=[CC-MAIN-2025-38:1980/47922, CC-MAIN-2025-33:2151/52953, CC-MAIN-2025-30:2171/51939, CC-MAIN-2025-26:744/15752, CC-MAIN-2025-08:695/16394]
[buy30727] 2026-06-05T21:00:06.596Z worker CC-MAIN-2025-38 pid=3035297 saturated#178(elapsed=38s new_merchants=0 remaining=1980 cooldown=240m)
[buy30727] 2026-06-05T21:00:06.621Z worker CC-MAIN-2025-33 pid=3035367 saturated#178(elapsed=36s new_merchants=0 remaining=2151 cooldown=240m)
[buy30727] 2026-06-05T21:00:06.645Z worker CC-MAIN-2025-30 pid=3035459 saturated#178(elapsed=35s new_merchants=0 remaining=2171 cooldown=240m)
[buy30727] 2026-06-05T21:00:06.650Z worker CC-MAIN-2025-26 pid=3035514 saturated#178(elapsed=33s new_merchants=0 remaining=744 cooldown=240m)
[buy30727] 2026-06-05T21:00:06.655Z worker CC-MAIN-2025-08 pid=3035578 saturated#178(elapsed=32s new_merchants=0 remaining=695 cooldown=240m)
[buy30727] 2026-06-05T21:00:06.659Z spawned CC-MAIN-2024-51 pid=3036969 baseline_merchants=427 log=/paperclip/instances/default/workspaces/3ec8f6dd-1735-4479-9825-a2c42edac34c/logs/buy30727_lane_cc_main_2024_51.log
[buy30727] 2026-06-05T21:00:08.202Z spawned CC-MAIN-2024-46 pid=3037030 baseline_merchants=92 log=/paperclip/instances/default/workspaces/3ec8f6dd-1735-4479-9825-a2c42edac34c/logs/buy30727_lane_cc_main_2024_46.log
[buy30727] 2026-06-05T21:00:09.725Z spawned CC-MAIN-2024-42 pid=3037053 baseline_merchants=91 log=/paperclip/instances/default/workspaces/3ec8f6dd-1735-4479-9825-a2c42edac34c/logs/buy30727_lane_cc_main_2024_42.log
[buy30727] 2026-06-05T21:00:11.246Z spawned CC-MAIN-2024-38 pid=3037104 baseline_merchants=36 log=/paperclip/instances/default/workspaces/3ec8f6dd-1735-4479-9825-a2c42edac34c/logs/buy30727_lane_cc_main_2024_38.log
[buy30727] 2026-06-05T21:00:12.758Z spawned CC-MAIN-2024-33 pid=3037141 baseline_merchants=88 log=/paperclip/instances/default/workspaces/3ec8f6dd-1735-4479-9825-a2c42edac34c/logs/buy30727_lane_cc_main_2024_33.log
[buy30727] 2026-06-05T21:00:44.334Z worker CC-MAIN-2024-51 pid=3036969 saturated#178(elapsed=38s new_merchants=0 remaining=1545 cooldown=240m)
[buy30727] 2026-06-05T21:00:44.394Z worker CC-MAIN-2024-46 pid=3037030 saturated#178(elapsed=36s new_merchants=0 remaining=1592 cooldown=240m)
[buy30727] 2026-06-05T21:00:44.440Z worker CC-MAIN-2024-42 pid=3037053 saturated#178(elapsed=35s new_merchants=0 remaining=1420 cooldown=240m)
[buy30727] 2026-06-05T21:00:44.447Z worker CC-MAIN-2024-38 pid=3037104 saturated#178(elapsed=33s new_merchants=0 remaining=581 cooldown=240m)
[buy30727] 2026-06-05T21:00:44.452Z worker CC-MAIN-2024-33 pid=3037141 saturated#178(elapsed=32s new_merchants=0 remaining=508 cooldown=240m)
[buy30727] 2026-06-05T21:00:44.457Z spawned CC-MAIN-2024-30 pid=3038446 baseline_merchants=17 log=/paperclip/instances/default/workspaces/3ec8f6dd-1735-4479-9825-a2c42edac34c/logs/buy30727_lane_cc_main_2024_30.log
[buy30727] 2026-06-05T21:00:45.967Z spawned CC-MAIN-2024-26 pid=3038605 baseline_merchants=7 log=/paperclip/instances/default/workspaces/3ec8f6dd-1735-4479-9825-a2c42edac34c/logs/buy30727_lane_cc_main_2024_26.log
[buy30727] 2026-06-05T21:00:47.478Z spawned CC-MAIN-2024-22 pid=3038870 baseline_merchants=13 log=/paperclip/instances/default/workspaces/3ec8f6dd-1735-4479-9825-a2c42edac34c/logs/buy30727_lane_cc_main_2024_22.log
[buy30727] 2026-06-05T21:00:49.007Z spawned CC-MAIN-2024-18 pid=3039227 baseline_merchants=62 log=/paperclip/instances/default/workspaces/3ec8f6dd-1735-4479-9825-a2c42edac34c/logs/buy30727_lane_cc_main_2024_18.log
[buy30727] 2026-06-05T21:00:50.543Z spawned CC-MAIN-2024-10 pid=3039502 baseline_merchants=4 log=/paperclip/instances/default/workspaces/3ec8f6dd-1735-4479-9825-a2c42edac34c/logs/buy30727_lane_cc_main_2024_10.log
[buy30727] 2026-06-05T21:01:22.077Z worker CC-MAIN-2024-30 pid=3038446 saturated#178(elapsed=38s new_merchants=0 remaining=424 cooldown=240m)
[buy30727] 2026-06-05T21:01:22.085Z worker CC-MAIN-2024-26 pid=3038605 saturated#178(elapsed=36s new_merchants=0 remaining=401 cooldown=240m)
[buy30727] 2026-06-05T21:01:22.109Z worker CC-MAIN-2024-22 pid=3038870 saturated#178(elapsed=35s new_merchants=0 remaining=868 cooldown=240m)
[buy30727] 2026-06-05T21:01:22.143Z worker CC-MAIN-2024-18 pid=3039227 saturated#178(elapsed=33s new_merchants=0 remaining=1033 cooldown=240m)
[buy30727] 2026-06-05T21:01:22.171Z worker CC-MAIN-2024-10 pid=3039502 saturated#178(elapsed=32s new_merchants=0 remaining=794 cooldown=240m)
[buy30727] 2026-06-05T21:01:22.177Z spawned CC-MAIN-2023-50 pid=3043385 baseline_merchants=4 log=/paperclip/instances/default/workspaces/3ec8f6dd-1735-4479-9825-a2c42edac34c/logs/buy30727_lane_cc_main_2023_50.log
[buy30727] 2026-06-05T21:01:23.685Z spawned CC-MAIN-2023-14 pid=3043408 baseline_merchants=53 log=/paperclip/instances/default/workspaces/3ec8f6dd-1735-4479-9825-a2c42edac34c/logs/buy30727_lane_cc_main_2023_14.log
[buy30727] 2026-06-05T21:01:25.193Z spawned CC-MAIN-2023-06 pid=3043488 baseline_merchants=45 log=/paperclip/instances/default/workspaces/3ec8f6dd-1735-4479-9825-a2c42edac34c/logs/buy30727_lane_cc_main_2023_06.log
[buy30727] 2026-06-05T21:01:26.710Z spawned CC-MAIN-2022-49 pid=3043704 baseline_merchants=5 log=/paperclip/instances/default/workspaces/3ec8f6dd-1735-4479-9825-a2c42edac34c/logs/buy30727_lane_cc_main_2022_49.log
[buy30727] 2026-06-05T21:01:28.224Z spawned CC-MAIN-2022-40 pid=3043812 baseline_merchants=3 log=/paperclip/instances/default/workspaces/3ec8f6dd-1735-4479-9825-a2c42edac34c/logs/buy30727_lane_cc_main_2022_40.log
[buy30727] 2026-06-05T21:01:59.782Z worker CC-MAIN-2023-50 pid=3043385 saturated#178(elapsed=38s new_merchants=0 remaining=378 cooldown=240m)
[buy30727] 2026-06-05T21:01:59.790Z worker CC-MAIN-2023-14 pid=3043408 saturated#178(elapsed=36s new_merchants=0 remaining=248 cooldown=240m)
[buy30727] 2026-06-05T21:01:59.799Z worker CC-MAIN-2023-06 pid=3043488 saturated#178(elapsed=35s new_merchants=0 remaining=318 cooldown=240m)
[buy30727] 2026-06-05T21:01:59.810Z worker CC-MAIN-2022-49 pid=3043704 saturated#178(elapsed=33s new_merchants=0 remaining=323 cooldown=240m)
[buy30727] 2026-06-05T21:01:59.818Z worker CC-MAIN-2022-40 pid=3043812 saturated#178(elapsed=32s new_merchants=0 remaining=295 cooldown=240m)
[buy30727] 2026-06-05T21:01:59.823Z spawned CC-MAIN-2026-21 pid=3046920 baseline_merchants=853 log=/paperclip/instances/default/workspaces/3ec8f6dd-1735-4479-9825-a2c42edac34c/logs/buy30727_lane_cc_main_2026_21.log
[buy30727] 2026-06-05T21:02:01.335Z spawned CC-MAIN-2026-17 pid=3047052 baseline_merchants=7 log=/paperclip/instances/default/workspaces/3ec8f6dd-1735-4479-9825-a2c42edac34c/logs/buy30727_lane_cc_main_2026_17.log
[buy30727] 2026-06-05T21:02:02.874Z spawned CC-MAIN-2025-18 pid=3047347 baseline_merchants=72 log=/paperclip/instances/default/workspaces/3ec8f6dd-1735-4479-9825-a2c42edac34c/logs/buy30727_lane_cc_main_2025_18.log
[buy30727] 2026-06-05T21:02:04.427Z spawned CC-MAIN-2025-05 pid=3047641 baseline_merchants=7 log=/paperclip/instances/default/workspaces/3ec8f6dd-1735-4479-9825-a2c42edac34c/logs/buy30727_lane_cc_main_2025_05.log
[buy30727] 2026-06-05T21:02:05.939Z spawned CC-MAIN-2025-47 pid=3047742 baseline_merchants=1421 log=/paperclip/instances/default/workspaces/3ec8f6dd-1735-4479-9825-a2c42edac34c/logs/buy30727_lane_cc_main_2025_47.log
[buy30727] 2026-06-05T21:02:37.506Z worker CC-MAIN-2026-21 pid=3046920 saturated#178(elapsed=38s new_merchants=0 remaining=862 cooldown=240m)
[buy30727] 2026-06-05T21:02:37.519Z worker CC-MAIN-2026-17 pid=3047052 saturated#179(elapsed=36s new_merchants=0 remaining=3255 cooldown=240m)
[buy30727] 2026-06-05T21:02:37.541Z worker CC-MAIN-2025-18 pid=3047347 saturated#179(elapsed=35s new_merchants=0 remaining=2382 cooldown=240m)
[buy30727] 2026-06-05T21:02:37.548Z worker CC-MAIN-2025-05 pid=3047641 saturated#179(elapsed=33s new_merchants=0 remaining=625 cooldown=240m)
[buy30727] 2026-06-05T21:02:37.571Z worker CC-MAIN-2025-47 pid=3047742 saturated#179(elapsed=32s new_merchants=0 remaining=2294 cooldown=240m)
[buy30727] 2026-06-05T21:02:37.575Z spawned CC-MAIN-2025-51 pid=3052067 baseline_merchants=236 log=/paperclip/instances/default/workspaces/3ec8f6dd-1735-4479-9825-a2c42edac34c/logs/buy30727_lane_cc_main_2025_51.log
[buy30727] 2026-06-05T21:02:39.112Z spawned CC-MAIN-2025-43 pid=3052341 baseline_merchants=88 log=/paperclip/instances/default/workspaces/3ec8f6dd-1735-4479-9825-a2c42edac34c/logs/buy30727_lane_cc_main_2025_43.log
[buy30727] 2026-06-05T21:02:40.647Z spawned CC-MAIN-2025-38 pid=3052790 baseline_merchants=28 log=/paperclip/instances/default/workspaces/3ec8f6dd-1735-4479-9825-a2c42edac34c/logs/buy30727_lane_cc_main_2025_38.log
[buy30727] 2026-06-05T21:02:42.174Z spawned CC-MAIN-2025-33 pid=3052972 baseline_merchants=13 log=/paperclip/instances/default/workspaces/3ec8f6dd-1735-4479-9825-a2c42edac34c/logs/buy30727_lane_cc_main_2025_33.log
[buy30727] 2026-06-05T21:02:43.705Z spawned CC-MAIN-2025-30 pid=3053179 baseline_merchants=136 log=/paperclip/instances/default/workspaces/3ec8f6dd-1735-4479-9825-a2c42edac34c/logs/buy30727_lane_cc_main_2025_30.log
[buy30727] 2026-06-05T21:03:15.278Z worker CC-MAIN-2025-51 pid=3052067 saturated#179(elapsed=38s new_merchants=0 remaining=2895 cooldown=240m)
[buy30727] 2026-06-05T21:03:15.330Z worker CC-MAIN-2025-43 pid=3052341 saturated#179(elapsed=36s new_merchants=0 remaining=1897 cooldown=240m)
[buy30727] 2026-06-05T21:03:15.427Z worker CC-MAIN-2025-38 pid=3052790 saturated#179(elapsed=35s new_merchants=0 remaining=1980 cooldown=240m)
[buy30727] 2026-06-05T21:03:15.494Z worker CC-MAIN-2025-33 pid=3052972 saturated#179(elapsed=33s new_merchants=0 remaining=2151 cooldown=240m)
[buy30727] 2026-06-05T21:03:15.549Z worker CC-MAIN-2025-30 pid=3053179 saturated#179(elapsed=32s new_merchants=0 remaining=2171 cooldown=240m)
[buy30727] 2026-06-05T21:03:15.557Z spawned CC-MAIN-2025-26 pid=3055983 baseline_merchants=18 log=/paperclip/instances/default/workspaces/3ec8f6dd-1735-4479-9825-a2c42edac34c/logs/buy30727_lane_cc_main_2025_26.log
[buy30727] 2026-06-05T21:03:17.077Z spawned CC-MAIN-2025-08 pid=3056070 baseline_merchants=7 log=/paperclip/instances/default/workspaces/3ec8f6dd-1735-4479-9825-a2c42edac34c/logs/buy30727_lane_cc_main_2025_08.log
[buy30727] 2026-06-05T21:03:18.597Z spawned CC-MAIN-2024-51 pid=3056166 baseline_merchants=427 log=/paperclip/instances/default/workspaces/3ec8f6dd-1735-4479-9825-a2c42edac34c/logs/buy30727_lane_cc_main_2024_51.log
[buy30727] 2026-06-05T21:03:20.117Z spawned CC-MAIN-2024-46 pid=3056217 baseline_merchants=92 log=/paperclip/instances/default/workspaces/3ec8f6dd-1735-4479-9825-a2c42edac34c/logs/buy30727_lane_cc_main_2024_46.log
[buy30727] 2026-06-05T21:03:21.644Z spawned CC-MAIN-2024-42 pid=3056246 baseline_merchants=91 log=/paperclip/instances/default/workspaces/3ec8f6dd-1735-4479-9825-a2c42edac34c/logs/buy30727_lane_cc_main_2024_42.log
[buy30727] 2026-06-05T21:03:53.207Z worker CC-MAIN-2025-26 pid=3055983 saturated#179(elapsed=38s new_merchants=0 remaining=744 cooldown=240m)
[buy30727] 2026-06-05T21:03:53.218Z worker CC-MAIN-2025-08 pid=3056070 saturated#179(elapsed=36s new_merchants=0 remaining=695 cooldown=240m)
[buy30727] 2026-06-05T21:03:53.251Z worker CC-MAIN-2024-51 pid=3056166 saturated#179(elapsed=35s new_merchants=0 remaining=1545 cooldown=240m)
[buy30727] 2026-06-05T21:03:53.296Z worker CC-MAIN-2024-46 pid=3056217 saturated#179(elapsed=33s new_merchants=0 remaining=1592 cooldown=240m)
[buy30727] 2026-06-05T21:03:53.323Z worker CC-MAIN-2024-42 pid=3056246 saturated#179(elapsed=32s new_merchants=0 remaining=1420 cooldown=240m)
[buy30727] 2026-06-05T21:03:53.326Z spawned CC-MAIN-2024-38 pid=3058301 baseline_merchants=36 log=/paperclip/instances/default/workspaces/3ec8f6dd-1735-4479-9825-a2c42edac34c/logs/buy30727_lane_cc_main_2024_38.log
[buy30727] 2026-06-05T21:03:54.840Z spawned CC-MAIN-2024-33 pid=3058441 baseline_merchants=88 log=/paperclip/instances/default/workspaces/3ec8f6dd-1735-4479-9825-a2c42edac34c/logs/buy30727_lane_cc_main_2024_33.log
[buy30727] 2026-06-05T21:03:56.355Z spawned CC-MAIN-2024-30 pid=3058767 baseline_merchants=17 log=/paperclip/instances/default/workspaces/3ec8f6dd-1735-4479-9825-a2c42edac34c/logs/buy30727_lane_cc_main_2024_30.log
[buy30727] 2026-06-05T21:03:57.867Z spawned CC-MAIN-2024-26 pid=3058850 baseline_merchants=7 log=/paperclip/instances/default/workspaces/3ec8f6dd-1735-4479-9825-a2c42edac34c/logs/buy30727_lane_cc_main_2024_26.log
[buy30727] 2026-06-05T21:03:59.381Z spawned CC-MAIN-2024-22 pid=3059016 baseline_merchants=13 log=/paperclip/instances/default/workspaces/3ec8f6dd-1735-4479-9825-a2c42edac34c/logs/buy30727_lane_cc_main_2024_22.log
[buy30727] 2026-06-05T21:04:30.965Z worker CC-MAIN-2024-38 pid=3058301 saturated#179(elapsed=38s new_merchants=0 remaining=581 cooldown=240m)
[buy30727] 2026-06-05T21:04:30.980Z worker CC-MAIN-2024-33 pid=3058441 saturated#179(elapsed=36s new_merchants=0 remaining=508 cooldown=240m)
[buy30727] 2026-06-05T21:04:30.989Z worker CC-MAIN-2024-30 pid=3058767 saturated#179(elapsed=35s new_merchants=0 remaining=424 cooldown=240m)
[buy30727] 2026-06-05T21:04:30.998Z worker CC-MAIN-2024-26 pid=3058850 saturated#179(elapsed=33s new_merchants=0 remaining=401 cooldown=240m)
[buy30727] 2026-06-05T21:04:31.030Z worker CC-MAIN-2024-22 pid=3059016 saturated#179(elapsed=32s new_merchants=0 remaining=868 cooldown=240m)
[buy30727] 2026-06-05T21:04:31.034Z spawned CC-MAIN-2024-18 pid=3061143 baseline_merchants=62 log=/paperclip/instances/default/workspaces/3ec8f6dd-1735-4479-9825-a2c42edac34c/logs/buy30727_lane_cc_main_2024_18.log
[buy30727] 2026-06-05T21:04:32.626Z spawned CC-MAIN-2024-10 pid=3061353 baseline_merchants=4 log=/paperclip/instances/default/workspaces/3ec8f6dd-1735-4479-9825-a2c42edac34c/logs/buy30727_lane_cc_main_2024_10.log
[buy30727] 2026-06-05T21:04:34.158Z spawned CC-MAIN-2023-50 pid=3061457 baseline_merchants=4 log=/paperclip/instances/default/workspaces/3ec8f6dd-1735-4479-9825-a2c42edac34c/logs/buy30727_lane_cc_main_2023_50.log
[buy30727] 2026-06-05T21:04:35.673Z spawned CC-MAIN-2023-14 pid=3061551 baseline_merchants=53 log=/paperclip/instances/default/workspaces/3ec8f6dd-1735-4479-9825-a2c42edac34c/logs/buy30727_lane_cc_main_2023_14.log
[buy30727] 2026-06-05T21:04:37.182Z spawned CC-MAIN-2023-06 pid=3061665 baseline_merchants=45 log=/paperclip/instances/default/workspaces/3ec8f6dd-1735-4479-9825-a2c42edac34c/logs/buy30727_lane_cc_main_2023_06.log
[buy30727] 2026-06-05T21:05:08.742Z worker CC-MAIN-2024-18 pid=3061143 saturated#179(elapsed=38s new_merchants=0 remaining=1033 cooldown=240m)
[buy30727] 2026-06-05T21:05:08.776Z worker CC-MAIN-2024-10 pid=3061353 saturated#179(elapsed=36s new_merchants=0 remaining=794 cooldown=240m)
[buy30727] 2026-06-05T21:05:08.784Z worker CC-MAIN-2023-50 pid=3061457 saturated#179(elapsed=35s new_merchants=0 remaining=378 cooldown=240m)
[buy30727] 2026-06-05T21:05:08.792Z worker CC-MAIN-2023-14 pid=3061551 saturated#179(elapsed=33s new_merchants=0 remaining=248 cooldown=240m)
[buy30727] 2026-06-05T21:05:08.802Z worker CC-MAIN-2023-06 pid=3061665 saturated#179(elapsed=32s new_merchants=0 remaining=318 cooldown=240m)
[buy30727] 2026-06-05T21:05:08.806Z spawned CC-MAIN-2022-49 pid=3063652 baseline_merchants=5 log=/paperclip/instances/default/workspaces/3ec8f6dd-1735-4479-9825-a2c42edac34c/logs/buy30727_lane_cc_main_2022_49.log
[buy30727] 2026-06-05T21:05:10.337Z spawned CC-MAIN-2022-40 pid=3063795 baseline_merchants=3 log=/paperclip/instances/default/workspaces/3ec8f6dd-1735-4479-9825-a2c42edac34c/logs/buy30727_lane_cc_main_2022_40.log
[buy30727] 2026-06-05T21:05:11.853Z spawned CC-MAIN-2026-21 pid=3063915 baseline_merchants=853 log=/paperclip/instances/default/workspaces/3ec8f6dd-1735-4479-9825-a2c42edac34c/logs/buy30727_lane_cc_main_2026_21.log
[buy30727] 2026-06-05T21:05:13.366Z spawned CC-MAIN-2026-17 pid=3064087 baseline_merchants=7 log=/paperclip/instances/default/workspaces/3ec8f6dd-1735-4479-9825-a2c42edac34c/logs/buy30727_lane_cc_main_2026_17.log
[buy30727] 2026-06-05T21:05:14.889Z spawned CC-MAIN-2025-18 pid=3064216 baseline_merchants=72 log=/paperclip/instances/default/workspaces/3ec8f6dd-1735-4479-9825-a2c42edac34c/logs/buy30727_lane_cc_main_2025_18.log
[buy30727] 2026-06-05T21:05:46.462Z worker CC-MAIN-2022-49 pid=3063652 saturated#179(elapsed=38s new_merchants=0 remaining=323 cooldown=240m)
[buy30727] 2026-06-05T21:05:46.467Z worker CC-MAIN-2022-40 pid=3063795 saturated#179(elapsed=36s new_merchants=0 remaining=295 cooldown=240m)
[buy30727] 2026-06-05T21:05:46.472Z worker CC-MAIN-2026-21 pid=3063915 saturated#179(elapsed=35s new_merchants=0 remaining=862 cooldown=240m)
[buy30727] 2026-06-05T21:05:46.487Z worker CC-MAIN-2026-17 pid=3064087 saturated#180(elapsed=33s new_merchants=0 remaining=3255 cooldown=240m)
[buy30727] 2026-06-05T21:05:46.531Z worker CC-MAIN-2025-18 pid=3064216 saturated#180(elapsed=32s new_merchants=0 remaining=2382 cooldown=240m)
[buy30727] 2026-06-05T21:05:46.539Z spawned CC-MAIN-2025-05 pid=3066352 baseline_merchants=7 log=/paperclip/instances/default/workspaces/3ec8f6dd-1735-4479-9825-a2c42edac34c/logs/buy30727_lane_cc_main_2025_05.log
[buy30727] 2026-06-05T21:05:48.069Z spawned CC-MAIN-2025-47 pid=3066520 baseline_merchants=1421 log=/paperclip/instances/default/workspaces/3ec8f6dd-1735-4479-9825-a2c42edac34c/logs/buy30727_lane_cc_main_2025_47.log
[buy30727] 2026-06-05T21:05:49.643Z spawned CC-MAIN-2025-51 pid=3066700 baseline_merchants=236 log=/paperclip/instances/default/workspaces/3ec8f6dd-1735-4479-9825-a2c42edac34c/logs/buy30727_lane_cc_main_2025_51.log
[buy30727] 2026-06-05T21:05:51.180Z spawned CC-MAIN-2025-43 pid=3066920 baseline_merchants=88 log=/paperclip/instances/default/workspaces/3ec8f6dd-1735-4479-9825-a2c42edac34c/logs/buy30727_lane_cc_main_2025_43.log
[buy30727] 2026-06-05T21:05:52.719Z spawned CC-MAIN-2025-38 pid=3067124 baseline_merchants=28 log=/paperclip/instances/default/workspaces/3ec8f6dd-1735-4479-9825-a2c42edac34c/logs/buy30727_lane_cc_main_2025_38.log
[buy30727] 2026-06-05T21:05:54.338Z tick=30 active=5 drained=20 saturated=27 known_merchants=15704 status=[CC-MAIN-2025-05:625/14379, CC-MAIN-2025-47:2294/50620, CC-MAIN-2025-51:2895/45604, CC-MAIN-2025-43:1897/45093, CC-MAIN-2025-38:1980/47922]
[buy30727] 2026-06-05T21:06:24.368Z worker CC-MAIN-2025-05 pid=3066352 saturated#180(elapsed=38s new_merchants=0 remaining=625 cooldown=240m)
[buy30727] 2026-06-05T21:06:24.392Z worker CC-MAIN-2025-47 pid=3066520 saturated#180(elapsed=36s new_merchants=0 remaining=2294 cooldown=240m)
[buy30727] 2026-06-05T21:06:24.434Z worker CC-MAIN-2025-51 pid=3066700 saturated#180(elapsed=35s new_merchants=0 remaining=2895 cooldown=240m)
[buy30727] 2026-06-05T21:06:24.470Z worker CC-MAIN-2025-43 pid=3066920 saturated#180(elapsed=33s new_merchants=0 remaining=1897 cooldown=240m)
[buy30727] 2026-06-05T21:06:24.530Z worker CC-MAIN-2025-38 pid=3067124 saturated#180(elapsed=32s new_merchants=0 remaining=1980 cooldown=240m)
[buy30727] 2026-06-05T21:06:24.551Z spawned CC-MAIN-2025-33 pid=3069560 baseline_merchants=13 log=/paperclip/instances/default/workspaces/3ec8f6dd-1735-4479-9825-a2c42edac34c/logs/buy30727_lane_cc_main_2025_33.log
[buy30727] 2026-06-05T21:06:26.187Z spawned CC-MAIN-2025-30 pid=3069675 baseline_merchants=136 log=/paperclip/instances/default/workspaces/3ec8f6dd-1735-4479-9825-a2c42edac34c/logs/buy30727_lane_cc_main_2025_30.log
[buy30727] 2026-06-05T21:06:27.761Z spawned CC-MAIN-2025-26 pid=3069852 baseline_merchants=18 log=/paperclip/instances/default/workspaces/3ec8f6dd-1735-4479-9825-a2c42edac34c/logs/buy30727_lane_cc_main_2025_26.log
[buy30727] 2026-06-05T21:06:29.294Z spawned CC-MAIN-2025-08 pid=3069955 baseline_merchants=7 log=/paperclip/instances/default/workspaces/3ec8f6dd-1735-4479-9825-a2c42edac34c/logs/buy30727_lane_cc_main_2025_08.log
[buy30727] 2026-06-05T21:06:30.834Z spawned CC-MAIN-2024-51 pid=3070038 baseline_merchants=427 log=/paperclip/instances/default/workspaces/3ec8f6dd-1735-4479-9825-a2c42edac34c/logs/buy30727_lane_cc_main_2024_51.log
[buy30727] 2026-06-05T21:07:02.443Z worker CC-MAIN-2025-33 pid=3069560 saturated#180(elapsed=38s new_merchants=0 remaining=2151 cooldown=240m)
[buy30727] 2026-06-05T21:07:02.466Z worker CC-MAIN-2025-30 pid=3069675 saturated#180(elapsed=36s new_merchants=0 remaining=2171 cooldown=240m)
[buy30727] 2026-06-05T21:07:02.472Z worker CC-MAIN-2025-26 pid=3069852 saturated#180(elapsed=35s new_merchants=0 remaining=744 cooldown=240m)
[buy30727] 2026-06-05T21:07:02.478Z worker CC-MAIN-2025-08 pid=3069955 saturated#180(elapsed=33s new_merchants=0 remaining=695 cooldown=240m)
[buy30727] 2026-06-05T21:07:02.495Z worker CC-MAIN-2024-51 pid=3070038 saturated#180(elapsed=32s new_merchants=0 remaining=1545 cooldown=240m)
[buy30727] 2026-06-05T21:07:02.501Z spawned CC-MAIN-2024-46 pid=3074159 baseline_merchants=92 log=/paperclip/instances/default/workspaces/3ec8f6dd-1735-4479-9825-a2c42edac34c/logs/buy30727_lane_cc_main_2024_46.log
[buy30727] 2026-06-05T21:07:04.039Z spawned CC-MAIN-2024-42 pid=3074309 baseline_merchants=91 log=/paperclip/instances/default/workspaces/3ec8f6dd-1735-4479-9825-a2c42edac34c/logs/buy30727_lane_cc_main_2024_42.log
[buy30727] 2026-06-05T21:07:05.570Z spawned CC-MAIN-2024-38 pid=3074530 baseline_merchants=36 log=/paperclip/instances/default/workspaces/3ec8f6dd-1735-4479-9825-a2c42edac34c/logs/buy30727_lane_cc_main_2024_38.log
[buy30727] 2026-06-05T21:07:07.079Z spawned CC-MAIN-2024-33 pid=3074712 baseline_merchants=88 log=/paperclip/instances/default/workspaces/3ec8f6dd-1735-4479-9825-a2c42edac34c/logs/buy30727_lane_cc_main_2024_33.log
[buy30727] 2026-06-05T21:07:08.593Z spawned CC-MAIN-2024-30 pid=3074866 baseline_merchants=17 log=/paperclip/instances/default/workspaces/3ec8f6dd-1735-4479-9825-a2c42edac34c/logs/buy30727_lane_cc_main_2024_30.log
[buy30727] 2026-06-05T21:07:40.153Z worker CC-MAIN-2024-46 pid=3074159 saturated#180(elapsed=38s new_merchants=0 remaining=1592 cooldown=240m)
[buy30727] 2026-06-05T21:07:40.185Z worker CC-MAIN-2024-42 pid=3074309 saturated#180(elapsed=36s new_merchants=0 remaining=1420 cooldown=240m)
[buy30727] 2026-06-05T21:07:40.192Z worker CC-MAIN-2024-38 pid=3074530 saturated#180(elapsed=35s new_merchants=0 remaining=581 cooldown=240m)
[buy30727] 2026-06-05T21:07:40.201Z worker CC-MAIN-2024-33 pid=3074712 saturated#180(elapsed=33s new_merchants=0 remaining=508 cooldown=240m)
[buy30727] 2026-06-05T21:07:40.204Z worker CC-MAIN-2024-30 pid=3074866 saturated#180(elapsed=32s new_merchants=0 remaining=424 cooldown=240m)
[buy30727] 2026-06-05T21:07:40.207Z spawned CC-MAIN-2024-26 pid=3077204 baseline_merchants=7 log=/paperclip/instances/default/workspaces/3ec8f6dd-1735-4479-9825-a2c42edac34c/logs/buy30727_lane_cc_main_2024_26.log
[buy30727] 2026-06-05T21:07:41.715Z spawned CC-MAIN-2024-22 pid=3077244 baseline_merchants=13 log=/paperclip/instances/default/workspaces/3ec8f6dd-1735-4479-9825-a2c42edac34c/logs/buy30727_lane_cc_main_2024_22.log
[buy30727] 2026-06-05T21:07:43.321Z spawned CC-MAIN-2024-18 pid=3077353 baseline_merchants=62 log=/paperclip/instances/default/workspaces/3ec8f6dd-1735-4479-9825-a2c42edac34c/logs/buy30727_lane_cc_main_2024_18.log
[buy30727] 2026-06-05T21:07:44.855Z spawned CC-MAIN-2024-10 pid=3077408 baseline_merchants=4 log=/paperclip/instances/default/workspaces/3ec8f6dd-1735-4479-9825-a2c42edac34c/logs/buy30727_lane_cc_main_2024_10.log
[buy30727] 2026-06-05T21:07:46.401Z spawned CC-MAIN-2023-50 pid=3077470 baseline_merchants=4 log=/paperclip/instances/default/workspaces/3ec8f6dd-1735-4479-9825-a2c42edac34c/logs/buy30727_lane_cc_main_2023_50.log
[buy30727] 2026-06-05T21:08:17.955Z worker CC-MAIN-2024-26 pid=3077204 saturated#180(elapsed=38s new_merchants=0 remaining=401 cooldown=240m)
[buy30727] 2026-06-05T21:08:17.971Z worker CC-MAIN-2024-22 pid=3077244 saturated#180(elapsed=36s new_merchants=0 remaining=868 cooldown=240m)
[buy30727] 2026-06-05T21:08:18.001Z worker CC-MAIN-2024-18 pid=3077353 saturated#180(elapsed=35s new_merchants=0 remaining=1033 cooldown=240m)
[buy30727] 2026-06-05T21:08:18.016Z worker CC-MAIN-2024-10 pid=3077408 saturated#180(elapsed=33s new_merchants=0 remaining=794 cooldown=240m)
[buy30727] 2026-06-05T21:08:18.031Z worker CC-MAIN-2023-50 pid=3077470 saturated#180(elapsed=32s new_merchants=0 remaining=378 cooldown=240m)
[buy30727] 2026-06-05T21:08:18.035Z spawned CC-MAIN-2023-14 pid=3078639 baseline_merchants=53 log=/paperclip/instances/default/workspaces/3ec8f6dd-1735-4479-9825-a2c42edac34c/logs/buy30727_lane_cc_main_2023_14.log
[buy30727] 2026-06-05T21:08:19.551Z spawned CC-MAIN-2023-06 pid=3078692 baseline_merchants=45 log=/paperclip/instances/default/workspaces/3ec8f6dd-1735-4479-9825-a2c42edac34c/logs/buy30727_lane_cc_main_2023_06.log
[buy30727] 2026-06-05T21:08:21.064Z spawned CC-MAIN-2022-49 pid=3078717 baseline_merchants=5 log=/paperclip/instances/default/workspaces/3ec8f6dd-1735-4479-9825-a2c42edac34c/logs/buy30727_lane_cc_main_2022_49.log
[buy30727] 2026-06-05T21:08:22.572Z spawned CC-MAIN-2022-40 pid=3078784 baseline_merchants=3 log=/paperclip/instances/default/workspaces/3ec8f6dd-1735-4479-9825-a2c42edac34c/logs/buy30727_lane_cc_main_2022_40.log
[buy30727] 2026-06-05T21:08:24.083Z spawned CC-MAIN-2026-21 pid=3078842 baseline_merchants=853 log=/paperclip/instances/default/workspaces/3ec8f6dd-1735-4479-9825-a2c42edac34c/logs/buy30727_lane_cc_main_2026_21.log
[buy30727] 2026-06-05T21:08:55.624Z worker CC-MAIN-2023-14 pid=3078639 saturated#180(elapsed=38s new_merchants=0 remaining=248 cooldown=240m)
[buy30727] 2026-06-05T21:08:55.633Z worker CC-MAIN-2023-06 pid=3078692 saturated#180(elapsed=36s new_merchants=0 remaining=318 cooldown=240m)
[buy30727] 2026-06-05T21:08:55.641Z worker CC-MAIN-2022-49 pid=3078717 saturated#180(elapsed=35s new_merchants=0 remaining=323 cooldown=240m)
[buy30727] 2026-06-05T21:08:55.648Z worker CC-MAIN-2022-40 pid=3078784 saturated#180(elapsed=33s new_merchants=0 remaining=295 cooldown=240m)
[buy30727] 2026-06-05T21:08:55.652Z worker CC-MAIN-2026-21 pid=3078842 saturated#180(elapsed=32s new_merchants=0 remaining=862 cooldown=240m)
[buy30727] 2026-06-05T21:08:55.655Z spawned CC-MAIN-2026-17 pid=3079902 baseline_merchants=7 log=/paperclip/instances/default/workspaces/3ec8f6dd-1735-4479-9825-a2c42edac34c/logs/buy30727_lane_cc_main_2026_17.log
[buy30727] 2026-06-05T21:08:57.181Z spawned CC-MAIN-2025-18 pid=3079969 baseline_merchants=72 log=/paperclip/instances/default/workspaces/3ec8f6dd-1735-4479-9825-a2c42edac34c/logs/buy30727_lane_cc_main_2025_18.log
[buy30727] 2026-06-05T21:08:58.710Z spawned CC-MAIN-2025-05 pid=3080026 baseline_merchants=7 log=/paperclip/instances/default/workspaces/3ec8f6dd-1735-4479-9825-a2c42edac34c/logs/buy30727_lane_cc_main_2025_05.log
[buy30727] 2026-06-05T21:09:00.220Z spawned CC-MAIN-2025-47 pid=3080080 baseline_merchants=1421 log=/paperclip/instances/default/workspaces/3ec8f6dd-1735-4479-9825-a2c42edac34c/logs/buy30727_lane_cc_main_2025_47.log
[buy30727] 2026-06-05T21:09:01.748Z spawned CC-MAIN-2025-51 pid=3080174 baseline_merchants=236 log=/paperclip/instances/default/workspaces/3ec8f6dd-1735-4479-9825-a2c42edac34c/logs/buy30727_lane_cc_main_2025_51.log
[buy30727] 2026-06-05T21:09:33.304Z worker CC-MAIN-2026-17 pid=3079902 saturated#181(elapsed=38s new_merchants=0 remaining=3255 cooldown=240m)
[buy30727] 2026-06-05T21:09:33.320Z worker CC-MAIN-2025-18 pid=3079969 saturated#181(elapsed=36s new_merchants=0 remaining=2382 cooldown=240m)
[buy30727] 2026-06-05T21:09:33.325Z worker CC-MAIN-2025-05 pid=3080026 saturated#181(elapsed=35s new_merchants=0 remaining=625 cooldown=240m)
[buy30727] 2026-06-05T21:09:33.347Z worker CC-MAIN-2025-47 pid=3080080 saturated#181(elapsed=33s new_merchants=0 remaining=2294 cooldown=240m)
[buy30727] 2026-06-05T21:09:33.362Z worker CC-MAIN-2025-51 pid=3080174 saturated#181(elapsed=32s new_merchants=0 remaining=2895 cooldown=240m)
[buy30727] 2026-06-05T21:09:33.365Z spawned CC-MAIN-2025-43 pid=3081370 baseline_merchants=88 log=/paperclip/instances/default/workspaces/3ec8f6dd-1735-4479-9825-a2c42edac34c/logs/buy30727_lane_cc_main_2025_43.log
[buy30727] 2026-06-05T21:09:34.887Z spawned CC-MAIN-2025-38 pid=3081419 baseline_merchants=28 log=/paperclip/instances/default/workspaces/3ec8f6dd-1735-4479-9825-a2c42edac34c/logs/buy30727_lane_cc_main_2025_38.log
[buy30727] 2026-06-05T21:09:36.414Z spawned CC-MAIN-2025-33 pid=3081503 baseline_merchants=13 log=/paperclip/instances/default/workspaces/3ec8f6dd-1735-4479-9825-a2c42edac34c/logs/buy30727_lane_cc_main_2025_33.log
[buy30727] 2026-06-05T21:09:37.937Z spawned CC-MAIN-2025-30 pid=3081557 baseline_merchants=136 log=/paperclip/instances/default/workspaces/3ec8f6dd-1735-4479-9825-a2c42edac34c/logs/buy30727_lane_cc_main_2025_30.log
[buy30727] 2026-06-05T21:09:39.468Z spawned CC-MAIN-2025-26 pid=3081611 baseline_merchants=18 log=/paperclip/instances/default/workspaces/3ec8f6dd-1735-4479-9825-a2c42edac34c/logs/buy30727_lane_cc_main_2025_26.log
[buy30727] 2026-06-05T21:10:11.005Z worker CC-MAIN-2025-43 pid=3081370 saturated#181(elapsed=38s new_merchants=0 remaining=1897 cooldown=240m)
[buy30727] 2026-06-05T21:10:11.040Z worker CC-MAIN-2025-38 pid=3081419 saturated#181(elapsed=36s new_merchants=0 remaining=1980 cooldown=240m)
[buy30727] 2026-06-05T21:10:11.080Z worker CC-MAIN-2025-33 pid=3081503 saturated#181(elapsed=35s new_merchants=0 remaining=2151 cooldown=240m)
[buy30727] 2026-06-05T21:10:11.117Z worker CC-MAIN-2025-30 pid=3081557 saturated#181(elapsed=33s new_merchants=0 remaining=2171 cooldown=240m)
[buy30727] 2026-06-05T21:10:11.121Z worker CC-MAIN-2025-26 pid=3081611 saturated#181(elapsed=32s new_merchants=0 remaining=744 cooldown=240m)
[buy30727] 2026-06-05T21:10:11.126Z spawned CC-MAIN-2025-08 pid=3082906 baseline_merchants=7 log=/paperclip/instances/default/workspaces/3ec8f6dd-1735-4479-9825-a2c42edac34c/logs/buy30727_lane_cc_main_2025_08.log
[buy30727] 2026-06-05T21:10:12.647Z spawned CC-MAIN-2024-51 pid=3083013 baseline_merchants=427 log=/paperclip/instances/default/workspaces/3ec8f6dd-1735-4479-9825-a2c42edac34c/logs/buy30727_lane_cc_main_2024_51.log
[buy30727] 2026-06-05T21:10:14.166Z spawned CC-MAIN-2024-46 pid=3083063 baseline_merchants=92 log=/paperclip/instances/default/workspaces/3ec8f6dd-1735-4479-9825-a2c42edac34c/logs/buy30727_lane_cc_main_2024_46.log
[buy30727] 2026-06-05T21:10:15.707Z spawned CC-MAIN-2024-42 pid=3083142 baseline_merchants=91 log=/paperclip/instances/default/workspaces/3ec8f6dd-1735-4479-9825-a2c42edac34c/logs/buy30727_lane_cc_main_2024_42.log
[buy30727] 2026-06-05T21:10:17.236Z spawned CC-MAIN-2024-38 pid=3083220 baseline_merchants=36 log=/paperclip/instances/default/workspaces/3ec8f6dd-1735-4479-9825-a2c42edac34c/logs/buy30727_lane_cc_main_2024_38.log
[buy30727] 2026-06-05T21:10:48.804Z worker CC-MAIN-2025-08 pid=3082906 saturated#181(elapsed=38s new_merchants=0 remaining=695 cooldown=240m)
[buy30727] 2026-06-05T21:10:48.837Z worker CC-MAIN-2024-51 pid=3083013 saturated#181(elapsed=36s new_merchants=0 remaining=1545 cooldown=240m)
[buy30727] 2026-06-05T21:10:48.884Z worker CC-MAIN-2024-46 pid=3083063 saturated#181(elapsed=35s new_merchants=0 remaining=1592 cooldown=240m)
[buy30727] 2026-06-05T21:10:48.930Z worker CC-MAIN-2024-42 pid=3083142 saturated#181(elapsed=33s new_merchants=0 remaining=1420 cooldown=240m)
[buy30727] 2026-06-05T21:10:48.936Z worker CC-MAIN-2024-38 pid=3083220 saturated#181(elapsed=32s new_merchants=0 remaining=581 cooldown=240m)
[buy30727] 2026-06-05T21:10:48.942Z spawned CC-MAIN-2024-33 pid=3084912 baseline_merchants=88 log=/paperclip/instances/default/workspaces/3ec8f6dd-1735-4479-9825-a2c42edac34c/logs/buy30727_lane_cc_main_2024_33.log
[buy30727] 2026-06-05T21:10:50.467Z spawned CC-MAIN-2024-30 pid=3085157 baseline_merchants=17 log=/paperclip/instances/default/workspaces/3ec8f6dd-1735-4479-9825-a2c42edac34c/logs/buy30727_lane_cc_main_2024_30.log
[buy30727] 2026-06-05T21:10:51.987Z spawned CC-MAIN-2024-26 pid=3085415 baseline_merchants=7 log=/paperclip/instances/default/workspaces/3ec8f6dd-1735-4479-9825-a2c42edac34c/logs/buy30727_lane_cc_main_2024_26.log
[buy30727] 2026-06-05T21:10:53.498Z spawned CC-MAIN-2024-22 pid=3085666 baseline_merchants=13 log=/paperclip/instances/default/workspaces/3ec8f6dd-1735-4479-9825-a2c42edac34c/logs/buy30727_lane_cc_main_2024_22.log
[buy30727] 2026-06-05T21:10:55.033Z spawned CC-MAIN-2024-18 pid=3085814 baseline_merchants=62 log=/paperclip/instances/default/workspaces/3ec8f6dd-1735-4479-9825-a2c42edac34c/logs/buy30727_lane_cc_main_2024_18.log
[buy30727] 2026-06-05T21:11:26.593Z worker CC-MAIN-2024-33 pid=3084912 saturated#181(elapsed=38s new_merchants=0 remaining=508 cooldown=240m)
[buy30727] 2026-06-05T21:11:26.601Z worker CC-MAIN-2024-30 pid=3085157 saturated#181(elapsed=36s new_merchants=0 remaining=424 cooldown=240m)
[buy30727] 2026-06-05T21:11:26.608Z worker CC-MAIN-2024-26 pid=3085415 saturated#181(elapsed=35s new_merchants=0 remaining=401 cooldown=240m)
[buy30727] 2026-06-05T21:11:26.628Z worker CC-MAIN-2024-22 pid=3085666 saturated#181(elapsed=33s new_merchants=0 remaining=868 cooldown=240m)
[buy30727] 2026-06-05T21:11:26.656Z worker CC-MAIN-2024-18 pid=3085814 saturated#181(elapsed=32s new_merchants=0 remaining=1033 cooldown=240m)
[buy30727] 2026-06-05T21:11:26.662Z spawned CC-MAIN-2024-10 pid=3089286 baseline_merchants=4 log=/paperclip/instances/default/workspaces/3ec8f6dd-1735-4479-9825-a2c42edac34c/logs/buy30727_lane_cc_main_2024_10.log
[buy30727] 2026-06-05T21:11:28.212Z spawned CC-MAIN-2023-50 pid=3089475 baseline_merchants=4 log=/paperclip/instances/default/workspaces/3ec8f6dd-1735-4479-9825-a2c42edac34c/logs/buy30727_lane_cc_main_2023_50.log
[buy30727] 2026-06-05T21:11:29.725Z spawned CC-MAIN-2023-14 pid=3089798 baseline_merchants=53 log=/paperclip/instances/default/workspaces/3ec8f6dd-1735-4479-9825-a2c42edac34c/logs/buy30727_lane_cc_main_2023_14.log
[buy30727] 2026-06-05T21:11:31.247Z spawned CC-MAIN-2023-06 pid=3090027 baseline_merchants=45 log=/paperclip/instances/default/workspaces/3ec8f6dd-1735-4479-9825-a2c42edac34c/logs/buy30727_lane_cc_main_2023_06.log
[buy30727] 2026-06-05T21:11:32.764Z spawned CC-MAIN-2022-49 pid=3090246 baseline_merchants=5 log=/paperclip/instances/default/workspaces/3ec8f6dd-1735-4479-9825-a2c42edac34c/logs/buy30727_lane_cc_main_2022_49.log
[buy30727] 2026-06-05T21:12:04.317Z worker CC-MAIN-2024-10 pid=3089286 saturated#181(elapsed=38s new_merchants=0 remaining=794 cooldown=240m)
[buy30727] 2026-06-05T21:12:04.322Z worker CC-MAIN-2023-50 pid=3089475 saturated#181(elapsed=36s new_merchants=0 remaining=378 cooldown=240m)
[buy30727] 2026-06-05T21:12:04.325Z worker CC-MAIN-2023-14 pid=3089798 saturated#181(elapsed=35s new_merchants=0 remaining=248 cooldown=240m)
[buy30727] 2026-06-05T21:12:04.332Z worker CC-MAIN-2023-06 pid=3090027 saturated#181(elapsed=33s new_merchants=0 remaining=318 cooldown=240m)
[buy30727] 2026-06-05T21:12:04.336Z worker CC-MAIN-2022-49 pid=3090246 saturated#181(elapsed=32s new_merchants=0 remaining=323 cooldown=240m)
[buy30727] 2026-06-05T21:12:04.340Z spawned CC-MAIN-2022-40 pid=3094443 baseline_merchants=3 log=/paperclip/instances/default/workspaces/3ec8f6dd-1735-4479-9825-a2c42edac34c/logs/buy30727_lane_cc_main_2022_40.log
[buy30727] 2026-06-05T21:12:05.853Z spawned CC-MAIN-2026-21 pid=3094580 baseline_merchants=853 log=/paperclip/instances/default/workspaces/3ec8f6dd-1735-4479-9825-a2c42edac34c/logs/buy30727_lane_cc_main_2026_21.log
[buy30727] 2026-06-05T21:12:07.362Z spawned CC-MAIN-2026-17 pid=3094700 baseline_merchants=7 log=/paperclip/instances/default/workspaces/3ec8f6dd-1735-4479-9825-a2c42edac34c/logs/buy30727_lane_cc_main_2026_17.log
[buy30727] 2026-06-05T21:12:08.887Z spawned CC-MAIN-2025-18 pid=3094816 baseline_merchants=72 log=/paperclip/instances/default/workspaces/3ec8f6dd-1735-4479-9825-a2c42edac34c/logs/buy30727_lane_cc_main_2025_18.log
[buy30727] 2026-06-05T21:12:10.444Z spawned CC-MAIN-2025-05 pid=3095006 baseline_merchants=7 log=/paperclip/instances/default/workspaces/3ec8f6dd-1735-4479-9825-a2c42edac34c/logs/buy30727_lane_cc_main_2025_05.log
[buy30727] 2026-06-05T21:12:12.009Z tick=40 active=5 drained=20 saturated=27 known_merchants=15747 status=[CC-MAIN-2022-40:295/15515, CC-MAIN-2026-21:862/10577, CC-MAIN-2026-17:3255/37593, CC-MAIN-2025-18:2382/46657, CC-MAIN-2025-05:625/14379]
[buy30727] 2026-06-05T21:12:42.045Z worker CC-MAIN-2022-40 pid=3094443 saturated#181(elapsed=38s new_merchants=0 remaining=295 cooldown=240m)
[buy30727] 2026-06-05T21:12:42.052Z worker CC-MAIN-2026-21 pid=3094580 saturated#181(elapsed=36s new_merchants=0 remaining=862 cooldown=240m)
[buy30727] 2026-06-05T21:12:42.065Z worker CC-MAIN-2026-17 pid=3094700 saturated#182(elapsed=35s new_merchants=0 remaining=3255 cooldown=240m)
[buy30727] 2026-06-05T21:12:42.087Z worker CC-MAIN-2025-18 pid=3094816 saturated#182(elapsed=33s new_merchants=0 remaining=2382 cooldown=240m)
[buy30727] 2026-06-05T21:12:42.091Z worker CC-MAIN-2025-05 pid=3095006 saturated#182(elapsed=32s new_merchants=0 remaining=625 cooldown=240m)
[buy30727] 2026-06-05T21:12:42.096Z spawned CC-MAIN-2025-47 pid=3097290 baseline_merchants=1421 log=/paperclip/instances/default/workspaces/3ec8f6dd-1735-4479-9825-a2c42edac34c/logs/buy30727_lane_cc_main_2025_47.log
[buy30727] 2026-06-05T21:12:43.638Z spawned CC-MAIN-2025-51 pid=3097450 baseline_merchants=236 log=/paperclip/instances/default/workspaces/3ec8f6dd-1735-4479-9825-a2c42edac34c/logs/buy30727_lane_cc_main_2025_51.log
[buy30727] 2026-06-05T21:12:45.168Z spawned CC-MAIN-2025-43 pid=3097526 baseline_merchants=88 log=/paperclip/instances/default/workspaces/3ec8f6dd-1735-4479-9825-a2c42edac34c/logs/buy30727_lane_cc_main_2025_43.log
[buy30727] 2026-06-05T21:12:46.708Z spawned CC-MAIN-2025-38 pid=3097617 baseline_merchants=28 log=/paperclip/instances/default/workspaces/3ec8f6dd-1735-4479-9825-a2c42edac34c/logs/buy30727_lane_cc_main_2025_38.log
[buy30727] 2026-06-05T21:12:48.237Z spawned CC-MAIN-2025-33 pid=3097675 baseline_merchants=13 log=/paperclip/instances/default/workspaces/3ec8f6dd-1735-4479-9825-a2c42edac34c/logs/buy30727_lane_cc_main_2025_33.log
[buy30727] 2026-06-05T21:13:19.814Z worker CC-MAIN-2025-47 pid=3097290 saturated#182(elapsed=38s new_merchants=0 remaining=2294 cooldown=240m)
[buy30727] 2026-06-05T21:13:19.840Z worker CC-MAIN-2025-51 pid=3097450 saturated#182(elapsed=36s new_merchants=0 remaining=2895 cooldown=240m)
[buy30727] 2026-06-05T21:13:19.866Z worker CC-MAIN-2025-43 pid=3097526 saturated#182(elapsed=35s new_merchants=0 remaining=1897 cooldown=240m)
[buy30727] 2026-06-05T21:13:19.897Z worker CC-MAIN-2025-38 pid=3097617 saturated#182(elapsed=33s new_merchants=0 remaining=1980 cooldown=240m)
[buy30727] 2026-06-05T21:13:19.934Z worker CC-MAIN-2025-33 pid=3097675 saturated#182(elapsed=32s new_merchants=0 remaining=2151 cooldown=240m)
[buy30727] 2026-06-05T21:13:19.939Z spawned CC-MAIN-2025-30 pid=3099541 baseline_merchants=136 log=/paperclip/instances/default/workspaces/3ec8f6dd-1735-4479-9825-a2c42edac34c/logs/buy30727_lane_cc_main_2025_30.log
[buy30727] 2026-06-05T21:13:21.469Z spawned CC-MAIN-2025-26 pid=3099640 baseline_merchants=18 log=/paperclip/instances/default/workspaces/3ec8f6dd-1735-4479-9825-a2c42edac34c/logs/buy30727_lane_cc_main_2025_26.log
[buy30727] 2026-06-05T21:13:22.977Z spawned CC-MAIN-2025-08 pid=3099883 baseline_merchants=7 log=/paperclip/instances/default/workspaces/3ec8f6dd-1735-4479-9825-a2c42edac34c/logs/buy30727_lane_cc_main_2025_08.log
[buy30727] 2026-06-05T21:13:24.490Z spawned CC-MAIN-2024-51 pid=3100045 baseline_merchants=427 log=/paperclip/instances/default/workspaces/3ec8f6dd-1735-4479-9825-a2c42edac34c/logs/buy30727_lane_cc_main_2024_51.log
[buy30727] 2026-06-05T21:13:26.010Z spawned CC-MAIN-2024-46 pid=3100067 baseline_merchants=92 log=/paperclip/instances/default/workspaces/3ec8f6dd-1735-4479-9825-a2c42edac34c/logs/buy30727_lane_cc_main_2024_46.log
[buy30727] 2026-06-05T21:13:57.585Z worker CC-MAIN-2025-30 pid=3099541 saturated#182(elapsed=38s new_merchants=0 remaining=2171 cooldown=240m)
[buy30727] 2026-06-05T21:13:57.593Z worker CC-MAIN-2025-26 pid=3099640 saturated#182(elapsed=36s new_merchants=0 remaining=744 cooldown=240m)
[buy30727] 2026-06-05T21:13:57.600Z worker CC-MAIN-2025-08 pid=3099883 saturated#182(elapsed=35s new_merchants=0 remaining=695 cooldown=240m)
[buy30727] 2026-06-05T21:13:57.615Z worker CC-MAIN-2024-51 pid=3100045 saturated#182(elapsed=33s new_merchants=0 remaining=1545 cooldown=240m)
[buy30727] 2026-06-05T21:13:57.635Z worker CC-MAIN-2024-46 pid=3100067 saturated#182(elapsed=32s new_merchants=0 remaining=1592 cooldown=240m)
[buy30727] 2026-06-05T21:13:57.639Z spawned CC-MAIN-2024-42 pid=3101685 baseline_merchants=91 log=/paperclip/instances/default/workspaces/3ec8f6dd-1735-4479-9825-a2c42edac34c/logs/buy30727_lane_cc_main_2024_42.log
[buy30727] 2026-06-05T21:13:59.181Z spawned CC-MAIN-2024-38 pid=3101763 baseline_merchants=36 log=/paperclip/instances/default/workspaces/3ec8f6dd-1735-4479-9825-a2c42edac34c/logs/buy30727_lane_cc_main_2024_38.log
[buy30727] 2026-06-05T21:14:00.691Z spawned CC-MAIN-2024-33 pid=3101853 baseline_merchants=88 log=/paperclip/instances/default/workspaces/3ec8f6dd-1735-4479-9825-a2c42edac34c/logs/buy30727_lane_cc_main_2024_33.log
[buy30727] 2026-06-05T21:14:02.203Z spawned CC-MAIN-2024-30 pid=3101983 baseline_merchants=17 log=/paperclip/instances/default/workspaces/3ec8f6dd-1735-4479-9825-a2c42edac34c/logs/buy30727_lane_cc_main_2024_30.log
[buy30727] 2026-06-05T21:14:03.713Z spawned CC-MAIN-2024-26 pid=3102009 baseline_merchants=7 log=/paperclip/instances/default/workspaces/3ec8f6dd-1735-4479-9825-a2c42edac34c/logs/buy30727_lane_cc_main_2024_26.log
[buy30727] 2026-06-05T21:14:35.275Z worker CC-MAIN-2024-42 pid=3101685 saturated#182(elapsed=38s new_merchants=0 remaining=1420 cooldown=240m)
[buy30727] 2026-06-05T21:14:35.285Z worker CC-MAIN-2024-38 pid=3101763 saturated#182(elapsed=36s new_merchants=0 remaining=581 cooldown=240m)
[buy30727] 2026-06-05T21:14:35.292Z worker CC-MAIN-2024-33 pid=3101853 saturated#182(elapsed=35s new_merchants=0 remaining=508 cooldown=240m)
[buy30727] 2026-06-05T21:14:35.298Z worker CC-MAIN-2024-30 pid=3101983 saturated#182(elapsed=33s new_merchants=0 remaining=424 cooldown=240m)
[buy30727] 2026-06-05T21:14:35.302Z worker CC-MAIN-2024-26 pid=3102009 saturated#182(elapsed=32s new_merchants=0 remaining=401 cooldown=240m)
[buy30727] 2026-06-05T21:14:35.306Z spawned CC-MAIN-2024-22 pid=3103477 baseline_merchants=13 log=/paperclip/instances/default/workspaces/3ec8f6dd-1735-4479-9825-a2c42edac34c/logs/buy30727_lane_cc_main_2024_22.log
[buy30727] 2026-06-05T21:14:36.837Z spawned CC-MAIN-2024-18 pid=3103610 baseline_merchants=62 log=/paperclip/instances/default/workspaces/3ec8f6dd-1735-4479-9825-a2c42edac34c/logs/buy30727_lane_cc_main_2024_18.log
[buy30727] 2026-06-05T21:14:38.360Z spawned CC-MAIN-2024-10 pid=3103688 baseline_merchants=4 log=/paperclip/instances/default/workspaces/3ec8f6dd-1735-4479-9825-a2c42edac34c/logs/buy30727_lane_cc_main_2024_10.log
[buy30727] 2026-06-05T21:14:39.880Z spawned CC-MAIN-2023-50 pid=3103785 baseline_merchants=4 log=/paperclip/instances/default/workspaces/3ec8f6dd-1735-4479-9825-a2c42edac34c/logs/buy30727_lane_cc_main_2023_50.log
[buy30727] 2026-06-05T21:14:41.390Z spawned CC-MAIN-2023-14 pid=3103837 baseline_merchants=53 log=/paperclip/instances/default/workspaces/3ec8f6dd-1735-4479-9825-a2c42edac34c/logs/buy30727_lane_cc_main_2023_14.log
[buy30727] 2026-06-05T21:15:12.939Z worker CC-MAIN-2024-22 pid=3103477 saturated#182(elapsed=38s new_merchants=0 remaining=868 cooldown=240m)
[buy30727] 2026-06-05T21:15:12.995Z worker CC-MAIN-2024-18 pid=3103610 saturated#182(elapsed=36s new_merchants=0 remaining=1033 cooldown=240m)
[buy30727] 2026-06-05T21:15:13.012Z worker CC-MAIN-2024-10 pid=3103688 saturated#182(elapsed=35s new_merchants=0 remaining=794 cooldown=240m)
[buy30727] 2026-06-05T21:15:13.019Z worker CC-MAIN-2023-50 pid=3103785 saturated#182(elapsed=33s new_merchants=0 remaining=378 cooldown=240m)
[buy30727] 2026-06-05T21:15:13.024Z worker CC-MAIN-2023-14 pid=3103837 saturated#182(elapsed=32s new_merchants=0 remaining=248 cooldown=240m)
[buy30727] 2026-06-05T21:15:13.029Z spawned CC-MAIN-2023-06 pid=3105778 baseline_merchants=45 log=/paperclip/instances/default/workspaces/3ec8f6dd-1735-4479-9825-a2c42edac34c/logs/buy30727_lane_cc_main_2023_06.log
[buy30727] 2026-06-05T21:15:14.555Z spawned CC-MAIN-2022-49 pid=3105811 baseline_merchants=5 log=/paperclip/instances/default/workspaces/3ec8f6dd-1735-4479-9825-a2c42edac34c/logs/buy30727_lane_cc_main_2022_49.log
[buy30727] 2026-06-05T21:15:16.071Z spawned CC-MAIN-2022-40 pid=3105904 baseline_merchants=3 log=/paperclip/instances/default/workspaces/3ec8f6dd-1735-4479-9825-a2c42edac34c/logs/buy30727_lane_cc_main_2022_40.log
[buy30727] 2026-06-05T21:15:17.586Z spawned CC-MAIN-2026-21 pid=3106083 baseline_merchants=853 log=/paperclip/instances/default/workspaces/3ec8f6dd-1735-4479-9825-a2c42edac34c/logs/buy30727_lane_cc_main_2026_21.log
[buy30727] 2026-06-05T21:15:19.094Z spawned CC-MAIN-2026-17 pid=3106176 baseline_merchants=7 log=/paperclip/instances/default/workspaces/3ec8f6dd-1735-4479-9825-a2c42edac34c/logs/buy30727_lane_cc_main_2026_17.log
[buy30727] 2026-06-05T21:15:50.643Z worker CC-MAIN-2023-06 pid=3105778 saturated#182(elapsed=38s new_merchants=0 remaining=318 cooldown=240m)
[buy30727] 2026-06-05T21:15:50.649Z worker CC-MAIN-2022-49 pid=3105811 saturated#182(elapsed=36s new_merchants=0 remaining=323 cooldown=240m)
[buy30727] 2026-06-05T21:15:50.654Z worker CC-MAIN-2022-40 pid=3105904 saturated#182(elapsed=35s new_merchants=0 remaining=295 cooldown=240m)
[buy30727] 2026-06-05T21:15:50.658Z worker CC-MAIN-2026-21 pid=3106083 saturated#182(elapsed=33s new_merchants=0 remaining=862 cooldown=240m)
[buy30727] 2026-06-05T21:15:50.676Z worker CC-MAIN-2026-17 pid=3106176 saturated#183(elapsed=32s new_merchants=0 remaining=3255 cooldown=240m)
[buy30727] 2026-06-05T21:15:50.680Z spawned CC-MAIN-2025-18 pid=3108341 baseline_merchants=72 log=/paperclip/instances/default/workspaces/3ec8f6dd-1735-4479-9825-a2c42edac34c/logs/buy30727_lane_cc_main_2025_18.log
[buy30727] 2026-06-05T21:15:52.234Z spawned CC-MAIN-2025-05 pid=3108448 baseline_merchants=7 log=/paperclip/instances/default/workspaces/3ec8f6dd-1735-4479-9825-a2c42edac34c/logs/buy30727_lane_cc_main_2025_05.log
[buy30727] 2026-06-05T21:15:53.743Z spawned CC-MAIN-2025-47 pid=3108482 baseline_merchants=1421 log=/paperclip/instances/default/workspaces/3ec8f6dd-1735-4479-9825-a2c42edac34c/logs/buy30727_lane_cc_main_2025_47.log
[buy30727] 2026-06-05T21:15:55.263Z spawned CC-MAIN-2025-51 pid=3108574 baseline_merchants=236 log=/paperclip/instances/default/workspaces/3ec8f6dd-1735-4479-9825-a2c42edac34c/logs/buy30727_lane_cc_main_2025_51.log
[buy30727] 2026-06-05T21:15:56.798Z spawned CC-MAIN-2025-43 pid=3108836 baseline_merchants=88 log=/paperclip/instances/default/workspaces/3ec8f6dd-1735-4479-9825-a2c42edac34c/logs/buy30727_lane_cc_main_2025_43.log
[buy30727] 2026-06-05T21:16:28.358Z worker CC-MAIN-2025-18 pid=3108341 saturated#183(elapsed=38s new_merchants=0 remaining=2382 cooldown=240m)
[buy30727] 2026-06-05T21:16:28.365Z worker CC-MAIN-2025-05 pid=3108448 saturated#183(elapsed=36s new_merchants=0 remaining=625 cooldown=240m)
[buy30727] 2026-06-05T21:16:28.388Z worker CC-MAIN-2025-47 pid=3108482 saturated#183(elapsed=35s new_merchants=0 remaining=2294 cooldown=240m)
[buy30727] 2026-06-05T21:16:28.409Z worker CC-MAIN-2025-51 pid=3108574 saturated#183(elapsed=33s new_merchants=0 remaining=2895 cooldown=240m)
[buy30727] 2026-06-05T21:16:28.427Z worker CC-MAIN-2025-43 pid=3108836 saturated#183(elapsed=32s new_merchants=0 remaining=1897 cooldown=240m)
[buy30727] 2026-06-05T21:16:28.431Z spawned CC-MAIN-2025-38 pid=3110614 baseline_merchants=28 log=/paperclip/instances/default/workspaces/3ec8f6dd-1735-4479-9825-a2c42edac34c/logs/buy30727_lane_cc_main_2025_38.log
[buy30727] 2026-06-05T21:16:29.954Z spawned CC-MAIN-2025-33 pid=3110706 baseline_merchants=13 log=/paperclip/instances/default/workspaces/3ec8f6dd-1735-4479-9825-a2c42edac34c/logs/buy30727_lane_cc_main_2025_33.log
[buy30727] 2026-06-05T21:16:31.492Z spawned CC-MAIN-2025-30 pid=3110851 baseline_merchants=136 log=/paperclip/instances/default/workspaces/3ec8f6dd-1735-4479-9825-a2c42edac34c/logs/buy30727_lane_cc_main_2025_30.log
[buy30727] 2026-06-05T21:16:33.022Z spawned CC-MAIN-2025-26 pid=3110985 baseline_merchants=18 log=/paperclip/instances/default/workspaces/3ec8f6dd-1735-4479-9825-a2c42edac34c/logs/buy30727_lane_cc_main_2025_26.log
[buy30727] 2026-06-05T21:16:34.539Z spawned CC-MAIN-2025-08 pid=3111082 baseline_merchants=7 log=/paperclip/instances/default/workspaces/3ec8f6dd-1735-4479-9825-a2c42edac34c/logs/buy30727_lane_cc_main_2025_08.log
[buy30727] 2026-06-05T21:17:06.086Z worker CC-MAIN-2025-38 pid=3110614 saturated#183(elapsed=38s new_merchants=0 remaining=1980 cooldown=240m)
[buy30727] 2026-06-05T21:17:06.136Z worker CC-MAIN-2025-33 pid=3110706 saturated#183(elapsed=36s new_merchants=0 remaining=2151 cooldown=240m)
[buy30727] 2026-06-05T21:17:06.175Z worker CC-MAIN-2025-30 pid=3110851 saturated#183(elapsed=35s new_merchants=0 remaining=2171 cooldown=240m)
[buy30727] 2026-06-05T21:17:06.180Z worker CC-MAIN-2025-26 pid=3110985 saturated#183(elapsed=33s new_merchants=0 remaining=744 cooldown=240m)
[buy30727] 2026-06-05T21:17:06.184Z worker CC-MAIN-2025-08 pid=3111082 saturated#183(elapsed=32s new_merchants=0 remaining=695 cooldown=240m)
[buy30727] 2026-06-05T21:17:06.189Z spawned CC-MAIN-2024-51 pid=3116854 baseline_merchants=427 log=/paperclip/instances/default/workspaces/3ec8f6dd-1735-4479-9825-a2c42edac34c/logs/buy30727_lane_cc_main_2024_51.log
[buy30727] 2026-06-05T21:17:07.715Z spawned CC-MAIN-2024-46 pid=3116890 baseline_merchants=92 log=/paperclip/instances/default/workspaces/3ec8f6dd-1735-4479-9825-a2c42edac34c/logs/buy30727_lane_cc_main_2024_46.log
[buy30727] 2026-06-05T21:17:09.242Z spawned CC-MAIN-2024-42 pid=3116986 baseline_merchants=91 log=/paperclip/instances/default/workspaces/3ec8f6dd-1735-4479-9825-a2c42edac34c/logs/buy30727_lane_cc_main_2024_42.log
[buy30727] 2026-06-05T21:17:10.777Z spawned CC-MAIN-2024-38 pid=3117086 baseline_merchants=36 log=/paperclip/instances/default/workspaces/3ec8f6dd-1735-4479-9825-a2c42edac34c/logs/buy30727_lane_cc_main_2024_38.log
[buy30727] 2026-06-05T21:17:12.292Z spawned CC-MAIN-2024-33 pid=3117163 baseline_merchants=88 log=/paperclip/instances/default/workspaces/3ec8f6dd-1735-4479-9825-a2c42edac34c/logs/buy30727_lane_cc_main_2024_33.log
[buy30727] 2026-06-05T21:17:43.864Z worker CC-MAIN-2024-51 pid=3116854 saturated#183(elapsed=38s new_merchants=0 remaining=1545 cooldown=240m)
[buy30727] 2026-06-05T21:17:43.918Z worker CC-MAIN-2024-46 pid=3116890 saturated#183(elapsed=36s new_merchants=0 remaining=1592 cooldown=240m)
[buy30727] 2026-06-05T21:17:43.962Z worker CC-MAIN-2024-42 pid=3116986 saturated#183(elapsed=35s new_merchants=0 remaining=1420 cooldown=240m)
[buy30727] 2026-06-05T21:17:43.968Z worker CC-MAIN-2024-38 pid=3117086 saturated#183(elapsed=33s new_merchants=0 remaining=581 cooldown=240m)
[buy30727] 2026-06-05T21:17:43.973Z worker CC-MAIN-2024-33 pid=3117163 saturated#183(elapsed=32s new_merchants=0 remaining=508 cooldown=240m)
[buy30727] 2026-06-05T21:17:43.977Z spawned CC-MAIN-2024-30 pid=3118543 baseline_merchants=17 log=/paperclip/instances/default/workspaces/3ec8f6dd-1735-4479-9825-a2c42edac34c/logs/buy30727_lane_cc_main_2024_30.log
[buy30727] 2026-06-05T21:17:45.489Z spawned CC-MAIN-2024-26 pid=3118642 baseline_merchants=7 log=/paperclip/instances/default/workspaces/3ec8f6dd-1735-4479-9825-a2c42edac34c/logs/buy30727_lane_cc_main_2024_26.log
[buy30727] 2026-06-05T21:17:47.007Z spawned CC-MAIN-2024-22 pid=3118776 baseline_merchants=13 log=/paperclip/instances/default/workspaces/3ec8f6dd-1735-4479-9825-a2c42edac34c/logs/buy30727_lane_cc_main_2024_22.log
[buy30727] 2026-06-05T21:17:48.530Z spawned CC-MAIN-2024-18 pid=3118881 baseline_merchants=62 log=/paperclip/instances/default/workspaces/3ec8f6dd-1735-4479-9825-a2c42edac34c/logs/buy30727_lane_cc_main_2024_18.log
[buy30727] 2026-06-05T21:17:50.053Z spawned CC-MAIN-2024-10 pid=3118999 baseline_merchants=4 log=/paperclip/instances/default/workspaces/3ec8f6dd-1735-4479-9825-a2c42edac34c/logs/buy30727_lane_cc_main_2024_10.log
[buy30727] 2026-06-05T21:18:21.599Z worker CC-MAIN-2024-30 pid=3118543 saturated#183(elapsed=38s new_merchants=0 remaining=424 cooldown=240m)
[buy30727] 2026-06-05T21:18:21.604Z worker CC-MAIN-2024-26 pid=3118642 saturated#183(elapsed=36s new_merchants=0 remaining=401 cooldown=240m)
[buy30727] 2026-06-05T21:18:21.618Z worker CC-MAIN-2024-22 pid=3118776 saturated#183(elapsed=35s new_merchants=0 remaining=868 cooldown=240m)
[buy30727] 2026-06-05T21:18:21.640Z worker CC-MAIN-2024-18 pid=3118881 saturated#183(elapsed=33s new_merchants=0 remaining=1033 cooldown=240m)
[buy30727] 2026-06-05T21:18:21.654Z worker CC-MAIN-2024-10 pid=3118999 saturated#183(elapsed=32s new_merchants=0 remaining=794 cooldown=240m)
[buy30727] 2026-06-05T21:18:21.657Z spawned CC-MAIN-2023-50 pid=3120513 baseline_merchants=4 log=/paperclip/instances/default/workspaces/3ec8f6dd-1735-4479-9825-a2c42edac34c/logs/buy30727_lane_cc_main_2023_50.log
[buy30727] 2026-06-05T21:18:23.176Z spawned CC-MAIN-2023-14 pid=3120564 baseline_merchants=53 log=/paperclip/instances/default/workspaces/3ec8f6dd-1735-4479-9825-a2c42edac34c/logs/buy30727_lane_cc_main_2023_14.log
[buy30727] 2026-06-05T21:18:24.686Z spawned CC-MAIN-2023-06 pid=3120605 baseline_merchants=45 log=/paperclip/instances/default/workspaces/3ec8f6dd-1735-4479-9825-a2c42edac34c/logs/buy30727_lane_cc_main_2023_06.log
[buy30727] 2026-06-05T21:18:26.197Z spawned CC-MAIN-2022-49 pid=3120662 baseline_merchants=5 log=/paperclip/instances/default/workspaces/3ec8f6dd-1735-4479-9825-a2c42edac34c/logs/buy30727_lane_cc_main_2022_49.log
[buy30727] 2026-06-05T21:18:27.709Z spawned CC-MAIN-2022-40 pid=3120713 baseline_merchants=3 log=/paperclip/instances/default/workspaces/3ec8f6dd-1735-4479-9825-a2c42edac34c/logs/buy30727_lane_cc_main_2022_40.log
[buy30727] 2026-06-05T21:18:29.236Z tick=50 active=5 drained=20 saturated=27 known_merchants=15747 status=[CC-MAIN-2023-50:378/14186, CC-MAIN-2023-14:248/11465, CC-MAIN-2023-06:318/15760, CC-MAIN-2022-49:323/15977, CC-MAIN-2022-40:295/15515]
[buy30727] 2026-06-05T21:18:59.257Z worker CC-MAIN-2023-50 pid=3120513 saturated#183(elapsed=38s new_merchants=0 remaining=378 cooldown=240m)
[buy30727] 2026-06-05T21:18:59.262Z worker CC-MAIN-2023-14 pid=3120564 saturated#183(elapsed=36s new_merchants=0 remaining=248 cooldown=240m)
[buy30727] 2026-06-05T21:18:59.268Z worker CC-MAIN-2023-06 pid=3120605 saturated#183(elapsed=35s new_merchants=0 remaining=318 cooldown=240m)
[buy30727] 2026-06-05T21:18:59.276Z worker CC-MAIN-2022-49 pid=3120662 saturated#183(elapsed=33s new_merchants=0 remaining=323 cooldown=240m)
[buy30727] 2026-06-05T21:18:59.286Z worker CC-MAIN-2022-40 pid=3120713 saturated#183(elapsed=32s new_merchants=0 remaining=295 cooldown=240m)
[buy30727] 2026-06-05T21:18:59.289Z spawned CC-MAIN-2026-21 pid=3121746 baseline_merchants=853 log=/paperclip/instances/default/workspaces/3ec8f6dd-1735-4479-9825-a2c42edac34c/logs/buy30727_lane_cc_main_2026_21.log
[buy30727] 2026-06-05T21:19:00.823Z spawned CC-MAIN-2026-17 pid=3121772 baseline_merchants=7 log=/paperclip/instances/default/workspaces/3ec8f6dd-1735-4479-9825-a2c42edac34c/logs/buy30727_lane_cc_main_2026_17.log
[buy30727] 2026-06-05T21:19:02.361Z spawned CC-MAIN-2025-18 pid=3121923 baseline_merchants=72 log=/paperclip/instances/default/workspaces/3ec8f6dd-1735-4479-9825-a2c42edac34c/logs/buy30727_lane_cc_main_2025_18.log
[buy30727] 2026-06-05T21:19:03.901Z spawned CC-MAIN-2025-05 pid=3121946 baseline_merchants=7 log=/paperclip/instances/default/workspaces/3ec8f6dd-1735-4479-9825-a2c42edac34c/logs/buy30727_lane_cc_main_2025_05.log
[buy30727] 2026-06-05T21:19:05.410Z spawned CC-MAIN-2025-47 pid=3121988 baseline_merchants=1421 log=/paperclip/instances/default/workspaces/3ec8f6dd-1735-4479-9825-a2c42edac34c/logs/buy30727_lane_cc_main_2025_47.log
[buy30727] 2026-06-05T21:19:36.966Z worker CC-MAIN-2026-21 pid=3121746 saturated#183(elapsed=38s new_merchants=0 remaining=862 cooldown=240m)
[buy30727] 2026-06-05T21:19:36.975Z worker CC-MAIN-2026-17 pid=3121772 saturated#184(elapsed=36s new_merchants=0 remaining=3255 cooldown=240m)
[buy30727] 2026-06-05T21:19:36.989Z worker CC-MAIN-2025-18 pid=3121923 saturated#184(elapsed=35s new_merchants=0 remaining=2382 cooldown=240m)
[buy30727] 2026-06-05T21:19:36.992Z worker CC-MAIN-2025-05 pid=3121946 saturated#184(elapsed=33s new_merchants=0 remaining=625 cooldown=240m)
[buy30727] 2026-06-05T21:19:37.007Z worker CC-MAIN-2025-47 pid=3121988 saturated#184(elapsed=32s new_merchants=0 remaining=2294 cooldown=240m)
[buy30727] 2026-06-05T21:19:37.010Z spawned CC-MAIN-2025-51 pid=3123541 baseline_merchants=236 log=/paperclip/instances/default/workspaces/3ec8f6dd-1735-4479-9825-a2c42edac34c/logs/buy30727_lane_cc_main_2025_51.log
[buy30727] 2026-06-05T21:19:38.532Z spawned CC-MAIN-2025-43 pid=3123642 baseline_merchants=88 log=/paperclip/instances/default/workspaces/3ec8f6dd-1735-4479-9825-a2c42edac34c/logs/buy30727_lane_cc_main_2025_43.log
[buy30727] 2026-06-05T21:19:40.061Z spawned CC-MAIN-2025-38 pid=3123869 baseline_merchants=28 log=/paperclip/instances/default/workspaces/3ec8f6dd-1735-4479-9825-a2c42edac34c/logs/buy30727_lane_cc_main_2025_38.log
[buy30727] 2026-06-05T21:19:41.590Z spawned CC-MAIN-2025-33 pid=3123932 baseline_merchants=13 log=/paperclip/instances/default/workspaces/3ec8f6dd-1735-4479-9825-a2c42edac34c/logs/buy30727_lane_cc_main_2025_33.log
[buy30727] 2026-06-05T21:19:43.117Z spawned CC-MAIN-2025-30 pid=3124020 baseline_merchants=136 log=/paperclip/instances/default/workspaces/3ec8f6dd-1735-4479-9825-a2c42edac34c/logs/buy30727_lane_cc_main_2025_30.log
[buy30727] 2026-06-05T21:20:14.651Z worker CC-MAIN-2025-51 pid=3123541 saturated#184(elapsed=38s new_merchants=0 remaining=2895 cooldown=240m)
[buy30727] 2026-06-05T21:20:14.661Z worker CC-MAIN-2025-43 pid=3123642 saturated#184(elapsed=36s new_merchants=0 remaining=1897 cooldown=240m)
[buy30727] 2026-06-05T21:20:14.681Z worker CC-MAIN-2025-38 pid=3123869 saturated#184(elapsed=35s new_merchants=0 remaining=1980 cooldown=240m)
[buy30727] 2026-06-05T21:20:14.708Z worker CC-MAIN-2025-33 pid=3123932 saturated#184(elapsed=33s new_merchants=0 remaining=2151 cooldown=240m)
[buy30727] 2026-06-05T21:20:14.730Z worker CC-MAIN-2025-30 pid=3124020 saturated#184(elapsed=32s new_merchants=0 remaining=2171 cooldown=240m)
[buy30727] 2026-06-05T21:20:14.735Z spawned CC-MAIN-2025-26 pid=3125735 baseline_merchants=18 log=/paperclip/instances/default/workspaces/3ec8f6dd-1735-4479-9825-a2c42edac34c/logs/buy30727_lane_cc_main_2025_26.log
[buy30727] 2026-06-05T21:20:16.256Z spawned CC-MAIN-2025-08 pid=3125846 baseline_merchants=7 log=/paperclip/instances/default/workspaces/3ec8f6dd-1735-4479-9825-a2c42edac34c/logs/buy30727_lane_cc_main_2025_08.log
[buy30727] 2026-06-05T21:20:17.767Z spawned CC-MAIN-2024-51 pid=3125879 baseline_merchants=427 log=/paperclip/instances/default/workspaces/3ec8f6dd-1735-4479-9825-a2c42edac34c/logs/buy30727_lane_cc_main_2024_51.log
[buy30727] 2026-06-05T21:20:19.288Z spawned CC-MAIN-2024-46 pid=3125938 baseline_merchants=92 log=/paperclip/instances/default/workspaces/3ec8f6dd-1735-4479-9825-a2c42edac34c/logs/buy30727_lane_cc_main_2024_46.log
[buy30727] 2026-06-05T21:20:20.848Z spawned CC-MAIN-2024-42 pid=3125985 baseline_merchants=91 log=/paperclip/instances/default/workspaces/3ec8f6dd-1735-4479-9825-a2c42edac34c/logs/buy30727_lane_cc_main_2024_42.log
[buy30727] 2026-06-05T21:20:52.428Z worker CC-MAIN-2025-26 pid=3125735 saturated#184(elapsed=38s new_merchants=0 remaining=744 cooldown=240m)
[buy30727] 2026-06-05T21:20:52.445Z worker CC-MAIN-2025-08 pid=3125846 saturated#184(elapsed=36s new_merchants=0 remaining=695 cooldown=240m)
[buy30727] 2026-06-05T21:20:52.480Z worker CC-MAIN-2024-51 pid=3125879 saturated#184(elapsed=35s new_merchants=0 remaining=1545 cooldown=240m)
[buy30727] 2026-06-05T21:20:52.539Z worker CC-MAIN-2024-46 pid=3125938 saturated#184(elapsed=33s new_merchants=0 remaining=1592 cooldown=240m)
[buy30727] 2026-06-05T21:20:52.570Z worker CC-MAIN-2024-42 pid=3125985 saturated#184(elapsed=32s new_merchants=0 remaining=1420 cooldown=240m)
[buy30727] 2026-06-05T21:20:52.577Z spawned CC-MAIN-2024-38 pid=3128095 baseline_merchants=36 log=/paperclip/instances/default/workspaces/3ec8f6dd-1735-4479-9825-a2c42edac34c/logs/buy30727_lane_cc_main_2024_38.log
[buy30727] 2026-06-05T21:20:54.096Z spawned CC-MAIN-2024-33 pid=3128277 baseline_merchants=88 log=/paperclip/instances/default/workspaces/3ec8f6dd-1735-4479-9825-a2c42edac34c/logs/buy30727_lane_cc_main_2024_33.log
[buy30727] 2026-06-05T21:20:55.611Z spawned CC-MAIN-2024-30 pid=3128376 baseline_merchants=17 log=/paperclip/instances/default/workspaces/3ec8f6dd-1735-4479-9825-a2c42edac34c/logs/buy30727_lane_cc_main_2024_30.log
[buy30727] 2026-06-05T21:20:57.133Z spawned CC-MAIN-2024-26 pid=3128426 baseline_merchants=7 log=/paperclip/instances/default/workspaces/3ec8f6dd-1735-4479-9825-a2c42edac34c/logs/buy30727_lane_cc_main_2024_26.log
[buy30727] 2026-06-05T21:20:58.645Z spawned CC-MAIN-2024-22 pid=3128500 baseline_merchants=13 log=/paperclip/instances/default/workspaces/3ec8f6dd-1735-4479-9825-a2c42edac34c/logs/buy30727_lane_cc_main_2024_22.log
[buy30727] 2026-06-05T21:21:30.180Z worker CC-MAIN-2024-38 pid=3128095 saturated#184(elapsed=38s new_merchants=0 remaining=581 cooldown=240m)
[buy30727] 2026-06-05T21:21:30.188Z worker CC-MAIN-2024-33 pid=3128277 saturated#184(elapsed=36s new_merchants=0 remaining=508 cooldown=240m)
[buy30727] 2026-06-05T21:21:30.195Z worker CC-MAIN-2024-30 pid=3128376 saturated#184(elapsed=35s new_merchants=0 remaining=424 cooldown=240m)
[buy30727] 2026-06-05T21:21:30.201Z worker CC-MAIN-2024-26 pid=3128426 saturated#184(elapsed=33s new_merchants=0 remaining=401 cooldown=240m)
[buy30727] 2026-06-05T21:21:30.242Z worker CC-MAIN-2024-22 pid=3128500 saturated#184(elapsed=32s new_merchants=0 remaining=868 cooldown=240m)
[buy30727] 2026-06-05T21:21:30.246Z spawned CC-MAIN-2024-18 pid=3131283 baseline_merchants=62 log=/paperclip/instances/default/workspaces/3ec8f6dd-1735-4479-9825-a2c42edac34c/logs/buy30727_lane_cc_main_2024_18.log
[buy30727] 2026-06-05T21:21:31.788Z spawned CC-MAIN-2024-10 pid=3131423 baseline_merchants=4 log=/paperclip/instances/default/workspaces/3ec8f6dd-1735-4479-9825-a2c42edac34c/logs/buy30727_lane_cc_main_2024_10.log
[buy30727] 2026-06-05T21:21:33.303Z spawned CC-MAIN-2023-50 pid=3131551 baseline_merchants=4 log=/paperclip/instances/default/workspaces/3ec8f6dd-1735-4479-9825-a2c42edac34c/logs/buy30727_lane_cc_main_2023_50.log
[buy30727] 2026-06-05T21:21:34.814Z spawned CC-MAIN-2023-14 pid=3131653 baseline_merchants=53 log=/paperclip/instances/default/workspaces/3ec8f6dd-1735-4479-9825-a2c42edac34c/logs/buy30727_lane_cc_main_2023_14.log
[buy30727] 2026-06-05T21:21:36.322Z spawned CC-MAIN-2023-06 pid=3131962 baseline_merchants=45 log=/paperclip/instances/default/workspaces/3ec8f6dd-1735-4479-9825-a2c42edac34c/logs/buy30727_lane_cc_main_2023_06.log
[buy30727] 2026-06-05T21:22:07.914Z worker CC-MAIN-2024-18 pid=3131283 saturated#184(elapsed=38s new_merchants=0 remaining=1033 cooldown=240m)
[buy30727] 2026-06-05T21:22:07.938Z worker CC-MAIN-2024-10 pid=3131423 saturated#184(elapsed=36s new_merchants=0 remaining=794 cooldown=240m)
[buy30727] 2026-06-05T21:22:07.943Z worker CC-MAIN-2023-50 pid=3131551 saturated#184(elapsed=35s new_merchants=0 remaining=378 cooldown=240m)
[buy30727] 2026-06-05T21:22:07.948Z worker CC-MAIN-2023-14 pid=3131653 saturated#184(elapsed=33s new_merchants=0 remaining=248 cooldown=240m)
[buy30727] 2026-06-05T21:22:07.956Z worker CC-MAIN-2023-06 pid=3131962 saturated#184(elapsed=32s new_merchants=0 remaining=318 cooldown=240m)
[buy30727] 2026-06-05T21:22:07.961Z spawned CC-MAIN-2022-49 pid=3134808 baseline_merchants=5 log=/paperclip/instances/default/workspaces/3ec8f6dd-1735-4479-9825-a2c42edac34c/logs/buy30727_lane_cc_main_2022_49.log
[buy30727] 2026-06-05T21:22:09.474Z spawned CC-MAIN-2022-40 pid=3134946 baseline_merchants=3 log=/paperclip/instances/default/workspaces/3ec8f6dd-1735-4479-9825-a2c42edac34c/logs/buy30727_lane_cc_main_2022_40.log
[buy30727] 2026-06-05T21:22:10.993Z spawned CC-MAIN-2026-21 pid=3135002 baseline_merchants=853 log=/paperclip/instances/default/workspaces/3ec8f6dd-1735-4479-9825-a2c42edac34c/logs/buy30727_lane_cc_main_2026_21.log
[buy30727] 2026-06-05T21:22:12.505Z spawned CC-MAIN-2026-17 pid=3135120 baseline_merchants=7 log=/paperclip/instances/default/workspaces/3ec8f6dd-1735-4479-9825-a2c42edac34c/logs/buy30727_lane_cc_main_2026_17.log
[buy30727] 2026-06-05T21:22:14.031Z spawned CC-MAIN-2025-18 pid=3135151 baseline_merchants=72 log=/paperclip/instances/default/workspaces/3ec8f6dd-1735-4479-9825-a2c42edac34c/logs/buy30727_lane_cc_main_2025_18.log
[buy30727] 2026-06-05T21:22:45.616Z worker CC-MAIN-2022-49 pid=3134808 saturated#184(elapsed=38s new_merchants=0 remaining=323 cooldown=240m)
[buy30727] 2026-06-05T21:22:45.621Z worker CC-MAIN-2022-40 pid=3134946 saturated#184(elapsed=36s new_merchants=0 remaining=295 cooldown=240m)
[buy30727] 2026-06-05T21:22:45.624Z worker CC-MAIN-2026-21 pid=3135002 saturated#184(elapsed=35s new_merchants=0 remaining=862 cooldown=240m)
[buy30727] 2026-06-05T21:22:45.638Z worker CC-MAIN-2026-17 pid=3135120 saturated#185(elapsed=33s new_merchants=0 remaining=3255 cooldown=240m)
[buy30727] 2026-06-05T21:22:45.676Z worker CC-MAIN-2025-18 pid=3135151 saturated#185(elapsed=32s new_merchants=0 remaining=2382 cooldown=240m)
[buy30727] 2026-06-05T21:22:45.681Z spawned CC-MAIN-2025-05 pid=3136854 baseline_merchants=7 log=/paperclip/instances/default/workspaces/3ec8f6dd-1735-4479-9825-a2c42edac34c/logs/buy30727_lane_cc_main_2025_05.log
[buy30727] 2026-06-05T21:22:47.194Z spawned CC-MAIN-2025-47 pid=3136875 baseline_merchants=1421 log=/paperclip/instances/default/workspaces/3ec8f6dd-1735-4479-9825-a2c42edac34c/logs/buy30727_lane_cc_main_2025_47.log
[buy30727] 2026-06-05T21:22:48.727Z spawned CC-MAIN-2025-51 pid=3136898 baseline_merchants=236 log=/paperclip/instances/default/workspaces/3ec8f6dd-1735-4479-9825-a2c42edac34c/logs/buy30727_lane_cc_main_2025_51.log
[buy30727] 2026-06-05T21:22:50.252Z spawned CC-MAIN-2025-43 pid=3136932 baseline_merchants=88 log=/paperclip/instances/default/workspaces/3ec8f6dd-1735-4479-9825-a2c42edac34c/logs/buy30727_lane_cc_main_2025_43.log
[buy30727] 2026-06-05T21:22:51.771Z spawned CC-MAIN-2025-38 pid=3136979 baseline_merchants=28 log=/paperclip/instances/default/workspaces/3ec8f6dd-1735-4479-9825-a2c42edac34c/logs/buy30727_lane_cc_main_2025_38.log
[buy30727] 2026-06-05T21:23:23.338Z worker CC-MAIN-2025-05 pid=3136854 saturated#185(elapsed=38s new_merchants=0 remaining=625 cooldown=240m)
[buy30727] 2026-06-05T21:23:23.366Z worker CC-MAIN-2025-47 pid=3136875 saturated#185(elapsed=36s new_merchants=0 remaining=2294 cooldown=240m)
[buy30727] 2026-06-05T21:23:23.391Z worker CC-MAIN-2025-51 pid=3136898 saturated#185(elapsed=35s new_merchants=0 remaining=2895 cooldown=240m)
[buy30727] 2026-06-05T21:23:23.432Z worker CC-MAIN-2025-43 pid=3136932 saturated#185(elapsed=33s new_merchants=0 remaining=1897 cooldown=240m)
[buy30727] 2026-06-05T21:23:23.452Z worker CC-MAIN-2025-38 pid=3136979 saturated#185(elapsed=32s new_merchants=0 remaining=1980 cooldown=240m)
[buy30727] 2026-06-05T21:23:23.457Z spawned CC-MAIN-2025-33 pid=3138020 baseline_merchants=13 log=/paperclip/instances/default/workspaces/3ec8f6dd-1735-4479-9825-a2c42edac34c/logs/buy30727_lane_cc_main_2025_33.log
[buy30727] 2026-06-05T21:23:24.990Z spawned CC-MAIN-2025-30 pid=3138062 baseline_merchants=136 log=/paperclip/instances/default/workspaces/3ec8f6dd-1735-4479-9825-a2c42edac34c/logs/buy30727_lane_cc_main_2025_30.log
[buy30727] 2026-06-05T21:23:26.523Z spawned CC-MAIN-2025-26 pid=3138239 baseline_merchants=18 log=/paperclip/instances/default/workspaces/3ec8f6dd-1735-4479-9825-a2c42edac34c/logs/buy30727_lane_cc_main_2025_26.log
[buy30727] 2026-06-05T21:23:28.037Z spawned CC-MAIN-2025-08 pid=3138293 baseline_merchants=7 log=/paperclip/instances/default/workspaces/3ec8f6dd-1735-4479-9825-a2c42edac34c/logs/buy30727_lane_cc_main_2025_08.log
[buy30727] 2026-06-05T21:23:29.548Z spawned CC-MAIN-2024-51 pid=3138342 baseline_merchants=427 log=/paperclip/instances/default/workspaces/3ec8f6dd-1735-4479-9825-a2c42edac34c/logs/buy30727_lane_cc_main_2024_51.log
[buy30727] 2026-06-05T21:24:01.111Z worker CC-MAIN-2025-33 pid=3138020 saturated#185(elapsed=38s new_merchants=0 remaining=2151 cooldown=240m)
[buy30727] 2026-06-05T21:24:01.125Z worker CC-MAIN-2025-30 pid=3138062 saturated#185(elapsed=36s new_merchants=0 remaining=2171 cooldown=240m)
[buy30727] 2026-06-05T21:24:01.130Z worker CC-MAIN-2025-26 pid=3138239 saturated#185(elapsed=35s new_merchants=0 remaining=744 cooldown=240m)
[buy30727] 2026-06-05T21:24:01.134Z worker CC-MAIN-2025-08 pid=3138293 saturated#185(elapsed=33s new_merchants=0 remaining=695 cooldown=240m)
[buy30727] 2026-06-05T21:24:01.147Z worker CC-MAIN-2024-51 pid=3138342 saturated#185(elapsed=32s new_merchants=0 remaining=1545 cooldown=240m)
[buy30727] 2026-06-05T21:24:01.151Z spawned CC-MAIN-2024-46 pid=3139814 baseline_merchants=92 log=/paperclip/instances/default/workspaces/3ec8f6dd-1735-4479-9825-a2c42edac34c/logs/buy30727_lane_cc_main_2024_46.log
[buy30727] 2026-06-05T21:24:02.731Z spawned CC-MAIN-2024-42 pid=3139918 baseline_merchants=91 log=/paperclip/instances/default/workspaces/3ec8f6dd-1735-4479-9825-a2c42edac34c/logs/buy30727_lane_cc_main_2024_42.log
[buy30727] 2026-06-05T21:24:04.259Z spawned CC-MAIN-2024-38 pid=3139952 baseline_merchants=36 log=/paperclip/instances/default/workspaces/3ec8f6dd-1735-4479-9825-a2c42edac34c/logs/buy30727_lane_cc_main_2024_38.log
[buy30727] 2026-06-05T21:24:05.772Z spawned CC-MAIN-2024-33 pid=3139977 baseline_merchants=88 log=/paperclip/instances/default/workspaces/3ec8f6dd-1735-4479-9825-a2c42edac34c/logs/buy30727_lane_cc_main_2024_33.log
[buy30727] 2026-06-05T21:24:07.288Z spawned CC-MAIN-2024-30 pid=3140025 baseline_merchants=17 log=/paperclip/instances/default/workspaces/3ec8f6dd-1735-4479-9825-a2c42edac34c/logs/buy30727_lane_cc_main_2024_30.log
[buy30727] 2026-06-05T21:24:38.823Z worker CC-MAIN-2024-46 pid=3139814 saturated#185(elapsed=38s new_merchants=0 remaining=1592 cooldown=240m)
[buy30727] 2026-06-05T21:24:38.836Z worker CC-MAIN-2024-42 pid=3139918 saturated#185(elapsed=36s new_merchants=0 remaining=1420 cooldown=240m)
[buy30727] 2026-06-05T21:24:38.841Z worker CC-MAIN-2024-38 pid=3139952 saturated#185(elapsed=35s new_merchants=0 remaining=581 cooldown=240m)
[buy30727] 2026-06-05T21:24:38.845Z worker CC-MAIN-2024-33 pid=3139977 saturated#185(elapsed=33s new_merchants=0 remaining=508 cooldown=240m)
[buy30727] 2026-06-05T21:24:38.851Z worker CC-MAIN-2024-30 pid=3140025 saturated#185(elapsed=32s new_merchants=0 remaining=424 cooldown=240m)
[buy30727] 2026-06-05T21:24:38.855Z spawned CC-MAIN-2024-26 pid=3141493 baseline_merchants=7 log=/paperclip/instances/default/workspaces/3ec8f6dd-1735-4479-9825-a2c42edac34c/logs/buy30727_lane_cc_main_2024_26.log
[buy30727] 2026-06-05T21:24:40.366Z spawned CC-MAIN-2024-22 pid=3141586 baseline_merchants=13 log=/paperclip/instances/default/workspaces/3ec8f6dd-1735-4479-9825-a2c42edac34c/logs/buy30727_lane_cc_main_2024_22.log
[buy30727] 2026-06-05T21:24:41.889Z spawned CC-MAIN-2024-18 pid=3141616 baseline_merchants=62 log=/paperclip/instances/default/workspaces/3ec8f6dd-1735-4479-9825-a2c42edac34c/logs/buy30727_lane_cc_main_2024_18.log
[buy30727] 2026-06-05T21:24:43.415Z spawned CC-MAIN-2024-10 pid=3141726 baseline_merchants=4 log=/paperclip/instances/default/workspaces/3ec8f6dd-1735-4479-9825-a2c42edac34c/logs/buy30727_lane_cc_main_2024_10.log
[buy30727] 2026-06-05T21:24:44.933Z spawned CC-MAIN-2023-50 pid=3141753 baseline_merchants=4 log=/paperclip/instances/default/workspaces/3ec8f6dd-1735-4479-9825-a2c42edac34c/logs/buy30727_lane_cc_main_2023_50.log
[buy30727] 2026-06-05T21:24:46.479Z tick=60 active=5 drained=20 saturated=27 known_merchants=15747 status=[CC-MAIN-2024-26:401/13353, CC-MAIN-2024-22:868/34722, CC-MAIN-2024-18:1033/47884, CC-MAIN-2024-10:794/32287, CC-MAIN-2023-50:378/14186]
[buy30727] 2026-06-05T21:25:16.512Z worker CC-MAIN-2024-26 pid=3141493 saturated#185(elapsed=38s new_merchants=0 remaining=401 cooldown=240m)
[buy30727] 2026-06-05T21:25:16.521Z worker CC-MAIN-2024-22 pid=3141586 saturated#185(elapsed=36s new_merchants=0 remaining=868 cooldown=240m)
[buy30727] 2026-06-05T21:25:16.539Z worker CC-MAIN-2024-18 pid=3141616 saturated#185(elapsed=35s new_merchants=0 remaining=1033 cooldown=240m)
[buy30727] 2026-06-05T21:25:16.549Z worker CC-MAIN-2024-10 pid=3141726 saturated#185(elapsed=33s new_merchants=0 remaining=794 cooldown=240m)
[buy30727] 2026-06-05T21:25:16.552Z worker CC-MAIN-2023-50 pid=3141753 saturated#185(elapsed=32s new_merchants=0 remaining=378 cooldown=240m)
[buy30727] 2026-06-05T21:25:16.556Z spawned CC-MAIN-2023-14 pid=3143358 baseline_merchants=53 log=/paperclip/instances/default/workspaces/3ec8f6dd-1735-4479-9825-a2c42edac34c/logs/buy30727_lane_cc_main_2023_14.log
[buy30727] 2026-06-05T21:25:18.065Z spawned CC-MAIN-2023-06 pid=3143426 baseline_merchants=45 log=/paperclip/instances/default/workspaces/3ec8f6dd-1735-4479-9825-a2c42edac34c/logs/buy30727_lane_cc_main_2023_06.log
[buy30727] 2026-06-05T21:25:19.581Z spawned CC-MAIN-2022-49 pid=3143476 baseline_merchants=5 log=/paperclip/instances/default/workspaces/3ec8f6dd-1735-4479-9825-a2c42edac34c/logs/buy30727_lane_cc_main_2022_49.log
[buy30727] 2026-06-05T21:25:21.094Z spawned CC-MAIN-2022-40 pid=3143501 baseline_merchants=3 log=/paperclip/instances/default/workspaces/3ec8f6dd-1735-4479-9825-a2c42edac34c/logs/buy30727_lane_cc_main_2022_40.log
[buy30727] 2026-06-05T21:25:22.608Z spawned CC-MAIN-2026-21 pid=3143614 baseline_merchants=853 log=/paperclip/instances/default/workspaces/3ec8f6dd-1735-4479-9825-a2c42edac34c/logs/buy30727_lane_cc_main_2026_21.log
[buy30727] 2026-06-05T21:25:54.148Z worker CC-MAIN-2023-14 pid=3143358 saturated#185(elapsed=38s new_merchants=0 remaining=248 cooldown=240m)
[buy30727] 2026-06-05T21:25:54.156Z worker CC-MAIN-2023-06 pid=3143426 saturated#185(elapsed=36s new_merchants=0 remaining=318 cooldown=240m)
[buy30727] 2026-06-05T21:25:54.162Z worker CC-MAIN-2022-49 pid=3143476 saturated#185(elapsed=35s new_merchants=0 remaining=323 cooldown=240m)
[buy30727] 2026-06-05T21:25:54.167Z worker CC-MAIN-2022-40 pid=3143501 saturated#185(elapsed=33s new_merchants=0 remaining=295 cooldown=240m)
[buy30727] 2026-06-05T21:25:54.170Z worker CC-MAIN-2026-21 pid=3143614 saturated#185(elapsed=32s new_merchants=0 remaining=862 cooldown=240m)
[buy30727] 2026-06-05T21:25:54.179Z spawned CC-MAIN-2026-17 pid=3145287 baseline_merchants=7 log=/paperclip/instances/default/workspaces/3ec8f6dd-1735-4479-9825-a2c42edac34c/logs/buy30727_lane_cc_main_2026_17.log
[buy30727] 2026-06-05T21:25:55.730Z spawned CC-MAIN-2025-18 pid=3145378 baseline_merchants=72 log=/paperclip/instances/default/workspaces/3ec8f6dd-1735-4479-9825-a2c42edac34c/logs/buy30727_lane_cc_main_2025_18.log
[buy30727] 2026-06-05T21:25:57.280Z spawned CC-MAIN-2025-05 pid=3145514 baseline_merchants=7 log=/paperclip/instances/default/workspaces/3ec8f6dd-1735-4479-9825-a2c42edac34c/logs/buy30727_lane_cc_main_2025_05.log
[buy30727] 2026-06-05T21:25:58.795Z spawned CC-MAIN-2025-47 pid=3145673 baseline_merchants=1421 log=/paperclip/instances/default/workspaces/3ec8f6dd-1735-4479-9825-a2c42edac34c/logs/buy30727_lane_cc_main_2025_47.log
[buy30727] 2026-06-05T21:26:00.324Z spawned CC-MAIN-2025-51 pid=3145747 baseline_merchants=236 log=/paperclip/instances/default/workspaces/3ec8f6dd-1735-4479-9825-a2c42edac34c/logs/buy30727_lane_cc_main_2025_51.log
[buy30727] 2026-06-05T21:26:31.876Z worker CC-MAIN-2026-17 pid=3145287 saturated#186(elapsed=38s new_merchants=0 remaining=3255 cooldown=240m)
[buy30727] 2026-06-05T21:26:31.888Z worker CC-MAIN-2025-18 pid=3145378 saturated#186(elapsed=36s new_merchants=0 remaining=2382 cooldown=240m)
[buy30727] 2026-06-05T21:26:31.891Z worker CC-MAIN-2025-05 pid=3145514 saturated#186(elapsed=35s new_merchants=0 remaining=625 cooldown=240m)
[buy30727] 2026-06-05T21:26:31.906Z worker CC-MAIN-2025-47 pid=3145673 saturated#186(elapsed=33s new_merchants=0 remaining=2294 cooldown=240m)
[buy30727] 2026-06-05T21:26:31.919Z worker CC-MAIN-2025-51 pid=3145747 saturated#186(elapsed=32s new_merchants=0 remaining=2895 cooldown=240m)
[buy30727] 2026-06-05T21:26:31.923Z spawned CC-MAIN-2025-43 pid=3147044 baseline_merchants=88 log=/paperclip/instances/default/workspaces/3ec8f6dd-1735-4479-9825-a2c42edac34c/logs/buy30727_lane_cc_main_2025_43.log
[buy30727] 2026-06-05T21:26:33.441Z spawned CC-MAIN-2025-38 pid=3147069 baseline_merchants=28 log=/paperclip/instances/default/workspaces/3ec8f6dd-1735-4479-9825-a2c42edac34c/logs/buy30727_lane_cc_main_2025_38.log
[buy30727] 2026-06-05T21:26:34.959Z spawned CC-MAIN-2025-33 pid=3147117 baseline_merchants=13 log=/paperclip/instances/default/workspaces/3ec8f6dd-1735-4479-9825-a2c42edac34c/logs/buy30727_lane_cc_main_2025_33.log
[buy30727] 2026-06-05T21:26:36.494Z spawned CC-MAIN-2025-30 pid=3147169 baseline_merchants=136 log=/paperclip/instances/default/workspaces/3ec8f6dd-1735-4479-9825-a2c42edac34c/logs/buy30727_lane_cc_main_2025_30.log
[buy30727] 2026-06-05T21:26:38.013Z spawned CC-MAIN-2025-26 pid=3147219 baseline_merchants=18 log=/paperclip/instances/default/workspaces/3ec8f6dd-1735-4479-9825-a2c42edac34c/logs/buy30727_lane_cc_main_2025_26.log
[buy30727] 2026-06-05T21:27:09.561Z worker CC-MAIN-2025-43 pid=3147044 saturated#186(elapsed=38s new_merchants=0 remaining=1897 cooldown=240m)
[buy30727] 2026-06-05T21:27:09.580Z worker CC-MAIN-2025-38 pid=3147069 saturated#186(elapsed=36s new_merchants=0 remaining=1980 cooldown=240m)
[buy30727] 2026-06-05T21:27:09.603Z worker CC-MAIN-2025-33 pid=3147117 saturated#186(elapsed=35s new_merchants=0 remaining=2151 cooldown=240m)
[buy30727] 2026-06-05T21:27:09.624Z worker CC-MAIN-2025-30 pid=3147169 saturated#186(elapsed=33s new_merchants=0 remaining=2171 cooldown=240m)
[buy30727] 2026-06-05T21:27:09.628Z worker CC-MAIN-2025-26 pid=3147219 saturated#186(elapsed=32s new_merchants=0 remaining=744 cooldown=240m)
[buy30727] 2026-06-05T21:27:09.631Z spawned CC-MAIN-2025-08 pid=3148479 baseline_merchants=7 log=/paperclip/instances/default/workspaces/3ec8f6dd-1735-4479-9825-a2c42edac34c/logs/buy30727_lane_cc_main_2025_08.log
[buy30727] 2026-06-05T21:27:11.142Z spawned CC-MAIN-2024-51 pid=3148548 baseline_merchants=427 log=/paperclip/instances/default/workspaces/3ec8f6dd-1735-4479-9825-a2c42edac34c/logs/buy30727_lane_cc_main_2024_51.log
[buy30727] 2026-06-05T21:27:12.658Z spawned CC-MAIN-2024-46 pid=3148591 baseline_merchants=92 log=/paperclip/instances/default/workspaces/3ec8f6dd-1735-4479-9825-a2c42edac34c/logs/buy30727_lane_cc_main_2024_46.log
[buy30727] 2026-06-05T21:27:14.184Z spawned CC-MAIN-2024-42 pid=3148650 baseline_merchants=91 log=/paperclip/instances/default/workspaces/3ec8f6dd-1735-4479-9825-a2c42edac34c/logs/buy30727_lane_cc_main_2024_42.log
[buy30727] 2026-06-05T21:27:15.704Z spawned CC-MAIN-2024-38 pid=3148684 baseline_merchants=36 log=/paperclip/instances/default/workspaces/3ec8f6dd-1735-4479-9825-a2c42edac34c/logs/buy30727_lane_cc_main_2024_38.log
[buy30727] 2026-06-05T21:27:47.236Z worker CC-MAIN-2025-08 pid=3148479 saturated#186(elapsed=38s new_merchants=0 remaining=695 cooldown=240m)
[buy30727] 2026-06-05T21:27:47.253Z worker CC-MAIN-2024-51 pid=3148548 saturated#186(elapsed=36s new_merchants=0 remaining=1545 cooldown=240m)
[buy30727] 2026-06-05T21:27:47.281Z worker CC-MAIN-2024-46 pid=3148591 saturated#186(elapsed=35s new_merchants=0 remaining=1592 cooldown=240m)
[buy30727] 2026-06-05T21:27:47.309Z worker CC-MAIN-2024-42 pid=3148650 saturated#186(elapsed=33s new_merchants=0 remaining=1420 cooldown=240m)
[buy30727] 2026-06-05T21:27:47.313Z worker CC-MAIN-2024-38 pid=3148684 saturated#186(elapsed=32s new_merchants=0 remaining=581 cooldown=240m)
[buy30727] 2026-06-05T21:27:47.316Z spawned CC-MAIN-2024-33 pid=3149334 baseline_merchants=88 log=/paperclip/instances/default/workspaces/3ec8f6dd-1735-4479-9825-a2c42edac34c/logs/buy30727_lane_cc_main_2024_33.log
[buy30727] 2026-06-05T21:27:48.824Z spawned CC-MAIN-2024-30 pid=3149359 baseline_merchants=17 log=/paperclip/instances/default/workspaces/3ec8f6dd-1735-4479-9825-a2c42edac34c/logs/buy30727_lane_cc_main_2024_30.log
[buy30727] 2026-06-05T21:27:50.333Z spawned CC-MAIN-2024-26 pid=3149410 baseline_merchants=7 log=/paperclip/instances/default/workspaces/3ec8f6dd-1735-4479-9825-a2c42edac34c/logs/buy30727_lane_cc_main_2024_26.log
[buy30727] 2026-06-05T21:27:51.842Z spawned CC-MAIN-2024-22 pid=3149445 baseline_merchants=13 log=/paperclip/instances/default/workspaces/3ec8f6dd-1735-4479-9825-a2c42edac34c/logs/buy30727_lane_cc_main_2024_22.log
[buy30727] 2026-06-05T21:27:53.361Z spawned CC-MAIN-2024-18 pid=3149469 baseline_merchants=62 log=/paperclip/instances/default/workspaces/3ec8f6dd-1735-4479-9825-a2c42edac34c/logs/buy30727_lane_cc_main_2024_18.log
[buy30727] 2026-06-05T21:28:24.908Z worker CC-MAIN-2024-33 pid=3149334 saturated#186(elapsed=38s new_merchants=0 remaining=508 cooldown=240m)
[buy30727] 2026-06-05T21:28:24.915Z worker CC-MAIN-2024-30 pid=3149359 saturated#186(elapsed=36s new_merchants=0 remaining=424 cooldown=240m)
[buy30727] 2026-06-05T21:28:24.922Z worker CC-MAIN-2024-26 pid=3149410 saturated#186(elapsed=35s new_merchants=0 remaining=401 cooldown=240m)
[buy30727] 2026-06-05T21:28:24.937Z worker CC-MAIN-2024-22 pid=3149445 saturated#186(elapsed=33s new_merchants=0 remaining=868 cooldown=240m)
[buy30727] 2026-06-05T21:28:24.957Z worker CC-MAIN-2024-18 pid=3149469 saturated#186(elapsed=32s new_merchants=0 remaining=1033 cooldown=240m)
[buy30727] 2026-06-05T21:28:24.960Z spawned CC-MAIN-2024-10 pid=3150137 baseline_merchants=4 log=/paperclip/instances/default/workspaces/3ec8f6dd-1735-4479-9825-a2c42edac34c/logs/buy30727_lane_cc_main_2024_10.log
[buy30727] 2026-06-05T21:28:26.478Z spawned CC-MAIN-2023-50 pid=3150162 baseline_merchants=4 log=/paperclip/instances/default/workspaces/3ec8f6dd-1735-4479-9825-a2c42edac34c/logs/buy30727_lane_cc_main_2023_50.log
[buy30727] 2026-06-05T21:28:27.986Z spawned CC-MAIN-2023-14 pid=3150190 baseline_merchants=53 log=/paperclip/instances/default/workspaces/3ec8f6dd-1735-4479-9825-a2c42edac34c/logs/buy30727_lane_cc_main_2023_14.log
[buy30727] 2026-06-05T21:28:29.495Z spawned CC-MAIN-2023-06 pid=3150227 baseline_merchants=45 log=/paperclip/instances/default/workspaces/3ec8f6dd-1735-4479-9825-a2c42edac34c/logs/buy30727_lane_cc_main_2023_06.log
[buy30727] 2026-06-05T21:28:31.004Z spawned CC-MAIN-2022-49 pid=3150253 baseline_merchants=5 log=/paperclip/instances/default/workspaces/3ec8f6dd-1735-4479-9825-a2c42edac34c/logs/buy30727_lane_cc_main_2022_49.log
[buy30727] 2026-06-05T21:29:02.550Z worker CC-MAIN-2024-10 pid=3150137 saturated#186(elapsed=38s new_merchants=0 remaining=794 cooldown=240m)
[buy30727] 2026-06-05T21:29:02.554Z worker CC-MAIN-2023-50 pid=3150162 saturated#186(elapsed=36s new_merchants=0 remaining=378 cooldown=240m)
[buy30727] 2026-06-05T21:29:02.556Z worker CC-MAIN-2023-14 pid=3150190 saturated#186(elapsed=35s new_merchants=0 remaining=248 cooldown=240m)
[buy30727] 2026-06-05T21:29:02.560Z worker CC-MAIN-2023-06 pid=3150227 saturated#186(elapsed=33s new_merchants=0 remaining=318 cooldown=240m)
[buy30727] 2026-06-05T21:29:02.566Z worker CC-MAIN-2022-49 pid=3150253 saturated#186(elapsed=32s new_merchants=0 remaining=323 cooldown=240m)
[buy30727] 2026-06-05T21:29:02.569Z spawned CC-MAIN-2022-40 pid=3150733 baseline_merchants=3 log=/paperclip/instances/default/workspaces/3ec8f6dd-1735-4479-9825-a2c42edac34c/logs/buy30727_lane_cc_main_2022_40.log
[buy30727] 2026-06-05T21:29:04.080Z spawned CC-MAIN-2026-21 pid=3150754 baseline_merchants=853 log=/paperclip/instances/default/workspaces/3ec8f6dd-1735-4479-9825-a2c42edac34c/logs/buy30727_lane_cc_main_2026_21.log
[buy30727] 2026-06-05T21:29:05.588Z spawned CC-MAIN-2026-17 pid=3150779 baseline_merchants=7 log=/paperclip/instances/default/workspaces/3ec8f6dd-1735-4479-9825-a2c42edac34c/logs/buy30727_lane_cc_main_2026_17.log
[buy30727] 2026-06-05T21:29:07.109Z spawned CC-MAIN-2025-18 pid=3150804 baseline_merchants=72 log=/paperclip/instances/default/workspaces/3ec8f6dd-1735-4479-9825-a2c42edac34c/logs/buy30727_lane_cc_main_2025_18.log
[buy30727] 2026-06-05T21:29:08.635Z spawned CC-MAIN-2025-05 pid=3150832 baseline_merchants=7 log=/paperclip/instances/default/workspaces/3ec8f6dd-1735-4479-9825-a2c42edac34c/logs/buy30727_lane_cc_main_2025_05.log
[buy30727] 2026-06-05T21:29:40.170Z worker CC-MAIN-2022-40 pid=3150733 saturated#186(elapsed=38s new_merchants=0 remaining=295 cooldown=240m)
[buy30727] 2026-06-05T21:29:40.173Z worker CC-MAIN-2026-21 pid=3150754 saturated#186(elapsed=36s new_merchants=0 remaining=862 cooldown=240m)
[buy30727] 2026-06-05T21:29:40.182Z worker CC-MAIN-2026-17 pid=3150779 saturated#187(elapsed=35s new_merchants=0 remaining=3255 cooldown=240m)
[buy30727] 2026-06-05T21:29:40.201Z worker CC-MAIN-2025-18 pid=3150804 saturated#187(elapsed=33s new_merchants=0 remaining=2382 cooldown=240m)
[buy30727] 2026-06-05T21:29:40.206Z worker CC-MAIN-2025-05 pid=3150832 saturated#187(elapsed=32s new_merchants=0 remaining=625 cooldown=240m)
[buy30727] 2026-06-05T21:29:40.209Z spawned CC-MAIN-2025-47 pid=3151410 baseline_merchants=1421 log=/paperclip/instances/default/workspaces/3ec8f6dd-1735-4479-9825-a2c42edac34c/logs/buy30727_lane_cc_main_2025_47.log
[buy30727] 2026-06-05T21:29:41.732Z spawned CC-MAIN-2025-51 pid=3151450 baseline_merchants=236 log=/paperclip/instances/default/workspaces/3ec8f6dd-1735-4479-9825-a2c42edac34c/logs/buy30727_lane_cc_main_2025_51.log
[buy30727] 2026-06-05T21:29:43.255Z spawned CC-MAIN-2025-43 pid=3151486 baseline_merchants=88 log=/paperclip/instances/default/workspaces/3ec8f6dd-1735-4479-9825-a2c42edac34c/logs/buy30727_lane_cc_main_2025_43.log
[buy30727] 2026-06-05T21:29:44.777Z spawned CC-MAIN-2025-38 pid=3151510 baseline_merchants=28 log=/paperclip/instances/default/workspaces/3ec8f6dd-1735-4479-9825-a2c42edac34c/logs/buy30727_lane_cc_main_2025_38.log
[buy30727] 2026-06-05T21:29:46.294Z spawned CC-MAIN-2025-33 pid=3151536 baseline_merchants=13 log=/paperclip/instances/default/workspaces/3ec8f6dd-1735-4479-9825-a2c42edac34c/logs/buy30727_lane_cc_main_2025_33.log
[buy30727] 2026-06-05T21:30:17.854Z worker CC-MAIN-2025-47 pid=3151410 saturated#187(elapsed=38s new_merchants=0 remaining=2294 cooldown=240m)
[buy30727] 2026-06-05T21:30:17.869Z worker CC-MAIN-2025-51 pid=3151450 saturated#187(elapsed=36s new_merchants=0 remaining=2895 cooldown=240m)
[buy30727] 2026-06-05T21:30:17.886Z worker CC-MAIN-2025-43 pid=3151486 saturated#187(elapsed=35s new_merchants=0 remaining=1897 cooldown=240m)
[buy30727] 2026-06-05T21:30:17.904Z worker CC-MAIN-2025-38 pid=3151510 saturated#187(elapsed=33s new_merchants=0 remaining=1980 cooldown=240m)
[buy30727] 2026-06-05T21:30:17.927Z worker CC-MAIN-2025-33 pid=3151536 saturated#187(elapsed=32s new_merchants=0 remaining=2151 cooldown=240m)
[buy30727] 2026-06-05T21:30:17.933Z spawned CC-MAIN-2025-30 pid=3152543 baseline_merchants=136 log=/paperclip/instances/default/workspaces/3ec8f6dd-1735-4479-9825-a2c42edac34c/logs/buy30727_lane_cc_main_2025_30.log
[buy30727] 2026-06-05T21:30:19.467Z spawned CC-MAIN-2025-26 pid=3152567 baseline_merchants=18 log=/paperclip/instances/default/workspaces/3ec8f6dd-1735-4479-9825-a2c42edac34c/logs/buy30727_lane_cc_main_2025_26.log
[buy30727] 2026-06-05T21:30:20.975Z spawned CC-MAIN-2025-08 pid=3152593 baseline_merchants=7 log=/paperclip/instances/default/workspaces/3ec8f6dd-1735-4479-9825-a2c42edac34c/logs/buy30727_lane_cc_main_2025_08.log
[buy30727] 2026-06-05T21:30:22.484Z spawned CC-MAIN-2024-51 pid=3152620 baseline_merchants=427 log=/paperclip/instances/default/workspaces/3ec8f6dd-1735-4479-9825-a2c42edac34c/logs/buy30727_lane_cc_main_2024_51.log
[buy30727] 2026-06-05T21:30:24.001Z spawned CC-MAIN-2024-46 pid=3152736 baseline_merchants=92 log=/paperclip/instances/default/workspaces/3ec8f6dd-1735-4479-9825-a2c42edac34c/logs/buy30727_lane_cc_main_2024_46.log
[buy30727] 2026-06-05T21:30:55.563Z worker CC-MAIN-2025-30 pid=3152543 saturated#187(elapsed=38s new_merchants=0 remaining=2171 cooldown=240m)
[buy30727] 2026-06-05T21:30:55.568Z worker CC-MAIN-2025-26 pid=3152567 saturated#187(elapsed=36s new_merchants=0 remaining=744 cooldown=240m)
[buy30727] 2026-06-05T21:30:55.572Z worker CC-MAIN-2025-08 pid=3152593 saturated#187(elapsed=35s new_merchants=0 remaining=695 cooldown=240m)
[buy30727] 2026-06-05T21:30:55.584Z worker CC-MAIN-2024-51 pid=3152620 saturated#187(elapsed=33s new_merchants=0 remaining=1545 cooldown=240m)
[buy30727] 2026-06-05T21:30:55.615Z worker CC-MAIN-2024-46 pid=3152736 saturated#187(elapsed=32s new_merchants=0 remaining=1592 cooldown=240m)
[buy30727] 2026-06-05T21:30:55.619Z spawned CC-MAIN-2024-42 pid=3154376 baseline_merchants=91 log=/paperclip/instances/default/workspaces/3ec8f6dd-1735-4479-9825-a2c42edac34c/logs/buy30727_lane_cc_main_2024_42.log
[buy30727] 2026-06-05T21:30:57.145Z spawned CC-MAIN-2024-38 pid=3154463 baseline_merchants=36 log=/paperclip/instances/default/workspaces/3ec8f6dd-1735-4479-9825-a2c42edac34c/logs/buy30727_lane_cc_main_2024_38.log
[buy30727] 2026-06-05T21:30:58.656Z spawned CC-MAIN-2024-33 pid=3154591 baseline_merchants=88 log=/paperclip/instances/default/workspaces/3ec8f6dd-1735-4479-9825-a2c42edac34c/logs/buy30727_lane_cc_main_2024_33.log
[buy30727] 2026-06-05T21:31:00.164Z spawned CC-MAIN-2024-30 pid=3154684 baseline_merchants=17 log=/paperclip/instances/default/workspaces/3ec8f6dd-1735-4479-9825-a2c42edac34c/logs/buy30727_lane_cc_main_2024_30.log
[buy30727] 2026-06-05T21:31:01.674Z spawned CC-MAIN-2024-26 pid=3154794 baseline_merchants=7 log=/paperclip/instances/default/workspaces/3ec8f6dd-1735-4479-9825-a2c42edac34c/logs/buy30727_lane_cc_main_2024_26.log
[buy30727] 2026-06-05T21:31:03.222Z tick=70 active=5 drained=20 saturated=27 known_merchants=15747 status=[CC-MAIN-2024-42:1420/56668, CC-MAIN-2024-38:581/19211, CC-MAIN-2024-33:508/16923, CC-MAIN-2024-30:424/13139, CC-MAIN-2024-26:401/13353]
[buy30727] 2026-06-05T21:31:33.265Z worker CC-MAIN-2024-42 pid=3154376 saturated#187(elapsed=38s new_merchants=0 remaining=1420 cooldown=240m)
[buy30727] 2026-06-05T21:31:33.270Z worker CC-MAIN-2024-38 pid=3154463 saturated#187(elapsed=36s new_merchants=0 remaining=581 cooldown=240m)
[buy30727] 2026-06-05T21:31:33.274Z worker CC-MAIN-2024-33 pid=3154591 saturated#187(elapsed=35s new_merchants=0 remaining=508 cooldown=240m)
[buy30727] 2026-06-05T21:31:33.276Z worker CC-MAIN-2024-30 pid=3154684 saturated#187(elapsed=33s new_merchants=0 remaining=424 cooldown=240m)
[buy30727] 2026-06-05T21:31:33.279Z worker CC-MAIN-2024-26 pid=3154794 saturated#187(elapsed=32s new_merchants=0 remaining=401 cooldown=240m)
[buy30727] 2026-06-05T21:31:33.282Z spawned CC-MAIN-2024-22 pid=3157489 baseline_merchants=13 log=/paperclip/instances/default/workspaces/3ec8f6dd-1735-4479-9825-a2c42edac34c/logs/buy30727_lane_cc_main_2024_22.log
[buy30727] 2026-06-05T21:31:34.801Z spawned CC-MAIN-2024-18 pid=3157660 baseline_merchants=62 log=/paperclip/instances/default/workspaces/3ec8f6dd-1735-4479-9825-a2c42edac34c/logs/buy30727_lane_cc_main_2024_18.log
[buy30727] 2026-06-05T21:31:36.321Z spawned CC-MAIN-2024-10 pid=3157776 baseline_merchants=4 log=/paperclip/instances/default/workspaces/3ec8f6dd-1735-4479-9825-a2c42edac34c/logs/buy30727_lane_cc_main_2024_10.log
[buy30727] 2026-06-05T21:31:37.840Z spawned CC-MAIN-2023-50 pid=3157861 baseline_merchants=4 log=/paperclip/instances/default/workspaces/3ec8f6dd-1735-4479-9825-a2c42edac34c/logs/buy30727_lane_cc_main_2023_50.log
[buy30727] 2026-06-05T21:31:39.350Z spawned CC-MAIN-2023-14 pid=3158033 baseline_merchants=53 log=/paperclip/instances/default/workspaces/3ec8f6dd-1735-4479-9825-a2c42edac34c/logs/buy30727_lane_cc_main_2023_14.log
[buy30727] 2026-06-05T21:32:10.894Z worker CC-MAIN-2024-22 pid=3157489 saturated#187(elapsed=38s new_merchants=0 remaining=868 cooldown=240m)
[buy30727] 2026-06-05T21:32:10.913Z worker CC-MAIN-2024-18 pid=3157660 saturated#187(elapsed=36s new_merchants=0 remaining=1033 cooldown=240m)
[buy30727] 2026-06-05T21:32:10.925Z worker CC-MAIN-2024-10 pid=3157776 saturated#187(elapsed=35s new_merchants=0 remaining=794 cooldown=240m)
[buy30727] 2026-06-05T21:32:10.929Z worker CC-MAIN-2023-50 pid=3157861 saturated#187(elapsed=33s new_merchants=0 remaining=378 cooldown=240m)
[buy30727] 2026-06-05T21:32:10.932Z worker CC-MAIN-2023-14 pid=3158033 saturated#187(elapsed=32s new_merchants=0 remaining=248 cooldown=240m)
[buy30727] 2026-06-05T21:32:10.936Z spawned CC-MAIN-2023-06 pid=3160107 baseline_merchants=45 log=/paperclip/instances/default/workspaces/3ec8f6dd-1735-4479-9825-a2c42edac34c/logs/buy30727_lane_cc_main_2023_06.log
[buy30727] 2026-06-05T21:32:12.445Z spawned CC-MAIN-2022-49 pid=3160135 baseline_merchants=5 log=/paperclip/instances/default/workspaces/3ec8f6dd-1735-4479-9825-a2c42edac34c/logs/buy30727_lane_cc_main_2022_49.log
[buy30727] 2026-06-05T21:32:13.956Z spawned CC-MAIN-2022-40 pid=3160222 baseline_merchants=3 log=/paperclip/instances/default/workspaces/3ec8f6dd-1735-4479-9825-a2c42edac34c/logs/buy30727_lane_cc_main_2022_40.log
[buy30727] 2026-06-05T21:32:15.470Z spawned CC-MAIN-2026-21 pid=3160248 baseline_merchants=853 log=/paperclip/instances/default/workspaces/3ec8f6dd-1735-4479-9825-a2c42edac34c/logs/buy30727_lane_cc_main_2026_21.log
[buy30727] 2026-06-05T21:32:16.977Z spawned CC-MAIN-2026-17 pid=3160325 baseline_merchants=7 log=/paperclip/instances/default/workspaces/3ec8f6dd-1735-4479-9825-a2c42edac34c/logs/buy30727_lane_cc_main_2026_17.log
[buy30727] 2026-06-05T21:32:48.514Z worker CC-MAIN-2023-06 pid=3160107 saturated#187(elapsed=38s new_merchants=0 remaining=318 cooldown=240m)
[buy30727] 2026-06-05T21:32:48.523Z worker CC-MAIN-2022-49 pid=3160135 saturated#187(elapsed=36s new_merchants=0 remaining=323 cooldown=240m)
[buy30727] 2026-06-05T21:32:48.531Z worker CC-MAIN-2022-40 pid=3160222 saturated#187(elapsed=35s new_merchants=0 remaining=295 cooldown=240m)
[buy30727] 2026-06-05T21:32:48.534Z worker CC-MAIN-2026-21 pid=3160248 saturated#187(elapsed=33s new_merchants=0 remaining=862 cooldown=240m)
[buy30727] 2026-06-05T21:32:48.546Z worker CC-MAIN-2026-17 pid=3160325 saturated#188(elapsed=32s new_merchants=0 remaining=3255 cooldown=240m)
[buy30727] 2026-06-05T21:32:48.549Z spawned CC-MAIN-2025-18 pid=3161879 baseline_merchants=72 log=/paperclip/instances/default/workspaces/3ec8f6dd-1735-4479-9825-a2c42edac34c/logs/buy30727_lane_cc_main_2025_18.log
[buy30727] 2026-06-05T21:32:50.074Z spawned CC-MAIN-2025-05 pid=3162003 baseline_merchants=7 log=/paperclip/instances/default/workspaces/3ec8f6dd-1735-4479-9825-a2c42edac34c/logs/buy30727_lane_cc_main_2025_05.log
[buy30727] 2026-06-05T21:32:51.584Z spawned CC-MAIN-2025-47 pid=3162096 baseline_merchants=1421 log=/paperclip/instances/default/workspaces/3ec8f6dd-1735-4479-9825-a2c42edac34c/logs/buy30727_lane_cc_main_2025_47.log
[buy30727] 2026-06-05T21:32:53.113Z spawned CC-MAIN-2025-51 pid=3162184 baseline_merchants=236 log=/paperclip/instances/default/workspaces/3ec8f6dd-1735-4479-9825-a2c42edac34c/logs/buy30727_lane_cc_main_2025_51.log
[buy30727] 2026-06-05T21:32:54.638Z spawned CC-MAIN-2025-43 pid=3162301 baseline_merchants=88 log=/paperclip/instances/default/workspaces/3ec8f6dd-1735-4479-9825-a2c42edac34c/logs/buy30727_lane_cc_main_2025_43.log
[buy30727] 2026-06-05T21:33:26.200Z worker CC-MAIN-2025-18 pid=3161879 saturated#188(elapsed=38s new_merchants=0 remaining=2382 cooldown=240m)
[buy30727] 2026-06-05T21:33:26.203Z worker CC-MAIN-2025-05 pid=3162003 saturated#188(elapsed=36s new_merchants=0 remaining=625 cooldown=240m)
[buy30727] 2026-06-05T21:33:26.218Z worker CC-MAIN-2025-47 pid=3162096 saturated#188(elapsed=35s new_merchants=0 remaining=2294 cooldown=240m)
[buy30727] 2026-06-05T21:33:26.230Z worker CC-MAIN-2025-51 pid=3162184 saturated#188(elapsed=33s new_merchants=0 remaining=2895 cooldown=240m)
[buy30727] 2026-06-05T21:33:26.244Z worker CC-MAIN-2025-43 pid=3162301 saturated#188(elapsed=32s new_merchants=0 remaining=1897 cooldown=240m)
[buy30727] 2026-06-05T21:33:26.248Z spawned CC-MAIN-2025-38 pid=3164837 baseline_merchants=28 log=/paperclip/instances/default/workspaces/3ec8f6dd-1735-4479-9825-a2c42edac34c/logs/buy30727_lane_cc_main_2025_38.log
[buy30727] 2026-06-05T21:33:27.768Z spawned CC-MAIN-2025-33 pid=3164880 baseline_merchants=13 log=/paperclip/instances/default/workspaces/3ec8f6dd-1735-4479-9825-a2c42edac34c/logs/buy30727_lane_cc_main_2025_33.log
[buy30727] 2026-06-05T21:33:29.287Z spawned CC-MAIN-2025-30 pid=3164926 baseline_merchants=136 log=/paperclip/instances/default/workspaces/3ec8f6dd-1735-4479-9825-a2c42edac34c/logs/buy30727_lane_cc_main_2025_30.log
[buy30727] 2026-06-05T21:33:30.812Z spawned CC-MAIN-2025-26 pid=3165020 baseline_merchants=18 log=/paperclip/instances/default/workspaces/3ec8f6dd-1735-4479-9825-a2c42edac34c/logs/buy30727_lane_cc_main_2025_26.log
[buy30727] 2026-06-05T21:33:32.323Z spawned CC-MAIN-2025-08 pid=3165068 baseline_merchants=7 log=/paperclip/instances/default/workspaces/3ec8f6dd-1735-4479-9825-a2c42edac34c/logs/buy30727_lane_cc_main_2025_08.log
[buy30727] 2026-06-05T21:34:03.881Z worker CC-MAIN-2025-38 pid=3164837 saturated#188(elapsed=38s new_merchants=0 remaining=1980 cooldown=240m)
[buy30727] 2026-06-05T21:34:03.905Z worker CC-MAIN-2025-33 pid=3164880 saturated#188(elapsed=36s new_merchants=0 remaining=2151 cooldown=240m)
[buy30727] 2026-06-05T21:34:03.928Z worker CC-MAIN-2025-30 pid=3164926 saturated#188(elapsed=35s new_merchants=0 remaining=2171 cooldown=240m)
[buy30727] 2026-06-05T21:34:03.933Z worker CC-MAIN-2025-26 pid=3165020 saturated#188(elapsed=33s new_merchants=0 remaining=744 cooldown=240m)
[buy30727] 2026-06-05T21:34:03.938Z worker CC-MAIN-2025-08 pid=3165068 saturated#188(elapsed=32s new_merchants=0 remaining=695 cooldown=240m)
[buy30727] 2026-06-05T21:34:03.942Z spawned CC-MAIN-2024-51 pid=3166087 baseline_merchants=427 log=/paperclip/instances/default/workspaces/3ec8f6dd-1735-4479-9825-a2c42edac34c/logs/buy30727_lane_cc_main_2024_51.log
[buy30727] 2026-06-05T21:34:05.468Z spawned CC-MAIN-2024-46 pid=3166204 baseline_merchants=92 log=/paperclip/instances/default/workspaces/3ec8f6dd-1735-4479-9825-a2c42edac34c/logs/buy30727_lane_cc_main_2024_46.log
[buy30727] 2026-06-05T21:34:06.990Z spawned CC-MAIN-2024-42 pid=3166232 baseline_merchants=91 log=/paperclip/instances/default/workspaces/3ec8f6dd-1735-4479-9825-a2c42edac34c/logs/buy30727_lane_cc_main_2024_42.log
[buy30727] 2026-06-05T21:34:08.510Z spawned CC-MAIN-2024-38 pid=3166361 baseline_merchants=36 log=/paperclip/instances/default/workspaces/3ec8f6dd-1735-4479-9825-a2c42edac34c/logs/buy30727_lane_cc_main_2024_38.log
[buy30727] 2026-06-05T21:34:10.020Z spawned CC-MAIN-2024-33 pid=3166406 baseline_merchants=88 log=/paperclip/instances/default/workspaces/3ec8f6dd-1735-4479-9825-a2c42edac34c/logs/buy30727_lane_cc_main_2024_33.log
[buy30727] 2026-06-05T21:34:41.583Z worker CC-MAIN-2024-51 pid=3166087 saturated#188(elapsed=38s new_merchants=0 remaining=1545 cooldown=240m)
[buy30727] 2026-06-05T21:34:41.620Z worker CC-MAIN-2024-46 pid=3166204 saturated#188(elapsed=36s new_merchants=0 remaining=1592 cooldown=240m)
[buy30727] 2026-06-05T21:34:41.657Z worker CC-MAIN-2024-42 pid=3166232 saturated#188(elapsed=35s new_merchants=0 remaining=1420 cooldown=240m)
[buy30727] 2026-06-05T21:34:41.662Z worker CC-MAIN-2024-38 pid=3166361 saturated#188(elapsed=33s new_merchants=0 remaining=581 cooldown=240m)
[buy30727] 2026-06-05T21:34:41.667Z worker CC-MAIN-2024-33 pid=3166406 saturated#188(elapsed=32s new_merchants=0 remaining=508 cooldown=240m)
[buy30727] 2026-06-05T21:34:41.671Z spawned CC-MAIN-2024-30 pid=3167214 baseline_merchants=17 log=/paperclip/instances/default/workspaces/3ec8f6dd-1735-4479-9825-a2c42edac34c/logs/buy30727_lane_cc_main_2024_30.log
[buy30727] 2026-06-05T21:34:43.180Z spawned CC-MAIN-2024-26 pid=3167242 baseline_merchants=7 log=/paperclip/instances/default/workspaces/3ec8f6dd-1735-4479-9825-a2c42edac34c/logs/buy30727_lane_cc_main_2024_26.log
[buy30727] 2026-06-05T21:34:44.691Z spawned CC-MAIN-2024-22 pid=3167265 baseline_merchants=13 log=/paperclip/instances/default/workspaces/3ec8f6dd-1735-4479-9825-a2c42edac34c/logs/buy30727_lane_cc_main_2024_22.log
[buy30727] 2026-06-05T21:34:46.211Z spawned CC-MAIN-2024-18 pid=3167291 baseline_merchants=62 log=/paperclip/instances/default/workspaces/3ec8f6dd-1735-4479-9825-a2c42edac34c/logs/buy30727_lane_cc_main_2024_18.log
[buy30727] 2026-06-05T21:34:47.731Z spawned CC-MAIN-2024-10 pid=3167317 baseline_merchants=4 log=/paperclip/instances/default/workspaces/3ec8f6dd-1735-4479-9825-a2c42edac34c/logs/buy30727_lane_cc_main_2024_10.log
[buy30727] 2026-06-05T21:35:19.272Z worker CC-MAIN-2024-30 pid=3167214 saturated#188(elapsed=38s new_merchants=0 remaining=424 cooldown=240m)
[buy30727] 2026-06-05T21:35:19.277Z worker CC-MAIN-2024-26 pid=3167242 saturated#188(elapsed=36s new_merchants=0 remaining=401 cooldown=240m)
[buy30727] 2026-06-05T21:35:19.293Z worker CC-MAIN-2024-22 pid=3167265 saturated#188(elapsed=35s new_merchants=0 remaining=868 cooldown=240m)
[buy30727] 2026-06-05T21:35:19.315Z worker CC-MAIN-2024-18 pid=3167291 saturated#188(elapsed=33s new_merchants=0 remaining=1033 cooldown=240m)
[buy30727] 2026-06-05T21:35:19.329Z worker CC-MAIN-2024-10 pid=3167317 saturated#188(elapsed=32s new_merchants=0 remaining=794 cooldown=240m)
[buy30727] 2026-06-05T21:35:19.333Z spawned CC-MAIN-2023-50 pid=3168128 baseline_merchants=4 log=/paperclip/instances/default/workspaces/3ec8f6dd-1735-4479-9825-a2c42edac34c/logs/buy30727_lane_cc_main_2023_50.log
[buy30727] 2026-06-05T21:35:20.847Z spawned CC-MAIN-2023-14 pid=3168151 baseline_merchants=53 log=/paperclip/instances/default/workspaces/3ec8f6dd-1735-4479-9825-a2c42edac34c/logs/buy30727_lane_cc_main_2023_14.log
[buy30727] 2026-06-05T21:35:22.355Z spawned CC-MAIN-2023-06 pid=3168178 baseline_merchants=45 log=/paperclip/instances/default/workspaces/3ec8f6dd-1735-4479-9825-a2c42edac34c/logs/buy30727_lane_cc_main_2023_06.log
[buy30727] 2026-06-05T21:35:23.864Z spawned CC-MAIN-2022-49 pid=3168200 baseline_merchants=5 log=/paperclip/instances/default/workspaces/3ec8f6dd-1735-4479-9825-a2c42edac34c/logs/buy30727_lane_cc_main_2022_49.log
[buy30727] 2026-06-05T21:35:25.372Z spawned CC-MAIN-2022-40 pid=3168223 baseline_merchants=3 log=/paperclip/instances/default/workspaces/3ec8f6dd-1735-4479-9825-a2c42edac34c/logs/buy30727_lane_cc_main_2022_40.log
[buy30727] 2026-06-05T21:35:56.882Z worker CC-MAIN-2023-50 pid=3168128 saturated#188(elapsed=38s new_merchants=0 remaining=378 cooldown=240m)
[buy30727] 2026-06-05T21:35:56.884Z worker CC-MAIN-2023-14 pid=3168151 saturated#188(elapsed=36s new_merchants=0 remaining=248 cooldown=240m)
[buy30727] 2026-06-05T21:35:56.889Z worker CC-MAIN-2023-06 pid=3168178 saturated#188(elapsed=35s new_merchants=0 remaining=318 cooldown=240m)
[buy30727] 2026-06-05T21:35:56.893Z worker CC-MAIN-2022-49 pid=3168200 saturated#188(elapsed=33s new_merchants=0 remaining=323 cooldown=240m)
[buy30727] 2026-06-05T21:35:56.899Z worker CC-MAIN-2022-40 pid=3168223 saturated#188(elapsed=32s new_merchants=0 remaining=295 cooldown=240m)
[buy30727] 2026-06-05T21:35:56.902Z spawned CC-MAIN-2026-21 pid=3169353 baseline_merchants=853 log=/paperclip/instances/default/workspaces/3ec8f6dd-1735-4479-9825-a2c42edac34c/logs/buy30727_lane_cc_main_2026_21.log
[buy30727] 2026-06-05T21:35:58.408Z spawned CC-MAIN-2026-17 pid=3169378 baseline_merchants=7 log=/paperclip/instances/default/workspaces/3ec8f6dd-1735-4479-9825-a2c42edac34c/logs/buy30727_lane_cc_main_2026_17.log
[buy30727] 2026-06-05T21:35:59.926Z spawned CC-MAIN-2025-18 pid=3169438 baseline_merchants=72 log=/paperclip/instances/default/workspaces/3ec8f6dd-1735-4479-9825-a2c42edac34c/logs/buy30727_lane_cc_main_2025_18.log
[buy30727] 2026-06-05T21:36:01.448Z spawned CC-MAIN-2025-05 pid=3169555 baseline_merchants=7 log=/paperclip/instances/default/workspaces/3ec8f6dd-1735-4479-9825-a2c42edac34c/logs/buy30727_lane_cc_main_2025_05.log
[buy30727] 2026-06-05T21:36:02.957Z spawned CC-MAIN-2025-47 pid=3169714 baseline_merchants=1421 log=/paperclip/instances/default/workspaces/3ec8f6dd-1735-4479-9825-a2c42edac34c/logs/buy30727_lane_cc_main_2025_47.log
[buy30727] 2026-06-05T21:36:34.505Z worker CC-MAIN-2026-21 pid=3169353 saturated#188(elapsed=38s new_merchants=0 remaining=862 cooldown=240m)
[buy30727] 2026-06-05T21:36:34.515Z worker CC-MAIN-2026-17 pid=3169378 saturated#189(elapsed=36s new_merchants=0 remaining=3255 cooldown=240m)
[buy30727] 2026-06-05T21:36:34.534Z worker CC-MAIN-2025-18 pid=3169438 saturated#189(elapsed=35s new_merchants=0 remaining=2382 cooldown=240m)
[buy30727] 2026-06-05T21:36:34.539Z worker CC-MAIN-2025-05 pid=3169555 saturated#189(elapsed=33s new_merchants=0 remaining=625 cooldown=240m)
[buy30727] 2026-06-05T21:36:34.556Z worker CC-MAIN-2025-47 pid=3169714 saturated#189(elapsed=32s new_merchants=0 remaining=2294 cooldown=240m)
[buy30727] 2026-06-05T21:36:34.560Z spawned CC-MAIN-2025-51 pid=3171890 baseline_merchants=236 log=/paperclip/instances/default/workspaces/3ec8f6dd-1735-4479-9825-a2c42edac34c/logs/buy30727_lane_cc_main_2025_51.log
[buy30727] 2026-06-05T21:36:36.083Z spawned CC-MAIN-2025-43 pid=3171970 baseline_merchants=88 log=/paperclip/instances/default/workspaces/3ec8f6dd-1735-4479-9825-a2c42edac34c/logs/buy30727_lane_cc_main_2025_43.log
[buy30727] 2026-06-05T21:36:37.600Z spawned CC-MAIN-2025-38 pid=3172171 baseline_merchants=28 log=/paperclip/instances/default/workspaces/3ec8f6dd-1735-4479-9825-a2c42edac34c/logs/buy30727_lane_cc_main_2025_38.log
[buy30727] 2026-06-05T21:36:39.122Z spawned CC-MAIN-2025-33 pid=3172269 baseline_merchants=13 log=/paperclip/instances/default/workspaces/3ec8f6dd-1735-4479-9825-a2c42edac34c/logs/buy30727_lane_cc_main_2025_33.log
[buy30727] 2026-06-05T21:36:40.649Z spawned CC-MAIN-2025-30 pid=3172365 baseline_merchants=136 log=/paperclip/instances/default/workspaces/3ec8f6dd-1735-4479-9825-a2c42edac34c/logs/buy30727_lane_cc_main_2025_30.log
[buy30727] 2026-06-05T21:37:12.179Z worker CC-MAIN-2025-51 pid=3171890 saturated#189(elapsed=38s new_merchants=0 remaining=2895 cooldown=240m)
[buy30727] 2026-06-05T21:37:12.191Z worker CC-MAIN-2025-43 pid=3171970 saturated#189(elapsed=36s new_merchants=0 remaining=1897 cooldown=240m)
[buy30727] 2026-06-05T21:37:12.206Z worker CC-MAIN-2025-38 pid=3172171 saturated#189(elapsed=35s new_merchants=0 remaining=1980 cooldown=240m)
[buy30727] 2026-06-05T21:37:12.222Z worker CC-MAIN-2025-33 pid=3172269 saturated#189(elapsed=33s new_merchants=0 remaining=2151 cooldown=240m)
[buy30727] 2026-06-05T21:37:12.235Z worker CC-MAIN-2025-30 pid=3172365 saturated#189(elapsed=32s new_merchants=0 remaining=2171 cooldown=240m)
[buy30727] 2026-06-05T21:37:12.238Z spawned CC-MAIN-2025-26 pid=3173680 baseline_merchants=18 log=/paperclip/instances/default/workspaces/3ec8f6dd-1735-4479-9825-a2c42edac34c/logs/buy30727_lane_cc_main_2025_26.log
[buy30727] 2026-06-05T21:37:13.746Z spawned CC-MAIN-2025-08 pid=3173702 baseline_merchants=7 log=/paperclip/instances/default/workspaces/3ec8f6dd-1735-4479-9825-a2c42edac34c/logs/buy30727_lane_cc_main_2025_08.log
[buy30727] 2026-06-05T21:37:15.257Z spawned CC-MAIN-2024-51 pid=3173768 baseline_merchants=427 log=/paperclip/instances/default/workspaces/3ec8f6dd-1735-4479-9825-a2c42edac34c/logs/buy30727_lane_cc_main_2024_51.log
[buy30727] 2026-06-05T21:37:16.781Z spawned CC-MAIN-2024-46 pid=3173806 baseline_merchants=92 log=/paperclip/instances/default/workspaces/3ec8f6dd-1735-4479-9825-a2c42edac34c/logs/buy30727_lane_cc_main_2024_46.log
[buy30727] 2026-06-05T21:37:18.349Z spawned CC-MAIN-2024-42 pid=3173831 baseline_merchants=91 log=/paperclip/instances/default/workspaces/3ec8f6dd-1735-4479-9825-a2c42edac34c/logs/buy30727_lane_cc_main_2024_42.log
[buy30727] 2026-06-05T21:37:19.999Z tick=80 active=5 drained=20 saturated=27 known_merchants=15747 status=[CC-MAIN-2025-26:744/15752, CC-MAIN-2025-08:695/16394, CC-MAIN-2024-51:1545/44052, CC-MAIN-2024-46:1592/59556, CC-MAIN-2024-42:1420/56668]
[buy30727] 2026-06-05T21:37:50.033Z worker CC-MAIN-2025-26 pid=3173680 saturated#189(elapsed=38s new_merchants=0 remaining=744 cooldown=240m)
[buy30727] 2026-06-05T21:37:50.037Z worker CC-MAIN-2025-08 pid=3173702 saturated#189(elapsed=36s new_merchants=0 remaining=695 cooldown=240m)
[buy30727] 2026-06-05T21:37:50.047Z worker CC-MAIN-2024-51 pid=3173768 saturated#189(elapsed=35s new_merchants=0 remaining=1545 cooldown=240m)
[buy30727] 2026-06-05T21:37:50.062Z worker CC-MAIN-2024-46 pid=3173806 saturated#189(elapsed=33s new_merchants=0 remaining=1592 cooldown=240m)
[buy30727] 2026-06-05T21:37:50.080Z worker CC-MAIN-2024-42 pid=3173831 saturated#189(elapsed=32s new_merchants=0 remaining=1420 cooldown=240m)
[buy30727] 2026-06-05T21:37:50.083Z spawned CC-MAIN-2024-38 pid=3174427 baseline_merchants=36 log=/paperclip/instances/default/workspaces/3ec8f6dd-1735-4479-9825-a2c42edac34c/logs/buy30727_lane_cc_main_2024_38.log
[buy30727] 2026-06-05T21:37:51.596Z spawned CC-MAIN-2024-33 pid=3174454 baseline_merchants=88 log=/paperclip/instances/default/workspaces/3ec8f6dd-1735-4479-9825-a2c42edac34c/logs/buy30727_lane_cc_main_2024_33.log
[buy30727] 2026-06-05T21:37:53.105Z spawned CC-MAIN-2024-30 pid=3174475 baseline_merchants=17 log=/paperclip/instances/default/workspaces/3ec8f6dd-1735-4479-9825-a2c42edac34c/logs/buy30727_lane_cc_main_2024_30.log
[buy30727] 2026-06-05T21:37:54.613Z spawned CC-MAIN-2024-26 pid=3174497 baseline_merchants=7 log=/paperclip/instances/default/workspaces/3ec8f6dd-1735-4479-9825-a2c42edac34c/logs/buy30727_lane_cc_main_2024_26.log
[buy30727] 2026-06-05T21:37:56.122Z spawned CC-MAIN-2024-22 pid=3174520 baseline_merchants=13 log=/paperclip/instances/default/workspaces/3ec8f6dd-1735-4479-9825-a2c42edac34c/logs/buy30727_lane_cc_main_2024_22.log
[buy30727] 2026-06-05T21:38:27.659Z worker CC-MAIN-2024-38 pid=3174427 saturated#189(elapsed=38s new_merchants=0 remaining=581 cooldown=240m)
[buy30727] 2026-06-05T21:38:27.663Z worker CC-MAIN-2024-33 pid=3174454 saturated#189(elapsed=36s new_merchants=0 remaining=508 cooldown=240m)
[buy30727] 2026-06-05T21:38:27.667Z worker CC-MAIN-2024-30 pid=3174475 saturated#189(elapsed=35s new_merchants=0 remaining=424 cooldown=240m)
[buy30727] 2026-06-05T21:38:27.670Z worker CC-MAIN-2024-26 pid=3174497 saturated#189(elapsed=33s new_merchants=0 remaining=401 cooldown=240m)
[buy30727] 2026-06-05T21:38:27.690Z worker CC-MAIN-2024-22 pid=3174520 saturated#189(elapsed=32s new_merchants=0 remaining=868 cooldown=240m)
[buy30727] 2026-06-05T21:38:27.693Z spawned CC-MAIN-2024-18 pid=3175261 baseline_merchants=62 log=/paperclip/instances/default/workspaces/3ec8f6dd-1735-4479-9825-a2c42edac34c/logs/buy30727_lane_cc_main_2024_18.log
[buy30727] 2026-06-05T21:38:29.225Z spawned CC-MAIN-2024-10 pid=3175372 baseline_merchants=4 log=/paperclip/instances/default/workspaces/3ec8f6dd-1735-4479-9825-a2c42edac34c/logs/buy30727_lane_cc_main_2024_10.log
[buy30727] 2026-06-05T21:38:30.739Z spawned CC-MAIN-2023-50 pid=3175420 baseline_merchants=4 log=/paperclip/instances/default/workspaces/3ec8f6dd-1735-4479-9825-a2c42edac34c/logs/buy30727_lane_cc_main_2023_50.log
[buy30727] 2026-06-05T21:38:32.247Z spawned CC-MAIN-2023-14 pid=3175446 baseline_merchants=53 log=/paperclip/instances/default/workspaces/3ec8f6dd-1735-4479-9825-a2c42edac34c/logs/buy30727_lane_cc_main_2023_14.log
[buy30727] 2026-06-05T21:38:33.756Z spawned CC-MAIN-2023-06 pid=3175469 baseline_merchants=45 log=/paperclip/instances/default/workspaces/3ec8f6dd-1735-4479-9825-a2c42edac34c/logs/buy30727_lane_cc_main_2023_06.log
[buy30727] 2026-06-05T21:39:05.317Z worker CC-MAIN-2024-18 pid=3175261 saturated#189(elapsed=38s new_merchants=0 remaining=1033 cooldown=240m)
[buy30727] 2026-06-05T21:39:05.334Z worker CC-MAIN-2024-10 pid=3175372 saturated#189(elapsed=36s new_merchants=0 remaining=794 cooldown=240m)
[buy30727] 2026-06-05T21:39:05.339Z worker CC-MAIN-2023-50 pid=3175420 saturated#189(elapsed=35s new_merchants=0 remaining=378 cooldown=240m)
[buy30727] 2026-06-05T21:39:05.343Z worker CC-MAIN-2023-14 pid=3175446 saturated#189(elapsed=33s new_merchants=0 remaining=248 cooldown=240m)
[buy30727] 2026-06-05T21:39:05.350Z worker CC-MAIN-2023-06 pid=3175469 saturated#189(elapsed=32s new_merchants=0 remaining=318 cooldown=240m)
[buy30727] 2026-06-05T21:39:05.353Z spawned CC-MAIN-2022-49 pid=3176101 baseline_merchants=5 log=/paperclip/instances/default/workspaces/3ec8f6dd-1735-4479-9825-a2c42edac34c/logs/buy30727_lane_cc_main_2022_49.log
[buy30727] 2026-06-05T21:39:06.864Z spawned CC-MAIN-2022-40 pid=3176133 baseline_merchants=3 log=/paperclip/instances/default/workspaces/3ec8f6dd-1735-4479-9825-a2c42edac34c/logs/buy30727_lane_cc_main_2022_40.log
[buy30727] 2026-06-05T21:39:08.372Z spawned CC-MAIN-2026-21 pid=3176155 baseline_merchants=853 log=/paperclip/instances/default/workspaces/3ec8f6dd-1735-4479-9825-a2c42edac34c/logs/buy30727_lane_cc_main_2026_21.log
[buy30727] 2026-06-05T21:39:09.879Z spawned CC-MAIN-2026-17 pid=3176177 baseline_merchants=7 log=/paperclip/instances/default/workspaces/3ec8f6dd-1735-4479-9825-a2c42edac34c/logs/buy30727_lane_cc_main_2026_17.log
[buy30727] 2026-06-05T21:39:11.397Z spawned CC-MAIN-2025-18 pid=3176202 baseline_merchants=72 log=/paperclip/instances/default/workspaces/3ec8f6dd-1735-4479-9825-a2c42edac34c/logs/buy30727_lane_cc_main_2025_18.log
[buy30727] 2026-06-05T21:39:42.948Z worker CC-MAIN-2022-49 pid=3176101 saturated#189(elapsed=38s new_merchants=0 remaining=323 cooldown=240m)
[buy30727] 2026-06-05T21:39:42.951Z worker CC-MAIN-2022-40 pid=3176133 saturated#189(elapsed=36s new_merchants=0 remaining=295 cooldown=240m)
[buy30727] 2026-06-05T21:39:42.953Z worker CC-MAIN-2026-21 pid=3176155 saturated#189(elapsed=35s new_merchants=0 remaining=862 cooldown=240m)
[buy30727] 2026-06-05T21:39:42.963Z worker CC-MAIN-2026-17 pid=3176177 saturated#190(elapsed=33s new_merchants=0 remaining=3255 cooldown=240m)
[buy30727] 2026-06-05T21:39:42.983Z worker CC-MAIN-2025-18 pid=3176202 saturated#190(elapsed=32s new_merchants=0 remaining=2382 cooldown=240m)
[buy30727] 2026-06-05T21:39:42.987Z spawned CC-MAIN-2025-05 pid=3176935 baseline_merchants=7 log=/paperclip/instances/default/workspaces/3ec8f6dd-1735-4479-9825-a2c42edac34c/logs/buy30727_lane_cc_main_2025_05.log
[buy30727] 2026-06-05T21:39:44.506Z spawned CC-MAIN-2025-47 pid=3177082 baseline_merchants=1421 log=/paperclip/instances/default/workspaces/3ec8f6dd-1735-4479-9825-a2c42edac34c/logs/buy30727_lane_cc_main_2025_47.log
[buy30727] 2026-06-05T21:39:46.040Z spawned CC-MAIN-2025-51 pid=3177107 baseline_merchants=236 log=/paperclip/instances/default/workspaces/3ec8f6dd-1735-4479-9825-a2c42edac34c/logs/buy30727_lane_cc_main_2025_51.log
[buy30727] 2026-06-05T21:39:47.583Z spawned CC-MAIN-2025-43 pid=3177132 baseline_merchants=88 log=/paperclip/instances/default/workspaces/3ec8f6dd-1735-4479-9825-a2c42edac34c/logs/buy30727_lane_cc_main_2025_43.log
[buy30727] 2026-06-05T21:39:49.121Z spawned CC-MAIN-2025-38 pid=3177166 baseline_merchants=28 log=/paperclip/instances/default/workspaces/3ec8f6dd-1735-4479-9825-a2c42edac34c/logs/buy30727_lane_cc_main_2025_38.log
[buy30727] 2026-06-05T21:40:20.679Z worker CC-MAIN-2025-05 pid=3176935 saturated#190(elapsed=38s new_merchants=0 remaining=625 cooldown=240m)
[buy30727] 2026-06-05T21:40:20.695Z worker CC-MAIN-2025-47 pid=3177082 saturated#190(elapsed=36s new_merchants=0 remaining=2294 cooldown=240m)
[buy30727] 2026-06-05T21:40:20.709Z worker CC-MAIN-2025-51 pid=3177107 saturated#190(elapsed=35s new_merchants=0 remaining=2895 cooldown=240m)
[buy30727] 2026-06-05T21:40:20.726Z worker CC-MAIN-2025-43 pid=3177132 saturated#190(elapsed=33s new_merchants=0 remaining=1897 cooldown=240m)
[buy30727] 2026-06-05T21:40:20.751Z worker CC-MAIN-2025-38 pid=3177166 saturated#190(elapsed=32s new_merchants=0 remaining=1980 cooldown=240m)
[buy30727] 2026-06-05T21:40:20.755Z spawned CC-MAIN-2025-33 pid=3177946 baseline_merchants=13 log=/paperclip/instances/default/workspaces/3ec8f6dd-1735-4479-9825-a2c42edac34c/logs/buy30727_lane_cc_main_2025_33.log
[buy30727] 2026-06-05T21:40:22.273Z spawned CC-MAIN-2025-30 pid=3177972 baseline_merchants=136 log=/paperclip/instances/default/workspaces/3ec8f6dd-1735-4479-9825-a2c42edac34c/logs/buy30727_lane_cc_main_2025_30.log
[buy30727] 2026-06-05T21:40:23.797Z spawned CC-MAIN-2025-26 pid=3178000 baseline_merchants=18 log=/paperclip/instances/default/workspaces/3ec8f6dd-1735-4479-9825-a2c42edac34c/logs/buy30727_lane_cc_main_2025_26.log
[buy30727] 2026-06-05T21:40:25.306Z spawned CC-MAIN-2025-08 pid=3178064 baseline_merchants=7 log=/paperclip/instances/default/workspaces/3ec8f6dd-1735-4479-9825-a2c42edac34c/logs/buy30727_lane_cc_main_2025_08.log
[buy30727] 2026-06-05T21:40:26.818Z spawned CC-MAIN-2024-51 pid=3178089 baseline_merchants=427 log=/paperclip/instances/default/workspaces/3ec8f6dd-1735-4479-9825-a2c42edac34c/logs/buy30727_lane_cc_main_2024_51.log
[buy30727] 2026-06-05T21:40:58.366Z worker CC-MAIN-2025-33 pid=3177946 saturated#190(elapsed=38s new_merchants=0 remaining=2151 cooldown=240m)
[buy30727] 2026-06-05T21:40:58.389Z worker CC-MAIN-2025-30 pid=3177972 saturated#190(elapsed=36s new_merchants=0 remaining=2171 cooldown=240m)
[buy30727] 2026-06-05T21:40:58.394Z worker CC-MAIN-2025-26 pid=3178000 saturated#190(elapsed=35s new_merchants=0 remaining=744 cooldown=240m)
[buy30727] 2026-06-05T21:40:58.399Z worker CC-MAIN-2025-08 pid=3178064 saturated#190(elapsed=33s new_merchants=0 remaining=695 cooldown=240m)
[buy30727] 2026-06-05T21:40:58.420Z worker CC-MAIN-2024-51 pid=3178089 saturated#190(elapsed=32s new_merchants=0 remaining=1545 cooldown=240m)
[buy30727] 2026-06-05T21:40:58.424Z spawned CC-MAIN-2024-46 pid=3180066 baseline_merchants=92 log=/paperclip/instances/default/workspaces/3ec8f6dd-1735-4479-9825-a2c42edac34c/logs/buy30727_lane_cc_main_2024_46.log
[buy30727] 2026-06-05T21:40:59.955Z spawned CC-MAIN-2024-42 pid=3180110 baseline_merchants=91 log=/paperclip/instances/default/workspaces/3ec8f6dd-1735-4479-9825-a2c42edac34c/logs/buy30727_lane_cc_main_2024_42.log
[buy30727] 2026-06-05T21:41:01.483Z spawned CC-MAIN-2024-38 pid=3180184 baseline_merchants=36 log=/paperclip/instances/default/workspaces/3ec8f6dd-1735-4479-9825-a2c42edac34c/logs/buy30727_lane_cc_main_2024_38.log
[buy30727] 2026-06-05T21:41:02.994Z spawned CC-MAIN-2024-33 pid=3180262 baseline_merchants=88 log=/paperclip/instances/default/workspaces/3ec8f6dd-1735-4479-9825-a2c42edac34c/logs/buy30727_lane_cc_main_2024_33.log
[buy30727] 2026-06-05T21:41:04.503Z spawned CC-MAIN-2024-30 pid=3180538 baseline_merchants=17 log=/paperclip/instances/default/workspaces/3ec8f6dd-1735-4479-9825-a2c42edac34c/logs/buy30727_lane_cc_main_2024_30.log
[buy30727] 2026-06-05T21:41:36.041Z worker CC-MAIN-2024-46 pid=3180066 saturated#190(elapsed=38s new_merchants=0 remaining=1592 cooldown=240m)
[buy30727] 2026-06-05T21:41:36.066Z worker CC-MAIN-2024-42 pid=3180110 saturated#190(elapsed=36s new_merchants=0 remaining=1420 cooldown=240m)
[buy30727] 2026-06-05T21:41:36.072Z worker CC-MAIN-2024-38 pid=3180184 saturated#190(elapsed=35s new_merchants=0 remaining=581 cooldown=240m)
[buy30727] 2026-06-05T21:41:36.077Z worker CC-MAIN-2024-33 pid=3180262 saturated#190(elapsed=33s new_merchants=0 remaining=508 cooldown=240m)
[buy30727] 2026-06-05T21:41:36.081Z worker CC-MAIN-2024-30 pid=3180538 saturated#190(elapsed=32s new_merchants=0 remaining=424 cooldown=240m)
[buy30727] 2026-06-05T21:41:36.084Z spawned CC-MAIN-2024-26 pid=3182048 baseline_merchants=7 log=/paperclip/instances/default/workspaces/3ec8f6dd-1735-4479-9825-a2c42edac34c/logs/buy30727_lane_cc_main_2024_26.log
[buy30727] 2026-06-05T21:41:37.598Z spawned CC-MAIN-2024-22 pid=3182076 baseline_merchants=13 log=/paperclip/instances/default/workspaces/3ec8f6dd-1735-4479-9825-a2c42edac34c/logs/buy30727_lane_cc_main_2024_22.log
[buy30727] 2026-06-05T21:41:39.113Z spawned CC-MAIN-2024-18 pid=3182101 baseline_merchants=62 log=/paperclip/instances/default/workspaces/3ec8f6dd-1735-4479-9825-a2c42edac34c/logs/buy30727_lane_cc_main_2024_18.log
[buy30727] 2026-06-05T21:41:40.632Z spawned CC-MAIN-2024-10 pid=3182134 baseline_merchants=4 log=/paperclip/instances/default/workspaces/3ec8f6dd-1735-4479-9825-a2c42edac34c/logs/buy30727_lane_cc_main_2024_10.log
[buy30727] 2026-06-05T21:41:42.146Z spawned CC-MAIN-2023-50 pid=3182203 baseline_merchants=4 log=/paperclip/instances/default/workspaces/3ec8f6dd-1735-4479-9825-a2c42edac34c/logs/buy30727_lane_cc_main_2023_50.log
[buy30727] 2026-06-05T21:42:13.672Z worker CC-MAIN-2024-26 pid=3182048 saturated#190(elapsed=38s new_merchants=0 remaining=401 cooldown=240m)
[buy30727] 2026-06-05T21:42:13.687Z worker CC-MAIN-2024-22 pid=3182076 saturated#190(elapsed=36s new_merchants=0 remaining=868 cooldown=240m)
[buy30727] 2026-06-05T21:42:13.710Z worker CC-MAIN-2024-18 pid=3182101 saturated#190(elapsed=35s new_merchants=0 remaining=1033 cooldown=240m)
[buy30727] 2026-06-05T21:42:13.724Z worker CC-MAIN-2024-10 pid=3182134 saturated#190(elapsed=33s new_merchants=0 remaining=794 cooldown=240m)
[buy30727] 2026-06-05T21:42:13.735Z worker CC-MAIN-2023-50 pid=3182203 saturated#190(elapsed=32s new_merchants=0 remaining=378 cooldown=240m)
[buy30727] 2026-06-05T21:42:13.738Z spawned CC-MAIN-2023-14 pid=3183549 baseline_merchants=53 log=/paperclip/instances/default/workspaces/3ec8f6dd-1735-4479-9825-a2c42edac34c/logs/buy30727_lane_cc_main_2023_14.log
[buy30727] 2026-06-05T21:42:15.245Z spawned CC-MAIN-2023-06 pid=3183708 baseline_merchants=45 log=/paperclip/instances/default/workspaces/3ec8f6dd-1735-4479-9825-a2c42edac34c/logs/buy30727_lane_cc_main_2023_06.log
[buy30727] 2026-06-05T21:42:16.754Z spawned CC-MAIN-2022-49 pid=3183799 baseline_merchants=5 log=/paperclip/instances/default/workspaces/3ec8f6dd-1735-4479-9825-a2c42edac34c/logs/buy30727_lane_cc_main_2022_49.log
[buy30727] 2026-06-05T21:42:18.265Z spawned CC-MAIN-2022-40 pid=3183825 baseline_merchants=3 log=/paperclip/instances/default/workspaces/3ec8f6dd-1735-4479-9825-a2c42edac34c/logs/buy30727_lane_cc_main_2022_40.log
[buy30727] 2026-06-05T21:42:19.776Z spawned CC-MAIN-2026-21 pid=3184019 baseline_merchants=853 log=/paperclip/instances/default/workspaces/3ec8f6dd-1735-4479-9825-a2c42edac34c/logs/buy30727_lane_cc_main_2026_21.log
[buy30727] 2026-06-05T21:42:51.285Z worker CC-MAIN-2023-14 pid=3183549 saturated#190(elapsed=38s new_merchants=0 remaining=248 cooldown=240m)
[buy30727] 2026-06-05T21:42:51.289Z worker CC-MAIN-2023-06 pid=3183708 saturated#190(elapsed=36s new_merchants=0 remaining=318 cooldown=240m)
[buy30727] 2026-06-05T21:42:51.294Z worker CC-MAIN-2022-49 pid=3183799 saturated#190(elapsed=35s new_merchants=0 remaining=323 cooldown=240m)
[buy30727] 2026-06-05T21:42:51.297Z worker CC-MAIN-2022-40 pid=3183825 saturated#190(elapsed=33s new_merchants=0 remaining=295 cooldown=240m)
[buy30727] 2026-06-05T21:42:51.299Z worker CC-MAIN-2026-21 pid=3184019 saturated#190(elapsed=32s new_merchants=0 remaining=862 cooldown=240m)
[buy30727] 2026-06-05T21:42:51.303Z spawned CC-MAIN-2026-17 pid=3185619 baseline_merchants=7 log=/paperclip/instances/default/workspaces/3ec8f6dd-1735-4479-9825-a2c42edac34c/logs/buy30727_lane_cc_main_2026_17.log
[buy30727] 2026-06-05T21:42:52.829Z spawned CC-MAIN-2025-18 pid=3185658 baseline_merchants=72 log=/paperclip/instances/default/workspaces/3ec8f6dd-1735-4479-9825-a2c42edac34c/logs/buy30727_lane_cc_main_2025_18.log
[buy30727] 2026-06-05T21:42:54.356Z spawned CC-MAIN-2025-05 pid=3185683 baseline_merchants=7 log=/paperclip/instances/default/workspaces/3ec8f6dd-1735-4479-9825-a2c42edac34c/logs/buy30727_lane_cc_main_2025_05.log
[buy30727] 2026-06-05T21:42:55.865Z spawned CC-MAIN-2025-47 pid=3185729 baseline_merchants=1421 log=/paperclip/instances/default/workspaces/3ec8f6dd-1735-4479-9825-a2c42edac34c/logs/buy30727_lane_cc_main_2025_47.log
[buy30727] 2026-06-05T21:42:57.390Z spawned CC-MAIN-2025-51 pid=3185806 baseline_merchants=236 log=/paperclip/instances/default/workspaces/3ec8f6dd-1735-4479-9825-a2c42edac34c/logs/buy30727_lane_cc_main_2025_51.log
[buy30727] 2026-06-05T21:43:28.942Z worker CC-MAIN-2026-17 pid=3185619 saturated#191(elapsed=38s new_merchants=0 remaining=3255 cooldown=240m)
[buy30727] 2026-06-05T21:43:28.961Z worker CC-MAIN-2025-18 pid=3185658 saturated#191(elapsed=36s new_merchants=0 remaining=2382 cooldown=240m)
[buy30727] 2026-06-05T21:43:28.966Z worker CC-MAIN-2025-05 pid=3185683 saturated#191(elapsed=35s new_merchants=0 remaining=625 cooldown=240m)
[buy30727] 2026-06-05T21:43:28.983Z worker CC-MAIN-2025-47 pid=3185729 saturated#191(elapsed=33s new_merchants=0 remaining=2294 cooldown=240m)
[buy30727] 2026-06-05T21:43:29.000Z worker CC-MAIN-2025-51 pid=3185806 saturated#191(elapsed=32s new_merchants=0 remaining=2895 cooldown=240m)
[buy30727] 2026-06-05T21:43:29.004Z spawned CC-MAIN-2025-43 pid=3187240 baseline_merchants=88 log=/paperclip/instances/default/workspaces/3ec8f6dd-1735-4479-9825-a2c42edac34c/logs/buy30727_lane_cc_main_2025_43.log
[buy30727] 2026-06-05T21:43:30.526Z spawned CC-MAIN-2025-38 pid=3187277 baseline_merchants=28 log=/paperclip/instances/default/workspaces/3ec8f6dd-1735-4479-9825-a2c42edac34c/logs/buy30727_lane_cc_main_2025_38.log
[buy30727] 2026-06-05T21:43:32.044Z spawned CC-MAIN-2025-33 pid=3187299 baseline_merchants=13 log=/paperclip/instances/default/workspaces/3ec8f6dd-1735-4479-9825-a2c42edac34c/logs/buy30727_lane_cc_main_2025_33.log
[buy30727] 2026-06-05T21:43:33.570Z spawned CC-MAIN-2025-30 pid=3187331 baseline_merchants=136 log=/paperclip/instances/default/workspaces/3ec8f6dd-1735-4479-9825-a2c42edac34c/logs/buy30727_lane_cc_main_2025_30.log
[buy30727] 2026-06-05T21:43:35.086Z spawned CC-MAIN-2025-26 pid=3187445 baseline_merchants=18 log=/paperclip/instances/default/workspaces/3ec8f6dd-1735-4479-9825-a2c42edac34c/logs/buy30727_lane_cc_main_2025_26.log
[buy30727] 2026-06-05T21:43:36.647Z tick=90 active=5 drained=20 saturated=27 known_merchants=15747 status=[CC-MAIN-2025-43:1897/45093, CC-MAIN-2025-38:1980/47922, CC-MAIN-2025-33:2151/52953, CC-MAIN-2025-30:2171/51939, CC-MAIN-2025-26:744/15752]
[buy30727] 2026-06-05T21:44:06.713Z worker CC-MAIN-2025-43 pid=3187240 saturated#191(elapsed=38s new_merchants=0 remaining=1897 cooldown=240m)
[buy30727] 2026-06-05T21:44:06.750Z worker CC-MAIN-2025-38 pid=3187277 saturated#191(elapsed=36s new_merchants=0 remaining=1980 cooldown=240m)
[buy30727] 2026-06-05T21:44:06.787Z worker CC-MAIN-2025-33 pid=3187299 saturated#191(elapsed=35s new_merchants=0 remaining=2151 cooldown=240m)
[buy30727] 2026-06-05T21:44:06.801Z worker CC-MAIN-2025-30 pid=3187331 saturated#191(elapsed=33s new_merchants=0 remaining=2171 cooldown=240m)
[buy30727] 2026-06-05T21:44:06.805Z worker CC-MAIN-2025-26 pid=3187445 saturated#191(elapsed=32s new_merchants=0 remaining=744 cooldown=240m)
[buy30727] 2026-06-05T21:44:06.809Z spawned CC-MAIN-2025-08 pid=3188582 baseline_merchants=7 log=/paperclip/instances/default/workspaces/3ec8f6dd-1735-4479-9825-a2c42edac34c/logs/buy30727_lane_cc_main_2025_08.log
[buy30727] 2026-06-05T21:44:08.324Z spawned CC-MAIN-2024-51 pid=3188633 baseline_merchants=427 log=/paperclip/instances/default/workspaces/3ec8f6dd-1735-4479-9825-a2c42edac34c/logs/buy30727_lane_cc_main_2024_51.log
[buy30727] 2026-06-05T21:44:09.851Z spawned CC-MAIN-2024-46 pid=3188669 baseline_merchants=92 log=/paperclip/instances/default/workspaces/3ec8f6dd-1735-4479-9825-a2c42edac34c/logs/buy30727_lane_cc_main_2024_46.log
[buy30727] 2026-06-05T21:44:11.379Z spawned CC-MAIN-2024-42 pid=3188703 baseline_merchants=91 log=/paperclip/instances/default/workspaces/3ec8f6dd-1735-4479-9825-a2c42edac34c/logs/buy30727_lane_cc_main_2024_42.log
[buy30727] 2026-06-05T21:44:12.898Z spawned CC-MAIN-2024-38 pid=3188732 baseline_merchants=36 log=/paperclip/instances/default/workspaces/3ec8f6dd-1735-4479-9825-a2c42edac34c/logs/buy30727_lane_cc_main_2024_38.log
[buy30727] 2026-06-05T21:44:44.437Z worker CC-MAIN-2025-08 pid=3188582 saturated#191(elapsed=38s new_merchants=0 remaining=695 cooldown=240m)
[buy30727] 2026-06-05T21:44:44.455Z worker CC-MAIN-2024-51 pid=3188633 saturated#191(elapsed=36s new_merchants=0 remaining=1545 cooldown=240m)
[buy30727] 2026-06-05T21:44:44.487Z worker CC-MAIN-2024-46 pid=3188669 saturated#191(elapsed=35s new_merchants=0 remaining=1592 cooldown=240m)
[buy30727] 2026-06-05T21:44:44.516Z worker CC-MAIN-2024-42 pid=3188703 saturated#191(elapsed=33s new_merchants=0 remaining=1420 cooldown=240m)
[buy30727] 2026-06-05T21:44:44.520Z worker CC-MAIN-2024-38 pid=3188732 saturated#191(elapsed=32s new_merchants=0 remaining=581 cooldown=240m)
[buy30727] 2026-06-05T21:44:44.523Z spawned CC-MAIN-2024-33 pid=3189841 baseline_merchants=88 log=/paperclip/instances/default/workspaces/3ec8f6dd-1735-4479-9825-a2c42edac34c/logs/buy30727_lane_cc_main_2024_33.log
[buy30727] 2026-06-05T21:44:46.032Z spawned CC-MAIN-2024-30 pid=3189864 baseline_merchants=17 log=/paperclip/instances/default/workspaces/3ec8f6dd-1735-4479-9825-a2c42edac34c/logs/buy30727_lane_cc_main_2024_30.log
[buy30727] 2026-06-05T21:44:47.540Z spawned CC-MAIN-2024-26 pid=3190002 baseline_merchants=7 log=/paperclip/instances/default/workspaces/3ec8f6dd-1735-4479-9825-a2c42edac34c/logs/buy30727_lane_cc_main_2024_26.log
[buy30727] 2026-06-05T21:44:49.048Z spawned CC-MAIN-2024-22 pid=3190075 baseline_merchants=13 log=/paperclip/instances/default/workspaces/3ec8f6dd-1735-4479-9825-a2c42edac34c/logs/buy30727_lane_cc_main_2024_22.log
[buy30727] 2026-06-05T21:44:50.567Z spawned CC-MAIN-2024-18 pid=3190118 baseline_merchants=62 log=/paperclip/instances/default/workspaces/3ec8f6dd-1735-4479-9825-a2c42edac34c/logs/buy30727_lane_cc_main_2024_18.log
[buy30727] 2026-06-05T21:45:22.094Z worker CC-MAIN-2024-33 pid=3189841 saturated#191(elapsed=38s new_merchants=0 remaining=508 cooldown=240m)
[buy30727] 2026-06-05T21:45:22.099Z worker CC-MAIN-2024-30 pid=3189864 saturated#191(elapsed=36s new_merchants=0 remaining=424 cooldown=240m)
[buy30727] 2026-06-05T21:45:22.103Z worker CC-MAIN-2024-26 pid=3190002 saturated#191(elapsed=35s new_merchants=0 remaining=401 cooldown=240m)
[buy30727] 2026-06-05T21:45:22.117Z worker CC-MAIN-2024-22 pid=3190075 saturated#191(elapsed=33s new_merchants=0 remaining=868 cooldown=240m)
[buy30727] 2026-06-05T21:45:22.136Z worker CC-MAIN-2024-18 pid=3190118 saturated#191(elapsed=32s new_merchants=0 remaining=1033 cooldown=240m)
[buy30727] 2026-06-05T21:45:22.140Z spawned CC-MAIN-2024-10 pid=3191343 baseline_merchants=4 log=/paperclip/instances/default/workspaces/3ec8f6dd-1735-4479-9825-a2c42edac34c/logs/buy30727_lane_cc_main_2024_10.log
[buy30727] 2026-06-05T21:45:23.657Z spawned CC-MAIN-2023-50 pid=3191368 baseline_merchants=4 log=/paperclip/instances/default/workspaces/3ec8f6dd-1735-4479-9825-a2c42edac34c/logs/buy30727_lane_cc_main_2023_50.log
[buy30727] 2026-06-05T21:45:25.164Z spawned CC-MAIN-2023-14 pid=3191391 baseline_merchants=53 log=/paperclip/instances/default/workspaces/3ec8f6dd-1735-4479-9825-a2c42edac34c/logs/buy30727_lane_cc_main_2023_14.log
[buy30727] 2026-06-05T21:45:26.672Z spawned CC-MAIN-2023-06 pid=3191413 baseline_merchants=45 log=/paperclip/instances/default/workspaces/3ec8f6dd-1735-4479-9825-a2c42edac34c/logs/buy30727_lane_cc_main_2023_06.log
[buy30727] 2026-06-05T21:45:28.181Z spawned CC-MAIN-2022-49 pid=3191606 baseline_merchants=5 log=/paperclip/instances/default/workspaces/3ec8f6dd-1735-4479-9825-a2c42edac34c/logs/buy30727_lane_cc_main_2022_49.log
[buy30727] 2026-06-05T21:45:59.704Z worker CC-MAIN-2024-10 pid=3191343 saturated#191(elapsed=38s new_merchants=0 remaining=794 cooldown=240m)
[buy30727] 2026-06-05T21:45:59.721Z worker CC-MAIN-2023-50 pid=3191368 saturated#191(elapsed=36s new_merchants=0 remaining=378 cooldown=240m)
[buy30727] 2026-06-05T21:45:59.737Z worker CC-MAIN-2023-14 pid=3191391 saturated#191(elapsed=35s new_merchants=0 remaining=248 cooldown=240m)
[buy30727] 2026-06-05T21:45:59.746Z worker CC-MAIN-2023-06 pid=3191413 saturated#191(elapsed=33s new_merchants=0 remaining=318 cooldown=240m)
[buy30727] 2026-06-05T21:45:59.756Z worker CC-MAIN-2022-49 pid=3191606 saturated#191(elapsed=32s new_merchants=0 remaining=323 cooldown=240m)
[buy30727] 2026-06-05T21:45:59.762Z spawned CC-MAIN-2022-40 pid=3193480 baseline_merchants=3 log=/paperclip/instances/default/workspaces/3ec8f6dd-1735-4479-9825-a2c42edac34c/logs/buy30727_lane_cc_main_2022_40.log
[buy30727] 2026-06-05T21:46:01.288Z spawned CC-MAIN-2026-21 pid=3193738 baseline_merchants=853 log=/paperclip/instances/default/workspaces/3ec8f6dd-1735-4479-9825-a2c42edac34c/logs/buy30727_lane_cc_main_2026_21.log
[buy30727] 2026-06-05T21:46:02.814Z spawned CC-MAIN-2026-17 pid=3193927 baseline_merchants=7 log=/paperclip/instances/default/workspaces/3ec8f6dd-1735-4479-9825-a2c42edac34c/logs/buy30727_lane_cc_main_2026_17.log
[buy30727] 2026-06-05T21:46:04.337Z spawned CC-MAIN-2025-18 pid=3193983 baseline_merchants=72 log=/paperclip/instances/default/workspaces/3ec8f6dd-1735-4479-9825-a2c42edac34c/logs/buy30727_lane_cc_main_2025_18.log
[buy30727] 2026-06-05T21:46:05.863Z spawned CC-MAIN-2025-05 pid=3194017 baseline_merchants=7 log=/paperclip/instances/default/workspaces/3ec8f6dd-1735-4479-9825-a2c42edac34c/logs/buy30727_lane_cc_main_2025_05.log
[buy30727] 2026-06-05T21:46:37.401Z worker CC-MAIN-2022-40 pid=3193480 saturated#191(elapsed=38s new_merchants=0 remaining=295 cooldown=240m)
[buy30727] 2026-06-05T21:46:37.404Z worker CC-MAIN-2026-21 pid=3193738 saturated#191(elapsed=36s new_merchants=0 remaining=862 cooldown=240m)
[buy30727] 2026-06-05T21:46:37.414Z worker CC-MAIN-2026-17 pid=3193927 saturated#192(elapsed=35s new_merchants=0 remaining=3255 cooldown=240m)
[buy30727] 2026-06-05T21:46:37.433Z worker CC-MAIN-2025-18 pid=3193983 saturated#192(elapsed=33s new_merchants=0 remaining=2382 cooldown=240m)
[buy30727] 2026-06-05T21:46:37.440Z worker CC-MAIN-2025-05 pid=3194017 saturated#192(elapsed=32s new_merchants=0 remaining=625 cooldown=240m)
[buy30727] 2026-06-05T21:46:37.444Z spawned CC-MAIN-2025-47 pid=3196489 baseline_merchants=1421 log=/paperclip/instances/default/workspaces/3ec8f6dd-1735-4479-9825-a2c42edac34c/logs/buy30727_lane_cc_main_2025_47.log
[buy30727] 2026-06-05T21:46:38.969Z spawned CC-MAIN-2025-51 pid=3196724 baseline_merchants=236 log=/paperclip/instances/default/workspaces/3ec8f6dd-1735-4479-9825-a2c42edac34c/logs/buy30727_lane_cc_main_2025_51.log
[buy30727] 2026-06-05T21:46:40.490Z spawned CC-MAIN-2025-43 pid=3196826 baseline_merchants=88 log=/paperclip/instances/default/workspaces/3ec8f6dd-1735-4479-9825-a2c42edac34c/logs/buy30727_lane_cc_main_2025_43.log
[buy30727] 2026-06-05T21:46:42.012Z spawned CC-MAIN-2025-38 pid=3197068 baseline_merchants=28 log=/paperclip/instances/default/workspaces/3ec8f6dd-1735-4479-9825-a2c42edac34c/logs/buy30727_lane_cc_main_2025_38.log
[buy30727] 2026-06-05T21:46:43.530Z spawned CC-MAIN-2025-33 pid=3197098 baseline_merchants=13 log=/paperclip/instances/default/workspaces/3ec8f6dd-1735-4479-9825-a2c42edac34c/logs/buy30727_lane_cc_main_2025_33.log
[buy30727] 2026-06-05T21:47:15.102Z worker CC-MAIN-2025-47 pid=3196489 saturated#192(elapsed=38s new_merchants=0 remaining=2294 cooldown=240m)
[buy30727] 2026-06-05T21:47:15.139Z worker CC-MAIN-2025-51 pid=3196724 saturated#192(elapsed=36s new_merchants=0 remaining=2895 cooldown=240m)
[buy30727] 2026-06-05T21:47:15.175Z worker CC-MAIN-2025-43 pid=3196826 saturated#192(elapsed=35s new_merchants=0 remaining=1897 cooldown=240m)
[buy30727] 2026-06-05T21:47:15.192Z worker CC-MAIN-2025-38 pid=3197068 saturated#192(elapsed=33s new_merchants=0 remaining=1980 cooldown=240m)
[buy30727] 2026-06-05T21:47:15.217Z worker CC-MAIN-2025-33 pid=3197098 saturated#192(elapsed=32s new_merchants=0 remaining=2151 cooldown=240m)
[buy30727] 2026-06-05T21:47:15.222Z spawned CC-MAIN-2025-30 pid=3197961 baseline_merchants=136 log=/paperclip/instances/default/workspaces/3ec8f6dd-1735-4479-9825-a2c42edac34c/logs/buy30727_lane_cc_main_2025_30.log
[buy30727] 2026-06-05T21:47:16.754Z spawned CC-MAIN-2025-26 pid=3198028 baseline_merchants=18 log=/paperclip/instances/default/workspaces/3ec8f6dd-1735-4479-9825-a2c42edac34c/logs/buy30727_lane_cc_main_2025_26.log
[buy30727] 2026-06-05T21:47:18.264Z spawned CC-MAIN-2025-08 pid=3198060 baseline_merchants=7 log=/paperclip/instances/default/workspaces/3ec8f6dd-1735-4479-9825-a2c42edac34c/logs/buy30727_lane_cc_main_2025_08.log
[buy30727] 2026-06-05T21:47:19.771Z spawned CC-MAIN-2024-51 pid=3198091 baseline_merchants=427 log=/paperclip/instances/default/workspaces/3ec8f6dd-1735-4479-9825-a2c42edac34c/logs/buy30727_lane_cc_main_2024_51.log
[buy30727] 2026-06-05T21:47:21.288Z spawned CC-MAIN-2024-46 pid=3198129 baseline_merchants=92 log=/paperclip/instances/default/workspaces/3ec8f6dd-1735-4479-9825-a2c42edac34c/logs/buy30727_lane_cc_main_2024_46.log
[buy30727] 2026-06-05T21:47:52.856Z worker CC-MAIN-2025-30 pid=3197961 saturated#192(elapsed=38s new_merchants=0 remaining=2171 cooldown=240m)
[buy30727] 2026-06-05T21:47:52.865Z worker CC-MAIN-2025-26 pid=3198028 saturated#192(elapsed=36s new_merchants=0 remaining=744 cooldown=240m)
[buy30727] 2026-06-05T21:47:52.872Z worker CC-MAIN-2025-08 pid=3198060 saturated#192(elapsed=35s new_merchants=0 remaining=695 cooldown=240m)
[buy30727] 2026-06-05T21:47:52.892Z worker CC-MAIN-2024-51 pid=3198091 saturated#192(elapsed=33s new_merchants=0 remaining=1545 cooldown=240m)
[buy30727] 2026-06-05T21:47:52.925Z worker CC-MAIN-2024-46 pid=3198129 saturated#192(elapsed=32s new_merchants=0 remaining=1592 cooldown=240m)
[buy30727] 2026-06-05T21:47:52.929Z spawned CC-MAIN-2024-42 pid=3198966 baseline_merchants=91 log=/paperclip/instances/default/workspaces/3ec8f6dd-1735-4479-9825-a2c42edac34c/logs/buy30727_lane_cc_main_2024_42.log
[buy30727] 2026-06-05T21:47:54.449Z spawned CC-MAIN-2024-38 pid=3198989 baseline_merchants=36 log=/paperclip/instances/default/workspaces/3ec8f6dd-1735-4479-9825-a2c42edac34c/logs/buy30727_lane_cc_main_2024_38.log
[buy30727] 2026-06-05T21:47:55.959Z spawned CC-MAIN-2024-33 pid=3199169 baseline_merchants=88 log=/paperclip/instances/default/workspaces/3ec8f6dd-1735-4479-9825-a2c42edac34c/logs/buy30727_lane_cc_main_2024_33.log
[buy30727] 2026-06-05T21:47:57.469Z spawned CC-MAIN-2024-30 pid=3199271 baseline_merchants=17 log=/paperclip/instances/default/workspaces/3ec8f6dd-1735-4479-9825-a2c42edac34c/logs/buy30727_lane_cc_main_2024_30.log
[buy30727] 2026-06-05T21:47:58.977Z spawned CC-MAIN-2024-26 pid=3199326 baseline_merchants=7 log=/paperclip/instances/default/workspaces/3ec8f6dd-1735-4479-9825-a2c42edac34c/logs/buy30727_lane_cc_main_2024_26.log
[buy30727] 2026-06-05T21:48:30.540Z worker CC-MAIN-2024-42 pid=3198966 saturated#192(elapsed=38s new_merchants=0 remaining=1420 cooldown=240m)
[buy30727] 2026-06-05T21:48:30.549Z worker CC-MAIN-2024-38 pid=3198989 saturated#192(elapsed=36s new_merchants=0 remaining=581 cooldown=240m)
[buy30727] 2026-06-05T21:48:30.555Z worker CC-MAIN-2024-33 pid=3199169 saturated#192(elapsed=35s new_merchants=0 remaining=508 cooldown=240m)
[buy30727] 2026-06-05T21:48:30.561Z worker CC-MAIN-2024-30 pid=3199271 saturated#192(elapsed=33s new_merchants=0 remaining=424 cooldown=240m)
[buy30727] 2026-06-05T21:48:30.566Z worker CC-MAIN-2024-26 pid=3199326 saturated#192(elapsed=32s new_merchants=0 remaining=401 cooldown=240m)
[buy30727] 2026-06-05T21:48:30.585Z spawned CC-MAIN-2024-22 pid=3200214 baseline_merchants=13 log=/paperclip/instances/default/workspaces/3ec8f6dd-1735-4479-9825-a2c42edac34c/logs/buy30727_lane_cc_main_2024_22.log
[buy30727] 2026-06-05T21:48:32.106Z spawned CC-MAIN-2024-18 pid=3200247 baseline_merchants=62 log=/paperclip/instances/default/workspaces/3ec8f6dd-1735-4479-9825-a2c42edac34c/logs/buy30727_lane_cc_main_2024_18.log
[buy30727] 2026-06-05T21:48:33.625Z spawned CC-MAIN-2024-10 pid=3200273 baseline_merchants=4 log=/paperclip/instances/default/workspaces/3ec8f6dd-1735-4479-9825-a2c42edac34c/logs/buy30727_lane_cc_main_2024_10.log
[buy30727] 2026-06-05T21:48:35.141Z spawned CC-MAIN-2023-50 pid=3200345 baseline_merchants=4 log=/paperclip/instances/default/workspaces/3ec8f6dd-1735-4479-9825-a2c42edac34c/logs/buy30727_lane_cc_main_2023_50.log
[buy30727] 2026-06-05T21:48:36.650Z spawned CC-MAIN-2023-14 pid=3200369 baseline_merchants=53 log=/paperclip/instances/default/workspaces/3ec8f6dd-1735-4479-9825-a2c42edac34c/logs/buy30727_lane_cc_main_2023_14.log
[buy30727] 2026-06-05T21:49:08.190Z worker CC-MAIN-2024-22 pid=3200214 saturated#192(elapsed=38s new_merchants=0 remaining=868 cooldown=240m)
[buy30727] 2026-06-05T21:49:08.215Z worker CC-MAIN-2024-18 pid=3200247 saturated#192(elapsed=36s new_merchants=0 remaining=1033 cooldown=240m)
[buy30727] 2026-06-05T21:49:08.226Z worker CC-MAIN-2024-10 pid=3200273 saturated#192(elapsed=35s new_merchants=0 remaining=794 cooldown=240m)
[buy30727] 2026-06-05T21:49:08.230Z worker CC-MAIN-2023-50 pid=3200345 saturated#192(elapsed=33s new_merchants=0 remaining=378 cooldown=240m)
[buy30727] 2026-06-05T21:49:08.234Z worker CC-MAIN-2023-14 pid=3200369 saturated#192(elapsed=32s new_merchants=0 remaining=248 cooldown=240m)
[buy30727] 2026-06-05T21:49:08.238Z spawned CC-MAIN-2023-06 pid=3200900 baseline_merchants=45 log=/paperclip/instances/default/workspaces/3ec8f6dd-1735-4479-9825-a2c42edac34c/logs/buy30727_lane_cc_main_2023_06.log
[buy30727] 2026-06-05T21:49:09.749Z spawned CC-MAIN-2022-49 pid=3200924 baseline_merchants=5 log=/paperclip/instances/default/workspaces/3ec8f6dd-1735-4479-9825-a2c42edac34c/logs/buy30727_lane_cc_main_2022_49.log
[buy30727] 2026-06-05T21:49:11.260Z spawned CC-MAIN-2022-40 pid=3200947 baseline_merchants=3 log=/paperclip/instances/default/workspaces/3ec8f6dd-1735-4479-9825-a2c42edac34c/logs/buy30727_lane_cc_main_2022_40.log
[buy30727] 2026-06-05T21:49:12.770Z spawned CC-MAIN-2026-21 pid=3200973 baseline_merchants=853 log=/paperclip/instances/default/workspaces/3ec8f6dd-1735-4479-9825-a2c42edac34c/logs/buy30727_lane_cc_main_2026_21.log
[buy30727] 2026-06-05T21:49:14.278Z spawned CC-MAIN-2026-17 pid=3201000 baseline_merchants=7 log=/paperclip/instances/default/workspaces/3ec8f6dd-1735-4479-9825-a2c42edac34c/logs/buy30727_lane_cc_main_2026_17.log
[buy30727] 2026-06-05T21:49:45.801Z worker CC-MAIN-2023-06 pid=3200900 saturated#192(elapsed=38s new_merchants=0 remaining=318 cooldown=240m)
[buy30727] 2026-06-05T21:49:45.805Z worker CC-MAIN-2022-49 pid=3200924 saturated#192(elapsed=36s new_merchants=0 remaining=323 cooldown=240m)
[buy30727] 2026-06-05T21:49:45.811Z worker CC-MAIN-2022-40 pid=3200947 saturated#192(elapsed=35s new_merchants=0 remaining=295 cooldown=240m)
[buy30727] 2026-06-05T21:49:45.814Z worker CC-MAIN-2026-21 pid=3200973 saturated#192(elapsed=33s new_merchants=0 remaining=862 cooldown=240m)
[buy30727] 2026-06-05T21:49:45.825Z worker CC-MAIN-2026-17 pid=3201000 saturated#193(elapsed=32s new_merchants=0 remaining=3255 cooldown=240m)
[buy30727] 2026-06-05T21:49:45.829Z spawned CC-MAIN-2025-18 pid=3201735 baseline_merchants=72 log=/paperclip/instances/default/workspaces/3ec8f6dd-1735-4479-9825-a2c42edac34c/logs/buy30727_lane_cc_main_2025_18.log
[buy30727] 2026-06-05T21:49:47.351Z spawned CC-MAIN-2025-05 pid=3201772 baseline_merchants=7 log=/paperclip/instances/default/workspaces/3ec8f6dd-1735-4479-9825-a2c42edac34c/logs/buy30727_lane_cc_main_2025_05.log
[buy30727] 2026-06-05T21:49:48.858Z spawned CC-MAIN-2025-47 pid=3201797 baseline_merchants=1421 log=/paperclip/instances/default/workspaces/3ec8f6dd-1735-4479-9825-a2c42edac34c/logs/buy30727_lane_cc_main_2025_47.log
[buy30727] 2026-06-05T21:49:50.379Z spawned CC-MAIN-2025-51 pid=3201820 baseline_merchants=236 log=/paperclip/instances/default/workspaces/3ec8f6dd-1735-4479-9825-a2c42edac34c/logs/buy30727_lane_cc_main_2025_51.log
[buy30727] 2026-06-05T21:49:51.895Z spawned CC-MAIN-2025-43 pid=3201845 baseline_merchants=88 log=/paperclip/instances/default/workspaces/3ec8f6dd-1735-4479-9825-a2c42edac34c/logs/buy30727_lane_cc_main_2025_43.log
[buy30727] 2026-06-05T21:49:53.500Z tick=100 active=5 drained=20 saturated=27 known_merchants=15747 status=[CC-MAIN-2025-18:2382/46657, CC-MAIN-2025-05:625/14379, CC-MAIN-2025-47:2294/50620, CC-MAIN-2025-51:2895/45604, CC-MAIN-2025-43:1897/45093]
[buy30727] 2026-06-05T21:50:23.543Z worker CC-MAIN-2025-18 pid=3201735 saturated#193(elapsed=38s new_merchants=0 remaining=2382 cooldown=240m)
[buy30727] 2026-06-05T21:50:23.546Z worker CC-MAIN-2025-05 pid=3201772 saturated#193(elapsed=36s new_merchants=0 remaining=625 cooldown=240m)
[buy30727] 2026-06-05T21:50:23.557Z worker CC-MAIN-2025-47 pid=3201797 saturated#193(elapsed=35s new_merchants=0 remaining=2294 cooldown=240m)
[buy30727] 2026-06-05T21:50:23.567Z worker CC-MAIN-2025-51 pid=3201820 saturated#193(elapsed=33s new_merchants=0 remaining=2895 cooldown=240m)
[buy30727] 2026-06-05T21:50:23.584Z worker CC-MAIN-2025-43 pid=3201845 saturated#193(elapsed=32s new_merchants=0 remaining=1897 cooldown=240m)
[buy30727] 2026-06-05T21:50:23.587Z spawned CC-MAIN-2025-38 pid=3202786 baseline_merchants=28 log=/paperclip/instances/default/workspaces/3ec8f6dd-1735-4479-9825-a2c42edac34c/logs/buy30727_lane_cc_main_2025_38.log
[buy30727] 2026-06-05T21:50:25.109Z spawned CC-MAIN-2025-33 pid=3202816 baseline_merchants=13 log=/paperclip/instances/default/workspaces/3ec8f6dd-1735-4479-9825-a2c42edac34c/logs/buy30727_lane_cc_main_2025_33.log
[buy30727] 2026-06-05T21:50:26.627Z spawned CC-MAIN-2025-30 pid=3202838 baseline_merchants=136 log=/paperclip/instances/default/workspaces/3ec8f6dd-1735-4479-9825-a2c42edac34c/logs/buy30727_lane_cc_main_2025_30.log
[buy30727] 2026-06-05T21:50:28.155Z spawned CC-MAIN-2025-26 pid=3202885 baseline_merchants=18 log=/paperclip/instances/default/workspaces/3ec8f6dd-1735-4479-9825-a2c42edac34c/logs/buy30727_lane_cc_main_2025_26.log
[buy30727] 2026-06-05T21:50:29.664Z spawned CC-MAIN-2025-08 pid=3203069 baseline_merchants=7 log=/paperclip/instances/default/workspaces/3ec8f6dd-1735-4479-9825-a2c42edac34c/logs/buy30727_lane_cc_main_2025_08.log
[buy30727] 2026-06-05T21:51:01.205Z worker CC-MAIN-2025-38 pid=3202786 saturated#193(elapsed=38s new_merchants=0 remaining=1980 cooldown=240m)
[buy30727] 2026-06-05T21:51:01.229Z worker CC-MAIN-2025-33 pid=3202816 saturated#193(elapsed=36s new_merchants=0 remaining=2151 cooldown=240m)
[buy30727] 2026-06-05T21:51:01.255Z worker CC-MAIN-2025-30 pid=3202838 saturated#193(elapsed=35s new_merchants=0 remaining=2171 cooldown=240m)
[buy30727] 2026-06-05T21:51:01.261Z worker CC-MAIN-2025-26 pid=3202885 saturated#193(elapsed=33s new_merchants=0 remaining=744 cooldown=240m)
[buy30727] 2026-06-05T21:51:01.266Z worker CC-MAIN-2025-08 pid=3203069 saturated#193(elapsed=32s new_merchants=0 remaining=695 cooldown=240m)
[buy30727] 2026-06-05T21:51:01.270Z spawned CC-MAIN-2024-51 pid=3204892 baseline_merchants=427 log=/paperclip/instances/default/workspaces/3ec8f6dd-1735-4479-9825-a2c42edac34c/logs/buy30727_lane_cc_main_2024_51.log
[buy30727] 2026-06-05T21:51:02.797Z spawned CC-MAIN-2024-46 pid=3204972 baseline_merchants=92 log=/paperclip/instances/default/workspaces/3ec8f6dd-1735-4479-9825-a2c42edac34c/logs/buy30727_lane_cc_main_2024_46.log
[buy30727] 2026-06-05T21:51:04.322Z spawned CC-MAIN-2024-42 pid=3205099 baseline_merchants=91 log=/paperclip/instances/default/workspaces/3ec8f6dd-1735-4479-9825-a2c42edac34c/logs/buy30727_lane_cc_main_2024_42.log
[buy30727] 2026-06-05T21:51:05.844Z spawned CC-MAIN-2024-38 pid=3205153 baseline_merchants=36 log=/paperclip/instances/default/workspaces/3ec8f6dd-1735-4479-9825-a2c42edac34c/logs/buy30727_lane_cc_main_2024_38.log
[buy30727] 2026-06-05T21:51:07.354Z spawned CC-MAIN-2024-33 pid=3205192 baseline_merchants=88 log=/paperclip/instances/default/workspaces/3ec8f6dd-1735-4479-9825-a2c42edac34c/logs/buy30727_lane_cc_main_2024_33.log
[buy30727] 2026-06-05T21:51:38.927Z worker CC-MAIN-2024-51 pid=3204892 saturated#193(elapsed=38s new_merchants=0 remaining=1545 cooldown=240m)
[buy30727] 2026-06-05T21:51:38.981Z worker CC-MAIN-2024-46 pid=3204972 saturated#193(elapsed=36s new_merchants=0 remaining=1592 cooldown=240m)
[buy30727] 2026-06-05T21:51:39.034Z worker CC-MAIN-2024-42 pid=3205099 saturated#193(elapsed=35s new_merchants=0 remaining=1420 cooldown=240m)
[buy30727] 2026-06-05T21:51:39.042Z worker CC-MAIN-2024-38 pid=3205153 saturated#193(elapsed=33s new_merchants=0 remaining=581 cooldown=240m)
[buy30727] 2026-06-05T21:51:39.058Z worker CC-MAIN-2024-33 pid=3205192 saturated#193(elapsed=32s new_merchants=0 remaining=508 cooldown=240m)
[buy30727] 2026-06-05T21:51:39.071Z spawned CC-MAIN-2024-30 pid=3207191 baseline_merchants=17 log=/paperclip/instances/default/workspaces/3ec8f6dd-1735-4479-9825-a2c42edac34c/logs/buy30727_lane_cc_main_2024_30.log
[buy30727] 2026-06-05T21:51:40.584Z spawned CC-MAIN-2024-26 pid=3207395 baseline_merchants=7 log=/paperclip/instances/default/workspaces/3ec8f6dd-1735-4479-9825-a2c42edac34c/logs/buy30727_lane_cc_main_2024_26.log
[buy30727] 2026-06-05T21:51:42.097Z spawned CC-MAIN-2024-22 pid=3207419 baseline_merchants=13 log=/paperclip/instances/default/workspaces/3ec8f6dd-1735-4479-9825-a2c42edac34c/logs/buy30727_lane_cc_main_2024_22.log
[buy30727] 2026-06-05T21:51:43.623Z spawned CC-MAIN-2024-18 pid=3207468 baseline_merchants=62 log=/paperclip/instances/default/workspaces/3ec8f6dd-1735-4479-9825-a2c42edac34c/logs/buy30727_lane_cc_main_2024_18.log
[buy30727] 2026-06-05T21:51:45.147Z spawned CC-MAIN-2024-10 pid=3207515 baseline_merchants=4 log=/paperclip/instances/default/workspaces/3ec8f6dd-1735-4479-9825-a2c42edac34c/logs/buy30727_lane_cc_main_2024_10.log
[buy30727] 2026-06-05T21:52:16.685Z worker CC-MAIN-2024-30 pid=3207191 saturated#193(elapsed=38s new_merchants=0 remaining=424 cooldown=240m)
[buy30727] 2026-06-05T21:52:16.697Z worker CC-MAIN-2024-26 pid=3207395 saturated#193(elapsed=36s new_merchants=0 remaining=401 cooldown=240m)
[buy30727] 2026-06-05T21:52:16.731Z worker CC-MAIN-2024-22 pid=3207419 saturated#193(elapsed=35s new_merchants=0 remaining=868 cooldown=240m)
[buy30727] 2026-06-05T21:52:16.769Z worker CC-MAIN-2024-18 pid=3207468 saturated#193(elapsed=33s new_merchants=0 remaining=1033 cooldown=240m)
[buy30727] 2026-06-05T21:52:16.796Z worker CC-MAIN-2024-10 pid=3207515 saturated#193(elapsed=32s new_merchants=0 remaining=794 cooldown=240m)
[buy30727] 2026-06-05T21:52:16.801Z spawned CC-MAIN-2023-50 pid=3209620 baseline_merchants=4 log=/paperclip/instances/default/workspaces/3ec8f6dd-1735-4479-9825-a2c42edac34c/logs/buy30727_lane_cc_main_2023_50.log
[buy30727] 2026-06-05T21:52:18.311Z spawned CC-MAIN-2023-14 pid=3209810 baseline_merchants=53 log=/paperclip/instances/default/workspaces/3ec8f6dd-1735-4479-9825-a2c42edac34c/logs/buy30727_lane_cc_main_2023_14.log
[buy30727] 2026-06-05T21:52:19.818Z spawned CC-MAIN-2023-06 pid=3209939 baseline_merchants=45 log=/paperclip/instances/default/workspaces/3ec8f6dd-1735-4479-9825-a2c42edac34c/logs/buy30727_lane_cc_main_2023_06.log
[buy30727] 2026-06-05T21:52:21.329Z spawned CC-MAIN-2022-49 pid=3210071 baseline_merchants=5 log=/paperclip/instances/default/workspaces/3ec8f6dd-1735-4479-9825-a2c42edac34c/logs/buy30727_lane_cc_main_2022_49.log
[buy30727] 2026-06-05T21:52:22.842Z spawned CC-MAIN-2022-40 pid=3210226 baseline_merchants=3 log=/paperclip/instances/default/workspaces/3ec8f6dd-1735-4479-9825-a2c42edac34c/logs/buy30727_lane_cc_main_2022_40.log
[buy30727] 2026-06-05T21:52:54.385Z worker CC-MAIN-2023-50 pid=3209620 saturated#193(elapsed=38s new_merchants=0 remaining=378 cooldown=240m)
[buy30727] 2026-06-05T21:52:54.394Z worker CC-MAIN-2023-14 pid=3209810 saturated#193(elapsed=36s new_merchants=0 remaining=248 cooldown=240m)
[buy30727] 2026-06-05T21:52:54.405Z worker CC-MAIN-2023-06 pid=3209939 saturated#193(elapsed=35s new_merchants=0 remaining=318 cooldown=240m)
[buy30727] 2026-06-05T21:52:54.422Z worker CC-MAIN-2022-49 pid=3210071 saturated#193(elapsed=33s new_merchants=0 remaining=323 cooldown=240m)
[buy30727] 2026-06-05T21:52:54.430Z worker CC-MAIN-2022-40 pid=3210226 saturated#193(elapsed=32s new_merchants=0 remaining=295 cooldown=240m)
[buy30727] 2026-06-05T21:52:54.439Z spawned CC-MAIN-2026-21 pid=3212541 baseline_merchants=853 log=/paperclip/instances/default/workspaces/3ec8f6dd-1735-4479-9825-a2c42edac34c/logs/buy30727_lane_cc_main_2026_21.log
[buy30727] 2026-06-05T21:52:55.954Z spawned CC-MAIN-2026-17 pid=3212563 baseline_merchants=7 log=/paperclip/instances/default/workspaces/3ec8f6dd-1735-4479-9825-a2c42edac34c/logs/buy30727_lane_cc_main_2026_17.log
[buy30727] 2026-06-05T21:52:57.504Z spawned CC-MAIN-2025-18 pid=3212702 baseline_merchants=72 log=/paperclip/instances/default/workspaces/3ec8f6dd-1735-4479-9825-a2c42edac34c/logs/buy30727_lane_cc_main_2025_18.log
[buy30727] 2026-06-05T21:52:59.033Z spawned CC-MAIN-2025-05 pid=3212730 baseline_merchants=7 log=/paperclip/instances/default/workspaces/3ec8f6dd-1735-4479-9825-a2c42edac34c/logs/buy30727_lane_cc_main_2025_05.log
[buy30727] 2026-06-05T21:53:00.547Z spawned CC-MAIN-2025-47 pid=3212778 baseline_merchants=1421 log=/paperclip/instances/default/workspaces/3ec8f6dd-1735-4479-9825-a2c42edac34c/logs/buy30727_lane_cc_main_2025_47.log
[buy30727] 2026-06-05T21:53:32.077Z worker CC-MAIN-2026-21 pid=3212541 saturated#193(elapsed=38s new_merchants=0 remaining=862 cooldown=240m)
[buy30727] 2026-06-05T21:53:32.085Z worker CC-MAIN-2026-17 pid=3212563 saturated#194(elapsed=36s new_merchants=0 remaining=3255 cooldown=240m)
[buy30727] 2026-06-05T21:53:32.100Z worker CC-MAIN-2025-18 pid=3212702 saturated#194(elapsed=35s new_merchants=0 remaining=2382 cooldown=240m)
[buy30727] 2026-06-05T21:53:32.102Z worker CC-MAIN-2025-05 pid=3212730 saturated#194(elapsed=33s new_merchants=0 remaining=625 cooldown=240m)
[buy30727] 2026-06-05T21:53:32.116Z worker CC-MAIN-2025-47 pid=3212778 saturated#194(elapsed=32s new_merchants=0 remaining=2294 cooldown=240m)
[buy30727] 2026-06-05T21:53:32.119Z spawned CC-MAIN-2025-51 pid=3213606 baseline_merchants=236 log=/paperclip/instances/default/workspaces/3ec8f6dd-1735-4479-9825-a2c42edac34c/logs/buy30727_lane_cc_main_2025_51.log
[buy30727] 2026-06-05T21:53:33.638Z spawned CC-MAIN-2025-43 pid=3213643 baseline_merchants=88 log=/paperclip/instances/default/workspaces/3ec8f6dd-1735-4479-9825-a2c42edac34c/logs/buy30727_lane_cc_main_2025_43.log
[buy30727] 2026-06-05T21:53:35.156Z spawned CC-MAIN-2025-38 pid=3213667 baseline_merchants=28 log=/paperclip/instances/default/workspaces/3ec8f6dd-1735-4479-9825-a2c42edac34c/logs/buy30727_lane_cc_main_2025_38.log
[buy30727] 2026-06-05T21:53:36.673Z spawned CC-MAIN-2025-33 pid=3213691 baseline_merchants=13 log=/paperclip/instances/default/workspaces/3ec8f6dd-1735-4479-9825-a2c42edac34c/logs/buy30727_lane_cc_main_2025_33.log
[buy30727] 2026-06-05T21:53:38.192Z spawned CC-MAIN-2025-30 pid=3213798 baseline_merchants=136 log=/paperclip/instances/default/workspaces/3ec8f6dd-1735-4479-9825-a2c42edac34c/logs/buy30727_lane_cc_main_2025_30.log
[buy30727] 2026-06-05T21:54:09.750Z worker CC-MAIN-2025-51 pid=3213606 saturated#194(elapsed=38s new_merchants=0 remaining=2895 cooldown=240m)
[buy30727] 2026-06-05T21:54:09.762Z worker CC-MAIN-2025-43 pid=3213643 saturated#194(elapsed=36s new_merchants=0 remaining=1897 cooldown=240m)
[buy30727] 2026-06-05T21:54:09.784Z worker CC-MAIN-2025-38 pid=3213667 saturated#194(elapsed=35s new_merchants=0 remaining=1980 cooldown=240m)
[buy30727] 2026-06-05T21:54:09.808Z worker CC-MAIN-2025-33 pid=3213691 saturated#194(elapsed=33s new_merchants=0 remaining=2151 cooldown=240m)
[buy30727] 2026-06-05T21:54:09.829Z worker CC-MAIN-2025-30 pid=3213798 saturated#194(elapsed=32s new_merchants=0 remaining=2171 cooldown=240m)
[buy30727] 2026-06-05T21:54:09.832Z spawned CC-MAIN-2025-26 pid=3214629 baseline_merchants=18 log=/paperclip/instances/default/workspaces/3ec8f6dd-1735-4479-9825-a2c42edac34c/logs/buy30727_lane_cc_main_2025_26.log
[buy30727] 2026-06-05T21:54:11.342Z spawned CC-MAIN-2025-08 pid=3214652 baseline_merchants=7 log=/paperclip/instances/default/workspaces/3ec8f6dd-1735-4479-9825-a2c42edac34c/logs/buy30727_lane_cc_main_2025_08.log
[buy30727] 2026-06-05T21:54:12.854Z spawned CC-MAIN-2024-51 pid=3214678 baseline_merchants=427 log=/paperclip/instances/default/workspaces/3ec8f6dd-1735-4479-9825-a2c42edac34c/logs/buy30727_lane_cc_main_2024_51.log
[buy30727] 2026-06-05T21:54:14.371Z spawned CC-MAIN-2024-46 pid=3214705 baseline_merchants=92 log=/paperclip/instances/default/workspaces/3ec8f6dd-1735-4479-9825-a2c42edac34c/logs/buy30727_lane_cc_main_2024_46.log
[buy30727] 2026-06-05T21:54:15.895Z spawned CC-MAIN-2024-42 pid=3214846 baseline_merchants=91 log=/paperclip/instances/default/workspaces/3ec8f6dd-1735-4479-9825-a2c42edac34c/logs/buy30727_lane_cc_main_2024_42.log
[buy30727] 2026-06-05T21:54:47.444Z worker CC-MAIN-2025-26 pid=3214629 saturated#194(elapsed=38s new_merchants=0 remaining=744 cooldown=240m)
[buy30727] 2026-06-05T21:54:47.451Z worker CC-MAIN-2025-08 pid=3214652 saturated#194(elapsed=36s new_merchants=0 remaining=695 cooldown=240m)
[buy30727] 2026-06-05T21:54:47.469Z worker CC-MAIN-2024-51 pid=3214678 saturated#194(elapsed=35s new_merchants=0 remaining=1545 cooldown=240m)
[buy30727] 2026-06-05T21:54:47.493Z worker CC-MAIN-2024-46 pid=3214705 saturated#194(elapsed=33s new_merchants=0 remaining=1592 cooldown=240m)
[buy30727] 2026-06-05T21:54:47.520Z worker CC-MAIN-2024-42 pid=3214846 saturated#194(elapsed=32s new_merchants=0 remaining=1420 cooldown=240m)
[buy30727] 2026-06-05T21:54:47.524Z spawned CC-MAIN-2024-38 pid=3215620 baseline_merchants=36 log=/paperclip/instances/default/workspaces/3ec8f6dd-1735-4479-9825-a2c42edac34c/logs/buy30727_lane_cc_main_2024_38.log
[buy30727] 2026-06-05T21:54:49.032Z spawned CC-MAIN-2024-33 pid=3215646 baseline_merchants=88 log=/paperclip/instances/default/workspaces/3ec8f6dd-1735-4479-9825-a2c42edac34c/logs/buy30727_lane_cc_main_2024_33.log
[buy30727] 2026-06-05T21:54:50.543Z spawned CC-MAIN-2024-30 pid=3215684 baseline_merchants=17 log=/paperclip/instances/default/workspaces/3ec8f6dd-1735-4479-9825-a2c42edac34c/logs/buy30727_lane_cc_main_2024_30.log
[buy30727] 2026-06-05T21:54:52.050Z spawned CC-MAIN-2024-26 pid=3215713 baseline_merchants=7 log=/paperclip/instances/default/workspaces/3ec8f6dd-1735-4479-9825-a2c42edac34c/logs/buy30727_lane_cc_main_2024_26.log
[buy30727] 2026-06-05T21:54:53.560Z spawned CC-MAIN-2024-22 pid=3215764 baseline_merchants=13 log=/paperclip/instances/default/workspaces/3ec8f6dd-1735-4479-9825-a2c42edac34c/logs/buy30727_lane_cc_main_2024_22.log
[buy30727] 2026-06-05T21:55:25.113Z worker CC-MAIN-2024-38 pid=3215620 saturated#194(elapsed=38s new_merchants=0 remaining=581 cooldown=240m)
[buy30727] 2026-06-05T21:55:25.121Z worker CC-MAIN-2024-33 pid=3215646 saturated#194(elapsed=36s new_merchants=0 remaining=508 cooldown=240m)
[buy30727] 2026-06-05T21:55:25.127Z worker CC-MAIN-2024-30 pid=3215684 saturated#194(elapsed=35s new_merchants=0 remaining=424 cooldown=240m)
[buy30727] 2026-06-05T21:55:25.134Z worker CC-MAIN-2024-26 pid=3215713 saturated#194(elapsed=33s new_merchants=0 remaining=401 cooldown=240m)
[buy30727] 2026-06-05T21:55:25.155Z worker CC-MAIN-2024-22 pid=3215764 saturated#194(elapsed=32s new_merchants=0 remaining=868 cooldown=240m)
[buy30727] 2026-06-05T21:55:25.159Z spawned CC-MAIN-2024-18 pid=3216793 baseline_merchants=62 log=/paperclip/instances/default/workspaces/3ec8f6dd-1735-4479-9825-a2c42edac34c/logs/buy30727_lane_cc_main_2024_18.log
[buy30727] 2026-06-05T21:55:26.696Z spawned CC-MAIN-2024-10 pid=3216818 baseline_merchants=4 log=/paperclip/instances/default/workspaces/3ec8f6dd-1735-4479-9825-a2c42edac34c/logs/buy30727_lane_cc_main_2024_10.log
[buy30727] 2026-06-05T21:55:28.210Z spawned CC-MAIN-2023-50 pid=3216845 baseline_merchants=4 log=/paperclip/instances/default/workspaces/3ec8f6dd-1735-4479-9825-a2c42edac34c/logs/buy30727_lane_cc_main_2023_50.log
[buy30727] 2026-06-05T21:55:29.718Z spawned CC-MAIN-2023-14 pid=3216878 baseline_merchants=53 log=/paperclip/instances/default/workspaces/3ec8f6dd-1735-4479-9825-a2c42edac34c/logs/buy30727_lane_cc_main_2023_14.log
[buy30727] 2026-06-05T21:55:31.226Z spawned CC-MAIN-2023-06 pid=3216904 baseline_merchants=45 log=/paperclip/instances/default/workspaces/3ec8f6dd-1735-4479-9825-a2c42edac34c/logs/buy30727_lane_cc_main_2023_06.log
[buy30727] 2026-06-05T21:56:02.779Z worker CC-MAIN-2024-18 pid=3216793 saturated#194(elapsed=38s new_merchants=0 remaining=1033 cooldown=240m)
[buy30727] 2026-06-05T21:56:02.787Z worker CC-MAIN-2024-10 pid=3216818 saturated#194(elapsed=36s new_merchants=0 remaining=794 cooldown=240m)
[buy30727] 2026-06-05T21:56:02.793Z worker CC-MAIN-2023-50 pid=3216845 saturated#194(elapsed=35s new_merchants=0 remaining=378 cooldown=240m)
[buy30727] 2026-06-05T21:56:02.795Z worker CC-MAIN-2023-14 pid=3216878 saturated#194(elapsed=33s new_merchants=0 remaining=248 cooldown=240m)
[buy30727] 2026-06-05T21:56:02.801Z worker CC-MAIN-2023-06 pid=3216904 saturated#194(elapsed=32s new_merchants=0 remaining=318 cooldown=240m)
[buy30727] 2026-06-05T21:56:02.804Z spawned CC-MAIN-2022-49 pid=3218905 baseline_merchants=5 log=/paperclip/instances/default/workspaces/3ec8f6dd-1735-4479-9825-a2c42edac34c/logs/buy30727_lane_cc_main_2022_49.log
[buy30727] 2026-06-05T21:56:04.314Z spawned CC-MAIN-2022-40 pid=3218964 baseline_merchants=3 log=/paperclip/instances/default/workspaces/3ec8f6dd-1735-4479-9825-a2c42edac34c/logs/buy30727_lane_cc_main_2022_40.log
[buy30727] 2026-06-05T21:56:05.826Z spawned CC-MAIN-2026-21 pid=3219009 baseline_merchants=853 log=/paperclip/instances/default/workspaces/3ec8f6dd-1735-4479-9825-a2c42edac34c/logs/buy30727_lane_cc_main_2026_21.log
[buy30727] 2026-06-05T21:56:07.336Z spawned CC-MAIN-2026-17 pid=3219104 baseline_merchants=7 log=/paperclip/instances/default/workspaces/3ec8f6dd-1735-4479-9825-a2c42edac34c/logs/buy30727_lane_cc_main_2026_17.log
[buy30727] 2026-06-05T21:56:08.857Z spawned CC-MAIN-2025-18 pid=3219179 baseline_merchants=72 log=/paperclip/instances/default/workspaces/3ec8f6dd-1735-4479-9825-a2c42edac34c/logs/buy30727_lane_cc_main_2025_18.log
[buy30727] 2026-06-05T21:56:10.406Z tick=110 active=5 drained=20 saturated=27 known_merchants=15747 status=[CC-MAIN-2022-49:323/15977, CC-MAIN-2022-40:295/15515, CC-MAIN-2026-21:862/10577, CC-MAIN-2026-17:3255/37593, CC-MAIN-2025-18:2382/46657]
[buy30727] 2026-06-05T21:56:40.430Z worker CC-MAIN-2022-49 pid=3218905 saturated#194(elapsed=38s new_merchants=0 remaining=323 cooldown=240m)
[buy30727] 2026-06-05T21:56:40.433Z worker CC-MAIN-2022-40 pid=3218964 saturated#194(elapsed=36s new_merchants=0 remaining=295 cooldown=240m)
[buy30727] 2026-06-05T21:56:40.438Z worker CC-MAIN-2026-21 pid=3219009 saturated#194(elapsed=35s new_merchants=0 remaining=862 cooldown=240m)
[buy30727] 2026-06-05T21:56:40.451Z worker CC-MAIN-2026-17 pid=3219104 saturated#195(elapsed=33s new_merchants=0 remaining=3255 cooldown=240m)
[buy30727] 2026-06-05T21:56:40.470Z worker CC-MAIN-2025-18 pid=3219179 saturated#195(elapsed=32s new_merchants=0 remaining=2382 cooldown=240m)
[buy30727] 2026-06-05T21:56:40.474Z spawned CC-MAIN-2025-05 pid=3220922 baseline_merchants=7 log=/paperclip/instances/default/workspaces/3ec8f6dd-1735-4479-9825-a2c42edac34c/logs/buy30727_lane_cc_main_2025_05.log
[buy30727] 2026-06-05T21:56:41.981Z spawned CC-MAIN-2025-47 pid=3221032 baseline_merchants=1421 log=/paperclip/instances/default/workspaces/3ec8f6dd-1735-4479-9825-a2c42edac34c/logs/buy30727_lane_cc_main_2025_47.log
[buy30727] 2026-06-05T21:56:43.511Z spawned CC-MAIN-2025-51 pid=3221138 baseline_merchants=236 log=/paperclip/instances/default/workspaces/3ec8f6dd-1735-4479-9825-a2c42edac34c/logs/buy30727_lane_cc_main_2025_51.log
[buy30727] 2026-06-05T21:56:45.034Z spawned CC-MAIN-2025-43 pid=3221243 baseline_merchants=88 log=/paperclip/instances/default/workspaces/3ec8f6dd-1735-4479-9825-a2c42edac34c/logs/buy30727_lane_cc_main_2025_43.log
[buy30727] 2026-06-05T21:56:46.551Z spawned CC-MAIN-2025-38 pid=3221413 baseline_merchants=28 log=/paperclip/instances/default/workspaces/3ec8f6dd-1735-4479-9825-a2c42edac34c/logs/buy30727_lane_cc_main_2025_38.log
[buy30727] 2026-06-05T21:57:18.074Z worker CC-MAIN-2025-05 pid=3220922 saturated#195(elapsed=38s new_merchants=0 remaining=625 cooldown=240m)
[buy30727] 2026-06-05T21:57:18.088Z worker CC-MAIN-2025-47 pid=3221032 saturated#195(elapsed=36s new_merchants=0 remaining=2294 cooldown=240m)
[buy30727] 2026-06-05T21:57:18.105Z worker CC-MAIN-2025-51 pid=3221138 saturated#195(elapsed=35s new_merchants=0 remaining=2895 cooldown=240m)
[buy30727] 2026-06-05T21:57:18.119Z worker CC-MAIN-2025-43 pid=3221243 saturated#195(elapsed=33s new_merchants=0 remaining=1897 cooldown=240m)
[buy30727] 2026-06-05T21:57:18.130Z worker CC-MAIN-2025-38 pid=3221413 saturated#195(elapsed=32s new_merchants=0 remaining=1980 cooldown=240m)
[buy30727] 2026-06-05T21:57:18.134Z spawned CC-MAIN-2025-33 pid=3223353 baseline_merchants=13 log=/paperclip/instances/default/workspaces/3ec8f6dd-1735-4479-9825-a2c42edac34c/logs/buy30727_lane_cc_main_2025_33.log
[buy30727] 2026-06-05T21:57:19.651Z spawned CC-MAIN-2025-30 pid=3223381 baseline_merchants=136 log=/paperclip/instances/default/workspaces/3ec8f6dd-1735-4479-9825-a2c42edac34c/logs/buy30727_lane_cc_main_2025_30.log
[buy30727] 2026-06-05T21:57:21.169Z spawned CC-MAIN-2025-26 pid=3223404 baseline_merchants=18 log=/paperclip/instances/default/workspaces/3ec8f6dd-1735-4479-9825-a2c42edac34c/logs/buy30727_lane_cc_main_2025_26.log
[buy30727] 2026-06-05T21:57:22.680Z spawned CC-MAIN-2025-08 pid=3223429 baseline_merchants=7 log=/paperclip/instances/default/workspaces/3ec8f6dd-1735-4479-9825-a2c42edac34c/logs/buy30727_lane_cc_main_2025_08.log
[buy30727] 2026-06-05T21:57:24.189Z spawned CC-MAIN-2024-51 pid=3223490 baseline_merchants=427 log=/paperclip/instances/default/workspaces/3ec8f6dd-1735-4479-9825-a2c42edac34c/logs/buy30727_lane_cc_main_2024_51.log
[buy30727] 2026-06-05T21:57:55.757Z worker CC-MAIN-2025-33 pid=3223353 saturated#195(elapsed=38s new_merchants=0 remaining=2151 cooldown=240m)
[buy30727] 2026-06-05T21:57:55.772Z worker CC-MAIN-2025-30 pid=3223381 saturated#195(elapsed=36s new_merchants=0 remaining=2171 cooldown=240m)
[buy30727] 2026-06-05T21:57:55.778Z worker CC-MAIN-2025-26 pid=3223404 saturated#195(elapsed=35s new_merchants=0 remaining=744 cooldown=240m)
[buy30727] 2026-06-05T21:57:55.784Z worker CC-MAIN-2025-08 pid=3223429 saturated#195(elapsed=33s new_merchants=0 remaining=695 cooldown=240m)
[buy30727] 2026-06-05T21:57:55.802Z worker CC-MAIN-2024-51 pid=3223490 saturated#195(elapsed=32s new_merchants=0 remaining=1545 cooldown=240m)
[buy30727] 2026-06-05T21:57:55.806Z spawned CC-MAIN-2024-46 pid=3224237 baseline_merchants=92 log=/paperclip/instances/default/workspaces/3ec8f6dd-1735-4479-9825-a2c42edac34c/logs/buy30727_lane_cc_main_2024_46.log
[buy30727] 2026-06-05T21:57:57.346Z spawned CC-MAIN-2024-42 pid=3224280 baseline_merchants=91 log=/paperclip/instances/default/workspaces/3ec8f6dd-1735-4479-9825-a2c42edac34c/logs/buy30727_lane_cc_main_2024_42.log
[buy30727] 2026-06-05T21:57:58.867Z spawned CC-MAIN-2024-38 pid=3224307 baseline_merchants=36 log=/paperclip/instances/default/workspaces/3ec8f6dd-1735-4479-9825-a2c42edac34c/logs/buy30727_lane_cc_main_2024_38.log
[buy30727] 2026-06-05T21:58:00.378Z spawned CC-MAIN-2024-33 pid=3224335 baseline_merchants=88 log=/paperclip/instances/default/workspaces/3ec8f6dd-1735-4479-9825-a2c42edac34c/logs/buy30727_lane_cc_main_2024_33.log
[buy30727] 2026-06-05T21:58:01.891Z spawned CC-MAIN-2024-30 pid=3224442 baseline_merchants=17 log=/paperclip/instances/default/workspaces/3ec8f6dd-1735-4479-9825-a2c42edac34c/logs/buy30727_lane_cc_main_2024_30.log
[buy30727] 2026-06-05T21:58:33.462Z worker CC-MAIN-2024-46 pid=3224237 saturated#195(elapsed=38s new_merchants=0 remaining=1592 cooldown=240m)
[buy30727] 2026-06-05T21:58:33.489Z worker CC-MAIN-2024-42 pid=3224280 saturated#195(elapsed=36s new_merchants=0 remaining=1420 cooldown=240m)
[buy30727] 2026-06-05T21:58:33.496Z worker CC-MAIN-2024-38 pid=3224307 saturated#195(elapsed=35s new_merchants=0 remaining=581 cooldown=240m)
[buy30727] 2026-06-05T21:58:33.502Z worker CC-MAIN-2024-33 pid=3224335 saturated#195(elapsed=33s new_merchants=0 remaining=508 cooldown=240m)
[buy30727] 2026-06-05T21:58:33.510Z worker CC-MAIN-2024-30 pid=3224442 saturated#195(elapsed=32s new_merchants=0 remaining=424 cooldown=240m)
[buy30727] 2026-06-05T21:58:33.513Z spawned CC-MAIN-2024-26 pid=3225256 baseline_merchants=7 log=/paperclip/instances/default/workspaces/3ec8f6dd-1735-4479-9825-a2c42edac34c/logs/buy30727_lane_cc_main_2024_26.log
[buy30727] 2026-06-05T21:58:35.021Z spawned CC-MAIN-2024-22 pid=3225282 baseline_merchants=13 log=/paperclip/instances/default/workspaces/3ec8f6dd-1735-4479-9825-a2c42edac34c/logs/buy30727_lane_cc_main_2024_22.log
[buy30727] 2026-06-05T21:58:36.540Z spawned CC-MAIN-2024-18 pid=3225310 baseline_merchants=62 log=/paperclip/instances/default/workspaces/3ec8f6dd-1735-4479-9825-a2c42edac34c/logs/buy30727_lane_cc_main_2024_18.log
[buy30727] 2026-06-05T21:58:38.066Z spawned CC-MAIN-2024-10 pid=3225332 baseline_merchants=4 log=/paperclip/instances/default/workspaces/3ec8f6dd-1735-4479-9825-a2c42edac34c/logs/buy30727_lane_cc_main_2024_10.log
[buy30727] 2026-06-05T21:58:39.579Z spawned CC-MAIN-2023-50 pid=3225358 baseline_merchants=4 log=/paperclip/instances/default/workspaces/3ec8f6dd-1735-4479-9825-a2c42edac34c/logs/buy30727_lane_cc_main_2023_50.log
[buy30727] 2026-06-05T21:59:11.096Z worker CC-MAIN-2024-26 pid=3225256 saturated#195(elapsed=38s new_merchants=0 remaining=401 cooldown=240m)
[buy30727] 2026-06-05T21:59:11.112Z worker CC-MAIN-2024-22 pid=3225282 saturated#195(elapsed=36s new_merchants=0 remaining=868 cooldown=240m)
[buy30727] 2026-06-05T21:59:11.138Z worker CC-MAIN-2024-18 pid=3225310 saturated#195(elapsed=35s new_merchants=0 remaining=1033 cooldown=240m)
[buy30727] 2026-06-05T21:59:11.152Z worker CC-MAIN-2024-10 pid=3225332 saturated#195(elapsed=33s new_merchants=0 remaining=794 cooldown=240m)
[buy30727] 2026-06-05T21:59:11.160Z worker CC-MAIN-2023-50 pid=3225358 saturated#195(elapsed=32s new_merchants=0 remaining=378 cooldown=240m)
[buy30727] 2026-06-05T21:59:11.163Z spawned CC-MAIN-2023-14 pid=3226250 baseline_merchants=53 log=/paperclip/instances/default/workspaces/3ec8f6dd-1735-4479-9825-a2c42edac34c/logs/buy30727_lane_cc_main_2023_14.log
[buy30727] 2026-06-05T21:59:12.671Z spawned CC-MAIN-2023-06 pid=3226277 baseline_merchants=45 log=/paperclip/instances/default/workspaces/3ec8f6dd-1735-4479-9825-a2c42edac34c/logs/buy30727_lane_cc_main_2023_06.log
[buy30727] 2026-06-05T21:59:14.181Z spawned CC-MAIN-2022-49 pid=3226314 baseline_merchants=5 log=/paperclip/instances/default/workspaces/3ec8f6dd-1735-4479-9825-a2c42edac34c/logs/buy30727_lane_cc_main_2022_49.log
[buy30727] 2026-06-05T21:59:15.691Z spawned CC-MAIN-2022-40 pid=3226341 baseline_merchants=3 log=/paperclip/instances/default/workspaces/3ec8f6dd-1735-4479-9825-a2c42edac34c/logs/buy30727_lane_cc_main_2022_40.log
[buy30727] 2026-06-05T21:59:17.202Z spawned CC-MAIN-2026-21 pid=3226388 baseline_merchants=853 log=/paperclip/instances/default/workspaces/3ec8f6dd-1735-4479-9825-a2c42edac34c/logs/buy30727_lane_cc_main_2026_21.log
[buy30727] 2026-06-05T21:59:48.739Z worker CC-MAIN-2023-14 pid=3226250 saturated#195(elapsed=38s new_merchants=0 remaining=248 cooldown=240m)
[buy30727] 2026-06-05T21:59:48.744Z worker CC-MAIN-2023-06 pid=3226277 saturated#195(elapsed=36s new_merchants=0 remaining=318 cooldown=240m)
[buy30727] 2026-06-05T21:59:48.748Z worker CC-MAIN-2022-49 pid=3226314 saturated#195(elapsed=35s new_merchants=0 remaining=323 cooldown=240m)
[buy30727] 2026-06-05T21:59:48.752Z worker CC-MAIN-2022-40 pid=3226341 saturated#195(elapsed=33s new_merchants=0 remaining=295 cooldown=240m)
[buy30727] 2026-06-05T21:59:48.755Z worker CC-MAIN-2026-21 pid=3226388 saturated#195(elapsed=32s new_merchants=0 remaining=862 cooldown=240m)
[buy30727] 2026-06-05T21:59:48.758Z spawned CC-MAIN-2026-17 pid=3226997 baseline_merchants=7 log=/paperclip/instances/default/workspaces/3ec8f6dd-1735-4479-9825-a2c42edac34c/logs/buy30727_lane_cc_main_2026_17.log
[buy30727] 2026-06-05T21:59:50.278Z spawned CC-MAIN-2025-18 pid=3227024 baseline_merchants=72 log=/paperclip/instances/default/workspaces/3ec8f6dd-1735-4479-9825-a2c42edac34c/logs/buy30727_lane_cc_main_2025_18.log
[buy30727] 2026-06-05T21:59:51.804Z spawned CC-MAIN-2025-05 pid=3227063 baseline_merchants=7 log=/paperclip/instances/default/workspaces/3ec8f6dd-1735-4479-9825-a2c42edac34c/logs/buy30727_lane_cc_main_2025_05.log
[buy30727] 2026-06-05T21:59:53.312Z spawned CC-MAIN-2025-47 pid=3227086 baseline_merchants=1421 log=/paperclip/instances/default/workspaces/3ec8f6dd-1735-4479-9825-a2c42edac34c/logs/buy30727_lane_cc_main_2025_47.log
[buy30727] 2026-06-05T21:59:54.839Z spawned CC-MAIN-2025-51 pid=3227111 baseline_merchants=236 log=/paperclip/instances/default/workspaces/3ec8f6dd-1735-4479-9825-a2c42edac34c/logs/buy30727_lane_cc_main_2025_51.log
[buy30727] 2026-06-05T22:00:26.364Z worker CC-MAIN-2026-17 pid=3226997 saturated#196(elapsed=38s new_merchants=0 remaining=3255 cooldown=240m)
[buy30727] 2026-06-05T22:00:26.383Z worker CC-MAIN-2025-18 pid=3227024 saturated#196(elapsed=36s new_merchants=0 remaining=2382 cooldown=240m)
[buy30727] 2026-06-05T22:00:26.395Z worker CC-MAIN-2025-05 pid=3227063 saturated#196(elapsed=35s new_merchants=0 remaining=625 cooldown=240m)
[buy30727] 2026-06-05T22:00:26.421Z worker CC-MAIN-2025-47 pid=3227086 saturated#196(elapsed=33s new_merchants=0 remaining=2294 cooldown=240m)
[buy30727] 2026-06-05T22:00:26.439Z worker CC-MAIN-2025-51 pid=3227111 saturated#196(elapsed=32s new_merchants=0 remaining=2895 cooldown=240m)
[buy30727] 2026-06-05T22:00:26.443Z spawned CC-MAIN-2025-43 pid=3228158 baseline_merchants=88 log=/paperclip/instances/default/workspaces/3ec8f6dd-1735-4479-9825-a2c42edac34c/logs/buy30727_lane_cc_main_2025_43.log
[buy30727] 2026-06-05T22:00:27.976Z spawned CC-MAIN-2025-38 pid=3228186 baseline_merchants=28 log=/paperclip/instances/default/workspaces/3ec8f6dd-1735-4479-9825-a2c42edac34c/logs/buy30727_lane_cc_main_2025_38.log
[buy30727] 2026-06-05T22:00:29.494Z spawned CC-MAIN-2025-33 pid=3228221 baseline_merchants=13 log=/paperclip/instances/default/workspaces/3ec8f6dd-1735-4479-9825-a2c42edac34c/logs/buy30727_lane_cc_main_2025_33.log
[buy30727] 2026-06-05T22:00:31.018Z spawned CC-MAIN-2025-30 pid=3228247 baseline_merchants=136 log=/paperclip/instances/default/workspaces/3ec8f6dd-1735-4479-9825-a2c42edac34c/logs/buy30727_lane_cc_main_2025_30.log
[buy30727] 2026-06-05T22:00:32.535Z spawned CC-MAIN-2025-26 pid=3228280 baseline_merchants=18 log=/paperclip/instances/default/workspaces/3ec8f6dd-1735-4479-9825-a2c42edac34c/logs/buy30727_lane_cc_main_2025_26.log
[buy30727] 2026-06-05T22:01:04.095Z worker CC-MAIN-2025-43 pid=3228158 saturated#196(elapsed=38s new_merchants=0 remaining=1897 cooldown=240m)
[buy30727] 2026-06-05T22:01:04.118Z worker CC-MAIN-2025-38 pid=3228186 saturated#196(elapsed=36s new_merchants=0 remaining=1980 cooldown=240m)
[buy30727] 2026-06-05T22:01:04.145Z worker CC-MAIN-2025-33 pid=3228221 saturated#196(elapsed=35s new_merchants=0 remaining=2151 cooldown=240m)
[buy30727] 2026-06-05T22:01:04.168Z worker CC-MAIN-2025-30 pid=3228247 saturated#196(elapsed=33s new_merchants=0 remaining=2171 cooldown=240m)
[buy30727] 2026-06-05T22:01:04.172Z worker CC-MAIN-2025-26 pid=3228280 saturated#196(elapsed=32s new_merchants=0 remaining=744 cooldown=240m)
[buy30727] 2026-06-05T22:01:04.176Z spawned CC-MAIN-2025-08 pid=3230654 baseline_merchants=7 log=/paperclip/instances/default/workspaces/3ec8f6dd-1735-4479-9825-a2c42edac34c/logs/buy30727_lane_cc_main_2025_08.log
[buy30727] 2026-06-05T22:01:05.685Z spawned CC-MAIN-2024-51 pid=3230729 baseline_merchants=427 log=/paperclip/instances/default/workspaces/3ec8f6dd-1735-4479-9825-a2c42edac34c/logs/buy30727_lane_cc_main_2024_51.log
[buy30727] 2026-06-05T22:01:07.207Z spawned CC-MAIN-2024-46 pid=3230791 baseline_merchants=92 log=/paperclip/instances/default/workspaces/3ec8f6dd-1735-4479-9825-a2c42edac34c/logs/buy30727_lane_cc_main_2024_46.log
[buy30727] 2026-06-05T22:01:08.733Z spawned CC-MAIN-2024-42 pid=3231084 baseline_merchants=91 log=/paperclip/instances/default/workspaces/3ec8f6dd-1735-4479-9825-a2c42edac34c/logs/buy30727_lane_cc_main_2024_42.log
[buy30727] 2026-06-05T22:01:10.255Z spawned CC-MAIN-2024-38 pid=3231192 baseline_merchants=36 log=/paperclip/instances/default/workspaces/3ec8f6dd-1735-4479-9825-a2c42edac34c/logs/buy30727_lane_cc_main_2024_38.log
[buy30727] 2026-06-05T22:01:41.792Z worker CC-MAIN-2025-08 pid=3230654 saturated#196(elapsed=38s new_merchants=0 remaining=695 cooldown=240m)
[buy30727] 2026-06-05T22:01:41.817Z worker CC-MAIN-2024-51 pid=3230729 saturated#196(elapsed=36s new_merchants=0 remaining=1545 cooldown=240m)
[buy30727] 2026-06-05T22:01:41.846Z worker CC-MAIN-2024-46 pid=3230791 saturated#196(elapsed=35s new_merchants=0 remaining=1592 cooldown=240m)
[buy30727] 2026-06-05T22:01:41.875Z worker CC-MAIN-2024-42 pid=3231084 saturated#196(elapsed=33s new_merchants=0 remaining=1420 cooldown=240m)
[buy30727] 2026-06-05T22:01:41.879Z worker CC-MAIN-2024-38 pid=3231192 saturated#196(elapsed=32s new_merchants=0 remaining=581 cooldown=240m)
[buy30727] 2026-06-05T22:01:41.882Z spawned CC-MAIN-2024-33 pid=3233206 baseline_merchants=88 log=/paperclip/instances/default/workspaces/3ec8f6dd-1735-4479-9825-a2c42edac34c/logs/buy30727_lane_cc_main_2024_33.log
[buy30727] 2026-06-05T22:01:43.391Z spawned CC-MAIN-2024-30 pid=3233299 baseline_merchants=17 log=/paperclip/instances/default/workspaces/3ec8f6dd-1735-4479-9825-a2c42edac34c/logs/buy30727_lane_cc_main_2024_30.log
[buy30727] 2026-06-05T22:01:44.900Z spawned CC-MAIN-2024-26 pid=3233379 baseline_merchants=7 log=/paperclip/instances/default/workspaces/3ec8f6dd-1735-4479-9825-a2c42edac34c/logs/buy30727_lane_cc_main_2024_26.log
[buy30727] 2026-06-05T22:01:46.412Z spawned CC-MAIN-2024-22 pid=3233581 baseline_merchants=13 log=/paperclip/instances/default/workspaces/3ec8f6dd-1735-4479-9825-a2c42edac34c/logs/buy30727_lane_cc_main_2024_22.log
[buy30727] 2026-06-05T22:01:47.941Z spawned CC-MAIN-2024-18 pid=3233676 baseline_merchants=62 log=/paperclip/instances/default/workspaces/3ec8f6dd-1735-4479-9825-a2c42edac34c/logs/buy30727_lane_cc_main_2024_18.log
[buy30727] 2026-06-05T22:02:19.489Z worker CC-MAIN-2024-33 pid=3233206 saturated#196(elapsed=38s new_merchants=0 remaining=508 cooldown=240m)
[buy30727] 2026-06-05T22:02:19.494Z worker CC-MAIN-2024-30 pid=3233299 saturated#196(elapsed=36s new_merchants=0 remaining=424 cooldown=240m)
[buy30727] 2026-06-05T22:02:19.499Z worker CC-MAIN-2024-26 pid=3233379 saturated#196(elapsed=35s new_merchants=0 remaining=401 cooldown=240m)
[buy30727] 2026-06-05T22:02:19.513Z worker CC-MAIN-2024-22 pid=3233581 saturated#196(elapsed=33s new_merchants=0 remaining=868 cooldown=240m)
[buy30727] 2026-06-05T22:02:19.531Z worker CC-MAIN-2024-18 pid=3233676 saturated#196(elapsed=32s new_merchants=0 remaining=1033 cooldown=240m)
[buy30727] 2026-06-05T22:02:19.535Z spawned CC-MAIN-2024-10 pid=3236330 baseline_merchants=4 log=/paperclip/instances/default/workspaces/3ec8f6dd-1735-4479-9825-a2c42edac34c/logs/buy30727_lane_cc_main_2024_10.log
[buy30727] 2026-06-05T22:02:21.054Z spawned CC-MAIN-2023-50 pid=3236465 baseline_merchants=4 log=/paperclip/instances/default/workspaces/3ec8f6dd-1735-4479-9825-a2c42edac34c/logs/buy30727_lane_cc_main_2023_50.log
[buy30727] 2026-06-05T22:02:22.564Z spawned CC-MAIN-2023-14 pid=3236604 baseline_merchants=53 log=/paperclip/instances/default/workspaces/3ec8f6dd-1735-4479-9825-a2c42edac34c/logs/buy30727_lane_cc_main_2023_14.log
[buy30727] 2026-06-05T22:02:24.074Z spawned CC-MAIN-2023-06 pid=3236682 baseline_merchants=45 log=/paperclip/instances/default/workspaces/3ec8f6dd-1735-4479-9825-a2c42edac34c/logs/buy30727_lane_cc_main_2023_06.log
[buy30727] 2026-06-05T22:02:25.584Z spawned CC-MAIN-2022-49 pid=3236882 baseline_merchants=5 log=/paperclip/instances/default/workspaces/3ec8f6dd-1735-4479-9825-a2c42edac34c/logs/buy30727_lane_cc_main_2022_49.log
[buy30727] 2026-06-05T22:02:27.116Z tick=120 active=5 drained=20 saturated=27 known_merchants=15747 status=[CC-MAIN-2024-10:794/32287, CC-MAIN-2023-50:378/14186, CC-MAIN-2023-14:248/11465, CC-MAIN-2023-06:318/15760, CC-MAIN-2022-49:323/15977]
[buy30727] 2026-06-05T22:02:57.165Z worker CC-MAIN-2024-10 pid=3236330 saturated#196(elapsed=38s new_merchants=0 remaining=794 cooldown=240m)
[buy30727] 2026-06-05T22:02:57.170Z worker CC-MAIN-2023-50 pid=3236465 saturated#196(elapsed=36s new_merchants=0 remaining=378 cooldown=240m)
[buy30727] 2026-06-05T22:02:57.176Z worker CC-MAIN-2023-14 pid=3236604 saturated#196(elapsed=35s new_merchants=0 remaining=248 cooldown=240m)
[buy30727] 2026-06-05T22:02:57.185Z worker CC-MAIN-2023-06 pid=3236682 saturated#196(elapsed=33s new_merchants=0 remaining=318 cooldown=240m)
[buy30727] 2026-06-05T22:02:57.195Z worker CC-MAIN-2022-49 pid=3236882 saturated#196(elapsed=32s new_merchants=0 remaining=323 cooldown=240m)
[buy30727] 2026-06-05T22:02:57.199Z spawned CC-MAIN-2022-40 pid=3239381 baseline_merchants=3 log=/paperclip/instances/default/workspaces/3ec8f6dd-1735-4479-9825-a2c42edac34c/logs/buy30727_lane_cc_main_2022_40.log
[buy30727] 2026-06-05T22:02:58.716Z spawned CC-MAIN-2026-21 pid=3239583 baseline_merchants=853 log=/paperclip/instances/default/workspaces/3ec8f6dd-1735-4479-9825-a2c42edac34c/logs/buy30727_lane_cc_main_2026_21.log
[buy30727] 2026-06-05T22:03:00.225Z spawned CC-MAIN-2026-17 pid=3239759 baseline_merchants=7 log=/paperclip/instances/default/workspaces/3ec8f6dd-1735-4479-9825-a2c42edac34c/logs/buy30727_lane_cc_main_2026_17.log
[buy30727] 2026-06-05T22:03:01.744Z spawned CC-MAIN-2025-18 pid=3239822 baseline_merchants=72 log=/paperclip/instances/default/workspaces/3ec8f6dd-1735-4479-9825-a2c42edac34c/logs/buy30727_lane_cc_main_2025_18.log
[buy30727] 2026-06-05T22:03:03.266Z spawned CC-MAIN-2025-05 pid=3239956 baseline_merchants=7 log=/paperclip/instances/default/workspaces/3ec8f6dd-1735-4479-9825-a2c42edac34c/logs/buy30727_lane_cc_main_2025_05.log
[buy30727] 2026-06-05T22:03:34.787Z worker CC-MAIN-2022-40 pid=3239381 saturated#196(elapsed=38s new_merchants=0 remaining=295 cooldown=240m)
[buy30727] 2026-06-05T22:03:34.794Z worker CC-MAIN-2026-21 pid=3239583 saturated#196(elapsed=36s new_merchants=0 remaining=862 cooldown=240m)
[buy30727] 2026-06-05T22:03:34.808Z worker CC-MAIN-2026-17 pid=3239759 saturated#197(elapsed=35s new_merchants=0 remaining=3255 cooldown=240m)
[buy30727] 2026-06-05T22:03:34.830Z worker CC-MAIN-2025-18 pid=3239822 saturated#197(elapsed=33s new_merchants=0 remaining=2382 cooldown=240m)
[buy30727] 2026-06-05T22:03:34.834Z worker CC-MAIN-2025-05 pid=3239956 saturated#197(elapsed=32s new_merchants=0 remaining=625 cooldown=240m)
[buy30727] 2026-06-05T22:03:34.838Z spawned CC-MAIN-2025-47 pid=3259706 baseline_merchants=1421 log=/paperclip/instances/default/workspaces/3ec8f6dd-1735-4479-9825-a2c42edac34c/logs/buy30727_lane_cc_main_2025_47.log
[buy30727] 2026-06-05T22:03:36.375Z spawned CC-MAIN-2025-51 pid=3260093 baseline_merchants=236 log=/paperclip/instances/default/workspaces/3ec8f6dd-1735-4479-9825-a2c42edac34c/logs/buy30727_lane_cc_main_2025_51.log
[buy30727] 2026-06-05T22:03:37.893Z spawned CC-MAIN-2025-43 pid=3260116 baseline_merchants=88 log=/paperclip/instances/default/workspaces/3ec8f6dd-1735-4479-9825-a2c42edac34c/logs/buy30727_lane_cc_main_2025_43.log
[buy30727] 2026-06-05T22:03:39.415Z spawned CC-MAIN-2025-38 pid=3260161 baseline_merchants=28 log=/paperclip/instances/default/workspaces/3ec8f6dd-1735-4479-9825-a2c42edac34c/logs/buy30727_lane_cc_main_2025_38.log
[buy30727] 2026-06-05T22:03:40.940Z spawned CC-MAIN-2025-33 pid=3260293 baseline_merchants=13 log=/paperclip/instances/default/workspaces/3ec8f6dd-1735-4479-9825-a2c42edac34c/logs/buy30727_lane_cc_main_2025_33.log
[buy30727] 2026-06-05T22:04:12.501Z worker CC-MAIN-2025-47 pid=3259706 saturated#197(elapsed=38s new_merchants=0 remaining=2294 cooldown=240m)
[buy30727] 2026-06-05T22:04:12.525Z worker CC-MAIN-2025-51 pid=3260093 saturated#197(elapsed=36s new_merchants=0 remaining=2895 cooldown=240m)
[buy30727] 2026-06-05T22:04:12.549Z worker CC-MAIN-2025-43 pid=3260116 saturated#197(elapsed=35s new_merchants=0 remaining=1897 cooldown=240m)
[buy30727] 2026-06-05T22:04:12.568Z worker CC-MAIN-2025-38 pid=3260161 saturated#197(elapsed=33s new_merchants=0 remaining=1980 cooldown=240m)
[buy30727] 2026-06-05T22:04:12.580Z worker CC-MAIN-2025-33 pid=3260293 saturated#197(elapsed=32s new_merchants=0 remaining=2151 cooldown=240m)
[buy30727] 2026-06-05T22:04:12.584Z spawned CC-MAIN-2025-30 pid=3285769 baseline_merchants=136 log=/paperclip/instances/default/workspaces/3ec8f6dd-1735-4479-9825-a2c42edac34c/logs/buy30727_lane_cc_main_2025_30.log
[buy30727] 2026-06-05T22:04:14.109Z spawned CC-MAIN-2025-26 pid=3287018 baseline_merchants=18 log=/paperclip/instances/default/workspaces/3ec8f6dd-1735-4479-9825-a2c42edac34c/logs/buy30727_lane_cc_main_2025_26.log
[buy30727] 2026-06-05T22:04:15.619Z spawned CC-MAIN-2025-08 pid=3288315 baseline_merchants=7 log=/paperclip/instances/default/workspaces/3ec8f6dd-1735-4479-9825-a2c42edac34c/logs/buy30727_lane_cc_main_2025_08.log
[buy30727] 2026-06-05T22:04:17.128Z spawned CC-MAIN-2024-51 pid=3289500 baseline_merchants=427 log=/paperclip/instances/default/workspaces/3ec8f6dd-1735-4479-9825-a2c42edac34c/logs/buy30727_lane_cc_main_2024_51.log
[buy30727] 2026-06-05T22:04:18.647Z spawned CC-MAIN-2024-46 pid=3290766 baseline_merchants=92 log=/paperclip/instances/default/workspaces/3ec8f6dd-1735-4479-9825-a2c42edac34c/logs/buy30727_lane_cc_main_2024_46.log
[buy30727] 2026-06-05T22:04:50.220Z worker CC-MAIN-2025-30 pid=3285769 saturated#197(elapsed=38s new_merchants=0 remaining=2171 cooldown=240m)
[buy30727] 2026-06-05T22:04:50.227Z worker CC-MAIN-2025-26 pid=3287018 saturated#197(elapsed=36s new_merchants=0 remaining=744 cooldown=240m)
[buy30727] 2026-06-05T22:04:50.233Z worker CC-MAIN-2025-08 pid=3288315 saturated#197(elapsed=35s new_merchants=0 remaining=695 cooldown=240m)
[buy30727] 2026-06-05T22:04:50.250Z worker CC-MAIN-2024-51 pid=3289500 saturated#197(elapsed=33s new_merchants=0 remaining=1545 cooldown=240m)
[buy30727] 2026-06-05T22:04:50.270Z worker CC-MAIN-2024-46 pid=3290766 saturated#197(elapsed=32s new_merchants=0 remaining=1592 cooldown=240m)
[buy30727] 2026-06-05T22:04:50.274Z spawned CC-MAIN-2024-42 pid=3300868 baseline_merchants=91 log=/paperclip/instances/default/workspaces/3ec8f6dd-1735-4479-9825-a2c42edac34c/logs/buy30727_lane_cc_main_2024_42.log
[buy30727] 2026-06-05T22:04:51.800Z spawned CC-MAIN-2024-38 pid=3300894 baseline_merchants=36 log=/paperclip/instances/default/workspaces/3ec8f6dd-1735-4479-9825-a2c42edac34c/logs/buy30727_lane_cc_main_2024_38.log
[buy30727] 2026-06-05T22:04:53.312Z spawned CC-MAIN-2024-33 pid=3301002 baseline_merchants=88 log=/paperclip/instances/default/workspaces/3ec8f6dd-1735-4479-9825-a2c42edac34c/logs/buy30727_lane_cc_main_2024_33.log
[buy30727] 2026-06-05T22:04:54.827Z spawned CC-MAIN-2024-30 pid=3301037 baseline_merchants=17 log=/paperclip/instances/default/workspaces/3ec8f6dd-1735-4479-9825-a2c42edac34c/logs/buy30727_lane_cc_main_2024_30.log
[buy30727] 2026-06-05T22:04:56.360Z spawned CC-MAIN-2024-26 pid=3301090 baseline_merchants=7 log=/paperclip/instances/default/workspaces/3ec8f6dd-1735-4479-9825-a2c42edac34c/logs/buy30727_lane_cc_main_2024_26.log
[buy30727] 2026-06-05T22:05:27.927Z worker CC-MAIN-2024-42 pid=3300868 saturated#197(elapsed=38s new_merchants=0 remaining=1420 cooldown=240m)
[buy30727] 2026-06-05T22:05:27.935Z worker CC-MAIN-2024-38 pid=3300894 saturated#197(elapsed=36s new_merchants=0 remaining=581 cooldown=240m)
[buy30727] 2026-06-05T22:05:27.942Z worker CC-MAIN-2024-33 pid=3301002 saturated#197(elapsed=35s new_merchants=0 remaining=508 cooldown=240m)
[buy30727] 2026-06-05T22:05:27.948Z worker CC-MAIN-2024-30 pid=3301037 saturated#197(elapsed=33s new_merchants=0 remaining=424 cooldown=240m)
[buy30727] 2026-06-05T22:05:27.951Z worker CC-MAIN-2024-26 pid=3301090 saturated#197(elapsed=32s new_merchants=0 remaining=401 cooldown=240m)
[buy30727] 2026-06-05T22:05:27.955Z spawned CC-MAIN-2024-22 pid=3301964 baseline_merchants=13 log=/paperclip/instances/default/workspaces/3ec8f6dd-1735-4479-9825-a2c42edac34c/logs/buy30727_lane_cc_main_2024_22.log
[buy30727] 2026-06-05T22:05:29.473Z spawned CC-MAIN-2024-18 pid=3302083 baseline_merchants=62 log=/paperclip/instances/default/workspaces/3ec8f6dd-1735-4479-9825-a2c42edac34c/logs/buy30727_lane_cc_main_2024_18.log
[buy30727] 2026-06-05T22:05:30.995Z spawned CC-MAIN-2024-10 pid=3302112 baseline_merchants=4 log=/paperclip/instances/default/workspaces/3ec8f6dd-1735-4479-9825-a2c42edac34c/logs/buy30727_lane_cc_main_2024_10.log
[buy30727] 2026-06-05T22:05:32.514Z spawned CC-MAIN-2023-50 pid=3302139 baseline_merchants=4 log=/paperclip/instances/default/workspaces/3ec8f6dd-1735-4479-9825-a2c42edac34c/logs/buy30727_lane_cc_main_2023_50.log
[buy30727] 2026-06-05T22:05:34.024Z spawned CC-MAIN-2023-14 pid=3302172 baseline_merchants=53 log=/paperclip/instances/default/workspaces/3ec8f6dd-1735-4479-9825-a2c42edac34c/logs/buy30727_lane_cc_main_2023_14.log
[buy30727] 2026-06-05T22:06:05.548Z worker CC-MAIN-2024-22 pid=3301964 saturated#197(elapsed=38s new_merchants=0 remaining=868 cooldown=240m)
[buy30727] 2026-06-05T22:06:05.573Z worker CC-MAIN-2024-18 pid=3302083 saturated#197(elapsed=36s new_merchants=0 remaining=1033 cooldown=240m)
[buy30727] 2026-06-05T22:06:05.583Z worker CC-MAIN-2024-10 pid=3302112 saturated#197(elapsed=35s new_merchants=0 remaining=794 cooldown=240m)
[buy30727] 2026-06-05T22:06:05.587Z worker CC-MAIN-2023-50 pid=3302139 saturated#197(elapsed=33s new_merchants=0 remaining=378 cooldown=240m)
[buy30727] 2026-06-05T22:06:05.590Z worker CC-MAIN-2023-14 pid=3302172 saturated#197(elapsed=32s new_merchants=0 remaining=248 cooldown=240m)
[buy30727] 2026-06-05T22:06:05.593Z spawned CC-MAIN-2023-06 pid=3304056 baseline_merchants=45 log=/paperclip/instances/default/workspaces/3ec8f6dd-1735-4479-9825-a2c42edac34c/logs/buy30727_lane_cc_main_2023_06.log
[buy30727] 2026-06-05T22:06:07.104Z spawned CC-MAIN-2022-49 pid=3304145 baseline_merchants=5 log=/paperclip/instances/default/workspaces/3ec8f6dd-1735-4479-9825-a2c42edac34c/logs/buy30727_lane_cc_main_2022_49.log
[buy30727] 2026-06-05T22:06:08.613Z spawned CC-MAIN-2022-40 pid=3304232 baseline_merchants=3 log=/paperclip/instances/default/workspaces/3ec8f6dd-1735-4479-9825-a2c42edac34c/logs/buy30727_lane_cc_main_2022_40.log
[buy30727] 2026-06-05T22:06:10.121Z spawned CC-MAIN-2026-21 pid=3304353 baseline_merchants=853 log=/paperclip/instances/default/workspaces/3ec8f6dd-1735-4479-9825-a2c42edac34c/logs/buy30727_lane_cc_main_2026_21.log
[buy30727] 2026-06-05T22:06:11.628Z spawned CC-MAIN-2026-17 pid=3304528 baseline_merchants=7 log=/paperclip/instances/default/workspaces/3ec8f6dd-1735-4479-9825-a2c42edac34c/logs/buy30727_lane_cc_main_2026_17.log
[buy30727] 2026-06-05T22:06:43.182Z worker CC-MAIN-2023-06 pid=3304056 saturated#197(elapsed=38s new_merchants=0 remaining=318 cooldown=240m)
[buy30727] 2026-06-05T22:06:43.187Z worker CC-MAIN-2022-49 pid=3304145 saturated#197(elapsed=36s new_merchants=0 remaining=323 cooldown=240m)
[buy30727] 2026-06-05T22:06:43.194Z worker CC-MAIN-2022-40 pid=3304232 saturated#197(elapsed=35s new_merchants=0 remaining=295 cooldown=240m)
[buy30727] 2026-06-05T22:06:43.197Z worker CC-MAIN-2026-21 pid=3304353 saturated#197(elapsed=33s new_merchants=0 remaining=862 cooldown=240m)
[buy30727] 2026-06-05T22:06:43.209Z worker CC-MAIN-2026-17 pid=3304528 saturated#198(elapsed=32s new_merchants=0 remaining=3255 cooldown=240m)
[buy30727] 2026-06-05T22:06:43.212Z spawned CC-MAIN-2025-18 pid=3306892 baseline_merchants=72 log=/paperclip/instances/default/workspaces/3ec8f6dd-1735-4479-9825-a2c42edac34c/logs/buy30727_lane_cc_main_2025_18.log
[buy30727] 2026-06-05T22:06:44.735Z spawned CC-MAIN-2025-05 pid=3306946 baseline_merchants=7 log=/paperclip/instances/default/workspaces/3ec8f6dd-1735-4479-9825-a2c42edac34c/logs/buy30727_lane_cc_main_2025_05.log
[buy30727] 2026-06-05T22:06:46.246Z spawned CC-MAIN-2025-47 pid=3307004 baseline_merchants=1421 log=/paperclip/instances/default/workspaces/3ec8f6dd-1735-4479-9825-a2c42edac34c/logs/buy30727_lane_cc_main_2025_47.log
[buy30727] 2026-06-05T22:06:47.782Z spawned CC-MAIN-2025-51 pid=3307095 baseline_merchants=236 log=/paperclip/instances/default/workspaces/3ec8f6dd-1735-4479-9825-a2c42edac34c/logs/buy30727_lane_cc_main_2025_51.log
[buy30727] 2026-06-05T22:06:49.301Z spawned CC-MAIN-2025-43 pid=3307129 baseline_merchants=88 log=/paperclip/instances/default/workspaces/3ec8f6dd-1735-4479-9825-a2c42edac34c/logs/buy30727_lane_cc_main_2025_43.log
[buy30727] 2026-06-05T22:07:20.866Z worker CC-MAIN-2025-18 pid=3306892 saturated#198(elapsed=38s new_merchants=0 remaining=2382 cooldown=240m)
[buy30727] 2026-06-05T22:07:20.869Z worker CC-MAIN-2025-05 pid=3306946 saturated#198(elapsed=36s new_merchants=0 remaining=625 cooldown=240m)
[buy30727] 2026-06-05T22:07:20.885Z worker CC-MAIN-2025-47 pid=3307004 saturated#198(elapsed=35s new_merchants=0 remaining=2294 cooldown=240m)
[buy30727] 2026-06-05T22:07:20.898Z worker CC-MAIN-2025-51 pid=3307095 saturated#198(elapsed=33s new_merchants=0 remaining=2895 cooldown=240m)
[buy30727] 2026-06-05T22:07:20.908Z worker CC-MAIN-2025-43 pid=3307129 saturated#198(elapsed=32s new_merchants=0 remaining=1897 cooldown=240m)
[buy30727] 2026-06-05T22:07:20.911Z spawned CC-MAIN-2025-38 pid=3308626 baseline_merchants=28 log=/paperclip/instances/default/workspaces/3ec8f6dd-1735-4479-9825-a2c42edac34c/logs/buy30727_lane_cc_main_2025_38.log
[buy30727] 2026-06-05T22:07:22.429Z spawned CC-MAIN-2025-33 pid=3308650 baseline_merchants=13 log=/paperclip/instances/default/workspaces/3ec8f6dd-1735-4479-9825-a2c42edac34c/logs/buy30727_lane_cc_main_2025_33.log
[buy30727] 2026-06-05T22:07:23.949Z spawned CC-MAIN-2025-30 pid=3308701 baseline_merchants=136 log=/paperclip/instances/default/workspaces/3ec8f6dd-1735-4479-9825-a2c42edac34c/logs/buy30727_lane_cc_main_2025_30.log
[buy30727] 2026-06-05T22:07:25.471Z spawned CC-MAIN-2025-26 pid=3308727 baseline_merchants=18 log=/paperclip/instances/default/workspaces/3ec8f6dd-1735-4479-9825-a2c42edac34c/logs/buy30727_lane_cc_main_2025_26.log
[buy30727] 2026-06-05T22:07:26.980Z spawned CC-MAIN-2025-08 pid=3308862 baseline_merchants=7 log=/paperclip/instances/default/workspaces/3ec8f6dd-1735-4479-9825-a2c42edac34c/logs/buy30727_lane_cc_main_2025_08.log
[buy30727] 2026-06-05T22:07:58.530Z worker CC-MAIN-2025-38 pid=3308626 saturated#198(elapsed=38s new_merchants=0 remaining=1980 cooldown=240m)
[buy30727] 2026-06-05T22:07:58.546Z worker CC-MAIN-2025-33 pid=3308650 saturated#198(elapsed=36s new_merchants=0 remaining=2151 cooldown=240m)
[buy30727] 2026-06-05T22:07:58.558Z worker CC-MAIN-2025-30 pid=3308701 saturated#198(elapsed=35s new_merchants=0 remaining=2171 cooldown=240m)
[buy30727] 2026-06-05T22:07:58.562Z worker CC-MAIN-2025-26 pid=3308727 saturated#198(elapsed=33s new_merchants=0 remaining=744 cooldown=240m)
[buy30727] 2026-06-05T22:07:58.569Z worker CC-MAIN-2025-08 pid=3308862 saturated#198(elapsed=32s new_merchants=0 remaining=695 cooldown=240m)
[buy30727] 2026-06-05T22:07:58.573Z spawned CC-MAIN-2024-51 pid=3309751 baseline_merchants=427 log=/paperclip/instances/default/workspaces/3ec8f6dd-1735-4479-9825-a2c42edac34c/logs/buy30727_lane_cc_main_2024_51.log
[buy30727] 2026-06-05T22:08:00.095Z spawned CC-MAIN-2024-46 pid=3309871 baseline_merchants=92 log=/paperclip/instances/default/workspaces/3ec8f6dd-1735-4479-9825-a2c42edac34c/logs/buy30727_lane_cc_main_2024_46.log
[buy30727] 2026-06-05T22:08:01.630Z spawned CC-MAIN-2024-42 pid=3309981 baseline_merchants=91 log=/paperclip/instances/default/workspaces/3ec8f6dd-1735-4479-9825-a2c42edac34c/logs/buy30727_lane_cc_main_2024_42.log
[buy30727] 2026-06-05T22:08:03.153Z spawned CC-MAIN-2024-38 pid=3310016 baseline_merchants=36 log=/paperclip/instances/default/workspaces/3ec8f6dd-1735-4479-9825-a2c42edac34c/logs/buy30727_lane_cc_main_2024_38.log
[buy30727] 2026-06-05T22:08:04.662Z spawned CC-MAIN-2024-33 pid=3310065 baseline_merchants=88 log=/paperclip/instances/default/workspaces/3ec8f6dd-1735-4479-9825-a2c42edac34c/logs/buy30727_lane_cc_main_2024_33.log
[buy30727] 2026-06-05T22:08:36.198Z worker CC-MAIN-2024-51 pid=3309751 saturated#198(elapsed=38s new_merchants=0 remaining=1545 cooldown=240m)
[buy30727] 2026-06-05T22:08:36.227Z worker CC-MAIN-2024-46 pid=3309871 saturated#198(elapsed=36s new_merchants=0 remaining=1592 cooldown=240m)
[buy30727] 2026-06-05T22:08:36.247Z worker CC-MAIN-2024-42 pid=3309981 saturated#198(elapsed=35s new_merchants=0 remaining=1420 cooldown=240m)
[buy30727] 2026-06-05T22:08:36.253Z worker CC-MAIN-2024-38 pid=3310016 saturated#198(elapsed=33s new_merchants=0 remaining=581 cooldown=240m)
[buy30727] 2026-06-05T22:08:36.258Z worker CC-MAIN-2024-33 pid=3310065 saturated#198(elapsed=32s new_merchants=0 remaining=508 cooldown=240m)
[buy30727] 2026-06-05T22:08:36.262Z spawned CC-MAIN-2024-30 pid=3310793 baseline_merchants=17 log=/paperclip/instances/default/workspaces/3ec8f6dd-1735-4479-9825-a2c42edac34c/logs/buy30727_lane_cc_main_2024_30.log
[buy30727] 2026-06-05T22:08:37.777Z spawned CC-MAIN-2024-26 pid=3310934 baseline_merchants=7 log=/paperclip/instances/default/workspaces/3ec8f6dd-1735-4479-9825-a2c42edac34c/logs/buy30727_lane_cc_main_2024_26.log
[buy30727] 2026-06-05T22:08:39.287Z spawned CC-MAIN-2024-22 pid=3310958 baseline_merchants=13 log=/paperclip/instances/default/workspaces/3ec8f6dd-1735-4479-9825-a2c42edac34c/logs/buy30727_lane_cc_main_2024_22.log
[buy30727] 2026-06-05T22:08:40.804Z spawned CC-MAIN-2024-18 pid=3310987 baseline_merchants=62 log=/paperclip/instances/default/workspaces/3ec8f6dd-1735-4479-9825-a2c42edac34c/logs/buy30727_lane_cc_main_2024_18.log
[buy30727] 2026-06-05T22:08:42.352Z spawned CC-MAIN-2024-10 pid=3311023 baseline_merchants=4 log=/paperclip/instances/default/workspaces/3ec8f6dd-1735-4479-9825-a2c42edac34c/logs/buy30727_lane_cc_main_2024_10.log
[buy30727] 2026-06-05T22:08:44.072Z tick=130 active=5 drained=20 saturated=27 known_merchants=15747 status=[CC-MAIN-2024-30:424/13139, CC-MAIN-2024-26:401/13353, CC-MAIN-2024-22:868/34722, CC-MAIN-2024-18:1033/47884, CC-MAIN-2024-10:794/32287]
[buy30727] 2026-06-05T22:09:14.100Z worker CC-MAIN-2024-30 pid=3310793 saturated#198(elapsed=38s new_merchants=0 remaining=424 cooldown=240m)
[buy30727] 2026-06-05T22:09:14.105Z worker CC-MAIN-2024-26 pid=3310934 saturated#198(elapsed=36s new_merchants=0 remaining=401 cooldown=240m)
[buy30727] 2026-06-05T22:09:14.118Z worker CC-MAIN-2024-22 pid=3310958 saturated#198(elapsed=35s new_merchants=0 remaining=868 cooldown=240m)
[buy30727] 2026-06-05T22:09:14.138Z worker CC-MAIN-2024-18 pid=3310987 saturated#198(elapsed=33s new_merchants=0 remaining=1033 cooldown=240m)
[buy30727] 2026-06-05T22:09:14.150Z worker CC-MAIN-2024-10 pid=3311023 saturated#198(elapsed=32s new_merchants=0 remaining=794 cooldown=240m)
[buy30727] 2026-06-05T22:09:14.154Z spawned CC-MAIN-2023-50 pid=3311720 baseline_merchants=4 log=/paperclip/instances/default/workspaces/3ec8f6dd-1735-4479-9825-a2c42edac34c/logs/buy30727_lane_cc_main_2023_50.log
[buy30727] 2026-06-05T22:09:15.669Z spawned CC-MAIN-2023-14 pid=3311747 baseline_merchants=53 log=/paperclip/instances/default/workspaces/3ec8f6dd-1735-4479-9825-a2c42edac34c/logs/buy30727_lane_cc_main_2023_14.log
[buy30727] 2026-06-05T22:09:17.177Z spawned CC-MAIN-2023-06 pid=3311775 baseline_merchants=45 log=/paperclip/instances/default/workspaces/3ec8f6dd-1735-4479-9825-a2c42edac34c/logs/buy30727_lane_cc_main_2023_06.log
[buy30727] 2026-06-05T22:09:18.686Z spawned CC-MAIN-2022-49 pid=3311806 baseline_merchants=5 log=/paperclip/instances/default/workspaces/3ec8f6dd-1735-4479-9825-a2c42edac34c/logs/buy30727_lane_cc_main_2022_49.log
[buy30727] 2026-06-05T22:09:20.197Z spawned CC-MAIN-2022-40 pid=3311875 baseline_merchants=3 log=/paperclip/instances/default/workspaces/3ec8f6dd-1735-4479-9825-a2c42edac34c/logs/buy30727_lane_cc_main_2022_40.log
[buy30727] 2026-06-05T22:09:51.722Z worker CC-MAIN-2023-50 pid=3311720 saturated#198(elapsed=38s new_merchants=0 remaining=378 cooldown=240m)
[buy30727] 2026-06-05T22:09:51.724Z worker CC-MAIN-2023-14 pid=3311747 saturated#198(elapsed=36s new_merchants=0 remaining=248 cooldown=240m)
[buy30727] 2026-06-05T22:09:51.729Z worker CC-MAIN-2023-06 pid=3311775 saturated#198(elapsed=35s new_merchants=0 remaining=318 cooldown=240m)
[buy30727] 2026-06-05T22:09:51.733Z worker CC-MAIN-2022-49 pid=3311806 saturated#198(elapsed=33s new_merchants=0 remaining=323 cooldown=240m)
[buy30727] 2026-06-05T22:09:51.739Z worker CC-MAIN-2022-40 pid=3311875 saturated#198(elapsed=32s new_merchants=0 remaining=295 cooldown=240m)
[buy30727] 2026-06-05T22:09:51.742Z spawned CC-MAIN-2026-21 pid=3312343 baseline_merchants=853 log=/paperclip/instances/default/workspaces/3ec8f6dd-1735-4479-9825-a2c42edac34c/logs/buy30727_lane_cc_main_2026_21.log
[buy30727] 2026-06-05T22:09:53.249Z spawned CC-MAIN-2026-17 pid=3312373 baseline_merchants=7 log=/paperclip/instances/default/workspaces/3ec8f6dd-1735-4479-9825-a2c42edac34c/logs/buy30727_lane_cc_main_2026_17.log
[buy30727] 2026-06-05T22:09:54.767Z spawned CC-MAIN-2025-18 pid=3312404 baseline_merchants=72 log=/paperclip/instances/default/workspaces/3ec8f6dd-1735-4479-9825-a2c42edac34c/logs/buy30727_lane_cc_main_2025_18.log
[buy30727] 2026-06-05T22:09:56.290Z spawned CC-MAIN-2025-05 pid=3312428 baseline_merchants=7 log=/paperclip/instances/default/workspaces/3ec8f6dd-1735-4479-9825-a2c42edac34c/logs/buy30727_lane_cc_main_2025_05.log
[buy30727] 2026-06-05T22:09:57.799Z spawned CC-MAIN-2025-47 pid=3312456 baseline_merchants=1421 log=/paperclip/instances/default/workspaces/3ec8f6dd-1735-4479-9825-a2c42edac34c/logs/buy30727_lane_cc_main_2025_47.log
[buy30727] 2026-06-05T22:10:29.338Z worker CC-MAIN-2026-21 pid=3312343 saturated#198(elapsed=38s new_merchants=0 remaining=862 cooldown=240m)
[buy30727] 2026-06-05T22:10:29.346Z worker CC-MAIN-2026-17 pid=3312373 saturated#199(elapsed=36s new_merchants=0 remaining=3255 cooldown=240m)
[buy30727] 2026-06-05T22:10:29.369Z worker CC-MAIN-2025-18 pid=3312404 saturated#199(elapsed=35s new_merchants=0 remaining=2382 cooldown=240m)
[buy30727] 2026-06-05T22:10:29.375Z worker CC-MAIN-2025-05 pid=3312428 saturated#199(elapsed=33s new_merchants=0 remaining=625 cooldown=240m)
[buy30727] 2026-06-05T22:10:29.391Z worker CC-MAIN-2025-47 pid=3312456 saturated#199(elapsed=32s new_merchants=0 remaining=2294 cooldown=240m)
[buy30727] 2026-06-05T22:10:29.395Z spawned CC-MAIN-2025-51 pid=3313268 baseline_merchants=236 log=/paperclip/instances/default/workspaces/3ec8f6dd-1735-4479-9825-a2c42edac34c/logs/buy30727_lane_cc_main_2025_51.log
[buy30727] 2026-06-05T22:10:30.919Z spawned CC-MAIN-2025-43 pid=3313296 baseline_merchants=88 log=/paperclip/instances/default/workspaces/3ec8f6dd-1735-4479-9825-a2c42edac34c/logs/buy30727_lane_cc_main_2025_43.log
[buy30727] 2026-06-05T22:10:32.441Z spawned CC-MAIN-2025-38 pid=3313330 baseline_merchants=28 log=/paperclip/instances/default/workspaces/3ec8f6dd-1735-4479-9825-a2c42edac34c/logs/buy30727_lane_cc_main_2025_38.log
[buy30727] 2026-06-05T22:10:33.963Z spawned CC-MAIN-2025-33 pid=3313368 baseline_merchants=13 log=/paperclip/instances/default/workspaces/3ec8f6dd-1735-4479-9825-a2c42edac34c/logs/buy30727_lane_cc_main_2025_33.log
[buy30727] 2026-06-05T22:10:35.487Z spawned CC-MAIN-2025-30 pid=3313390 baseline_merchants=136 log=/paperclip/instances/default/workspaces/3ec8f6dd-1735-4479-9825-a2c42edac34c/logs/buy30727_lane_cc_main_2025_30.log
[buy30727] 2026-06-05T22:11:07.048Z worker CC-MAIN-2025-51 pid=3313268 saturated#199(elapsed=38s new_merchants=0 remaining=2895 cooldown=240m)
[buy30727] 2026-06-05T22:11:07.069Z worker CC-MAIN-2025-43 pid=3313296 saturated#199(elapsed=36s new_merchants=0 remaining=1897 cooldown=240m)
[buy30727] 2026-06-05T22:11:07.095Z worker CC-MAIN-2025-38 pid=3313330 saturated#199(elapsed=35s new_merchants=0 remaining=1980 cooldown=240m)
[buy30727] 2026-06-05T22:11:07.116Z worker CC-MAIN-2025-33 pid=3313368 saturated#199(elapsed=33s new_merchants=0 remaining=2151 cooldown=240m)
[buy30727] 2026-06-05T22:11:07.128Z worker CC-MAIN-2025-30 pid=3313390 saturated#199(elapsed=32s new_merchants=0 remaining=2171 cooldown=240m)
[buy30727] 2026-06-05T22:11:07.132Z spawned CC-MAIN-2025-26 pid=3315141 baseline_merchants=18 log=/paperclip/instances/default/workspaces/3ec8f6dd-1735-4479-9825-a2c42edac34c/logs/buy30727_lane_cc_main_2025_26.log
[buy30727] 2026-06-05T22:11:08.641Z spawned CC-MAIN-2025-08 pid=3315193 baseline_merchants=7 log=/paperclip/instances/default/workspaces/3ec8f6dd-1735-4479-9825-a2c42edac34c/logs/buy30727_lane_cc_main_2025_08.log
[buy30727] 2026-06-05T22:11:10.155Z spawned CC-MAIN-2024-51 pid=3315283 baseline_merchants=427 log=/paperclip/instances/default/workspaces/3ec8f6dd-1735-4479-9825-a2c42edac34c/logs/buy30727_lane_cc_main_2024_51.log
[buy30727] 2026-06-05T22:11:11.677Z spawned CC-MAIN-2024-46 pid=3315370 baseline_merchants=92 log=/paperclip/instances/default/workspaces/3ec8f6dd-1735-4479-9825-a2c42edac34c/logs/buy30727_lane_cc_main_2024_46.log
[buy30727] 2026-06-05T22:11:13.200Z spawned CC-MAIN-2024-42 pid=3315404 baseline_merchants=91 log=/paperclip/instances/default/workspaces/3ec8f6dd-1735-4479-9825-a2c42edac34c/logs/buy30727_lane_cc_main_2024_42.log
[buy30727] 2026-06-05T22:11:44.761Z worker CC-MAIN-2025-26 pid=3315141 saturated#199(elapsed=38s new_merchants=0 remaining=744 cooldown=240m)
[buy30727] 2026-06-05T22:11:44.768Z worker CC-MAIN-2025-08 pid=3315193 saturated#199(elapsed=36s new_merchants=0 remaining=695 cooldown=240m)
[buy30727] 2026-06-05T22:11:44.787Z worker CC-MAIN-2024-51 pid=3315283 saturated#199(elapsed=35s new_merchants=0 remaining=1545 cooldown=240m)
[buy30727] 2026-06-05T22:11:44.812Z worker CC-MAIN-2024-46 pid=3315370 saturated#199(elapsed=33s new_merchants=0 remaining=1592 cooldown=240m)
[buy30727] 2026-06-05T22:11:44.840Z worker CC-MAIN-2024-42 pid=3315404 saturated#199(elapsed=32s new_merchants=0 remaining=1420 cooldown=240m)
[buy30727] 2026-06-05T22:11:44.844Z spawned CC-MAIN-2024-38 pid=3317146 baseline_merchants=36 log=/paperclip/instances/default/workspaces/3ec8f6dd-1735-4479-9825-a2c42edac34c/logs/buy30727_lane_cc_main_2024_38.log
[buy30727] 2026-06-05T22:11:46.356Z spawned CC-MAIN-2024-33 pid=3317222 baseline_merchants=88 log=/paperclip/instances/default/workspaces/3ec8f6dd-1735-4479-9825-a2c42edac34c/logs/buy30727_lane_cc_main_2024_33.log
[buy30727] 2026-06-05T22:11:47.869Z spawned CC-MAIN-2024-30 pid=3317300 baseline_merchants=17 log=/paperclip/instances/default/workspaces/3ec8f6dd-1735-4479-9825-a2c42edac34c/logs/buy30727_lane_cc_main_2024_30.log
[buy30727] 2026-06-05T22:11:49.380Z spawned CC-MAIN-2024-26 pid=3317380 baseline_merchants=7 log=/paperclip/instances/default/workspaces/3ec8f6dd-1735-4479-9825-a2c42edac34c/logs/buy30727_lane_cc_main_2024_26.log
[buy30727] 2026-06-05T22:11:50.890Z spawned CC-MAIN-2024-22 pid=3317470 baseline_merchants=13 log=/paperclip/instances/default/workspaces/3ec8f6dd-1735-4479-9825-a2c42edac34c/logs/buy30727_lane_cc_main_2024_22.log
[buy30727] 2026-06-05T22:12:22.441Z worker CC-MAIN-2024-38 pid=3317146 saturated#199(elapsed=38s new_merchants=0 remaining=581 cooldown=240m)
[buy30727] 2026-06-05T22:12:22.447Z worker CC-MAIN-2024-33 pid=3317222 saturated#199(elapsed=36s new_merchants=0 remaining=508 cooldown=240m)
[buy30727] 2026-06-05T22:12:22.451Z worker CC-MAIN-2024-30 pid=3317300 saturated#199(elapsed=35s new_merchants=0 remaining=424 cooldown=240m)
[buy30727] 2026-06-05T22:12:22.456Z worker CC-MAIN-2024-26 pid=3317380 saturated#199(elapsed=33s new_merchants=0 remaining=401 cooldown=240m)
[buy30727] 2026-06-05T22:12:22.472Z worker CC-MAIN-2024-22 pid=3317470 saturated#199(elapsed=32s new_merchants=0 remaining=868 cooldown=240m)
[buy30727] 2026-06-05T22:12:22.476Z spawned CC-MAIN-2024-18 pid=3318848 baseline_merchants=62 log=/paperclip/instances/default/workspaces/3ec8f6dd-1735-4479-9825-a2c42edac34c/logs/buy30727_lane_cc_main_2024_18.log
[buy30727] 2026-06-05T22:12:24.007Z spawned CC-MAIN-2024-10 pid=3318870 baseline_merchants=4 log=/paperclip/instances/default/workspaces/3ec8f6dd-1735-4479-9825-a2c42edac34c/logs/buy30727_lane_cc_main_2024_10.log
[buy30727] 2026-06-05T22:12:25.522Z spawned CC-MAIN-2023-50 pid=3318921 baseline_merchants=4 log=/paperclip/instances/default/workspaces/3ec8f6dd-1735-4479-9825-a2c42edac34c/logs/buy30727_lane_cc_main_2023_50.log
[buy30727] 2026-06-05T22:12:27.030Z spawned CC-MAIN-2023-14 pid=3318986 baseline_merchants=53 log=/paperclip/instances/default/workspaces/3ec8f6dd-1735-4479-9825-a2c42edac34c/logs/buy30727_lane_cc_main_2023_14.log
[buy30727] 2026-06-05T22:12:28.540Z spawned CC-MAIN-2023-06 pid=3319014 baseline_merchants=45 log=/paperclip/instances/default/workspaces/3ec8f6dd-1735-4479-9825-a2c42edac34c/logs/buy30727_lane_cc_main_2023_06.log
[buy30727] 2026-06-05T22:13:00.092Z worker CC-MAIN-2024-18 pid=3318848 saturated#199(elapsed=38s new_merchants=0 remaining=1033 cooldown=240m)
[buy30727] 2026-06-05T22:13:00.100Z worker CC-MAIN-2024-10 pid=3318870 saturated#199(elapsed=36s new_merchants=0 remaining=794 cooldown=240m)
[buy30727] 2026-06-05T22:13:00.106Z worker CC-MAIN-2023-50 pid=3318921 saturated#199(elapsed=35s new_merchants=0 remaining=378 cooldown=240m)
[buy30727] 2026-06-05T22:13:00.111Z worker CC-MAIN-2023-14 pid=3318986 saturated#199(elapsed=33s new_merchants=0 remaining=248 cooldown=240m)
[buy30727] 2026-06-05T22:13:00.116Z worker CC-MAIN-2023-06 pid=3319014 saturated#199(elapsed=32s new_merchants=0 remaining=318 cooldown=240m)
[buy30727] 2026-06-05T22:13:00.120Z spawned CC-MAIN-2022-49 pid=3320213 baseline_merchants=5 log=/paperclip/instances/default/workspaces/3ec8f6dd-1735-4479-9825-a2c42edac34c/logs/buy30727_lane_cc_main_2022_49.log
[buy30727] 2026-06-05T22:13:01.630Z spawned CC-MAIN-2022-40 pid=3320335 baseline_merchants=3 log=/paperclip/instances/default/workspaces/3ec8f6dd-1735-4479-9825-a2c42edac34c/logs/buy30727_lane_cc_main_2022_40.log
[buy30727] 2026-06-05T22:13:03.140Z spawned CC-MAIN-2026-21 pid=3320398 baseline_merchants=853 log=/paperclip/instances/default/workspaces/3ec8f6dd-1735-4479-9825-a2c42edac34c/logs/buy30727_lane_cc_main_2026_21.log
[buy30727] 2026-06-05T22:13:04.652Z spawned CC-MAIN-2026-17 pid=3320461 baseline_merchants=7 log=/paperclip/instances/default/workspaces/3ec8f6dd-1735-4479-9825-a2c42edac34c/logs/buy30727_lane_cc_main_2026_17.log
[buy30727] 2026-06-05T22:13:06.193Z spawned CC-MAIN-2025-18 pid=3320487 baseline_merchants=72 log=/paperclip/instances/default/workspaces/3ec8f6dd-1735-4479-9825-a2c42edac34c/logs/buy30727_lane_cc_main_2025_18.log
[buy30727] 2026-06-05T22:13:37.733Z worker CC-MAIN-2022-49 pid=3320213 saturated#199(elapsed=38s new_merchants=0 remaining=323 cooldown=240m)
[buy30727] 2026-06-05T22:13:37.738Z worker CC-MAIN-2022-40 pid=3320335 saturated#199(elapsed=36s new_merchants=0 remaining=295 cooldown=240m)
[buy30727] 2026-06-05T22:13:37.740Z worker CC-MAIN-2026-21 pid=3320398 saturated#199(elapsed=35s new_merchants=0 remaining=862 cooldown=240m)
[buy30727] 2026-06-05T22:13:37.748Z worker CC-MAIN-2026-17 pid=3320461 saturated#200(elapsed=33s new_merchants=0 remaining=3255 cooldown=240m)
[buy30727] 2026-06-05T22:13:37.766Z worker CC-MAIN-2025-18 pid=3320487 saturated#200(elapsed=32s new_merchants=0 remaining=2382 cooldown=240m)
[buy30727] 2026-06-05T22:13:37.769Z spawned CC-MAIN-2025-05 pid=3321722 baseline_merchants=7 log=/paperclip/instances/default/workspaces/3ec8f6dd-1735-4479-9825-a2c42edac34c/logs/buy30727_lane_cc_main_2025_05.log
[buy30727] 2026-06-05T22:13:39.284Z spawned CC-MAIN-2025-47 pid=3321743 baseline_merchants=1421 log=/paperclip/instances/default/workspaces/3ec8f6dd-1735-4479-9825-a2c42edac34c/logs/buy30727_lane_cc_main_2025_47.log
[buy30727] 2026-06-05T22:13:40.810Z spawned CC-MAIN-2025-51 pid=3321766 baseline_merchants=236 log=/paperclip/instances/default/workspaces/3ec8f6dd-1735-4479-9825-a2c42edac34c/logs/buy30727_lane_cc_main_2025_51.log
[buy30727] 2026-06-05T22:13:42.336Z spawned CC-MAIN-2025-43 pid=3321799 baseline_merchants=88 log=/paperclip/instances/default/workspaces/3ec8f6dd-1735-4479-9825-a2c42edac34c/logs/buy30727_lane_cc_main_2025_43.log
[buy30727] 2026-06-05T22:13:43.860Z spawned CC-MAIN-2025-38 pid=3321907 baseline_merchants=28 log=/paperclip/instances/default/workspaces/3ec8f6dd-1735-4479-9825-a2c42edac34c/logs/buy30727_lane_cc_main_2025_38.log
[buy30727] 2026-06-05T22:14:15.422Z worker CC-MAIN-2025-05 pid=3321722 saturated#200(elapsed=38s new_merchants=0 remaining=625 cooldown=240m)
[buy30727] 2026-06-05T22:14:15.438Z worker CC-MAIN-2025-47 pid=3321743 saturated#200(elapsed=36s new_merchants=0 remaining=2294 cooldown=240m)
[buy30727] 2026-06-05T22:14:15.452Z worker CC-MAIN-2025-51 pid=3321766 saturated#200(elapsed=35s new_merchants=0 remaining=2895 cooldown=240m)
[buy30727] 2026-06-05T22:14:15.465Z worker CC-MAIN-2025-43 pid=3321799 saturated#200(elapsed=33s new_merchants=0 remaining=1897 cooldown=240m)
[buy30727] 2026-06-05T22:14:15.484Z worker CC-MAIN-2025-38 pid=3321907 saturated#200(elapsed=32s new_merchants=0 remaining=1980 cooldown=240m)
[buy30727] 2026-06-05T22:14:15.487Z spawned CC-MAIN-2025-33 pid=3337293 baseline_merchants=13 log=/paperclip/instances/default/workspaces/3ec8f6dd-1735-4479-9825-a2c42edac34c/logs/buy30727_lane_cc_main_2025_33.log
[buy30727] 2026-06-05T22:14:17.023Z spawned CC-MAIN-2025-30 pid=3338602 baseline_merchants=136 log=/paperclip/instances/default/workspaces/3ec8f6dd-1735-4479-9825-a2c42edac34c/logs/buy30727_lane_cc_main_2025_30.log
[buy30727] 2026-06-05T22:14:18.545Z spawned CC-MAIN-2025-26 pid=3339904 baseline_merchants=18 log=/paperclip/instances/default/workspaces/3ec8f6dd-1735-4479-9825-a2c42edac34c/logs/buy30727_lane_cc_main_2025_26.log
[buy30727] 2026-06-05T22:14:20.056Z spawned CC-MAIN-2025-08 pid=3341159 baseline_merchants=7 log=/paperclip/instances/default/workspaces/3ec8f6dd-1735-4479-9825-a2c42edac34c/logs/buy30727_lane_cc_main_2025_08.log
[buy30727] 2026-06-05T22:14:21.568Z spawned CC-MAIN-2024-51 pid=3342309 baseline_merchants=427 log=/paperclip/instances/default/workspaces/3ec8f6dd-1735-4479-9825-a2c42edac34c/logs/buy30727_lane_cc_main_2024_51.log
[buy30727] 2026-06-05T22:14:53.161Z worker CC-MAIN-2025-33 pid=3337293 saturated#200(elapsed=38s new_merchants=0 remaining=2151 cooldown=240m)
[buy30727] 2026-06-05T22:14:53.193Z worker CC-MAIN-2025-30 pid=3338602 saturated#200(elapsed=36s new_merchants=0 remaining=2171 cooldown=240m)
[buy30727] 2026-06-05T22:14:53.201Z worker CC-MAIN-2025-26 pid=3339904 saturated#200(elapsed=35s new_merchants=0 remaining=744 cooldown=240m)
[buy30727] 2026-06-05T22:14:53.209Z worker CC-MAIN-2025-08 pid=3341159 saturated#200(elapsed=33s new_merchants=0 remaining=695 cooldown=240m)
[buy30727] 2026-06-05T22:14:53.246Z worker CC-MAIN-2024-51 pid=3342309 saturated#200(elapsed=32s new_merchants=0 remaining=1545 cooldown=240m)
[buy30727] 2026-06-05T22:14:53.249Z spawned CC-MAIN-2024-46 pid=3361229 baseline_merchants=92 log=/paperclip/instances/default/workspaces/3ec8f6dd-1735-4479-9825-a2c42edac34c/logs/buy30727_lane_cc_main_2024_46.log
[buy30727] 2026-06-05T22:14:54.778Z spawned CC-MAIN-2024-42 pid=3362549 baseline_merchants=91 log=/paperclip/instances/default/workspaces/3ec8f6dd-1735-4479-9825-a2c42edac34c/logs/buy30727_lane_cc_main_2024_42.log
[buy30727] 2026-06-05T22:14:56.302Z spawned CC-MAIN-2024-38 pid=3362606 baseline_merchants=36 log=/paperclip/instances/default/workspaces/3ec8f6dd-1735-4479-9825-a2c42edac34c/logs/buy30727_lane_cc_main_2024_38.log
[buy30727] 2026-06-05T22:14:57.814Z spawned CC-MAIN-2024-33 pid=3362643 baseline_merchants=88 log=/paperclip/instances/default/workspaces/3ec8f6dd-1735-4479-9825-a2c42edac34c/logs/buy30727_lane_cc_main_2024_33.log
[buy30727] 2026-06-05T22:14:59.326Z spawned CC-MAIN-2024-30 pid=3362665 baseline_merchants=17 log=/paperclip/instances/default/workspaces/3ec8f6dd-1735-4479-9825-a2c42edac34c/logs/buy30727_lane_cc_main_2024_30.log
[buy30727] 2026-06-05T22:15:00.887Z tick=140 active=5 drained=20 saturated=27 known_merchants=15747 status=[CC-MAIN-2024-46:1592/59556, CC-MAIN-2024-42:1420/56668, CC-MAIN-2024-38:581/19211, CC-MAIN-2024-33:508/16923, CC-MAIN-2024-30:424/13139]
[buy30727] 2026-06-05T22:15:30.939Z worker CC-MAIN-2024-46 pid=3361229 saturated#200(elapsed=38s new_merchants=0 remaining=1592 cooldown=240m)
[buy30727] 2026-06-05T22:15:30.964Z worker CC-MAIN-2024-42 pid=3362549 saturated#200(elapsed=36s new_merchants=0 remaining=1420 cooldown=240m)
[buy30727] 2026-06-05T22:15:30.972Z worker CC-MAIN-2024-38 pid=3362606 saturated#200(elapsed=35s new_merchants=0 remaining=581 cooldown=240m)
[buy30727] 2026-06-05T22:15:30.979Z worker CC-MAIN-2024-33 pid=3362643 saturated#200(elapsed=33s new_merchants=0 remaining=508 cooldown=240m)
[buy30727] 2026-06-05T22:15:30.990Z worker CC-MAIN-2024-30 pid=3362665 saturated#200(elapsed=32s new_merchants=0 remaining=424 cooldown=240m)
[buy30727] 2026-06-05T22:15:30.994Z spawned CC-MAIN-2024-26 pid=3365218 baseline_merchants=7 log=/paperclip/instances/default/workspaces/3ec8f6dd-1735-4479-9825-a2c42edac34c/logs/buy30727_lane_cc_main_2024_26.log
[buy30727] 2026-06-05T22:15:32.506Z spawned CC-MAIN-2024-22 pid=3365268 baseline_merchants=13 log=/paperclip/instances/default/workspaces/3ec8f6dd-1735-4479-9825-a2c42edac34c/logs/buy30727_lane_cc_main_2024_22.log
[buy30727] 2026-06-05T22:15:34.034Z spawned CC-MAIN-2024-18 pid=3365385 baseline_merchants=62 log=/paperclip/instances/default/workspaces/3ec8f6dd-1735-4479-9825-a2c42edac34c/logs/buy30727_lane_cc_main_2024_18.log
[buy30727] 2026-06-05T22:15:35.557Z spawned CC-MAIN-2024-10 pid=3365432 baseline_merchants=4 log=/paperclip/instances/default/workspaces/3ec8f6dd-1735-4479-9825-a2c42edac34c/logs/buy30727_lane_cc_main_2024_10.log
[buy30727] 2026-06-05T22:15:37.075Z spawned CC-MAIN-2023-50 pid=3365469 baseline_merchants=4 log=/paperclip/instances/default/workspaces/3ec8f6dd-1735-4479-9825-a2c42edac34c/logs/buy30727_lane_cc_main_2023_50.log
[buy30727] 2026-06-05T22:16:08.589Z worker CC-MAIN-2024-26 pid=3365218 saturated#200(elapsed=38s new_merchants=0 remaining=401 cooldown=240m)
[buy30727] 2026-06-05T22:16:08.605Z worker CC-MAIN-2024-22 pid=3365268 saturated#200(elapsed=36s new_merchants=0 remaining=868 cooldown=240m)
[buy30727] 2026-06-05T22:16:08.628Z worker CC-MAIN-2024-18 pid=3365385 saturated#200(elapsed=35s new_merchants=0 remaining=1033 cooldown=240m)
[buy30727] 2026-06-05T22:16:08.642Z worker CC-MAIN-2024-10 pid=3365432 saturated#200(elapsed=33s new_merchants=0 remaining=794 cooldown=240m)
[buy30727] 2026-06-05T22:16:08.651Z worker CC-MAIN-2023-50 pid=3365469 saturated#200(elapsed=32s new_merchants=0 remaining=378 cooldown=240m)
[buy30727] 2026-06-05T22:16:08.654Z spawned CC-MAIN-2023-14 pid=3367487 baseline_merchants=53 log=/paperclip/instances/default/workspaces/3ec8f6dd-1735-4479-9825-a2c42edac34c/logs/buy30727_lane_cc_main_2023_14.log
[buy30727] 2026-06-05T22:16:10.165Z spawned CC-MAIN-2023-06 pid=3367577 baseline_merchants=45 log=/paperclip/instances/default/workspaces/3ec8f6dd-1735-4479-9825-a2c42edac34c/logs/buy30727_lane_cc_main_2023_06.log
[buy30727] 2026-06-05T22:16:11.678Z spawned CC-MAIN-2022-49 pid=3367658 baseline_merchants=5 log=/paperclip/instances/default/workspaces/3ec8f6dd-1735-4479-9825-a2c42edac34c/logs/buy30727_lane_cc_main_2022_49.log
[buy30727] 2026-06-05T22:16:13.188Z spawned CC-MAIN-2022-40 pid=3367749 baseline_merchants=3 log=/paperclip/instances/default/workspaces/3ec8f6dd-1735-4479-9825-a2c42edac34c/logs/buy30727_lane_cc_main_2022_40.log
[buy30727] 2026-06-05T22:16:14.701Z spawned CC-MAIN-2026-21 pid=3367844 baseline_merchants=853 log=/paperclip/instances/default/workspaces/3ec8f6dd-1735-4479-9825-a2c42edac34c/logs/buy30727_lane_cc_main_2026_21.log
[buy30727] 2026-06-05T22:16:46.222Z worker CC-MAIN-2023-14 pid=3367487 saturated#200(elapsed=38s new_merchants=0 remaining=248 cooldown=240m)
[buy30727] 2026-06-05T22:16:46.229Z worker CC-MAIN-2023-06 pid=3367577 saturated#200(elapsed=36s new_merchants=0 remaining=318 cooldown=240m)
[buy30727] 2026-06-05T22:16:46.235Z worker CC-MAIN-2022-49 pid=3367658 saturated#200(elapsed=35s new_merchants=0 remaining=323 cooldown=240m)
[buy30727] 2026-06-05T22:16:46.241Z worker CC-MAIN-2022-40 pid=3367749 saturated#200(elapsed=33s new_merchants=0 remaining=295 cooldown=240m)
[buy30727] 2026-06-05T22:16:46.244Z worker CC-MAIN-2026-21 pid=3367844 saturated#200(elapsed=32s new_merchants=0 remaining=862 cooldown=240m)
[buy30727] 2026-06-05T22:16:46.248Z spawned CC-MAIN-2026-17 pid=3369734 baseline_merchants=7 log=/paperclip/instances/default/workspaces/3ec8f6dd-1735-4479-9825-a2c42edac34c/logs/buy30727_lane_cc_main_2026_17.log
[buy30727] 2026-06-05T22:16:47.781Z spawned CC-MAIN-2025-18 pid=3369791 baseline_merchants=72 log=/paperclip/instances/default/workspaces/3ec8f6dd-1735-4479-9825-a2c42edac34c/logs/buy30727_lane_cc_main_2025_18.log
[buy30727] 2026-06-05T22:16:49.315Z spawned CC-MAIN-2025-05 pid=3369814 baseline_merchants=7 log=/paperclip/instances/default/workspaces/3ec8f6dd-1735-4479-9825-a2c42edac34c/logs/buy30727_lane_cc_main_2025_05.log
[buy30727] 2026-06-05T22:16:50.824Z spawned CC-MAIN-2025-47 pid=3369843 baseline_merchants=1421 log=/paperclip/instances/default/workspaces/3ec8f6dd-1735-4479-9825-a2c42edac34c/logs/buy30727_lane_cc_main_2025_47.log
[buy30727] 2026-06-05T22:16:52.351Z spawned CC-MAIN-2025-51 pid=3369941 baseline_merchants=236 log=/paperclip/instances/default/workspaces/3ec8f6dd-1735-4479-9825-a2c42edac34c/logs/buy30727_lane_cc_main_2025_51.log
[buy30727] 2026-06-05T22:17:23.904Z worker CC-MAIN-2026-17 pid=3369734 saturated#201(elapsed=38s new_merchants=0 remaining=3255 cooldown=240m)
[buy30727] 2026-06-05T22:17:23.924Z worker CC-MAIN-2025-18 pid=3369791 saturated#201(elapsed=36s new_merchants=0 remaining=2382 cooldown=240m)
[buy30727] 2026-06-05T22:17:23.929Z worker CC-MAIN-2025-05 pid=3369814 saturated#201(elapsed=35s new_merchants=0 remaining=625 cooldown=240m)
[buy30727] 2026-06-05T22:17:23.946Z worker CC-MAIN-2025-47 pid=3369843 saturated#201(elapsed=33s new_merchants=0 remaining=2294 cooldown=240m)
[buy30727] 2026-06-05T22:17:23.964Z worker CC-MAIN-2025-51 pid=3369941 saturated#201(elapsed=32s new_merchants=0 remaining=2895 cooldown=240m)
[buy30727] 2026-06-05T22:17:23.968Z spawned CC-MAIN-2025-43 pid=3370684 baseline_merchants=88 log=/paperclip/instances/default/workspaces/3ec8f6dd-1735-4479-9825-a2c42edac34c/logs/buy30727_lane_cc_main_2025_43.log
[buy30727] 2026-06-05T22:17:25.494Z spawned CC-MAIN-2025-38 pid=3370710 baseline_merchants=28 log=/paperclip/instances/default/workspaces/3ec8f6dd-1735-4479-9825-a2c42edac34c/logs/buy30727_lane_cc_main_2025_38.log
[buy30727] 2026-06-05T22:17:27.012Z spawned CC-MAIN-2025-33 pid=3370736 baseline_merchants=13 log=/paperclip/instances/default/workspaces/3ec8f6dd-1735-4479-9825-a2c42edac34c/logs/buy30727_lane_cc_main_2025_33.log
[buy30727] 2026-06-05T22:17:28.538Z spawned CC-MAIN-2025-30 pid=3370762 baseline_merchants=136 log=/paperclip/instances/default/workspaces/3ec8f6dd-1735-4479-9825-a2c42edac34c/logs/buy30727_lane_cc_main_2025_30.log
[buy30727] 2026-06-05T22:17:30.057Z spawned CC-MAIN-2025-26 pid=3370792 baseline_merchants=18 log=/paperclip/instances/default/workspaces/3ec8f6dd-1735-4479-9825-a2c42edac34c/logs/buy30727_lane_cc_main_2025_26.log
[buy30727] 2026-06-05T22:18:01.587Z worker CC-MAIN-2025-43 pid=3370684 saturated#201(elapsed=38s new_merchants=0 remaining=1897 cooldown=240m)
[buy30727] 2026-06-05T22:18:01.609Z worker CC-MAIN-2025-38 pid=3370710 saturated#201(elapsed=36s new_merchants=0 remaining=1980 cooldown=240m)
[buy30727] 2026-06-05T22:18:01.633Z worker CC-MAIN-2025-33 pid=3370736 saturated#201(elapsed=35s new_merchants=0 remaining=2151 cooldown=240m)
[buy30727] 2026-06-05T22:18:01.652Z worker CC-MAIN-2025-30 pid=3370762 saturated#201(elapsed=33s new_merchants=0 remaining=2171 cooldown=240m)
[buy30727] 2026-06-05T22:18:01.656Z worker CC-MAIN-2025-26 pid=3370792 saturated#201(elapsed=32s new_merchants=0 remaining=744 cooldown=240m)
[buy30727] 2026-06-05T22:18:01.659Z spawned CC-MAIN-2025-08 pid=3371313 baseline_merchants=7 log=/paperclip/instances/default/workspaces/3ec8f6dd-1735-4479-9825-a2c42edac34c/logs/buy30727_lane_cc_main_2025_08.log
[buy30727] 2026-06-05T22:18:03.168Z spawned CC-MAIN-2024-51 pid=3371420 baseline_merchants=427 log=/paperclip/instances/default/workspaces/3ec8f6dd-1735-4479-9825-a2c42edac34c/logs/buy30727_lane_cc_main_2024_51.log
[buy30727] 2026-06-05T22:18:04.691Z spawned CC-MAIN-2024-46 pid=3371468 baseline_merchants=92 log=/paperclip/instances/default/workspaces/3ec8f6dd-1735-4479-9825-a2c42edac34c/logs/buy30727_lane_cc_main_2024_46.log
[buy30727] 2026-06-05T22:18:06.215Z spawned CC-MAIN-2024-42 pid=3371490 baseline_merchants=91 log=/paperclip/instances/default/workspaces/3ec8f6dd-1735-4479-9825-a2c42edac34c/logs/buy30727_lane_cc_main_2024_42.log
[buy30727] 2026-06-05T22:18:07.742Z spawned CC-MAIN-2024-38 pid=3371517 baseline_merchants=36 log=/paperclip/instances/default/workspaces/3ec8f6dd-1735-4479-9825-a2c42edac34c/logs/buy30727_lane_cc_main_2024_38.log
[buy30727] 2026-06-05T22:18:39.284Z worker CC-MAIN-2025-08 pid=3371313 saturated#201(elapsed=38s new_merchants=0 remaining=695 cooldown=240m)
[buy30727] 2026-06-05T22:18:39.303Z worker CC-MAIN-2024-51 pid=3371420 saturated#201(elapsed=36s new_merchants=0 remaining=1545 cooldown=240m)
[buy30727] 2026-06-05T22:18:39.331Z worker CC-MAIN-2024-46 pid=3371468 saturated#201(elapsed=35s new_merchants=0 remaining=1592 cooldown=240m)
[buy30727] 2026-06-05T22:18:39.358Z worker CC-MAIN-2024-42 pid=3371490 saturated#201(elapsed=33s new_merchants=0 remaining=1420 cooldown=240m)
[buy30727] 2026-06-05T22:18:39.362Z worker CC-MAIN-2024-38 pid=3371517 saturated#201(elapsed=32s new_merchants=0 remaining=581 cooldown=240m)
[buy30727] 2026-06-05T22:18:39.366Z spawned CC-MAIN-2024-33 pid=3372214 baseline_merchants=88 log=/paperclip/instances/default/workspaces/3ec8f6dd-1735-4479-9825-a2c42edac34c/logs/buy30727_lane_cc_main_2024_33.log
[buy30727] 2026-06-05T22:18:40.875Z spawned CC-MAIN-2024-30 pid=3372238 baseline_merchants=17 log=/paperclip/instances/default/workspaces/3ec8f6dd-1735-4479-9825-a2c42edac34c/logs/buy30727_lane_cc_main_2024_30.log
[buy30727] 2026-06-05T22:18:42.382Z spawned CC-MAIN-2024-26 pid=3372267 baseline_merchants=7 log=/paperclip/instances/default/workspaces/3ec8f6dd-1735-4479-9825-a2c42edac34c/logs/buy30727_lane_cc_main_2024_26.log
[buy30727] 2026-06-05T22:18:43.890Z spawned CC-MAIN-2024-22 pid=3372291 baseline_merchants=13 log=/paperclip/instances/default/workspaces/3ec8f6dd-1735-4479-9825-a2c42edac34c/logs/buy30727_lane_cc_main_2024_22.log
[buy30727] 2026-06-05T22:18:45.413Z spawned CC-MAIN-2024-18 pid=3372314 baseline_merchants=62 log=/paperclip/instances/default/workspaces/3ec8f6dd-1735-4479-9825-a2c42edac34c/logs/buy30727_lane_cc_main_2024_18.log
[buy30727] 2026-06-05T22:19:16.961Z worker CC-MAIN-2024-33 pid=3372214 saturated#201(elapsed=38s new_merchants=0 remaining=508 cooldown=240m)
[buy30727] 2026-06-05T22:19:16.967Z worker CC-MAIN-2024-30 pid=3372238 saturated#201(elapsed=36s new_merchants=0 remaining=424 cooldown=240m)
[buy30727] 2026-06-05T22:19:16.971Z worker CC-MAIN-2024-26 pid=3372267 saturated#201(elapsed=35s new_merchants=0 remaining=401 cooldown=240m)
[buy30727] 2026-06-05T22:19:16.985Z worker CC-MAIN-2024-22 pid=3372291 saturated#201(elapsed=33s new_merchants=0 remaining=868 cooldown=240m)
[buy30727] 2026-06-05T22:19:17.005Z worker CC-MAIN-2024-18 pid=3372314 saturated#201(elapsed=32s new_merchants=0 remaining=1033 cooldown=240m)
[buy30727] 2026-06-05T22:19:17.009Z spawned CC-MAIN-2024-10 pid=3373030 baseline_merchants=4 log=/paperclip/instances/default/workspaces/3ec8f6dd-1735-4479-9825-a2c42edac34c/logs/buy30727_lane_cc_main_2024_10.log
[buy30727] 2026-06-05T22:19:18.527Z spawned CC-MAIN-2023-50 pid=3373054 baseline_merchants=4 log=/paperclip/instances/default/workspaces/3ec8f6dd-1735-4479-9825-a2c42edac34c/logs/buy30727_lane_cc_main_2023_50.log
[buy30727] 2026-06-05T22:19:20.034Z spawned CC-MAIN-2023-14 pid=3373120 baseline_merchants=53 log=/paperclip/instances/default/workspaces/3ec8f6dd-1735-4479-9825-a2c42edac34c/logs/buy30727_lane_cc_main_2023_14.log
[buy30727] 2026-06-05T22:19:21.542Z spawned CC-MAIN-2023-06 pid=3373185 baseline_merchants=45 log=/paperclip/instances/default/workspaces/3ec8f6dd-1735-4479-9825-a2c42edac34c/logs/buy30727_lane_cc_main_2023_06.log
[buy30727] 2026-06-05T22:19:23.052Z spawned CC-MAIN-2022-49 pid=3373211 baseline_merchants=5 log=/paperclip/instances/default/workspaces/3ec8f6dd-1735-4479-9825-a2c42edac34c/logs/buy30727_lane_cc_main_2022_49.log
[buy30727] 2026-06-05T22:19:54.583Z worker CC-MAIN-2024-10 pid=3373030 saturated#201(elapsed=38s new_merchants=0 remaining=794 cooldown=240m)
[buy30727] 2026-06-05T22:19:54.588Z worker CC-MAIN-2023-50 pid=3373054 saturated#201(elapsed=36s new_merchants=0 remaining=378 cooldown=240m)
[buy30727] 2026-06-05T22:19:54.591Z worker CC-MAIN-2023-14 pid=3373120 saturated#201(elapsed=35s new_merchants=0 remaining=248 cooldown=240m)
[buy30727] 2026-06-05T22:19:54.596Z worker CC-MAIN-2023-06 pid=3373185 saturated#201(elapsed=33s new_merchants=0 remaining=318 cooldown=240m)
[buy30727] 2026-06-05T22:19:54.606Z worker CC-MAIN-2022-49 pid=3373211 saturated#201(elapsed=32s new_merchants=0 remaining=323 cooldown=240m)
[buy30727] 2026-06-05T22:19:54.610Z spawned CC-MAIN-2022-40 pid=3374255 baseline_merchants=3 log=/paperclip/instances/default/workspaces/3ec8f6dd-1735-4479-9825-a2c42edac34c/logs/buy30727_lane_cc_main_2022_40.log
[buy30727] 2026-06-05T22:19:56.123Z spawned CC-MAIN-2026-21 pid=3374277 baseline_merchants=853 log=/paperclip/instances/default/workspaces/3ec8f6dd-1735-4479-9825-a2c42edac34c/logs/buy30727_lane_cc_main_2026_21.log
[buy30727] 2026-06-05T22:19:57.631Z spawned CC-MAIN-2026-17 pid=3374333 baseline_merchants=7 log=/paperclip/instances/default/workspaces/3ec8f6dd-1735-4479-9825-a2c42edac34c/logs/buy30727_lane_cc_main_2026_17.log
[buy30727] 2026-06-05T22:19:59.153Z spawned CC-MAIN-2025-18 pid=3374356 baseline_merchants=72 log=/paperclip/instances/default/workspaces/3ec8f6dd-1735-4479-9825-a2c42edac34c/logs/buy30727_lane_cc_main_2025_18.log
[buy30727] 2026-06-05T22:20:00.677Z spawned CC-MAIN-2025-05 pid=3374382 baseline_merchants=7 log=/paperclip/instances/default/workspaces/3ec8f6dd-1735-4479-9825-a2c42edac34c/logs/buy30727_lane_cc_main_2025_05.log
[buy30727] 2026-06-05T22:20:32.218Z worker CC-MAIN-2022-40 pid=3374255 saturated#201(elapsed=38s new_merchants=0 remaining=295 cooldown=240m)
[buy30727] 2026-06-05T22:20:32.221Z worker CC-MAIN-2026-21 pid=3374277 saturated#201(elapsed=36s new_merchants=0 remaining=862 cooldown=240m)
[buy30727] 2026-06-05T22:20:32.230Z worker CC-MAIN-2026-17 pid=3374333 saturated#202(elapsed=35s new_merchants=0 remaining=3255 cooldown=240m)
[buy30727] 2026-06-05T22:20:32.248Z worker CC-MAIN-2025-18 pid=3374356 saturated#202(elapsed=33s new_merchants=0 remaining=2382 cooldown=240m)
[buy30727] 2026-06-05T22:20:32.253Z worker CC-MAIN-2025-05 pid=3374382 saturated#202(elapsed=32s new_merchants=0 remaining=625 cooldown=240m)
[buy30727] 2026-06-05T22:20:32.257Z spawned CC-MAIN-2025-47 pid=3376803 baseline_merchants=1421 log=/paperclip/instances/default/workspaces/3ec8f6dd-1735-4479-9825-a2c42edac34c/logs/buy30727_lane_cc_main_2025_47.log
[buy30727] 2026-06-05T22:20:33.779Z spawned CC-MAIN-2025-51 pid=3376828 baseline_merchants=236 log=/paperclip/instances/default/workspaces/3ec8f6dd-1735-4479-9825-a2c42edac34c/logs/buy30727_lane_cc_main_2025_51.log
[buy30727] 2026-06-05T22:20:35.304Z spawned CC-MAIN-2025-43 pid=3376861 baseline_merchants=88 log=/paperclip/instances/default/workspaces/3ec8f6dd-1735-4479-9825-a2c42edac34c/logs/buy30727_lane_cc_main_2025_43.log
[buy30727] 2026-06-05T22:20:36.825Z spawned CC-MAIN-2025-38 pid=3376916 baseline_merchants=28 log=/paperclip/instances/default/workspaces/3ec8f6dd-1735-4479-9825-a2c42edac34c/logs/buy30727_lane_cc_main_2025_38.log
[buy30727] 2026-06-05T22:20:38.344Z spawned CC-MAIN-2025-33 pid=3377009 baseline_merchants=13 log=/paperclip/instances/default/workspaces/3ec8f6dd-1735-4479-9825-a2c42edac34c/logs/buy30727_lane_cc_main_2025_33.log
[buy30727] 2026-06-05T22:21:09.917Z worker CC-MAIN-2025-47 pid=3376803 saturated#202(elapsed=38s new_merchants=0 remaining=2294 cooldown=240m)
[buy30727] 2026-06-05T22:21:09.940Z worker CC-MAIN-2025-51 pid=3376828 saturated#202(elapsed=36s new_merchants=0 remaining=2895 cooldown=240m)
[buy30727] 2026-06-05T22:21:09.965Z worker CC-MAIN-2025-43 pid=3376861 saturated#202(elapsed=35s new_merchants=0 remaining=1897 cooldown=240m)
[buy30727] 2026-06-05T22:21:09.982Z worker CC-MAIN-2025-38 pid=3376916 saturated#202(elapsed=33s new_merchants=0 remaining=1980 cooldown=240m)
[buy30727] 2026-06-05T22:21:09.993Z worker CC-MAIN-2025-33 pid=3377009 saturated#202(elapsed=32s new_merchants=0 remaining=2151 cooldown=240m)
[buy30727] 2026-06-05T22:21:09.997Z spawned CC-MAIN-2025-30 pid=3379011 baseline_merchants=136 log=/paperclip/instances/default/workspaces/3ec8f6dd-1735-4479-9825-a2c42edac34c/logs/buy30727_lane_cc_main_2025_30.log
[buy30727] 2026-06-05T22:21:11.520Z spawned CC-MAIN-2025-26 pid=3379234 baseline_merchants=18 log=/paperclip/instances/default/workspaces/3ec8f6dd-1735-4479-9825-a2c42edac34c/logs/buy30727_lane_cc_main_2025_26.log
[buy30727] 2026-06-05T22:21:13.029Z spawned CC-MAIN-2025-08 pid=3379367 baseline_merchants=7 log=/paperclip/instances/default/workspaces/3ec8f6dd-1735-4479-9825-a2c42edac34c/logs/buy30727_lane_cc_main_2025_08.log
[buy30727] 2026-06-05T22:21:14.543Z spawned CC-MAIN-2024-51 pid=3379393 baseline_merchants=427 log=/paperclip/instances/default/workspaces/3ec8f6dd-1735-4479-9825-a2c42edac34c/logs/buy30727_lane_cc_main_2024_51.log
[buy30727] 2026-06-05T22:21:16.063Z spawned CC-MAIN-2024-46 pid=3379426 baseline_merchants=92 log=/paperclip/instances/default/workspaces/3ec8f6dd-1735-4479-9825-a2c42edac34c/logs/buy30727_lane_cc_main_2024_46.log
[buy30727] 2026-06-05T22:21:17.659Z tick=150 active=5 drained=20 saturated=27 known_merchants=15747 status=[CC-MAIN-2025-30:2171/51939, CC-MAIN-2025-26:744/15752, CC-MAIN-2025-08:695/16394, CC-MAIN-2024-51:1545/44052, CC-MAIN-2024-46:1592/59556]
[buy30727] 2026-06-05T22:21:47.696Z worker CC-MAIN-2025-30 pid=3379011 saturated#202(elapsed=38s new_merchants=0 remaining=2171 cooldown=240m)
[buy30727] 2026-06-05T22:21:47.703Z worker CC-MAIN-2025-26 pid=3379234 saturated#202(elapsed=36s new_merchants=0 remaining=744 cooldown=240m)
[buy30727] 2026-06-05T22:21:47.709Z worker CC-MAIN-2025-08 pid=3379367 saturated#202(elapsed=35s new_merchants=0 remaining=695 cooldown=240m)
[buy30727] 2026-06-05T22:21:47.724Z worker CC-MAIN-2024-51 pid=3379393 saturated#202(elapsed=33s new_merchants=0 remaining=1545 cooldown=240m)
[buy30727] 2026-06-05T22:21:47.745Z worker CC-MAIN-2024-46 pid=3379426 saturated#202(elapsed=32s new_merchants=0 remaining=1592 cooldown=240m)
[buy30727] 2026-06-05T22:21:47.749Z spawned CC-MAIN-2024-42 pid=3380747 baseline_merchants=91 log=/paperclip/instances/default/workspaces/3ec8f6dd-1735-4479-9825-a2c42edac34c/logs/buy30727_lane_cc_main_2024_42.log
[buy30727] 2026-06-05T22:21:49.279Z spawned CC-MAIN-2024-38 pid=3380853 baseline_merchants=36 log=/paperclip/instances/default/workspaces/3ec8f6dd-1735-4479-9825-a2c42edac34c/logs/buy30727_lane_cc_main_2024_38.log
[buy30727] 2026-06-05T22:21:50.789Z spawned CC-MAIN-2024-33 pid=3380987 baseline_merchants=88 log=/paperclip/instances/default/workspaces/3ec8f6dd-1735-4479-9825-a2c42edac34c/logs/buy30727_lane_cc_main_2024_33.log
[buy30727] 2026-06-05T22:21:52.299Z spawned CC-MAIN-2024-30 pid=3381081 baseline_merchants=17 log=/paperclip/instances/default/workspaces/3ec8f6dd-1735-4479-9825-a2c42edac34c/logs/buy30727_lane_cc_main_2024_30.log
[buy30727] 2026-06-05T22:21:53.807Z spawned CC-MAIN-2024-26 pid=3381106 baseline_merchants=7 log=/paperclip/instances/default/workspaces/3ec8f6dd-1735-4479-9825-a2c42edac34c/logs/buy30727_lane_cc_main_2024_26.log
[buy30727] 2026-06-05T22:22:25.364Z worker CC-MAIN-2024-42 pid=3380747 saturated#202(elapsed=38s new_merchants=0 remaining=1420 cooldown=240m)
[buy30727] 2026-06-05T22:22:25.373Z worker CC-MAIN-2024-38 pid=3380853 saturated#202(elapsed=36s new_merchants=0 remaining=581 cooldown=240m)
[buy30727] 2026-06-05T22:22:25.380Z worker CC-MAIN-2024-33 pid=3380987 saturated#202(elapsed=35s new_merchants=0 remaining=508 cooldown=240m)
[buy30727] 2026-06-05T22:22:25.386Z worker CC-MAIN-2024-30 pid=3381081 saturated#202(elapsed=33s new_merchants=0 remaining=424 cooldown=240m)
[buy30727] 2026-06-05T22:22:25.390Z worker CC-MAIN-2024-26 pid=3381106 saturated#202(elapsed=32s new_merchants=0 remaining=401 cooldown=240m)
[buy30727] 2026-06-05T22:22:25.393Z spawned CC-MAIN-2024-22 pid=3382404 baseline_merchants=13 log=/paperclip/instances/default/workspaces/3ec8f6dd-1735-4479-9825-a2c42edac34c/logs/buy30727_lane_cc_main_2024_22.log
[buy30727] 2026-06-05T22:22:26.912Z spawned CC-MAIN-2024-18 pid=3382432 baseline_merchants=62 log=/paperclip/instances/default/workspaces/3ec8f6dd-1735-4479-9825-a2c42edac34c/logs/buy30727_lane_cc_main_2024_18.log
[buy30727] 2026-06-05T22:22:28.429Z spawned CC-MAIN-2024-10 pid=3382547 baseline_merchants=4 log=/paperclip/instances/default/workspaces/3ec8f6dd-1735-4479-9825-a2c42edac34c/logs/buy30727_lane_cc_main_2024_10.log
[buy30727] 2026-06-05T22:22:29.945Z spawned CC-MAIN-2023-50 pid=3382572 baseline_merchants=4 log=/paperclip/instances/default/workspaces/3ec8f6dd-1735-4479-9825-a2c42edac34c/logs/buy30727_lane_cc_main_2023_50.log
[buy30727] 2026-06-05T22:22:31.456Z spawned CC-MAIN-2023-14 pid=3382594 baseline_merchants=53 log=/paperclip/instances/default/workspaces/3ec8f6dd-1735-4479-9825-a2c42edac34c/logs/buy30727_lane_cc_main_2023_14.log
[buy30727] 2026-06-05T22:23:02.993Z worker CC-MAIN-2024-22 pid=3382404 saturated#202(elapsed=38s new_merchants=0 remaining=868 cooldown=240m)
[buy30727] 2026-06-05T22:23:03.018Z worker CC-MAIN-2024-18 pid=3382432 saturated#202(elapsed=36s new_merchants=0 remaining=1033 cooldown=240m)
[buy30727] 2026-06-05T22:23:03.028Z worker CC-MAIN-2024-10 pid=3382547 saturated#202(elapsed=35s new_merchants=0 remaining=794 cooldown=240m)
[buy30727] 2026-06-05T22:23:03.032Z worker CC-MAIN-2023-50 pid=3382572 saturated#202(elapsed=33s new_merchants=0 remaining=378 cooldown=240m)
[buy30727] 2026-06-05T22:23:03.035Z worker CC-MAIN-2023-14 pid=3382594 saturated#202(elapsed=32s new_merchants=0 remaining=248 cooldown=240m)
[buy30727] 2026-06-05T22:23:03.039Z spawned CC-MAIN-2023-06 pid=3383490 baseline_merchants=45 log=/paperclip/instances/default/workspaces/3ec8f6dd-1735-4479-9825-a2c42edac34c/logs/buy30727_lane_cc_main_2023_06.log
[buy30727] 2026-06-05T22:23:04.550Z spawned CC-MAIN-2022-49 pid=3383512 baseline_merchants=5 log=/paperclip/instances/default/workspaces/3ec8f6dd-1735-4479-9825-a2c42edac34c/logs/buy30727_lane_cc_main_2022_49.log
[buy30727] 2026-06-05T22:23:06.058Z spawned CC-MAIN-2022-40 pid=3383544 baseline_merchants=3 log=/paperclip/instances/default/workspaces/3ec8f6dd-1735-4479-9825-a2c42edac34c/logs/buy30727_lane_cc_main_2022_40.log
[buy30727] 2026-06-05T22:23:07.566Z spawned CC-MAIN-2026-21 pid=3383571 baseline_merchants=853 log=/paperclip/instances/default/workspaces/3ec8f6dd-1735-4479-9825-a2c42edac34c/logs/buy30727_lane_cc_main_2026_21.log
[buy30727] 2026-06-05T22:23:09.075Z spawned CC-MAIN-2026-17 pid=3383593 baseline_merchants=7 log=/paperclip/instances/default/workspaces/3ec8f6dd-1735-4479-9825-a2c42edac34c/logs/buy30727_lane_cc_main_2026_17.log
[buy30727] 2026-06-05T22:23:40.626Z worker CC-MAIN-2023-06 pid=3383490 saturated#202(elapsed=38s new_merchants=0 remaining=318 cooldown=240m)
[buy30727] 2026-06-05T22:23:40.630Z worker CC-MAIN-2022-49 pid=3383512 saturated#202(elapsed=36s new_merchants=0 remaining=323 cooldown=240m)
[buy30727] 2026-06-05T22:23:40.637Z worker CC-MAIN-2022-40 pid=3383544 saturated#202(elapsed=35s new_merchants=0 remaining=295 cooldown=240m)
[buy30727] 2026-06-05T22:23:40.640Z worker CC-MAIN-2026-21 pid=3383571 saturated#202(elapsed=33s new_merchants=0 remaining=862 cooldown=240m)
[buy30727] 2026-06-05T22:23:40.652Z worker CC-MAIN-2026-17 pid=3383593 saturated#203(elapsed=32s new_merchants=0 remaining=3255 cooldown=240m)
[buy30727] 2026-06-05T22:23:40.656Z spawned CC-MAIN-2025-18 pid=3384544 baseline_merchants=72 log=/paperclip/instances/default/workspaces/3ec8f6dd-1735-4479-9825-a2c42edac34c/logs/buy30727_lane_cc_main_2025_18.log
[buy30727] 2026-06-05T22:23:42.180Z spawned CC-MAIN-2025-05 pid=3384572 baseline_merchants=7 log=/paperclip/instances/default/workspaces/3ec8f6dd-1735-4479-9825-a2c42edac34c/logs/buy30727_lane_cc_main_2025_05.log
[buy30727] 2026-06-05T22:23:43.692Z spawned CC-MAIN-2025-47 pid=3384615 baseline_merchants=1421 log=/paperclip/instances/default/workspaces/3ec8f6dd-1735-4479-9825-a2c42edac34c/logs/buy30727_lane_cc_main_2025_47.log
[buy30727] 2026-06-05T22:23:45.242Z spawned CC-MAIN-2025-51 pid=3384641 baseline_merchants=236 log=/paperclip/instances/default/workspaces/3ec8f6dd-1735-4479-9825-a2c42edac34c/logs/buy30727_lane_cc_main_2025_51.log
[buy30727] 2026-06-05T22:23:46.776Z spawned CC-MAIN-2025-43 pid=3384663 baseline_merchants=88 log=/paperclip/instances/default/workspaces/3ec8f6dd-1735-4479-9825-a2c42edac34c/logs/buy30727_lane_cc_main_2025_43.log
[buy30727] 2026-06-05T22:24:18.365Z worker CC-MAIN-2025-18 pid=3384544 saturated#203(elapsed=38s new_merchants=0 remaining=2382 cooldown=240m)
[buy30727] 2026-06-05T22:24:18.368Z worker CC-MAIN-2025-05 pid=3384572 saturated#203(elapsed=36s new_merchants=0 remaining=625 cooldown=240m)
[buy30727] 2026-06-05T22:24:18.383Z worker CC-MAIN-2025-47 pid=3384615 saturated#203(elapsed=35s new_merchants=0 remaining=2294 cooldown=240m)
[buy30727] 2026-06-05T22:24:18.396Z worker CC-MAIN-2025-51 pid=3384641 saturated#203(elapsed=33s new_merchants=0 remaining=2895 cooldown=240m)
[buy30727] 2026-06-05T22:24:18.406Z worker CC-MAIN-2025-43 pid=3384663 saturated#203(elapsed=32s new_merchants=0 remaining=1897 cooldown=240m)
[buy30727] 2026-06-05T22:24:18.409Z spawned CC-MAIN-2025-38 pid=3385199 baseline_merchants=28 log=/paperclip/instances/default/workspaces/3ec8f6dd-1735-4479-9825-a2c42edac34c/logs/buy30727_lane_cc_main_2025_38.log
[buy30727] 2026-06-05T22:24:19.932Z spawned CC-MAIN-2025-33 pid=3385222 baseline_merchants=13 log=/paperclip/instances/default/workspaces/3ec8f6dd-1735-4479-9825-a2c42edac34c/logs/buy30727_lane_cc_main_2025_33.log
[buy30727] 2026-06-05T22:24:21.450Z spawned CC-MAIN-2025-30 pid=3385246 baseline_merchants=136 log=/paperclip/instances/default/workspaces/3ec8f6dd-1735-4479-9825-a2c42edac34c/logs/buy30727_lane_cc_main_2025_30.log
[buy30727] 2026-06-05T22:24:22.970Z spawned CC-MAIN-2025-26 pid=3385363 baseline_merchants=18 log=/paperclip/instances/default/workspaces/3ec8f6dd-1735-4479-9825-a2c42edac34c/logs/buy30727_lane_cc_main_2025_26.log
[buy30727] 2026-06-05T22:24:24.479Z spawned CC-MAIN-2025-08 pid=3385385 baseline_merchants=7 log=/paperclip/instances/default/workspaces/3ec8f6dd-1735-4479-9825-a2c42edac34c/logs/buy30727_lane_cc_main_2025_08.log
[buy30727] 2026-06-05T22:24:56.014Z worker CC-MAIN-2025-38 pid=3385199 saturated#203(elapsed=38s new_merchants=0 remaining=1980 cooldown=240m)
[buy30727] 2026-06-05T22:24:56.026Z worker CC-MAIN-2025-33 pid=3385222 saturated#203(elapsed=36s new_merchants=0 remaining=2151 cooldown=240m)
[buy30727] 2026-06-05T22:24:56.037Z worker CC-MAIN-2025-30 pid=3385246 saturated#203(elapsed=35s new_merchants=0 remaining=2171 cooldown=240m)
[buy30727] 2026-06-05T22:24:56.042Z worker CC-MAIN-2025-26 pid=3385363 saturated#203(elapsed=33s new_merchants=0 remaining=744 cooldown=240m)
[buy30727] 2026-06-05T22:24:56.049Z worker CC-MAIN-2025-08 pid=3385385 saturated#203(elapsed=32s new_merchants=0 remaining=695 cooldown=240m)
[buy30727] 2026-06-05T22:24:56.052Z spawned CC-MAIN-2024-51 pid=3385793 baseline_merchants=427 log=/paperclip/instances/default/workspaces/3ec8f6dd-1735-4479-9825-a2c42edac34c/logs/buy30727_lane_cc_main_2024_51.log
[buy30727] 2026-06-05T22:24:57.573Z spawned CC-MAIN-2024-46 pid=3385822 baseline_merchants=92 log=/paperclip/instances/default/workspaces/3ec8f6dd-1735-4479-9825-a2c42edac34c/logs/buy30727_lane_cc_main_2024_46.log
[buy30727] 2026-06-05T22:24:59.106Z spawned CC-MAIN-2024-42 pid=3385870 baseline_merchants=91 log=/paperclip/instances/default/workspaces/3ec8f6dd-1735-4479-9825-a2c42edac34c/logs/buy30727_lane_cc_main_2024_42.log
[buy30727] 2026-06-05T22:25:00.628Z spawned CC-MAIN-2024-38 pid=3385895 baseline_merchants=36 log=/paperclip/instances/default/workspaces/3ec8f6dd-1735-4479-9825-a2c42edac34c/logs/buy30727_lane_cc_main_2024_38.log
[buy30727] 2026-06-05T22:25:02.137Z spawned CC-MAIN-2024-33 pid=3386033 baseline_merchants=88 log=/paperclip/instances/default/workspaces/3ec8f6dd-1735-4479-9825-a2c42edac34c/logs/buy30727_lane_cc_main_2024_33.log
[buy30727] 2026-06-05T22:25:33.672Z worker CC-MAIN-2024-51 pid=3385793 saturated#203(elapsed=38s new_merchants=0 remaining=1545 cooldown=240m)
[buy30727] 2026-06-05T22:25:33.699Z worker CC-MAIN-2024-46 pid=3385822 saturated#203(elapsed=36s new_merchants=0 remaining=1592 cooldown=240m)
[buy30727] 2026-06-05T22:25:33.718Z worker CC-MAIN-2024-42 pid=3385870 saturated#203(elapsed=35s new_merchants=0 remaining=1420 cooldown=240m)
[buy30727] 2026-06-05T22:25:33.724Z worker CC-MAIN-2024-38 pid=3385895 saturated#203(elapsed=33s new_merchants=0 remaining=581 cooldown=240m)
[buy30727] 2026-06-05T22:25:33.729Z worker CC-MAIN-2024-33 pid=3386033 saturated#203(elapsed=32s new_merchants=0 remaining=508 cooldown=240m)
[buy30727] 2026-06-05T22:25:33.732Z spawned CC-MAIN-2024-30 pid=3386701 baseline_merchants=17 log=/paperclip/instances/default/workspaces/3ec8f6dd-1735-4479-9825-a2c42edac34c/logs/buy30727_lane_cc_main_2024_30.log
[buy30727] 2026-06-05T22:25:35.241Z spawned CC-MAIN-2024-26 pid=3386723 baseline_merchants=7 log=/paperclip/instances/default/workspaces/3ec8f6dd-1735-4479-9825-a2c42edac34c/logs/buy30727_lane_cc_main_2024_26.log
[buy30727] 2026-06-05T22:25:36.750Z spawned CC-MAIN-2024-22 pid=3386764 baseline_merchants=13 log=/paperclip/instances/default/workspaces/3ec8f6dd-1735-4479-9825-a2c42edac34c/logs/buy30727_lane_cc_main_2024_22.log
[buy30727] 2026-06-05T22:25:38.265Z spawned CC-MAIN-2024-18 pid=3386817 baseline_merchants=62 log=/paperclip/instances/default/workspaces/3ec8f6dd-1735-4479-9825-a2c42edac34c/logs/buy30727_lane_cc_main_2024_18.log
[buy30727] 2026-06-05T22:25:39.786Z spawned CC-MAIN-2024-10 pid=3386839 baseline_merchants=4 log=/paperclip/instances/default/workspaces/3ec8f6dd-1735-4479-9825-a2c42edac34c/logs/buy30727_lane_cc_main_2024_10.log
[buy30727] 2026-06-05T22:26:11.323Z worker CC-MAIN-2024-30 pid=3386701 saturated#203(elapsed=38s new_merchants=0 remaining=424 cooldown=240m)
[buy30727] 2026-06-05T22:26:11.327Z worker CC-MAIN-2024-26 pid=3386723 saturated#203(elapsed=36s new_merchants=0 remaining=401 cooldown=240m)
[buy30727] 2026-06-05T22:26:11.339Z worker CC-MAIN-2024-22 pid=3386764 saturated#203(elapsed=35s new_merchants=0 remaining=868 cooldown=240m)
[buy30727] 2026-06-05T22:26:11.349Z worker CC-MAIN-2024-18 pid=3386817 saturated#203(elapsed=33s new_merchants=0 remaining=1033 cooldown=240m)
[buy30727] 2026-06-05T22:26:11.358Z worker CC-MAIN-2024-10 pid=3386839 saturated#203(elapsed=32s new_merchants=0 remaining=794 cooldown=240m)
[buy30727] 2026-06-05T22:26:11.361Z spawned CC-MAIN-2023-50 pid=3389094 baseline_merchants=4 log=/paperclip/instances/default/workspaces/3ec8f6dd-1735-4479-9825-a2c42edac34c/logs/buy30727_lane_cc_main_2023_50.log
[buy30727] 2026-06-05T22:26:12.872Z spawned CC-MAIN-2023-14 pid=3389257 baseline_merchants=53 log=/paperclip/instances/default/workspaces/3ec8f6dd-1735-4479-9825-a2c42edac34c/logs/buy30727_lane_cc_main_2023_14.log
[buy30727] 2026-06-05T22:26:14.381Z spawned CC-MAIN-2023-06 pid=3389291 baseline_merchants=45 log=/paperclip/instances/default/workspaces/3ec8f6dd-1735-4479-9825-a2c42edac34c/logs/buy30727_lane_cc_main_2023_06.log
[buy30727] 2026-06-05T22:26:15.895Z spawned CC-MAIN-2022-49 pid=3389315 baseline_merchants=5 log=/paperclip/instances/default/workspaces/3ec8f6dd-1735-4479-9825-a2c42edac34c/logs/buy30727_lane_cc_main_2022_49.log
[buy30727] 2026-06-05T22:26:17.405Z spawned CC-MAIN-2022-40 pid=3389390 baseline_merchants=3 log=/paperclip/instances/default/workspaces/3ec8f6dd-1735-4479-9825-a2c42edac34c/logs/buy30727_lane_cc_main_2022_40.log
[buy30727] 2026-06-05T22:26:48.947Z worker CC-MAIN-2023-50 pid=3389094 saturated#203(elapsed=38s new_merchants=0 remaining=378 cooldown=240m)
[buy30727] 2026-06-05T22:26:48.956Z worker CC-MAIN-2023-14 pid=3389257 saturated#203(elapsed=36s new_merchants=0 remaining=248 cooldown=240m)
[buy30727] 2026-06-05T22:26:48.970Z worker CC-MAIN-2023-06 pid=3389291 saturated#203(elapsed=35s new_merchants=0 remaining=318 cooldown=240m)
[buy30727] 2026-06-05T22:26:48.979Z worker CC-MAIN-2022-49 pid=3389315 saturated#203(elapsed=33s new_merchants=0 remaining=323 cooldown=240m)
[buy30727] 2026-06-05T22:26:48.990Z worker CC-MAIN-2022-40 pid=3389390 saturated#203(elapsed=32s new_merchants=0 remaining=295 cooldown=240m)
[buy30727] 2026-06-05T22:26:48.994Z spawned CC-MAIN-2026-21 pid=3391910 baseline_merchants=853 log=/paperclip/instances/default/workspaces/3ec8f6dd-1735-4479-9825-a2c42edac34c/logs/buy30727_lane_cc_main_2026_21.log
[buy30727] 2026-06-05T22:26:50.505Z spawned CC-MAIN-2026-17 pid=3391986 baseline_merchants=7 log=/paperclip/instances/default/workspaces/3ec8f6dd-1735-4479-9825-a2c42edac34c/logs/buy30727_lane_cc_main_2026_17.log
[buy30727] 2026-06-05T22:26:52.030Z spawned CC-MAIN-2025-18 pid=3392116 baseline_merchants=72 log=/paperclip/instances/default/workspaces/3ec8f6dd-1735-4479-9825-a2c42edac34c/logs/buy30727_lane_cc_main_2025_18.log
[buy30727] 2026-06-05T22:26:53.555Z spawned CC-MAIN-2025-05 pid=3392378 baseline_merchants=7 log=/paperclip/instances/default/workspaces/3ec8f6dd-1735-4479-9825-a2c42edac34c/logs/buy30727_lane_cc_main_2025_05.log
[buy30727] 2026-06-05T22:26:55.063Z spawned CC-MAIN-2025-47 pid=3392485 baseline_merchants=1421 log=/paperclip/instances/default/workspaces/3ec8f6dd-1735-4479-9825-a2c42edac34c/logs/buy30727_lane_cc_main_2025_47.log
[buy30727] 2026-06-05T22:27:26.611Z worker CC-MAIN-2026-21 pid=3391910 saturated#203(elapsed=38s new_merchants=0 remaining=862 cooldown=240m)
[buy30727] 2026-06-05T22:27:26.639Z worker CC-MAIN-2026-17 pid=3391986 saturated#204(elapsed=36s new_merchants=0 remaining=3255 cooldown=240m)
[buy30727] 2026-06-05T22:27:26.676Z worker CC-MAIN-2025-18 pid=3392116 saturated#204(elapsed=35s new_merchants=0 remaining=2382 cooldown=240m)
[buy30727] 2026-06-05T22:27:26.682Z worker CC-MAIN-2025-05 pid=3392378 saturated#204(elapsed=33s new_merchants=0 remaining=625 cooldown=240m)
[buy30727] 2026-06-05T22:27:26.724Z worker CC-MAIN-2025-47 pid=3392485 saturated#204(elapsed=32s new_merchants=0 remaining=2294 cooldown=240m)
[buy30727] 2026-06-05T22:27:26.731Z spawned CC-MAIN-2025-51 pid=3393520 baseline_merchants=236 log=/paperclip/instances/default/workspaces/3ec8f6dd-1735-4479-9825-a2c42edac34c/logs/buy30727_lane_cc_main_2025_51.log
[buy30727] 2026-06-05T22:27:28.252Z spawned CC-MAIN-2025-43 pid=3393637 baseline_merchants=88 log=/paperclip/instances/default/workspaces/3ec8f6dd-1735-4479-9825-a2c42edac34c/logs/buy30727_lane_cc_main_2025_43.log
[buy30727] 2026-06-05T22:27:29.773Z spawned CC-MAIN-2025-38 pid=3393748 baseline_merchants=28 log=/paperclip/instances/default/workspaces/3ec8f6dd-1735-4479-9825-a2c42edac34c/logs/buy30727_lane_cc_main_2025_38.log
[buy30727] 2026-06-05T22:27:31.296Z spawned CC-MAIN-2025-33 pid=3393780 baseline_merchants=13 log=/paperclip/instances/default/workspaces/3ec8f6dd-1735-4479-9825-a2c42edac34c/logs/buy30727_lane_cc_main_2025_33.log
[buy30727] 2026-06-05T22:27:32.819Z spawned CC-MAIN-2025-30 pid=3393804 baseline_merchants=136 log=/paperclip/instances/default/workspaces/3ec8f6dd-1735-4479-9825-a2c42edac34c/logs/buy30727_lane_cc_main_2025_30.log
[buy30727] 2026-06-05T22:27:34.398Z tick=160 active=5 drained=20 saturated=27 known_merchants=15747 status=[CC-MAIN-2025-51:2895/45604, CC-MAIN-2025-43:1897/45093, CC-MAIN-2025-38:1980/47922, CC-MAIN-2025-33:2151/52953, CC-MAIN-2025-30:2171/51939]
[buy30727] 2026-06-05T22:28:04.440Z worker CC-MAIN-2025-51 pid=3393520 saturated#204(elapsed=38s new_merchants=0 remaining=2895 cooldown=240m)
[buy30727] 2026-06-05T22:28:04.462Z worker CC-MAIN-2025-43 pid=3393637 saturated#204(elapsed=36s new_merchants=0 remaining=1897 cooldown=240m)
[buy30727] 2026-06-05T22:28:04.486Z worker CC-MAIN-2025-38 pid=3393748 saturated#204(elapsed=35s new_merchants=0 remaining=1980 cooldown=240m)
[buy30727] 2026-06-05T22:28:04.505Z worker CC-MAIN-2025-33 pid=3393780 saturated#204(elapsed=33s new_merchants=0 remaining=2151 cooldown=240m)
[buy30727] 2026-06-05T22:28:04.516Z worker CC-MAIN-2025-30 pid=3393804 saturated#204(elapsed=32s new_merchants=0 remaining=2171 cooldown=240m)
[buy30727] 2026-06-05T22:28:04.520Z spawned CC-MAIN-2025-26 pid=3394768 baseline_merchants=18 log=/paperclip/instances/default/workspaces/3ec8f6dd-1735-4479-9825-a2c42edac34c/logs/buy30727_lane_cc_main_2025_26.log
[buy30727] 2026-06-05T22:28:06.029Z spawned CC-MAIN-2025-08 pid=3394927 baseline_merchants=7 log=/paperclip/instances/default/workspaces/3ec8f6dd-1735-4479-9825-a2c42edac34c/logs/buy30727_lane_cc_main_2025_08.log
[buy30727] 2026-06-05T22:28:07.543Z spawned CC-MAIN-2024-51 pid=3394952 baseline_merchants=427 log=/paperclip/instances/default/workspaces/3ec8f6dd-1735-4479-9825-a2c42edac34c/logs/buy30727_lane_cc_main_2024_51.log
[buy30727] 2026-06-05T22:28:09.060Z spawned CC-MAIN-2024-46 pid=3394977 baseline_merchants=92 log=/paperclip/instances/default/workspaces/3ec8f6dd-1735-4479-9825-a2c42edac34c/logs/buy30727_lane_cc_main_2024_46.log
[buy30727] 2026-06-05T22:28:10.584Z spawned CC-MAIN-2024-42 pid=3395000 baseline_merchants=91 log=/paperclip/instances/default/workspaces/3ec8f6dd-1735-4479-9825-a2c42edac34c/logs/buy30727_lane_cc_main_2024_42.log
[buy30727] 2026-06-05T22:28:42.136Z worker CC-MAIN-2025-26 pid=3394768 saturated#204(elapsed=38s new_merchants=0 remaining=744 cooldown=240m)
[buy30727] 2026-06-05T22:28:42.142Z worker CC-MAIN-2025-08 pid=3394927 saturated#204(elapsed=36s new_merchants=0 remaining=695 cooldown=240m)
[buy30727] 2026-06-05T22:28:42.160Z worker CC-MAIN-2024-51 pid=3394952 saturated#204(elapsed=35s new_merchants=0 remaining=1545 cooldown=240m)
[buy30727] 2026-06-05T22:28:42.183Z worker CC-MAIN-2024-46 pid=3394977 saturated#204(elapsed=33s new_merchants=0 remaining=1592 cooldown=240m)
[buy30727] 2026-06-05T22:28:42.209Z worker CC-MAIN-2024-42 pid=3395000 saturated#204(elapsed=32s new_merchants=0 remaining=1420 cooldown=240m)
[buy30727] 2026-06-05T22:28:42.213Z spawned CC-MAIN-2024-38 pid=3396185 baseline_merchants=36 log=/paperclip/instances/default/workspaces/3ec8f6dd-1735-4479-9825-a2c42edac34c/logs/buy30727_lane_cc_main_2024_38.log
[buy30727] 2026-06-05T22:28:43.722Z spawned CC-MAIN-2024-33 pid=3396229 baseline_merchants=88 log=/paperclip/instances/default/workspaces/3ec8f6dd-1735-4479-9825-a2c42edac34c/logs/buy30727_lane_cc_main_2024_33.log
[buy30727] 2026-06-05T22:28:45.233Z spawned CC-MAIN-2024-30 pid=3396259 baseline_merchants=17 log=/paperclip/instances/default/workspaces/3ec8f6dd-1735-4479-9825-a2c42edac34c/logs/buy30727_lane_cc_main_2024_30.log
[buy30727] 2026-06-05T22:28:46.741Z spawned CC-MAIN-2024-26 pid=3396448 baseline_merchants=7 log=/paperclip/instances/default/workspaces/3ec8f6dd-1735-4479-9825-a2c42edac34c/logs/buy30727_lane_cc_main_2024_26.log
[buy30727] 2026-06-05T22:28:48.250Z spawned CC-MAIN-2024-22 pid=3396474 baseline_merchants=13 log=/paperclip/instances/default/workspaces/3ec8f6dd-1735-4479-9825-a2c42edac34c/logs/buy30727_lane_cc_main_2024_22.log
[buy30727] 2026-06-05T22:29:19.801Z worker CC-MAIN-2024-38 pid=3396185 saturated#204(elapsed=38s new_merchants=0 remaining=581 cooldown=240m)
[buy30727] 2026-06-05T22:29:19.809Z worker CC-MAIN-2024-33 pid=3396229 saturated#204(elapsed=36s new_merchants=0 remaining=508 cooldown=240m)
[buy30727] 2026-06-05T22:29:19.815Z worker CC-MAIN-2024-30 pid=3396259 saturated#204(elapsed=35s new_merchants=0 remaining=424 cooldown=240m)
[buy30727] 2026-06-05T22:29:19.823Z worker CC-MAIN-2024-26 pid=3396448 saturated#204(elapsed=33s new_merchants=0 remaining=401 cooldown=240m)
[buy30727] 2026-06-05T22:29:19.841Z worker CC-MAIN-2024-22 pid=3396474 saturated#204(elapsed=32s new_merchants=0 remaining=868 cooldown=240m)
[buy30727] 2026-06-05T22:29:19.844Z spawned CC-MAIN-2024-18 pid=3397937 baseline_merchants=62 log=/paperclip/instances/default/workspaces/3ec8f6dd-1735-4479-9825-a2c42edac34c/logs/buy30727_lane_cc_main_2024_18.log
[buy30727] 2026-06-05T22:29:21.377Z spawned CC-MAIN-2024-10 pid=3398099 baseline_merchants=4 log=/paperclip/instances/default/workspaces/3ec8f6dd-1735-4479-9825-a2c42edac34c/logs/buy30727_lane_cc_main_2024_10.log
[buy30727] 2026-06-05T22:29:22.891Z spawned CC-MAIN-2023-50 pid=3398124 baseline_merchants=4 log=/paperclip/instances/default/workspaces/3ec8f6dd-1735-4479-9825-a2c42edac34c/logs/buy30727_lane_cc_main_2023_50.log
[buy30727] 2026-06-05T22:29:24.400Z spawned CC-MAIN-2023-14 pid=3398194 baseline_merchants=53 log=/paperclip/instances/default/workspaces/3ec8f6dd-1735-4479-9825-a2c42edac34c/logs/buy30727_lane_cc_main_2023_14.log
[buy30727] 2026-06-05T22:29:25.909Z spawned CC-MAIN-2023-06 pid=3398301 baseline_merchants=45 log=/paperclip/instances/default/workspaces/3ec8f6dd-1735-4479-9825-a2c42edac34c/logs/buy30727_lane_cc_main_2023_06.log
[buy30727] 2026-06-05T22:29:57.460Z worker CC-MAIN-2024-18 pid=3397937 saturated#204(elapsed=38s new_merchants=0 remaining=1033 cooldown=240m)
[buy30727] 2026-06-05T22:29:57.468Z worker CC-MAIN-2024-10 pid=3398099 saturated#204(elapsed=36s new_merchants=0 remaining=794 cooldown=240m)
[buy30727] 2026-06-05T22:29:57.474Z worker CC-MAIN-2023-50 pid=3398124 saturated#204(elapsed=35s new_merchants=0 remaining=378 cooldown=240m)
[buy30727] 2026-06-05T22:29:57.479Z worker CC-MAIN-2023-14 pid=3398194 saturated#204(elapsed=33s new_merchants=0 remaining=248 cooldown=240m)
[buy30727] 2026-06-05T22:29:57.484Z worker CC-MAIN-2023-06 pid=3398301 saturated#204(elapsed=32s new_merchants=0 remaining=318 cooldown=240m)
[buy30727] 2026-06-05T22:29:57.487Z spawned CC-MAIN-2022-49 pid=3399757 baseline_merchants=5 log=/paperclip/instances/default/workspaces/3ec8f6dd-1735-4479-9825-a2c42edac34c/logs/buy30727_lane_cc_main_2022_49.log
[buy30727] 2026-06-05T22:29:58.998Z spawned CC-MAIN-2022-40 pid=3399782 baseline_merchants=3 log=/paperclip/instances/default/workspaces/3ec8f6dd-1735-4479-9825-a2c42edac34c/logs/buy30727_lane_cc_main_2022_40.log
[buy30727] 2026-06-05T22:30:00.507Z spawned CC-MAIN-2026-21 pid=3399807 baseline_merchants=853 log=/paperclip/instances/default/workspaces/3ec8f6dd-1735-4479-9825-a2c42edac34c/logs/buy30727_lane_cc_main_2026_21.log
[buy30727] 2026-06-05T22:30:02.015Z spawned CC-MAIN-2026-17 pid=3400152 baseline_merchants=7 log=/paperclip/instances/default/workspaces/3ec8f6dd-1735-4479-9825-a2c42edac34c/logs/buy30727_lane_cc_main_2026_17.log
[buy30727] 2026-06-05T22:30:03.540Z spawned CC-MAIN-2025-18 pid=3400358 baseline_merchants=72 log=/paperclip/instances/default/workspaces/3ec8f6dd-1735-4479-9825-a2c42edac34c/logs/buy30727_lane_cc_main_2025_18.log
[buy30727] 2026-06-05T22:30:35.076Z worker CC-MAIN-2022-49 pid=3399757 saturated#204(elapsed=38s new_merchants=0 remaining=323 cooldown=240m)
[buy30727] 2026-06-05T22:30:35.080Z worker CC-MAIN-2022-40 pid=3399782 saturated#204(elapsed=36s new_merchants=0 remaining=295 cooldown=240m)
[buy30727] 2026-06-05T22:30:35.082Z worker CC-MAIN-2026-21 pid=3399807 saturated#204(elapsed=35s new_merchants=0 remaining=862 cooldown=240m)
[buy30727] 2026-06-05T22:30:35.090Z worker CC-MAIN-2026-17 pid=3400152 saturated#205(elapsed=33s new_merchants=0 remaining=3255 cooldown=240m)
[buy30727] 2026-06-05T22:30:35.109Z worker CC-MAIN-2025-18 pid=3400358 saturated#205(elapsed=32s new_merchants=0 remaining=2382 cooldown=240m)
[buy30727] 2026-06-05T22:30:35.112Z spawned CC-MAIN-2025-05 pid=3401847 baseline_merchants=7 log=/paperclip/instances/default/workspaces/3ec8f6dd-1735-4479-9825-a2c42edac34c/logs/buy30727_lane_cc_main_2025_05.log
[buy30727] 2026-06-05T22:30:36.623Z spawned CC-MAIN-2025-47 pid=3402204 baseline_merchants=1421 log=/paperclip/instances/default/workspaces/3ec8f6dd-1735-4479-9825-a2c42edac34c/logs/buy30727_lane_cc_main_2025_47.log
[buy30727] 2026-06-05T22:30:38.149Z spawned CC-MAIN-2025-51 pid=3402250 baseline_merchants=236 log=/paperclip/instances/default/workspaces/3ec8f6dd-1735-4479-9825-a2c42edac34c/logs/buy30727_lane_cc_main_2025_51.log
[buy30727] 2026-06-05T22:30:39.679Z spawned CC-MAIN-2025-43 pid=3402276 baseline_merchants=88 log=/paperclip/instances/default/workspaces/3ec8f6dd-1735-4479-9825-a2c42edac34c/logs/buy30727_lane_cc_main_2025_43.log
[buy30727] 2026-06-05T22:30:41.197Z spawned CC-MAIN-2025-38 pid=3402299 baseline_merchants=28 log=/paperclip/instances/default/workspaces/3ec8f6dd-1735-4479-9825-a2c42edac34c/logs/buy30727_lane_cc_main_2025_38.log
[buy30727] 2026-06-05T22:31:12.740Z worker CC-MAIN-2025-05 pid=3401847 saturated#205(elapsed=38s new_merchants=0 remaining=625 cooldown=240m)
[buy30727] 2026-06-05T22:31:12.757Z worker CC-MAIN-2025-47 pid=3402204 saturated#205(elapsed=36s new_merchants=0 remaining=2294 cooldown=240m)
[buy30727] 2026-06-05T22:31:12.771Z worker CC-MAIN-2025-51 pid=3402250 saturated#205(elapsed=35s new_merchants=0 remaining=2895 cooldown=240m)
[buy30727] 2026-06-05T22:31:12.797Z worker CC-MAIN-2025-43 pid=3402276 saturated#205(elapsed=33s new_merchants=0 remaining=1897 cooldown=240m)
[buy30727] 2026-06-05T22:31:12.832Z worker CC-MAIN-2025-38 pid=3402299 saturated#205(elapsed=32s new_merchants=0 remaining=1980 cooldown=240m)
[buy30727] 2026-06-05T22:31:12.835Z spawned CC-MAIN-2025-33 pid=3405511 baseline_merchants=13 log=/paperclip/instances/default/workspaces/3ec8f6dd-1735-4479-9825-a2c42edac34c/logs/buy30727_lane_cc_main_2025_33.log
[buy30727] 2026-06-05T22:31:14.354Z spawned CC-MAIN-2025-30 pid=3405558 baseline_merchants=136 log=/paperclip/instances/default/workspaces/3ec8f6dd-1735-4479-9825-a2c42edac34c/logs/buy30727_lane_cc_main_2025_30.log
[buy30727] 2026-06-05T22:31:15.874Z spawned CC-MAIN-2025-26 pid=3405658 baseline_merchants=18 log=/paperclip/instances/default/workspaces/3ec8f6dd-1735-4479-9825-a2c42edac34c/logs/buy30727_lane_cc_main_2025_26.log
[buy30727] 2026-06-05T22:31:17.385Z spawned CC-MAIN-2025-08 pid=3406040 baseline_merchants=7 log=/paperclip/instances/default/workspaces/3ec8f6dd-1735-4479-9825-a2c42edac34c/logs/buy30727_lane_cc_main_2025_08.log
[buy30727] 2026-06-05T22:31:18.894Z spawned CC-MAIN-2024-51 pid=3406074 baseline_merchants=427 log=/paperclip/instances/default/workspaces/3ec8f6dd-1735-4479-9825-a2c42edac34c/logs/buy30727_lane_cc_main_2024_51.log
[buy30727] 2026-06-05T22:31:50.474Z worker CC-MAIN-2025-33 pid=3405511 saturated#205(elapsed=38s new_merchants=0 remaining=2151 cooldown=240m)
[buy30727] 2026-06-05T22:31:50.519Z worker CC-MAIN-2025-30 pid=3405558 saturated#205(elapsed=36s new_merchants=0 remaining=2171 cooldown=240m)
[buy30727] 2026-06-05T22:31:50.529Z worker CC-MAIN-2025-26 pid=3405658 saturated#205(elapsed=35s new_merchants=0 remaining=744 cooldown=240m)
[buy30727] 2026-06-05T22:31:50.538Z worker CC-MAIN-2025-08 pid=3406040 saturated#205(elapsed=33s new_merchants=0 remaining=695 cooldown=240m)
[buy30727] 2026-06-05T22:31:50.577Z worker CC-MAIN-2024-51 pid=3406074 saturated#205(elapsed=32s new_merchants=0 remaining=1545 cooldown=240m)
[buy30727] 2026-06-05T22:31:50.582Z spawned CC-MAIN-2024-46 pid=3409536 baseline_merchants=92 log=/paperclip/instances/default/workspaces/3ec8f6dd-1735-4479-9825-a2c42edac34c/logs/buy30727_lane_cc_main_2024_46.log
[buy30727] 2026-06-05T22:31:52.119Z spawned CC-MAIN-2024-42 pid=3409665 baseline_merchants=91 log=/paperclip/instances/default/workspaces/3ec8f6dd-1735-4479-9825-a2c42edac34c/logs/buy30727_lane_cc_main_2024_42.log
[buy30727] 2026-06-05T22:31:53.663Z spawned CC-MAIN-2024-38 pid=3409750 baseline_merchants=36 log=/paperclip/instances/default/workspaces/3ec8f6dd-1735-4479-9825-a2c42edac34c/logs/buy30727_lane_cc_main_2024_38.log
[buy30727] 2026-06-05T22:31:55.188Z spawned CC-MAIN-2024-33 pid=3410186 baseline_merchants=88 log=/paperclip/instances/default/workspaces/3ec8f6dd-1735-4479-9825-a2c42edac34c/logs/buy30727_lane_cc_main_2024_33.log
[buy30727] 2026-06-05T22:31:56.698Z spawned CC-MAIN-2024-30 pid=3410383 baseline_merchants=17 log=/paperclip/instances/default/workspaces/3ec8f6dd-1735-4479-9825-a2c42edac34c/logs/buy30727_lane_cc_main_2024_30.log
[buy30727] 2026-06-05T22:32:28.269Z worker CC-MAIN-2024-46 pid=3409536 saturated#205(elapsed=38s new_merchants=0 remaining=1592 cooldown=240m)
[buy30727] 2026-06-05T22:32:28.299Z worker CC-MAIN-2024-42 pid=3409665 saturated#205(elapsed=36s new_merchants=0 remaining=1420 cooldown=240m)
[buy30727] 2026-06-05T22:32:28.312Z worker CC-MAIN-2024-38 pid=3409750 saturated#205(elapsed=35s new_merchants=0 remaining=581 cooldown=240m)
[buy30727] 2026-06-05T22:32:28.321Z worker CC-MAIN-2024-33 pid=3410186 saturated#205(elapsed=33s new_merchants=0 remaining=508 cooldown=240m)
[buy30727] 2026-06-05T22:32:28.324Z worker CC-MAIN-2024-30 pid=3410383 saturated#205(elapsed=32s new_merchants=0 remaining=424 cooldown=240m)
[buy30727] 2026-06-05T22:32:28.328Z spawned CC-MAIN-2024-26 pid=3413009 baseline_merchants=7 log=/paperclip/instances/default/workspaces/3ec8f6dd-1735-4479-9825-a2c42edac34c/logs/buy30727_lane_cc_main_2024_26.log
[buy30727] 2026-06-05T22:32:29.836Z spawned CC-MAIN-2024-22 pid=3413147 baseline_merchants=13 log=/paperclip/instances/default/workspaces/3ec8f6dd-1735-4479-9825-a2c42edac34c/logs/buy30727_lane_cc_main_2024_22.log
[buy30727] 2026-06-05T22:32:31.353Z spawned CC-MAIN-2024-18 pid=3413233 baseline_merchants=62 log=/paperclip/instances/default/workspaces/3ec8f6dd-1735-4479-9825-a2c42edac34c/logs/buy30727_lane_cc_main_2024_18.log
[buy30727] 2026-06-05T22:32:32.890Z spawned CC-MAIN-2024-10 pid=3413362 baseline_merchants=4 log=/paperclip/instances/default/workspaces/3ec8f6dd-1735-4479-9825-a2c42edac34c/logs/buy30727_lane_cc_main_2024_10.log
[buy30727] 2026-06-05T22:32:34.419Z spawned CC-MAIN-2023-50 pid=3413582 baseline_merchants=4 log=/paperclip/instances/default/workspaces/3ec8f6dd-1735-4479-9825-a2c42edac34c/logs/buy30727_lane_cc_main_2023_50.log
[buy30727] 2026-06-05T22:33:05.960Z worker CC-MAIN-2024-26 pid=3413009 saturated#205(elapsed=38s new_merchants=0 remaining=401 cooldown=240m)
[buy30727] 2026-06-05T22:33:05.988Z worker CC-MAIN-2024-22 pid=3413147 saturated#205(elapsed=36s new_merchants=0 remaining=868 cooldown=240m)
[buy30727] 2026-06-05T22:33:06.026Z worker CC-MAIN-2024-18 pid=3413233 saturated#205(elapsed=35s new_merchants=0 remaining=1033 cooldown=240m)
[buy30727] 2026-06-05T22:33:06.048Z worker CC-MAIN-2024-10 pid=3413362 saturated#205(elapsed=33s new_merchants=0 remaining=794 cooldown=240m)
[buy30727] 2026-06-05T22:33:06.062Z worker CC-MAIN-2023-50 pid=3413582 saturated#205(elapsed=32s new_merchants=0 remaining=378 cooldown=240m)
[buy30727] 2026-06-05T22:33:06.065Z spawned CC-MAIN-2023-14 pid=3415475 baseline_merchants=53 log=/paperclip/instances/default/workspaces/3ec8f6dd-1735-4479-9825-a2c42edac34c/logs/buy30727_lane_cc_main_2023_14.log
[buy30727] 2026-06-05T22:33:07.576Z spawned CC-MAIN-2023-06 pid=3415603 baseline_merchants=45 log=/paperclip/instances/default/workspaces/3ec8f6dd-1735-4479-9825-a2c42edac34c/logs/buy30727_lane_cc_main_2023_06.log
[buy30727] 2026-06-05T22:33:09.104Z spawned CC-MAIN-2022-49 pid=3415714 baseline_merchants=5 log=/paperclip/instances/default/workspaces/3ec8f6dd-1735-4479-9825-a2c42edac34c/logs/buy30727_lane_cc_main_2022_49.log
[buy30727] 2026-06-05T22:33:10.641Z spawned CC-MAIN-2022-40 pid=3415776 baseline_merchants=3 log=/paperclip/instances/default/workspaces/3ec8f6dd-1735-4479-9825-a2c42edac34c/logs/buy30727_lane_cc_main_2022_40.log
[buy30727] 2026-06-05T22:33:12.174Z spawned CC-MAIN-2026-21 pid=3415905 baseline_merchants=853 log=/paperclip/instances/default/workspaces/3ec8f6dd-1735-4479-9825-a2c42edac34c/logs/buy30727_lane_cc_main_2026_21.log
[buy30727] 2026-06-05T22:33:43.696Z worker CC-MAIN-2023-14 pid=3415475 saturated#205(elapsed=38s new_merchants=0 remaining=248 cooldown=240m)
[buy30727] 2026-06-05T22:33:43.701Z worker CC-MAIN-2023-06 pid=3415603 saturated#205(elapsed=36s new_merchants=0 remaining=318 cooldown=240m)
[buy30727] 2026-06-05T22:33:43.705Z worker CC-MAIN-2022-49 pid=3415714 saturated#205(elapsed=35s new_merchants=0 remaining=323 cooldown=240m)
[buy30727] 2026-06-05T22:33:43.709Z worker CC-MAIN-2022-40 pid=3415776 saturated#205(elapsed=33s new_merchants=0 remaining=295 cooldown=240m)
[buy30727] 2026-06-05T22:33:43.713Z worker CC-MAIN-2026-21 pid=3415905 saturated#205(elapsed=32s new_merchants=0 remaining=862 cooldown=240m)
[buy30727] 2026-06-05T22:33:43.716Z spawned CC-MAIN-2026-17 pid=3417190 baseline_merchants=7 log=/paperclip/instances/default/workspaces/3ec8f6dd-1735-4479-9825-a2c42edac34c/logs/buy30727_lane_cc_main_2026_17.log
[buy30727] 2026-06-05T22:33:45.237Z spawned CC-MAIN-2025-18 pid=3417217 baseline_merchants=72 log=/paperclip/instances/default/workspaces/3ec8f6dd-1735-4479-9825-a2c42edac34c/logs/buy30727_lane_cc_main_2025_18.log
[buy30727] 2026-06-05T22:33:46.764Z spawned CC-MAIN-2025-05 pid=3417240 baseline_merchants=7 log=/paperclip/instances/default/workspaces/3ec8f6dd-1735-4479-9825-a2c42edac34c/logs/buy30727_lane_cc_main_2025_05.log
[buy30727] 2026-06-05T22:33:48.272Z spawned CC-MAIN-2025-47 pid=3417297 baseline_merchants=1421 log=/paperclip/instances/default/workspaces/3ec8f6dd-1735-4479-9825-a2c42edac34c/logs/buy30727_lane_cc_main_2025_47.log
[buy30727] 2026-06-05T22:33:49.808Z spawned CC-MAIN-2025-51 pid=3417660 baseline_merchants=236 log=/paperclip/instances/default/workspaces/3ec8f6dd-1735-4479-9825-a2c42edac34c/logs/buy30727_lane_cc_main_2025_51.log
[buy30727] 2026-06-05T22:33:51.373Z tick=170 active=5 drained=20 saturated=27 known_merchants=15747 status=[CC-MAIN-2026-17:3255/37593, CC-MAIN-2025-18:2382/46657, CC-MAIN-2025-05:625/14379, CC-MAIN-2025-47:2294/50620, CC-MAIN-2025-51:2895/45604]
[buy30727] 2026-06-05T22:34:21.414Z worker CC-MAIN-2026-17 pid=3417190 saturated#206(elapsed=38s new_merchants=0 remaining=3255 cooldown=240m)
[buy30727] 2026-06-05T22:34:21.428Z worker CC-MAIN-2025-18 pid=3417217 saturated#206(elapsed=36s new_merchants=0 remaining=2382 cooldown=240m)
[buy30727] 2026-06-05T22:34:21.431Z worker CC-MAIN-2025-05 pid=3417240 saturated#206(elapsed=35s new_merchants=0 remaining=625 cooldown=240m)
[buy30727] 2026-06-05T22:34:21.446Z worker CC-MAIN-2025-47 pid=3417297 saturated#206(elapsed=33s new_merchants=0 remaining=2294 cooldown=240m)
[buy30727] 2026-06-05T22:34:21.457Z worker CC-MAIN-2025-51 pid=3417660 saturated#206(elapsed=32s new_merchants=0 remaining=2895 cooldown=240m)
[buy30727] 2026-06-05T22:34:21.461Z spawned CC-MAIN-2025-43 pid=3419222 baseline_merchants=88 log=/paperclip/instances/default/workspaces/3ec8f6dd-1735-4479-9825-a2c42edac34c/logs/buy30727_lane_cc_main_2025_43.log
[buy30727] 2026-06-05T22:34:22.991Z spawned CC-MAIN-2025-38 pid=3419248 baseline_merchants=28 log=/paperclip/instances/default/workspaces/3ec8f6dd-1735-4479-9825-a2c42edac34c/logs/buy30727_lane_cc_main_2025_38.log
[buy30727] 2026-06-05T22:34:24.510Z spawned CC-MAIN-2025-33 pid=3419319 baseline_merchants=13 log=/paperclip/instances/default/workspaces/3ec8f6dd-1735-4479-9825-a2c42edac34c/logs/buy30727_lane_cc_main_2025_33.log
[buy30727] 2026-06-05T22:34:26.030Z spawned CC-MAIN-2025-30 pid=3419438 baseline_merchants=136 log=/paperclip/instances/default/workspaces/3ec8f6dd-1735-4479-9825-a2c42edac34c/logs/buy30727_lane_cc_main_2025_30.log
[buy30727] 2026-06-05T22:34:27.548Z spawned CC-MAIN-2025-26 pid=3419582 baseline_merchants=18 log=/paperclip/instances/default/workspaces/3ec8f6dd-1735-4479-9825-a2c42edac34c/logs/buy30727_lane_cc_main_2025_26.log
[buy30727] 2026-06-05T22:34:59.087Z worker CC-MAIN-2025-43 pid=3419222 saturated#206(elapsed=38s new_merchants=0 remaining=1897 cooldown=240m)
[buy30727] 2026-06-05T22:34:59.103Z worker CC-MAIN-2025-38 pid=3419248 saturated#206(elapsed=36s new_merchants=0 remaining=1980 cooldown=240m)
[buy30727] 2026-06-05T22:34:59.117Z worker CC-MAIN-2025-33 pid=3419319 saturated#206(elapsed=35s new_merchants=0 remaining=2151 cooldown=240m)
[buy30727] 2026-06-05T22:34:59.131Z worker CC-MAIN-2025-30 pid=3419438 saturated#206(elapsed=33s new_merchants=0 remaining=2171 cooldown=240m)
[buy30727] 2026-06-05T22:34:59.137Z worker CC-MAIN-2025-26 pid=3419582 saturated#206(elapsed=32s new_merchants=0 remaining=744 cooldown=240m)
[buy30727] 2026-06-05T22:34:59.141Z spawned CC-MAIN-2025-08 pid=3420590 baseline_merchants=7 log=/paperclip/instances/default/workspaces/3ec8f6dd-1735-4479-9825-a2c42edac34c/logs/buy30727_lane_cc_main_2025_08.log
[buy30727] 2026-06-05T22:35:00.651Z spawned CC-MAIN-2024-51 pid=3420668 baseline_merchants=427 log=/paperclip/instances/default/workspaces/3ec8f6dd-1735-4479-9825-a2c42edac34c/logs/buy30727_lane_cc_main_2024_51.log
[buy30727] 2026-06-05T22:35:02.168Z spawned CC-MAIN-2024-46 pid=3420836 baseline_merchants=92 log=/paperclip/instances/default/workspaces/3ec8f6dd-1735-4479-9825-a2c42edac34c/logs/buy30727_lane_cc_main_2024_46.log
[buy30727] 2026-06-05T22:35:03.691Z spawned CC-MAIN-2024-42 pid=3420863 baseline_merchants=91 log=/paperclip/instances/default/workspaces/3ec8f6dd-1735-4479-9825-a2c42edac34c/logs/buy30727_lane_cc_main_2024_42.log
[buy30727] 2026-06-05T22:35:05.214Z spawned CC-MAIN-2024-38 pid=3420901 baseline_merchants=36 log=/paperclip/instances/default/workspaces/3ec8f6dd-1735-4479-9825-a2c42edac34c/logs/buy30727_lane_cc_main_2024_38.log
[buy30727] 2026-06-05T22:35:36.756Z worker CC-MAIN-2025-08 pid=3420590 saturated#206(elapsed=38s new_merchants=0 remaining=695 cooldown=240m)
[buy30727] 2026-06-05T22:35:36.796Z worker CC-MAIN-2024-51 pid=3420668 saturated#206(elapsed=36s new_merchants=0 remaining=1545 cooldown=240m)
[buy30727] 2026-06-05T22:35:36.850Z worker CC-MAIN-2024-46 pid=3420836 saturated#206(elapsed=35s new_merchants=0 remaining=1592 cooldown=240m)
[buy30727] 2026-06-05T22:35:36.908Z worker CC-MAIN-2024-42 pid=3420863 saturated#206(elapsed=33s new_merchants=0 remaining=1420 cooldown=240m)
[buy30727] 2026-06-05T22:35:36.914Z worker CC-MAIN-2024-38 pid=3420901 saturated#206(elapsed=32s new_merchants=0 remaining=581 cooldown=240m)
[buy30727] 2026-06-05T22:35:36.919Z spawned CC-MAIN-2024-33 pid=3422178 baseline_merchants=88 log=/paperclip/instances/default/workspaces/3ec8f6dd-1735-4479-9825-a2c42edac34c/logs/buy30727_lane_cc_main_2024_33.log
[buy30727] 2026-06-05T22:35:38.435Z spawned CC-MAIN-2024-30 pid=3422202 baseline_merchants=17 log=/paperclip/instances/default/workspaces/3ec8f6dd-1735-4479-9825-a2c42edac34c/logs/buy30727_lane_cc_main_2024_30.log
[buy30727] 2026-06-05T22:35:39.953Z spawned CC-MAIN-2024-26 pid=3422265 baseline_merchants=7 log=/paperclip/instances/default/workspaces/3ec8f6dd-1735-4479-9825-a2c42edac34c/logs/buy30727_lane_cc_main_2024_26.log
[buy30727] 2026-06-05T22:35:41.472Z spawned CC-MAIN-2024-22 pid=3422346 baseline_merchants=13 log=/paperclip/instances/default/workspaces/3ec8f6dd-1735-4479-9825-a2c42edac34c/logs/buy30727_lane_cc_main_2024_22.log
[buy30727] 2026-06-05T22:35:42.990Z spawned CC-MAIN-2024-18 pid=3422457 baseline_merchants=62 log=/paperclip/instances/default/workspaces/3ec8f6dd-1735-4479-9825-a2c42edac34c/logs/buy30727_lane_cc_main_2024_18.log
[buy30727] 2026-06-05T22:36:14.543Z worker CC-MAIN-2024-33 pid=3422178 saturated#206(elapsed=38s new_merchants=0 remaining=508 cooldown=240m)
[buy30727] 2026-06-05T22:36:14.548Z worker CC-MAIN-2024-30 pid=3422202 saturated#206(elapsed=36s new_merchants=0 remaining=424 cooldown=240m)
[buy30727] 2026-06-05T22:36:14.553Z worker CC-MAIN-2024-26 pid=3422265 saturated#206(elapsed=35s new_merchants=0 remaining=401 cooldown=240m)
[buy30727] 2026-06-05T22:36:14.566Z worker CC-MAIN-2024-22 pid=3422346 saturated#206(elapsed=33s new_merchants=0 remaining=868 cooldown=240m)
[buy30727] 2026-06-05T22:36:14.586Z worker CC-MAIN-2024-18 pid=3422457 saturated#206(elapsed=32s new_merchants=0 remaining=1033 cooldown=240m)
[buy30727] 2026-06-05T22:36:14.590Z spawned CC-MAIN-2024-10 pid=3425414 baseline_merchants=4 log=/paperclip/instances/default/workspaces/3ec8f6dd-1735-4479-9825-a2c42edac34c/logs/buy30727_lane_cc_main_2024_10.log
[buy30727] 2026-06-05T22:36:16.109Z spawned CC-MAIN-2023-50 pid=3425643 baseline_merchants=4 log=/paperclip/instances/default/workspaces/3ec8f6dd-1735-4479-9825-a2c42edac34c/logs/buy30727_lane_cc_main_2023_50.log
[buy30727] 2026-06-05T22:36:17.618Z spawned CC-MAIN-2023-14 pid=3425856 baseline_merchants=53 log=/paperclip/instances/default/workspaces/3ec8f6dd-1735-4479-9825-a2c42edac34c/logs/buy30727_lane_cc_main_2023_14.log
[buy30727] 2026-06-05T22:36:19.130Z spawned CC-MAIN-2023-06 pid=3425987 baseline_merchants=45 log=/paperclip/instances/default/workspaces/3ec8f6dd-1735-4479-9825-a2c42edac34c/logs/buy30727_lane_cc_main_2023_06.log
[buy30727] 2026-06-05T22:36:20.641Z spawned CC-MAIN-2022-49 pid=3426291 baseline_merchants=5 log=/paperclip/instances/default/workspaces/3ec8f6dd-1735-4479-9825-a2c42edac34c/logs/buy30727_lane_cc_main_2022_49.log
[buy30727] 2026-06-05T22:36:52.161Z worker CC-MAIN-2024-10 pid=3425414 saturated#206(elapsed=38s new_merchants=0 remaining=794 cooldown=240m)
[buy30727] 2026-06-05T22:36:52.165Z worker CC-MAIN-2023-50 pid=3425643 saturated#206(elapsed=36s new_merchants=0 remaining=378 cooldown=240m)
[buy30727] 2026-06-05T22:36:52.167Z worker CC-MAIN-2023-14 pid=3425856 saturated#206(elapsed=35s new_merchants=0 remaining=248 cooldown=240m)
[buy30727] 2026-06-05T22:36:52.171Z worker CC-MAIN-2023-06 pid=3425987 saturated#206(elapsed=33s new_merchants=0 remaining=318 cooldown=240m)
[buy30727] 2026-06-05T22:36:52.178Z worker CC-MAIN-2022-49 pid=3426291 saturated#206(elapsed=32s new_merchants=0 remaining=323 cooldown=240m)
[buy30727] 2026-06-05T22:36:52.181Z spawned CC-MAIN-2022-40 pid=3429906 baseline_merchants=3 log=/paperclip/instances/default/workspaces/3ec8f6dd-1735-4479-9825-a2c42edac34c/logs/buy30727_lane_cc_main_2022_40.log
[buy30727] 2026-06-05T22:36:53.692Z spawned CC-MAIN-2026-21 pid=3429960 baseline_merchants=853 log=/paperclip/instances/default/workspaces/3ec8f6dd-1735-4479-9825-a2c42edac34c/logs/buy30727_lane_cc_main_2026_21.log
[buy30727] 2026-06-05T22:36:55.202Z spawned CC-MAIN-2026-17 pid=3430168 baseline_merchants=7 log=/paperclip/instances/default/workspaces/3ec8f6dd-1735-4479-9825-a2c42edac34c/logs/buy30727_lane_cc_main_2026_17.log
[buy30727] 2026-06-05T22:36:56.726Z spawned CC-MAIN-2025-18 pid=3430313 baseline_merchants=72 log=/paperclip/instances/default/workspaces/3ec8f6dd-1735-4479-9825-a2c42edac34c/logs/buy30727_lane_cc_main_2025_18.log
[buy30727] 2026-06-05T22:36:58.252Z spawned CC-MAIN-2025-05 pid=3430342 baseline_merchants=7 log=/paperclip/instances/default/workspaces/3ec8f6dd-1735-4479-9825-a2c42edac34c/logs/buy30727_lane_cc_main_2025_05.log
[buy30727] 2026-06-05T22:37:29.777Z worker CC-MAIN-2022-40 pid=3429906 saturated#206(elapsed=38s new_merchants=0 remaining=295 cooldown=240m)
[buy30727] 2026-06-05T22:37:29.779Z worker CC-MAIN-2026-21 pid=3429960 saturated#206(elapsed=36s new_merchants=0 remaining=862 cooldown=240m)
[buy30727] 2026-06-05T22:37:29.788Z worker CC-MAIN-2026-17 pid=3430168 saturated#207(elapsed=35s new_merchants=0 remaining=3255 cooldown=240m)
[buy30727] 2026-06-05T22:37:29.807Z worker CC-MAIN-2025-18 pid=3430313 saturated#207(elapsed=33s new_merchants=0 remaining=2382 cooldown=240m)
[buy30727] 2026-06-05T22:37:29.813Z worker CC-MAIN-2025-05 pid=3430342 saturated#207(elapsed=32s new_merchants=0 remaining=625 cooldown=240m)
[buy30727] 2026-06-05T22:37:29.816Z spawned CC-MAIN-2025-47 pid=3432188 baseline_merchants=1421 log=/paperclip/instances/default/workspaces/3ec8f6dd-1735-4479-9825-a2c42edac34c/logs/buy30727_lane_cc_main_2025_47.log
[buy30727] 2026-06-05T22:37:31.339Z spawned CC-MAIN-2025-51 pid=3432211 baseline_merchants=236 log=/paperclip/instances/default/workspaces/3ec8f6dd-1735-4479-9825-a2c42edac34c/logs/buy30727_lane_cc_main_2025_51.log
[buy30727] 2026-06-05T22:37:32.860Z spawned CC-MAIN-2025-43 pid=3432233 baseline_merchants=88 log=/paperclip/instances/default/workspaces/3ec8f6dd-1735-4479-9825-a2c42edac34c/logs/buy30727_lane_cc_main_2025_43.log
[buy30727] 2026-06-05T22:37:34.388Z spawned CC-MAIN-2025-38 pid=3432477 baseline_merchants=28 log=/paperclip/instances/default/workspaces/3ec8f6dd-1735-4479-9825-a2c42edac34c/logs/buy30727_lane_cc_main_2025_38.log
[buy30727] 2026-06-05T22:37:35.905Z spawned CC-MAIN-2025-33 pid=3432539 baseline_merchants=13 log=/paperclip/instances/default/workspaces/3ec8f6dd-1735-4479-9825-a2c42edac34c/logs/buy30727_lane_cc_main_2025_33.log
[buy30727] 2026-06-05T22:38:07.466Z worker CC-MAIN-2025-47 pid=3432188 saturated#207(elapsed=38s new_merchants=0 remaining=2294 cooldown=240m)
[buy30727] 2026-06-05T22:38:07.481Z worker CC-MAIN-2025-51 pid=3432211 saturated#207(elapsed=36s new_merchants=0 remaining=2895 cooldown=240m)
[buy30727] 2026-06-05T22:38:07.493Z worker CC-MAIN-2025-43 pid=3432233 saturated#207(elapsed=35s new_merchants=0 remaining=1897 cooldown=240m)
[buy30727] 2026-06-05T22:38:07.505Z worker CC-MAIN-2025-38 pid=3432477 saturated#207(elapsed=33s new_merchants=0 remaining=1980 cooldown=240m)
[buy30727] 2026-06-05T22:38:07.523Z worker CC-MAIN-2025-33 pid=3432539 saturated#207(elapsed=32s new_merchants=0 remaining=2151 cooldown=240m)
[buy30727] 2026-06-05T22:38:07.527Z spawned CC-MAIN-2025-30 pid=3434331 baseline_merchants=136 log=/paperclip/instances/default/workspaces/3ec8f6dd-1735-4479-9825-a2c42edac34c/logs/buy30727_lane_cc_main_2025_30.log
[buy30727] 2026-06-05T22:38:09.055Z spawned CC-MAIN-2025-26 pid=3434549 baseline_merchants=18 log=/paperclip/instances/default/workspaces/3ec8f6dd-1735-4479-9825-a2c42edac34c/logs/buy30727_lane_cc_main_2025_26.log
[buy30727] 2026-06-05T22:38:10.565Z spawned CC-MAIN-2025-08 pid=3434603 baseline_merchants=7 log=/paperclip/instances/default/workspaces/3ec8f6dd-1735-4479-9825-a2c42edac34c/logs/buy30727_lane_cc_main_2025_08.log
[buy30727] 2026-06-05T22:38:12.073Z spawned CC-MAIN-2024-51 pid=3434775 baseline_merchants=427 log=/paperclip/instances/default/workspaces/3ec8f6dd-1735-4479-9825-a2c42edac34c/logs/buy30727_lane_cc_main_2024_51.log
[buy30727] 2026-06-05T22:38:13.592Z spawned CC-MAIN-2024-46 pid=3434888 baseline_merchants=92 log=/paperclip/instances/default/workspaces/3ec8f6dd-1735-4479-9825-a2c42edac34c/logs/buy30727_lane_cc_main_2024_46.log
[buy30727] 2026-06-05T22:38:45.126Z worker CC-MAIN-2025-30 pid=3434331 saturated#207(elapsed=38s new_merchants=0 remaining=2171 cooldown=240m)
[buy30727] 2026-06-05T22:38:45.129Z worker CC-MAIN-2025-26 pid=3434549 saturated#207(elapsed=36s new_merchants=0 remaining=744 cooldown=240m)
[buy30727] 2026-06-05T22:38:45.133Z worker CC-MAIN-2025-08 pid=3434603 saturated#207(elapsed=35s new_merchants=0 remaining=695 cooldown=240m)
[buy30727] 2026-06-05T22:38:45.144Z worker CC-MAIN-2024-51 pid=3434775 saturated#207(elapsed=33s new_merchants=0 remaining=1545 cooldown=240m)
[buy30727] 2026-06-05T22:38:45.163Z worker CC-MAIN-2024-46 pid=3434888 saturated#207(elapsed=32s new_merchants=0 remaining=1592 cooldown=240m)
[buy30727] 2026-06-05T22:38:45.166Z spawned CC-MAIN-2024-42 pid=3436666 baseline_merchants=91 log=/paperclip/instances/default/workspaces/3ec8f6dd-1735-4479-9825-a2c42edac34c/logs/buy30727_lane_cc_main_2024_42.log
[buy30727] 2026-06-05T22:38:46.690Z spawned CC-MAIN-2024-38 pid=3436689 baseline_merchants=36 log=/paperclip/instances/default/workspaces/3ec8f6dd-1735-4479-9825-a2c42edac34c/logs/buy30727_lane_cc_main_2024_38.log
[buy30727] 2026-06-05T22:38:48.200Z spawned CC-MAIN-2024-33 pid=3436712 baseline_merchants=88 log=/paperclip/instances/default/workspaces/3ec8f6dd-1735-4479-9825-a2c42edac34c/logs/buy30727_lane_cc_main_2024_33.log
[buy30727] 2026-06-05T22:38:49.710Z spawned CC-MAIN-2024-30 pid=3436825 baseline_merchants=17 log=/paperclip/instances/default/workspaces/3ec8f6dd-1735-4479-9825-a2c42edac34c/logs/buy30727_lane_cc_main_2024_30.log
[buy30727] 2026-06-05T22:38:51.219Z spawned CC-MAIN-2024-26 pid=3436848 baseline_merchants=7 log=/paperclip/instances/default/workspaces/3ec8f6dd-1735-4479-9825-a2c42edac34c/logs/buy30727_lane_cc_main_2024_26.log
[buy30727] 2026-06-05T22:39:22.771Z worker CC-MAIN-2024-42 pid=3436666 saturated#207(elapsed=38s new_merchants=0 remaining=1420 cooldown=240m)
[buy30727] 2026-06-05T22:39:22.775Z worker CC-MAIN-2024-38 pid=3436689 saturated#207(elapsed=36s new_merchants=0 remaining=581 cooldown=240m)
[buy30727] 2026-06-05T22:39:22.779Z worker CC-MAIN-2024-33 pid=3436712 saturated#207(elapsed=35s new_merchants=0 remaining=508 cooldown=240m)
[buy30727] 2026-06-05T22:39:22.782Z worker CC-MAIN-2024-30 pid=3436825 saturated#207(elapsed=33s new_merchants=0 remaining=424 cooldown=240m)
[buy30727] 2026-06-05T22:39:22.787Z worker CC-MAIN-2024-26 pid=3436848 saturated#207(elapsed=32s new_merchants=0 remaining=401 cooldown=240m)
[buy30727] 2026-06-05T22:39:22.790Z spawned CC-MAIN-2024-22 pid=3438046 baseline_merchants=13 log=/paperclip/instances/default/workspaces/3ec8f6dd-1735-4479-9825-a2c42edac34c/logs/buy30727_lane_cc_main_2024_22.log
[buy30727] 2026-06-05T22:39:24.308Z spawned CC-MAIN-2024-18 pid=3438071 baseline_merchants=62 log=/paperclip/instances/default/workspaces/3ec8f6dd-1735-4479-9825-a2c42edac34c/logs/buy30727_lane_cc_main_2024_18.log
[buy30727] 2026-06-05T22:39:25.831Z spawned CC-MAIN-2024-10 pid=3438139 baseline_merchants=4 log=/paperclip/instances/default/workspaces/3ec8f6dd-1735-4479-9825-a2c42edac34c/logs/buy30727_lane_cc_main_2024_10.log
[buy30727] 2026-06-05T22:39:27.352Z spawned CC-MAIN-2023-50 pid=3438192 baseline_merchants=4 log=/paperclip/instances/default/workspaces/3ec8f6dd-1735-4479-9825-a2c42edac34c/logs/buy30727_lane_cc_main_2023_50.log
[buy30727] 2026-06-05T22:39:28.861Z spawned CC-MAIN-2023-14 pid=3438216 baseline_merchants=53 log=/paperclip/instances/default/workspaces/3ec8f6dd-1735-4479-9825-a2c42edac34c/logs/buy30727_lane_cc_main_2023_14.log
[buy30727] 2026-06-05T22:40:00.407Z worker CC-MAIN-2024-22 pid=3438046 saturated#207(elapsed=38s new_merchants=0 remaining=868 cooldown=240m)
[buy30727] 2026-06-05T22:40:00.423Z worker CC-MAIN-2024-18 pid=3438071 saturated#207(elapsed=36s new_merchants=0 remaining=1033 cooldown=240m)
[buy30727] 2026-06-05T22:40:00.433Z worker CC-MAIN-2024-10 pid=3438139 saturated#207(elapsed=35s new_merchants=0 remaining=794 cooldown=240m)
[buy30727] 2026-06-05T22:40:00.438Z worker CC-MAIN-2023-50 pid=3438192 saturated#207(elapsed=33s new_merchants=0 remaining=378 cooldown=240m)
[buy30727] 2026-06-05T22:40:00.441Z worker CC-MAIN-2023-14 pid=3438216 saturated#207(elapsed=32s new_merchants=0 remaining=248 cooldown=240m)
[buy30727] 2026-06-05T22:40:00.444Z spawned CC-MAIN-2023-06 pid=3439426 baseline_merchants=45 log=/paperclip/instances/default/workspaces/3ec8f6dd-1735-4479-9825-a2c42edac34c/logs/buy30727_lane_cc_main_2023_06.log
[buy30727] 2026-06-05T22:40:01.953Z spawned CC-MAIN-2022-49 pid=3439627 baseline_merchants=5 log=/paperclip/instances/default/workspaces/3ec8f6dd-1735-4479-9825-a2c42edac34c/logs/buy30727_lane_cc_main_2022_49.log
[buy30727] 2026-06-05T22:40:03.465Z spawned CC-MAIN-2022-40 pid=3439674 baseline_merchants=3 log=/paperclip/instances/default/workspaces/3ec8f6dd-1735-4479-9825-a2c42edac34c/logs/buy30727_lane_cc_main_2022_40.log
[buy30727] 2026-06-05T22:40:04.977Z spawned CC-MAIN-2026-21 pid=3439711 baseline_merchants=853 log=/paperclip/instances/default/workspaces/3ec8f6dd-1735-4479-9825-a2c42edac34c/logs/buy30727_lane_cc_main_2026_21.log
[buy30727] 2026-06-05T22:40:06.485Z spawned CC-MAIN-2026-17 pid=3439736 baseline_merchants=7 log=/paperclip/instances/default/workspaces/3ec8f6dd-1735-4479-9825-a2c42edac34c/logs/buy30727_lane_cc_main_2026_17.log
[buy30727] 2026-06-05T22:40:08.024Z tick=180 active=5 drained=20 saturated=27 known_merchants=15747 status=[CC-MAIN-2023-06:318/15760, CC-MAIN-2022-49:323/15977, CC-MAIN-2022-40:295/15515, CC-MAIN-2026-21:862/10577, CC-MAIN-2026-17:3255/37593]
[buy30727] 2026-06-05T22:40:38.049Z worker CC-MAIN-2023-06 pid=3439426 saturated#207(elapsed=38s new_merchants=0 remaining=318 cooldown=240m)
[buy30727] 2026-06-05T22:40:38.053Z worker CC-MAIN-2022-49 pid=3439627 saturated#207(elapsed=36s new_merchants=0 remaining=323 cooldown=240m)
[buy30727] 2026-06-05T22:40:38.056Z worker CC-MAIN-2022-40 pid=3439674 saturated#207(elapsed=35s new_merchants=0 remaining=295 cooldown=240m)
[buy30727] 2026-06-05T22:40:38.058Z worker CC-MAIN-2026-21 pid=3439711 saturated#207(elapsed=33s new_merchants=0 remaining=862 cooldown=240m)
[buy30727] 2026-06-05T22:40:38.068Z worker CC-MAIN-2026-17 pid=3439736 saturated#208(elapsed=32s new_merchants=0 remaining=3255 cooldown=240m)
[buy30727] 2026-06-05T22:40:38.072Z spawned CC-MAIN-2025-18 pid=3440863 baseline_merchants=72 log=/paperclip/instances/default/workspaces/3ec8f6dd-1735-4479-9825-a2c42edac34c/logs/buy30727_lane_cc_main_2025_18.log
[buy30727] 2026-06-05T22:40:39.596Z spawned CC-MAIN-2025-05 pid=3440894 baseline_merchants=7 log=/paperclip/instances/default/workspaces/3ec8f6dd-1735-4479-9825-a2c42edac34c/logs/buy30727_lane_cc_main_2025_05.log
[buy30727] 2026-06-05T22:40:41.105Z spawned CC-MAIN-2025-47 pid=3440937 baseline_merchants=1421 log=/paperclip/instances/default/workspaces/3ec8f6dd-1735-4479-9825-a2c42edac34c/logs/buy30727_lane_cc_main_2025_47.log
[buy30727] 2026-06-05T22:40:42.631Z spawned CC-MAIN-2025-51 pid=3441000 baseline_merchants=236 log=/paperclip/instances/default/workspaces/3ec8f6dd-1735-4479-9825-a2c42edac34c/logs/buy30727_lane_cc_main_2025_51.log
[buy30727] 2026-06-05T22:40:44.161Z spawned CC-MAIN-2025-43 pid=3441283 baseline_merchants=88 log=/paperclip/instances/default/workspaces/3ec8f6dd-1735-4479-9825-a2c42edac34c/logs/buy30727_lane_cc_main_2025_43.log
[buy30727] 2026-06-05T22:41:15.718Z worker CC-MAIN-2025-18 pid=3440863 saturated#208(elapsed=38s new_merchants=0 remaining=2382 cooldown=240m)
[buy30727] 2026-06-05T22:41:15.721Z worker CC-MAIN-2025-05 pid=3440894 saturated#208(elapsed=36s new_merchants=0 remaining=625 cooldown=240m)
[buy30727] 2026-06-05T22:41:15.737Z worker CC-MAIN-2025-47 pid=3440937 saturated#208(elapsed=35s new_merchants=0 remaining=2294 cooldown=240m)
[buy30727] 2026-06-05T22:41:15.750Z worker CC-MAIN-2025-51 pid=3441000 saturated#208(elapsed=33s new_merchants=0 remaining=2895 cooldown=240m)
[buy30727] 2026-06-05T22:41:15.765Z worker CC-MAIN-2025-43 pid=3441283 saturated#208(elapsed=32s new_merchants=0 remaining=1897 cooldown=240m)
[buy30727] 2026-06-05T22:41:15.769Z spawned CC-MAIN-2025-38 pid=3443735 baseline_merchants=28 log=/paperclip/instances/default/workspaces/3ec8f6dd-1735-4479-9825-a2c42edac34c/logs/buy30727_lane_cc_main_2025_38.log
[buy30727] 2026-06-05T22:41:17.298Z spawned CC-MAIN-2025-33 pid=3443827 baseline_merchants=13 log=/paperclip/instances/default/workspaces/3ec8f6dd-1735-4479-9825-a2c42edac34c/logs/buy30727_lane_cc_main_2025_33.log
[buy30727] 2026-06-05T22:41:18.817Z spawned CC-MAIN-2025-30 pid=3444082 baseline_merchants=136 log=/paperclip/instances/default/workspaces/3ec8f6dd-1735-4479-9825-a2c42edac34c/logs/buy30727_lane_cc_main_2025_30.log
[buy30727] 2026-06-05T22:41:20.335Z spawned CC-MAIN-2025-26 pid=3444171 baseline_merchants=18 log=/paperclip/instances/default/workspaces/3ec8f6dd-1735-4479-9825-a2c42edac34c/logs/buy30727_lane_cc_main_2025_26.log
[buy30727] 2026-06-05T22:41:21.844Z spawned CC-MAIN-2025-08 pid=3444260 baseline_merchants=7 log=/paperclip/instances/default/workspaces/3ec8f6dd-1735-4479-9825-a2c42edac34c/logs/buy30727_lane_cc_main_2025_08.log
[buy30727] 2026-06-05T22:41:53.375Z worker CC-MAIN-2025-38 pid=3443735 saturated#208(elapsed=38s new_merchants=0 remaining=1980 cooldown=240m)
[buy30727] 2026-06-05T22:41:53.401Z worker CC-MAIN-2025-33 pid=3443827 saturated#208(elapsed=36s new_merchants=0 remaining=2151 cooldown=240m)
[buy30727] 2026-06-05T22:41:53.425Z worker CC-MAIN-2025-30 pid=3444082 saturated#208(elapsed=35s new_merchants=0 remaining=2171 cooldown=240m)
[buy30727] 2026-06-05T22:41:53.430Z worker CC-MAIN-2025-26 pid=3444171 saturated#208(elapsed=33s new_merchants=0 remaining=744 cooldown=240m)
[buy30727] 2026-06-05T22:41:53.440Z worker CC-MAIN-2025-08 pid=3444260 saturated#208(elapsed=32s new_merchants=0 remaining=695 cooldown=240m)
[buy30727] 2026-06-05T22:41:53.443Z spawned CC-MAIN-2024-51 pid=3446460 baseline_merchants=427 log=/paperclip/instances/default/workspaces/3ec8f6dd-1735-4479-9825-a2c42edac34c/logs/buy30727_lane_cc_main_2024_51.log
[buy30727] 2026-06-05T22:41:54.959Z spawned CC-MAIN-2024-46 pid=3446502 baseline_merchants=92 log=/paperclip/instances/default/workspaces/3ec8f6dd-1735-4479-9825-a2c42edac34c/logs/buy30727_lane_cc_main_2024_46.log
[buy30727] 2026-06-05T22:41:56.487Z spawned CC-MAIN-2024-42 pid=3446692 baseline_merchants=91 log=/paperclip/instances/default/workspaces/3ec8f6dd-1735-4479-9825-a2c42edac34c/logs/buy30727_lane_cc_main_2024_42.log
[buy30727] 2026-06-05T22:41:58.006Z spawned CC-MAIN-2024-38 pid=3446723 baseline_merchants=36 log=/paperclip/instances/default/workspaces/3ec8f6dd-1735-4479-9825-a2c42edac34c/logs/buy30727_lane_cc_main_2024_38.log
[buy30727] 2026-06-05T22:41:59.515Z spawned CC-MAIN-2024-33 pid=3446835 baseline_merchants=88 log=/paperclip/instances/default/workspaces/3ec8f6dd-1735-4479-9825-a2c42edac34c/logs/buy30727_lane_cc_main_2024_33.log
[buy30727] 2026-06-05T22:42:31.069Z worker CC-MAIN-2024-51 pid=3446460 saturated#208(elapsed=38s new_merchants=0 remaining=1545 cooldown=240m)
[buy30727] 2026-06-05T22:42:31.099Z worker CC-MAIN-2024-46 pid=3446502 saturated#208(elapsed=36s new_merchants=0 remaining=1592 cooldown=240m)
[buy30727] 2026-06-05T22:42:31.124Z worker CC-MAIN-2024-42 pid=3446692 saturated#208(elapsed=35s new_merchants=0 remaining=1420 cooldown=240m)
[buy30727] 2026-06-05T22:42:31.133Z worker CC-MAIN-2024-38 pid=3446723 saturated#208(elapsed=33s new_merchants=0 remaining=581 cooldown=240m)
[buy30727] 2026-06-05T22:42:31.137Z worker CC-MAIN-2024-33 pid=3446835 saturated#208(elapsed=32s new_merchants=0 remaining=508 cooldown=240m)
[buy30727] 2026-06-05T22:42:31.141Z spawned CC-MAIN-2024-30 pid=3448442 baseline_merchants=17 log=/paperclip/instances/default/workspaces/3ec8f6dd-1735-4479-9825-a2c42edac34c/logs/buy30727_lane_cc_main_2024_30.log
[buy30727] 2026-06-05T22:42:32.648Z spawned CC-MAIN-2024-26 pid=3448465 baseline_merchants=7 log=/paperclip/instances/default/workspaces/3ec8f6dd-1735-4479-9825-a2c42edac34c/logs/buy30727_lane_cc_main_2024_26.log
[buy30727] 2026-06-05T22:42:34.158Z spawned CC-MAIN-2024-22 pid=3448567 baseline_merchants=13 log=/paperclip/instances/default/workspaces/3ec8f6dd-1735-4479-9825-a2c42edac34c/logs/buy30727_lane_cc_main_2024_22.log
[buy30727] 2026-06-05T22:42:35.680Z spawned CC-MAIN-2024-18 pid=3448600 baseline_merchants=62 log=/paperclip/instances/default/workspaces/3ec8f6dd-1735-4479-9825-a2c42edac34c/logs/buy30727_lane_cc_main_2024_18.log
[buy30727] 2026-06-05T22:42:37.198Z spawned CC-MAIN-2024-10 pid=3448632 baseline_merchants=4 log=/paperclip/instances/default/workspaces/3ec8f6dd-1735-4479-9825-a2c42edac34c/logs/buy30727_lane_cc_main_2024_10.log
[buy30727] 2026-06-05T22:43:08.741Z worker CC-MAIN-2024-30 pid=3448442 saturated#208(elapsed=38s new_merchants=0 remaining=424 cooldown=240m)
[buy30727] 2026-06-05T22:43:08.745Z worker CC-MAIN-2024-26 pid=3448465 saturated#208(elapsed=36s new_merchants=0 remaining=401 cooldown=240m)
[buy30727] 2026-06-05T22:43:08.760Z worker CC-MAIN-2024-22 pid=3448567 saturated#208(elapsed=35s new_merchants=0 remaining=868 cooldown=240m)
[buy30727] 2026-06-05T22:43:08.787Z worker CC-MAIN-2024-18 pid=3448600 saturated#208(elapsed=33s new_merchants=0 remaining=1033 cooldown=240m)
[buy30727] 2026-06-05T22:43:08.801Z worker CC-MAIN-2024-10 pid=3448632 saturated#208(elapsed=32s new_merchants=0 remaining=794 cooldown=240m)
[buy30727] 2026-06-05T22:43:08.805Z spawned CC-MAIN-2023-50 pid=3450298 baseline_merchants=4 log=/paperclip/instances/default/workspaces/3ec8f6dd-1735-4479-9825-a2c42edac34c/logs/buy30727_lane_cc_main_2023_50.log
[buy30727] 2026-06-05T22:43:10.322Z spawned CC-MAIN-2023-14 pid=3450324 baseline_merchants=53 log=/paperclip/instances/default/workspaces/3ec8f6dd-1735-4479-9825-a2c42edac34c/logs/buy30727_lane_cc_main_2023_14.log
[buy30727] 2026-06-05T22:43:11.829Z spawned CC-MAIN-2023-06 pid=3450525 baseline_merchants=45 log=/paperclip/instances/default/workspaces/3ec8f6dd-1735-4479-9825-a2c42edac34c/logs/buy30727_lane_cc_main_2023_06.log
[buy30727] 2026-06-05T22:43:13.338Z spawned CC-MAIN-2022-49 pid=3450551 baseline_merchants=5 log=/paperclip/instances/default/workspaces/3ec8f6dd-1735-4479-9825-a2c42edac34c/logs/buy30727_lane_cc_main_2022_49.log
[buy30727] 2026-06-05T22:43:14.849Z spawned CC-MAIN-2022-40 pid=3450577 baseline_merchants=3 log=/paperclip/instances/default/workspaces/3ec8f6dd-1735-4479-9825-a2c42edac34c/logs/buy30727_lane_cc_main_2022_40.log
[buy30727] 2026-06-05T22:43:46.361Z worker CC-MAIN-2023-50 pid=3450298 saturated#208(elapsed=38s new_merchants=0 remaining=378 cooldown=240m)
[buy30727] 2026-06-05T22:43:46.364Z worker CC-MAIN-2023-14 pid=3450324 saturated#208(elapsed=36s new_merchants=0 remaining=248 cooldown=240m)
[buy30727] 2026-06-05T22:43:46.368Z worker CC-MAIN-2023-06 pid=3450525 saturated#208(elapsed=35s new_merchants=0 remaining=318 cooldown=240m)
[buy30727] 2026-06-05T22:43:46.372Z worker CC-MAIN-2022-49 pid=3450551 saturated#208(elapsed=33s new_merchants=0 remaining=323 cooldown=240m)
[buy30727] 2026-06-05T22:43:46.378Z worker CC-MAIN-2022-40 pid=3450577 saturated#208(elapsed=32s new_merchants=0 remaining=295 cooldown=240m)
[buy30727] 2026-06-05T22:43:46.381Z spawned CC-MAIN-2026-21 pid=3451909 baseline_merchants=853 log=/paperclip/instances/default/workspaces/3ec8f6dd-1735-4479-9825-a2c42edac34c/logs/buy30727_lane_cc_main_2026_21.log
[buy30727] 2026-06-05T22:43:47.889Z spawned CC-MAIN-2026-17 pid=3452020 baseline_merchants=7 log=/paperclip/instances/default/workspaces/3ec8f6dd-1735-4479-9825-a2c42edac34c/logs/buy30727_lane_cc_main_2026_17.log
[buy30727] 2026-06-05T22:43:49.408Z spawned CC-MAIN-2025-18 pid=3452219 baseline_merchants=72 log=/paperclip/instances/default/workspaces/3ec8f6dd-1735-4479-9825-a2c42edac34c/logs/buy30727_lane_cc_main_2025_18.log
[buy30727] 2026-06-05T22:43:50.940Z spawned CC-MAIN-2025-05 pid=3452247 baseline_merchants=7 log=/paperclip/instances/default/workspaces/3ec8f6dd-1735-4479-9825-a2c42edac34c/logs/buy30727_lane_cc_main_2025_05.log
[buy30727] 2026-06-05T22:43:52.450Z spawned CC-MAIN-2025-47 pid=3452271 baseline_merchants=1421 log=/paperclip/instances/default/workspaces/3ec8f6dd-1735-4479-9825-a2c42edac34c/logs/buy30727_lane_cc_main_2025_47.log
[buy30727] 2026-06-05T22:44:24.003Z worker CC-MAIN-2026-21 pid=3451909 saturated#208(elapsed=38s new_merchants=0 remaining=862 cooldown=240m)
[buy30727] 2026-06-05T22:44:24.012Z worker CC-MAIN-2026-17 pid=3452020 saturated#209(elapsed=36s new_merchants=0 remaining=3255 cooldown=240m)
[buy30727] 2026-06-05T22:44:24.036Z worker CC-MAIN-2025-18 pid=3452219 saturated#209(elapsed=35s new_merchants=0 remaining=2382 cooldown=240m)
[buy30727] 2026-06-05T22:44:24.043Z worker CC-MAIN-2025-05 pid=3452247 saturated#209(elapsed=33s new_merchants=0 remaining=625 cooldown=240m)
[buy30727] 2026-06-05T22:44:24.065Z worker CC-MAIN-2025-47 pid=3452271 saturated#209(elapsed=32s new_merchants=0 remaining=2294 cooldown=240m)
[buy30727] 2026-06-05T22:44:24.068Z spawned CC-MAIN-2025-51 pid=3453719 baseline_merchants=236 log=/paperclip/instances/default/workspaces/3ec8f6dd-1735-4479-9825-a2c42edac34c/logs/buy30727_lane_cc_main_2025_51.log
[buy30727] 2026-06-05T22:44:25.607Z spawned CC-MAIN-2025-43 pid=3453898 baseline_merchants=88 log=/paperclip/instances/default/workspaces/3ec8f6dd-1735-4479-9825-a2c42edac34c/logs/buy30727_lane_cc_main_2025_43.log
[buy30727] 2026-06-05T22:44:27.125Z spawned CC-MAIN-2025-38 pid=3453989 baseline_merchants=28 log=/paperclip/instances/default/workspaces/3ec8f6dd-1735-4479-9825-a2c42edac34c/logs/buy30727_lane_cc_main_2025_38.log
[buy30727] 2026-06-05T22:44:28.649Z spawned CC-MAIN-2025-33 pid=3454016 baseline_merchants=13 log=/paperclip/instances/default/workspaces/3ec8f6dd-1735-4479-9825-a2c42edac34c/logs/buy30727_lane_cc_main_2025_33.log
[buy30727] 2026-06-05T22:44:30.177Z spawned CC-MAIN-2025-30 pid=3454041 baseline_merchants=136 log=/paperclip/instances/default/workspaces/3ec8f6dd-1735-4479-9825-a2c42edac34c/logs/buy30727_lane_cc_main_2025_30.log
[buy30727] 2026-06-05T22:45:01.739Z worker CC-MAIN-2025-51 pid=3453719 saturated#209(elapsed=38s new_merchants=0 remaining=2895 cooldown=240m)
[buy30727] 2026-06-05T22:45:01.764Z worker CC-MAIN-2025-43 pid=3453898 saturated#209(elapsed=36s new_merchants=0 remaining=1897 cooldown=240m)
[buy30727] 2026-06-05T22:45:01.792Z worker CC-MAIN-2025-38 pid=3453989 saturated#209(elapsed=35s new_merchants=0 remaining=1980 cooldown=240m)
[buy30727] 2026-06-05T22:45:01.812Z worker CC-MAIN-2025-33 pid=3454016 saturated#209(elapsed=33s new_merchants=0 remaining=2151 cooldown=240m)
[buy30727] 2026-06-05T22:45:01.826Z worker CC-MAIN-2025-30 pid=3454041 saturated#209(elapsed=32s new_merchants=0 remaining=2171 cooldown=240m)
[buy30727] 2026-06-05T22:45:01.830Z spawned CC-MAIN-2025-26 pid=3455543 baseline_merchants=18 log=/paperclip/instances/default/workspaces/3ec8f6dd-1735-4479-9825-a2c42edac34c/logs/buy30727_lane_cc_main_2025_26.log
[buy30727] 2026-06-05T22:45:03.341Z spawned CC-MAIN-2025-08 pid=3455587 baseline_merchants=7 log=/paperclip/instances/default/workspaces/3ec8f6dd-1735-4479-9825-a2c42edac34c/logs/buy30727_lane_cc_main_2025_08.log
[buy30727] 2026-06-05T22:45:04.858Z spawned CC-MAIN-2024-51 pid=3455697 baseline_merchants=427 log=/paperclip/instances/default/workspaces/3ec8f6dd-1735-4479-9825-a2c42edac34c/logs/buy30727_lane_cc_main_2024_51.log
[buy30727] 2026-06-05T22:45:06.376Z spawned CC-MAIN-2024-46 pid=3455735 baseline_merchants=92 log=/paperclip/instances/default/workspaces/3ec8f6dd-1735-4479-9825-a2c42edac34c/logs/buy30727_lane_cc_main_2024_46.log
[buy30727] 2026-06-05T22:45:07.906Z spawned CC-MAIN-2024-42 pid=3455907 baseline_merchants=91 log=/paperclip/instances/default/workspaces/3ec8f6dd-1735-4479-9825-a2c42edac34c/logs/buy30727_lane_cc_main_2024_42.log
[buy30727] 2026-06-05T22:45:39.462Z worker CC-MAIN-2025-26 pid=3455543 saturated#209(elapsed=38s new_merchants=0 remaining=744 cooldown=240m)
[buy30727] 2026-06-05T22:45:39.470Z worker CC-MAIN-2025-08 pid=3455587 saturated#209(elapsed=36s new_merchants=0 remaining=695 cooldown=240m)
[buy30727] 2026-06-05T22:45:39.491Z worker CC-MAIN-2024-51 pid=3455697 saturated#209(elapsed=35s new_merchants=0 remaining=1545 cooldown=240m)
[buy30727] 2026-06-05T22:45:39.517Z worker CC-MAIN-2024-46 pid=3455735 saturated#209(elapsed=33s new_merchants=0 remaining=1592 cooldown=240m)
[buy30727] 2026-06-05T22:45:39.545Z worker CC-MAIN-2024-42 pid=3455907 saturated#209(elapsed=32s new_merchants=0 remaining=1420 cooldown=240m)
[buy30727] 2026-06-05T22:45:39.548Z spawned CC-MAIN-2024-38 pid=3457055 baseline_merchants=36 log=/paperclip/instances/default/workspaces/3ec8f6dd-1735-4479-9825-a2c42edac34c/logs/buy30727_lane_cc_main_2024_38.log
[buy30727] 2026-06-05T22:45:41.059Z spawned CC-MAIN-2024-33 pid=3457107 baseline_merchants=88 log=/paperclip/instances/default/workspaces/3ec8f6dd-1735-4479-9825-a2c42edac34c/logs/buy30727_lane_cc_main_2024_33.log
[buy30727] 2026-06-05T22:45:42.569Z spawned CC-MAIN-2024-30 pid=3457175 baseline_merchants=17 log=/paperclip/instances/default/workspaces/3ec8f6dd-1735-4479-9825-a2c42edac34c/logs/buy30727_lane_cc_main_2024_30.log
[buy30727] 2026-06-05T22:45:44.080Z spawned CC-MAIN-2024-26 pid=3457327 baseline_merchants=7 log=/paperclip/instances/default/workspaces/3ec8f6dd-1735-4479-9825-a2c42edac34c/logs/buy30727_lane_cc_main_2024_26.log
[buy30727] 2026-06-05T22:45:45.592Z spawned CC-MAIN-2024-22 pid=3457500 baseline_merchants=13 log=/paperclip/instances/default/workspaces/3ec8f6dd-1735-4479-9825-a2c42edac34c/logs/buy30727_lane_cc_main_2024_22.log
[buy30727] 2026-06-05T22:46:17.115Z worker CC-MAIN-2024-38 pid=3457055 saturated#209(elapsed=38s new_merchants=0 remaining=581 cooldown=240m)
[buy30727] 2026-06-05T22:46:17.121Z worker CC-MAIN-2024-33 pid=3457107 saturated#209(elapsed=36s new_merchants=0 remaining=508 cooldown=240m)
[buy30727] 2026-06-05T22:46:17.126Z worker CC-MAIN-2024-30 pid=3457175 saturated#209(elapsed=35s new_merchants=0 remaining=424 cooldown=240m)
[buy30727] 2026-06-05T22:46:17.131Z worker CC-MAIN-2024-26 pid=3457327 saturated#209(elapsed=33s new_merchants=0 remaining=401 cooldown=240m)
[buy30727] 2026-06-05T22:46:17.148Z worker CC-MAIN-2024-22 pid=3457500 saturated#209(elapsed=32s new_merchants=0 remaining=868 cooldown=240m)
[buy30727] 2026-06-05T22:46:17.152Z spawned CC-MAIN-2024-18 pid=3459135 baseline_merchants=62 log=/paperclip/instances/default/workspaces/3ec8f6dd-1735-4479-9825-a2c42edac34c/logs/buy30727_lane_cc_main_2024_18.log
[buy30727] 2026-06-05T22:46:18.692Z spawned CC-MAIN-2024-10 pid=3459174 baseline_merchants=4 log=/paperclip/instances/default/workspaces/3ec8f6dd-1735-4479-9825-a2c42edac34c/logs/buy30727_lane_cc_main_2024_10.log
[buy30727] 2026-06-05T22:46:20.206Z spawned CC-MAIN-2023-50 pid=3459347 baseline_merchants=4 log=/paperclip/instances/default/workspaces/3ec8f6dd-1735-4479-9825-a2c42edac34c/logs/buy30727_lane_cc_main_2023_50.log
[buy30727] 2026-06-05T22:46:21.715Z spawned CC-MAIN-2023-14 pid=3459386 baseline_merchants=53 log=/paperclip/instances/default/workspaces/3ec8f6dd-1735-4479-9825-a2c42edac34c/logs/buy30727_lane_cc_main_2023_14.log
[buy30727] 2026-06-05T22:46:23.224Z spawned CC-MAIN-2023-06 pid=3459414 baseline_merchants=45 log=/paperclip/instances/default/workspaces/3ec8f6dd-1735-4479-9825-a2c42edac34c/logs/buy30727_lane_cc_main_2023_06.log
[buy30727] 2026-06-05T22:46:24.762Z tick=190 active=5 drained=20 saturated=27 known_merchants=15747 status=[CC-MAIN-2024-18:1033/47884, CC-MAIN-2024-10:794/32287, CC-MAIN-2023-50:378/14186, CC-MAIN-2023-14:248/11465, CC-MAIN-2023-06:318/15760]
[buy30727] 2026-06-05T22:46:54.779Z worker CC-MAIN-2024-18 pid=3459135 saturated#209(elapsed=38s new_merchants=0 remaining=1033 cooldown=240m)
[buy30727] 2026-06-05T22:46:54.787Z worker CC-MAIN-2024-10 pid=3459174 saturated#209(elapsed=36s new_merchants=0 remaining=794 cooldown=240m)
[buy30727] 2026-06-05T22:46:54.795Z worker CC-MAIN-2023-50 pid=3459347 saturated#209(elapsed=35s new_merchants=0 remaining=378 cooldown=240m)
[buy30727] 2026-06-05T22:46:54.799Z worker CC-MAIN-2023-14 pid=3459386 saturated#209(elapsed=33s new_merchants=0 remaining=248 cooldown=240m)
[buy30727] 2026-06-05T22:46:54.804Z worker CC-MAIN-2023-06 pid=3459414 saturated#209(elapsed=32s new_merchants=0 remaining=318 cooldown=240m)
[buy30727] 2026-06-05T22:46:54.807Z spawned CC-MAIN-2022-49 pid=3460792 baseline_merchants=5 log=/paperclip/instances/default/workspaces/3ec8f6dd-1735-4479-9825-a2c42edac34c/logs/buy30727_lane_cc_main_2022_49.log
[buy30727] 2026-06-05T22:46:56.318Z spawned CC-MAIN-2022-40 pid=3460830 baseline_merchants=3 log=/paperclip/instances/default/workspaces/3ec8f6dd-1735-4479-9825-a2c42edac34c/logs/buy30727_lane_cc_main_2022_40.log
[buy30727] 2026-06-05T22:46:57.836Z spawned CC-MAIN-2026-21 pid=3460928 baseline_merchants=853 log=/paperclip/instances/default/workspaces/3ec8f6dd-1735-4479-9825-a2c42edac34c/logs/buy30727_lane_cc_main_2026_21.log
[buy30727] 2026-06-05T22:46:59.351Z spawned CC-MAIN-2026-17 pid=3460980 baseline_merchants=7 log=/paperclip/instances/default/workspaces/3ec8f6dd-1735-4479-9825-a2c42edac34c/logs/buy30727_lane_cc_main_2026_17.log
[buy30727] 2026-06-05T22:47:00.888Z spawned CC-MAIN-2025-18 pid=3461008 baseline_merchants=72 log=/paperclip/instances/default/workspaces/3ec8f6dd-1735-4479-9825-a2c42edac34c/logs/buy30727_lane_cc_main_2025_18.log
[buy30727] 2026-06-05T22:47:32.441Z worker CC-MAIN-2022-49 pid=3460792 saturated#209(elapsed=38s new_merchants=0 remaining=323 cooldown=240m)
[buy30727] 2026-06-05T22:47:32.445Z worker CC-MAIN-2022-40 pid=3460830 saturated#209(elapsed=36s new_merchants=0 remaining=295 cooldown=240m)
[buy30727] 2026-06-05T22:47:32.447Z worker CC-MAIN-2026-21 pid=3460928 saturated#209(elapsed=35s new_merchants=0 remaining=862 cooldown=240m)
[buy30727] 2026-06-05T22:47:32.455Z worker CC-MAIN-2026-17 pid=3460980 saturated#210(elapsed=33s new_merchants=0 remaining=3255 cooldown=240m)
[buy30727] 2026-06-05T22:47:32.474Z worker CC-MAIN-2025-18 pid=3461008 saturated#210(elapsed=32s new_merchants=0 remaining=2382 cooldown=240m)
[buy30727] 2026-06-05T22:47:32.477Z spawned CC-MAIN-2025-05 pid=3462184 baseline_merchants=7 log=/paperclip/instances/default/workspaces/3ec8f6dd-1735-4479-9825-a2c42edac34c/logs/buy30727_lane_cc_main_2025_05.log
[buy30727] 2026-06-05T22:47:33.987Z spawned CC-MAIN-2025-47 pid=3462290 baseline_merchants=1421 log=/paperclip/instances/default/workspaces/3ec8f6dd-1735-4479-9825-a2c42edac34c/logs/buy30727_lane_cc_main_2025_47.log
[buy30727] 2026-06-05T22:47:35.509Z spawned CC-MAIN-2025-51 pid=3462316 baseline_merchants=236 log=/paperclip/instances/default/workspaces/3ec8f6dd-1735-4479-9825-a2c42edac34c/logs/buy30727_lane_cc_main_2025_51.log
[buy30727] 2026-06-05T22:47:37.031Z spawned CC-MAIN-2025-43 pid=3462344 baseline_merchants=88 log=/paperclip/instances/default/workspaces/3ec8f6dd-1735-4479-9825-a2c42edac34c/logs/buy30727_lane_cc_main_2025_43.log
[buy30727] 2026-06-05T22:47:38.548Z spawned CC-MAIN-2025-38 pid=3462389 baseline_merchants=28 log=/paperclip/instances/default/workspaces/3ec8f6dd-1735-4479-9825-a2c42edac34c/logs/buy30727_lane_cc_main_2025_38.log
[buy30727] 2026-06-05T22:48:10.100Z worker CC-MAIN-2025-05 pid=3462184 saturated#210(elapsed=38s new_merchants=0 remaining=625 cooldown=240m)
[buy30727] 2026-06-05T22:48:10.115Z worker CC-MAIN-2025-47 pid=3462290 saturated#210(elapsed=36s new_merchants=0 remaining=2294 cooldown=240m)
[buy30727] 2026-06-05T22:48:10.129Z worker CC-MAIN-2025-51 pid=3462316 saturated#210(elapsed=35s new_merchants=0 remaining=2895 cooldown=240m)
[buy30727] 2026-06-05T22:48:10.142Z worker CC-MAIN-2025-43 pid=3462344 saturated#210(elapsed=33s new_merchants=0 remaining=1897 cooldown=240m)
[buy30727] 2026-06-05T22:48:10.160Z worker CC-MAIN-2025-38 pid=3462389 saturated#210(elapsed=32s new_merchants=0 remaining=1980 cooldown=240m)
[buy30727] 2026-06-05T22:48:10.164Z spawned CC-MAIN-2025-33 pid=3463491 baseline_merchants=13 log=/paperclip/instances/default/workspaces/3ec8f6dd-1735-4479-9825-a2c42edac34c/logs/buy30727_lane_cc_main_2025_33.log
[buy30727] 2026-06-05T22:48:11.691Z spawned CC-MAIN-2025-30 pid=3463518 baseline_merchants=136 log=/paperclip/instances/default/workspaces/3ec8f6dd-1735-4479-9825-a2c42edac34c/logs/buy30727_lane_cc_main_2025_30.log
[buy30727] 2026-06-05T22:48:13.209Z spawned CC-MAIN-2025-26 pid=3463551 baseline_merchants=18 log=/paperclip/instances/default/workspaces/3ec8f6dd-1735-4479-9825-a2c42edac34c/logs/buy30727_lane_cc_main_2025_26.log
[buy30727] 2026-06-05T22:48:14.718Z spawned CC-MAIN-2025-08 pid=3463575 baseline_merchants=7 log=/paperclip/instances/default/workspaces/3ec8f6dd-1735-4479-9825-a2c42edac34c/logs/buy30727_lane_cc_main_2025_08.log
[buy30727] 2026-06-05T22:48:16.227Z spawned CC-MAIN-2024-51 pid=3463599 baseline_merchants=427 log=/paperclip/instances/default/workspaces/3ec8f6dd-1735-4479-9825-a2c42edac34c/logs/buy30727_lane_cc_main_2024_51.log
[buy30727] 2026-06-05T22:48:47.788Z worker CC-MAIN-2025-33 pid=3463491 saturated#210(elapsed=38s new_merchants=0 remaining=2151 cooldown=240m)
[buy30727] 2026-06-05T22:48:47.819Z worker CC-MAIN-2025-30 pid=3463518 saturated#210(elapsed=36s new_merchants=0 remaining=2171 cooldown=240m)
[buy30727] 2026-06-05T22:48:47.825Z worker CC-MAIN-2025-26 pid=3463551 saturated#210(elapsed=35s new_merchants=0 remaining=744 cooldown=240m)
[buy30727] 2026-06-05T22:48:47.832Z worker CC-MAIN-2025-08 pid=3463575 saturated#210(elapsed=33s new_merchants=0 remaining=695 cooldown=240m)
[buy30727] 2026-06-05T22:48:47.862Z worker CC-MAIN-2024-51 pid=3463599 saturated#210(elapsed=32s new_merchants=0 remaining=1545 cooldown=240m)
[buy30727] 2026-06-05T22:48:47.865Z spawned CC-MAIN-2024-46 pid=3464288 baseline_merchants=92 log=/paperclip/instances/default/workspaces/3ec8f6dd-1735-4479-9825-a2c42edac34c/logs/buy30727_lane_cc_main_2024_46.log
[buy30727] 2026-06-05T22:48:49.393Z spawned CC-MAIN-2024-42 pid=3464312 baseline_merchants=91 log=/paperclip/instances/default/workspaces/3ec8f6dd-1735-4479-9825-a2c42edac34c/logs/buy30727_lane_cc_main_2024_42.log
[buy30727] 2026-06-05T22:48:50.915Z spawned CC-MAIN-2024-38 pid=3464339 baseline_merchants=36 log=/paperclip/instances/default/workspaces/3ec8f6dd-1735-4479-9825-a2c42edac34c/logs/buy30727_lane_cc_main_2024_38.log
[buy30727] 2026-06-05T22:48:52.424Z spawned CC-MAIN-2024-33 pid=3464364 baseline_merchants=88 log=/paperclip/instances/default/workspaces/3ec8f6dd-1735-4479-9825-a2c42edac34c/logs/buy30727_lane_cc_main_2024_33.log
[buy30727] 2026-06-05T22:48:53.933Z spawned CC-MAIN-2024-30 pid=3464728 baseline_merchants=17 log=/paperclip/instances/default/workspaces/3ec8f6dd-1735-4479-9825-a2c42edac34c/logs/buy30727_lane_cc_main_2024_30.log
[buy30727] 2026-06-05T22:49:25.499Z worker CC-MAIN-2024-46 pid=3464288 saturated#210(elapsed=38s new_merchants=0 remaining=1592 cooldown=240m)
[buy30727] 2026-06-05T22:49:25.524Z worker CC-MAIN-2024-42 pid=3464312 saturated#210(elapsed=36s new_merchants=0 remaining=1420 cooldown=240m)
[buy30727] 2026-06-05T22:49:25.531Z worker CC-MAIN-2024-38 pid=3464339 saturated#210(elapsed=35s new_merchants=0 remaining=581 cooldown=240m)
[buy30727] 2026-06-05T22:49:25.536Z worker CC-MAIN-2024-33 pid=3464364 saturated#210(elapsed=33s new_merchants=0 remaining=508 cooldown=240m)
[buy30727] 2026-06-05T22:49:25.540Z worker CC-MAIN-2024-30 pid=3464728 saturated#210(elapsed=32s new_merchants=0 remaining=424 cooldown=240m)
[buy30727] 2026-06-05T22:49:25.544Z spawned CC-MAIN-2024-26 pid=3465725 baseline_merchants=7 log=/paperclip/instances/default/workspaces/3ec8f6dd-1735-4479-9825-a2c42edac34c/logs/buy30727_lane_cc_main_2024_26.log
[buy30727] 2026-06-05T22:49:27.058Z spawned CC-MAIN-2024-22 pid=3465790 baseline_merchants=13 log=/paperclip/instances/default/workspaces/3ec8f6dd-1735-4479-9825-a2c42edac34c/logs/buy30727_lane_cc_main_2024_22.log
[buy30727] 2026-06-05T22:49:28.572Z spawned CC-MAIN-2024-18 pid=3465905 baseline_merchants=62 log=/paperclip/instances/default/workspaces/3ec8f6dd-1735-4479-9825-a2c42edac34c/logs/buy30727_lane_cc_main_2024_18.log
[buy30727] 2026-06-05T22:49:30.092Z spawned CC-MAIN-2024-10 pid=3465942 baseline_merchants=4 log=/paperclip/instances/default/workspaces/3ec8f6dd-1735-4479-9825-a2c42edac34c/logs/buy30727_lane_cc_main_2024_10.log
[buy30727] 2026-06-05T22:49:31.615Z spawned CC-MAIN-2023-50 pid=3465968 baseline_merchants=4 log=/paperclip/instances/default/workspaces/3ec8f6dd-1735-4479-9825-a2c42edac34c/logs/buy30727_lane_cc_main_2023_50.log
[buy30727] 2026-06-05T22:50:03.162Z worker CC-MAIN-2024-26 pid=3465725 saturated#210(elapsed=38s new_merchants=0 remaining=401 cooldown=240m)
[buy30727] 2026-06-05T22:50:03.178Z worker CC-MAIN-2024-22 pid=3465790 saturated#210(elapsed=36s new_merchants=0 remaining=868 cooldown=240m)
[buy30727] 2026-06-05T22:50:03.201Z worker CC-MAIN-2024-18 pid=3465905 saturated#210(elapsed=35s new_merchants=0 remaining=1033 cooldown=240m)
[buy30727] 2026-06-05T22:50:03.216Z worker CC-MAIN-2024-10 pid=3465942 saturated#210(elapsed=33s new_merchants=0 remaining=794 cooldown=240m)
[buy30727] 2026-06-05T22:50:03.224Z worker CC-MAIN-2023-50 pid=3465968 saturated#210(elapsed=32s new_merchants=0 remaining=378 cooldown=240m)
[buy30727] 2026-06-05T22:50:03.228Z spawned CC-MAIN-2023-14 pid=3466946 baseline_merchants=53 log=/paperclip/instances/default/workspaces/3ec8f6dd-1735-4479-9825-a2c42edac34c/logs/buy30727_lane_cc_main_2023_14.log
[buy30727] 2026-06-05T22:50:04.736Z spawned CC-MAIN-2023-06 pid=3467060 baseline_merchants=45 log=/paperclip/instances/default/workspaces/3ec8f6dd-1735-4479-9825-a2c42edac34c/logs/buy30727_lane_cc_main_2023_06.log
[buy30727] 2026-06-05T22:50:06.245Z spawned CC-MAIN-2022-49 pid=3467093 baseline_merchants=5 log=/paperclip/instances/default/workspaces/3ec8f6dd-1735-4479-9825-a2c42edac34c/logs/buy30727_lane_cc_main_2022_49.log
[buy30727] 2026-06-05T22:50:07.754Z spawned CC-MAIN-2022-40 pid=3467352 baseline_merchants=3 log=/paperclip/instances/default/workspaces/3ec8f6dd-1735-4479-9825-a2c42edac34c/logs/buy30727_lane_cc_main_2022_40.log
[buy30727] 2026-06-05T22:50:09.262Z spawned CC-MAIN-2026-21 pid=3467424 baseline_merchants=853 log=/paperclip/instances/default/workspaces/3ec8f6dd-1735-4479-9825-a2c42edac34c/logs/buy30727_lane_cc_main_2026_21.log
[buy30727] 2026-06-05T22:50:40.771Z worker CC-MAIN-2023-14 pid=3466946 saturated#210(elapsed=38s new_merchants=0 remaining=248 cooldown=240m)
[buy30727] 2026-06-05T22:50:40.779Z worker CC-MAIN-2023-06 pid=3467060 saturated#210(elapsed=36s new_merchants=0 remaining=318 cooldown=240m)
[buy30727] 2026-06-05T22:50:40.784Z worker CC-MAIN-2022-49 pid=3467093 saturated#210(elapsed=35s new_merchants=0 remaining=323 cooldown=240m)
[buy30727] 2026-06-05T22:50:40.788Z worker CC-MAIN-2022-40 pid=3467352 saturated#210(elapsed=33s new_merchants=0 remaining=295 cooldown=240m)
[buy30727] 2026-06-05T22:50:40.790Z worker CC-MAIN-2026-21 pid=3467424 saturated#210(elapsed=32s new_merchants=0 remaining=862 cooldown=240m)
[buy30727] 2026-06-05T22:50:40.793Z spawned CC-MAIN-2026-17 pid=3468631 baseline_merchants=7 log=/paperclip/instances/default/workspaces/3ec8f6dd-1735-4479-9825-a2c42edac34c/logs/buy30727_lane_cc_main_2026_17.log
[buy30727] 2026-06-05T22:50:42.315Z spawned CC-MAIN-2025-18 pid=3468669 baseline_merchants=72 log=/paperclip/instances/default/workspaces/3ec8f6dd-1735-4479-9825-a2c42edac34c/logs/buy30727_lane_cc_main_2025_18.log
[buy30727] 2026-06-05T22:50:43.845Z spawned CC-MAIN-2025-05 pid=3468872 baseline_merchants=7 log=/paperclip/instances/default/workspaces/3ec8f6dd-1735-4479-9825-a2c42edac34c/logs/buy30727_lane_cc_main_2025_05.log
[buy30727] 2026-06-05T22:50:45.362Z spawned CC-MAIN-2025-47 pid=3469123 baseline_merchants=1421 log=/paperclip/instances/default/workspaces/3ec8f6dd-1735-4479-9825-a2c42edac34c/logs/buy30727_lane_cc_main_2025_47.log
[buy30727] 2026-06-05T22:50:46.892Z spawned CC-MAIN-2025-51 pid=3469389 baseline_merchants=236 log=/paperclip/instances/default/workspaces/3ec8f6dd-1735-4479-9825-a2c42edac34c/logs/buy30727_lane_cc_main_2025_51.log
[buy30727] 2026-06-05T22:51:18.453Z worker CC-MAIN-2026-17 pid=3468631 saturated#211(elapsed=38s new_merchants=0 remaining=3255 cooldown=240m)
[buy30727] 2026-06-05T22:51:18.471Z worker CC-MAIN-2025-18 pid=3468669 saturated#211(elapsed=36s new_merchants=0 remaining=2382 cooldown=240m)
[buy30727] 2026-06-05T22:51:18.477Z worker CC-MAIN-2025-05 pid=3468872 saturated#211(elapsed=35s new_merchants=0 remaining=625 cooldown=240m)
[buy30727] 2026-06-05T22:51:18.493Z worker CC-MAIN-2025-47 pid=3469123 saturated#211(elapsed=33s new_merchants=0 remaining=2294 cooldown=240m)
[buy30727] 2026-06-05T22:51:18.509Z worker CC-MAIN-2025-51 pid=3469389 saturated#211(elapsed=32s new_merchants=0 remaining=2895 cooldown=240m)
[buy30727] 2026-06-05T22:51:18.512Z spawned CC-MAIN-2025-43 pid=3472575 baseline_merchants=88 log=/paperclip/instances/default/workspaces/3ec8f6dd-1735-4479-9825-a2c42edac34c/logs/buy30727_lane_cc_main_2025_43.log
[buy30727] 2026-06-05T22:51:20.033Z spawned CC-MAIN-2025-38 pid=3472662 baseline_merchants=28 log=/paperclip/instances/default/workspaces/3ec8f6dd-1735-4479-9825-a2c42edac34c/logs/buy30727_lane_cc_main_2025_38.log
[buy30727] 2026-06-05T22:51:21.550Z spawned CC-MAIN-2025-33 pid=3472751 baseline_merchants=13 log=/paperclip/instances/default/workspaces/3ec8f6dd-1735-4479-9825-a2c42edac34c/logs/buy30727_lane_cc_main_2025_33.log
[buy30727] 2026-06-05T22:51:23.074Z spawned CC-MAIN-2025-30 pid=3472933 baseline_merchants=136 log=/paperclip/instances/default/workspaces/3ec8f6dd-1735-4479-9825-a2c42edac34c/logs/buy30727_lane_cc_main_2025_30.log
[buy30727] 2026-06-05T22:51:24.592Z spawned CC-MAIN-2025-26 pid=3473046 baseline_merchants=18 log=/paperclip/instances/default/workspaces/3ec8f6dd-1735-4479-9825-a2c42edac34c/logs/buy30727_lane_cc_main_2025_26.log
[buy30727] 2026-06-05T22:51:56.125Z worker CC-MAIN-2025-43 pid=3472575 saturated#211(elapsed=38s new_merchants=0 remaining=1897 cooldown=240m)
[buy30727] 2026-06-05T22:51:56.148Z worker CC-MAIN-2025-38 pid=3472662 saturated#211(elapsed=36s new_merchants=0 remaining=1980 cooldown=240m)
[buy30727] 2026-06-05T22:51:56.171Z worker CC-MAIN-2025-33 pid=3472751 saturated#211(elapsed=35s new_merchants=0 remaining=2151 cooldown=240m)
[buy30727] 2026-06-05T22:51:56.189Z worker CC-MAIN-2025-30 pid=3472933 saturated#211(elapsed=33s new_merchants=0 remaining=2171 cooldown=240m)
[buy30727] 2026-06-05T22:51:56.192Z worker CC-MAIN-2025-26 pid=3473046 saturated#211(elapsed=32s new_merchants=0 remaining=744 cooldown=240m)
[buy30727] 2026-06-05T22:51:56.195Z spawned CC-MAIN-2025-08 pid=3475007 baseline_merchants=7 log=/paperclip/instances/default/workspaces/3ec8f6dd-1735-4479-9825-a2c42edac34c/logs/buy30727_lane_cc_main_2025_08.log
[buy30727] 2026-06-05T22:51:57.702Z spawned CC-MAIN-2024-51 pid=3475038 baseline_merchants=427 log=/paperclip/instances/default/workspaces/3ec8f6dd-1735-4479-9825-a2c42edac34c/logs/buy30727_lane_cc_main_2024_51.log
[buy30727] 2026-06-05T22:51:59.226Z spawned CC-MAIN-2024-46 pid=3475234 baseline_merchants=92 log=/paperclip/instances/default/workspaces/3ec8f6dd-1735-4479-9825-a2c42edac34c/logs/buy30727_lane_cc_main_2024_46.log
[buy30727] 2026-06-05T22:52:00.750Z spawned CC-MAIN-2024-42 pid=3475313 baseline_merchants=91 log=/paperclip/instances/default/workspaces/3ec8f6dd-1735-4479-9825-a2c42edac34c/logs/buy30727_lane_cc_main_2024_42.log
[buy30727] 2026-06-05T22:52:02.272Z spawned CC-MAIN-2024-38 pid=3475512 baseline_merchants=36 log=/paperclip/instances/default/workspaces/3ec8f6dd-1735-4479-9825-a2c42edac34c/logs/buy30727_lane_cc_main_2024_38.log
[buy30727] 2026-06-05T22:52:33.811Z worker CC-MAIN-2025-08 pid=3475007 saturated#211(elapsed=38s new_merchants=0 remaining=695 cooldown=240m)
[buy30727] 2026-06-05T22:52:33.829Z worker CC-MAIN-2024-51 pid=3475038 saturated#211(elapsed=36s new_merchants=0 remaining=1545 cooldown=240m)
[buy30727] 2026-06-05T22:52:33.857Z worker CC-MAIN-2024-46 pid=3475234 saturated#211(elapsed=35s new_merchants=0 remaining=1592 cooldown=240m)
[buy30727] 2026-06-05T22:52:33.885Z worker CC-MAIN-2024-42 pid=3475313 saturated#211(elapsed=33s new_merchants=0 remaining=1420 cooldown=240m)
[buy30727] 2026-06-05T22:52:33.889Z worker CC-MAIN-2024-38 pid=3475512 saturated#211(elapsed=32s new_merchants=0 remaining=581 cooldown=240m)
[buy30727] 2026-06-05T22:52:33.892Z spawned CC-MAIN-2024-33 pid=3476594 baseline_merchants=88 log=/paperclip/instances/default/workspaces/3ec8f6dd-1735-4479-9825-a2c42edac34c/logs/buy30727_lane_cc_main_2024_33.log
[buy30727] 2026-06-05T22:52:35.401Z spawned CC-MAIN-2024-30 pid=3476616 baseline_merchants=17 log=/paperclip/instances/default/workspaces/3ec8f6dd-1735-4479-9825-a2c42edac34c/logs/buy30727_lane_cc_main_2024_30.log
[buy30727] 2026-06-05T22:52:36.927Z spawned CC-MAIN-2024-26 pid=3476667 baseline_merchants=7 log=/paperclip/instances/default/workspaces/3ec8f6dd-1735-4479-9825-a2c42edac34c/logs/buy30727_lane_cc_main_2024_26.log
[buy30727] 2026-06-05T22:52:38.436Z spawned CC-MAIN-2024-22 pid=3476762 baseline_merchants=13 log=/paperclip/instances/default/workspaces/3ec8f6dd-1735-4479-9825-a2c42edac34c/logs/buy30727_lane_cc_main_2024_22.log
[buy30727] 2026-06-05T22:52:39.954Z spawned CC-MAIN-2024-18 pid=3476911 baseline_merchants=62 log=/paperclip/instances/default/workspaces/3ec8f6dd-1735-4479-9825-a2c42edac34c/logs/buy30727_lane_cc_main_2024_18.log
[buy30727] 2026-06-05T22:52:41.500Z tick=200 active=5 drained=20 saturated=27 known_merchants=15747 status=[CC-MAIN-2024-33:508/16923, CC-MAIN-2024-30:424/13139, CC-MAIN-2024-26:401/13353, CC-MAIN-2024-22:868/34722, CC-MAIN-2024-18:1033/47884]
[buy30727] 2026-06-05T22:53:11.530Z worker CC-MAIN-2024-33 pid=3476594 saturated#211(elapsed=38s new_merchants=0 remaining=508 cooldown=240m)
[buy30727] 2026-06-05T22:53:11.535Z worker CC-MAIN-2024-30 pid=3476616 saturated#211(elapsed=36s new_merchants=0 remaining=424 cooldown=240m)
[buy30727] 2026-06-05T22:53:11.540Z worker CC-MAIN-2024-26 pid=3476667 saturated#211(elapsed=35s new_merchants=0 remaining=401 cooldown=240m)
[buy30727] 2026-06-05T22:53:11.554Z worker CC-MAIN-2024-22 pid=3476762 saturated#211(elapsed=33s new_merchants=0 remaining=868 cooldown=240m)
[buy30727] 2026-06-05T22:53:11.572Z worker CC-MAIN-2024-18 pid=3476911 saturated#211(elapsed=32s new_merchants=0 remaining=1033 cooldown=240m)
[buy30727] 2026-06-05T22:53:11.575Z spawned CC-MAIN-2024-10 pid=3477936 baseline_merchants=4 log=/paperclip/instances/default/workspaces/3ec8f6dd-1735-4479-9825-a2c42edac34c/logs/buy30727_lane_cc_main_2024_10.log
[buy30727] 2026-06-05T22:53:13.093Z spawned CC-MAIN-2023-50 pid=3477963 baseline_merchants=4 log=/paperclip/instances/default/workspaces/3ec8f6dd-1735-4479-9825-a2c42edac34c/logs/buy30727_lane_cc_main_2023_50.log
[buy30727] 2026-06-05T22:53:14.602Z spawned CC-MAIN-2023-14 pid=3477997 baseline_merchants=53 log=/paperclip/instances/default/workspaces/3ec8f6dd-1735-4479-9825-a2c42edac34c/logs/buy30727_lane_cc_main_2023_14.log
[buy30727] 2026-06-05T22:53:16.110Z spawned CC-MAIN-2023-06 pid=3478032 baseline_merchants=45 log=/paperclip/instances/default/workspaces/3ec8f6dd-1735-4479-9825-a2c42edac34c/logs/buy30727_lane_cc_main_2023_06.log
[buy30727] 2026-06-05T22:53:17.620Z spawned CC-MAIN-2022-49 pid=3478057 baseline_merchants=5 log=/paperclip/instances/default/workspaces/3ec8f6dd-1735-4479-9825-a2c42edac34c/logs/buy30727_lane_cc_main_2022_49.log
[buy30727] 2026-06-05T22:53:49.170Z worker CC-MAIN-2024-10 pid=3477936 saturated#211(elapsed=38s new_merchants=0 remaining=794 cooldown=240m)
[buy30727] 2026-06-05T22:53:49.173Z worker CC-MAIN-2023-50 pid=3477963 saturated#211(elapsed=36s new_merchants=0 remaining=378 cooldown=240m)
[buy30727] 2026-06-05T22:53:49.176Z worker CC-MAIN-2023-14 pid=3477997 saturated#211(elapsed=35s new_merchants=0 remaining=248 cooldown=240m)
[buy30727] 2026-06-05T22:53:49.179Z worker CC-MAIN-2023-06 pid=3478032 saturated#211(elapsed=33s new_merchants=0 remaining=318 cooldown=240m)
[buy30727] 2026-06-05T22:53:49.186Z worker CC-MAIN-2022-49 pid=3478057 saturated#211(elapsed=32s new_merchants=0 remaining=323 cooldown=240m)
[buy30727] 2026-06-05T22:53:49.189Z spawned CC-MAIN-2022-40 pid=3479187 baseline_merchants=3 log=/paperclip/instances/default/workspaces/3ec8f6dd-1735-4479-9825-a2c42edac34c/logs/buy30727_lane_cc_main_2022_40.log
[buy30727] 2026-06-05T22:53:50.700Z spawned CC-MAIN-2026-21 pid=3479211 baseline_merchants=853 log=/paperclip/instances/default/workspaces/3ec8f6dd-1735-4479-9825-a2c42edac34c/logs/buy30727_lane_cc_main_2026_21.log
[buy30727] 2026-06-05T22:53:52.210Z spawned CC-MAIN-2026-17 pid=3479238 baseline_merchants=7 log=/paperclip/instances/default/workspaces/3ec8f6dd-1735-4479-9825-a2c42edac34c/logs/buy30727_lane_cc_main_2026_17.log
[buy30727] 2026-06-05T22:53:53.731Z spawned CC-MAIN-2025-18 pid=3479261 baseline_merchants=72 log=/paperclip/instances/default/workspaces/3ec8f6dd-1735-4479-9825-a2c42edac34c/logs/buy30727_lane_cc_main_2025_18.log
[buy30727] 2026-06-05T22:53:55.256Z spawned CC-MAIN-2025-05 pid=3479283 baseline_merchants=7 log=/paperclip/instances/default/workspaces/3ec8f6dd-1735-4479-9825-a2c42edac34c/logs/buy30727_lane_cc_main_2025_05.log
[buy30727] 2026-06-05T22:54:26.766Z worker CC-MAIN-2022-40 pid=3479187 saturated#211(elapsed=38s new_merchants=0 remaining=295 cooldown=240m)
[buy30727] 2026-06-05T22:54:26.769Z worker CC-MAIN-2026-21 pid=3479211 saturated#211(elapsed=36s new_merchants=0 remaining=862 cooldown=240m)
[buy30727] 2026-06-05T22:54:26.778Z worker CC-MAIN-2026-17 pid=3479238 saturated#212(elapsed=35s new_merchants=0 remaining=3255 cooldown=240m)
[buy30727] 2026-06-05T22:54:26.797Z worker CC-MAIN-2025-18 pid=3479261 saturated#212(elapsed=33s new_merchants=0 remaining=2382 cooldown=240m)
[buy30727] 2026-06-05T22:54:26.802Z worker CC-MAIN-2025-05 pid=3479283 saturated#212(elapsed=32s new_merchants=0 remaining=625 cooldown=240m)
[buy30727] 2026-06-05T22:54:26.806Z spawned CC-MAIN-2025-47 pid=3480627 baseline_merchants=1421 log=/paperclip/instances/default/workspaces/3ec8f6dd-1735-4479-9825-a2c42edac34c/logs/buy30727_lane_cc_main_2025_47.log
[buy30727] 2026-06-05T22:54:28.328Z spawned CC-MAIN-2025-51 pid=3480694 baseline_merchants=236 log=/paperclip/instances/default/workspaces/3ec8f6dd-1735-4479-9825-a2c42edac34c/logs/buy30727_lane_cc_main_2025_51.log
[buy30727] 2026-06-05T22:54:29.848Z spawned CC-MAIN-2025-43 pid=3480719 baseline_merchants=88 log=/paperclip/instances/default/workspaces/3ec8f6dd-1735-4479-9825-a2c42edac34c/logs/buy30727_lane_cc_main_2025_43.log
[buy30727] 2026-06-05T22:54:31.374Z spawned CC-MAIN-2025-38 pid=3480742 baseline_merchants=28 log=/paperclip/instances/default/workspaces/3ec8f6dd-1735-4479-9825-a2c42edac34c/logs/buy30727_lane_cc_main_2025_38.log
[buy30727] 2026-06-05T22:54:32.890Z spawned CC-MAIN-2025-33 pid=3480776 baseline_merchants=13 log=/paperclip/instances/default/workspaces/3ec8f6dd-1735-4479-9825-a2c42edac34c/logs/buy30727_lane_cc_main_2025_33.log
[buy30727] 2026-06-05T22:55:04.421Z worker CC-MAIN-2025-47 pid=3480627 saturated#212(elapsed=38s new_merchants=0 remaining=2294 cooldown=240m)
[buy30727] 2026-06-05T22:55:04.436Z worker CC-MAIN-2025-51 pid=3480694 saturated#212(elapsed=36s new_merchants=0 remaining=2895 cooldown=240m)
[buy30727] 2026-06-05T22:55:04.449Z worker CC-MAIN-2025-43 pid=3480719 saturated#212(elapsed=35s new_merchants=0 remaining=1897 cooldown=240m)
[buy30727] 2026-06-05T22:55:04.460Z worker CC-MAIN-2025-38 pid=3480742 saturated#212(elapsed=33s new_merchants=0 remaining=1980 cooldown=240m)
[buy30727] 2026-06-05T22:55:04.476Z worker CC-MAIN-2025-33 pid=3480776 saturated#212(elapsed=32s new_merchants=0 remaining=2151 cooldown=240m)
[buy30727] 2026-06-05T22:55:04.479Z spawned CC-MAIN-2025-30 pid=3481839 baseline_merchants=136 log=/paperclip/instances/default/workspaces/3ec8f6dd-1735-4479-9825-a2c42edac34c/logs/buy30727_lane_cc_main_2025_30.log
[buy30727] 2026-06-05T22:55:06.000Z spawned CC-MAIN-2025-26 pid=3481861 baseline_merchants=18 log=/paperclip/instances/default/workspaces/3ec8f6dd-1735-4479-9825-a2c42edac34c/logs/buy30727_lane_cc_main_2025_26.log
[buy30727] 2026-06-05T22:55:07.509Z spawned CC-MAIN-2025-08 pid=3481913 baseline_merchants=7 log=/paperclip/instances/default/workspaces/3ec8f6dd-1735-4479-9825-a2c42edac34c/logs/buy30727_lane_cc_main_2025_08.log
[buy30727] 2026-06-05T22:55:09.020Z spawned CC-MAIN-2024-51 pid=3482050 baseline_merchants=427 log=/paperclip/instances/default/workspaces/3ec8f6dd-1735-4479-9825-a2c42edac34c/logs/buy30727_lane_cc_main_2024_51.log
[buy30727] 2026-06-05T22:55:10.535Z spawned CC-MAIN-2024-46 pid=3482079 baseline_merchants=92 log=/paperclip/instances/default/workspaces/3ec8f6dd-1735-4479-9825-a2c42edac34c/logs/buy30727_lane_cc_main_2024_46.log
[buy30727] 2026-06-05T22:55:42.099Z worker CC-MAIN-2025-30 pid=3481839 saturated#212(elapsed=38s new_merchants=0 remaining=2171 cooldown=240m)
[buy30727] 2026-06-05T22:55:42.102Z worker CC-MAIN-2025-26 pid=3481861 saturated#212(elapsed=36s new_merchants=0 remaining=744 cooldown=240m)
[buy30727] 2026-06-05T22:55:42.106Z worker CC-MAIN-2025-08 pid=3481913 saturated#212(elapsed=35s new_merchants=0 remaining=695 cooldown=240m)
[buy30727] 2026-06-05T22:55:42.118Z worker CC-MAIN-2024-51 pid=3482050 saturated#212(elapsed=33s new_merchants=0 remaining=1545 cooldown=240m)
[buy30727] 2026-06-05T22:55:42.137Z worker CC-MAIN-2024-46 pid=3482079 saturated#212(elapsed=32s new_merchants=0 remaining=1592 cooldown=240m)
[buy30727] 2026-06-05T22:55:42.141Z spawned CC-MAIN-2024-42 pid=3483277 baseline_merchants=91 log=/paperclip/instances/default/workspaces/3ec8f6dd-1735-4479-9825-a2c42edac34c/logs/buy30727_lane_cc_main_2024_42.log
[buy30727] 2026-06-05T22:55:43.667Z spawned CC-MAIN-2024-38 pid=3483491 baseline_merchants=36 log=/paperclip/instances/default/workspaces/3ec8f6dd-1735-4479-9825-a2c42edac34c/logs/buy30727_lane_cc_main_2024_38.log
[buy30727] 2026-06-05T22:55:45.185Z spawned CC-MAIN-2024-33 pid=3483659 baseline_merchants=88 log=/paperclip/instances/default/workspaces/3ec8f6dd-1735-4479-9825-a2c42edac34c/logs/buy30727_lane_cc_main_2024_33.log
[buy30727] 2026-06-05T22:55:46.702Z spawned CC-MAIN-2024-30 pid=3483908 baseline_merchants=17 log=/paperclip/instances/default/workspaces/3ec8f6dd-1735-4479-9825-a2c42edac34c/logs/buy30727_lane_cc_main_2024_30.log
[buy30727] 2026-06-05T22:55:48.210Z spawned CC-MAIN-2024-26 pid=3483934 baseline_merchants=7 log=/paperclip/instances/default/workspaces/3ec8f6dd-1735-4479-9825-a2c42edac34c/logs/buy30727_lane_cc_main_2024_26.log
[buy30727] 2026-06-05T22:56:19.749Z worker CC-MAIN-2024-42 pid=3483277 saturated#212(elapsed=38s new_merchants=0 remaining=1420 cooldown=240m)
[buy30727] 2026-06-05T22:56:19.754Z worker CC-MAIN-2024-38 pid=3483491 saturated#212(elapsed=36s new_merchants=0 remaining=581 cooldown=240m)
[buy30727] 2026-06-05T22:56:19.757Z worker CC-MAIN-2024-33 pid=3483659 saturated#212(elapsed=35s new_merchants=0 remaining=508 cooldown=240m)
[buy30727] 2026-06-05T22:56:19.760Z worker CC-MAIN-2024-30 pid=3483908 saturated#212(elapsed=33s new_merchants=0 remaining=424 cooldown=240m)
[buy30727] 2026-06-05T22:56:19.765Z worker CC-MAIN-2024-26 pid=3483934 saturated#212(elapsed=32s new_merchants=0 remaining=401 cooldown=240m)
[buy30727] 2026-06-05T22:56:19.768Z spawned CC-MAIN-2024-22 pid=3485416 baseline_merchants=13 log=/paperclip/instances/default/workspaces/3ec8f6dd-1735-4479-9825-a2c42edac34c/logs/buy30727_lane_cc_main_2024_22.log
[buy30727] 2026-06-05T22:56:21.289Z spawned CC-MAIN-2024-18 pid=3485440 baseline_merchants=62 log=/paperclip/instances/default/workspaces/3ec8f6dd-1735-4479-9825-a2c42edac34c/logs/buy30727_lane_cc_main_2024_18.log
[buy30727] 2026-06-05T22:56:22.813Z spawned CC-MAIN-2024-10 pid=3485468 baseline_merchants=4 log=/paperclip/instances/default/workspaces/3ec8f6dd-1735-4479-9825-a2c42edac34c/logs/buy30727_lane_cc_main_2024_10.log
[buy30727] 2026-06-05T22:56:24.332Z spawned CC-MAIN-2023-50 pid=3485490 baseline_merchants=4 log=/paperclip/instances/default/workspaces/3ec8f6dd-1735-4479-9825-a2c42edac34c/logs/buy30727_lane_cc_main_2023_50.log
[buy30727] 2026-06-05T22:56:25.841Z spawned CC-MAIN-2023-14 pid=3485511 baseline_merchants=53 log=/paperclip/instances/default/workspaces/3ec8f6dd-1735-4479-9825-a2c42edac34c/logs/buy30727_lane_cc_main_2023_14.log
[buy30727] 2026-06-05T22:56:57.371Z worker CC-MAIN-2024-22 pid=3485416 saturated#212(elapsed=38s new_merchants=0 remaining=868 cooldown=240m)
[buy30727] 2026-06-05T22:56:57.387Z worker CC-MAIN-2024-18 pid=3485440 saturated#212(elapsed=36s new_merchants=0 remaining=1033 cooldown=240m)
[buy30727] 2026-06-05T22:56:57.396Z worker CC-MAIN-2024-10 pid=3485468 saturated#212(elapsed=35s new_merchants=0 remaining=794 cooldown=240m)
[buy30727] 2026-06-05T22:56:57.401Z worker CC-MAIN-2023-50 pid=3485490 saturated#212(elapsed=33s new_merchants=0 remaining=378 cooldown=240m)
[buy30727] 2026-06-05T22:56:57.404Z worker CC-MAIN-2023-14 pid=3485511 saturated#212(elapsed=32s new_merchants=0 remaining=248 cooldown=240m)
[buy30727] 2026-06-05T22:56:57.407Z spawned CC-MAIN-2023-06 pid=3486781 baseline_merchants=45 log=/paperclip/instances/default/workspaces/3ec8f6dd-1735-4479-9825-a2c42edac34c/logs/buy30727_lane_cc_main_2023_06.log
[buy30727] 2026-06-05T22:56:58.917Z spawned CC-MAIN-2022-49 pid=3486807 baseline_merchants=5 log=/paperclip/instances/default/workspaces/3ec8f6dd-1735-4479-9825-a2c42edac34c/logs/buy30727_lane_cc_main_2022_49.log
[buy30727] 2026-06-05T22:57:00.428Z spawned CC-MAIN-2022-40 pid=3486832 baseline_merchants=3 log=/paperclip/instances/default/workspaces/3ec8f6dd-1735-4479-9825-a2c42edac34c/logs/buy30727_lane_cc_main_2022_40.log
[buy30727] 2026-06-05T22:57:01.936Z spawned CC-MAIN-2026-21 pid=3486897 baseline_merchants=853 log=/paperclip/instances/default/workspaces/3ec8f6dd-1735-4479-9825-a2c42edac34c/logs/buy30727_lane_cc_main_2026_21.log
[buy30727] 2026-06-05T22:57:03.443Z spawned CC-MAIN-2026-17 pid=3486919 baseline_merchants=7 log=/paperclip/instances/default/workspaces/3ec8f6dd-1735-4479-9825-a2c42edac34c/logs/buy30727_lane_cc_main_2026_17.log
[buy30727] 2026-06-05T22:57:34.972Z worker CC-MAIN-2023-06 pid=3486781 saturated#212(elapsed=38s new_merchants=0 remaining=318 cooldown=240m)
[buy30727] 2026-06-05T22:57:34.976Z worker CC-MAIN-2022-49 pid=3486807 saturated#212(elapsed=36s new_merchants=0 remaining=323 cooldown=240m)
[buy30727] 2026-06-05T22:57:34.982Z worker CC-MAIN-2022-40 pid=3486832 saturated#212(elapsed=35s new_merchants=0 remaining=295 cooldown=240m)
[buy30727] 2026-06-05T22:57:34.985Z worker CC-MAIN-2026-21 pid=3486897 saturated#212(elapsed=33s new_merchants=0 remaining=862 cooldown=240m)
[buy30727] 2026-06-05T22:57:34.999Z worker CC-MAIN-2026-17 pid=3486919 saturated#213(elapsed=32s new_merchants=0 remaining=3255 cooldown=240m)
[buy30727] 2026-06-05T22:57:35.002Z spawned CC-MAIN-2025-18 pid=3488013 baseline_merchants=72 log=/paperclip/instances/default/workspaces/3ec8f6dd-1735-4479-9825-a2c42edac34c/logs/buy30727_lane_cc_main_2025_18.log
[buy30727] 2026-06-05T22:57:36.523Z spawned CC-MAIN-2025-05 pid=3488038 baseline_merchants=7 log=/paperclip/instances/default/workspaces/3ec8f6dd-1735-4479-9825-a2c42edac34c/logs/buy30727_lane_cc_main_2025_05.log
[buy30727] 2026-06-05T22:57:38.031Z spawned CC-MAIN-2025-47 pid=3488063 baseline_merchants=1421 log=/paperclip/instances/default/workspaces/3ec8f6dd-1735-4479-9825-a2c42edac34c/logs/buy30727_lane_cc_main_2025_47.log
[buy30727] 2026-06-05T22:57:39.549Z spawned CC-MAIN-2025-51 pid=3488097 baseline_merchants=236 log=/paperclip/instances/default/workspaces/3ec8f6dd-1735-4479-9825-a2c42edac34c/logs/buy30727_lane_cc_main_2025_51.log
[buy30727] 2026-06-05T22:57:41.069Z spawned CC-MAIN-2025-43 pid=3488214 baseline_merchants=88 log=/paperclip/instances/default/workspaces/3ec8f6dd-1735-4479-9825-a2c42edac34c/logs/buy30727_lane_cc_main_2025_43.log
[buy30727] 2026-06-05T22:58:12.613Z worker CC-MAIN-2025-18 pid=3488013 saturated#213(elapsed=38s new_merchants=0 remaining=2382 cooldown=240m)
[buy30727] 2026-06-05T22:58:12.620Z worker CC-MAIN-2025-05 pid=3488038 saturated#213(elapsed=36s new_merchants=0 remaining=625 cooldown=240m)
[buy30727] 2026-06-05T22:58:12.638Z worker CC-MAIN-2025-47 pid=3488063 saturated#213(elapsed=35s new_merchants=0 remaining=2294 cooldown=240m)
[buy30727] 2026-06-05T22:58:12.663Z worker CC-MAIN-2025-51 pid=3488097 saturated#213(elapsed=33s new_merchants=0 remaining=2895 cooldown=240m)
[buy30727] 2026-06-05T22:58:12.681Z worker CC-MAIN-2025-43 pid=3488214 saturated#213(elapsed=32s new_merchants=0 remaining=1897 cooldown=240m)
[buy30727] 2026-06-05T22:58:12.684Z spawned CC-MAIN-2025-38 pid=3489333 baseline_merchants=28 log=/paperclip/instances/default/workspaces/3ec8f6dd-1735-4479-9825-a2c42edac34c/logs/buy30727_lane_cc_main_2025_38.log
[buy30727] 2026-06-05T22:58:14.200Z spawned CC-MAIN-2025-33 pid=3489356 baseline_merchants=13 log=/paperclip/instances/default/workspaces/3ec8f6dd-1735-4479-9825-a2c42edac34c/logs/buy30727_lane_cc_main_2025_33.log
[buy30727] 2026-06-05T22:58:15.725Z spawned CC-MAIN-2025-30 pid=3489392 baseline_merchants=136 log=/paperclip/instances/default/workspaces/3ec8f6dd-1735-4479-9825-a2c42edac34c/logs/buy30727_lane_cc_main_2025_30.log
[buy30727] 2026-06-05T22:58:17.243Z spawned CC-MAIN-2025-26 pid=3489418 baseline_merchants=18 log=/paperclip/instances/default/workspaces/3ec8f6dd-1735-4479-9825-a2c42edac34c/logs/buy30727_lane_cc_main_2025_26.log
[buy30727] 2026-06-05T22:58:18.751Z spawned CC-MAIN-2025-08 pid=3489441 baseline_merchants=7 log=/paperclip/instances/default/workspaces/3ec8f6dd-1735-4479-9825-a2c42edac34c/logs/buy30727_lane_cc_main_2025_08.log
[buy30727] 2026-06-05T22:58:50.307Z worker CC-MAIN-2025-38 pid=3489333 saturated#213(elapsed=38s new_merchants=0 remaining=1980 cooldown=240m)
[buy30727] 2026-06-05T22:58:50.330Z worker CC-MAIN-2025-33 pid=3489356 saturated#213(elapsed=36s new_merchants=0 remaining=2151 cooldown=240m)
[buy30727] 2026-06-05T22:58:50.353Z worker CC-MAIN-2025-30 pid=3489392 saturated#213(elapsed=35s new_merchants=0 remaining=2171 cooldown=240m)
[buy30727] 2026-06-05T22:58:50.357Z worker CC-MAIN-2025-26 pid=3489418 saturated#213(elapsed=33s new_merchants=0 remaining=744 cooldown=240m)
[buy30727] 2026-06-05T22:58:50.362Z worker CC-MAIN-2025-08 pid=3489441 saturated#213(elapsed=32s new_merchants=0 remaining=695 cooldown=240m)
[buy30727] 2026-06-05T22:58:50.365Z spawned CC-MAIN-2024-51 pid=3490294 baseline_merchants=427 log=/paperclip/instances/default/workspaces/3ec8f6dd-1735-4479-9825-a2c42edac34c/logs/buy30727_lane_cc_main_2024_51.log
[buy30727] 2026-06-05T22:58:51.890Z spawned CC-MAIN-2024-46 pid=3490318 baseline_merchants=92 log=/paperclip/instances/default/workspaces/3ec8f6dd-1735-4479-9825-a2c42edac34c/logs/buy30727_lane_cc_main_2024_46.log
[buy30727] 2026-06-05T22:58:53.412Z spawned CC-MAIN-2024-42 pid=3490344 baseline_merchants=91 log=/paperclip/instances/default/workspaces/3ec8f6dd-1735-4479-9825-a2c42edac34c/logs/buy30727_lane_cc_main_2024_42.log
[buy30727] 2026-06-05T22:58:54.939Z spawned CC-MAIN-2024-38 pid=3490366 baseline_merchants=36 log=/paperclip/instances/default/workspaces/3ec8f6dd-1735-4479-9825-a2c42edac34c/logs/buy30727_lane_cc_main_2024_38.log
[buy30727] 2026-06-05T22:58:56.452Z spawned CC-MAIN-2024-33 pid=3490388 baseline_merchants=88 log=/paperclip/instances/default/workspaces/3ec8f6dd-1735-4479-9825-a2c42edac34c/logs/buy30727_lane_cc_main_2024_33.log
[buy30727] 2026-06-05T22:58:58.014Z tick=210 active=5 drained=20 saturated=27 known_merchants=15747 status=[CC-MAIN-2024-51:1545/44052, CC-MAIN-2024-46:1592/59556, CC-MAIN-2024-42:1420/56668, CC-MAIN-2024-38:581/19211, CC-MAIN-2024-33:508/16923]
[buy30727] 2026-06-05T22:59:28.063Z worker CC-MAIN-2024-51 pid=3490294 saturated#213(elapsed=38s new_merchants=0 remaining=1545 cooldown=240m)
[buy30727] 2026-06-05T22:59:28.097Z worker CC-MAIN-2024-46 pid=3490318 saturated#213(elapsed=36s new_merchants=0 remaining=1592 cooldown=240m)
[buy30727] 2026-06-05T22:59:28.122Z worker CC-MAIN-2024-42 pid=3490344 saturated#213(elapsed=35s new_merchants=0 remaining=1420 cooldown=240m)
[buy30727] 2026-06-05T22:59:28.131Z worker CC-MAIN-2024-38 pid=3490366 saturated#213(elapsed=33s new_merchants=0 remaining=581 cooldown=240m)
[buy30727] 2026-06-05T22:59:28.135Z worker CC-MAIN-2024-33 pid=3490388 saturated#213(elapsed=32s new_merchants=0 remaining=508 cooldown=240m)
[buy30727] 2026-06-05T22:59:28.138Z spawned CC-MAIN-2024-30 pid=3491135 baseline_merchants=17 log=/paperclip/instances/default/workspaces/3ec8f6dd-1735-4479-9825-a2c42edac34c/logs/buy30727_lane_cc_main_2024_30.log
[buy30727] 2026-06-05T22:59:29.645Z spawned CC-MAIN-2024-26 pid=3491199 baseline_merchants=7 log=/paperclip/instances/default/workspaces/3ec8f6dd-1735-4479-9825-a2c42edac34c/logs/buy30727_lane_cc_main_2024_26.log
[buy30727] 2026-06-05T22:59:31.154Z spawned CC-MAIN-2024-22 pid=3491223 baseline_merchants=13 log=/paperclip/instances/default/workspaces/3ec8f6dd-1735-4479-9825-a2c42edac34c/logs/buy30727_lane_cc_main_2024_22.log
[buy30727] 2026-06-05T22:59:32.672Z spawned CC-MAIN-2024-18 pid=3491248 baseline_merchants=62 log=/paperclip/instances/default/workspaces/3ec8f6dd-1735-4479-9825-a2c42edac34c/logs/buy30727_lane_cc_main_2024_18.log
[buy30727] 2026-06-05T22:59:34.189Z spawned CC-MAIN-2024-10 pid=3491353 baseline_merchants=4 log=/paperclip/instances/default/workspaces/3ec8f6dd-1735-4479-9825-a2c42edac34c/logs/buy30727_lane_cc_main_2024_10.log
[buy30727] 2026-06-05T23:00:05.707Z worker CC-MAIN-2024-30 pid=3491135 saturated#213(elapsed=38s new_merchants=0 remaining=424 cooldown=240m)
[buy30727] 2026-06-05T23:00:05.712Z worker CC-MAIN-2024-26 pid=3491199 saturated#213(elapsed=36s new_merchants=0 remaining=401 cooldown=240m)
[buy30727] 2026-06-05T23:00:05.727Z worker CC-MAIN-2024-22 pid=3491223 saturated#213(elapsed=35s new_merchants=0 remaining=868 cooldown=240m)
[buy30727] 2026-06-05T23:00:05.749Z worker CC-MAIN-2024-18 pid=3491248 saturated#213(elapsed=33s new_merchants=0 remaining=1033 cooldown=240m)
[buy30727] 2026-06-05T23:00:05.762Z worker CC-MAIN-2024-10 pid=3491353 saturated#213(elapsed=32s new_merchants=0 remaining=794 cooldown=240m)
[buy30727] 2026-06-05T23:00:05.766Z spawned CC-MAIN-2023-50 pid=3492382 baseline_merchants=4 log=/paperclip/instances/default/workspaces/3ec8f6dd-1735-4479-9825-a2c42edac34c/logs/buy30727_lane_cc_main_2023_50.log
[buy30727] 2026-06-05T23:00:07.279Z spawned CC-MAIN-2023-14 pid=3492545 baseline_merchants=53 log=/paperclip/instances/default/workspaces/3ec8f6dd-1735-4479-9825-a2c42edac34c/logs/buy30727_lane_cc_main_2023_14.log
[buy30727] 2026-06-05T23:00:08.787Z spawned CC-MAIN-2023-06 pid=3492572 baseline_merchants=45 log=/paperclip/instances/default/workspaces/3ec8f6dd-1735-4479-9825-a2c42edac34c/logs/buy30727_lane_cc_main_2023_06.log
[buy30727] 2026-06-05T23:00:10.296Z spawned CC-MAIN-2022-49 pid=3492605 baseline_merchants=5 log=/paperclip/instances/default/workspaces/3ec8f6dd-1735-4479-9825-a2c42edac34c/logs/buy30727_lane_cc_main_2022_49.log
[buy30727] 2026-06-05T23:00:11.805Z spawned CC-MAIN-2022-40 pid=3492628 baseline_merchants=3 log=/paperclip/instances/default/workspaces/3ec8f6dd-1735-4479-9825-a2c42edac34c/logs/buy30727_lane_cc_main_2022_40.log
[buy30727] 2026-06-05T23:00:43.323Z worker CC-MAIN-2023-50 pid=3492382 saturated#213(elapsed=38s new_merchants=0 remaining=378 cooldown=240m)
[buy30727] 2026-06-05T23:00:43.326Z worker CC-MAIN-2023-14 pid=3492545 saturated#213(elapsed=36s new_merchants=0 remaining=248 cooldown=240m)
[buy30727] 2026-06-05T23:00:43.332Z worker CC-MAIN-2023-06 pid=3492572 saturated#213(elapsed=35s new_merchants=0 remaining=318 cooldown=240m)
[buy30727] 2026-06-05T23:00:43.337Z worker CC-MAIN-2022-49 pid=3492605 saturated#213(elapsed=33s new_merchants=0 remaining=323 cooldown=240m)
[buy30727] 2026-06-05T23:00:43.345Z worker CC-MAIN-2022-40 pid=3492628 saturated#213(elapsed=32s new_merchants=0 remaining=295 cooldown=240m)
[buy30727] 2026-06-05T23:00:43.348Z spawned CC-MAIN-2026-21 pid=3493455 baseline_merchants=853 log=/paperclip/instances/default/workspaces/3ec8f6dd-1735-4479-9825-a2c42edac34c/logs/buy30727_lane_cc_main_2026_21.log
[buy30727] 2026-06-05T23:00:44.856Z spawned CC-MAIN-2026-17 pid=3493630 baseline_merchants=7 log=/paperclip/instances/default/workspaces/3ec8f6dd-1735-4479-9825-a2c42edac34c/logs/buy30727_lane_cc_main_2026_17.log
[buy30727] 2026-06-05T23:00:46.381Z spawned CC-MAIN-2025-18 pid=3493961 baseline_merchants=72 log=/paperclip/instances/default/workspaces/3ec8f6dd-1735-4479-9825-a2c42edac34c/logs/buy30727_lane_cc_main_2025_18.log
[buy30727] 2026-06-05T23:00:47.920Z spawned CC-MAIN-2025-05 pid=3494294 baseline_merchants=7 log=/paperclip/instances/default/workspaces/3ec8f6dd-1735-4479-9825-a2c42edac34c/logs/buy30727_lane_cc_main_2025_05.log
[buy30727] 2026-06-05T23:00:49.430Z spawned CC-MAIN-2025-47 pid=3494581 baseline_merchants=1421 log=/paperclip/instances/default/workspaces/3ec8f6dd-1735-4479-9825-a2c42edac34c/logs/buy30727_lane_cc_main_2025_47.log
[buy30727] 2026-06-05T23:01:20.991Z worker CC-MAIN-2026-21 pid=3493455 saturated#213(elapsed=38s new_merchants=0 remaining=862 cooldown=240m)
[buy30727] 2026-06-05T23:01:20.999Z worker CC-MAIN-2026-17 pid=3493630 saturated#214(elapsed=36s new_merchants=0 remaining=3255 cooldown=240m)
[buy30727] 2026-06-05T23:01:21.020Z worker CC-MAIN-2025-18 pid=3493961 saturated#214(elapsed=35s new_merchants=0 remaining=2382 cooldown=240m)
[buy30727] 2026-06-05T23:01:21.026Z worker CC-MAIN-2025-05 pid=3494294 saturated#214(elapsed=33s new_merchants=0 remaining=625 cooldown=240m)
[buy30727] 2026-06-05T23:01:21.048Z worker CC-MAIN-2025-47 pid=3494581 saturated#214(elapsed=32s new_merchants=0 remaining=2294 cooldown=240m)
[buy30727] 2026-06-05T23:01:21.052Z spawned CC-MAIN-2025-51 pid=3496978 baseline_merchants=236 log=/paperclip/instances/default/workspaces/3ec8f6dd-1735-4479-9825-a2c42edac34c/logs/buy30727_lane_cc_main_2025_51.log
[buy30727] 2026-06-05T23:01:22.590Z spawned CC-MAIN-2025-43 pid=3497235 baseline_merchants=88 log=/paperclip/instances/default/workspaces/3ec8f6dd-1735-4479-9825-a2c42edac34c/logs/buy30727_lane_cc_main_2025_43.log
[buy30727] 2026-06-05T23:01:24.108Z spawned CC-MAIN-2025-38 pid=3497261 baseline_merchants=28 log=/paperclip/instances/default/workspaces/3ec8f6dd-1735-4479-9825-a2c42edac34c/logs/buy30727_lane_cc_main_2025_38.log
[buy30727] 2026-06-05T23:01:25.643Z spawned CC-MAIN-2025-33 pid=3497365 baseline_merchants=13 log=/paperclip/instances/default/workspaces/3ec8f6dd-1735-4479-9825-a2c42edac34c/logs/buy30727_lane_cc_main_2025_33.log
[buy30727] 2026-06-05T23:01:27.191Z spawned CC-MAIN-2025-30 pid=3497444 baseline_merchants=136 log=/paperclip/instances/default/workspaces/3ec8f6dd-1735-4479-9825-a2c42edac34c/logs/buy30727_lane_cc_main_2025_30.log
[buy30727] 2026-06-05T23:01:58.767Z worker CC-MAIN-2025-51 pid=3496978 saturated#214(elapsed=38s new_merchants=0 remaining=2895 cooldown=240m)
[buy30727] 2026-06-05T23:01:58.789Z worker CC-MAIN-2025-43 pid=3497235 saturated#214(elapsed=36s new_merchants=0 remaining=1897 cooldown=240m)
[buy30727] 2026-06-05T23:01:58.813Z worker CC-MAIN-2025-38 pid=3497261 saturated#214(elapsed=35s new_merchants=0 remaining=1980 cooldown=240m)
[buy30727] 2026-06-05T23:01:58.831Z worker CC-MAIN-2025-33 pid=3497365 saturated#214(elapsed=33s new_merchants=0 remaining=2151 cooldown=240m)
[buy30727] 2026-06-05T23:01:58.842Z worker CC-MAIN-2025-30 pid=3497444 saturated#214(elapsed=32s new_merchants=0 remaining=2171 cooldown=240m)
[buy30727] 2026-06-05T23:01:58.846Z spawned CC-MAIN-2025-26 pid=3499062 baseline_merchants=18 log=/paperclip/instances/default/workspaces/3ec8f6dd-1735-4479-9825-a2c42edac34c/logs/buy30727_lane_cc_main_2025_26.log
[buy30727] 2026-06-05T23:02:00.355Z spawned CC-MAIN-2025-08 pid=3499170 baseline_merchants=7 log=/paperclip/instances/default/workspaces/3ec8f6dd-1735-4479-9825-a2c42edac34c/logs/buy30727_lane_cc_main_2025_08.log
[buy30727] 2026-06-05T23:02:01.869Z spawned CC-MAIN-2024-51 pid=3499282 baseline_merchants=427 log=/paperclip/instances/default/workspaces/3ec8f6dd-1735-4479-9825-a2c42edac34c/logs/buy30727_lane_cc_main_2024_51.log
[buy30727] 2026-06-05T23:02:03.386Z spawned CC-MAIN-2024-46 pid=3499322 baseline_merchants=92 log=/paperclip/instances/default/workspaces/3ec8f6dd-1735-4479-9825-a2c42edac34c/logs/buy30727_lane_cc_main_2024_46.log
[buy30727] 2026-06-05T23:02:04.914Z spawned CC-MAIN-2024-42 pid=3499368 baseline_merchants=91 log=/paperclip/instances/default/workspaces/3ec8f6dd-1735-4479-9825-a2c42edac34c/logs/buy30727_lane_cc_main_2024_42.log
[buy30727] 2026-06-05T23:02:36.449Z worker CC-MAIN-2025-26 pid=3499062 saturated#214(elapsed=38s new_merchants=0 remaining=744 cooldown=240m)
[buy30727] 2026-06-05T23:02:36.455Z worker CC-MAIN-2025-08 pid=3499170 saturated#214(elapsed=36s new_merchants=0 remaining=695 cooldown=240m)
[buy30727] 2026-06-05T23:02:36.473Z worker CC-MAIN-2024-51 pid=3499282 saturated#214(elapsed=35s new_merchants=0 remaining=1545 cooldown=240m)
[buy30727] 2026-06-05T23:02:36.498Z worker CC-MAIN-2024-46 pid=3499322 saturated#214(elapsed=33s new_merchants=0 remaining=1592 cooldown=240m)
[buy30727] 2026-06-05T23:02:36.532Z worker CC-MAIN-2024-42 pid=3499368 saturated#214(elapsed=32s new_merchants=0 remaining=1420 cooldown=240m)
[buy30727] 2026-06-05T23:02:36.535Z spawned CC-MAIN-2024-38 pid=3500606 baseline_merchants=36 log=/paperclip/instances/default/workspaces/3ec8f6dd-1735-4479-9825-a2c42edac34c/logs/buy30727_lane_cc_main_2024_38.log
[buy30727] 2026-06-05T23:02:38.044Z spawned CC-MAIN-2024-33 pid=3500726 baseline_merchants=88 log=/paperclip/instances/default/workspaces/3ec8f6dd-1735-4479-9825-a2c42edac34c/logs/buy30727_lane_cc_main_2024_33.log
[buy30727] 2026-06-05T23:02:39.553Z spawned CC-MAIN-2024-30 pid=3500937 baseline_merchants=17 log=/paperclip/instances/default/workspaces/3ec8f6dd-1735-4479-9825-a2c42edac34c/logs/buy30727_lane_cc_main_2024_30.log
[buy30727] 2026-06-05T23:02:41.061Z spawned CC-MAIN-2024-26 pid=3500960 baseline_merchants=7 log=/paperclip/instances/default/workspaces/3ec8f6dd-1735-4479-9825-a2c42edac34c/logs/buy30727_lane_cc_main_2024_26.log
[buy30727] 2026-06-05T23:02:42.570Z spawned CC-MAIN-2024-22 pid=3500989 baseline_merchants=13 log=/paperclip/instances/default/workspaces/3ec8f6dd-1735-4479-9825-a2c42edac34c/logs/buy30727_lane_cc_main_2024_22.log
[buy30727] 2026-06-05T23:03:14.120Z worker CC-MAIN-2024-38 pid=3500606 saturated#214(elapsed=38s new_merchants=0 remaining=581 cooldown=240m)
[buy30727] 2026-06-05T23:03:14.126Z worker CC-MAIN-2024-33 pid=3500726 saturated#214(elapsed=36s new_merchants=0 remaining=508 cooldown=240m)
[buy30727] 2026-06-05T23:03:14.130Z worker CC-MAIN-2024-30 pid=3500937 saturated#214(elapsed=35s new_merchants=0 remaining=424 cooldown=240m)
[buy30727] 2026-06-05T23:03:14.135Z worker CC-MAIN-2024-26 pid=3500960 saturated#214(elapsed=33s new_merchants=0 remaining=401 cooldown=240m)
[buy30727] 2026-06-05T23:03:14.149Z worker CC-MAIN-2024-22 pid=3500989 saturated#214(elapsed=32s new_merchants=0 remaining=868 cooldown=240m)
[buy30727] 2026-06-05T23:03:14.153Z spawned CC-MAIN-2024-18 pid=3502044 baseline_merchants=62 log=/paperclip/instances/default/workspaces/3ec8f6dd-1735-4479-9825-a2c42edac34c/logs/buy30727_lane_cc_main_2024_18.log
[buy30727] 2026-06-05T23:03:15.682Z spawned CC-MAIN-2024-10 pid=3502069 baseline_merchants=4 log=/paperclip/instances/default/workspaces/3ec8f6dd-1735-4479-9825-a2c42edac34c/logs/buy30727_lane_cc_main_2024_10.log
[buy30727] 2026-06-05T23:03:17.195Z spawned CC-MAIN-2023-50 pid=3502123 baseline_merchants=4 log=/paperclip/instances/default/workspaces/3ec8f6dd-1735-4479-9825-a2c42edac34c/logs/buy30727_lane_cc_main_2023_50.log
[buy30727] 2026-06-05T23:03:18.704Z spawned CC-MAIN-2023-14 pid=3502786 baseline_merchants=53 log=/paperclip/instances/default/workspaces/3ec8f6dd-1735-4479-9825-a2c42edac34c/logs/buy30727_lane_cc_main_2023_14.log
[buy30727] 2026-06-05T23:03:20.212Z spawned CC-MAIN-2023-06 pid=3502851 baseline_merchants=45 log=/paperclip/instances/default/workspaces/3ec8f6dd-1735-4479-9825-a2c42edac34c/logs/buy30727_lane_cc_main_2023_06.log
[buy30727] 2026-06-05T23:03:51.734Z worker CC-MAIN-2024-18 pid=3502044 saturated#214(elapsed=38s new_merchants=0 remaining=1033 cooldown=240m)
[buy30727] 2026-06-05T23:03:51.742Z worker CC-MAIN-2024-10 pid=3502069 saturated#214(elapsed=36s new_merchants=0 remaining=794 cooldown=240m)
[buy30727] 2026-06-05T23:03:51.748Z worker CC-MAIN-2023-50 pid=3502123 saturated#214(elapsed=35s new_merchants=0 remaining=378 cooldown=240m)
[buy30727] 2026-06-05T23:03:51.752Z worker CC-MAIN-2023-14 pid=3502786 saturated#214(elapsed=33s new_merchants=0 remaining=248 cooldown=240m)
[buy30727] 2026-06-05T23:03:51.757Z worker CC-MAIN-2023-06 pid=3502851 saturated#214(elapsed=32s new_merchants=0 remaining=318 cooldown=240m)
[buy30727] 2026-06-05T23:03:51.760Z spawned CC-MAIN-2022-49 pid=3503829 baseline_merchants=5 log=/paperclip/instances/default/workspaces/3ec8f6dd-1735-4479-9825-a2c42edac34c/logs/buy30727_lane_cc_main_2022_49.log
[buy30727] 2026-06-05T23:03:53.269Z spawned CC-MAIN-2022-40 pid=3503939 baseline_merchants=3 log=/paperclip/instances/default/workspaces/3ec8f6dd-1735-4479-9825-a2c42edac34c/logs/buy30727_lane_cc_main_2022_40.log
[buy30727] 2026-06-05T23:03:54.778Z spawned CC-MAIN-2026-21 pid=3503961 baseline_merchants=853 log=/paperclip/instances/default/workspaces/3ec8f6dd-1735-4479-9825-a2c42edac34c/logs/buy30727_lane_cc_main_2026_21.log
[buy30727] 2026-06-05T23:03:56.285Z spawned CC-MAIN-2026-17 pid=3504067 baseline_merchants=7 log=/paperclip/instances/default/workspaces/3ec8f6dd-1735-4479-9825-a2c42edac34c/logs/buy30727_lane_cc_main_2026_17.log
[buy30727] 2026-06-05T23:03:57.804Z spawned CC-MAIN-2025-18 pid=3504186 baseline_merchants=72 log=/paperclip/instances/default/workspaces/3ec8f6dd-1735-4479-9825-a2c42edac34c/logs/buy30727_lane_cc_main_2025_18.log
[buy30727] 2026-06-05T23:04:29.330Z worker CC-MAIN-2022-49 pid=3503829 saturated#214(elapsed=38s new_merchants=0 remaining=323 cooldown=240m)
[buy30727] 2026-06-05T23:04:29.334Z worker CC-MAIN-2022-40 pid=3503939 saturated#214(elapsed=36s new_merchants=0 remaining=295 cooldown=240m)
[buy30727] 2026-06-05T23:04:29.336Z worker CC-MAIN-2026-21 pid=3503961 saturated#214(elapsed=35s new_merchants=0 remaining=862 cooldown=240m)
[buy30727] 2026-06-05T23:04:29.345Z worker CC-MAIN-2026-17 pid=3504067 saturated#215(elapsed=33s new_merchants=0 remaining=3255 cooldown=240m)
[buy30727] 2026-06-05T23:04:29.365Z worker CC-MAIN-2025-18 pid=3504186 saturated#215(elapsed=32s new_merchants=0 remaining=2382 cooldown=240m)
[buy30727] 2026-06-05T23:04:29.368Z spawned CC-MAIN-2025-05 pid=3505106 baseline_merchants=7 log=/paperclip/instances/default/workspaces/3ec8f6dd-1735-4479-9825-a2c42edac34c/logs/buy30727_lane_cc_main_2025_05.log
[buy30727] 2026-06-05T23:04:30.879Z spawned CC-MAIN-2025-47 pid=3505260 baseline_merchants=1421 log=/paperclip/instances/default/workspaces/3ec8f6dd-1735-4479-9825-a2c42edac34c/logs/buy30727_lane_cc_main_2025_47.log
[buy30727] 2026-06-05T23:04:32.400Z spawned CC-MAIN-2025-51 pid=3505282 baseline_merchants=236 log=/paperclip/instances/default/workspaces/3ec8f6dd-1735-4479-9825-a2c42edac34c/logs/buy30727_lane_cc_main_2025_51.log
[buy30727] 2026-06-05T23:04:33.923Z spawned CC-MAIN-2025-43 pid=3505307 baseline_merchants=88 log=/paperclip/instances/default/workspaces/3ec8f6dd-1735-4479-9825-a2c42edac34c/logs/buy30727_lane_cc_main_2025_43.log
[buy30727] 2026-06-05T23:04:35.443Z spawned CC-MAIN-2025-38 pid=3505329 baseline_merchants=28 log=/paperclip/instances/default/workspaces/3ec8f6dd-1735-4479-9825-a2c42edac34c/logs/buy30727_lane_cc_main_2025_38.log
[buy30727] 2026-06-05T23:05:06.995Z worker CC-MAIN-2025-05 pid=3505106 saturated#215(elapsed=38s new_merchants=0 remaining=625 cooldown=240m)
[buy30727] 2026-06-05T23:05:07.016Z worker CC-MAIN-2025-47 pid=3505260 saturated#215(elapsed=36s new_merchants=0 remaining=2294 cooldown=240m)
[buy30727] 2026-06-05T23:05:07.030Z worker CC-MAIN-2025-51 pid=3505282 saturated#215(elapsed=35s new_merchants=0 remaining=2895 cooldown=240m)
[buy30727] 2026-06-05T23:05:07.044Z worker CC-MAIN-2025-43 pid=3505307 saturated#215(elapsed=33s new_merchants=0 remaining=1897 cooldown=240m)
[buy30727] 2026-06-05T23:05:07.068Z worker CC-MAIN-2025-38 pid=3505329 saturated#215(elapsed=32s new_merchants=0 remaining=1980 cooldown=240m)
[buy30727] 2026-06-05T23:05:07.071Z spawned CC-MAIN-2025-33 pid=3506250 baseline_merchants=13 log=/paperclip/instances/default/workspaces/3ec8f6dd-1735-4479-9825-a2c42edac34c/logs/buy30727_lane_cc_main_2025_33.log
[buy30727] 2026-06-05T23:05:08.590Z spawned CC-MAIN-2025-30 pid=3506281 baseline_merchants=136 log=/paperclip/instances/default/workspaces/3ec8f6dd-1735-4479-9825-a2c42edac34c/logs/buy30727_lane_cc_main_2025_30.log
[buy30727] 2026-06-05T23:05:10.108Z spawned CC-MAIN-2025-26 pid=3506314 baseline_merchants=18 log=/paperclip/instances/default/workspaces/3ec8f6dd-1735-4479-9825-a2c42edac34c/logs/buy30727_lane_cc_main_2025_26.log
[buy30727] 2026-06-05T23:05:11.617Z spawned CC-MAIN-2025-08 pid=3506337 baseline_merchants=7 log=/paperclip/instances/default/workspaces/3ec8f6dd-1735-4479-9825-a2c42edac34c/logs/buy30727_lane_cc_main_2025_08.log
[buy30727] 2026-06-05T23:05:13.127Z spawned CC-MAIN-2024-51 pid=3506374 baseline_merchants=427 log=/paperclip/instances/default/workspaces/3ec8f6dd-1735-4479-9825-a2c42edac34c/logs/buy30727_lane_cc_main_2024_51.log
[buy30727] 2026-06-05T23:05:14.688Z tick=220 active=5 drained=20 saturated=27 known_merchants=15747 status=[CC-MAIN-2025-33:2151/52953, CC-MAIN-2025-30:2171/51939, CC-MAIN-2025-26:744/15752, CC-MAIN-2025-08:695/16394, CC-MAIN-2024-51:1545/44052]
[buy30727] 2026-06-05T23:05:44.755Z worker CC-MAIN-2025-33 pid=3506250 saturated#215(elapsed=38s new_merchants=0 remaining=2151 cooldown=240m)
[buy30727] 2026-06-05T23:05:44.782Z worker CC-MAIN-2025-30 pid=3506281 saturated#215(elapsed=36s new_merchants=0 remaining=2171 cooldown=240m)
[buy30727] 2026-06-05T23:05:44.793Z worker CC-MAIN-2025-26 pid=3506314 saturated#215(elapsed=35s new_merchants=0 remaining=744 cooldown=240m)
[buy30727] 2026-06-05T23:05:44.802Z worker CC-MAIN-2025-08 pid=3506337 saturated#215(elapsed=33s new_merchants=0 remaining=695 cooldown=240m)
[buy30727] 2026-06-05T23:05:44.825Z worker CC-MAIN-2024-51 pid=3506374 saturated#215(elapsed=32s new_merchants=0 remaining=1545 cooldown=240m)
[buy30727] 2026-06-05T23:05:44.829Z spawned CC-MAIN-2024-46 pid=3508115 baseline_merchants=92 log=/paperclip/instances/default/workspaces/3ec8f6dd-1735-4479-9825-a2c42edac34c/logs/buy30727_lane_cc_main_2024_46.log
[buy30727] 2026-06-05T23:05:46.356Z spawned CC-MAIN-2024-42 pid=3508300 baseline_merchants=91 log=/paperclip/instances/default/workspaces/3ec8f6dd-1735-4479-9825-a2c42edac34c/logs/buy30727_lane_cc_main_2024_42.log
[buy30727] 2026-06-05T23:05:47.895Z spawned CC-MAIN-2024-38 pid=3508453 baseline_merchants=36 log=/paperclip/instances/default/workspaces/3ec8f6dd-1735-4479-9825-a2c42edac34c/logs/buy30727_lane_cc_main_2024_38.log
[buy30727] 2026-06-05T23:05:49.406Z spawned CC-MAIN-2024-33 pid=3508477 baseline_merchants=88 log=/paperclip/instances/default/workspaces/3ec8f6dd-1735-4479-9825-a2c42edac34c/logs/buy30727_lane_cc_main_2024_33.log
[buy30727] 2026-06-05T23:05:50.915Z spawned CC-MAIN-2024-30 pid=3508500 baseline_merchants=17 log=/paperclip/instances/default/workspaces/3ec8f6dd-1735-4479-9825-a2c42edac34c/logs/buy30727_lane_cc_main_2024_30.log
[buy30727] 2026-06-05T23:06:22.493Z worker CC-MAIN-2024-46 pid=3508115 saturated#215(elapsed=38s new_merchants=0 remaining=1592 cooldown=240m)
[buy30727] 2026-06-05T23:06:22.522Z worker CC-MAIN-2024-42 pid=3508300 saturated#215(elapsed=36s new_merchants=0 remaining=1420 cooldown=240m)
[buy30727] 2026-06-05T23:06:22.528Z worker CC-MAIN-2024-38 pid=3508453 saturated#215(elapsed=35s new_merchants=0 remaining=581 cooldown=240m)
[buy30727] 2026-06-05T23:06:22.534Z worker CC-MAIN-2024-33 pid=3508477 saturated#215(elapsed=33s new_merchants=0 remaining=508 cooldown=240m)
[buy30727] 2026-06-05T23:06:22.549Z worker CC-MAIN-2024-30 pid=3508500 saturated#215(elapsed=32s new_merchants=0 remaining=424 cooldown=240m)
[buy30727] 2026-06-05T23:06:22.553Z spawned CC-MAIN-2024-26 pid=3509674 baseline_merchants=7 log=/paperclip/instances/default/workspaces/3ec8f6dd-1735-4479-9825-a2c42edac34c/logs/buy30727_lane_cc_main_2024_26.log
[buy30727] 2026-06-05T23:06:24.062Z spawned CC-MAIN-2024-22 pid=3509710 baseline_merchants=13 log=/paperclip/instances/default/workspaces/3ec8f6dd-1735-4479-9825-a2c42edac34c/logs/buy30727_lane_cc_main_2024_22.log
[buy30727] 2026-06-05T23:06:25.581Z spawned CC-MAIN-2024-18 pid=3509732 baseline_merchants=62 log=/paperclip/instances/default/workspaces/3ec8f6dd-1735-4479-9825-a2c42edac34c/logs/buy30727_lane_cc_main_2024_18.log
[buy30727] 2026-06-05T23:06:27.100Z spawned CC-MAIN-2024-10 pid=3509759 baseline_merchants=4 log=/paperclip/instances/default/workspaces/3ec8f6dd-1735-4479-9825-a2c42edac34c/logs/buy30727_lane_cc_main_2024_10.log
[buy30727] 2026-06-05T23:06:28.614Z spawned CC-MAIN-2023-50 pid=3509852 baseline_merchants=4 log=/paperclip/instances/default/workspaces/3ec8f6dd-1735-4479-9825-a2c42edac34c/logs/buy30727_lane_cc_main_2023_50.log
[buy30727] 2026-06-05T23:07:00.153Z worker CC-MAIN-2024-26 pid=3509674 saturated#215(elapsed=38s new_merchants=0 remaining=401 cooldown=240m)
[buy30727] 2026-06-05T23:07:00.169Z worker CC-MAIN-2024-22 pid=3509710 saturated#215(elapsed=36s new_merchants=0 remaining=868 cooldown=240m)
[buy30727] 2026-06-05T23:07:00.192Z worker CC-MAIN-2024-18 pid=3509732 saturated#215(elapsed=35s new_merchants=0 remaining=1033 cooldown=240m)
[buy30727] 2026-06-05T23:07:00.206Z worker CC-MAIN-2024-10 pid=3509759 saturated#215(elapsed=33s new_merchants=0 remaining=794 cooldown=240m)
[buy30727] 2026-06-05T23:07:00.214Z worker CC-MAIN-2023-50 pid=3509852 saturated#215(elapsed=32s new_merchants=0 remaining=378 cooldown=240m)
[buy30727] 2026-06-05T23:07:00.218Z spawned CC-MAIN-2023-14 pid=3511027 baseline_merchants=53 log=/paperclip/instances/default/workspaces/3ec8f6dd-1735-4479-9825-a2c42edac34c/logs/buy30727_lane_cc_main_2023_14.log
[buy30727] 2026-06-05T23:07:01.725Z spawned CC-MAIN-2023-06 pid=3511139 baseline_merchants=45 log=/paperclip/instances/default/workspaces/3ec8f6dd-1735-4479-9825-a2c42edac34c/logs/buy30727_lane_cc_main_2023_06.log
[buy30727] 2026-06-05T23:07:03.235Z spawned CC-MAIN-2022-49 pid=3511218 baseline_merchants=5 log=/paperclip/instances/default/workspaces/3ec8f6dd-1735-4479-9825-a2c42edac34c/logs/buy30727_lane_cc_main_2022_49.log
[buy30727] 2026-06-05T23:07:04.745Z spawned CC-MAIN-2022-40 pid=3511285 baseline_merchants=3 log=/paperclip/instances/default/workspaces/3ec8f6dd-1735-4479-9825-a2c42edac34c/logs/buy30727_lane_cc_main_2022_40.log
[buy30727] 2026-06-05T23:07:06.254Z spawned CC-MAIN-2026-21 pid=3511443 baseline_merchants=853 log=/paperclip/instances/default/workspaces/3ec8f6dd-1735-4479-9825-a2c42edac34c/logs/buy30727_lane_cc_main_2026_21.log
[buy30727] 2026-06-05T23:07:37.766Z worker CC-MAIN-2023-14 pid=3511027 saturated#215(elapsed=38s new_merchants=0 remaining=248 cooldown=240m)
[buy30727] 2026-06-05T23:07:37.771Z worker CC-MAIN-2023-06 pid=3511139 saturated#215(elapsed=36s new_merchants=0 remaining=318 cooldown=240m)
[buy30727] 2026-06-05T23:07:37.775Z worker CC-MAIN-2022-49 pid=3511218 saturated#215(elapsed=35s new_merchants=0 remaining=323 cooldown=240m)
[buy30727] 2026-06-05T23:07:37.779Z worker CC-MAIN-2022-40 pid=3511285 saturated#215(elapsed=33s new_merchants=0 remaining=295 cooldown=240m)
[buy30727] 2026-06-05T23:07:37.781Z worker CC-MAIN-2026-21 pid=3511443 saturated#215(elapsed=32s new_merchants=0 remaining=862 cooldown=240m)
[buy30727] 2026-06-05T23:07:37.784Z spawned CC-MAIN-2026-17 pid=3513596 baseline_merchants=7 log=/paperclip/instances/default/workspaces/3ec8f6dd-1735-4479-9825-a2c42edac34c/logs/buy30727_lane_cc_main_2026_17.log
[buy30727] 2026-06-05T23:07:39.304Z spawned CC-MAIN-2025-18 pid=3513795 baseline_merchants=72 log=/paperclip/instances/default/workspaces/3ec8f6dd-1735-4479-9825-a2c42edac34c/logs/buy30727_lane_cc_main_2025_18.log
[buy30727] 2026-06-05T23:07:40.831Z spawned CC-MAIN-2025-05 pid=3513829 baseline_merchants=7 log=/paperclip/instances/default/workspaces/3ec8f6dd-1735-4479-9825-a2c42edac34c/logs/buy30727_lane_cc_main_2025_05.log
[buy30727] 2026-06-05T23:07:42.340Z spawned CC-MAIN-2025-47 pid=3513853 baseline_merchants=1421 log=/paperclip/instances/default/workspaces/3ec8f6dd-1735-4479-9825-a2c42edac34c/logs/buy30727_lane_cc_main_2025_47.log
[buy30727] 2026-06-05T23:07:43.866Z spawned CC-MAIN-2025-51 pid=3513966 baseline_merchants=236 log=/paperclip/instances/default/workspaces/3ec8f6dd-1735-4479-9825-a2c42edac34c/logs/buy30727_lane_cc_main_2025_51.log
[buy30727] 2026-06-05T23:08:15.420Z worker CC-MAIN-2026-17 pid=3513596 saturated#216(elapsed=38s new_merchants=0 remaining=3255 cooldown=240m)
[buy30727] 2026-06-05T23:08:15.439Z worker CC-MAIN-2025-18 pid=3513795 saturated#216(elapsed=36s new_merchants=0 remaining=2382 cooldown=240m)
[buy30727] 2026-06-05T23:08:15.446Z worker CC-MAIN-2025-05 pid=3513829 saturated#216(elapsed=35s new_merchants=0 remaining=625 cooldown=240m)
[buy30727] 2026-06-05T23:08:15.463Z worker CC-MAIN-2025-47 pid=3513853 saturated#216(elapsed=33s new_merchants=0 remaining=2294 cooldown=240m)
[buy30727] 2026-06-05T23:08:15.482Z worker CC-MAIN-2025-51 pid=3513966 saturated#216(elapsed=32s new_merchants=0 remaining=2895 cooldown=240m)
[buy30727] 2026-06-05T23:08:15.486Z spawned CC-MAIN-2025-43 pid=3514992 baseline_merchants=88 log=/paperclip/instances/default/workspaces/3ec8f6dd-1735-4479-9825-a2c42edac34c/logs/buy30727_lane_cc_main_2025_43.log
[buy30727] 2026-06-05T23:08:17.020Z spawned CC-MAIN-2025-38 pid=3515019 baseline_merchants=28 log=/paperclip/instances/default/workspaces/3ec8f6dd-1735-4479-9825-a2c42edac34c/logs/buy30727_lane_cc_main_2025_38.log
[buy30727] 2026-06-05T23:08:18.536Z spawned CC-MAIN-2025-33 pid=3515046 baseline_merchants=13 log=/paperclip/instances/default/workspaces/3ec8f6dd-1735-4479-9825-a2c42edac34c/logs/buy30727_lane_cc_main_2025_33.log
[buy30727] 2026-06-05T23:08:20.060Z spawned CC-MAIN-2025-30 pid=3515071 baseline_merchants=136 log=/paperclip/instances/default/workspaces/3ec8f6dd-1735-4479-9825-a2c42edac34c/logs/buy30727_lane_cc_main_2025_30.log
[buy30727] 2026-06-05T23:08:21.579Z spawned CC-MAIN-2025-26 pid=3515097 baseline_merchants=18 log=/paperclip/instances/default/workspaces/3ec8f6dd-1735-4479-9825-a2c42edac34c/logs/buy30727_lane_cc_main_2025_26.log
[buy30727] 2026-06-05T23:08:53.134Z worker CC-MAIN-2025-43 pid=3514992 saturated#216(elapsed=38s new_merchants=0 remaining=1897 cooldown=240m)
[buy30727] 2026-06-05T23:08:53.157Z worker CC-MAIN-2025-38 pid=3515019 saturated#216(elapsed=36s new_merchants=0 remaining=1980 cooldown=240m)
[buy30727] 2026-06-05T23:08:53.180Z worker CC-MAIN-2025-33 pid=3515046 saturated#216(elapsed=35s new_merchants=0 remaining=2151 cooldown=240m)
[buy30727] 2026-06-05T23:08:53.200Z worker CC-MAIN-2025-30 pid=3515071 saturated#216(elapsed=33s new_merchants=0 remaining=2171 cooldown=240m)
[buy30727] 2026-06-05T23:08:53.203Z worker CC-MAIN-2025-26 pid=3515097 saturated#216(elapsed=32s new_merchants=0 remaining=744 cooldown=240m)
[buy30727] 2026-06-05T23:08:53.206Z spawned CC-MAIN-2025-08 pid=3516211 baseline_merchants=7 log=/paperclip/instances/default/workspaces/3ec8f6dd-1735-4479-9825-a2c42edac34c/logs/buy30727_lane_cc_main_2025_08.log
[buy30727] 2026-06-05T23:08:54.715Z spawned CC-MAIN-2024-51 pid=3516254 baseline_merchants=427 log=/paperclip/instances/default/workspaces/3ec8f6dd-1735-4479-9825-a2c42edac34c/logs/buy30727_lane_cc_main_2024_51.log
[buy30727] 2026-06-05T23:08:56.235Z spawned CC-MAIN-2024-46 pid=3516276 baseline_merchants=92 log=/paperclip/instances/default/workspaces/3ec8f6dd-1735-4479-9825-a2c42edac34c/logs/buy30727_lane_cc_main_2024_46.log
[buy30727] 2026-06-05T23:08:57.757Z spawned CC-MAIN-2024-42 pid=3516302 baseline_merchants=91 log=/paperclip/instances/default/workspaces/3ec8f6dd-1735-4479-9825-a2c42edac34c/logs/buy30727_lane_cc_main_2024_42.log
[buy30727] 2026-06-05T23:08:59.280Z spawned CC-MAIN-2024-38 pid=3516417 baseline_merchants=36 log=/paperclip/instances/default/workspaces/3ec8f6dd-1735-4479-9825-a2c42edac34c/logs/buy30727_lane_cc_main_2024_38.log
[buy30727] 2026-06-05T23:09:30.824Z worker CC-MAIN-2025-08 pid=3516211 saturated#216(elapsed=38s new_merchants=0 remaining=695 cooldown=240m)
[buy30727] 2026-06-05T23:09:30.843Z worker CC-MAIN-2024-51 pid=3516254 saturated#216(elapsed=36s new_merchants=0 remaining=1545 cooldown=240m)
[buy30727] 2026-06-05T23:09:30.873Z worker CC-MAIN-2024-46 pid=3516276 saturated#216(elapsed=35s new_merchants=0 remaining=1592 cooldown=240m)
[buy30727] 2026-06-05T23:09:30.902Z worker CC-MAIN-2024-42 pid=3516302 saturated#216(elapsed=33s new_merchants=0 remaining=1420 cooldown=240m)
[buy30727] 2026-06-05T23:09:30.906Z worker CC-MAIN-2024-38 pid=3516417 saturated#216(elapsed=32s new_merchants=0 remaining=581 cooldown=240m)
[buy30727] 2026-06-05T23:09:30.910Z spawned CC-MAIN-2024-33 pid=3517222 baseline_merchants=88 log=/paperclip/instances/default/workspaces/3ec8f6dd-1735-4479-9825-a2c42edac34c/logs/buy30727_lane_cc_main_2024_33.log
[buy30727] 2026-06-05T23:09:32.418Z spawned CC-MAIN-2024-30 pid=3517244 baseline_merchants=17 log=/paperclip/instances/default/workspaces/3ec8f6dd-1735-4479-9825-a2c42edac34c/logs/buy30727_lane_cc_main_2024_30.log
[buy30727] 2026-06-05T23:09:33.927Z spawned CC-MAIN-2024-26 pid=3517276 baseline_merchants=7 log=/paperclip/instances/default/workspaces/3ec8f6dd-1735-4479-9825-a2c42edac34c/logs/buy30727_lane_cc_main_2024_26.log
[buy30727] 2026-06-05T23:09:35.436Z spawned CC-MAIN-2024-22 pid=3517393 baseline_merchants=13 log=/paperclip/instances/default/workspaces/3ec8f6dd-1735-4479-9825-a2c42edac34c/logs/buy30727_lane_cc_main_2024_22.log
[buy30727] 2026-06-05T23:09:36.955Z spawned CC-MAIN-2024-18 pid=3517417 baseline_merchants=62 log=/paperclip/instances/default/workspaces/3ec8f6dd-1735-4479-9825-a2c42edac34c/logs/buy30727_lane_cc_main_2024_18.log
[buy30727] 2026-06-05T23:10:08.500Z worker CC-MAIN-2024-33 pid=3517222 saturated#216(elapsed=38s new_merchants=0 remaining=508 cooldown=240m)
[buy30727] 2026-06-05T23:10:08.505Z worker CC-MAIN-2024-30 pid=3517244 saturated#216(elapsed=36s new_merchants=0 remaining=424 cooldown=240m)
[buy30727] 2026-06-05T23:10:08.510Z worker CC-MAIN-2024-26 pid=3517276 saturated#216(elapsed=35s new_merchants=0 remaining=401 cooldown=240m)
[buy30727] 2026-06-05T23:10:08.524Z worker CC-MAIN-2024-22 pid=3517393 saturated#216(elapsed=33s new_merchants=0 remaining=868 cooldown=240m)
[buy30727] 2026-06-05T23:10:08.543Z worker CC-MAIN-2024-18 pid=3517417 saturated#216(elapsed=32s new_merchants=0 remaining=1033 cooldown=240m)
[buy30727] 2026-06-05T23:10:08.547Z spawned CC-MAIN-2024-10 pid=3518530 baseline_merchants=4 log=/paperclip/instances/default/workspaces/3ec8f6dd-1735-4479-9825-a2c42edac34c/logs/buy30727_lane_cc_main_2024_10.log
[buy30727] 2026-06-05T23:10:10.071Z spawned CC-MAIN-2023-50 pid=3518554 baseline_merchants=4 log=/paperclip/instances/default/workspaces/3ec8f6dd-1735-4479-9825-a2c42edac34c/logs/buy30727_lane_cc_main_2023_50.log
[buy30727] 2026-06-05T23:10:11.585Z spawned CC-MAIN-2023-14 pid=3518588 baseline_merchants=53 log=/paperclip/instances/default/workspaces/3ec8f6dd-1735-4479-9825-a2c42edac34c/logs/buy30727_lane_cc_main_2023_14.log
[buy30727] 2026-06-05T23:10:13.093Z spawned CC-MAIN-2023-06 pid=3518623 baseline_merchants=45 log=/paperclip/instances/default/workspaces/3ec8f6dd-1735-4479-9825-a2c42edac34c/logs/buy30727_lane_cc_main_2023_06.log
[buy30727] 2026-06-05T23:10:14.603Z spawned CC-MAIN-2022-49 pid=3518648 baseline_merchants=5 log=/paperclip/instances/default/workspaces/3ec8f6dd-1735-4479-9825-a2c42edac34c/logs/buy30727_lane_cc_main_2022_49.log
[buy30727] 2026-06-05T23:10:46.153Z worker CC-MAIN-2024-10 pid=3518530 saturated#216(elapsed=38s new_merchants=0 remaining=794 cooldown=240m)
[buy30727] 2026-06-05T23:10:46.158Z worker CC-MAIN-2023-50 pid=3518554 saturated#216(elapsed=36s new_merchants=0 remaining=378 cooldown=240m)
[buy30727] 2026-06-05T23:10:46.162Z worker CC-MAIN-2023-14 pid=3518588 saturated#216(elapsed=35s new_merchants=0 remaining=248 cooldown=240m)
[buy30727] 2026-06-05T23:10:46.168Z worker CC-MAIN-2023-06 pid=3518623 saturated#216(elapsed=33s new_merchants=0 remaining=318 cooldown=240m)
[buy30727] 2026-06-05T23:10:46.178Z worker CC-MAIN-2022-49 pid=3518648 saturated#216(elapsed=32s new_merchants=0 remaining=323 cooldown=240m)
[buy30727] 2026-06-05T23:10:46.188Z spawned CC-MAIN-2022-40 pid=3520007 baseline_merchants=3 log=/paperclip/instances/default/workspaces/3ec8f6dd-1735-4479-9825-a2c42edac34c/logs/buy30727_lane_cc_main_2022_40.log
[buy30727] 2026-06-05T23:10:47.714Z spawned CC-MAIN-2026-21 pid=3520612 baseline_merchants=853 log=/paperclip/instances/default/workspaces/3ec8f6dd-1735-4479-9825-a2c42edac34c/logs/buy30727_lane_cc_main_2026_21.log
[buy30727] 2026-06-05T23:10:49.223Z spawned CC-MAIN-2026-17 pid=3520666 baseline_merchants=7 log=/paperclip/instances/default/workspaces/3ec8f6dd-1735-4479-9825-a2c42edac34c/logs/buy30727_lane_cc_main_2026_17.log
[buy30727] 2026-06-05T23:10:50.747Z spawned CC-MAIN-2025-18 pid=3520748 baseline_merchants=72 log=/paperclip/instances/default/workspaces/3ec8f6dd-1735-4479-9825-a2c42edac34c/logs/buy30727_lane_cc_main_2025_18.log
[buy30727] 2026-06-05T23:10:52.271Z spawned CC-MAIN-2025-05 pid=3520786 baseline_merchants=7 log=/paperclip/instances/default/workspaces/3ec8f6dd-1735-4479-9825-a2c42edac34c/logs/buy30727_lane_cc_main_2025_05.log
[buy30727] 2026-06-05T23:11:23.810Z worker CC-MAIN-2022-40 pid=3520007 saturated#216(elapsed=38s new_merchants=0 remaining=295 cooldown=240m)
[buy30727] 2026-06-05T23:11:23.813Z worker CC-MAIN-2026-21 pid=3520612 saturated#216(elapsed=36s new_merchants=0 remaining=862 cooldown=240m)
[buy30727] 2026-06-05T23:11:23.822Z worker CC-MAIN-2026-17 pid=3520666 saturated#217(elapsed=35s new_merchants=0 remaining=3255 cooldown=240m)
[buy30727] 2026-06-05T23:11:23.841Z worker CC-MAIN-2025-18 pid=3520748 saturated#217(elapsed=33s new_merchants=0 remaining=2382 cooldown=240m)
[buy30727] 2026-06-05T23:11:23.847Z worker CC-MAIN-2025-05 pid=3520786 saturated#217(elapsed=32s new_merchants=0 remaining=625 cooldown=240m)
[buy30727] 2026-06-05T23:11:23.850Z spawned CC-MAIN-2025-47 pid=3523202 baseline_merchants=1421 log=/paperclip/instances/default/workspaces/3ec8f6dd-1735-4479-9825-a2c42edac34c/logs/buy30727_lane_cc_main_2025_47.log
[buy30727] 2026-06-05T23:11:25.374Z spawned CC-MAIN-2025-51 pid=3523282 baseline_merchants=236 log=/paperclip/instances/default/workspaces/3ec8f6dd-1735-4479-9825-a2c42edac34c/logs/buy30727_lane_cc_main_2025_51.log
[buy30727] 2026-06-05T23:11:26.895Z spawned CC-MAIN-2025-43 pid=3523352 baseline_merchants=88 log=/paperclip/instances/default/workspaces/3ec8f6dd-1735-4479-9825-a2c42edac34c/logs/buy30727_lane_cc_main_2025_43.log
[buy30727] 2026-06-05T23:11:28.417Z spawned CC-MAIN-2025-38 pid=3523492 baseline_merchants=28 log=/paperclip/instances/default/workspaces/3ec8f6dd-1735-4479-9825-a2c42edac34c/logs/buy30727_lane_cc_main_2025_38.log
[buy30727] 2026-06-05T23:11:29.936Z spawned CC-MAIN-2025-33 pid=3523525 baseline_merchants=13 log=/paperclip/instances/default/workspaces/3ec8f6dd-1735-4479-9825-a2c42edac34c/logs/buy30727_lane_cc_main_2025_33.log
[buy30727] 2026-06-05T23:11:31.521Z tick=230 active=5 drained=20 saturated=27 known_merchants=15747 status=[CC-MAIN-2025-47:2294/50620, CC-MAIN-2025-51:2895/45604, CC-MAIN-2025-43:1897/45093, CC-MAIN-2025-38:1980/47922, CC-MAIN-2025-33:2151/52953]
[buy30727] 2026-06-05T23:12:01.538Z worker CC-MAIN-2025-47 pid=3523202 saturated#217(elapsed=38s new_merchants=0 remaining=2294 cooldown=240m)
[buy30727] 2026-06-05T23:12:01.548Z worker CC-MAIN-2025-51 pid=3523282 saturated#217(elapsed=36s new_merchants=0 remaining=2895 cooldown=240m)
[buy30727] 2026-06-05T23:12:01.558Z worker CC-MAIN-2025-43 pid=3523352 saturated#217(elapsed=35s new_merchants=0 remaining=1897 cooldown=240m)
[buy30727] 2026-06-05T23:12:01.574Z worker CC-MAIN-2025-38 pid=3523492 saturated#217(elapsed=33s new_merchants=0 remaining=1980 cooldown=240m)
[buy30727] 2026-06-05T23:12:01.589Z worker CC-MAIN-2025-33 pid=3523525 saturated#217(elapsed=32s new_merchants=0 remaining=2151 cooldown=240m)
[buy30727] 2026-06-05T23:12:01.592Z spawned CC-MAIN-2025-30 pid=3526068 baseline_merchants=136 log=/paperclip/instances/default/workspaces/3ec8f6dd-1735-4479-9825-a2c42edac34c/logs/buy30727_lane_cc_main_2025_30.log
[buy30727] 2026-06-05T23:12:03.116Z spawned CC-MAIN-2025-26 pid=3526324 baseline_merchants=18 log=/paperclip/instances/default/workspaces/3ec8f6dd-1735-4479-9825-a2c42edac34c/logs/buy30727_lane_cc_main_2025_26.log
[buy30727] 2026-06-05T23:12:04.627Z spawned CC-MAIN-2025-08 pid=3526506 baseline_merchants=7 log=/paperclip/instances/default/workspaces/3ec8f6dd-1735-4479-9825-a2c42edac34c/logs/buy30727_lane_cc_main_2025_08.log
[buy30727] 2026-06-05T23:12:06.139Z spawned CC-MAIN-2024-51 pid=3526654 baseline_merchants=427 log=/paperclip/instances/default/workspaces/3ec8f6dd-1735-4479-9825-a2c42edac34c/logs/buy30727_lane_cc_main_2024_51.log
[buy30727] 2026-06-05T23:12:07.681Z spawned CC-MAIN-2024-46 pid=3526733 baseline_merchants=92 log=/paperclip/instances/default/workspaces/3ec8f6dd-1735-4479-9825-a2c42edac34c/logs/buy30727_lane_cc_main_2024_46.log
[buy30727] 2026-06-05T23:12:39.246Z worker CC-MAIN-2025-30 pid=3526068 saturated#217(elapsed=38s new_merchants=0 remaining=2171 cooldown=240m)
[buy30727] 2026-06-05T23:12:39.249Z worker CC-MAIN-2025-26 pid=3526324 saturated#217(elapsed=36s new_merchants=0 remaining=744 cooldown=240m)
[buy30727] 2026-06-05T23:12:39.252Z worker CC-MAIN-2025-08 pid=3526506 saturated#217(elapsed=35s new_merchants=0 remaining=695 cooldown=240m)
[buy30727] 2026-06-05T23:12:39.262Z worker CC-MAIN-2024-51 pid=3526654 saturated#217(elapsed=33s new_merchants=0 remaining=1545 cooldown=240m)
[buy30727] 2026-06-05T23:12:39.287Z worker CC-MAIN-2024-46 pid=3526733 saturated#217(elapsed=32s new_merchants=0 remaining=1592 cooldown=240m)
[buy30727] 2026-06-05T23:12:39.291Z spawned CC-MAIN-2024-42 pid=3528582 baseline_merchants=91 log=/paperclip/instances/default/workspaces/3ec8f6dd-1735-4479-9825-a2c42edac34c/logs/buy30727_lane_cc_main_2024_42.log
[buy30727] 2026-06-05T23:12:40.816Z spawned CC-MAIN-2024-38 pid=3528616 baseline_merchants=36 log=/paperclip/instances/default/workspaces/3ec8f6dd-1735-4479-9825-a2c42edac34c/logs/buy30727_lane_cc_main_2024_38.log
[buy30727] 2026-06-05T23:12:42.326Z spawned CC-MAIN-2024-33 pid=3528697 baseline_merchants=88 log=/paperclip/instances/default/workspaces/3ec8f6dd-1735-4479-9825-a2c42edac34c/logs/buy30727_lane_cc_main_2024_33.log
[buy30727] 2026-06-05T23:12:43.836Z spawned CC-MAIN-2024-30 pid=3528787 baseline_merchants=17 log=/paperclip/instances/default/workspaces/3ec8f6dd-1735-4479-9825-a2c42edac34c/logs/buy30727_lane_cc_main_2024_30.log
[buy30727] 2026-06-05T23:12:45.344Z spawned CC-MAIN-2024-26 pid=3528811 baseline_merchants=7 log=/paperclip/instances/default/workspaces/3ec8f6dd-1735-4479-9825-a2c42edac34c/logs/buy30727_lane_cc_main_2024_26.log
[buy30727] 2026-06-05T23:13:16.907Z worker CC-MAIN-2024-42 pid=3528582 saturated#217(elapsed=38s new_merchants=0 remaining=1420 cooldown=240m)
[buy30727] 2026-06-05T23:13:16.915Z worker CC-MAIN-2024-38 pid=3528616 saturated#217(elapsed=36s new_merchants=0 remaining=581 cooldown=240m)
[buy30727] 2026-06-05T23:13:16.922Z worker CC-MAIN-2024-33 pid=3528697 saturated#217(elapsed=35s new_merchants=0 remaining=508 cooldown=240m)
[buy30727] 2026-06-05T23:13:16.928Z worker CC-MAIN-2024-30 pid=3528787 saturated#217(elapsed=33s new_merchants=0 remaining=424 cooldown=240m)
[buy30727] 2026-06-05T23:13:16.932Z worker CC-MAIN-2024-26 pid=3528811 saturated#217(elapsed=32s new_merchants=0 remaining=401 cooldown=240m)
[buy30727] 2026-06-05T23:13:16.935Z spawned CC-MAIN-2024-22 pid=3529897 baseline_merchants=13 log=/paperclip/instances/default/workspaces/3ec8f6dd-1735-4479-9825-a2c42edac34c/logs/buy30727_lane_cc_main_2024_22.log
[buy30727] 2026-06-05T23:13:18.453Z spawned CC-MAIN-2024-18 pid=3529920 baseline_merchants=62 log=/paperclip/instances/default/workspaces/3ec8f6dd-1735-4479-9825-a2c42edac34c/logs/buy30727_lane_cc_main_2024_18.log
[buy30727] 2026-06-05T23:13:19.971Z spawned CC-MAIN-2024-10 pid=3529945 baseline_merchants=4 log=/paperclip/instances/default/workspaces/3ec8f6dd-1735-4479-9825-a2c42edac34c/logs/buy30727_lane_cc_main_2024_10.log
[buy30727] 2026-06-05T23:13:21.486Z spawned CC-MAIN-2023-50 pid=3529969 baseline_merchants=4 log=/paperclip/instances/default/workspaces/3ec8f6dd-1735-4479-9825-a2c42edac34c/logs/buy30727_lane_cc_main_2023_50.log
[buy30727] 2026-06-05T23:13:22.996Z spawned CC-MAIN-2023-14 pid=3529993 baseline_merchants=53 log=/paperclip/instances/default/workspaces/3ec8f6dd-1735-4479-9825-a2c42edac34c/logs/buy30727_lane_cc_main_2023_14.log
[buy30727] 2026-06-05T23:13:54.548Z worker CC-MAIN-2024-22 pid=3529897 saturated#217(elapsed=38s new_merchants=0 remaining=868 cooldown=240m)
[buy30727] 2026-06-05T23:13:54.572Z worker CC-MAIN-2024-18 pid=3529920 saturated#217(elapsed=36s new_merchants=0 remaining=1033 cooldown=240m)
[buy30727] 2026-06-05T23:13:54.582Z worker CC-MAIN-2024-10 pid=3529945 saturated#217(elapsed=35s new_merchants=0 remaining=794 cooldown=240m)
[buy30727] 2026-06-05T23:13:54.586Z worker CC-MAIN-2023-50 pid=3529969 saturated#217(elapsed=33s new_merchants=0 remaining=378 cooldown=240m)
[buy30727] 2026-06-05T23:13:54.589Z worker CC-MAIN-2023-14 pid=3529993 saturated#217(elapsed=32s new_merchants=0 remaining=248 cooldown=240m)
[buy30727] 2026-06-05T23:13:54.593Z spawned CC-MAIN-2023-06 pid=3531044 baseline_merchants=45 log=/paperclip/instances/default/workspaces/3ec8f6dd-1735-4479-9825-a2c42edac34c/logs/buy30727_lane_cc_main_2023_06.log
[buy30727] 2026-06-05T23:13:56.105Z spawned CC-MAIN-2022-49 pid=3531069 baseline_merchants=5 log=/paperclip/instances/default/workspaces/3ec8f6dd-1735-4479-9825-a2c42edac34c/logs/buy30727_lane_cc_main_2022_49.log
[buy30727] 2026-06-05T23:13:57.615Z spawned CC-MAIN-2022-40 pid=3531097 baseline_merchants=3 log=/paperclip/instances/default/workspaces/3ec8f6dd-1735-4479-9825-a2c42edac34c/logs/buy30727_lane_cc_main_2022_40.log
[buy30727] 2026-06-05T23:13:59.127Z spawned CC-MAIN-2026-21 pid=3531138 baseline_merchants=853 log=/paperclip/instances/default/workspaces/3ec8f6dd-1735-4479-9825-a2c42edac34c/logs/buy30727_lane_cc_main_2026_21.log
[buy30727] 2026-06-05T23:14:00.636Z spawned CC-MAIN-2026-17 pid=3531187 baseline_merchants=7 log=/paperclip/instances/default/workspaces/3ec8f6dd-1735-4479-9825-a2c42edac34c/logs/buy30727_lane_cc_main_2026_17.log
[buy30727] 2026-06-05T23:14:32.192Z worker CC-MAIN-2023-06 pid=3531044 saturated#217(elapsed=38s new_merchants=0 remaining=318 cooldown=240m)
[buy30727] 2026-06-05T23:14:32.203Z worker CC-MAIN-2022-49 pid=3531069 saturated#217(elapsed=36s new_merchants=0 remaining=323 cooldown=240m)
[buy30727] 2026-06-05T23:14:32.212Z worker CC-MAIN-2022-40 pid=3531097 saturated#217(elapsed=35s new_merchants=0 remaining=295 cooldown=240m)
[buy30727] 2026-06-05T23:14:32.218Z worker CC-MAIN-2026-21 pid=3531138 saturated#217(elapsed=33s new_merchants=0 remaining=862 cooldown=240m)
[buy30727] 2026-06-05T23:14:32.235Z worker CC-MAIN-2026-17 pid=3531187 saturated#218(elapsed=32s new_merchants=0 remaining=3255 cooldown=240m)
[buy30727] 2026-06-05T23:14:32.238Z spawned CC-MAIN-2025-18 pid=3532520 baseline_merchants=72 log=/paperclip/instances/default/workspaces/3ec8f6dd-1735-4479-9825-a2c42edac34c/logs/buy30727_lane_cc_main_2025_18.log
[buy30727] 2026-06-05T23:14:33.769Z spawned CC-MAIN-2025-05 pid=3532542 baseline_merchants=7 log=/paperclip/instances/default/workspaces/3ec8f6dd-1735-4479-9825-a2c42edac34c/logs/buy30727_lane_cc_main_2025_05.log
[buy30727] 2026-06-05T23:14:35.278Z spawned CC-MAIN-2025-47 pid=3532567 baseline_merchants=1421 log=/paperclip/instances/default/workspaces/3ec8f6dd-1735-4479-9825-a2c42edac34c/logs/buy30727_lane_cc_main_2025_47.log
[buy30727] 2026-06-05T23:14:36.800Z spawned CC-MAIN-2025-51 pid=3532591 baseline_merchants=236 log=/paperclip/instances/default/workspaces/3ec8f6dd-1735-4479-9825-a2c42edac34c/logs/buy30727_lane_cc_main_2025_51.log
[buy30727] 2026-06-05T23:14:38.317Z spawned CC-MAIN-2025-43 pid=3532678 baseline_merchants=88 log=/paperclip/instances/default/workspaces/3ec8f6dd-1735-4479-9825-a2c42edac34c/logs/buy30727_lane_cc_main_2025_43.log
[buy30727] 2026-06-05T23:15:09.843Z worker CC-MAIN-2025-18 pid=3532520 saturated#218(elapsed=38s new_merchants=0 remaining=2382 cooldown=240m)
[buy30727] 2026-06-05T23:15:09.846Z worker CC-MAIN-2025-05 pid=3532542 saturated#218(elapsed=36s new_merchants=0 remaining=625 cooldown=240m)
[buy30727] 2026-06-05T23:15:09.864Z worker CC-MAIN-2025-47 pid=3532567 saturated#218(elapsed=35s new_merchants=0 remaining=2294 cooldown=240m)
[buy30727] 2026-06-05T23:15:09.874Z worker CC-MAIN-2025-51 pid=3532591 saturated#218(elapsed=33s new_merchants=0 remaining=2895 cooldown=240m)
[buy30727] 2026-06-05T23:15:09.886Z worker CC-MAIN-2025-43 pid=3532678 saturated#218(elapsed=32s new_merchants=0 remaining=1897 cooldown=240m)
[buy30727] 2026-06-05T23:15:09.889Z spawned CC-MAIN-2025-38 pid=3533679 baseline_merchants=28 log=/paperclip/instances/default/workspaces/3ec8f6dd-1735-4479-9825-a2c42edac34c/logs/buy30727_lane_cc_main_2025_38.log
[buy30727] 2026-06-05T23:15:11.406Z spawned CC-MAIN-2025-33 pid=3533713 baseline_merchants=13 log=/paperclip/instances/default/workspaces/3ec8f6dd-1735-4479-9825-a2c42edac34c/logs/buy30727_lane_cc_main_2025_33.log
[buy30727] 2026-06-05T23:15:12.925Z spawned CC-MAIN-2025-30 pid=3533746 baseline_merchants=136 log=/paperclip/instances/default/workspaces/3ec8f6dd-1735-4479-9825-a2c42edac34c/logs/buy30727_lane_cc_main_2025_30.log
[buy30727] 2026-06-05T23:15:14.449Z spawned CC-MAIN-2025-26 pid=3533798 baseline_merchants=18 log=/paperclip/instances/default/workspaces/3ec8f6dd-1735-4479-9825-a2c42edac34c/logs/buy30727_lane_cc_main_2025_26.log
[buy30727] 2026-06-05T23:15:15.959Z spawned CC-MAIN-2025-08 pid=3533886 baseline_merchants=7 log=/paperclip/instances/default/workspaces/3ec8f6dd-1735-4479-9825-a2c42edac34c/logs/buy30727_lane_cc_main_2025_08.log
[buy30727] 2026-06-05T23:15:47.500Z worker CC-MAIN-2025-38 pid=3533679 saturated#218(elapsed=38s new_merchants=0 remaining=1980 cooldown=240m)
[buy30727] 2026-06-05T23:15:47.516Z worker CC-MAIN-2025-33 pid=3533713 saturated#218(elapsed=36s new_merchants=0 remaining=2151 cooldown=240m)
[buy30727] 2026-06-05T23:15:47.545Z worker CC-MAIN-2025-30 pid=3533746 saturated#218(elapsed=35s new_merchants=0 remaining=2171 cooldown=240m)
[buy30727] 2026-06-05T23:15:47.551Z worker CC-MAIN-2025-26 pid=3533798 saturated#218(elapsed=33s new_merchants=0 remaining=744 cooldown=240m)
[buy30727] 2026-06-05T23:15:47.560Z worker CC-MAIN-2025-08 pid=3533886 saturated#218(elapsed=32s new_merchants=0 remaining=695 cooldown=240m)
[buy30727] 2026-06-05T23:15:47.566Z spawned CC-MAIN-2024-51 pid=3535403 baseline_merchants=427 log=/paperclip/instances/default/workspaces/3ec8f6dd-1735-4479-9825-a2c42edac34c/logs/buy30727_lane_cc_main_2024_51.log
[buy30727] 2026-06-05T23:15:49.087Z spawned CC-MAIN-2024-46 pid=3535640 baseline_merchants=92 log=/paperclip/instances/default/workspaces/3ec8f6dd-1735-4479-9825-a2c42edac34c/logs/buy30727_lane_cc_main_2024_46.log
[buy30727] 2026-06-05T23:15:50.615Z spawned CC-MAIN-2024-42 pid=3535663 baseline_merchants=91 log=/paperclip/instances/default/workspaces/3ec8f6dd-1735-4479-9825-a2c42edac34c/logs/buy30727_lane_cc_main_2024_42.log
[buy30727] 2026-06-05T23:15:52.141Z spawned CC-MAIN-2024-38 pid=3535748 baseline_merchants=36 log=/paperclip/instances/default/workspaces/3ec8f6dd-1735-4479-9825-a2c42edac34c/logs/buy30727_lane_cc_main_2024_38.log
[buy30727] 2026-06-05T23:15:53.652Z spawned CC-MAIN-2024-33 pid=3535769 baseline_merchants=88 log=/paperclip/instances/default/workspaces/3ec8f6dd-1735-4479-9825-a2c42edac34c/logs/buy30727_lane_cc_main_2024_33.log
[buy30727] 2026-06-05T23:16:25.201Z worker CC-MAIN-2024-51 pid=3535403 saturated#218(elapsed=38s new_merchants=0 remaining=1545 cooldown=240m)
[buy30727] 2026-06-05T23:16:25.232Z worker CC-MAIN-2024-46 pid=3535640 saturated#218(elapsed=36s new_merchants=0 remaining=1592 cooldown=240m)
[buy30727] 2026-06-05T23:16:25.252Z worker CC-MAIN-2024-42 pid=3535663 saturated#218(elapsed=35s new_merchants=0 remaining=1420 cooldown=240m)
[buy30727] 2026-06-05T23:16:25.259Z worker CC-MAIN-2024-38 pid=3535748 saturated#218(elapsed=33s new_merchants=0 remaining=581 cooldown=240m)
[buy30727] 2026-06-05T23:16:25.264Z worker CC-MAIN-2024-33 pid=3535769 saturated#218(elapsed=32s new_merchants=0 remaining=508 cooldown=240m)
[buy30727] 2026-06-05T23:16:25.267Z spawned CC-MAIN-2024-30 pid=3537989 baseline_merchants=17 log=/paperclip/instances/default/workspaces/3ec8f6dd-1735-4479-9825-a2c42edac34c/logs/buy30727_lane_cc_main_2024_30.log
[buy30727] 2026-06-05T23:16:26.782Z spawned CC-MAIN-2024-26 pid=3538160 baseline_merchants=7 log=/paperclip/instances/default/workspaces/3ec8f6dd-1735-4479-9825-a2c42edac34c/logs/buy30727_lane_cc_main_2024_26.log
[buy30727] 2026-06-05T23:16:28.292Z spawned CC-MAIN-2024-22 pid=3538354 baseline_merchants=13 log=/paperclip/instances/default/workspaces/3ec8f6dd-1735-4479-9825-a2c42edac34c/logs/buy30727_lane_cc_main_2024_22.log
[buy30727] 2026-06-05T23:16:29.807Z spawned CC-MAIN-2024-18 pid=3538441 baseline_merchants=62 log=/paperclip/instances/default/workspaces/3ec8f6dd-1735-4479-9825-a2c42edac34c/logs/buy30727_lane_cc_main_2024_18.log
[buy30727] 2026-06-05T23:16:31.329Z spawned CC-MAIN-2024-10 pid=3538679 baseline_merchants=4 log=/paperclip/instances/default/workspaces/3ec8f6dd-1735-4479-9825-a2c42edac34c/logs/buy30727_lane_cc_main_2024_10.log
[buy30727] 2026-06-05T23:17:02.844Z worker CC-MAIN-2024-30 pid=3537989 saturated#218(elapsed=38s new_merchants=0 remaining=424 cooldown=240m)
[buy30727] 2026-06-05T23:17:02.847Z worker CC-MAIN-2024-26 pid=3538160 saturated#218(elapsed=36s new_merchants=0 remaining=401 cooldown=240m)
[buy30727] 2026-06-05T23:17:02.855Z worker CC-MAIN-2024-22 pid=3538354 saturated#218(elapsed=35s new_merchants=0 remaining=868 cooldown=240m)
[buy30727] 2026-06-05T23:17:02.866Z worker CC-MAIN-2024-18 pid=3538441 saturated#218(elapsed=33s new_merchants=0 remaining=1033 cooldown=240m)
[buy30727] 2026-06-05T23:17:02.873Z worker CC-MAIN-2024-10 pid=3538679 saturated#218(elapsed=32s new_merchants=0 remaining=794 cooldown=240m)
[buy30727] 2026-06-05T23:17:02.877Z spawned CC-MAIN-2023-50 pid=3540646 baseline_merchants=4 log=/paperclip/instances/default/workspaces/3ec8f6dd-1735-4479-9825-a2c42edac34c/logs/buy30727_lane_cc_main_2023_50.log
[buy30727] 2026-06-05T23:17:04.385Z spawned CC-MAIN-2023-14 pid=3540675 baseline_merchants=53 log=/paperclip/instances/default/workspaces/3ec8f6dd-1735-4479-9825-a2c42edac34c/logs/buy30727_lane_cc_main_2023_14.log
[buy30727] 2026-06-05T23:17:05.900Z spawned CC-MAIN-2023-06 pid=3540719 baseline_merchants=45 log=/paperclip/instances/default/workspaces/3ec8f6dd-1735-4479-9825-a2c42edac34c/logs/buy30727_lane_cc_main_2023_06.log
[buy30727] 2026-06-05T23:17:07.418Z spawned CC-MAIN-2022-49 pid=3540746 baseline_merchants=5 log=/paperclip/instances/default/workspaces/3ec8f6dd-1735-4479-9825-a2c42edac34c/logs/buy30727_lane_cc_main_2022_49.log
[buy30727] 2026-06-05T23:17:08.930Z spawned CC-MAIN-2022-40 pid=3540823 baseline_merchants=3 log=/paperclip/instances/default/workspaces/3ec8f6dd-1735-4479-9825-a2c42edac34c/logs/buy30727_lane_cc_main_2022_40.log
[buy30727] 2026-06-05T23:17:40.475Z worker CC-MAIN-2023-50 pid=3540646 saturated#218(elapsed=38s new_merchants=0 remaining=378 cooldown=240m)
[buy30727] 2026-06-05T23:17:40.480Z worker CC-MAIN-2023-14 pid=3540675 saturated#218(elapsed=36s new_merchants=0 remaining=248 cooldown=240m)
[buy30727] 2026-06-05T23:17:40.487Z worker CC-MAIN-2023-06 pid=3540719 saturated#218(elapsed=35s new_merchants=0 remaining=318 cooldown=240m)
[buy30727] 2026-06-05T23:17:40.494Z worker CC-MAIN-2022-49 pid=3540746 saturated#218(elapsed=33s new_merchants=0 remaining=323 cooldown=240m)
[buy30727] 2026-06-05T23:17:40.501Z worker CC-MAIN-2022-40 pid=3540823 saturated#218(elapsed=32s new_merchants=0 remaining=295 cooldown=240m)
[buy30727] 2026-06-05T23:17:40.504Z spawned CC-MAIN-2026-21 pid=3541726 baseline_merchants=853 log=/paperclip/instances/default/workspaces/3ec8f6dd-1735-4479-9825-a2c42edac34c/logs/buy30727_lane_cc_main_2026_21.log
[buy30727] 2026-06-05T23:17:42.013Z spawned CC-MAIN-2026-17 pid=3541801 baseline_merchants=7 log=/paperclip/instances/default/workspaces/3ec8f6dd-1735-4479-9825-a2c42edac34c/logs/buy30727_lane_cc_main_2026_17.log
[buy30727] 2026-06-05T23:17:43.548Z spawned CC-MAIN-2025-18 pid=3541916 baseline_merchants=72 log=/paperclip/instances/default/workspaces/3ec8f6dd-1735-4479-9825-a2c42edac34c/logs/buy30727_lane_cc_main_2025_18.log
[buy30727] 2026-06-05T23:17:45.075Z spawned CC-MAIN-2025-05 pid=3542032 baseline_merchants=7 log=/paperclip/instances/default/workspaces/3ec8f6dd-1735-4479-9825-a2c42edac34c/logs/buy30727_lane_cc_main_2025_05.log
[buy30727] 2026-06-05T23:17:46.604Z spawned CC-MAIN-2025-47 pid=3542068 baseline_merchants=1421 log=/paperclip/instances/default/workspaces/3ec8f6dd-1735-4479-9825-a2c42edac34c/logs/buy30727_lane_cc_main_2025_47.log
[buy30727] 2026-06-05T23:17:48.277Z tick=240 active=5 drained=20 saturated=27 known_merchants=15747 status=[CC-MAIN-2026-21:862/10577, CC-MAIN-2026-17:3255/37593, CC-MAIN-2025-18:2382/46657, CC-MAIN-2025-05:625/14379, CC-MAIN-2025-47:2294/50620]
[buy30727] 2026-06-05T23:18:18.287Z worker CC-MAIN-2026-21 pid=3541726 saturated#218(elapsed=38s new_merchants=0 remaining=862 cooldown=240m)
[buy30727] 2026-06-05T23:18:18.301Z worker CC-MAIN-2026-17 pid=3541801 saturated#219(elapsed=36s new_merchants=0 remaining=3255 cooldown=240m)
[buy30727] 2026-06-05T23:18:18.318Z worker CC-MAIN-2025-18 pid=3541916 saturated#219(elapsed=35s new_merchants=0 remaining=2382 cooldown=240m)
[buy30727] 2026-06-05T23:18:18.322Z worker CC-MAIN-2025-05 pid=3542032 saturated#219(elapsed=33s new_merchants=0 remaining=625 cooldown=240m)
[buy30727] 2026-06-05T23:18:18.341Z worker CC-MAIN-2025-47 pid=3542068 saturated#219(elapsed=32s new_merchants=0 remaining=2294 cooldown=240m)
[buy30727] 2026-06-05T23:18:18.345Z spawned CC-MAIN-2025-51 pid=3542815 baseline_merchants=236 log=/paperclip/instances/default/workspaces/3ec8f6dd-1735-4479-9825-a2c42edac34c/logs/buy30727_lane_cc_main_2025_51.log
[buy30727] 2026-06-05T23:18:19.867Z spawned CC-MAIN-2025-43 pid=3542840 baseline_merchants=88 log=/paperclip/instances/default/workspaces/3ec8f6dd-1735-4479-9825-a2c42edac34c/logs/buy30727_lane_cc_main_2025_43.log
[buy30727] 2026-06-05T23:18:21.384Z spawned CC-MAIN-2025-38 pid=3542863 baseline_merchants=28 log=/paperclip/instances/default/workspaces/3ec8f6dd-1735-4479-9825-a2c42edac34c/logs/buy30727_lane_cc_main_2025_38.log
[buy30727] 2026-06-05T23:18:22.906Z spawned CC-MAIN-2025-33 pid=3542980 baseline_merchants=13 log=/paperclip/instances/default/workspaces/3ec8f6dd-1735-4479-9825-a2c42edac34c/logs/buy30727_lane_cc_main_2025_33.log
[buy30727] 2026-06-05T23:18:24.425Z spawned CC-MAIN-2025-30 pid=3543005 baseline_merchants=136 log=/paperclip/instances/default/workspaces/3ec8f6dd-1735-4479-9825-a2c42edac34c/logs/buy30727_lane_cc_main_2025_30.log
[buy30727] 2026-06-05T23:18:55.962Z worker CC-MAIN-2025-51 pid=3542815 saturated#219(elapsed=38s new_merchants=0 remaining=2895 cooldown=240m)
[buy30727] 2026-06-05T23:18:55.984Z worker CC-MAIN-2025-43 pid=3542840 saturated#219(elapsed=36s new_merchants=0 remaining=1897 cooldown=240m)
[buy30727] 2026-06-05T23:18:56.009Z worker CC-MAIN-2025-38 pid=3542863 saturated#219(elapsed=35s new_merchants=0 remaining=1980 cooldown=240m)
[buy30727] 2026-06-05T23:18:56.028Z worker CC-MAIN-2025-33 pid=3542980 saturated#219(elapsed=33s new_merchants=0 remaining=2151 cooldown=240m)
[buy30727] 2026-06-05T23:18:56.040Z worker CC-MAIN-2025-30 pid=3543005 saturated#219(elapsed=32s new_merchants=0 remaining=2171 cooldown=240m)
[buy30727] 2026-06-05T23:18:56.044Z spawned CC-MAIN-2025-26 pid=3543475 baseline_merchants=18 log=/paperclip/instances/default/workspaces/3ec8f6dd-1735-4479-9825-a2c42edac34c/logs/buy30727_lane_cc_main_2025_26.log
[buy30727] 2026-06-05T23:18:57.554Z spawned CC-MAIN-2025-08 pid=3543499 baseline_merchants=7 log=/paperclip/instances/default/workspaces/3ec8f6dd-1735-4479-9825-a2c42edac34c/logs/buy30727_lane_cc_main_2025_08.log
[buy30727] 2026-06-05T23:18:59.067Z spawned CC-MAIN-2024-51 pid=3543523 baseline_merchants=427 log=/paperclip/instances/default/workspaces/3ec8f6dd-1735-4479-9825-a2c42edac34c/logs/buy30727_lane_cc_main_2024_51.log
[buy30727] 2026-06-05T23:19:00.585Z spawned CC-MAIN-2024-46 pid=3543574 baseline_merchants=92 log=/paperclip/instances/default/workspaces/3ec8f6dd-1735-4479-9825-a2c42edac34c/logs/buy30727_lane_cc_main_2024_46.log
[buy30727] 2026-06-05T23:19:02.109Z spawned CC-MAIN-2024-42 pid=3543628 baseline_merchants=91 log=/paperclip/instances/default/workspaces/3ec8f6dd-1735-4479-9825-a2c42edac34c/logs/buy30727_lane_cc_main_2024_42.log
[buy30727] 2026-06-05T23:19:33.638Z worker CC-MAIN-2025-26 pid=3543475 saturated#219(elapsed=38s new_merchants=0 remaining=744 cooldown=240m)
[buy30727] 2026-06-05T23:19:33.644Z worker CC-MAIN-2025-08 pid=3543499 saturated#219(elapsed=36s new_merchants=0 remaining=695 cooldown=240m)
[buy30727] 2026-06-05T23:19:33.664Z worker CC-MAIN-2024-51 pid=3543523 saturated#219(elapsed=35s new_merchants=0 remaining=1545 cooldown=240m)
[buy30727] 2026-06-05T23:19:33.690Z worker CC-MAIN-2024-46 pid=3543574 saturated#219(elapsed=33s new_merchants=0 remaining=1592 cooldown=240m)
[buy30727] 2026-06-05T23:19:33.721Z worker CC-MAIN-2024-42 pid=3543628 saturated#219(elapsed=32s new_merchants=0 remaining=1420 cooldown=240m)
[buy30727] 2026-06-05T23:19:33.724Z spawned CC-MAIN-2024-38 pid=3544596 baseline_merchants=36 log=/paperclip/instances/default/workspaces/3ec8f6dd-1735-4479-9825-a2c42edac34c/logs/buy30727_lane_cc_main_2024_38.log
[buy30727] 2026-06-05T23:19:35.233Z spawned CC-MAIN-2024-33 pid=3544621 baseline_merchants=88 log=/paperclip/instances/default/workspaces/3ec8f6dd-1735-4479-9825-a2c42edac34c/logs/buy30727_lane_cc_main_2024_33.log
[buy30727] 2026-06-05T23:19:36.743Z spawned CC-MAIN-2024-30 pid=3544649 baseline_merchants=17 log=/paperclip/instances/default/workspaces/3ec8f6dd-1735-4479-9825-a2c42edac34c/logs/buy30727_lane_cc_main_2024_30.log
[buy30727] 2026-06-05T23:19:38.251Z spawned CC-MAIN-2024-26 pid=3544754 baseline_merchants=7 log=/paperclip/instances/default/workspaces/3ec8f6dd-1735-4479-9825-a2c42edac34c/logs/buy30727_lane_cc_main_2024_26.log
[buy30727] 2026-06-05T23:19:39.760Z spawned CC-MAIN-2024-22 pid=3544779 baseline_merchants=13 log=/paperclip/instances/default/workspaces/3ec8f6dd-1735-4479-9825-a2c42edac34c/logs/buy30727_lane_cc_main_2024_22.log
[buy30727] 2026-06-05T23:20:11.314Z worker CC-MAIN-2024-38 pid=3544596 saturated#219(elapsed=38s new_merchants=0 remaining=581 cooldown=240m)
[buy30727] 2026-06-05T23:20:11.321Z worker CC-MAIN-2024-33 pid=3544621 saturated#219(elapsed=36s new_merchants=0 remaining=508 cooldown=240m)
[buy30727] 2026-06-05T23:20:11.325Z worker CC-MAIN-2024-30 pid=3544649 saturated#219(elapsed=35s new_merchants=0 remaining=424 cooldown=240m)
[buy30727] 2026-06-05T23:20:11.330Z worker CC-MAIN-2024-26 pid=3544754 saturated#219(elapsed=33s new_merchants=0 remaining=401 cooldown=240m)
[buy30727] 2026-06-05T23:20:11.345Z worker CC-MAIN-2024-22 pid=3544779 saturated#219(elapsed=32s new_merchants=0 remaining=868 cooldown=240m)
[buy30727] 2026-06-05T23:20:11.349Z spawned CC-MAIN-2024-18 pid=3545752 baseline_merchants=62 log=/paperclip/instances/default/workspaces/3ec8f6dd-1735-4479-9825-a2c42edac34c/logs/buy30727_lane_cc_main_2024_18.log
[buy30727] 2026-06-05T23:20:12.879Z spawned CC-MAIN-2024-10 pid=3545787 baseline_merchants=4 log=/paperclip/instances/default/workspaces/3ec8f6dd-1735-4479-9825-a2c42edac34c/logs/buy30727_lane_cc_main_2024_10.log
[buy30727] 2026-06-05T23:20:14.393Z spawned CC-MAIN-2023-50 pid=3545902 baseline_merchants=4 log=/paperclip/instances/default/workspaces/3ec8f6dd-1735-4479-9825-a2c42edac34c/logs/buy30727_lane_cc_main_2023_50.log
[buy30727] 2026-06-05T23:20:15.902Z spawned CC-MAIN-2023-14 pid=3545929 baseline_merchants=53 log=/paperclip/instances/default/workspaces/3ec8f6dd-1735-4479-9825-a2c42edac34c/logs/buy30727_lane_cc_main_2023_14.log
[buy30727] 2026-06-05T23:20:17.410Z spawned CC-MAIN-2023-06 pid=3545955 baseline_merchants=45 log=/paperclip/instances/default/workspaces/3ec8f6dd-1735-4479-9825-a2c42edac34c/logs/buy30727_lane_cc_main_2023_06.log
[buy30727] 2026-06-05T23:20:48.963Z worker CC-MAIN-2024-18 pid=3545752 saturated#219(elapsed=38s new_merchants=0 remaining=1033 cooldown=240m)
[buy30727] 2026-06-05T23:20:48.972Z worker CC-MAIN-2024-10 pid=3545787 saturated#219(elapsed=36s new_merchants=0 remaining=794 cooldown=240m)
[buy30727] 2026-06-05T23:20:48.978Z worker CC-MAIN-2023-50 pid=3545902 saturated#219(elapsed=35s new_merchants=0 remaining=378 cooldown=240m)
[buy30727] 2026-06-05T23:20:48.982Z worker CC-MAIN-2023-14 pid=3545929 saturated#219(elapsed=33s new_merchants=0 remaining=248 cooldown=240m)
[buy30727] 2026-06-05T23:20:48.988Z worker CC-MAIN-2023-06 pid=3545955 saturated#219(elapsed=32s new_merchants=0 remaining=318 cooldown=240m)
[buy30727] 2026-06-05T23:20:48.991Z spawned CC-MAIN-2022-49 pid=3547206 baseline_merchants=5 log=/paperclip/instances/default/workspaces/3ec8f6dd-1735-4479-9825-a2c42edac34c/logs/buy30727_lane_cc_main_2022_49.log
[buy30727] 2026-06-05T23:20:50.501Z spawned CC-MAIN-2022-40 pid=3547232 baseline_merchants=3 log=/paperclip/instances/default/workspaces/3ec8f6dd-1735-4479-9825-a2c42edac34c/logs/buy30727_lane_cc_main_2022_40.log
[buy30727] 2026-06-05T23:20:52.019Z spawned CC-MAIN-2026-21 pid=3547308 baseline_merchants=853 log=/paperclip/instances/default/workspaces/3ec8f6dd-1735-4479-9825-a2c42edac34c/logs/buy30727_lane_cc_main_2026_21.log
[buy30727] 2026-06-05T23:20:53.529Z spawned CC-MAIN-2026-17 pid=3547487 baseline_merchants=7 log=/paperclip/instances/default/workspaces/3ec8f6dd-1735-4479-9825-a2c42edac34c/logs/buy30727_lane_cc_main_2026_17.log
[buy30727] 2026-06-05T23:20:55.048Z spawned CC-MAIN-2025-18 pid=3547516 baseline_merchants=72 log=/paperclip/instances/default/workspaces/3ec8f6dd-1735-4479-9825-a2c42edac34c/logs/buy30727_lane_cc_main_2025_18.log
[buy30727] 2026-06-05T23:21:26.598Z worker CC-MAIN-2022-49 pid=3547206 saturated#219(elapsed=38s new_merchants=0 remaining=323 cooldown=240m)
[buy30727] 2026-06-05T23:21:26.602Z worker CC-MAIN-2022-40 pid=3547232 saturated#219(elapsed=36s new_merchants=0 remaining=295 cooldown=240m)
[buy30727] 2026-06-05T23:21:26.605Z worker CC-MAIN-2026-21 pid=3547308 saturated#219(elapsed=35s new_merchants=0 remaining=862 cooldown=240m)
[buy30727] 2026-06-05T23:21:26.613Z worker CC-MAIN-2026-17 pid=3547487 saturated#220(elapsed=33s new_merchants=0 remaining=3255 cooldown=240m)
[buy30727] 2026-06-05T23:21:26.634Z worker CC-MAIN-2025-18 pid=3547516 saturated#220(elapsed=32s new_merchants=0 remaining=2382 cooldown=240m)
[buy30727] 2026-06-05T23:21:26.638Z spawned CC-MAIN-2025-05 pid=3549857 baseline_merchants=7 log=/paperclip/instances/default/workspaces/3ec8f6dd-1735-4479-9825-a2c42edac34c/logs/buy30727_lane_cc_main_2025_05.log
[buy30727] 2026-06-05T23:21:28.149Z spawned CC-MAIN-2025-47 pid=3549962 baseline_merchants=1421 log=/paperclip/instances/default/workspaces/3ec8f6dd-1735-4479-9825-a2c42edac34c/logs/buy30727_lane_cc_main_2025_47.log
[buy30727] 2026-06-05T23:21:29.675Z spawned CC-MAIN-2025-51 pid=3550130 baseline_merchants=236 log=/paperclip/instances/default/workspaces/3ec8f6dd-1735-4479-9825-a2c42edac34c/logs/buy30727_lane_cc_main_2025_51.log
[buy30727] 2026-06-05T23:21:31.198Z spawned CC-MAIN-2025-43 pid=3550376 baseline_merchants=88 log=/paperclip/instances/default/workspaces/3ec8f6dd-1735-4479-9825-a2c42edac34c/logs/buy30727_lane_cc_main_2025_43.log
[buy30727] 2026-06-05T23:21:32.724Z spawned CC-MAIN-2025-38 pid=3550660 baseline_merchants=28 log=/paperclip/instances/default/workspaces/3ec8f6dd-1735-4479-9825-a2c42edac34c/logs/buy30727_lane_cc_main_2025_38.log
[buy30727] 2026-06-05T23:22:04.254Z worker CC-MAIN-2025-05 pid=3549857 saturated#220(elapsed=38s new_merchants=0 remaining=625 cooldown=240m)
[buy30727] 2026-06-05T23:22:04.274Z worker CC-MAIN-2025-47 pid=3549962 saturated#220(elapsed=36s new_merchants=0 remaining=2294 cooldown=240m)
[buy30727] 2026-06-05T23:22:04.292Z worker CC-MAIN-2025-51 pid=3550130 saturated#220(elapsed=35s new_merchants=0 remaining=2895 cooldown=240m)
[buy30727] 2026-06-05T23:22:04.310Z worker CC-MAIN-2025-43 pid=3550376 saturated#220(elapsed=33s new_merchants=0 remaining=1897 cooldown=240m)
[buy30727] 2026-06-05T23:22:04.338Z worker CC-MAIN-2025-38 pid=3550660 saturated#220(elapsed=32s new_merchants=0 remaining=1980 cooldown=240m)
[buy30727] 2026-06-05T23:22:04.341Z spawned CC-MAIN-2025-33 pid=3553720 baseline_merchants=13 log=/paperclip/instances/default/workspaces/3ec8f6dd-1735-4479-9825-a2c42edac34c/logs/buy30727_lane_cc_main_2025_33.log
[buy30727] 2026-06-05T23:22:05.863Z spawned CC-MAIN-2025-30 pid=3553984 baseline_merchants=136 log=/paperclip/instances/default/workspaces/3ec8f6dd-1735-4479-9825-a2c42edac34c/logs/buy30727_lane_cc_main_2025_30.log
[buy30727] 2026-06-05T23:22:07.382Z spawned CC-MAIN-2025-26 pid=3554063 baseline_merchants=18 log=/paperclip/instances/default/workspaces/3ec8f6dd-1735-4479-9825-a2c42edac34c/logs/buy30727_lane_cc_main_2025_26.log
[buy30727] 2026-06-05T23:22:08.895Z spawned CC-MAIN-2025-08 pid=3554167 baseline_merchants=7 log=/paperclip/instances/default/workspaces/3ec8f6dd-1735-4479-9825-a2c42edac34c/logs/buy30727_lane_cc_main_2025_08.log
[buy30727] 2026-06-05T23:22:10.405Z spawned CC-MAIN-2024-51 pid=3554199 baseline_merchants=427 log=/paperclip/instances/default/workspaces/3ec8f6dd-1735-4479-9825-a2c42edac34c/logs/buy30727_lane_cc_main_2024_51.log
[buy30727] 2026-06-05T23:22:41.976Z worker CC-MAIN-2025-33 pid=3553720 saturated#220(elapsed=38s new_merchants=0 remaining=2151 cooldown=240m)
[buy30727] 2026-06-05T23:22:41.998Z worker CC-MAIN-2025-30 pid=3553984 saturated#220(elapsed=36s new_merchants=0 remaining=2171 cooldown=240m)
[buy30727] 2026-06-05T23:22:42.003Z worker CC-MAIN-2025-26 pid=3554063 saturated#220(elapsed=35s new_merchants=0 remaining=744 cooldown=240m)
[buy30727] 2026-06-05T23:22:42.009Z worker CC-MAIN-2025-08 pid=3554167 saturated#220(elapsed=33s new_merchants=0 remaining=695 cooldown=240m)
[buy30727] 2026-06-05T23:22:42.025Z worker CC-MAIN-2024-51 pid=3554199 saturated#220(elapsed=32s new_merchants=0 remaining=1545 cooldown=240m)
[buy30727] 2026-06-05T23:22:42.034Z spawned CC-MAIN-2024-46 pid=3555170 baseline_merchants=92 log=/paperclip/instances/default/workspaces/3ec8f6dd-1735-4479-9825-a2c42edac34c/logs/buy30727_lane_cc_main_2024_46.log
[buy30727] 2026-06-05T23:22:43.568Z spawned CC-MAIN-2024-42 pid=3555198 baseline_merchants=91 log=/paperclip/instances/default/workspaces/3ec8f6dd-1735-4479-9825-a2c42edac34c/logs/buy30727_lane_cc_main_2024_42.log
[buy30727] 2026-06-05T23:22:45.090Z spawned CC-MAIN-2024-38 pid=3555227 baseline_merchants=36 log=/paperclip/instances/default/workspaces/3ec8f6dd-1735-4479-9825-a2c42edac34c/logs/buy30727_lane_cc_main_2024_38.log
[buy30727] 2026-06-05T23:22:46.605Z spawned CC-MAIN-2024-33 pid=3555334 baseline_merchants=88 log=/paperclip/instances/default/workspaces/3ec8f6dd-1735-4479-9825-a2c42edac34c/logs/buy30727_lane_cc_main_2024_33.log
[buy30727] 2026-06-05T23:22:48.116Z spawned CC-MAIN-2024-30 pid=3555358 baseline_merchants=17 log=/paperclip/instances/default/workspaces/3ec8f6dd-1735-4479-9825-a2c42edac34c/logs/buy30727_lane_cc_main_2024_30.log
[buy30727] 2026-06-05T23:23:19.687Z worker CC-MAIN-2024-46 pid=3555170 saturated#220(elapsed=38s new_merchants=0 remaining=1592 cooldown=240m)
[buy30727] 2026-06-05T23:23:19.718Z worker CC-MAIN-2024-42 pid=3555198 saturated#220(elapsed=36s new_merchants=0 remaining=1420 cooldown=240m)
[buy30727] 2026-06-05T23:23:19.724Z worker CC-MAIN-2024-38 pid=3555227 saturated#220(elapsed=35s new_merchants=0 remaining=581 cooldown=240m)
[buy30727] 2026-06-05T23:23:19.729Z worker CC-MAIN-2024-33 pid=3555334 saturated#220(elapsed=33s new_merchants=0 remaining=508 cooldown=240m)
[buy30727] 2026-06-05T23:23:19.737Z worker CC-MAIN-2024-30 pid=3555358 saturated#220(elapsed=32s new_merchants=0 remaining=424 cooldown=240m)
[buy30727] 2026-06-05T23:23:19.741Z spawned CC-MAIN-2024-26 pid=3556215 baseline_merchants=7 log=/paperclip/instances/default/workspaces/3ec8f6dd-1735-4479-9825-a2c42edac34c/logs/buy30727_lane_cc_main_2024_26.log
[buy30727] 2026-06-05T23:23:21.248Z spawned CC-MAIN-2024-22 pid=3556246 baseline_merchants=13 log=/paperclip/instances/default/workspaces/3ec8f6dd-1735-4479-9825-a2c42edac34c/logs/buy30727_lane_cc_main_2024_22.log
[buy30727] 2026-06-05T23:23:22.767Z spawned CC-MAIN-2024-18 pid=3556269 baseline_merchants=62 log=/paperclip/instances/default/workspaces/3ec8f6dd-1735-4479-9825-a2c42edac34c/logs/buy30727_lane_cc_main_2024_18.log
[buy30727] 2026-06-05T23:23:24.291Z spawned CC-MAIN-2024-10 pid=3556293 baseline_merchants=4 log=/paperclip/instances/default/workspaces/3ec8f6dd-1735-4479-9825-a2c42edac34c/logs/buy30727_lane_cc_main_2024_10.log
[buy30727] 2026-06-05T23:23:25.806Z spawned CC-MAIN-2023-50 pid=3556319 baseline_merchants=4 log=/paperclip/instances/default/workspaces/3ec8f6dd-1735-4479-9825-a2c42edac34c/logs/buy30727_lane_cc_main_2023_50.log
[buy30727] 2026-06-05T23:23:57.320Z worker CC-MAIN-2024-26 pid=3556215 saturated#220(elapsed=38s new_merchants=0 remaining=401 cooldown=240m)
[buy30727] 2026-06-05T23:23:57.335Z worker CC-MAIN-2024-22 pid=3556246 saturated#220(elapsed=36s new_merchants=0 remaining=868 cooldown=240m)
[buy30727] 2026-06-05T23:23:57.358Z worker CC-MAIN-2024-18 pid=3556269 saturated#220(elapsed=35s new_merchants=0 remaining=1033 cooldown=240m)
[buy30727] 2026-06-05T23:23:57.371Z worker CC-MAIN-2024-10 pid=3556293 saturated#220(elapsed=33s new_merchants=0 remaining=794 cooldown=240m)
[buy30727] 2026-06-05T23:23:57.379Z worker CC-MAIN-2023-50 pid=3556319 saturated#220(elapsed=32s new_merchants=0 remaining=378 cooldown=240m)
[buy30727] 2026-06-05T23:23:57.382Z spawned CC-MAIN-2023-14 pid=3557654 baseline_merchants=53 log=/paperclip/instances/default/workspaces/3ec8f6dd-1735-4479-9825-a2c42edac34c/logs/buy30727_lane_cc_main_2023_14.log
[buy30727] 2026-06-05T23:23:58.891Z spawned CC-MAIN-2023-06 pid=3557681 baseline_merchants=45 log=/paperclip/instances/default/workspaces/3ec8f6dd-1735-4479-9825-a2c42edac34c/logs/buy30727_lane_cc_main_2023_06.log
[buy30727] 2026-06-05T23:24:00.401Z spawned CC-MAIN-2022-49 pid=3557708 baseline_merchants=5 log=/paperclip/instances/default/workspaces/3ec8f6dd-1735-4479-9825-a2c42edac34c/logs/buy30727_lane_cc_main_2022_49.log
[buy30727] 2026-06-05T23:24:01.909Z spawned CC-MAIN-2022-40 pid=3557822 baseline_merchants=3 log=/paperclip/instances/default/workspaces/3ec8f6dd-1735-4479-9825-a2c42edac34c/logs/buy30727_lane_cc_main_2022_40.log
[buy30727] 2026-06-05T23:24:03.420Z spawned CC-MAIN-2026-21 pid=3557848 baseline_merchants=853 log=/paperclip/instances/default/workspaces/3ec8f6dd-1735-4479-9825-a2c42edac34c/logs/buy30727_lane_cc_main_2026_21.log
[buy30727] 2026-06-05T23:24:04.942Z tick=250 active=5 drained=20 saturated=27 known_merchants=15747 status=[CC-MAIN-2023-14:248/11465, CC-MAIN-2023-06:318/15760, CC-MAIN-2022-49:323/15977, CC-MAIN-2022-40:295/15515, CC-MAIN-2026-21:862/10577]
[buy30727] 2026-06-05T23:24:34.969Z worker CC-MAIN-2023-14 pid=3557654 saturated#220(elapsed=38s new_merchants=0 remaining=248 cooldown=240m)
[buy30727] 2026-06-05T23:24:34.973Z worker CC-MAIN-2023-06 pid=3557681 saturated#220(elapsed=36s new_merchants=0 remaining=318 cooldown=240m)
[buy30727] 2026-06-05T23:24:34.976Z worker CC-MAIN-2022-49 pid=3557708 saturated#220(elapsed=35s new_merchants=0 remaining=323 cooldown=240m)
[buy30727] 2026-06-05T23:24:34.979Z worker CC-MAIN-2022-40 pid=3557822 saturated#220(elapsed=33s new_merchants=0 remaining=295 cooldown=240m)
[buy30727] 2026-06-05T23:24:34.982Z worker CC-MAIN-2026-21 pid=3557848 saturated#220(elapsed=32s new_merchants=0 remaining=862 cooldown=240m)
[buy30727] 2026-06-05T23:24:34.985Z spawned CC-MAIN-2026-17 pid=3558869 baseline_merchants=7 log=/paperclip/instances/default/workspaces/3ec8f6dd-1735-4479-9825-a2c42edac34c/logs/buy30727_lane_cc_main_2026_17.log
[buy30727] 2026-06-05T23:24:36.506Z spawned CC-MAIN-2025-18 pid=3558894 baseline_merchants=72 log=/paperclip/instances/default/workspaces/3ec8f6dd-1735-4479-9825-a2c42edac34c/logs/buy30727_lane_cc_main_2025_18.log
[buy30727] 2026-06-05T23:24:38.032Z spawned CC-MAIN-2025-05 pid=3558920 baseline_merchants=7 log=/paperclip/instances/default/workspaces/3ec8f6dd-1735-4479-9825-a2c42edac34c/logs/buy30727_lane_cc_main_2025_05.log
[buy30727] 2026-06-05T23:24:39.540Z spawned CC-MAIN-2025-47 pid=3558942 baseline_merchants=1421 log=/paperclip/instances/default/workspaces/3ec8f6dd-1735-4479-9825-a2c42edac34c/logs/buy30727_lane_cc_main_2025_47.log
[buy30727] 2026-06-05T23:24:41.067Z spawned CC-MAIN-2025-51 pid=3558968 baseline_merchants=236 log=/paperclip/instances/default/workspaces/3ec8f6dd-1735-4479-9825-a2c42edac34c/logs/buy30727_lane_cc_main_2025_51.log
[buy30727] 2026-06-05T23:25:12.626Z worker CC-MAIN-2026-17 pid=3558869 saturated#221(elapsed=38s new_merchants=0 remaining=3255 cooldown=240m)
[buy30727] 2026-06-05T23:25:12.649Z worker CC-MAIN-2025-18 pid=3558894 saturated#221(elapsed=36s new_merchants=0 remaining=2382 cooldown=240m)
[buy30727] 2026-06-05T23:25:12.656Z worker CC-MAIN-2025-05 pid=3558920 saturated#221(elapsed=35s new_merchants=0 remaining=625 cooldown=240m)
[buy30727] 2026-06-05T23:25:12.679Z worker CC-MAIN-2025-47 pid=3558942 saturated#221(elapsed=33s new_merchants=0 remaining=2294 cooldown=240m)
[buy30727] 2026-06-05T23:25:12.702Z worker CC-MAIN-2025-51 pid=3558968 saturated#221(elapsed=32s new_merchants=0 remaining=2895 cooldown=240m)
[buy30727] 2026-06-05T23:25:12.706Z spawned CC-MAIN-2025-43 pid=3560277 baseline_merchants=88 log=/paperclip/instances/default/workspaces/3ec8f6dd-1735-4479-9825-a2c42edac34c/logs/buy30727_lane_cc_main_2025_43.log
[buy30727] 2026-06-05T23:25:14.237Z spawned CC-MAIN-2025-38 pid=3560303 baseline_merchants=28 log=/paperclip/instances/default/workspaces/3ec8f6dd-1735-4479-9825-a2c42edac34c/logs/buy30727_lane_cc_main_2025_38.log
[buy30727] 2026-06-05T23:25:15.754Z spawned CC-MAIN-2025-33 pid=3560333 baseline_merchants=13 log=/paperclip/instances/default/workspaces/3ec8f6dd-1735-4479-9825-a2c42edac34c/logs/buy30727_lane_cc_main_2025_33.log
[buy30727] 2026-06-05T23:25:17.291Z spawned CC-MAIN-2025-30 pid=3560440 baseline_merchants=136 log=/paperclip/instances/default/workspaces/3ec8f6dd-1735-4479-9825-a2c42edac34c/logs/buy30727_lane_cc_main_2025_30.log
[buy30727] 2026-06-05T23:25:18.830Z spawned CC-MAIN-2025-26 pid=3560545 baseline_merchants=18 log=/paperclip/instances/default/workspaces/3ec8f6dd-1735-4479-9825-a2c42edac34c/logs/buy30727_lane_cc_main_2025_26.log
[buy30727] 2026-06-05T23:25:50.388Z worker CC-MAIN-2025-43 pid=3560277 saturated#221(elapsed=38s new_merchants=0 remaining=1897 cooldown=240m)
[buy30727] 2026-06-05T23:25:50.413Z worker CC-MAIN-2025-38 pid=3560303 saturated#221(elapsed=36s new_merchants=0 remaining=1980 cooldown=240m)
[buy30727] 2026-06-05T23:25:50.444Z worker CC-MAIN-2025-33 pid=3560333 saturated#221(elapsed=35s new_merchants=0 remaining=2151 cooldown=240m)
[buy30727] 2026-06-05T23:25:50.465Z worker CC-MAIN-2025-30 pid=3560440 saturated#221(elapsed=33s new_merchants=0 remaining=2171 cooldown=240m)
[buy30727] 2026-06-05T23:25:50.468Z worker CC-MAIN-2025-26 pid=3560545 saturated#221(elapsed=32s new_merchants=0 remaining=744 cooldown=240m)
[buy30727] 2026-06-05T23:25:50.472Z spawned CC-MAIN-2025-08 pid=3562303 baseline_merchants=7 log=/paperclip/instances/default/workspaces/3ec8f6dd-1735-4479-9825-a2c42edac34c/logs/buy30727_lane_cc_main_2025_08.log
[buy30727] 2026-06-05T23:25:51.981Z spawned CC-MAIN-2024-51 pid=3562437 baseline_merchants=427 log=/paperclip/instances/default/workspaces/3ec8f6dd-1735-4479-9825-a2c42edac34c/logs/buy30727_lane_cc_main_2024_51.log
[buy30727] 2026-06-05T23:25:53.499Z spawned CC-MAIN-2024-46 pid=3562496 baseline_merchants=92 log=/paperclip/instances/default/workspaces/3ec8f6dd-1735-4479-9825-a2c42edac34c/logs/buy30727_lane_cc_main_2024_46.log
[buy30727] 2026-06-05T23:25:55.025Z spawned CC-MAIN-2024-42 pid=3562534 baseline_merchants=91 log=/paperclip/instances/default/workspaces/3ec8f6dd-1735-4479-9825-a2c42edac34c/logs/buy30727_lane_cc_main_2024_42.log
[buy30727] 2026-06-05T23:25:56.547Z spawned CC-MAIN-2024-38 pid=3562677 baseline_merchants=36 log=/paperclip/instances/default/workspaces/3ec8f6dd-1735-4479-9825-a2c42edac34c/logs/buy30727_lane_cc_main_2024_38.log
[buy30727] 2026-06-05T23:26:28.077Z worker CC-MAIN-2025-08 pid=3562303 saturated#221(elapsed=38s new_merchants=0 remaining=695 cooldown=240m)
[buy30727] 2026-06-05T23:26:28.096Z worker CC-MAIN-2024-51 pid=3562437 saturated#221(elapsed=36s new_merchants=0 remaining=1545 cooldown=240m)
[buy30727] 2026-06-05T23:26:28.125Z worker CC-MAIN-2024-46 pid=3562496 saturated#221(elapsed=35s new_merchants=0 remaining=1592 cooldown=240m)
[buy30727] 2026-06-05T23:26:28.154Z worker CC-MAIN-2024-42 pid=3562534 saturated#221(elapsed=33s new_merchants=0 remaining=1420 cooldown=240m)
[buy30727] 2026-06-05T23:26:28.158Z worker CC-MAIN-2024-38 pid=3562677 saturated#221(elapsed=32s new_merchants=0 remaining=581 cooldown=240m)
[buy30727] 2026-06-05T23:26:28.162Z spawned CC-MAIN-2024-33 pid=3564237 baseline_merchants=88 log=/paperclip/instances/default/workspaces/3ec8f6dd-1735-4479-9825-a2c42edac34c/logs/buy30727_lane_cc_main_2024_33.log
[buy30727] 2026-06-05T23:26:29.672Z spawned CC-MAIN-2024-30 pid=3564356 baseline_merchants=17 log=/paperclip/instances/default/workspaces/3ec8f6dd-1735-4479-9825-a2c42edac34c/logs/buy30727_lane_cc_main_2024_30.log
[buy30727] 2026-06-05T23:26:31.181Z spawned CC-MAIN-2024-26 pid=3564495 baseline_merchants=7 log=/paperclip/instances/default/workspaces/3ec8f6dd-1735-4479-9825-a2c42edac34c/logs/buy30727_lane_cc_main_2024_26.log
[buy30727] 2026-06-05T23:26:32.689Z spawned CC-MAIN-2024-22 pid=3564614 baseline_merchants=13 log=/paperclip/instances/default/workspaces/3ec8f6dd-1735-4479-9825-a2c42edac34c/logs/buy30727_lane_cc_main_2024_22.log
[buy30727] 2026-06-05T23:26:34.209Z spawned CC-MAIN-2024-18 pid=3564846 baseline_merchants=62 log=/paperclip/instances/default/workspaces/3ec8f6dd-1735-4479-9825-a2c42edac34c/logs/buy30727_lane_cc_main_2024_18.log
[buy30727] 2026-06-05T23:27:05.767Z worker CC-MAIN-2024-33 pid=3564237 saturated#221(elapsed=38s new_merchants=0 remaining=508 cooldown=240m)
[buy30727] 2026-06-05T23:27:05.775Z worker CC-MAIN-2024-30 pid=3564356 saturated#221(elapsed=36s new_merchants=0 remaining=424 cooldown=240m)
[buy30727] 2026-06-05T23:27:05.784Z worker CC-MAIN-2024-26 pid=3564495 saturated#221(elapsed=35s new_merchants=0 remaining=401 cooldown=240m)
[buy30727] 2026-06-05T23:27:05.807Z worker CC-MAIN-2024-22 pid=3564614 saturated#221(elapsed=33s new_merchants=0 remaining=868 cooldown=240m)
[buy30727] 2026-06-05T23:27:05.835Z worker CC-MAIN-2024-18 pid=3564846 saturated#221(elapsed=32s new_merchants=0 remaining=1033 cooldown=240m)
[buy30727] 2026-06-05T23:27:05.843Z spawned CC-MAIN-2024-10 pid=3570322 baseline_merchants=4 log=/paperclip/instances/default/workspaces/3ec8f6dd-1735-4479-9825-a2c42edac34c/logs/buy30727_lane_cc_main_2024_10.log
[buy30727] 2026-06-05T23:27:07.378Z spawned CC-MAIN-2023-50 pid=3570515 baseline_merchants=4 log=/paperclip/instances/default/workspaces/3ec8f6dd-1735-4479-9825-a2c42edac34c/logs/buy30727_lane_cc_main_2023_50.log
[buy30727] 2026-06-05T23:27:08.887Z spawned CC-MAIN-2023-14 pid=3570825 baseline_merchants=53 log=/paperclip/instances/default/workspaces/3ec8f6dd-1735-4479-9825-a2c42edac34c/logs/buy30727_lane_cc_main_2023_14.log
[buy30727] 2026-06-05T23:27:10.394Z spawned CC-MAIN-2023-06 pid=3571117 baseline_merchants=45 log=/paperclip/instances/default/workspaces/3ec8f6dd-1735-4479-9825-a2c42edac34c/logs/buy30727_lane_cc_main_2023_06.log
[buy30727] 2026-06-05T23:27:11.904Z spawned CC-MAIN-2022-49 pid=3571208 baseline_merchants=5 log=/paperclip/instances/default/workspaces/3ec8f6dd-1735-4479-9825-a2c42edac34c/logs/buy30727_lane_cc_main_2022_49.log
[buy30727] 2026-06-05T23:27:43.434Z worker CC-MAIN-2024-10 pid=3570322 saturated#221(elapsed=38s new_merchants=0 remaining=794 cooldown=240m)
[buy30727] 2026-06-05T23:27:43.438Z worker CC-MAIN-2023-50 pid=3570515 saturated#221(elapsed=36s new_merchants=0 remaining=378 cooldown=240m)
[buy30727] 2026-06-05T23:27:43.440Z worker CC-MAIN-2023-14 pid=3570825 saturated#221(elapsed=35s new_merchants=0 remaining=248 cooldown=240m)
[buy30727] 2026-06-05T23:27:43.444Z worker CC-MAIN-2023-06 pid=3571117 saturated#221(elapsed=33s new_merchants=0 remaining=318 cooldown=240m)
[buy30727] 2026-06-05T23:27:43.451Z worker CC-MAIN-2022-49 pid=3571208 saturated#221(elapsed=32s new_merchants=0 remaining=323 cooldown=240m)
[buy30727] 2026-06-05T23:27:43.453Z spawned CC-MAIN-2022-40 pid=3572715 baseline_merchants=3 log=/paperclip/instances/default/workspaces/3ec8f6dd-1735-4479-9825-a2c42edac34c/logs/buy30727_lane_cc_main_2022_40.log
[buy30727] 2026-06-05T23:27:44.963Z spawned CC-MAIN-2026-21 pid=3572743 baseline_merchants=853 log=/paperclip/instances/default/workspaces/3ec8f6dd-1735-4479-9825-a2c42edac34c/logs/buy30727_lane_cc_main_2026_21.log
[buy30727] 2026-06-05T23:27:46.471Z spawned CC-MAIN-2026-17 pid=3572855 baseline_merchants=7 log=/paperclip/instances/default/workspaces/3ec8f6dd-1735-4479-9825-a2c42edac34c/logs/buy30727_lane_cc_main_2026_17.log
[buy30727] 2026-06-05T23:27:47.993Z spawned CC-MAIN-2025-18 pid=3572968 baseline_merchants=72 log=/paperclip/instances/default/workspaces/3ec8f6dd-1735-4479-9825-a2c42edac34c/logs/buy30727_lane_cc_main_2025_18.log
[buy30727] 2026-06-05T23:27:49.517Z spawned CC-MAIN-2025-05 pid=3572991 baseline_merchants=7 log=/paperclip/instances/default/workspaces/3ec8f6dd-1735-4479-9825-a2c42edac34c/logs/buy30727_lane_cc_main_2025_05.log
[buy30727] 2026-06-05T23:28:21.056Z worker CC-MAIN-2022-40 pid=3572715 saturated#221(elapsed=38s new_merchants=0 remaining=295 cooldown=240m)
[buy30727] 2026-06-05T23:28:21.058Z worker CC-MAIN-2026-21 pid=3572743 saturated#221(elapsed=36s new_merchants=0 remaining=862 cooldown=240m)
[buy30727] 2026-06-05T23:28:21.068Z worker CC-MAIN-2026-17 pid=3572855 saturated#222(elapsed=35s new_merchants=0 remaining=3255 cooldown=240m)
[buy30727] 2026-06-05T23:28:21.086Z worker CC-MAIN-2025-18 pid=3572968 saturated#222(elapsed=33s new_merchants=0 remaining=2382 cooldown=240m)
[buy30727] 2026-06-05T23:28:21.092Z worker CC-MAIN-2025-05 pid=3572991 saturated#222(elapsed=32s new_merchants=0 remaining=625 cooldown=240m)
[buy30727] 2026-06-05T23:28:21.095Z spawned CC-MAIN-2025-47 pid=3573975 baseline_merchants=1421 log=/paperclip/instances/default/workspaces/3ec8f6dd-1735-4479-9825-a2c42edac34c/logs/buy30727_lane_cc_main_2025_47.log
[buy30727] 2026-06-05T23:28:22.625Z spawned CC-MAIN-2025-51 pid=3574003 baseline_merchants=236 log=/paperclip/instances/default/workspaces/3ec8f6dd-1735-4479-9825-a2c42edac34c/logs/buy30727_lane_cc_main_2025_51.log
[buy30727] 2026-06-05T23:28:24.152Z spawned CC-MAIN-2025-43 pid=3574058 baseline_merchants=88 log=/paperclip/instances/default/workspaces/3ec8f6dd-1735-4479-9825-a2c42edac34c/logs/buy30727_lane_cc_main_2025_43.log
[buy30727] 2026-06-05T23:28:25.674Z spawned CC-MAIN-2025-38 pid=3574141 baseline_merchants=28 log=/paperclip/instances/default/workspaces/3ec8f6dd-1735-4479-9825-a2c42edac34c/logs/buy30727_lane_cc_main_2025_38.log
[buy30727] 2026-06-05T23:28:27.191Z spawned CC-MAIN-2025-33 pid=3574185 baseline_merchants=13 log=/paperclip/instances/default/workspaces/3ec8f6dd-1735-4479-9825-a2c42edac34c/logs/buy30727_lane_cc_main_2025_33.log
[buy30727] 2026-06-05T23:28:58.753Z worker CC-MAIN-2025-47 pid=3573975 saturated#222(elapsed=38s new_merchants=0 remaining=2294 cooldown=240m)
[buy30727] 2026-06-05T23:28:58.769Z worker CC-MAIN-2025-51 pid=3574003 saturated#222(elapsed=36s new_merchants=0 remaining=2895 cooldown=240m)
[buy30727] 2026-06-05T23:28:58.781Z worker CC-MAIN-2025-43 pid=3574058 saturated#222(elapsed=35s new_merchants=0 remaining=1897 cooldown=240m)
[buy30727] 2026-06-05T23:28:58.793Z worker CC-MAIN-2025-38 pid=3574141 saturated#222(elapsed=33s new_merchants=0 remaining=1980 cooldown=240m)
[buy30727] 2026-06-05T23:28:58.809Z worker CC-MAIN-2025-33 pid=3574185 saturated#222(elapsed=32s new_merchants=0 remaining=2151 cooldown=240m)
[buy30727] 2026-06-05T23:28:58.813Z spawned CC-MAIN-2025-30 pid=3575285 baseline_merchants=136 log=/paperclip/instances/default/workspaces/3ec8f6dd-1735-4479-9825-a2c42edac34c/logs/buy30727_lane_cc_main_2025_30.log
[buy30727] 2026-06-05T23:29:00.335Z spawned CC-MAIN-2025-26 pid=3575394 baseline_merchants=18 log=/paperclip/instances/default/workspaces/3ec8f6dd-1735-4479-9825-a2c42edac34c/logs/buy30727_lane_cc_main_2025_26.log
[buy30727] 2026-06-05T23:29:01.845Z spawned CC-MAIN-2025-08 pid=3575546 baseline_merchants=7 log=/paperclip/instances/default/workspaces/3ec8f6dd-1735-4479-9825-a2c42edac34c/logs/buy30727_lane_cc_main_2025_08.log
[buy30727] 2026-06-05T23:29:03.353Z spawned CC-MAIN-2024-51 pid=3575568 baseline_merchants=427 log=/paperclip/instances/default/workspaces/3ec8f6dd-1735-4479-9825-a2c42edac34c/logs/buy30727_lane_cc_main_2024_51.log
[buy30727] 2026-06-05T23:29:04.870Z spawned CC-MAIN-2024-46 pid=3575590 baseline_merchants=92 log=/paperclip/instances/default/workspaces/3ec8f6dd-1735-4479-9825-a2c42edac34c/logs/buy30727_lane_cc_main_2024_46.log
[buy30727] 2026-06-05T23:29:36.438Z worker CC-MAIN-2025-30 pid=3575285 saturated#222(elapsed=38s new_merchants=0 remaining=2171 cooldown=240m)
[buy30727] 2026-06-05T23:29:36.443Z worker CC-MAIN-2025-26 pid=3575394 saturated#222(elapsed=36s new_merchants=0 remaining=744 cooldown=240m)
[buy30727] 2026-06-05T23:29:36.448Z worker CC-MAIN-2025-08 pid=3575546 saturated#222(elapsed=35s new_merchants=0 remaining=695 cooldown=240m)
[buy30727] 2026-06-05T23:29:36.463Z worker CC-MAIN-2024-51 pid=3575568 saturated#222(elapsed=33s new_merchants=0 remaining=1545 cooldown=240m)
[buy30727] 2026-06-05T23:29:36.487Z worker CC-MAIN-2024-46 pid=3575590 saturated#222(elapsed=32s new_merchants=0 remaining=1592 cooldown=240m)
[buy30727] 2026-06-05T23:29:36.492Z spawned CC-MAIN-2024-42 pid=3576420 baseline_merchants=91 log=/paperclip/instances/default/workspaces/3ec8f6dd-1735-4479-9825-a2c42edac34c/logs/buy30727_lane_cc_main_2024_42.log
[buy30727] 2026-06-05T23:29:38.018Z spawned CC-MAIN-2024-38 pid=3576503 baseline_merchants=36 log=/paperclip/instances/default/workspaces/3ec8f6dd-1735-4479-9825-a2c42edac34c/logs/buy30727_lane_cc_main_2024_38.log
[buy30727] 2026-06-05T23:29:39.528Z spawned CC-MAIN-2024-33 pid=3576524 baseline_merchants=88 log=/paperclip/instances/default/workspaces/3ec8f6dd-1735-4479-9825-a2c42edac34c/logs/buy30727_lane_cc_main_2024_33.log
[buy30727] 2026-06-05T23:29:41.036Z spawned CC-MAIN-2024-30 pid=3576552 baseline_merchants=17 log=/paperclip/instances/default/workspaces/3ec8f6dd-1735-4479-9825-a2c42edac34c/logs/buy30727_lane_cc_main_2024_30.log
[buy30727] 2026-06-05T23:29:42.545Z spawned CC-MAIN-2024-26 pid=3576587 baseline_merchants=7 log=/paperclip/instances/default/workspaces/3ec8f6dd-1735-4479-9825-a2c42edac34c/logs/buy30727_lane_cc_main_2024_26.log
[buy30727] 2026-06-05T23:30:14.096Z worker CC-MAIN-2024-42 pid=3576420 saturated#222(elapsed=38s new_merchants=0 remaining=1420 cooldown=240m)
[buy30727] 2026-06-05T23:30:14.100Z worker CC-MAIN-2024-38 pid=3576503 saturated#222(elapsed=36s new_merchants=0 remaining=581 cooldown=240m)
[buy30727] 2026-06-05T23:30:14.104Z worker CC-MAIN-2024-33 pid=3576524 saturated#222(elapsed=35s new_merchants=0 remaining=508 cooldown=240m)
[buy30727] 2026-06-05T23:30:14.107Z worker CC-MAIN-2024-30 pid=3576552 saturated#222(elapsed=33s new_merchants=0 remaining=424 cooldown=240m)
[buy30727] 2026-06-05T23:30:14.112Z worker CC-MAIN-2024-26 pid=3576587 saturated#222(elapsed=32s new_merchants=0 remaining=401 cooldown=240m)
[buy30727] 2026-06-05T23:30:14.115Z spawned CC-MAIN-2024-22 pid=3577894 baseline_merchants=13 log=/paperclip/instances/default/workspaces/3ec8f6dd-1735-4479-9825-a2c42edac34c/logs/buy30727_lane_cc_main_2024_22.log
[buy30727] 2026-06-05T23:30:15.632Z spawned CC-MAIN-2024-18 pid=3577941 baseline_merchants=62 log=/paperclip/instances/default/workspaces/3ec8f6dd-1735-4479-9825-a2c42edac34c/logs/buy30727_lane_cc_main_2024_18.log
[buy30727] 2026-06-05T23:30:17.156Z spawned CC-MAIN-2024-10 pid=3577966 baseline_merchants=4 log=/paperclip/instances/default/workspaces/3ec8f6dd-1735-4479-9825-a2c42edac34c/logs/buy30727_lane_cc_main_2024_10.log
[buy30727] 2026-06-05T23:30:18.673Z spawned CC-MAIN-2023-50 pid=3577991 baseline_merchants=4 log=/paperclip/instances/default/workspaces/3ec8f6dd-1735-4479-9825-a2c42edac34c/logs/buy30727_lane_cc_main_2023_50.log
[buy30727] 2026-06-05T23:30:20.181Z spawned CC-MAIN-2023-14 pid=3578042 baseline_merchants=53 log=/paperclip/instances/default/workspaces/3ec8f6dd-1735-4479-9825-a2c42edac34c/logs/buy30727_lane_cc_main_2023_14.log
[buy30727] 2026-06-05T23:30:21.730Z tick=260 active=5 drained=20 saturated=27 known_merchants=15747 status=[CC-MAIN-2024-22:868/34722, CC-MAIN-2024-18:1033/47884, CC-MAIN-2024-10:794/32287, CC-MAIN-2023-50:378/14186, CC-MAIN-2023-14:248/11465]
[buy30727] 2026-06-05T23:30:51.761Z worker CC-MAIN-2024-22 pid=3577894 saturated#222(elapsed=38s new_merchants=0 remaining=868 cooldown=240m)
[buy30727] 2026-06-05T23:30:51.778Z worker CC-MAIN-2024-18 pid=3577941 saturated#222(elapsed=36s new_merchants=0 remaining=1033 cooldown=240m)
[buy30727] 2026-06-05T23:30:51.789Z worker CC-MAIN-2024-10 pid=3577966 saturated#222(elapsed=35s new_merchants=0 remaining=794 cooldown=240m)
[buy30727] 2026-06-05T23:30:51.795Z worker CC-MAIN-2023-50 pid=3577991 saturated#222(elapsed=33s new_merchants=0 remaining=378 cooldown=240m)
[buy30727] 2026-06-05T23:30:51.797Z worker CC-MAIN-2023-14 pid=3578042 saturated#222(elapsed=32s new_merchants=0 remaining=248 cooldown=240m)
[buy30727] 2026-06-05T23:30:51.801Z spawned CC-MAIN-2023-06 pid=3580022 baseline_merchants=45 log=/paperclip/instances/default/workspaces/3ec8f6dd-1735-4479-9825-a2c42edac34c/logs/buy30727_lane_cc_main_2023_06.log
[buy30727] 2026-06-05T23:30:53.310Z spawned CC-MAIN-2022-49 pid=3580153 baseline_merchants=5 log=/paperclip/instances/default/workspaces/3ec8f6dd-1735-4479-9825-a2c42edac34c/logs/buy30727_lane_cc_main_2022_49.log
[buy30727] 2026-06-05T23:30:54.820Z spawned CC-MAIN-2022-40 pid=3580359 baseline_merchants=3 log=/paperclip/instances/default/workspaces/3ec8f6dd-1735-4479-9825-a2c42edac34c/logs/buy30727_lane_cc_main_2022_40.log
[buy30727] 2026-06-05T23:30:56.330Z spawned CC-MAIN-2026-21 pid=3580490 baseline_merchants=853 log=/paperclip/instances/default/workspaces/3ec8f6dd-1735-4479-9825-a2c42edac34c/logs/buy30727_lane_cc_main_2026_21.log
[buy30727] 2026-06-05T23:30:57.837Z spawned CC-MAIN-2026-17 pid=3580566 baseline_merchants=7 log=/paperclip/instances/default/workspaces/3ec8f6dd-1735-4479-9825-a2c42edac34c/logs/buy30727_lane_cc_main_2026_17.log
[buy30727] 2026-06-05T23:31:29.387Z worker CC-MAIN-2023-06 pid=3580022 saturated#222(elapsed=38s new_merchants=0 remaining=318 cooldown=240m)
[buy30727] 2026-06-05T23:31:29.394Z worker CC-MAIN-2022-49 pid=3580153 saturated#222(elapsed=36s new_merchants=0 remaining=323 cooldown=240m)
[buy30727] 2026-06-05T23:31:29.405Z worker CC-MAIN-2022-40 pid=3580359 saturated#222(elapsed=35s new_merchants=0 remaining=295 cooldown=240m)
[buy30727] 2026-06-05T23:31:29.413Z worker CC-MAIN-2026-21 pid=3580490 saturated#222(elapsed=33s new_merchants=0 remaining=862 cooldown=240m)
[buy30727] 2026-06-05T23:31:29.464Z worker CC-MAIN-2026-17 pid=3580566 saturated#223(elapsed=32s new_merchants=0 remaining=3255 cooldown=240m)
[buy30727] 2026-06-05T23:31:29.473Z spawned CC-MAIN-2025-18 pid=3584694 baseline_merchants=72 log=/paperclip/instances/default/workspaces/3ec8f6dd-1735-4479-9825-a2c42edac34c/logs/buy30727_lane_cc_main_2025_18.log
[buy30727] 2026-06-05T23:31:31.021Z spawned CC-MAIN-2025-05 pid=3584870 baseline_merchants=7 log=/paperclip/instances/default/workspaces/3ec8f6dd-1735-4479-9825-a2c42edac34c/logs/buy30727_lane_cc_main_2025_05.log
[buy30727] 2026-06-05T23:31:32.535Z spawned CC-MAIN-2025-47 pid=3585114 baseline_merchants=1421 log=/paperclip/instances/default/workspaces/3ec8f6dd-1735-4479-9825-a2c42edac34c/logs/buy30727_lane_cc_main_2025_47.log
[buy30727] 2026-06-05T23:31:34.052Z spawned CC-MAIN-2025-51 pid=3585443 baseline_merchants=236 log=/paperclip/instances/default/workspaces/3ec8f6dd-1735-4479-9825-a2c42edac34c/logs/buy30727_lane_cc_main_2025_51.log
[buy30727] 2026-06-05T23:31:35.570Z spawned CC-MAIN-2025-43 pid=3585733 baseline_merchants=88 log=/paperclip/instances/default/workspaces/3ec8f6dd-1735-4479-9825-a2c42edac34c/logs/buy30727_lane_cc_main_2025_43.log
[buy30727] 2026-06-05T23:32:07.110Z worker CC-MAIN-2025-18 pid=3584694 saturated#223(elapsed=38s new_merchants=0 remaining=2382 cooldown=240m)
[buy30727] 2026-06-05T23:32:07.113Z worker CC-MAIN-2025-05 pid=3584870 saturated#223(elapsed=36s new_merchants=0 remaining=625 cooldown=240m)
[buy30727] 2026-06-05T23:32:07.129Z worker CC-MAIN-2025-47 pid=3585114 saturated#223(elapsed=35s new_merchants=0 remaining=2294 cooldown=240m)
[buy30727] 2026-06-05T23:32:07.145Z worker CC-MAIN-2025-51 pid=3585443 saturated#223(elapsed=33s new_merchants=0 remaining=2895 cooldown=240m)
[buy30727] 2026-06-05T23:32:07.166Z worker CC-MAIN-2025-43 pid=3585733 saturated#223(elapsed=32s new_merchants=0 remaining=1897 cooldown=240m)
[buy30727] 2026-06-05T23:32:07.170Z spawned CC-MAIN-2025-38 pid=3588924 baseline_merchants=28 log=/paperclip/instances/default/workspaces/3ec8f6dd-1735-4479-9825-a2c42edac34c/logs/buy30727_lane_cc_main_2025_38.log
[buy30727] 2026-06-05T23:32:08.693Z spawned CC-MAIN-2025-33 pid=3588959 baseline_merchants=13 log=/paperclip/instances/default/workspaces/3ec8f6dd-1735-4479-9825-a2c42edac34c/logs/buy30727_lane_cc_main_2025_33.log
[buy30727] 2026-06-05T23:32:10.221Z spawned CC-MAIN-2025-30 pid=3589098 baseline_merchants=136 log=/paperclip/instances/default/workspaces/3ec8f6dd-1735-4479-9825-a2c42edac34c/logs/buy30727_lane_cc_main_2025_30.log
[buy30727] 2026-06-05T23:32:11.749Z spawned CC-MAIN-2025-26 pid=3589221 baseline_merchants=18 log=/paperclip/instances/default/workspaces/3ec8f6dd-1735-4479-9825-a2c42edac34c/logs/buy30727_lane_cc_main_2025_26.log
[buy30727] 2026-06-05T23:32:13.260Z spawned CC-MAIN-2025-08 pid=3589287 baseline_merchants=7 log=/paperclip/instances/default/workspaces/3ec8f6dd-1735-4479-9825-a2c42edac34c/logs/buy30727_lane_cc_main_2025_08.log
[buy30727] 2026-06-05T23:32:44.791Z worker CC-MAIN-2025-38 pid=3588924 saturated#223(elapsed=38s new_merchants=0 remaining=1980 cooldown=240m)
[buy30727] 2026-06-05T23:32:44.815Z worker CC-MAIN-2025-33 pid=3588959 saturated#223(elapsed=36s new_merchants=0 remaining=2151 cooldown=240m)
[buy30727] 2026-06-05T23:32:44.838Z worker CC-MAIN-2025-30 pid=3589098 saturated#223(elapsed=35s new_merchants=0 remaining=2171 cooldown=240m)
[buy30727] 2026-06-05T23:32:44.842Z worker CC-MAIN-2025-26 pid=3589221 saturated#223(elapsed=33s new_merchants=0 remaining=744 cooldown=240m)
[buy30727] 2026-06-05T23:32:44.847Z worker CC-MAIN-2025-08 pid=3589287 saturated#223(elapsed=32s new_merchants=0 remaining=695 cooldown=240m)
[buy30727] 2026-06-05T23:32:44.851Z spawned CC-MAIN-2024-51 pid=3590669 baseline_merchants=427 log=/paperclip/instances/default/workspaces/3ec8f6dd-1735-4479-9825-a2c42edac34c/logs/buy30727_lane_cc_main_2024_51.log
[buy30727] 2026-06-05T23:32:46.378Z spawned CC-MAIN-2024-46 pid=3590696 baseline_merchants=92 log=/paperclip/instances/default/workspaces/3ec8f6dd-1735-4479-9825-a2c42edac34c/logs/buy30727_lane_cc_main_2024_46.log
[buy30727] 2026-06-05T23:32:47.901Z spawned CC-MAIN-2024-42 pid=3590744 baseline_merchants=91 log=/paperclip/instances/default/workspaces/3ec8f6dd-1735-4479-9825-a2c42edac34c/logs/buy30727_lane_cc_main_2024_42.log
[buy30727] 2026-06-05T23:32:49.423Z spawned CC-MAIN-2024-38 pid=3590862 baseline_merchants=36 log=/paperclip/instances/default/workspaces/3ec8f6dd-1735-4479-9825-a2c42edac34c/logs/buy30727_lane_cc_main_2024_38.log
[buy30727] 2026-06-05T23:32:50.934Z spawned CC-MAIN-2024-33 pid=3590886 baseline_merchants=88 log=/paperclip/instances/default/workspaces/3ec8f6dd-1735-4479-9825-a2c42edac34c/logs/buy30727_lane_cc_main_2024_33.log
[buy30727] 2026-06-05T23:33:22.484Z worker CC-MAIN-2024-51 pid=3590669 saturated#223(elapsed=38s new_merchants=0 remaining=1545 cooldown=240m)
[buy30727] 2026-06-05T23:33:22.516Z worker CC-MAIN-2024-46 pid=3590696 saturated#223(elapsed=36s new_merchants=0 remaining=1592 cooldown=240m)
[buy30727] 2026-06-05T23:33:22.542Z worker CC-MAIN-2024-42 pid=3590744 saturated#223(elapsed=35s new_merchants=0 remaining=1420 cooldown=240m)
[buy30727] 2026-06-05T23:33:22.551Z worker CC-MAIN-2024-38 pid=3590862 saturated#223(elapsed=33s new_merchants=0 remaining=581 cooldown=240m)
[buy30727] 2026-06-05T23:33:22.554Z worker CC-MAIN-2024-33 pid=3590886 saturated#223(elapsed=32s new_merchants=0 remaining=508 cooldown=240m)
[buy30727] 2026-06-05T23:33:22.558Z spawned CC-MAIN-2024-30 pid=3591924 baseline_merchants=17 log=/paperclip/instances/default/workspaces/3ec8f6dd-1735-4479-9825-a2c42edac34c/logs/buy30727_lane_cc_main_2024_30.log
[buy30727] 2026-06-05T23:33:24.064Z spawned CC-MAIN-2024-26 pid=3592021 baseline_merchants=7 log=/paperclip/instances/default/workspaces/3ec8f6dd-1735-4479-9825-a2c42edac34c/logs/buy30727_lane_cc_main_2024_26.log
[buy30727] 2026-06-05T23:33:25.574Z spawned CC-MAIN-2024-22 pid=3592050 baseline_merchants=13 log=/paperclip/instances/default/workspaces/3ec8f6dd-1735-4479-9825-a2c42edac34c/logs/buy30727_lane_cc_main_2024_22.log
[buy30727] 2026-06-05T23:33:27.093Z spawned CC-MAIN-2024-18 pid=3592076 baseline_merchants=62 log=/paperclip/instances/default/workspaces/3ec8f6dd-1735-4479-9825-a2c42edac34c/logs/buy30727_lane_cc_main_2024_18.log
[buy30727] 2026-06-05T23:33:28.622Z spawned CC-MAIN-2024-10 pid=3592126 baseline_merchants=4 log=/paperclip/instances/default/workspaces/3ec8f6dd-1735-4479-9825-a2c42edac34c/logs/buy30727_lane_cc_main_2024_10.log
[buy30727] 2026-06-05T23:34:00.170Z worker CC-MAIN-2024-30 pid=3591924 saturated#223(elapsed=38s new_merchants=0 remaining=424 cooldown=240m)
[buy30727] 2026-06-05T23:34:00.174Z worker CC-MAIN-2024-26 pid=3592021 saturated#223(elapsed=36s new_merchants=0 remaining=401 cooldown=240m)
[buy30727] 2026-06-05T23:34:00.192Z worker CC-MAIN-2024-22 pid=3592050 saturated#223(elapsed=35s new_merchants=0 remaining=868 cooldown=240m)
[buy30727] 2026-06-05T23:34:00.216Z worker CC-MAIN-2024-18 pid=3592076 saturated#223(elapsed=33s new_merchants=0 remaining=1033 cooldown=240m)
[buy30727] 2026-06-05T23:34:00.234Z worker CC-MAIN-2024-10 pid=3592126 saturated#223(elapsed=32s new_merchants=0 remaining=794 cooldown=240m)
[buy30727] 2026-06-05T23:34:00.238Z spawned CC-MAIN-2023-50 pid=3593121 baseline_merchants=4 log=/paperclip/instances/default/workspaces/3ec8f6dd-1735-4479-9825-a2c42edac34c/logs/buy30727_lane_cc_main_2023_50.log
[buy30727] 2026-06-05T23:34:01.754Z spawned CC-MAIN-2023-14 pid=3593236 baseline_merchants=53 log=/paperclip/instances/default/workspaces/3ec8f6dd-1735-4479-9825-a2c42edac34c/logs/buy30727_lane_cc_main_2023_14.log
[buy30727] 2026-06-05T23:34:03.261Z spawned CC-MAIN-2023-06 pid=3593270 baseline_merchants=45 log=/paperclip/instances/default/workspaces/3ec8f6dd-1735-4479-9825-a2c42edac34c/logs/buy30727_lane_cc_main_2023_06.log
[buy30727] 2026-06-05T23:34:04.771Z spawned CC-MAIN-2022-49 pid=3593304 baseline_merchants=5 log=/paperclip/instances/default/workspaces/3ec8f6dd-1735-4479-9825-a2c42edac34c/logs/buy30727_lane_cc_main_2022_49.log
[buy30727] 2026-06-05T23:34:06.280Z spawned CC-MAIN-2022-40 pid=3593326 baseline_merchants=3 log=/paperclip/instances/default/workspaces/3ec8f6dd-1735-4479-9825-a2c42edac34c/logs/buy30727_lane_cc_main_2022_40.log
[buy30727] 2026-06-05T23:34:37.821Z worker CC-MAIN-2023-50 pid=3593121 saturated#223(elapsed=38s new_merchants=0 remaining=378 cooldown=240m)
[buy30727] 2026-06-05T23:34:37.823Z worker CC-MAIN-2023-14 pid=3593236 saturated#223(elapsed=36s new_merchants=0 remaining=248 cooldown=240m)
[buy30727] 2026-06-05T23:34:37.828Z worker CC-MAIN-2023-06 pid=3593270 saturated#223(elapsed=35s new_merchants=0 remaining=318 cooldown=240m)
[buy30727] 2026-06-05T23:34:37.832Z worker CC-MAIN-2022-49 pid=3593304 saturated#223(elapsed=33s new_merchants=0 remaining=323 cooldown=240m)
[buy30727] 2026-06-05T23:34:37.838Z worker CC-MAIN-2022-40 pid=3593326 saturated#223(elapsed=32s new_merchants=0 remaining=295 cooldown=240m)
[buy30727] 2026-06-05T23:34:37.841Z spawned CC-MAIN-2026-21 pid=3594115 baseline_merchants=853 log=/paperclip/instances/default/workspaces/3ec8f6dd-1735-4479-9825-a2c42edac34c/logs/buy30727_lane_cc_main_2026_21.log
[buy30727] 2026-06-05T23:34:39.347Z spawned CC-MAIN-2026-17 pid=3594140 baseline_merchants=7 log=/paperclip/instances/default/workspaces/3ec8f6dd-1735-4479-9825-a2c42edac34c/logs/buy30727_lane_cc_main_2026_17.log
[buy30727] 2026-06-05T23:34:40.868Z spawned CC-MAIN-2025-18 pid=3594253 baseline_merchants=72 log=/paperclip/instances/default/workspaces/3ec8f6dd-1735-4479-9825-a2c42edac34c/logs/buy30727_lane_cc_main_2025_18.log
[buy30727] 2026-06-05T23:34:42.390Z spawned CC-MAIN-2025-05 pid=3594285 baseline_merchants=7 log=/paperclip/instances/default/workspaces/3ec8f6dd-1735-4479-9825-a2c42edac34c/logs/buy30727_lane_cc_main_2025_05.log
[buy30727] 2026-06-05T23:34:43.899Z spawned CC-MAIN-2025-47 pid=3594323 baseline_merchants=1421 log=/paperclip/instances/default/workspaces/3ec8f6dd-1735-4479-9825-a2c42edac34c/logs/buy30727_lane_cc_main_2025_47.log
[buy30727] 2026-06-05T23:35:15.423Z worker CC-MAIN-2026-21 pid=3594115 saturated#223(elapsed=38s new_merchants=0 remaining=862 cooldown=240m)
[buy30727] 2026-06-05T23:35:15.432Z worker CC-MAIN-2026-17 pid=3594140 saturated#224(elapsed=36s new_merchants=0 remaining=3255 cooldown=240m)
[buy30727] 2026-06-05T23:35:15.450Z worker CC-MAIN-2025-18 pid=3594253 saturated#224(elapsed=35s new_merchants=0 remaining=2382 cooldown=240m)
[buy30727] 2026-06-05T23:35:15.456Z worker CC-MAIN-2025-05 pid=3594285 saturated#224(elapsed=33s new_merchants=0 remaining=625 cooldown=240m)
[buy30727] 2026-06-05T23:35:15.473Z worker CC-MAIN-2025-47 pid=3594323 saturated#224(elapsed=32s new_merchants=0 remaining=2294 cooldown=240m)
[buy30727] 2026-06-05T23:35:15.477Z spawned CC-MAIN-2025-51 pid=3595115 baseline_merchants=236 log=/paperclip/instances/default/workspaces/3ec8f6dd-1735-4479-9825-a2c42edac34c/logs/buy30727_lane_cc_main_2025_51.log
[buy30727] 2026-06-05T23:35:17.001Z spawned CC-MAIN-2025-43 pid=3595141 baseline_merchants=88 log=/paperclip/instances/default/workspaces/3ec8f6dd-1735-4479-9825-a2c42edac34c/logs/buy30727_lane_cc_main_2025_43.log
[buy30727] 2026-06-05T23:35:18.518Z spawned CC-MAIN-2025-38 pid=3595177 baseline_merchants=28 log=/paperclip/instances/default/workspaces/3ec8f6dd-1735-4479-9825-a2c42edac34c/logs/buy30727_lane_cc_main_2025_38.log
[buy30727] 2026-06-05T23:35:20.041Z spawned CC-MAIN-2025-33 pid=3595203 baseline_merchants=13 log=/paperclip/instances/default/workspaces/3ec8f6dd-1735-4479-9825-a2c42edac34c/logs/buy30727_lane_cc_main_2025_33.log
[buy30727] 2026-06-05T23:35:21.571Z spawned CC-MAIN-2025-30 pid=3595229 baseline_merchants=136 log=/paperclip/instances/default/workspaces/3ec8f6dd-1735-4479-9825-a2c42edac34c/logs/buy30727_lane_cc_main_2025_30.log
[buy30727] 2026-06-05T23:35:53.128Z worker CC-MAIN-2025-51 pid=3595115 saturated#224(elapsed=38s new_merchants=0 remaining=2895 cooldown=240m)
[buy30727] 2026-06-05T23:35:53.140Z worker CC-MAIN-2025-43 pid=3595141 saturated#224(elapsed=36s new_merchants=0 remaining=1897 cooldown=240m)
[buy30727] 2026-06-05T23:35:53.155Z worker CC-MAIN-2025-38 pid=3595177 saturated#224(elapsed=35s new_merchants=0 remaining=1980 cooldown=240m)
[buy30727] 2026-06-05T23:35:53.171Z worker CC-MAIN-2025-33 pid=3595203 saturated#224(elapsed=33s new_merchants=0 remaining=2151 cooldown=240m)
[buy30727] 2026-06-05T23:35:53.184Z worker CC-MAIN-2025-30 pid=3595229 saturated#224(elapsed=32s new_merchants=0 remaining=2171 cooldown=240m)
[buy30727] 2026-06-05T23:35:53.187Z spawned CC-MAIN-2025-26 pid=3597231 baseline_merchants=18 log=/paperclip/instances/default/workspaces/3ec8f6dd-1735-4479-9825-a2c42edac34c/logs/buy30727_lane_cc_main_2025_26.log
[buy30727] 2026-06-05T23:35:54.696Z spawned CC-MAIN-2025-08 pid=3597258 baseline_merchants=7 log=/paperclip/instances/default/workspaces/3ec8f6dd-1735-4479-9825-a2c42edac34c/logs/buy30727_lane_cc_main_2025_08.log
[buy30727] 2026-06-05T23:35:56.206Z spawned CC-MAIN-2024-51 pid=3597280 baseline_merchants=427 log=/paperclip/instances/default/workspaces/3ec8f6dd-1735-4479-9825-a2c42edac34c/logs/buy30727_lane_cc_main_2024_51.log
[buy30727] 2026-06-05T23:35:57.724Z spawned CC-MAIN-2024-46 pid=3597533 baseline_merchants=92 log=/paperclip/instances/default/workspaces/3ec8f6dd-1735-4479-9825-a2c42edac34c/logs/buy30727_lane_cc_main_2024_46.log
[buy30727] 2026-06-05T23:35:59.247Z spawned CC-MAIN-2024-42 pid=3597692 baseline_merchants=91 log=/paperclip/instances/default/workspaces/3ec8f6dd-1735-4479-9825-a2c42edac34c/logs/buy30727_lane_cc_main_2024_42.log
[buy30727] 2026-06-05T23:36:30.801Z worker CC-MAIN-2025-26 pid=3597231 saturated#224(elapsed=38s new_merchants=0 remaining=744 cooldown=240m)
[buy30727] 2026-06-05T23:36:30.804Z worker CC-MAIN-2025-08 pid=3597258 saturated#224(elapsed=36s new_merchants=0 remaining=695 cooldown=240m)
[buy30727] 2026-06-05T23:36:30.824Z worker CC-MAIN-2024-51 pid=3597280 saturated#224(elapsed=35s new_merchants=0 remaining=1545 cooldown=240m)
[buy30727] 2026-06-05T23:36:30.844Z worker CC-MAIN-2024-46 pid=3597533 saturated#224(elapsed=33s new_merchants=0 remaining=1592 cooldown=240m)
[buy30727] 2026-06-05T23:36:30.862Z worker CC-MAIN-2024-42 pid=3597692 saturated#224(elapsed=32s new_merchants=0 remaining=1420 cooldown=240m)
[buy30727] 2026-06-05T23:36:30.865Z spawned CC-MAIN-2024-38 pid=3601487 baseline_merchants=36 log=/paperclip/instances/default/workspaces/3ec8f6dd-1735-4479-9825-a2c42edac34c/logs/buy30727_lane_cc_main_2024_38.log
[buy30727] 2026-06-05T23:36:32.376Z spawned CC-MAIN-2024-33 pid=3601666 baseline_merchants=88 log=/paperclip/instances/default/workspaces/3ec8f6dd-1735-4479-9825-a2c42edac34c/logs/buy30727_lane_cc_main_2024_33.log
[buy30727] 2026-06-05T23:36:33.885Z spawned CC-MAIN-2024-30 pid=3601817 baseline_merchants=17 log=/paperclip/instances/default/workspaces/3ec8f6dd-1735-4479-9825-a2c42edac34c/logs/buy30727_lane_cc_main_2024_30.log
[buy30727] 2026-06-05T23:36:35.394Z spawned CC-MAIN-2024-26 pid=3602006 baseline_merchants=7 log=/paperclip/instances/default/workspaces/3ec8f6dd-1735-4479-9825-a2c42edac34c/logs/buy30727_lane_cc_main_2024_26.log
[buy30727] 2026-06-05T23:36:36.903Z spawned CC-MAIN-2024-22 pid=3602254 baseline_merchants=13 log=/paperclip/instances/default/workspaces/3ec8f6dd-1735-4479-9825-a2c42edac34c/logs/buy30727_lane_cc_main_2024_22.log
[buy30727] 2026-06-05T23:36:38.439Z tick=270 active=5 drained=20 saturated=27 known_merchants=15747 status=[CC-MAIN-2024-38:581/19211, CC-MAIN-2024-33:508/16923, CC-MAIN-2024-30:424/13139, CC-MAIN-2024-26:401/13353, CC-MAIN-2024-22:868/34722]
[buy30727] 2026-06-05T23:37:08.460Z worker CC-MAIN-2024-38 pid=3601487 saturated#224(elapsed=38s new_merchants=0 remaining=581 cooldown=240m)
[buy30727] 2026-06-05T23:37:08.464Z worker CC-MAIN-2024-33 pid=3601666 saturated#224(elapsed=36s new_merchants=0 remaining=508 cooldown=240m)
[buy30727] 2026-06-05T23:37:08.467Z worker CC-MAIN-2024-30 pid=3601817 saturated#224(elapsed=35s new_merchants=0 remaining=424 cooldown=240m)
[buy30727] 2026-06-05T23:37:08.470Z worker CC-MAIN-2024-26 pid=3602006 saturated#224(elapsed=33s new_merchants=0 remaining=401 cooldown=240m)
[buy30727] 2026-06-05T23:37:08.480Z worker CC-MAIN-2024-22 pid=3602254 saturated#224(elapsed=32s new_merchants=0 remaining=868 cooldown=240m)
[buy30727] 2026-06-05T23:37:08.484Z spawned CC-MAIN-2024-18 pid=3605310 baseline_merchants=62 log=/paperclip/instances/default/workspaces/3ec8f6dd-1735-4479-9825-a2c42edac34c/logs/buy30727_lane_cc_main_2024_18.log
[buy30727] 2026-06-05T23:37:10.008Z spawned CC-MAIN-2024-10 pid=3605364 baseline_merchants=4 log=/paperclip/instances/default/workspaces/3ec8f6dd-1735-4479-9825-a2c42edac34c/logs/buy30727_lane_cc_main_2024_10.log
[buy30727] 2026-06-05T23:37:11.527Z spawned CC-MAIN-2023-50 pid=3605411 baseline_merchants=4 log=/paperclip/instances/default/workspaces/3ec8f6dd-1735-4479-9825-a2c42edac34c/logs/buy30727_lane_cc_main_2023_50.log
[buy30727] 2026-06-05T23:37:13.034Z spawned CC-MAIN-2023-14 pid=3605509 baseline_merchants=53 log=/paperclip/instances/default/workspaces/3ec8f6dd-1735-4479-9825-a2c42edac34c/logs/buy30727_lane_cc_main_2023_14.log
[buy30727] 2026-06-05T23:37:14.542Z spawned CC-MAIN-2023-06 pid=3605556 baseline_merchants=45 log=/paperclip/instances/default/workspaces/3ec8f6dd-1735-4479-9825-a2c42edac34c/logs/buy30727_lane_cc_main_2023_06.log
[buy30727] 2026-06-05T23:37:46.114Z worker CC-MAIN-2024-18 pid=3605310 saturated#224(elapsed=38s new_merchants=0 remaining=1033 cooldown=240m)
[buy30727] 2026-06-05T23:37:46.125Z worker CC-MAIN-2024-10 pid=3605364 saturated#224(elapsed=36s new_merchants=0 remaining=794 cooldown=240m)
[buy30727] 2026-06-05T23:37:46.130Z worker CC-MAIN-2023-50 pid=3605411 saturated#224(elapsed=35s new_merchants=0 remaining=378 cooldown=240m)
[buy30727] 2026-06-05T23:37:46.133Z worker CC-MAIN-2023-14 pid=3605509 saturated#224(elapsed=33s new_merchants=0 remaining=248 cooldown=240m)
[buy30727] 2026-06-05T23:37:46.151Z worker CC-MAIN-2023-06 pid=3605556 saturated#224(elapsed=32s new_merchants=0 remaining=318 cooldown=240m)
[buy30727] 2026-06-05T23:37:46.171Z spawned CC-MAIN-2022-49 pid=3606824 baseline_merchants=5 log=/paperclip/instances/default/workspaces/3ec8f6dd-1735-4479-9825-a2c42edac34c/logs/buy30727_lane_cc_main_2022_49.log
[buy30727] 2026-06-05T23:37:47.701Z spawned CC-MAIN-2022-40 pid=3606853 baseline_merchants=3 log=/paperclip/instances/default/workspaces/3ec8f6dd-1735-4479-9825-a2c42edac34c/logs/buy30727_lane_cc_main_2022_40.log
[buy30727] 2026-06-05T23:37:49.230Z spawned CC-MAIN-2026-21 pid=3606883 baseline_merchants=853 log=/paperclip/instances/default/workspaces/3ec8f6dd-1735-4479-9825-a2c42edac34c/logs/buy30727_lane_cc_main_2026_21.log
[buy30727] 2026-06-05T23:37:50.763Z spawned CC-MAIN-2026-17 pid=3606948 baseline_merchants=7 log=/paperclip/instances/default/workspaces/3ec8f6dd-1735-4479-9825-a2c42edac34c/logs/buy30727_lane_cc_main_2026_17.log
[buy30727] 2026-06-05T23:37:52.324Z spawned CC-MAIN-2025-18 pid=3607043 baseline_merchants=72 log=/paperclip/instances/default/workspaces/3ec8f6dd-1735-4479-9825-a2c42edac34c/logs/buy30727_lane_cc_main_2025_18.log
[buy30727] 2026-06-05T23:38:23.902Z worker CC-MAIN-2022-49 pid=3606824 saturated#224(elapsed=38s new_merchants=0 remaining=323 cooldown=240m)
[buy30727] 2026-06-05T23:38:23.906Z worker CC-MAIN-2022-40 pid=3606853 saturated#224(elapsed=36s new_merchants=0 remaining=295 cooldown=240m)
[buy30727] 2026-06-05T23:38:23.908Z worker CC-MAIN-2026-21 pid=3606883 saturated#224(elapsed=35s new_merchants=0 remaining=862 cooldown=240m)
[buy30727] 2026-06-05T23:38:23.920Z worker CC-MAIN-2026-17 pid=3606948 saturated#225(elapsed=33s new_merchants=0 remaining=3255 cooldown=240m)
[buy30727] 2026-06-05T23:38:23.942Z worker CC-MAIN-2025-18 pid=3607043 saturated#225(elapsed=32s new_merchants=0 remaining=2382 cooldown=240m)
[buy30727] 2026-06-05T23:38:23.946Z spawned CC-MAIN-2025-05 pid=3608523 baseline_merchants=7 log=/paperclip/instances/default/workspaces/3ec8f6dd-1735-4479-9825-a2c42edac34c/logs/buy30727_lane_cc_main_2025_05.log
[buy30727] 2026-06-05T23:38:25.460Z spawned CC-MAIN-2025-47 pid=3608582 baseline_merchants=1421 log=/paperclip/instances/default/workspaces/3ec8f6dd-1735-4479-9825-a2c42edac34c/logs/buy30727_lane_cc_main_2025_47.log
[buy30727] 2026-06-05T23:38:26.982Z spawned CC-MAIN-2025-51 pid=3608796 baseline_merchants=236 log=/paperclip/instances/default/workspaces/3ec8f6dd-1735-4479-9825-a2c42edac34c/logs/buy30727_lane_cc_main_2025_51.log
[buy30727] 2026-06-05T23:38:28.506Z spawned CC-MAIN-2025-43 pid=3608883 baseline_merchants=88 log=/paperclip/instances/default/workspaces/3ec8f6dd-1735-4479-9825-a2c42edac34c/logs/buy30727_lane_cc_main_2025_43.log
[buy30727] 2026-06-05T23:38:30.027Z spawned CC-MAIN-2025-38 pid=3608911 baseline_merchants=28 log=/paperclip/instances/default/workspaces/3ec8f6dd-1735-4479-9825-a2c42edac34c/logs/buy30727_lane_cc_main_2025_38.log
[buy30727] 2026-06-05T23:39:01.583Z worker CC-MAIN-2025-05 pid=3608523 saturated#225(elapsed=38s new_merchants=0 remaining=625 cooldown=240m)
[buy30727] 2026-06-05T23:39:01.605Z worker CC-MAIN-2025-47 pid=3608582 saturated#225(elapsed=36s new_merchants=0 remaining=2294 cooldown=240m)
[buy30727] 2026-06-05T23:39:01.624Z worker CC-MAIN-2025-51 pid=3608796 saturated#225(elapsed=35s new_merchants=0 remaining=2895 cooldown=240m)
[buy30727] 2026-06-05T23:39:01.647Z worker CC-MAIN-2025-43 pid=3608883 saturated#225(elapsed=33s new_merchants=0 remaining=1897 cooldown=240m)
[buy30727] 2026-06-05T23:39:01.676Z worker CC-MAIN-2025-38 pid=3608911 saturated#225(elapsed=32s new_merchants=0 remaining=1980 cooldown=240m)
[buy30727] 2026-06-05T23:39:01.679Z spawned CC-MAIN-2025-33 pid=3610548 baseline_merchants=13 log=/paperclip/instances/default/workspaces/3ec8f6dd-1735-4479-9825-a2c42edac34c/logs/buy30727_lane_cc_main_2025_33.log
[buy30727] 2026-06-05T23:39:03.197Z spawned CC-MAIN-2025-30 pid=3610575 baseline_merchants=136 log=/paperclip/instances/default/workspaces/3ec8f6dd-1735-4479-9825-a2c42edac34c/logs/buy30727_lane_cc_main_2025_30.log
[buy30727] 2026-06-05T23:39:04.715Z spawned CC-MAIN-2025-26 pid=3610601 baseline_merchants=18 log=/paperclip/instances/default/workspaces/3ec8f6dd-1735-4479-9825-a2c42edac34c/logs/buy30727_lane_cc_main_2025_26.log
[buy30727] 2026-06-05T23:39:06.225Z spawned CC-MAIN-2025-08 pid=3610625 baseline_merchants=7 log=/paperclip/instances/default/workspaces/3ec8f6dd-1735-4479-9825-a2c42edac34c/logs/buy30727_lane_cc_main_2025_08.log
[buy30727] 2026-06-05T23:39:07.734Z spawned CC-MAIN-2024-51 pid=3610652 baseline_merchants=427 log=/paperclip/instances/default/workspaces/3ec8f6dd-1735-4479-9825-a2c42edac34c/logs/buy30727_lane_cc_main_2024_51.log
[buy30727] 2026-06-05T23:39:39.310Z worker CC-MAIN-2025-33 pid=3610548 saturated#225(elapsed=38s new_merchants=0 remaining=2151 cooldown=240m)
[buy30727] 2026-06-05T23:39:39.343Z worker CC-MAIN-2025-30 pid=3610575 saturated#225(elapsed=36s new_merchants=0 remaining=2171 cooldown=240m)
[buy30727] 2026-06-05T23:39:39.350Z worker CC-MAIN-2025-26 pid=3610601 saturated#225(elapsed=35s new_merchants=0 remaining=744 cooldown=240m)
[buy30727] 2026-06-05T23:39:39.358Z worker CC-MAIN-2025-08 pid=3610625 saturated#225(elapsed=33s new_merchants=0 remaining=695 cooldown=240m)
[buy30727] 2026-06-05T23:39:39.392Z worker CC-MAIN-2024-51 pid=3610652 saturated#225(elapsed=32s new_merchants=0 remaining=1545 cooldown=240m)
[buy30727] 2026-06-05T23:39:39.396Z spawned CC-MAIN-2024-46 pid=3611565 baseline_merchants=92 log=/paperclip/instances/default/workspaces/3ec8f6dd-1735-4479-9825-a2c42edac34c/logs/buy30727_lane_cc_main_2024_46.log
[buy30727] 2026-06-05T23:39:40.925Z spawned CC-MAIN-2024-42 pid=3611591 baseline_merchants=91 log=/paperclip/instances/default/workspaces/3ec8f6dd-1735-4479-9825-a2c42edac34c/logs/buy30727_lane_cc_main_2024_42.log
[buy30727] 2026-06-05T23:39:42.447Z spawned CC-MAIN-2024-38 pid=3611621 baseline_merchants=36 log=/paperclip/instances/default/workspaces/3ec8f6dd-1735-4479-9825-a2c42edac34c/logs/buy30727_lane_cc_main_2024_38.log
[buy30727] 2026-06-05T23:39:43.958Z spawned CC-MAIN-2024-33 pid=3611764 baseline_merchants=88 log=/paperclip/instances/default/workspaces/3ec8f6dd-1735-4479-9825-a2c42edac34c/logs/buy30727_lane_cc_main_2024_33.log
[buy30727] 2026-06-05T23:39:45.466Z spawned CC-MAIN-2024-30 pid=3611789 baseline_merchants=17 log=/paperclip/instances/default/workspaces/3ec8f6dd-1735-4479-9825-a2c42edac34c/logs/buy30727_lane_cc_main_2024_30.log
[buy30727] 2026-06-05T23:40:17.029Z worker CC-MAIN-2024-46 pid=3611565 saturated#225(elapsed=38s new_merchants=0 remaining=1592 cooldown=240m)
[buy30727] 2026-06-05T23:40:17.054Z worker CC-MAIN-2024-42 pid=3611591 saturated#225(elapsed=36s new_merchants=0 remaining=1420 cooldown=240m)
[buy30727] 2026-06-05T23:40:17.061Z worker CC-MAIN-2024-38 pid=3611621 saturated#225(elapsed=35s new_merchants=0 remaining=581 cooldown=240m)
[buy30727] 2026-06-05T23:40:17.065Z worker CC-MAIN-2024-33 pid=3611764 saturated#225(elapsed=33s new_merchants=0 remaining=508 cooldown=240m)
[buy30727] 2026-06-05T23:40:17.069Z worker CC-MAIN-2024-30 pid=3611789 saturated#225(elapsed=32s new_merchants=0 remaining=424 cooldown=240m)
[buy30727] 2026-06-05T23:40:17.073Z spawned CC-MAIN-2024-26 pid=3612971 baseline_merchants=7 log=/paperclip/instances/default/workspaces/3ec8f6dd-1735-4479-9825-a2c42edac34c/logs/buy30727_lane_cc_main_2024_26.log
[buy30727] 2026-06-05T23:40:18.587Z spawned CC-MAIN-2024-22 pid=3613003 baseline_merchants=13 log=/paperclip/instances/default/workspaces/3ec8f6dd-1735-4479-9825-a2c42edac34c/logs/buy30727_lane_cc_main_2024_22.log
[buy30727] 2026-06-05T23:40:20.107Z spawned CC-MAIN-2024-18 pid=3613108 baseline_merchants=62 log=/paperclip/instances/default/workspaces/3ec8f6dd-1735-4479-9825-a2c42edac34c/logs/buy30727_lane_cc_main_2024_18.log
[buy30727] 2026-06-05T23:40:21.633Z spawned CC-MAIN-2024-10 pid=3613140 baseline_merchants=4 log=/paperclip/instances/default/workspaces/3ec8f6dd-1735-4479-9825-a2c42edac34c/logs/buy30727_lane_cc_main_2024_10.log
[buy30727] 2026-06-05T23:40:23.148Z spawned CC-MAIN-2023-50 pid=3613167 baseline_merchants=4 log=/paperclip/instances/default/workspaces/3ec8f6dd-1735-4479-9825-a2c42edac34c/logs/buy30727_lane_cc_main_2023_50.log
[buy30727] 2026-06-05T23:40:54.691Z worker CC-MAIN-2024-26 pid=3612971 saturated#225(elapsed=38s new_merchants=0 remaining=401 cooldown=240m)
[buy30727] 2026-06-05T23:40:54.708Z worker CC-MAIN-2024-22 pid=3613003 saturated#225(elapsed=36s new_merchants=0 remaining=868 cooldown=240m)
[buy30727] 2026-06-05T23:40:54.732Z worker CC-MAIN-2024-18 pid=3613108 saturated#225(elapsed=35s new_merchants=0 remaining=1033 cooldown=240m)
[buy30727] 2026-06-05T23:40:54.747Z worker CC-MAIN-2024-10 pid=3613140 saturated#225(elapsed=33s new_merchants=0 remaining=794 cooldown=240m)
[buy30727] 2026-06-05T23:40:54.756Z worker CC-MAIN-2023-50 pid=3613167 saturated#225(elapsed=32s new_merchants=0 remaining=378 cooldown=240m)
[buy30727] 2026-06-05T23:40:54.761Z spawned CC-MAIN-2023-14 pid=3615518 baseline_merchants=53 log=/paperclip/instances/default/workspaces/3ec8f6dd-1735-4479-9825-a2c42edac34c/logs/buy30727_lane_cc_main_2023_14.log
[buy30727] 2026-06-05T23:40:56.269Z spawned CC-MAIN-2023-06 pid=3615547 baseline_merchants=45 log=/paperclip/instances/default/workspaces/3ec8f6dd-1735-4479-9825-a2c42edac34c/logs/buy30727_lane_cc_main_2023_06.log
[buy30727] 2026-06-05T23:40:57.781Z spawned CC-MAIN-2022-49 pid=3615716 baseline_merchants=5 log=/paperclip/instances/default/workspaces/3ec8f6dd-1735-4479-9825-a2c42edac34c/logs/buy30727_lane_cc_main_2022_49.log
[buy30727] 2026-06-05T23:40:59.293Z spawned CC-MAIN-2022-40 pid=3615946 baseline_merchants=3 log=/paperclip/instances/default/workspaces/3ec8f6dd-1735-4479-9825-a2c42edac34c/logs/buy30727_lane_cc_main_2022_40.log
[buy30727] 2026-06-05T23:41:00.806Z spawned CC-MAIN-2026-21 pid=3616102 baseline_merchants=853 log=/paperclip/instances/default/workspaces/3ec8f6dd-1735-4479-9825-a2c42edac34c/logs/buy30727_lane_cc_main_2026_21.log
[buy30727] 2026-06-05T23:41:32.346Z worker CC-MAIN-2023-14 pid=3615518 saturated#225(elapsed=38s new_merchants=0 remaining=248 cooldown=240m)
[buy30727] 2026-06-05T23:41:32.353Z worker CC-MAIN-2023-06 pid=3615547 saturated#225(elapsed=36s new_merchants=0 remaining=318 cooldown=240m)
[buy30727] 2026-06-05T23:41:32.358Z worker CC-MAIN-2022-49 pid=3615716 saturated#225(elapsed=35s new_merchants=0 remaining=323 cooldown=240m)
[buy30727] 2026-06-05T23:41:32.363Z worker CC-MAIN-2022-40 pid=3615946 saturated#225(elapsed=33s new_merchants=0 remaining=295 cooldown=240m)
[buy30727] 2026-06-05T23:41:32.367Z worker CC-MAIN-2026-21 pid=3616102 saturated#225(elapsed=32s new_merchants=0 remaining=862 cooldown=240m)
[buy30727] 2026-06-05T23:41:32.376Z spawned CC-MAIN-2026-17 pid=3620719 baseline_merchants=7 log=/paperclip/instances/default/workspaces/3ec8f6dd-1735-4479-9825-a2c42edac34c/logs/buy30727_lane_cc_main_2026_17.log
[buy30727] 2026-06-05T23:41:33.903Z spawned CC-MAIN-2025-18 pid=3621042 baseline_merchants=72 log=/paperclip/instances/default/workspaces/3ec8f6dd-1735-4479-9825-a2c42edac34c/logs/buy30727_lane_cc_main_2025_18.log
[buy30727] 2026-06-05T23:41:35.443Z spawned CC-MAIN-2025-05 pid=3621434 baseline_merchants=7 log=/paperclip/instances/default/workspaces/3ec8f6dd-1735-4479-9825-a2c42edac34c/logs/buy30727_lane_cc_main_2025_05.log
[buy30727] 2026-06-05T23:41:36.971Z spawned CC-MAIN-2025-47 pid=3621732 baseline_merchants=1421 log=/paperclip/instances/default/workspaces/3ec8f6dd-1735-4479-9825-a2c42edac34c/logs/buy30727_lane_cc_main_2025_47.log
[buy30727] 2026-06-05T23:41:38.537Z spawned CC-MAIN-2025-51 pid=3621910 baseline_merchants=236 log=/paperclip/instances/default/workspaces/3ec8f6dd-1735-4479-9825-a2c42edac34c/logs/buy30727_lane_cc_main_2025_51.log
[buy30727] 2026-06-05T23:42:10.121Z worker CC-MAIN-2026-17 pid=3620719 saturated#226(elapsed=38s new_merchants=0 remaining=3255 cooldown=240m)
[buy30727] 2026-06-05T23:42:10.151Z worker CC-MAIN-2025-18 pid=3621042 saturated#226(elapsed=36s new_merchants=0 remaining=2382 cooldown=240m)
[buy30727] 2026-06-05T23:42:10.163Z worker CC-MAIN-2025-05 pid=3621434 saturated#226(elapsed=35s new_merchants=0 remaining=625 cooldown=240m)
[buy30727] 2026-06-05T23:42:10.197Z worker CC-MAIN-2025-47 pid=3621732 saturated#226(elapsed=33s new_merchants=0 remaining=2294 cooldown=240m)
[buy30727] 2026-06-05T23:42:10.267Z worker CC-MAIN-2025-51 pid=3621910 saturated#226(elapsed=32s new_merchants=0 remaining=2895 cooldown=240m)
[buy30727] 2026-06-05T23:42:10.272Z spawned CC-MAIN-2025-43 pid=3626778 baseline_merchants=88 log=/paperclip/instances/default/workspaces/3ec8f6dd-1735-4479-9825-a2c42edac34c/logs/buy30727_lane_cc_main_2025_43.log
[buy30727] 2026-06-05T23:42:11.800Z spawned CC-MAIN-2025-38 pid=3626879 baseline_merchants=28 log=/paperclip/instances/default/workspaces/3ec8f6dd-1735-4479-9825-a2c42edac34c/logs/buy30727_lane_cc_main_2025_38.log
[buy30727] 2026-06-05T23:42:13.362Z spawned CC-MAIN-2025-33 pid=3626924 baseline_merchants=13 log=/paperclip/instances/default/workspaces/3ec8f6dd-1735-4479-9825-a2c42edac34c/logs/buy30727_lane_cc_main_2025_33.log
[buy30727] 2026-06-05T23:42:14.924Z spawned CC-MAIN-2025-30 pid=3627020 baseline_merchants=136 log=/paperclip/instances/default/workspaces/3ec8f6dd-1735-4479-9825-a2c42edac34c/logs/buy30727_lane_cc_main_2025_30.log
[buy30727] 2026-06-05T23:42:16.492Z spawned CC-MAIN-2025-26 pid=3627096 baseline_merchants=18 log=/paperclip/instances/default/workspaces/3ec8f6dd-1735-4479-9825-a2c42edac34c/logs/buy30727_lane_cc_main_2025_26.log
[buy30727] 2026-06-05T23:42:48.056Z worker CC-MAIN-2025-43 pid=3626778 saturated#226(elapsed=38s new_merchants=0 remaining=1897 cooldown=240m)
[buy30727] 2026-06-05T23:42:48.082Z worker CC-MAIN-2025-38 pid=3626879 saturated#226(elapsed=36s new_merchants=0 remaining=1980 cooldown=240m)
[buy30727] 2026-06-05T23:42:48.107Z worker CC-MAIN-2025-33 pid=3626924 saturated#226(elapsed=35s new_merchants=0 remaining=2151 cooldown=240m)
[buy30727] 2026-06-05T23:42:48.128Z worker CC-MAIN-2025-30 pid=3627020 saturated#226(elapsed=33s new_merchants=0 remaining=2171 cooldown=240m)
[buy30727] 2026-06-05T23:42:48.131Z worker CC-MAIN-2025-26 pid=3627096 saturated#226(elapsed=32s new_merchants=0 remaining=744 cooldown=240m)
[buy30727] 2026-06-05T23:42:48.135Z spawned CC-MAIN-2025-08 pid=3628983 baseline_merchants=7 log=/paperclip/instances/default/workspaces/3ec8f6dd-1735-4479-9825-a2c42edac34c/logs/buy30727_lane_cc_main_2025_08.log
[buy30727] 2026-06-05T23:42:49.643Z spawned CC-MAIN-2024-51 pid=3629115 baseline_merchants=427 log=/paperclip/instances/default/workspaces/3ec8f6dd-1735-4479-9825-a2c42edac34c/logs/buy30727_lane_cc_main_2024_51.log
[buy30727] 2026-06-05T23:42:51.163Z spawned CC-MAIN-2024-46 pid=3629205 baseline_merchants=92 log=/paperclip/instances/default/workspaces/3ec8f6dd-1735-4479-9825-a2c42edac34c/logs/buy30727_lane_cc_main_2024_46.log
[buy30727] 2026-06-05T23:42:52.691Z spawned CC-MAIN-2024-42 pid=3629234 baseline_merchants=91 log=/paperclip/instances/default/workspaces/3ec8f6dd-1735-4479-9825-a2c42edac34c/logs/buy30727_lane_cc_main_2024_42.log
[buy30727] 2026-06-05T23:42:54.225Z spawned CC-MAIN-2024-38 pid=3629301 baseline_merchants=36 log=/paperclip/instances/default/workspaces/3ec8f6dd-1735-4479-9825-a2c42edac34c/logs/buy30727_lane_cc_main_2024_38.log
[buy30727] 2026-06-05T23:42:55.872Z tick=280 active=5 drained=20 saturated=27 known_merchants=15747 status=[CC-MAIN-2025-08:695/16394, CC-MAIN-2024-51:1545/44052, CC-MAIN-2024-46:1592/59556, CC-MAIN-2024-42:1420/56668, CC-MAIN-2024-38:581/19211]
[buy30727] 2026-06-05T23:43:25.900Z worker CC-MAIN-2025-08 pid=3628983 saturated#226(elapsed=38s new_merchants=0 remaining=695 cooldown=240m)
[buy30727] 2026-06-05T23:43:25.917Z worker CC-MAIN-2024-51 pid=3629115 saturated#226(elapsed=36s new_merchants=0 remaining=1545 cooldown=240m)
[buy30727] 2026-06-05T23:43:25.944Z worker CC-MAIN-2024-46 pid=3629205 saturated#226(elapsed=35s new_merchants=0 remaining=1592 cooldown=240m)
[buy30727] 2026-06-05T23:43:25.973Z worker CC-MAIN-2024-42 pid=3629234 saturated#226(elapsed=33s new_merchants=0 remaining=1420 cooldown=240m)
[buy30727] 2026-06-05T23:43:25.977Z worker CC-MAIN-2024-38 pid=3629301 saturated#226(elapsed=32s new_merchants=0 remaining=581 cooldown=240m)
[buy30727] 2026-06-05T23:43:25.980Z spawned CC-MAIN-2024-33 pid=3630498 baseline_merchants=88 log=/paperclip/instances/default/workspaces/3ec8f6dd-1735-4479-9825-a2c42edac34c/logs/buy30727_lane_cc_main_2024_33.log
[buy30727] 2026-06-05T23:43:27.490Z spawned CC-MAIN-2024-30 pid=3630558 baseline_merchants=17 log=/paperclip/instances/default/workspaces/3ec8f6dd-1735-4479-9825-a2c42edac34c/logs/buy30727_lane_cc_main_2024_30.log
[buy30727] 2026-06-05T23:43:28.999Z spawned CC-MAIN-2024-26 pid=3630589 baseline_merchants=7 log=/paperclip/instances/default/workspaces/3ec8f6dd-1735-4479-9825-a2c42edac34c/logs/buy30727_lane_cc_main_2024_26.log
[buy30727] 2026-06-05T23:43:30.509Z spawned CC-MAIN-2024-22 pid=3630627 baseline_merchants=13 log=/paperclip/instances/default/workspaces/3ec8f6dd-1735-4479-9825-a2c42edac34c/logs/buy30727_lane_cc_main_2024_22.log
[buy30727] 2026-06-05T23:43:32.039Z spawned CC-MAIN-2024-18 pid=3631216 baseline_merchants=62 log=/paperclip/instances/default/workspaces/3ec8f6dd-1735-4479-9825-a2c42edac34c/logs/buy30727_lane_cc_main_2024_18.log
[buy30727] 2026-06-05T23:44:03.578Z worker CC-MAIN-2024-33 pid=3630498 saturated#226(elapsed=38s new_merchants=0 remaining=508 cooldown=240m)
[buy30727] 2026-06-05T23:44:03.583Z worker CC-MAIN-2024-30 pid=3630558 saturated#226(elapsed=36s new_merchants=0 remaining=424 cooldown=240m)
[buy30727] 2026-06-05T23:44:03.587Z worker CC-MAIN-2024-26 pid=3630589 saturated#226(elapsed=35s new_merchants=0 remaining=401 cooldown=240m)
[buy30727] 2026-06-05T23:44:03.601Z worker CC-MAIN-2024-22 pid=3630627 saturated#226(elapsed=33s new_merchants=0 remaining=868 cooldown=240m)
[buy30727] 2026-06-05T23:44:03.619Z worker CC-MAIN-2024-18 pid=3631216 saturated#226(elapsed=32s new_merchants=0 remaining=1033 cooldown=240m)
[buy30727] 2026-06-05T23:44:03.622Z spawned CC-MAIN-2024-10 pid=3632336 baseline_merchants=4 log=/paperclip/instances/default/workspaces/3ec8f6dd-1735-4479-9825-a2c42edac34c/logs/buy30727_lane_cc_main_2024_10.log
[buy30727] 2026-06-05T23:44:05.141Z spawned CC-MAIN-2023-50 pid=3632380 baseline_merchants=4 log=/paperclip/instances/default/workspaces/3ec8f6dd-1735-4479-9825-a2c42edac34c/logs/buy30727_lane_cc_main_2023_50.log
[buy30727] 2026-06-05T23:44:06.650Z spawned CC-MAIN-2023-14 pid=3632486 baseline_merchants=53 log=/paperclip/instances/default/workspaces/3ec8f6dd-1735-4479-9825-a2c42edac34c/logs/buy30727_lane_cc_main_2023_14.log
[buy30727] 2026-06-05T23:44:08.157Z spawned CC-MAIN-2023-06 pid=3632528 baseline_merchants=45 log=/paperclip/instances/default/workspaces/3ec8f6dd-1735-4479-9825-a2c42edac34c/logs/buy30727_lane_cc_main_2023_06.log
[buy30727] 2026-06-05T23:44:09.668Z spawned CC-MAIN-2022-49 pid=3632683 baseline_merchants=5 log=/paperclip/instances/default/workspaces/3ec8f6dd-1735-4479-9825-a2c42edac34c/logs/buy30727_lane_cc_main_2022_49.log
[buy30727] 2026-06-05T23:44:41.234Z worker CC-MAIN-2024-10 pid=3632336 saturated#226(elapsed=38s new_merchants=0 remaining=794 cooldown=240m)
[buy30727] 2026-06-05T23:44:41.245Z worker CC-MAIN-2023-50 pid=3632380 saturated#226(elapsed=36s new_merchants=0 remaining=378 cooldown=240m)
[buy30727] 2026-06-05T23:44:41.249Z worker CC-MAIN-2023-14 pid=3632486 saturated#226(elapsed=35s new_merchants=0 remaining=248 cooldown=240m)
[buy30727] 2026-06-05T23:44:41.255Z worker CC-MAIN-2023-06 pid=3632528 saturated#226(elapsed=33s new_merchants=0 remaining=318 cooldown=240m)
[buy30727] 2026-06-05T23:44:41.270Z worker CC-MAIN-2022-49 pid=3632683 saturated#226(elapsed=32s new_merchants=0 remaining=323 cooldown=240m)
[buy30727] 2026-06-05T23:44:41.284Z spawned CC-MAIN-2022-40 pid=3633773 baseline_merchants=3 log=/paperclip/instances/default/workspaces/3ec8f6dd-1735-4479-9825-a2c42edac34c/logs/buy30727_lane_cc_main_2022_40.log
[buy30727] 2026-06-05T23:44:42.815Z spawned CC-MAIN-2026-21 pid=3633802 baseline_merchants=853 log=/paperclip/instances/default/workspaces/3ec8f6dd-1735-4479-9825-a2c42edac34c/logs/buy30727_lane_cc_main_2026_21.log
[buy30727] 2026-06-05T23:44:44.338Z spawned CC-MAIN-2026-17 pid=3633847 baseline_merchants=7 log=/paperclip/instances/default/workspaces/3ec8f6dd-1735-4479-9825-a2c42edac34c/logs/buy30727_lane_cc_main_2026_17.log
[buy30727] 2026-06-05T23:44:45.891Z spawned CC-MAIN-2025-18 pid=3633954 baseline_merchants=72 log=/paperclip/instances/default/workspaces/3ec8f6dd-1735-4479-9825-a2c42edac34c/logs/buy30727_lane_cc_main_2025_18.log
[buy30727] 2026-06-05T23:44:47.450Z spawned CC-MAIN-2025-05 pid=3633980 baseline_merchants=7 log=/paperclip/instances/default/workspaces/3ec8f6dd-1735-4479-9825-a2c42edac34c/logs/buy30727_lane_cc_main_2025_05.log
[buy30727] 2026-06-05T23:45:18.964Z worker CC-MAIN-2022-40 pid=3633773 saturated#226(elapsed=38s new_merchants=0 remaining=295 cooldown=240m)
[buy30727] 2026-06-05T23:45:18.967Z worker CC-MAIN-2026-21 pid=3633802 saturated#226(elapsed=36s new_merchants=0 remaining=862 cooldown=240m)
[buy30727] 2026-06-05T23:45:18.976Z worker CC-MAIN-2026-17 pid=3633847 saturated#227(elapsed=35s new_merchants=0 remaining=3255 cooldown=240m)
[buy30727] 2026-06-05T23:45:18.994Z worker CC-MAIN-2025-18 pid=3633954 saturated#227(elapsed=33s new_merchants=0 remaining=2382 cooldown=240m)
[buy30727] 2026-06-05T23:45:18.999Z worker CC-MAIN-2025-05 pid=3633980 saturated#227(elapsed=32s new_merchants=0 remaining=625 cooldown=240m)
[buy30727] 2026-06-05T23:45:19.003Z spawned CC-MAIN-2025-47 pid=3635507 baseline_merchants=1421 log=/paperclip/instances/default/workspaces/3ec8f6dd-1735-4479-9825-a2c42edac34c/logs/buy30727_lane_cc_main_2025_47.log
[buy30727] 2026-06-05T23:45:20.527Z spawned CC-MAIN-2025-51 pid=3635530 baseline_merchants=236 log=/paperclip/instances/default/workspaces/3ec8f6dd-1735-4479-9825-a2c42edac34c/logs/buy30727_lane_cc_main_2025_51.log
[buy30727] 2026-06-05T23:45:22.049Z spawned CC-MAIN-2025-43 pid=3635590 baseline_merchants=88 log=/paperclip/instances/default/workspaces/3ec8f6dd-1735-4479-9825-a2c42edac34c/logs/buy30727_lane_cc_main_2025_43.log
[buy30727] 2026-06-05T23:45:23.573Z spawned CC-MAIN-2025-38 pid=3635628 baseline_merchants=28 log=/paperclip/instances/default/workspaces/3ec8f6dd-1735-4479-9825-a2c42edac34c/logs/buy30727_lane_cc_main_2025_38.log
[buy30727] 2026-06-05T23:45:25.096Z spawned CC-MAIN-2025-33 pid=3635652 baseline_merchants=13 log=/paperclip/instances/default/workspaces/3ec8f6dd-1735-4479-9825-a2c42edac34c/logs/buy30727_lane_cc_main_2025_33.log
[buy30727] 2026-06-05T23:45:56.657Z worker CC-MAIN-2025-47 pid=3635507 saturated#227(elapsed=38s new_merchants=0 remaining=2294 cooldown=240m)
[buy30727] 2026-06-05T23:45:56.672Z worker CC-MAIN-2025-51 pid=3635530 saturated#227(elapsed=36s new_merchants=0 remaining=2895 cooldown=240m)
[buy30727] 2026-06-05T23:45:56.684Z worker CC-MAIN-2025-43 pid=3635590 saturated#227(elapsed=35s new_merchants=0 remaining=1897 cooldown=240m)
[buy30727] 2026-06-05T23:45:56.695Z worker CC-MAIN-2025-38 pid=3635628 saturated#227(elapsed=33s new_merchants=0 remaining=1980 cooldown=240m)
[buy30727] 2026-06-05T23:45:56.711Z worker CC-MAIN-2025-33 pid=3635652 saturated#227(elapsed=32s new_merchants=0 remaining=2151 cooldown=240m)
[buy30727] 2026-06-05T23:45:56.715Z spawned CC-MAIN-2025-30 pid=3638337 baseline_merchants=136 log=/paperclip/instances/default/workspaces/3ec8f6dd-1735-4479-9825-a2c42edac34c/logs/buy30727_lane_cc_main_2025_30.log
[buy30727] 2026-06-05T23:45:58.259Z spawned CC-MAIN-2025-26 pid=3638490 baseline_merchants=18 log=/paperclip/instances/default/workspaces/3ec8f6dd-1735-4479-9825-a2c42edac34c/logs/buy30727_lane_cc_main_2025_26.log
[buy30727] 2026-06-05T23:45:59.769Z spawned CC-MAIN-2025-08 pid=3638687 baseline_merchants=7 log=/paperclip/instances/default/workspaces/3ec8f6dd-1735-4479-9825-a2c42edac34c/logs/buy30727_lane_cc_main_2025_08.log
[buy30727] 2026-06-05T23:46:01.282Z spawned CC-MAIN-2024-51 pid=3638792 baseline_merchants=427 log=/paperclip/instances/default/workspaces/3ec8f6dd-1735-4479-9825-a2c42edac34c/logs/buy30727_lane_cc_main_2024_51.log
[buy30727] 2026-06-05T23:46:02.805Z spawned CC-MAIN-2024-46 pid=3638983 baseline_merchants=92 log=/paperclip/instances/default/workspaces/3ec8f6dd-1735-4479-9825-a2c42edac34c/logs/buy30727_lane_cc_main_2024_46.log
[buy30727] 2026-06-05T23:46:34.370Z worker CC-MAIN-2025-30 pid=3638337 saturated#227(elapsed=38s new_merchants=0 remaining=2171 cooldown=240m)
[buy30727] 2026-06-05T23:46:34.377Z worker CC-MAIN-2025-26 pid=3638490 saturated#227(elapsed=36s new_merchants=0 remaining=744 cooldown=240m)
[buy30727] 2026-06-05T23:46:34.384Z worker CC-MAIN-2025-08 pid=3638687 saturated#227(elapsed=35s new_merchants=0 remaining=695 cooldown=240m)
[buy30727] 2026-06-05T23:46:34.399Z worker CC-MAIN-2024-51 pid=3638792 saturated#227(elapsed=33s new_merchants=0 remaining=1545 cooldown=240m)
[buy30727] 2026-06-05T23:46:34.418Z worker CC-MAIN-2024-46 pid=3638983 saturated#227(elapsed=32s new_merchants=0 remaining=1592 cooldown=240m)
[buy30727] 2026-06-05T23:46:34.423Z spawned CC-MAIN-2024-42 pid=3642720 baseline_merchants=91 log=/paperclip/instances/default/workspaces/3ec8f6dd-1735-4479-9825-a2c42edac34c/logs/buy30727_lane_cc_main_2024_42.log
[buy30727] 2026-06-05T23:46:35.960Z spawned CC-MAIN-2024-38 pid=3642928 baseline_merchants=36 log=/paperclip/instances/default/workspaces/3ec8f6dd-1735-4479-9825-a2c42edac34c/logs/buy30727_lane_cc_main_2024_38.log
[buy30727] 2026-06-05T23:46:37.486Z spawned CC-MAIN-2024-33 pid=3643194 baseline_merchants=88 log=/paperclip/instances/default/workspaces/3ec8f6dd-1735-4479-9825-a2c42edac34c/logs/buy30727_lane_cc_main_2024_33.log
[buy30727] 2026-06-05T23:46:38.997Z spawned CC-MAIN-2024-30 pid=3643356 baseline_merchants=17 log=/paperclip/instances/default/workspaces/3ec8f6dd-1735-4479-9825-a2c42edac34c/logs/buy30727_lane_cc_main_2024_30.log
[buy30727] 2026-06-05T23:46:40.504Z spawned CC-MAIN-2024-26 pid=3643568 baseline_merchants=7 log=/paperclip/instances/default/workspaces/3ec8f6dd-1735-4479-9825-a2c42edac34c/logs/buy30727_lane_cc_main_2024_26.log
[buy30727] 2026-06-05T23:47:12.054Z worker CC-MAIN-2024-42 pid=3642720 saturated#227(elapsed=38s new_merchants=0 remaining=1420 cooldown=240m)
[buy30727] 2026-06-05T23:47:12.063Z worker CC-MAIN-2024-38 pid=3642928 saturated#227(elapsed=36s new_merchants=0 remaining=581 cooldown=240m)
[buy30727] 2026-06-05T23:47:12.071Z worker CC-MAIN-2024-33 pid=3643194 saturated#227(elapsed=35s new_merchants=0 remaining=508 cooldown=240m)
[buy30727] 2026-06-05T23:47:12.077Z worker CC-MAIN-2024-30 pid=3643356 saturated#227(elapsed=33s new_merchants=0 remaining=424 cooldown=240m)
[buy30727] 2026-06-05T23:47:12.081Z worker CC-MAIN-2024-26 pid=3643568 saturated#227(elapsed=32s new_merchants=0 remaining=401 cooldown=240m)
[buy30727] 2026-06-05T23:47:12.085Z spawned CC-MAIN-2024-22 pid=3646449 baseline_merchants=13 log=/paperclip/instances/default/workspaces/3ec8f6dd-1735-4479-9825-a2c42edac34c/logs/buy30727_lane_cc_main_2024_22.log
[buy30727] 2026-06-05T23:47:13.609Z spawned CC-MAIN-2024-18 pid=3646566 baseline_merchants=62 log=/paperclip/instances/default/workspaces/3ec8f6dd-1735-4479-9825-a2c42edac34c/logs/buy30727_lane_cc_main_2024_18.log
[buy30727] 2026-06-05T23:47:15.126Z spawned CC-MAIN-2024-10 pid=3646794 baseline_merchants=4 log=/paperclip/instances/default/workspaces/3ec8f6dd-1735-4479-9825-a2c42edac34c/logs/buy30727_lane_cc_main_2024_10.log
[buy30727] 2026-06-05T23:47:16.643Z spawned CC-MAIN-2023-50 pid=3646884 baseline_merchants=4 log=/paperclip/instances/default/workspaces/3ec8f6dd-1735-4479-9825-a2c42edac34c/logs/buy30727_lane_cc_main_2023_50.log
[buy30727] 2026-06-05T23:47:18.152Z spawned CC-MAIN-2023-14 pid=3647001 baseline_merchants=53 log=/paperclip/instances/default/workspaces/3ec8f6dd-1735-4479-9825-a2c42edac34c/logs/buy30727_lane_cc_main_2023_14.log
[buy30727] 2026-06-05T23:47:49.705Z worker CC-MAIN-2024-22 pid=3646449 saturated#227(elapsed=38s new_merchants=0 remaining=868 cooldown=240m)
[buy30727] 2026-06-05T23:47:49.733Z worker CC-MAIN-2024-18 pid=3646566 saturated#227(elapsed=36s new_merchants=0 remaining=1033 cooldown=240m)
[buy30727] 2026-06-05T23:47:49.746Z worker CC-MAIN-2024-10 pid=3646794 saturated#227(elapsed=35s new_merchants=0 remaining=794 cooldown=240m)
[buy30727] 2026-06-05T23:47:49.750Z worker CC-MAIN-2023-50 pid=3646884 saturated#227(elapsed=33s new_merchants=0 remaining=378 cooldown=240m)
[buy30727] 2026-06-05T23:47:49.754Z worker CC-MAIN-2023-14 pid=3647001 saturated#227(elapsed=32s new_merchants=0 remaining=248 cooldown=240m)
[buy30727] 2026-06-05T23:47:49.757Z spawned CC-MAIN-2023-06 pid=3648380 baseline_merchants=45 log=/paperclip/instances/default/workspaces/3ec8f6dd-1735-4479-9825-a2c42edac34c/logs/buy30727_lane_cc_main_2023_06.log
[buy30727] 2026-06-05T23:47:51.281Z spawned CC-MAIN-2022-49 pid=3648440 baseline_merchants=5 log=/paperclip/instances/default/workspaces/3ec8f6dd-1735-4479-9825-a2c42edac34c/logs/buy30727_lane_cc_main_2022_49.log
[buy30727] 2026-06-05T23:47:52.791Z spawned CC-MAIN-2022-40 pid=3648519 baseline_merchants=3 log=/paperclip/instances/default/workspaces/3ec8f6dd-1735-4479-9825-a2c42edac34c/logs/buy30727_lane_cc_main_2022_40.log
[buy30727] 2026-06-05T23:47:54.304Z spawned CC-MAIN-2026-21 pid=3648560 baseline_merchants=853 log=/paperclip/instances/default/workspaces/3ec8f6dd-1735-4479-9825-a2c42edac34c/logs/buy30727_lane_cc_main_2026_21.log
[buy30727] 2026-06-05T23:47:55.812Z spawned CC-MAIN-2026-17 pid=3648617 baseline_merchants=7 log=/paperclip/instances/default/workspaces/3ec8f6dd-1735-4479-9825-a2c42edac34c/logs/buy30727_lane_cc_main_2026_17.log
[buy30727] 2026-06-05T23:48:27.365Z worker CC-MAIN-2023-06 pid=3648380 saturated#227(elapsed=38s new_merchants=0 remaining=318 cooldown=240m)
[buy30727] 2026-06-05T23:48:27.369Z worker CC-MAIN-2022-49 pid=3648440 saturated#227(elapsed=36s new_merchants=0 remaining=323 cooldown=240m)
[buy30727] 2026-06-05T23:48:27.376Z worker CC-MAIN-2022-40 pid=3648519 saturated#227(elapsed=35s new_merchants=0 remaining=295 cooldown=240m)
[buy30727] 2026-06-05T23:48:27.379Z worker CC-MAIN-2026-21 pid=3648560 saturated#227(elapsed=33s new_merchants=0 remaining=862 cooldown=240m)
[buy30727] 2026-06-05T23:48:27.392Z worker CC-MAIN-2026-17 pid=3648617 saturated#228(elapsed=32s new_merchants=0 remaining=3255 cooldown=240m)
[buy30727] 2026-06-05T23:48:27.395Z spawned CC-MAIN-2025-18 pid=3649633 baseline_merchants=72 log=/paperclip/instances/default/workspaces/3ec8f6dd-1735-4479-9825-a2c42edac34c/logs/buy30727_lane_cc_main_2025_18.log
[buy30727] 2026-06-05T23:48:28.920Z spawned CC-MAIN-2025-05 pid=3649703 baseline_merchants=7 log=/paperclip/instances/default/workspaces/3ec8f6dd-1735-4479-9825-a2c42edac34c/logs/buy30727_lane_cc_main_2025_05.log
[buy30727] 2026-06-05T23:48:30.428Z spawned CC-MAIN-2025-47 pid=3649819 baseline_merchants=1421 log=/paperclip/instances/default/workspaces/3ec8f6dd-1735-4479-9825-a2c42edac34c/logs/buy30727_lane_cc_main_2025_47.log
[buy30727] 2026-06-05T23:48:31.950Z spawned CC-MAIN-2025-51 pid=3649843 baseline_merchants=236 log=/paperclip/instances/default/workspaces/3ec8f6dd-1735-4479-9825-a2c42edac34c/logs/buy30727_lane_cc_main_2025_51.log
[buy30727] 2026-06-05T23:48:33.468Z spawned CC-MAIN-2025-43 pid=3649951 baseline_merchants=88 log=/paperclip/instances/default/workspaces/3ec8f6dd-1735-4479-9825-a2c42edac34c/logs/buy30727_lane_cc_main_2025_43.log
[buy30727] 2026-06-05T23:49:05.052Z worker CC-MAIN-2025-18 pid=3649633 saturated#228(elapsed=38s new_merchants=0 remaining=2382 cooldown=240m)
[buy30727] 2026-06-05T23:49:05.055Z worker CC-MAIN-2025-05 pid=3649703 saturated#228(elapsed=36s new_merchants=0 remaining=625 cooldown=240m)
[buy30727] 2026-06-05T23:49:05.084Z worker CC-MAIN-2025-47 pid=3649819 saturated#228(elapsed=35s new_merchants=0 remaining=2294 cooldown=240m)
[buy30727] 2026-06-05T23:49:05.101Z worker CC-MAIN-2025-51 pid=3649843 saturated#228(elapsed=33s new_merchants=0 remaining=2895 cooldown=240m)
[buy30727] 2026-06-05T23:49:05.112Z worker CC-MAIN-2025-43 pid=3649951 saturated#228(elapsed=32s new_merchants=0 remaining=1897 cooldown=240m)
[buy30727] 2026-06-05T23:49:05.117Z spawned CC-MAIN-2025-38 pid=3650665 baseline_merchants=28 log=/paperclip/instances/default/workspaces/3ec8f6dd-1735-4479-9825-a2c42edac34c/logs/buy30727_lane_cc_main_2025_38.log
[buy30727] 2026-06-05T23:49:06.648Z spawned CC-MAIN-2025-33 pid=3650703 baseline_merchants=13 log=/paperclip/instances/default/workspaces/3ec8f6dd-1735-4479-9825-a2c42edac34c/logs/buy30727_lane_cc_main_2025_33.log
[buy30727] 2026-06-05T23:49:08.173Z spawned CC-MAIN-2025-30 pid=3650737 baseline_merchants=136 log=/paperclip/instances/default/workspaces/3ec8f6dd-1735-4479-9825-a2c42edac34c/logs/buy30727_lane_cc_main_2025_30.log
[buy30727] 2026-06-05T23:49:09.695Z spawned CC-MAIN-2025-26 pid=3650764 baseline_merchants=18 log=/paperclip/instances/default/workspaces/3ec8f6dd-1735-4479-9825-a2c42edac34c/logs/buy30727_lane_cc_main_2025_26.log
[buy30727] 2026-06-05T23:49:11.204Z spawned CC-MAIN-2025-08 pid=3650787 baseline_merchants=7 log=/paperclip/instances/default/workspaces/3ec8f6dd-1735-4479-9825-a2c42edac34c/logs/buy30727_lane_cc_main_2025_08.log
[buy30727] 2026-06-05T23:49:12.759Z tick=290 active=5 drained=20 saturated=27 known_merchants=15747 status=[CC-MAIN-2025-38:1980/47922, CC-MAIN-2025-33:2151/52953, CC-MAIN-2025-30:2171/51939, CC-MAIN-2025-26:744/15752, CC-MAIN-2025-08:695/16394]
[buy30727] 2026-06-05T23:49:42.800Z worker CC-MAIN-2025-38 pid=3650665 saturated#228(elapsed=38s new_merchants=0 remaining=1980 cooldown=240m)
[buy30727] 2026-06-05T23:49:42.812Z worker CC-MAIN-2025-33 pid=3650703 saturated#228(elapsed=36s new_merchants=0 remaining=2151 cooldown=240m)
[buy30727] 2026-06-05T23:49:42.826Z worker CC-MAIN-2025-30 pid=3650737 saturated#228(elapsed=35s new_merchants=0 remaining=2171 cooldown=240m)
[buy30727] 2026-06-05T23:49:42.833Z worker CC-MAIN-2025-26 pid=3650764 saturated#228(elapsed=33s new_merchants=0 remaining=744 cooldown=240m)
[buy30727] 2026-06-05T23:49:42.839Z worker CC-MAIN-2025-08 pid=3650787 saturated#228(elapsed=32s new_merchants=0 remaining=695 cooldown=240m)
[buy30727] 2026-06-05T23:49:42.843Z spawned CC-MAIN-2024-51 pid=3651441 baseline_merchants=427 log=/paperclip/instances/default/workspaces/3ec8f6dd-1735-4479-9825-a2c42edac34c/logs/buy30727_lane_cc_main_2024_51.log
[buy30727] 2026-06-05T23:49:44.364Z spawned CC-MAIN-2024-46 pid=3651466 baseline_merchants=92 log=/paperclip/instances/default/workspaces/3ec8f6dd-1735-4479-9825-a2c42edac34c/logs/buy30727_lane_cc_main_2024_46.log
[buy30727] 2026-06-05T23:49:45.891Z spawned CC-MAIN-2024-42 pid=3651502 baseline_merchants=91 log=/paperclip/instances/default/workspaces/3ec8f6dd-1735-4479-9825-a2c42edac34c/logs/buy30727_lane_cc_main_2024_42.log
[buy30727] 2026-06-05T23:49:47.419Z spawned CC-MAIN-2024-38 pid=3651549 baseline_merchants=36 log=/paperclip/instances/default/workspaces/3ec8f6dd-1735-4479-9825-a2c42edac34c/logs/buy30727_lane_cc_main_2024_38.log
[buy30727] 2026-06-05T23:49:48.929Z spawned CC-MAIN-2024-33 pid=3651586 baseline_merchants=88 log=/paperclip/instances/default/workspaces/3ec8f6dd-1735-4479-9825-a2c42edac34c/logs/buy30727_lane_cc_main_2024_33.log
[buy30727] 2026-06-05T23:50:20.478Z worker CC-MAIN-2024-51 pid=3651441 saturated#228(elapsed=38s new_merchants=0 remaining=1545 cooldown=240m)
[buy30727] 2026-06-05T23:50:20.508Z worker CC-MAIN-2024-46 pid=3651466 saturated#228(elapsed=36s new_merchants=0 remaining=1592 cooldown=240m)
[buy30727] 2026-06-05T23:50:20.531Z worker CC-MAIN-2024-42 pid=3651502 saturated#228(elapsed=35s new_merchants=0 remaining=1420 cooldown=240m)
[buy30727] 2026-06-05T23:50:20.537Z worker CC-MAIN-2024-38 pid=3651549 saturated#228(elapsed=33s new_merchants=0 remaining=581 cooldown=240m)
[buy30727] 2026-06-05T23:50:20.543Z worker CC-MAIN-2024-33 pid=3651586 saturated#228(elapsed=32s new_merchants=0 remaining=508 cooldown=240m)
[buy30727] 2026-06-05T23:50:20.546Z spawned CC-MAIN-2024-30 pid=3652514 baseline_merchants=17 log=/paperclip/instances/default/workspaces/3ec8f6dd-1735-4479-9825-a2c42edac34c/logs/buy30727_lane_cc_main_2024_30.log
[buy30727] 2026-06-05T23:50:22.057Z spawned CC-MAIN-2024-26 pid=3652626 baseline_merchants=7 log=/paperclip/instances/default/workspaces/3ec8f6dd-1735-4479-9825-a2c42edac34c/logs/buy30727_lane_cc_main_2024_26.log
[buy30727] 2026-06-05T23:50:23.566Z spawned CC-MAIN-2024-22 pid=3652660 baseline_merchants=13 log=/paperclip/instances/default/workspaces/3ec8f6dd-1735-4479-9825-a2c42edac34c/logs/buy30727_lane_cc_main_2024_22.log
[buy30727] 2026-06-05T23:50:25.081Z spawned CC-MAIN-2024-18 pid=3652687 baseline_merchants=62 log=/paperclip/instances/default/workspaces/3ec8f6dd-1735-4479-9825-a2c42edac34c/logs/buy30727_lane_cc_main_2024_18.log
[buy30727] 2026-06-05T23:50:26.602Z spawned CC-MAIN-2024-10 pid=3652709 baseline_merchants=4 log=/paperclip/instances/default/workspaces/3ec8f6dd-1735-4479-9825-a2c42edac34c/logs/buy30727_lane_cc_main_2024_10.log
[buy30727] 2026-06-05T23:50:58.144Z worker CC-MAIN-2024-30 pid=3652514 saturated#228(elapsed=38s new_merchants=0 remaining=424 cooldown=240m)
[buy30727] 2026-06-05T23:50:58.149Z worker CC-MAIN-2024-26 pid=3652626 saturated#228(elapsed=36s new_merchants=0 remaining=401 cooldown=240m)
[buy30727] 2026-06-05T23:50:58.165Z worker CC-MAIN-2024-22 pid=3652660 saturated#228(elapsed=35s new_merchants=0 remaining=868 cooldown=240m)
[buy30727] 2026-06-05T23:50:58.185Z worker CC-MAIN-2024-18 pid=3652687 saturated#228(elapsed=33s new_merchants=0 remaining=1033 cooldown=240m)
[buy30727] 2026-06-05T23:50:58.198Z worker CC-MAIN-2024-10 pid=3652709 saturated#228(elapsed=32s new_merchants=0 remaining=794 cooldown=240m)
[buy30727] 2026-06-05T23:50:58.202Z spawned CC-MAIN-2023-50 pid=3654868 baseline_merchants=4 log=/paperclip/instances/default/workspaces/3ec8f6dd-1735-4479-9825-a2c42edac34c/logs/buy30727_lane_cc_main_2023_50.log
[buy30727] 2026-06-05T23:50:59.716Z spawned CC-MAIN-2023-14 pid=3654944 baseline_merchants=53 log=/paperclip/instances/default/workspaces/3ec8f6dd-1735-4479-9825-a2c42edac34c/logs/buy30727_lane_cc_main_2023_14.log
[buy30727] 2026-06-05T23:51:01.227Z spawned CC-MAIN-2023-06 pid=3655111 baseline_merchants=45 log=/paperclip/instances/default/workspaces/3ec8f6dd-1735-4479-9825-a2c42edac34c/logs/buy30727_lane_cc_main_2023_06.log
[buy30727] 2026-06-05T23:51:02.736Z spawned CC-MAIN-2022-49 pid=3655298 baseline_merchants=5 log=/paperclip/instances/default/workspaces/3ec8f6dd-1735-4479-9825-a2c42edac34c/logs/buy30727_lane_cc_main_2022_49.log
[buy30727] 2026-06-05T23:51:04.248Z spawned CC-MAIN-2022-40 pid=3655339 baseline_merchants=3 log=/paperclip/instances/default/workspaces/3ec8f6dd-1735-4479-9825-a2c42edac34c/logs/buy30727_lane_cc_main_2022_40.log
[buy30727] 2026-06-05T23:51:35.763Z worker CC-MAIN-2023-50 pid=3654868 saturated#228(elapsed=38s new_merchants=0 remaining=378 cooldown=240m)
[buy30727] 2026-06-05T23:51:35.766Z worker CC-MAIN-2023-14 pid=3654944 saturated#228(elapsed=36s new_merchants=0 remaining=248 cooldown=240m)
[buy30727] 2026-06-05T23:51:35.774Z worker CC-MAIN-2023-06 pid=3655111 saturated#228(elapsed=35s new_merchants=0 remaining=318 cooldown=240m)
[buy30727] 2026-06-05T23:51:35.780Z worker CC-MAIN-2022-49 pid=3655298 saturated#228(elapsed=33s new_merchants=0 remaining=323 cooldown=240m)
[buy30727] 2026-06-05T23:51:35.788Z worker CC-MAIN-2022-40 pid=3655339 saturated#228(elapsed=32s new_merchants=0 remaining=295 cooldown=240m)
[buy30727] 2026-06-05T23:51:35.791Z spawned CC-MAIN-2026-21 pid=3657727 baseline_merchants=853 log=/paperclip/instances/default/workspaces/3ec8f6dd-1735-4479-9825-a2c42edac34c/logs/buy30727_lane_cc_main_2026_21.log
[buy30727] 2026-06-05T23:51:37.308Z spawned CC-MAIN-2026-17 pid=3657911 baseline_merchants=7 log=/paperclip/instances/default/workspaces/3ec8f6dd-1735-4479-9825-a2c42edac34c/logs/buy30727_lane_cc_main_2026_17.log
[buy30727] 2026-06-05T23:51:38.852Z spawned CC-MAIN-2025-18 pid=3658055 baseline_merchants=72 log=/paperclip/instances/default/workspaces/3ec8f6dd-1735-4479-9825-a2c42edac34c/logs/buy30727_lane_cc_main_2025_18.log
[buy30727] 2026-06-05T23:51:40.382Z spawned CC-MAIN-2025-05 pid=3658190 baseline_merchants=7 log=/paperclip/instances/default/workspaces/3ec8f6dd-1735-4479-9825-a2c42edac34c/logs/buy30727_lane_cc_main_2025_05.log
[buy30727] 2026-06-05T23:51:41.891Z spawned CC-MAIN-2025-47 pid=3658283 baseline_merchants=1421 log=/paperclip/instances/default/workspaces/3ec8f6dd-1735-4479-9825-a2c42edac34c/logs/buy30727_lane_cc_main_2025_47.log
[buy30727] 2026-06-05T23:52:13.460Z worker CC-MAIN-2026-21 pid=3657727 saturated#228(elapsed=38s new_merchants=0 remaining=862 cooldown=240m)
[buy30727] 2026-06-05T23:52:13.495Z worker CC-MAIN-2026-17 pid=3657911 saturated#229(elapsed=36s new_merchants=0 remaining=3255 cooldown=240m)
[buy30727] 2026-06-05T23:52:13.541Z worker CC-MAIN-2025-18 pid=3658055 saturated#229(elapsed=35s new_merchants=0 remaining=2382 cooldown=240m)
[buy30727] 2026-06-05T23:52:13.556Z worker CC-MAIN-2025-05 pid=3658190 saturated#229(elapsed=33s new_merchants=0 remaining=625 cooldown=240m)
[buy30727] 2026-06-05T23:52:13.617Z worker CC-MAIN-2025-47 pid=3658283 saturated#229(elapsed=32s new_merchants=0 remaining=2294 cooldown=240m)
[buy30727] 2026-06-05T23:52:13.643Z spawned CC-MAIN-2025-51 pid=3660860 baseline_merchants=236 log=/paperclip/instances/default/workspaces/3ec8f6dd-1735-4479-9825-a2c42edac34c/logs/buy30727_lane_cc_main_2025_51.log
[buy30727] 2026-06-05T23:52:15.219Z spawned CC-MAIN-2025-43 pid=3660965 baseline_merchants=88 log=/paperclip/instances/default/workspaces/3ec8f6dd-1735-4479-9825-a2c42edac34c/logs/buy30727_lane_cc_main_2025_43.log
[buy30727] 2026-06-05T23:52:16.753Z spawned CC-MAIN-2025-38 pid=3661010 baseline_merchants=28 log=/paperclip/instances/default/workspaces/3ec8f6dd-1735-4479-9825-a2c42edac34c/logs/buy30727_lane_cc_main_2025_38.log
[buy30727] 2026-06-05T23:52:18.303Z spawned CC-MAIN-2025-33 pid=3661113 baseline_merchants=13 log=/paperclip/instances/default/workspaces/3ec8f6dd-1735-4479-9825-a2c42edac34c/logs/buy30727_lane_cc_main_2025_33.log
[buy30727] 2026-06-05T23:52:19.864Z spawned CC-MAIN-2025-30 pid=3661162 baseline_merchants=136 log=/paperclip/instances/default/workspaces/3ec8f6dd-1735-4479-9825-a2c42edac34c/logs/buy30727_lane_cc_main_2025_30.log
[buy30727] 2026-06-05T23:52:51.476Z worker CC-MAIN-2025-51 pid=3660860 saturated#229(elapsed=38s new_merchants=0 remaining=2895 cooldown=240m)
[buy30727] 2026-06-05T23:52:51.562Z worker CC-MAIN-2025-43 pid=3660965 saturated#229(elapsed=36s new_merchants=0 remaining=1897 cooldown=240m)
[buy30727] 2026-06-05T23:52:51.610Z worker CC-MAIN-2025-38 pid=3661010 saturated#229(elapsed=35s new_merchants=0 remaining=1980 cooldown=240m)
[buy30727] 2026-06-05T23:52:51.652Z worker CC-MAIN-2025-33 pid=3661113 saturated#229(elapsed=33s new_merchants=0 remaining=2151 cooldown=240m)
[buy30727] 2026-06-05T23:52:51.673Z worker CC-MAIN-2025-30 pid=3661162 saturated#229(elapsed=32s new_merchants=0 remaining=2171 cooldown=240m)
[buy30727] 2026-06-05T23:52:51.678Z spawned CC-MAIN-2025-26 pid=3663036 baseline_merchants=18 log=/paperclip/instances/default/workspaces/3ec8f6dd-1735-4479-9825-a2c42edac34c/logs/buy30727_lane_cc_main_2025_26.log
[buy30727] 2026-06-05T23:52:53.202Z spawned CC-MAIN-2025-08 pid=3663194 baseline_merchants=7 log=/paperclip/instances/default/workspaces/3ec8f6dd-1735-4479-9825-a2c42edac34c/logs/buy30727_lane_cc_main_2025_08.log
[buy30727] 2026-06-05T23:52:54.723Z spawned CC-MAIN-2024-51 pid=3663293 baseline_merchants=427 log=/paperclip/instances/default/workspaces/3ec8f6dd-1735-4479-9825-a2c42edac34c/logs/buy30727_lane_cc_main_2024_51.log
[buy30727] 2026-06-05T23:52:56.265Z spawned CC-MAIN-2024-46 pid=3663344 baseline_merchants=92 log=/paperclip/instances/default/workspaces/3ec8f6dd-1735-4479-9825-a2c42edac34c/logs/buy30727_lane_cc_main_2024_46.log
[buy30727] 2026-06-05T23:52:57.800Z spawned CC-MAIN-2024-42 pid=3663370 baseline_merchants=91 log=/paperclip/instances/default/workspaces/3ec8f6dd-1735-4479-9825-a2c42edac34c/logs/buy30727_lane_cc_main_2024_42.log
[buy30727] 2026-06-05T23:53:29.353Z worker CC-MAIN-2025-26 pid=3663036 saturated#229(elapsed=38s new_merchants=0 remaining=744 cooldown=240m)
[buy30727] 2026-06-05T23:53:29.364Z worker CC-MAIN-2025-08 pid=3663194 saturated#229(elapsed=36s new_merchants=0 remaining=695 cooldown=240m)
[buy30727] 2026-06-05T23:53:29.388Z worker CC-MAIN-2024-51 pid=3663293 saturated#229(elapsed=35s new_merchants=0 remaining=1545 cooldown=240m)
[buy30727] 2026-06-05T23:53:29.419Z worker CC-MAIN-2024-46 pid=3663344 saturated#229(elapsed=33s new_merchants=0 remaining=1592 cooldown=240m)
[buy30727] 2026-06-05T23:53:29.444Z worker CC-MAIN-2024-42 pid=3663370 saturated#229(elapsed=32s new_merchants=0 remaining=1420 cooldown=240m)
[buy30727] 2026-06-05T23:53:29.448Z spawned CC-MAIN-2024-38 pid=3664657 baseline_merchants=36 log=/paperclip/instances/default/workspaces/3ec8f6dd-1735-4479-9825-a2c42edac34c/logs/buy30727_lane_cc_main_2024_38.log
[buy30727] 2026-06-05T23:53:30.967Z spawned CC-MAIN-2024-33 pid=3664710 baseline_merchants=88 log=/paperclip/instances/default/workspaces/3ec8f6dd-1735-4479-9825-a2c42edac34c/logs/buy30727_lane_cc_main_2024_33.log
[buy30727] 2026-06-05T23:53:32.482Z spawned CC-MAIN-2024-30 pid=3664736 baseline_merchants=17 log=/paperclip/instances/default/workspaces/3ec8f6dd-1735-4479-9825-a2c42edac34c/logs/buy30727_lane_cc_main_2024_30.log
[buy30727] 2026-06-05T23:53:33.990Z spawned CC-MAIN-2024-26 pid=3664951 baseline_merchants=7 log=/paperclip/instances/default/workspaces/3ec8f6dd-1735-4479-9825-a2c42edac34c/logs/buy30727_lane_cc_main_2024_26.log
[buy30727] 2026-06-05T23:53:35.499Z spawned CC-MAIN-2024-22 pid=3664983 baseline_merchants=13 log=/paperclip/instances/default/workspaces/3ec8f6dd-1735-4479-9825-a2c42edac34c/logs/buy30727_lane_cc_main_2024_22.log
[buy30727] 2026-06-05T23:54:07.043Z worker CC-MAIN-2024-38 pid=3664657 saturated#229(elapsed=38s new_merchants=0 remaining=581 cooldown=240m)
[buy30727] 2026-06-05T23:54:07.049Z worker CC-MAIN-2024-33 pid=3664710 saturated#229(elapsed=36s new_merchants=0 remaining=508 cooldown=240m)
[buy30727] 2026-06-05T23:54:07.054Z worker CC-MAIN-2024-30 pid=3664736 saturated#229(elapsed=35s new_merchants=0 remaining=424 cooldown=240m)
[buy30727] 2026-06-05T23:54:07.058Z worker CC-MAIN-2024-26 pid=3664951 saturated#229(elapsed=33s new_merchants=0 remaining=401 cooldown=240m)
[buy30727] 2026-06-05T23:54:07.080Z worker CC-MAIN-2024-22 pid=3664983 saturated#229(elapsed=32s new_merchants=0 remaining=868 cooldown=240m)
[buy30727] 2026-06-05T23:54:07.086Z spawned CC-MAIN-2024-18 pid=3666092 baseline_merchants=62 log=/paperclip/instances/default/workspaces/3ec8f6dd-1735-4479-9825-a2c42edac34c/logs/buy30727_lane_cc_main_2024_18.log
[buy30727] 2026-06-05T23:54:08.621Z spawned CC-MAIN-2024-10 pid=3666119 baseline_merchants=4 log=/paperclip/instances/default/workspaces/3ec8f6dd-1735-4479-9825-a2c42edac34c/logs/buy30727_lane_cc_main_2024_10.log
[buy30727] 2026-06-05T23:54:10.139Z spawned CC-MAIN-2023-50 pid=3666143 baseline_merchants=4 log=/paperclip/instances/default/workspaces/3ec8f6dd-1735-4479-9825-a2c42edac34c/logs/buy30727_lane_cc_main_2023_50.log
[buy30727] 2026-06-05T23:54:11.651Z spawned CC-MAIN-2023-14 pid=3666198 baseline_merchants=53 log=/paperclip/instances/default/workspaces/3ec8f6dd-1735-4479-9825-a2c42edac34c/logs/buy30727_lane_cc_main_2023_14.log
[buy30727] 2026-06-05T23:54:13.163Z spawned CC-MAIN-2023-06 pid=3666326 baseline_merchants=45 log=/paperclip/instances/default/workspaces/3ec8f6dd-1735-4479-9825-a2c42edac34c/logs/buy30727_lane_cc_main_2023_06.log
[buy30727] 2026-06-05T23:54:44.716Z worker CC-MAIN-2024-18 pid=3666092 saturated#229(elapsed=38s new_merchants=0 remaining=1033 cooldown=240m)
[buy30727] 2026-06-05T23:54:44.728Z worker CC-MAIN-2024-10 pid=3666119 saturated#229(elapsed=36s new_merchants=0 remaining=794 cooldown=240m)
[buy30727] 2026-06-05T23:54:44.732Z worker CC-MAIN-2023-50 pid=3666143 saturated#229(elapsed=35s new_merchants=0 remaining=378 cooldown=240m)
[buy30727] 2026-06-05T23:54:44.738Z worker CC-MAIN-2023-14 pid=3666198 saturated#229(elapsed=33s new_merchants=0 remaining=248 cooldown=240m)
[buy30727] 2026-06-05T23:54:44.742Z worker CC-MAIN-2023-06 pid=3666326 saturated#229(elapsed=32s new_merchants=0 remaining=318 cooldown=240m)
[buy30727] 2026-06-05T23:54:44.746Z spawned CC-MAIN-2022-49 pid=3667173 baseline_merchants=5 log=/paperclip/instances/default/workspaces/3ec8f6dd-1735-4479-9825-a2c42edac34c/logs/buy30727_lane_cc_main_2022_49.log
[buy30727] 2026-06-05T23:54:46.260Z spawned CC-MAIN-2022-40 pid=3667225 baseline_merchants=3 log=/paperclip/instances/default/workspaces/3ec8f6dd-1735-4479-9825-a2c42edac34c/logs/buy30727_lane_cc_main_2022_40.log
[buy30727] 2026-06-05T23:54:47.776Z spawned CC-MAIN-2026-21 pid=3667338 baseline_merchants=853 log=/paperclip/instances/default/workspaces/3ec8f6dd-1735-4479-9825-a2c42edac34c/logs/buy30727_lane_cc_main_2026_21.log
[buy30727] 2026-06-05T23:54:49.285Z spawned CC-MAIN-2026-17 pid=3667361 baseline_merchants=7 log=/paperclip/instances/default/workspaces/3ec8f6dd-1735-4479-9825-a2c42edac34c/logs/buy30727_lane_cc_main_2026_17.log
[buy30727] 2026-06-05T23:54:50.809Z spawned CC-MAIN-2025-18 pid=3667388 baseline_merchants=72 log=/paperclip/instances/default/workspaces/3ec8f6dd-1735-4479-9825-a2c42edac34c/logs/buy30727_lane_cc_main_2025_18.log
[buy30727] 2026-06-05T23:55:22.359Z worker CC-MAIN-2022-49 pid=3667173 saturated#229(elapsed=38s new_merchants=0 remaining=323 cooldown=240m)
[buy30727] 2026-06-05T23:55:22.362Z worker CC-MAIN-2022-40 pid=3667225 saturated#229(elapsed=36s new_merchants=0 remaining=295 cooldown=240m)
[buy30727] 2026-06-05T23:55:22.364Z worker CC-MAIN-2026-21 pid=3667338 saturated#229(elapsed=35s new_merchants=0 remaining=862 cooldown=240m)
[buy30727] 2026-06-05T23:55:22.372Z worker CC-MAIN-2026-17 pid=3667361 saturated#230(elapsed=33s new_merchants=0 remaining=3255 cooldown=240m)
[buy30727] 2026-06-05T23:55:22.391Z worker CC-MAIN-2025-18 pid=3667388 saturated#230(elapsed=32s new_merchants=0 remaining=2382 cooldown=240m)
[buy30727] 2026-06-05T23:55:22.394Z spawned CC-MAIN-2025-05 pid=3668519 baseline_merchants=7 log=/paperclip/instances/default/workspaces/3ec8f6dd-1735-4479-9825-a2c42edac34c/logs/buy30727_lane_cc_main_2025_05.log
[buy30727] 2026-06-05T23:55:23.906Z spawned CC-MAIN-2025-47 pid=3668549 baseline_merchants=1421 log=/paperclip/instances/default/workspaces/3ec8f6dd-1735-4479-9825-a2c42edac34c/logs/buy30727_lane_cc_main_2025_47.log
[buy30727] 2026-06-05T23:55:25.429Z spawned CC-MAIN-2025-51 pid=3668577 baseline_merchants=236 log=/paperclip/instances/default/workspaces/3ec8f6dd-1735-4479-9825-a2c42edac34c/logs/buy30727_lane_cc_main_2025_51.log
[buy30727] 2026-06-05T23:55:26.954Z spawned CC-MAIN-2025-43 pid=3668613 baseline_merchants=88 log=/paperclip/instances/default/workspaces/3ec8f6dd-1735-4479-9825-a2c42edac34c/logs/buy30727_lane_cc_main_2025_43.log
[buy30727] 2026-06-05T23:55:28.476Z spawned CC-MAIN-2025-38 pid=3668713 baseline_merchants=28 log=/paperclip/instances/default/workspaces/3ec8f6dd-1735-4479-9825-a2c42edac34c/logs/buy30727_lane_cc_main_2025_38.log
[buy30727] 2026-06-05T23:55:30.091Z tick=300 active=5 drained=20 saturated=27 known_merchants=15747 status=[CC-MAIN-2025-05:625/14379, CC-MAIN-2025-47:2294/50620, CC-MAIN-2025-51:2895/45604, CC-MAIN-2025-43:1897/45093, CC-MAIN-2025-38:1980/47922]
[buy30727] 2026-06-05T23:56:00.131Z worker CC-MAIN-2025-05 pid=3668519 saturated#230(elapsed=38s new_merchants=0 remaining=625 cooldown=240m)
[buy30727] 2026-06-05T23:56:00.174Z worker CC-MAIN-2025-47 pid=3668549 saturated#230(elapsed=36s new_merchants=0 remaining=2294 cooldown=240m)
[buy30727] 2026-06-05T23:56:00.205Z worker CC-MAIN-2025-51 pid=3668577 saturated#230(elapsed=35s new_merchants=0 remaining=2895 cooldown=240m)
[buy30727] 2026-06-05T23:56:00.238Z worker CC-MAIN-2025-43 pid=3668613 saturated#230(elapsed=33s new_merchants=0 remaining=1897 cooldown=240m)
[buy30727] 2026-06-05T23:56:00.288Z worker CC-MAIN-2025-38 pid=3668713 saturated#230(elapsed=32s new_merchants=0 remaining=1980 cooldown=240m)
[buy30727] 2026-06-05T23:56:00.296Z spawned CC-MAIN-2025-33 pid=3670587 baseline_merchants=13 log=/paperclip/instances/default/workspaces/3ec8f6dd-1735-4479-9825-a2c42edac34c/logs/buy30727_lane_cc_main_2025_33.log
[buy30727] 2026-06-05T23:56:01.854Z spawned CC-MAIN-2025-30 pid=3670835 baseline_merchants=136 log=/paperclip/instances/default/workspaces/3ec8f6dd-1735-4479-9825-a2c42edac34c/logs/buy30727_lane_cc_main_2025_30.log
[buy30727] 2026-06-05T23:56:03.428Z spawned CC-MAIN-2025-26 pid=3670960 baseline_merchants=18 log=/paperclip/instances/default/workspaces/3ec8f6dd-1735-4479-9825-a2c42edac34c/logs/buy30727_lane_cc_main_2025_26.log
[buy30727] 2026-06-05T23:56:04.951Z spawned CC-MAIN-2025-08 pid=3671011 baseline_merchants=7 log=/paperclip/instances/default/workspaces/3ec8f6dd-1735-4479-9825-a2c42edac34c/logs/buy30727_lane_cc_main_2025_08.log
[buy30727] 2026-06-05T23:56:06.466Z spawned CC-MAIN-2024-51 pid=3671048 baseline_merchants=427 log=/paperclip/instances/default/workspaces/3ec8f6dd-1735-4479-9825-a2c42edac34c/logs/buy30727_lane_cc_main_2024_51.log
[buy30727] 2026-06-05T23:56:38.039Z worker CC-MAIN-2025-33 pid=3670587 saturated#230(elapsed=38s new_merchants=0 remaining=2151 cooldown=240m)
[buy30727] 2026-06-05T23:56:38.061Z worker CC-MAIN-2025-30 pid=3670835 saturated#230(elapsed=36s new_merchants=0 remaining=2171 cooldown=240m)
[buy30727] 2026-06-05T23:56:38.066Z worker CC-MAIN-2025-26 pid=3670960 saturated#230(elapsed=35s new_merchants=0 remaining=744 cooldown=240m)
[buy30727] 2026-06-05T23:56:38.071Z worker CC-MAIN-2025-08 pid=3671011 saturated#230(elapsed=33s new_merchants=0 remaining=695 cooldown=240m)
[buy30727] 2026-06-05T23:56:38.091Z worker CC-MAIN-2024-51 pid=3671048 saturated#230(elapsed=32s new_merchants=0 remaining=1545 cooldown=240m)
[buy30727] 2026-06-05T23:56:38.095Z spawned CC-MAIN-2024-46 pid=3673007 baseline_merchants=92 log=/paperclip/instances/default/workspaces/3ec8f6dd-1735-4479-9825-a2c42edac34c/logs/buy30727_lane_cc_main_2024_46.log
[buy30727] 2026-06-05T23:56:39.633Z spawned CC-MAIN-2024-42 pid=3673072 baseline_merchants=91 log=/paperclip/instances/default/workspaces/3ec8f6dd-1735-4479-9825-a2c42edac34c/logs/buy30727_lane_cc_main_2024_42.log
[buy30727] 2026-06-05T23:56:41.160Z spawned CC-MAIN-2024-38 pid=3673197 baseline_merchants=36 log=/paperclip/instances/default/workspaces/3ec8f6dd-1735-4479-9825-a2c42edac34c/logs/buy30727_lane_cc_main_2024_38.log
[buy30727] 2026-06-05T23:56:42.673Z spawned CC-MAIN-2024-33 pid=3673347 baseline_merchants=88 log=/paperclip/instances/default/workspaces/3ec8f6dd-1735-4479-9825-a2c42edac34c/logs/buy30727_lane_cc_main_2024_33.log
[buy30727] 2026-06-05T23:56:44.192Z spawned CC-MAIN-2024-30 pid=3673414 baseline_merchants=17 log=/paperclip/instances/default/workspaces/3ec8f6dd-1735-4479-9825-a2c42edac34c/logs/buy30727_lane_cc_main_2024_30.log
[buy30727] 2026-06-05T23:57:15.787Z worker CC-MAIN-2024-46 pid=3673007 saturated#230(elapsed=38s new_merchants=0 remaining=1592 cooldown=240m)
[buy30727] 2026-06-05T23:57:15.837Z worker CC-MAIN-2024-42 pid=3673072 saturated#230(elapsed=36s new_merchants=0 remaining=1420 cooldown=240m)
[buy30727] 2026-06-05T23:57:15.844Z worker CC-MAIN-2024-38 pid=3673197 saturated#230(elapsed=35s new_merchants=0 remaining=581 cooldown=240m)
[buy30727] 2026-06-05T23:57:15.850Z worker CC-MAIN-2024-33 pid=3673347 saturated#230(elapsed=33s new_merchants=0 remaining=508 cooldown=240m)
[buy30727] 2026-06-05T23:57:15.858Z worker CC-MAIN-2024-30 pid=3673414 saturated#230(elapsed=32s new_merchants=0 remaining=424 cooldown=240m)
[buy30727] 2026-06-05T23:57:15.863Z spawned CC-MAIN-2024-26 pid=3676407 baseline_merchants=7 log=/paperclip/instances/default/workspaces/3ec8f6dd-1735-4479-9825-a2c42edac34c/logs/buy30727_lane_cc_main_2024_26.log
[buy30727] 2026-06-05T23:57:17.376Z spawned CC-MAIN-2024-22 pid=3676513 baseline_merchants=13 log=/paperclip/instances/default/workspaces/3ec8f6dd-1735-4479-9825-a2c42edac34c/logs/buy30727_lane_cc_main_2024_22.log
[buy30727] 2026-06-05T23:57:18.920Z spawned CC-MAIN-2024-18 pid=3676678 baseline_merchants=62 log=/paperclip/instances/default/workspaces/3ec8f6dd-1735-4479-9825-a2c42edac34c/logs/buy30727_lane_cc_main_2024_18.log
[buy30727] 2026-06-05T23:57:20.452Z spawned CC-MAIN-2024-10 pid=3676791 baseline_merchants=4 log=/paperclip/instances/default/workspaces/3ec8f6dd-1735-4479-9825-a2c42edac34c/logs/buy30727_lane_cc_main_2024_10.log
[buy30727] 2026-06-05T23:57:21.991Z spawned CC-MAIN-2023-50 pid=3676899 baseline_merchants=4 log=/paperclip/instances/default/workspaces/3ec8f6dd-1735-4479-9825-a2c42edac34c/logs/buy30727_lane_cc_main_2023_50.log
[buy30727] 2026-06-05T23:57:53.517Z worker CC-MAIN-2024-26 pid=3676407 saturated#230(elapsed=38s new_merchants=0 remaining=401 cooldown=240m)
[buy30727] 2026-06-05T23:57:53.533Z worker CC-MAIN-2024-22 pid=3676513 saturated#230(elapsed=36s new_merchants=0 remaining=868 cooldown=240m)
[buy30727] 2026-06-05T23:57:53.557Z worker CC-MAIN-2024-18 pid=3676678 saturated#230(elapsed=35s new_merchants=0 remaining=1033 cooldown=240m)
[buy30727] 2026-06-05T23:57:53.576Z worker CC-MAIN-2024-10 pid=3676791 saturated#230(elapsed=33s new_merchants=0 remaining=794 cooldown=240m)
[buy30727] 2026-06-05T23:57:53.589Z worker CC-MAIN-2023-50 pid=3676899 saturated#230(elapsed=32s new_merchants=0 remaining=378 cooldown=240m)
[buy30727] 2026-06-05T23:57:53.595Z spawned CC-MAIN-2023-14 pid=3679164 baseline_merchants=53 log=/paperclip/instances/default/workspaces/3ec8f6dd-1735-4479-9825-a2c42edac34c/logs/buy30727_lane_cc_main_2023_14.log
[buy30727] 2026-06-05T23:57:55.124Z spawned CC-MAIN-2023-06 pid=3679219 baseline_merchants=45 log=/paperclip/instances/default/workspaces/3ec8f6dd-1735-4479-9825-a2c42edac34c/logs/buy30727_lane_cc_main_2023_06.log
[buy30727] 2026-06-05T23:57:56.638Z spawned CC-MAIN-2022-49 pid=3679256 baseline_merchants=5 log=/paperclip/instances/default/workspaces/3ec8f6dd-1735-4479-9825-a2c42edac34c/logs/buy30727_lane_cc_main_2022_49.log
[buy30727] 2026-06-05T23:57:58.149Z spawned CC-MAIN-2022-40 pid=3679325 baseline_merchants=3 log=/paperclip/instances/default/workspaces/3ec8f6dd-1735-4479-9825-a2c42edac34c/logs/buy30727_lane_cc_main_2022_40.log
[buy30727] 2026-06-05T23:57:59.659Z spawned CC-MAIN-2026-21 pid=3679418 baseline_merchants=853 log=/paperclip/instances/default/workspaces/3ec8f6dd-1735-4479-9825-a2c42edac34c/logs/buy30727_lane_cc_main_2026_21.log
[buy30727] 2026-06-05T23:58:31.200Z worker CC-MAIN-2023-14 pid=3679164 saturated#230(elapsed=38s new_merchants=0 remaining=248 cooldown=240m)
[buy30727] 2026-06-05T23:58:31.206Z worker CC-MAIN-2023-06 pid=3679219 saturated#230(elapsed=36s new_merchants=0 remaining=318 cooldown=240m)
[buy30727] 2026-06-05T23:58:31.212Z worker CC-MAIN-2022-49 pid=3679256 saturated#230(elapsed=35s new_merchants=0 remaining=323 cooldown=240m)
[buy30727] 2026-06-05T23:58:31.217Z worker CC-MAIN-2022-40 pid=3679325 saturated#230(elapsed=33s new_merchants=0 remaining=295 cooldown=240m)
[buy30727] 2026-06-05T23:58:31.220Z worker CC-MAIN-2026-21 pid=3679418 saturated#230(elapsed=32s new_merchants=0 remaining=862 cooldown=240m)
[buy30727] 2026-06-05T23:58:31.223Z spawned CC-MAIN-2026-17 pid=3680796 baseline_merchants=7 log=/paperclip/instances/default/workspaces/3ec8f6dd-1735-4479-9825-a2c42edac34c/logs/buy30727_lane_cc_main_2026_17.log
[buy30727] 2026-06-05T23:58:32.748Z spawned CC-MAIN-2025-18 pid=3680912 baseline_merchants=72 log=/paperclip/instances/default/workspaces/3ec8f6dd-1735-4479-9825-a2c42edac34c/logs/buy30727_lane_cc_main_2025_18.log
[buy30727] 2026-06-05T23:58:34.275Z spawned CC-MAIN-2025-05 pid=3680935 baseline_merchants=7 log=/paperclip/instances/default/workspaces/3ec8f6dd-1735-4479-9825-a2c42edac34c/logs/buy30727_lane_cc_main_2025_05.log
[buy30727] 2026-06-05T23:58:35.785Z spawned CC-MAIN-2025-47 pid=3680964 baseline_merchants=1421 log=/paperclip/instances/default/workspaces/3ec8f6dd-1735-4479-9825-a2c42edac34c/logs/buy30727_lane_cc_main_2025_47.log
[buy30727] 2026-06-05T23:58:37.314Z spawned CC-MAIN-2025-51 pid=3681095 baseline_merchants=236 log=/paperclip/instances/default/workspaces/3ec8f6dd-1735-4479-9825-a2c42edac34c/logs/buy30727_lane_cc_main_2025_51.log
[buy30727] 2026-06-05T23:59:08.881Z worker CC-MAIN-2026-17 pid=3680796 saturated#231(elapsed=38s new_merchants=0 remaining=3255 cooldown=240m)
[buy30727] 2026-06-05T23:59:08.892Z worker CC-MAIN-2025-18 pid=3680912 saturated#231(elapsed=36s new_merchants=0 remaining=2382 cooldown=240m)
[buy30727] 2026-06-05T23:59:08.896Z worker CC-MAIN-2025-05 pid=3680935 saturated#231(elapsed=35s new_merchants=0 remaining=625 cooldown=240m)
[buy30727] 2026-06-05T23:59:08.915Z worker CC-MAIN-2025-47 pid=3680964 saturated#231(elapsed=33s new_merchants=0 remaining=2294 cooldown=240m)
[buy30727] 2026-06-05T23:59:08.933Z worker CC-MAIN-2025-51 pid=3681095 saturated#231(elapsed=32s new_merchants=0 remaining=2895 cooldown=240m)
[buy30727] 2026-06-05T23:59:08.937Z spawned CC-MAIN-2025-43 pid=3682389 baseline_merchants=88 log=/paperclip/instances/default/workspaces/3ec8f6dd-1735-4479-9825-a2c42edac34c/logs/buy30727_lane_cc_main_2025_43.log
[buy30727] 2026-06-05T23:59:10.457Z spawned CC-MAIN-2025-38 pid=3682415 baseline_merchants=28 log=/paperclip/instances/default/workspaces/3ec8f6dd-1735-4479-9825-a2c42edac34c/logs/buy30727_lane_cc_main_2025_38.log
[buy30727] 2026-06-05T23:59:11.980Z spawned CC-MAIN-2025-33 pid=3682438 baseline_merchants=13 log=/paperclip/instances/default/workspaces/3ec8f6dd-1735-4479-9825-a2c42edac34c/logs/buy30727_lane_cc_main_2025_33.log
[buy30727] 2026-06-05T23:59:13.501Z spawned CC-MAIN-2025-30 pid=3682465 baseline_merchants=136 log=/paperclip/instances/default/workspaces/3ec8f6dd-1735-4479-9825-a2c42edac34c/logs/buy30727_lane_cc_main_2025_30.log
[buy30727] 2026-06-05T23:59:15.024Z spawned CC-MAIN-2025-26 pid=3682531 baseline_merchants=18 log=/paperclip/instances/default/workspaces/3ec8f6dd-1735-4479-9825-a2c42edac34c/logs/buy30727_lane_cc_main_2025_26.log
[buy30727] 2026-06-05T23:59:46.549Z worker CC-MAIN-2025-43 pid=3682389 saturated#231(elapsed=38s new_merchants=0 remaining=1897 cooldown=240m)
[buy30727] 2026-06-05T23:59:46.568Z worker CC-MAIN-2025-38 pid=3682415 saturated#231(elapsed=36s new_merchants=0 remaining=1980 cooldown=240m)
[buy30727] 2026-06-05T23:59:46.597Z worker CC-MAIN-2025-33 pid=3682438 saturated#231(elapsed=35s new_merchants=0 remaining=2151 cooldown=240m)
[buy30727] 2026-06-05T23:59:46.617Z worker CC-MAIN-2025-30 pid=3682465 saturated#231(elapsed=33s new_merchants=0 remaining=2171 cooldown=240m)
[buy30727] 2026-06-05T23:59:46.622Z worker CC-MAIN-2025-26 pid=3682531 saturated#231(elapsed=32s new_merchants=0 remaining=744 cooldown=240m)
[buy30727] 2026-06-05T23:59:46.625Z spawned CC-MAIN-2025-08 pid=3683695 baseline_merchants=7 log=/paperclip/instances/default/workspaces/3ec8f6dd-1735-4479-9825-a2c42edac34c/logs/buy30727_lane_cc_main_2025_08.log
[buy30727] 2026-06-05T23:59:48.140Z spawned CC-MAIN-2024-51 pid=3683837 baseline_merchants=427 log=/paperclip/instances/default/workspaces/3ec8f6dd-1735-4479-9825-a2c42edac34c/logs/buy30727_lane_cc_main_2024_51.log
[buy30727] 2026-06-05T23:59:49.661Z spawned CC-MAIN-2024-46 pid=3683872 baseline_merchants=92 log=/paperclip/instances/default/workspaces/3ec8f6dd-1735-4479-9825-a2c42edac34c/logs/buy30727_lane_cc_main_2024_46.log
[buy30727] 2026-06-05T23:59:51.187Z spawned CC-MAIN-2024-42 pid=3683910 baseline_merchants=91 log=/paperclip/instances/default/workspaces/3ec8f6dd-1735-4479-9825-a2c42edac34c/logs/buy30727_lane_cc_main_2024_42.log
[buy30727] 2026-06-05T23:59:52.714Z spawned CC-MAIN-2024-38 pid=3683983 baseline_merchants=36 log=/paperclip/instances/default/workspaces/3ec8f6dd-1735-4479-9825-a2c42edac34c/logs/buy30727_lane_cc_main_2024_38.log
[buy30727] 2026-06-06T00:00:24.249Z worker CC-MAIN-2025-08 pid=3683695 saturated#231(elapsed=38s new_merchants=0 remaining=695 cooldown=240m)
[buy30727] 2026-06-06T00:00:24.267Z worker CC-MAIN-2024-51 pid=3683837 saturated#231(elapsed=36s new_merchants=0 remaining=1545 cooldown=240m)
[buy30727] 2026-06-06T00:00:24.295Z worker CC-MAIN-2024-46 pid=3683872 saturated#231(elapsed=35s new_merchants=0 remaining=1592 cooldown=240m)
[buy30727] 2026-06-06T00:00:24.324Z worker CC-MAIN-2024-42 pid=3683910 saturated#231(elapsed=33s new_merchants=0 remaining=1420 cooldown=240m)
[buy30727] 2026-06-06T00:00:24.328Z worker CC-MAIN-2024-38 pid=3683983 saturated#231(elapsed=32s new_merchants=0 remaining=581 cooldown=240m)
[buy30727] 2026-06-06T00:00:24.332Z spawned CC-MAIN-2024-33 pid=3685348 baseline_merchants=88 log=/paperclip/instances/default/workspaces/3ec8f6dd-1735-4479-9825-a2c42edac34c/logs/buy30727_lane_cc_main_2024_33.log
[buy30727] 2026-06-06T00:00:25.840Z spawned CC-MAIN-2024-30 pid=3685372 baseline_merchants=17 log=/paperclip/instances/default/workspaces/3ec8f6dd-1735-4479-9825-a2c42edac34c/logs/buy30727_lane_cc_main_2024_30.log
[buy30727] 2026-06-06T00:00:27.350Z spawned CC-MAIN-2024-26 pid=3685395 baseline_merchants=7 log=/paperclip/instances/default/workspaces/3ec8f6dd-1735-4479-9825-a2c42edac34c/logs/buy30727_lane_cc_main_2024_26.log
[buy30727] 2026-06-06T00:00:28.858Z spawned CC-MAIN-2024-22 pid=3685423 baseline_merchants=13 log=/paperclip/instances/default/workspaces/3ec8f6dd-1735-4479-9825-a2c42edac34c/logs/buy30727_lane_cc_main_2024_22.log
[buy30727] 2026-06-06T00:00:30.377Z spawned CC-MAIN-2024-18 pid=3685451 baseline_merchants=62 log=/paperclip/instances/default/workspaces/3ec8f6dd-1735-4479-9825-a2c42edac34c/logs/buy30727_lane_cc_main_2024_18.log
[buy30727] 2026-06-06T00:01:01.923Z worker CC-MAIN-2024-33 pid=3685348 saturated#231(elapsed=38s new_merchants=0 remaining=508 cooldown=240m)
[buy30727] 2026-06-06T00:01:01.928Z worker CC-MAIN-2024-30 pid=3685372 saturated#231(elapsed=36s new_merchants=0 remaining=424 cooldown=240m)
[buy30727] 2026-06-06T00:01:01.933Z worker CC-MAIN-2024-26 pid=3685395 saturated#231(elapsed=35s new_merchants=0 remaining=401 cooldown=240m)
[buy30727] 2026-06-06T00:01:01.948Z worker CC-MAIN-2024-22 pid=3685423 saturated#231(elapsed=33s new_merchants=0 remaining=868 cooldown=240m)
[buy30727] 2026-06-06T00:01:01.969Z worker CC-MAIN-2024-18 pid=3685451 saturated#231(elapsed=32s new_merchants=0 remaining=1033 cooldown=240m)
[buy30727] 2026-06-06T00:01:01.973Z spawned CC-MAIN-2024-10 pid=3687967 baseline_merchants=4 log=/paperclip/instances/default/workspaces/3ec8f6dd-1735-4479-9825-a2c42edac34c/logs/buy30727_lane_cc_main_2024_10.log
[buy30727] 2026-06-06T00:01:03.500Z spawned CC-MAIN-2023-50 pid=3688219 baseline_merchants=4 log=/paperclip/instances/default/workspaces/3ec8f6dd-1735-4479-9825-a2c42edac34c/logs/buy30727_lane_cc_main_2023_50.log
[buy30727] 2026-06-06T00:01:05.010Z spawned CC-MAIN-2023-14 pid=3688317 baseline_merchants=53 log=/paperclip/instances/default/workspaces/3ec8f6dd-1735-4479-9825-a2c42edac34c/logs/buy30727_lane_cc_main_2023_14.log
[buy30727] 2026-06-06T00:01:06.518Z spawned CC-MAIN-2023-06 pid=3688373 baseline_merchants=45 log=/paperclip/instances/default/workspaces/3ec8f6dd-1735-4479-9825-a2c42edac34c/logs/buy30727_lane_cc_main_2023_06.log
[buy30727] 2026-06-06T00:01:08.027Z spawned CC-MAIN-2022-49 pid=3688461 baseline_merchants=5 log=/paperclip/instances/default/workspaces/3ec8f6dd-1735-4479-9825-a2c42edac34c/logs/buy30727_lane_cc_main_2022_49.log
[buy30727] 2026-06-06T00:01:39.575Z worker CC-MAIN-2024-10 pid=3687967 saturated#231(elapsed=38s new_merchants=0 remaining=794 cooldown=240m)
[buy30727] 2026-06-06T00:01:39.579Z worker CC-MAIN-2023-50 pid=3688219 saturated#231(elapsed=36s new_merchants=0 remaining=378 cooldown=240m)
[buy30727] 2026-06-06T00:01:39.582Z worker CC-MAIN-2023-14 pid=3688317 saturated#231(elapsed=35s new_merchants=0 remaining=248 cooldown=240m)
[buy30727] 2026-06-06T00:01:39.585Z worker CC-MAIN-2023-06 pid=3688373 saturated#231(elapsed=33s new_merchants=0 remaining=318 cooldown=240m)
[buy30727] 2026-06-06T00:01:39.592Z worker CC-MAIN-2022-49 pid=3688461 saturated#231(elapsed=32s new_merchants=0 remaining=323 cooldown=240m)
[buy30727] 2026-06-06T00:01:39.595Z spawned CC-MAIN-2022-40 pid=3690956 baseline_merchants=3 log=/paperclip/instances/default/workspaces/3ec8f6dd-1735-4479-9825-a2c42edac34c/logs/buy30727_lane_cc_main_2022_40.log
[buy30727] 2026-06-06T00:01:41.108Z spawned CC-MAIN-2026-21 pid=3691205 baseline_merchants=853 log=/paperclip/instances/default/workspaces/3ec8f6dd-1735-4479-9825-a2c42edac34c/logs/buy30727_lane_cc_main_2026_21.log
[buy30727] 2026-06-06T00:01:42.616Z spawned CC-MAIN-2026-17 pid=3691369 baseline_merchants=7 log=/paperclip/instances/default/workspaces/3ec8f6dd-1735-4479-9825-a2c42edac34c/logs/buy30727_lane_cc_main_2026_17.log
[buy30727] 2026-06-06T00:01:44.153Z spawned CC-MAIN-2025-18 pid=3691523 baseline_merchants=72 log=/paperclip/instances/default/workspaces/3ec8f6dd-1735-4479-9825-a2c42edac34c/logs/buy30727_lane_cc_main_2025_18.log
[buy30727] 2026-06-06T00:01:45.680Z spawned CC-MAIN-2025-05 pid=3691715 baseline_merchants=7 log=/paperclip/instances/default/workspaces/3ec8f6dd-1735-4479-9825-a2c42edac34c/logs/buy30727_lane_cc_main_2025_05.log
[buy30727] 2026-06-06T00:01:47.236Z tick=310 active=5 drained=20 saturated=27 known_merchants=15747 status=[CC-MAIN-2022-40:295/15515, CC-MAIN-2026-21:862/10577, CC-MAIN-2026-17:3255/37593, CC-MAIN-2025-18:2382/46657, CC-MAIN-2025-05:625/14379]
[buy30727] 2026-06-06T00:02:17.276Z worker CC-MAIN-2022-40 pid=3690956 saturated#231(elapsed=38s new_merchants=0 remaining=295 cooldown=240m)
[buy30727] 2026-06-06T00:02:17.294Z worker CC-MAIN-2026-21 pid=3691205 saturated#231(elapsed=36s new_merchants=0 remaining=862 cooldown=240m)
[buy30727] 2026-06-06T00:02:17.325Z worker CC-MAIN-2026-17 pid=3691369 saturated#232(elapsed=35s new_merchants=0 remaining=3255 cooldown=240m)
[buy30727] 2026-06-06T00:02:17.369Z worker CC-MAIN-2025-18 pid=3691523 saturated#232(elapsed=33s new_merchants=0 remaining=2382 cooldown=240m)
[buy30727] 2026-06-06T00:02:17.378Z worker CC-MAIN-2025-05 pid=3691715 saturated#232(elapsed=32s new_merchants=0 remaining=625 cooldown=240m)
[buy30727] 2026-06-06T00:02:17.385Z spawned CC-MAIN-2025-47 pid=3695706 baseline_merchants=1421 log=/paperclip/instances/default/workspaces/3ec8f6dd-1735-4479-9825-a2c42edac34c/logs/buy30727_lane_cc_main_2025_47.log
[buy30727] 2026-06-06T00:02:18.961Z spawned CC-MAIN-2025-51 pid=3695794 baseline_merchants=236 log=/paperclip/instances/default/workspaces/3ec8f6dd-1735-4479-9825-a2c42edac34c/logs/buy30727_lane_cc_main_2025_51.log
[buy30727] 2026-06-06T00:02:20.513Z spawned CC-MAIN-2025-43 pid=3695848 baseline_merchants=88 log=/paperclip/instances/default/workspaces/3ec8f6dd-1735-4479-9825-a2c42edac34c/logs/buy30727_lane_cc_main_2025_43.log
[buy30727] 2026-06-06T00:02:22.044Z spawned CC-MAIN-2025-38 pid=3695878 baseline_merchants=28 log=/paperclip/instances/default/workspaces/3ec8f6dd-1735-4479-9825-a2c42edac34c/logs/buy30727_lane_cc_main_2025_38.log
[buy30727] 2026-06-06T00:02:23.568Z spawned CC-MAIN-2025-33 pid=3696006 baseline_merchants=13 log=/paperclip/instances/default/workspaces/3ec8f6dd-1735-4479-9825-a2c42edac34c/logs/buy30727_lane_cc_main_2025_33.log
[buy30727] 2026-06-06T00:02:55.131Z worker CC-MAIN-2025-47 pid=3695706 saturated#232(elapsed=38s new_merchants=0 remaining=2294 cooldown=240m)
[buy30727] 2026-06-06T00:02:55.152Z worker CC-MAIN-2025-51 pid=3695794 saturated#232(elapsed=36s new_merchants=0 remaining=2895 cooldown=240m)
[buy30727] 2026-06-06T00:02:55.178Z worker CC-MAIN-2025-43 pid=3695848 saturated#232(elapsed=35s new_merchants=0 remaining=1897 cooldown=240m)
[buy30727] 2026-06-06T00:02:55.195Z worker CC-MAIN-2025-38 pid=3695878 saturated#232(elapsed=33s new_merchants=0 remaining=1980 cooldown=240m)
[buy30727] 2026-06-06T00:02:55.206Z worker CC-MAIN-2025-33 pid=3696006 saturated#232(elapsed=32s new_merchants=0 remaining=2151 cooldown=240m)
[buy30727] 2026-06-06T00:02:55.210Z spawned CC-MAIN-2025-30 pid=3698105 baseline_merchants=136 log=/paperclip/instances/default/workspaces/3ec8f6dd-1735-4479-9825-a2c42edac34c/logs/buy30727_lane_cc_main_2025_30.log
[buy30727] 2026-06-06T00:02:56.733Z spawned CC-MAIN-2025-26 pid=3698352 baseline_merchants=18 log=/paperclip/instances/default/workspaces/3ec8f6dd-1735-4479-9825-a2c42edac34c/logs/buy30727_lane_cc_main_2025_26.log
[buy30727] 2026-06-06T00:02:58.244Z spawned CC-MAIN-2025-08 pid=3698474 baseline_merchants=7 log=/paperclip/instances/default/workspaces/3ec8f6dd-1735-4479-9825-a2c42edac34c/logs/buy30727_lane_cc_main_2025_08.log
[buy30727] 2026-06-06T00:02:59.753Z spawned CC-MAIN-2024-51 pid=3698581 baseline_merchants=427 log=/paperclip/instances/default/workspaces/3ec8f6dd-1735-4479-9825-a2c42edac34c/logs/buy30727_lane_cc_main_2024_51.log
[buy30727] 2026-06-06T00:03:01.270Z spawned CC-MAIN-2024-46 pid=3698743 baseline_merchants=92 log=/paperclip/instances/default/workspaces/3ec8f6dd-1735-4479-9825-a2c42edac34c/logs/buy30727_lane_cc_main_2024_46.log
[buy30727] 2026-06-06T00:03:32.829Z worker CC-MAIN-2025-30 pid=3698105 saturated#232(elapsed=38s new_merchants=0 remaining=2171 cooldown=240m)
[buy30727] 2026-06-06T00:03:32.836Z worker CC-MAIN-2025-26 pid=3698352 saturated#232(elapsed=36s new_merchants=0 remaining=744 cooldown=240m)
[buy30727] 2026-06-06T00:03:32.842Z worker CC-MAIN-2025-08 pid=3698474 saturated#232(elapsed=35s new_merchants=0 remaining=695 cooldown=240m)
[buy30727] 2026-06-06T00:03:32.857Z worker CC-MAIN-2024-51 pid=3698581 saturated#232(elapsed=33s new_merchants=0 remaining=1545 cooldown=240m)
[buy30727] 2026-06-06T00:03:32.876Z worker CC-MAIN-2024-46 pid=3698743 saturated#232(elapsed=32s new_merchants=0 remaining=1592 cooldown=240m)
[buy30727] 2026-06-06T00:03:32.879Z spawned CC-MAIN-2024-42 pid=3700273 baseline_merchants=91 log=/paperclip/instances/default/workspaces/3ec8f6dd-1735-4479-9825-a2c42edac34c/logs/buy30727_lane_cc_main_2024_42.log
[buy30727] 2026-06-06T00:03:34.405Z spawned CC-MAIN-2024-38 pid=3700296 baseline_merchants=36 log=/paperclip/instances/default/workspaces/3ec8f6dd-1735-4479-9825-a2c42edac34c/logs/buy30727_lane_cc_main_2024_38.log
[buy30727] 2026-06-06T00:03:35.916Z spawned CC-MAIN-2024-33 pid=3700326 baseline_merchants=88 log=/paperclip/instances/default/workspaces/3ec8f6dd-1735-4479-9825-a2c42edac34c/logs/buy30727_lane_cc_main_2024_33.log
[buy30727] 2026-06-06T00:03:37.426Z spawned CC-MAIN-2024-30 pid=3700351 baseline_merchants=17 log=/paperclip/instances/default/workspaces/3ec8f6dd-1735-4479-9825-a2c42edac34c/logs/buy30727_lane_cc_main_2024_30.log
[buy30727] 2026-06-06T00:03:38.935Z spawned CC-MAIN-2024-26 pid=3700423 baseline_merchants=7 log=/paperclip/instances/default/workspaces/3ec8f6dd-1735-4479-9825-a2c42edac34c/logs/buy30727_lane_cc_main_2024_26.log
[buy30727] 2026-06-06T00:04:10.494Z worker CC-MAIN-2024-42 pid=3700273 saturated#232(elapsed=38s new_merchants=0 remaining=1420 cooldown=240m)
[buy30727] 2026-06-06T00:04:10.502Z worker CC-MAIN-2024-38 pid=3700296 saturated#232(elapsed=36s new_merchants=0 remaining=581 cooldown=240m)
[buy30727] 2026-06-06T00:04:10.509Z worker CC-MAIN-2024-33 pid=3700326 saturated#232(elapsed=35s new_merchants=0 remaining=508 cooldown=240m)
[buy30727] 2026-06-06T00:04:10.515Z worker CC-MAIN-2024-30 pid=3700351 saturated#232(elapsed=33s new_merchants=0 remaining=424 cooldown=240m)
[buy30727] 2026-06-06T00:04:10.519Z worker CC-MAIN-2024-26 pid=3700423 saturated#232(elapsed=32s new_merchants=0 remaining=401 cooldown=240m)
[buy30727] 2026-06-06T00:04:10.523Z spawned CC-MAIN-2024-22 pid=3701632 baseline_merchants=13 log=/paperclip/instances/default/workspaces/3ec8f6dd-1735-4479-9825-a2c42edac34c/logs/buy30727_lane_cc_main_2024_22.log
[buy30727] 2026-06-06T00:04:12.042Z spawned CC-MAIN-2024-18 pid=3701697 baseline_merchants=62 log=/paperclip/instances/default/workspaces/3ec8f6dd-1735-4479-9825-a2c42edac34c/logs/buy30727_lane_cc_main_2024_18.log
[buy30727] 2026-06-06T00:04:13.559Z spawned CC-MAIN-2024-10 pid=3701726 baseline_merchants=4 log=/paperclip/instances/default/workspaces/3ec8f6dd-1735-4479-9825-a2c42edac34c/logs/buy30727_lane_cc_main_2024_10.log
[buy30727] 2026-06-06T00:04:15.077Z spawned CC-MAIN-2023-50 pid=3701787 baseline_merchants=4 log=/paperclip/instances/default/workspaces/3ec8f6dd-1735-4479-9825-a2c42edac34c/logs/buy30727_lane_cc_main_2023_50.log
[buy30727] 2026-06-06T00:04:16.586Z spawned CC-MAIN-2023-14 pid=3701965 baseline_merchants=53 log=/paperclip/instances/default/workspaces/3ec8f6dd-1735-4479-9825-a2c42edac34c/logs/buy30727_lane_cc_main_2023_14.log
[buy30727] 2026-06-06T00:04:48.141Z worker CC-MAIN-2024-22 pid=3701632 saturated#232(elapsed=38s new_merchants=0 remaining=868 cooldown=240m)
[buy30727] 2026-06-06T00:04:48.166Z worker CC-MAIN-2024-18 pid=3701697 saturated#232(elapsed=36s new_merchants=0 remaining=1033 cooldown=240m)
[buy30727] 2026-06-06T00:04:48.175Z worker CC-MAIN-2024-10 pid=3701726 saturated#232(elapsed=35s new_merchants=0 remaining=794 cooldown=240m)
[buy30727] 2026-06-06T00:04:48.180Z worker CC-MAIN-2023-50 pid=3701787 saturated#232(elapsed=33s new_merchants=0 remaining=378 cooldown=240m)
[buy30727] 2026-06-06T00:04:48.183Z worker CC-MAIN-2023-14 pid=3701965 saturated#232(elapsed=32s new_merchants=0 remaining=248 cooldown=240m)
[buy30727] 2026-06-06T00:04:48.186Z spawned CC-MAIN-2023-06 pid=3702971 baseline_merchants=45 log=/paperclip/instances/default/workspaces/3ec8f6dd-1735-4479-9825-a2c42edac34c/logs/buy30727_lane_cc_main_2023_06.log
[buy30727] 2026-06-06T00:04:49.698Z spawned CC-MAIN-2022-49 pid=3702995 baseline_merchants=5 log=/paperclip/instances/default/workspaces/3ec8f6dd-1735-4479-9825-a2c42edac34c/logs/buy30727_lane_cc_main_2022_49.log
[buy30727] 2026-06-06T00:04:51.210Z spawned CC-MAIN-2022-40 pid=3703028 baseline_merchants=3 log=/paperclip/instances/default/workspaces/3ec8f6dd-1735-4479-9825-a2c42edac34c/logs/buy30727_lane_cc_main_2022_40.log
[buy30727] 2026-06-06T00:04:52.723Z spawned CC-MAIN-2026-21 pid=3703064 baseline_merchants=853 log=/paperclip/instances/default/workspaces/3ec8f6dd-1735-4479-9825-a2c42edac34c/logs/buy30727_lane_cc_main_2026_21.log
[buy30727] 2026-06-06T00:04:54.229Z spawned CC-MAIN-2026-17 pid=3703089 baseline_merchants=7 log=/paperclip/instances/default/workspaces/3ec8f6dd-1735-4479-9825-a2c42edac34c/logs/buy30727_lane_cc_main_2026_17.log
[buy30727] 2026-06-06T00:05:25.752Z worker CC-MAIN-2023-06 pid=3702971 saturated#232(elapsed=38s new_merchants=0 remaining=318 cooldown=240m)
[buy30727] 2026-06-06T00:05:25.758Z worker CC-MAIN-2022-49 pid=3702995 saturated#232(elapsed=36s new_merchants=0 remaining=323 cooldown=240m)
[buy30727] 2026-06-06T00:05:25.766Z worker CC-MAIN-2022-40 pid=3703028 saturated#232(elapsed=35s new_merchants=0 remaining=295 cooldown=240m)
[buy30727] 2026-06-06T00:05:25.770Z worker CC-MAIN-2026-21 pid=3703064 saturated#232(elapsed=33s new_merchants=0 remaining=862 cooldown=240m)
[buy30727] 2026-06-06T00:05:25.784Z worker CC-MAIN-2026-17 pid=3703089 saturated#233(elapsed=32s new_merchants=0 remaining=3255 cooldown=240m)
[buy30727] 2026-06-06T00:05:25.787Z spawned CC-MAIN-2025-18 pid=3704218 baseline_merchants=72 log=/paperclip/instances/default/workspaces/3ec8f6dd-1735-4479-9825-a2c42edac34c/logs/buy30727_lane_cc_main_2025_18.log
[buy30727] 2026-06-06T00:05:27.312Z spawned CC-MAIN-2025-05 pid=3704278 baseline_merchants=7 log=/paperclip/instances/default/workspaces/3ec8f6dd-1735-4479-9825-a2c42edac34c/logs/buy30727_lane_cc_main_2025_05.log
[buy30727] 2026-06-06T00:05:28.821Z spawned CC-MAIN-2025-47 pid=3704309 baseline_merchants=1421 log=/paperclip/instances/default/workspaces/3ec8f6dd-1735-4479-9825-a2c42edac34c/logs/buy30727_lane_cc_main_2025_47.log
[buy30727] 2026-06-06T00:05:30.346Z spawned CC-MAIN-2025-51 pid=3704336 baseline_merchants=236 log=/paperclip/instances/default/workspaces/3ec8f6dd-1735-4479-9825-a2c42edac34c/logs/buy30727_lane_cc_main_2025_51.log
[buy30727] 2026-06-06T00:05:31.865Z spawned CC-MAIN-2025-43 pid=3704369 baseline_merchants=88 log=/paperclip/instances/default/workspaces/3ec8f6dd-1735-4479-9825-a2c42edac34c/logs/buy30727_lane_cc_main_2025_43.log
[buy30727] 2026-06-06T00:06:03.409Z worker CC-MAIN-2025-18 pid=3704218 saturated#233(elapsed=38s new_merchants=0 remaining=2382 cooldown=240m)
[buy30727] 2026-06-06T00:06:03.415Z worker CC-MAIN-2025-05 pid=3704278 saturated#233(elapsed=36s new_merchants=0 remaining=625 cooldown=240m)
[buy30727] 2026-06-06T00:06:03.431Z worker CC-MAIN-2025-47 pid=3704309 saturated#233(elapsed=35s new_merchants=0 remaining=2294 cooldown=240m)
[buy30727] 2026-06-06T00:06:03.449Z worker CC-MAIN-2025-51 pid=3704336 saturated#233(elapsed=33s new_merchants=0 remaining=2895 cooldown=240m)
[buy30727] 2026-06-06T00:06:03.468Z worker CC-MAIN-2025-43 pid=3704369 saturated#233(elapsed=32s new_merchants=0 remaining=1897 cooldown=240m)
[buy30727] 2026-06-06T00:06:03.472Z spawned CC-MAIN-2025-38 pid=3706581 baseline_merchants=28 log=/paperclip/instances/default/workspaces/3ec8f6dd-1735-4479-9825-a2c42edac34c/logs/buy30727_lane_cc_main_2025_38.log
[buy30727] 2026-06-06T00:06:05.005Z spawned CC-MAIN-2025-33 pid=3706632 baseline_merchants=13 log=/paperclip/instances/default/workspaces/3ec8f6dd-1735-4479-9825-a2c42edac34c/logs/buy30727_lane_cc_main_2025_33.log
[buy30727] 2026-06-06T00:06:06.522Z spawned CC-MAIN-2025-30 pid=3706660 baseline_merchants=136 log=/paperclip/instances/default/workspaces/3ec8f6dd-1735-4479-9825-a2c42edac34c/logs/buy30727_lane_cc_main_2025_30.log
[buy30727] 2026-06-06T00:06:08.040Z spawned CC-MAIN-2025-26 pid=3706891 baseline_merchants=18 log=/paperclip/instances/default/workspaces/3ec8f6dd-1735-4479-9825-a2c42edac34c/logs/buy30727_lane_cc_main_2025_26.log
[buy30727] 2026-06-06T00:06:09.549Z spawned CC-MAIN-2025-08 pid=3706970 baseline_merchants=7 log=/paperclip/instances/default/workspaces/3ec8f6dd-1735-4479-9825-a2c42edac34c/logs/buy30727_lane_cc_main_2025_08.log
[buy30727] 2026-06-06T00:06:41.083Z worker CC-MAIN-2025-38 pid=3706581 saturated#233(elapsed=38s new_merchants=0 remaining=1980 cooldown=240m)
[buy30727] 2026-06-06T00:06:41.107Z worker CC-MAIN-2025-33 pid=3706632 saturated#233(elapsed=36s new_merchants=0 remaining=2151 cooldown=240m)
[buy30727] 2026-06-06T00:06:41.130Z worker CC-MAIN-2025-30 pid=3706660 saturated#233(elapsed=35s new_merchants=0 remaining=2171 cooldown=240m)
[buy30727] 2026-06-06T00:06:41.135Z worker CC-MAIN-2025-26 pid=3706891 saturated#233(elapsed=33s new_merchants=0 remaining=744 cooldown=240m)
[buy30727] 2026-06-06T00:06:41.139Z worker CC-MAIN-2025-08 pid=3706970 saturated#233(elapsed=32s new_merchants=0 remaining=695 cooldown=240m)
[buy30727] 2026-06-06T00:06:41.143Z spawned CC-MAIN-2024-51 pid=3709695 baseline_merchants=427 log=/paperclip/instances/default/workspaces/3ec8f6dd-1735-4479-9825-a2c42edac34c/logs/buy30727_lane_cc_main_2024_51.log
[buy30727] 2026-06-06T00:06:42.671Z spawned CC-MAIN-2024-46 pid=3709813 baseline_merchants=92 log=/paperclip/instances/default/workspaces/3ec8f6dd-1735-4479-9825-a2c42edac34c/logs/buy30727_lane_cc_main_2024_46.log
[buy30727] 2026-06-06T00:06:44.197Z spawned CC-MAIN-2024-42 pid=3709842 baseline_merchants=91 log=/paperclip/instances/default/workspaces/3ec8f6dd-1735-4479-9825-a2c42edac34c/logs/buy30727_lane_cc_main_2024_42.log
[buy30727] 2026-06-06T00:06:45.719Z spawned CC-MAIN-2024-38 pid=3709944 baseline_merchants=36 log=/paperclip/instances/default/workspaces/3ec8f6dd-1735-4479-9825-a2c42edac34c/logs/buy30727_lane_cc_main_2024_38.log
[buy30727] 2026-06-06T00:06:47.231Z spawned CC-MAIN-2024-33 pid=3710007 baseline_merchants=88 log=/paperclip/instances/default/workspaces/3ec8f6dd-1735-4479-9825-a2c42edac34c/logs/buy30727_lane_cc_main_2024_33.log
[buy30727] 2026-06-06T00:07:18.818Z worker CC-MAIN-2024-51 pid=3709695 saturated#233(elapsed=38s new_merchants=0 remaining=1545 cooldown=240m)
[buy30727] 2026-06-06T00:07:18.870Z worker CC-MAIN-2024-46 pid=3709813 saturated#233(elapsed=36s new_merchants=0 remaining=1592 cooldown=240m)
[buy30727] 2026-06-06T00:07:18.924Z worker CC-MAIN-2024-42 pid=3709842 saturated#233(elapsed=35s new_merchants=0 remaining=1420 cooldown=240m)
[buy30727] 2026-06-06T00:07:18.931Z worker CC-MAIN-2024-38 pid=3709944 saturated#233(elapsed=33s new_merchants=0 remaining=581 cooldown=240m)
[buy30727] 2026-06-06T00:07:18.938Z worker CC-MAIN-2024-33 pid=3710007 saturated#233(elapsed=32s new_merchants=0 remaining=508 cooldown=240m)
[buy30727] 2026-06-06T00:07:18.944Z spawned CC-MAIN-2024-30 pid=3712423 baseline_merchants=17 log=/paperclip/instances/default/workspaces/3ec8f6dd-1735-4479-9825-a2c42edac34c/logs/buy30727_lane_cc_main_2024_30.log
[buy30727] 2026-06-06T00:07:20.456Z spawned CC-MAIN-2024-26 pid=3712520 baseline_merchants=7 log=/paperclip/instances/default/workspaces/3ec8f6dd-1735-4479-9825-a2c42edac34c/logs/buy30727_lane_cc_main_2024_26.log
[buy30727] 2026-06-06T00:07:21.969Z spawned CC-MAIN-2024-22 pid=3712603 baseline_merchants=13 log=/paperclip/instances/default/workspaces/3ec8f6dd-1735-4479-9825-a2c42edac34c/logs/buy30727_lane_cc_main_2024_22.log
[buy30727] 2026-06-06T00:07:23.511Z spawned CC-MAIN-2024-18 pid=3712691 baseline_merchants=62 log=/paperclip/instances/default/workspaces/3ec8f6dd-1735-4479-9825-a2c42edac34c/logs/buy30727_lane_cc_main_2024_18.log
[buy30727] 2026-06-06T00:07:25.030Z spawned CC-MAIN-2024-10 pid=3712821 baseline_merchants=4 log=/paperclip/instances/default/workspaces/3ec8f6dd-1735-4479-9825-a2c42edac34c/logs/buy30727_lane_cc_main_2024_10.log
[buy30727] 2026-06-06T00:07:56.571Z worker CC-MAIN-2024-30 pid=3712423 saturated#233(elapsed=38s new_merchants=0 remaining=424 cooldown=240m)
[buy30727] 2026-06-06T00:07:56.576Z worker CC-MAIN-2024-26 pid=3712520 saturated#233(elapsed=36s new_merchants=0 remaining=401 cooldown=240m)
[buy30727] 2026-06-06T00:07:56.592Z worker CC-MAIN-2024-22 pid=3712603 saturated#233(elapsed=35s new_merchants=0 remaining=868 cooldown=240m)
[buy30727] 2026-06-06T00:07:56.614Z worker CC-MAIN-2024-18 pid=3712691 saturated#233(elapsed=33s new_merchants=0 remaining=1033 cooldown=240m)
[buy30727] 2026-06-06T00:07:56.628Z worker CC-MAIN-2024-10 pid=3712821 saturated#233(elapsed=32s new_merchants=0 remaining=794 cooldown=240m)
[buy30727] 2026-06-06T00:07:56.633Z spawned CC-MAIN-2023-50 pid=3715099 baseline_merchants=4 log=/paperclip/instances/default/workspaces/3ec8f6dd-1735-4479-9825-a2c42edac34c/logs/buy30727_lane_cc_main_2023_50.log
[buy30727] 2026-06-06T00:07:58.155Z spawned CC-MAIN-2023-14 pid=3715185 baseline_merchants=53 log=/paperclip/instances/default/workspaces/3ec8f6dd-1735-4479-9825-a2c42edac34c/logs/buy30727_lane_cc_main_2023_14.log
[buy30727] 2026-06-06T00:07:59.664Z spawned CC-MAIN-2023-06 pid=3715313 baseline_merchants=45 log=/paperclip/instances/default/workspaces/3ec8f6dd-1735-4479-9825-a2c42edac34c/logs/buy30727_lane_cc_main_2023_06.log
[buy30727] 2026-06-06T00:08:01.174Z spawned CC-MAIN-2022-49 pid=3715479 baseline_merchants=5 log=/paperclip/instances/default/workspaces/3ec8f6dd-1735-4479-9825-a2c42edac34c/logs/buy30727_lane_cc_main_2022_49.log
[buy30727] 2026-06-06T00:08:02.686Z spawned CC-MAIN-2022-40 pid=3715649 baseline_merchants=3 log=/paperclip/instances/default/workspaces/3ec8f6dd-1735-4479-9825-a2c42edac34c/logs/buy30727_lane_cc_main_2022_40.log
[buy30727] 2026-06-06T00:08:04.223Z tick=320 active=5 drained=20 saturated=27 known_merchants=15747 status=[CC-MAIN-2023-50:378/14186, CC-MAIN-2023-14:248/11465, CC-MAIN-2023-06:318/15760, CC-MAIN-2022-49:323/15977, CC-MAIN-2022-40:295/15515]
[buy30727] 2026-06-06T00:08:34.258Z worker CC-MAIN-2023-50 pid=3715099 saturated#233(elapsed=38s new_merchants=0 remaining=378 cooldown=240m)
[buy30727] 2026-06-06T00:08:34.261Z worker CC-MAIN-2023-14 pid=3715185 saturated#233(elapsed=36s new_merchants=0 remaining=248 cooldown=240m)
[buy30727] 2026-06-06T00:08:34.266Z worker CC-MAIN-2023-06 pid=3715313 saturated#233(elapsed=35s new_merchants=0 remaining=318 cooldown=240m)
[buy30727] 2026-06-06T00:08:34.272Z worker CC-MAIN-2022-49 pid=3715479 saturated#233(elapsed=33s new_merchants=0 remaining=323 cooldown=240m)
[buy30727] 2026-06-06T00:08:34.280Z worker CC-MAIN-2022-40 pid=3715649 saturated#233(elapsed=32s new_merchants=0 remaining=295 cooldown=240m)
[buy30727] 2026-06-06T00:08:34.285Z spawned CC-MAIN-2026-21 pid=3717585 baseline_merchants=853 log=/paperclip/instances/default/workspaces/3ec8f6dd-1735-4479-9825-a2c42edac34c/logs/buy30727_lane_cc_main_2026_21.log
[buy30727] 2026-06-06T00:08:35.794Z spawned CC-MAIN-2026-17 pid=3717610 baseline_merchants=7 log=/paperclip/instances/default/workspaces/3ec8f6dd-1735-4479-9825-a2c42edac34c/logs/buy30727_lane_cc_main_2026_17.log
[buy30727] 2026-06-06T00:08:37.314Z spawned CC-MAIN-2025-18 pid=3717709 baseline_merchants=72 log=/paperclip/instances/default/workspaces/3ec8f6dd-1735-4479-9825-a2c42edac34c/logs/buy30727_lane_cc_main_2025_18.log
[buy30727] 2026-06-06T00:08:38.835Z spawned CC-MAIN-2025-05 pid=3717731 baseline_merchants=7 log=/paperclip/instances/default/workspaces/3ec8f6dd-1735-4479-9825-a2c42edac34c/logs/buy30727_lane_cc_main_2025_05.log
[buy30727] 2026-06-06T00:08:40.343Z spawned CC-MAIN-2025-47 pid=3717801 baseline_merchants=1421 log=/paperclip/instances/default/workspaces/3ec8f6dd-1735-4479-9825-a2c42edac34c/logs/buy30727_lane_cc_main_2025_47.log
[buy30727] 2026-06-06T00:09:11.894Z worker CC-MAIN-2026-21 pid=3717585 saturated#233(elapsed=38s new_merchants=0 remaining=862 cooldown=240m)
[buy30727] 2026-06-06T00:09:11.903Z worker CC-MAIN-2026-17 pid=3717610 saturated#234(elapsed=36s new_merchants=0 remaining=3255 cooldown=240m)
[buy30727] 2026-06-06T00:09:11.917Z worker CC-MAIN-2025-18 pid=3717709 saturated#234(elapsed=35s new_merchants=0 remaining=2382 cooldown=240m)
[buy30727] 2026-06-06T00:09:11.919Z worker CC-MAIN-2025-05 pid=3717731 saturated#234(elapsed=33s new_merchants=0 remaining=625 cooldown=240m)
[buy30727] 2026-06-06T00:09:11.933Z worker CC-MAIN-2025-47 pid=3717801 saturated#234(elapsed=32s new_merchants=0 remaining=2294 cooldown=240m)
[buy30727] 2026-06-06T00:09:11.937Z spawned CC-MAIN-2025-51 pid=3718983 baseline_merchants=236 log=/paperclip/instances/default/workspaces/3ec8f6dd-1735-4479-9825-a2c42edac34c/logs/buy30727_lane_cc_main_2025_51.log
[buy30727] 2026-06-06T00:09:13.455Z spawned CC-MAIN-2025-43 pid=3719106 baseline_merchants=88 log=/paperclip/instances/default/workspaces/3ec8f6dd-1735-4479-9825-a2c42edac34c/logs/buy30727_lane_cc_main_2025_43.log
[buy30727] 2026-06-06T00:09:14.979Z spawned CC-MAIN-2025-38 pid=3719145 baseline_merchants=28 log=/paperclip/instances/default/workspaces/3ec8f6dd-1735-4479-9825-a2c42edac34c/logs/buy30727_lane_cc_main_2025_38.log
[buy30727] 2026-06-06T00:09:16.511Z spawned CC-MAIN-2025-33 pid=3719184 baseline_merchants=13 log=/paperclip/instances/default/workspaces/3ec8f6dd-1735-4479-9825-a2c42edac34c/logs/buy30727_lane_cc_main_2025_33.log
[buy30727] 2026-06-06T00:09:18.051Z spawned CC-MAIN-2025-30 pid=3719243 baseline_merchants=136 log=/paperclip/instances/default/workspaces/3ec8f6dd-1735-4479-9825-a2c42edac34c/logs/buy30727_lane_cc_main_2025_30.log
[buy30727] 2026-06-06T00:09:49.617Z worker CC-MAIN-2025-51 pid=3718983 saturated#234(elapsed=38s new_merchants=0 remaining=2895 cooldown=240m)
[buy30727] 2026-06-06T00:09:49.626Z worker CC-MAIN-2025-43 pid=3719106 saturated#234(elapsed=36s new_merchants=0 remaining=1897 cooldown=240m)
[buy30727] 2026-06-06T00:09:49.645Z worker CC-MAIN-2025-38 pid=3719145 saturated#234(elapsed=35s new_merchants=0 remaining=1980 cooldown=240m)
[buy30727] 2026-06-06T00:09:49.669Z worker CC-MAIN-2025-33 pid=3719184 saturated#234(elapsed=33s new_merchants=0 remaining=2151 cooldown=240m)
[buy30727] 2026-06-06T00:09:49.691Z worker CC-MAIN-2025-30 pid=3719243 saturated#234(elapsed=32s new_merchants=0 remaining=2171 cooldown=240m)
[buy30727] 2026-06-06T00:09:49.695Z spawned CC-MAIN-2025-26 pid=3720242 baseline_merchants=18 log=/paperclip/instances/default/workspaces/3ec8f6dd-1735-4479-9825-a2c42edac34c/logs/buy30727_lane_cc_main_2025_26.log
[buy30727] 2026-06-06T00:09:51.207Z spawned CC-MAIN-2025-08 pid=3720292 baseline_merchants=7 log=/paperclip/instances/default/workspaces/3ec8f6dd-1735-4479-9825-a2c42edac34c/logs/buy30727_lane_cc_main_2025_08.log
[buy30727] 2026-06-06T00:09:52.723Z spawned CC-MAIN-2024-51 pid=3720337 baseline_merchants=427 log=/paperclip/instances/default/workspaces/3ec8f6dd-1735-4479-9825-a2c42edac34c/logs/buy30727_lane_cc_main_2024_51.log
[buy30727] 2026-06-06T00:09:54.283Z spawned CC-MAIN-2024-46 pid=3720359 baseline_merchants=92 log=/paperclip/instances/default/workspaces/3ec8f6dd-1735-4479-9825-a2c42edac34c/logs/buy30727_lane_cc_main_2024_46.log
[buy30727] 2026-06-06T00:09:55.890Z spawned CC-MAIN-2024-42 pid=3720385 baseline_merchants=91 log=/paperclip/instances/default/workspaces/3ec8f6dd-1735-4479-9825-a2c42edac34c/logs/buy30727_lane_cc_main_2024_42.log
[buy30727] 2026-06-06T00:10:27.437Z worker CC-MAIN-2025-26 pid=3720242 saturated#234(elapsed=38s new_merchants=0 remaining=744 cooldown=240m)
[buy30727] 2026-06-06T00:10:27.443Z worker CC-MAIN-2025-08 pid=3720292 saturated#234(elapsed=36s new_merchants=0 remaining=695 cooldown=240m)
[buy30727] 2026-06-06T00:10:27.461Z worker CC-MAIN-2024-51 pid=3720337 saturated#234(elapsed=35s new_merchants=0 remaining=1545 cooldown=240m)
[buy30727] 2026-06-06T00:10:27.485Z worker CC-MAIN-2024-46 pid=3720359 saturated#234(elapsed=33s new_merchants=0 remaining=1592 cooldown=240m)
[buy30727] 2026-06-06T00:10:27.512Z worker CC-MAIN-2024-42 pid=3720385 saturated#234(elapsed=32s new_merchants=0 remaining=1420 cooldown=240m)
[buy30727] 2026-06-06T00:10:27.515Z spawned CC-MAIN-2024-38 pid=3721233 baseline_merchants=36 log=/paperclip/instances/default/workspaces/3ec8f6dd-1735-4479-9825-a2c42edac34c/logs/buy30727_lane_cc_main_2024_38.log
[buy30727] 2026-06-06T00:10:29.027Z spawned CC-MAIN-2024-33 pid=3721266 baseline_merchants=88 log=/paperclip/instances/default/workspaces/3ec8f6dd-1735-4479-9825-a2c42edac34c/logs/buy30727_lane_cc_main_2024_33.log
[buy30727] 2026-06-06T00:10:30.537Z spawned CC-MAIN-2024-30 pid=3721290 baseline_merchants=17 log=/paperclip/instances/default/workspaces/3ec8f6dd-1735-4479-9825-a2c42edac34c/logs/buy30727_lane_cc_main_2024_30.log
[buy30727] 2026-06-06T00:10:32.048Z spawned CC-MAIN-2024-26 pid=3721336 baseline_merchants=7 log=/paperclip/instances/default/workspaces/3ec8f6dd-1735-4479-9825-a2c42edac34c/logs/buy30727_lane_cc_main_2024_26.log
[buy30727] 2026-06-06T00:10:33.563Z spawned CC-MAIN-2024-22 pid=3721371 baseline_merchants=13 log=/paperclip/instances/default/workspaces/3ec8f6dd-1735-4479-9825-a2c42edac34c/logs/buy30727_lane_cc_main_2024_22.log
[buy30727] 2026-06-06T00:11:05.133Z worker CC-MAIN-2024-38 pid=3721233 saturated#234(elapsed=38s new_merchants=0 remaining=581 cooldown=240m)
[buy30727] 2026-06-06T00:11:05.144Z worker CC-MAIN-2024-33 pid=3721266 saturated#234(elapsed=36s new_merchants=0 remaining=508 cooldown=240m)
[buy30727] 2026-06-06T00:11:05.150Z worker CC-MAIN-2024-30 pid=3721290 saturated#234(elapsed=35s new_merchants=0 remaining=424 cooldown=240m)
[buy30727] 2026-06-06T00:11:05.157Z worker CC-MAIN-2024-26 pid=3721336 saturated#234(elapsed=33s new_merchants=0 remaining=401 cooldown=240m)
[buy30727] 2026-06-06T00:11:05.177Z worker CC-MAIN-2024-22 pid=3721371 saturated#234(elapsed=32s new_merchants=0 remaining=868 cooldown=240m)
[buy30727] 2026-06-06T00:11:05.181Z spawned CC-MAIN-2024-18 pid=3723966 baseline_merchants=62 log=/paperclip/instances/default/workspaces/3ec8f6dd-1735-4479-9825-a2c42edac34c/logs/buy30727_lane_cc_main_2024_18.log
[buy30727] 2026-06-06T00:11:06.726Z spawned CC-MAIN-2024-10 pid=3724187 baseline_merchants=4 log=/paperclip/instances/default/workspaces/3ec8f6dd-1735-4479-9825-a2c42edac34c/logs/buy30727_lane_cc_main_2024_10.log
[buy30727] 2026-06-06T00:11:08.240Z spawned CC-MAIN-2023-50 pid=3724297 baseline_merchants=4 log=/paperclip/instances/default/workspaces/3ec8f6dd-1735-4479-9825-a2c42edac34c/logs/buy30727_lane_cc_main_2023_50.log
[buy30727] 2026-06-06T00:11:09.751Z spawned CC-MAIN-2023-14 pid=3724357 baseline_merchants=53 log=/paperclip/instances/default/workspaces/3ec8f6dd-1735-4479-9825-a2c42edac34c/logs/buy30727_lane_cc_main_2023_14.log
[buy30727] 2026-06-06T00:11:11.261Z spawned CC-MAIN-2023-06 pid=3724537 baseline_merchants=45 log=/paperclip/instances/default/workspaces/3ec8f6dd-1735-4479-9825-a2c42edac34c/logs/buy30727_lane_cc_main_2023_06.log
[buy30727] 2026-06-06T00:11:42.803Z worker CC-MAIN-2024-18 pid=3723966 saturated#234(elapsed=38s new_merchants=0 remaining=1033 cooldown=240m)
[buy30727] 2026-06-06T00:11:42.819Z worker CC-MAIN-2024-10 pid=3724187 saturated#234(elapsed=36s new_merchants=0 remaining=794 cooldown=240m)
[buy30727] 2026-06-06T00:11:42.823Z worker CC-MAIN-2023-50 pid=3724297 saturated#234(elapsed=35s new_merchants=0 remaining=378 cooldown=240m)
[buy30727] 2026-06-06T00:11:42.827Z worker CC-MAIN-2023-14 pid=3724357 saturated#234(elapsed=33s new_merchants=0 remaining=248 cooldown=240m)
[buy30727] 2026-06-06T00:11:42.833Z worker CC-MAIN-2023-06 pid=3724537 saturated#234(elapsed=32s new_merchants=0 remaining=318 cooldown=240m)
[buy30727] 2026-06-06T00:11:42.837Z spawned CC-MAIN-2022-49 pid=3726490 baseline_merchants=5 log=/paperclip/instances/default/workspaces/3ec8f6dd-1735-4479-9825-a2c42edac34c/logs/buy30727_lane_cc_main_2022_49.log
[buy30727] 2026-06-06T00:11:44.347Z spawned CC-MAIN-2022-40 pid=3726603 baseline_merchants=3 log=/paperclip/instances/default/workspaces/3ec8f6dd-1735-4479-9825-a2c42edac34c/logs/buy30727_lane_cc_main_2022_40.log
[buy30727] 2026-06-06T00:11:45.858Z spawned CC-MAIN-2026-21 pid=3726817 baseline_merchants=853 log=/paperclip/instances/default/workspaces/3ec8f6dd-1735-4479-9825-a2c42edac34c/logs/buy30727_lane_cc_main_2026_21.log
[buy30727] 2026-06-06T00:11:47.367Z spawned CC-MAIN-2026-17 pid=3726918 baseline_merchants=7 log=/paperclip/instances/default/workspaces/3ec8f6dd-1735-4479-9825-a2c42edac34c/logs/buy30727_lane_cc_main_2026_17.log
[buy30727] 2026-06-06T00:11:48.899Z spawned CC-MAIN-2025-18 pid=3727056 baseline_merchants=72 log=/paperclip/instances/default/workspaces/3ec8f6dd-1735-4479-9825-a2c42edac34c/logs/buy30727_lane_cc_main_2025_18.log
[buy30727] 2026-06-06T00:12:20.458Z worker CC-MAIN-2022-49 pid=3726490 saturated#234(elapsed=38s new_merchants=0 remaining=323 cooldown=240m)
[buy30727] 2026-06-06T00:12:20.463Z worker CC-MAIN-2022-40 pid=3726603 saturated#234(elapsed=36s new_merchants=0 remaining=295 cooldown=240m)
[buy30727] 2026-06-06T00:12:20.467Z worker CC-MAIN-2026-21 pid=3726817 saturated#234(elapsed=35s new_merchants=0 remaining=862 cooldown=240m)
[buy30727] 2026-06-06T00:12:20.482Z worker CC-MAIN-2026-17 pid=3726918 saturated#235(elapsed=33s new_merchants=0 remaining=3255 cooldown=240m)
[buy30727] 2026-06-06T00:12:20.513Z worker CC-MAIN-2025-18 pid=3727056 saturated#235(elapsed=32s new_merchants=0 remaining=2382 cooldown=240m)
[buy30727] 2026-06-06T00:12:20.517Z spawned CC-MAIN-2025-05 pid=3729434 baseline_merchants=7 log=/paperclip/instances/default/workspaces/3ec8f6dd-1735-4479-9825-a2c42edac34c/logs/buy30727_lane_cc_main_2025_05.log
[buy30727] 2026-06-06T00:12:22.030Z spawned CC-MAIN-2025-47 pid=3729470 baseline_merchants=1421 log=/paperclip/instances/default/workspaces/3ec8f6dd-1735-4479-9825-a2c42edac34c/logs/buy30727_lane_cc_main_2025_47.log
[buy30727] 2026-06-06T00:12:23.560Z spawned CC-MAIN-2025-51 pid=3729662 baseline_merchants=236 log=/paperclip/instances/default/workspaces/3ec8f6dd-1735-4479-9825-a2c42edac34c/logs/buy30727_lane_cc_main_2025_51.log
[buy30727] 2026-06-06T00:12:25.089Z spawned CC-MAIN-2025-43 pid=3729717 baseline_merchants=88 log=/paperclip/instances/default/workspaces/3ec8f6dd-1735-4479-9825-a2c42edac34c/logs/buy30727_lane_cc_main_2025_43.log
[buy30727] 2026-06-06T00:12:26.606Z spawned CC-MAIN-2025-38 pid=3729763 baseline_merchants=28 log=/paperclip/instances/default/workspaces/3ec8f6dd-1735-4479-9825-a2c42edac34c/logs/buy30727_lane_cc_main_2025_38.log
[buy30727] 2026-06-06T00:12:58.158Z worker CC-MAIN-2025-05 pid=3729434 saturated#235(elapsed=38s new_merchants=0 remaining=625 cooldown=240m)
[buy30727] 2026-06-06T00:12:58.175Z worker CC-MAIN-2025-47 pid=3729470 saturated#235(elapsed=36s new_merchants=0 remaining=2294 cooldown=240m)
[buy30727] 2026-06-06T00:12:58.188Z worker CC-MAIN-2025-51 pid=3729662 saturated#235(elapsed=35s new_merchants=0 remaining=2895 cooldown=240m)
[buy30727] 2026-06-06T00:12:58.201Z worker CC-MAIN-2025-43 pid=3729717 saturated#235(elapsed=33s new_merchants=0 remaining=1897 cooldown=240m)
[buy30727] 2026-06-06T00:12:58.220Z worker CC-MAIN-2025-38 pid=3729763 saturated#235(elapsed=32s new_merchants=0 remaining=1980 cooldown=240m)
[buy30727] 2026-06-06T00:12:58.224Z spawned CC-MAIN-2025-33 pid=3730735 baseline_merchants=13 log=/paperclip/instances/default/workspaces/3ec8f6dd-1735-4479-9825-a2c42edac34c/logs/buy30727_lane_cc_main_2025_33.log
[buy30727] 2026-06-06T00:12:59.752Z spawned CC-MAIN-2025-30 pid=3730761 baseline_merchants=136 log=/paperclip/instances/default/workspaces/3ec8f6dd-1735-4479-9825-a2c42edac34c/logs/buy30727_lane_cc_main_2025_30.log
[buy30727] 2026-06-06T00:13:01.269Z spawned CC-MAIN-2025-26 pid=3730826 baseline_merchants=18 log=/paperclip/instances/default/workspaces/3ec8f6dd-1735-4479-9825-a2c42edac34c/logs/buy30727_lane_cc_main_2025_26.log
[buy30727] 2026-06-06T00:13:02.778Z spawned CC-MAIN-2025-08 pid=3730907 baseline_merchants=7 log=/paperclip/instances/default/workspaces/3ec8f6dd-1735-4479-9825-a2c42edac34c/logs/buy30727_lane_cc_main_2025_08.log
[buy30727] 2026-06-06T00:13:04.287Z spawned CC-MAIN-2024-51 pid=3730931 baseline_merchants=427 log=/paperclip/instances/default/workspaces/3ec8f6dd-1735-4479-9825-a2c42edac34c/logs/buy30727_lane_cc_main_2024_51.log
[buy30727] 2026-06-06T00:13:35.877Z worker CC-MAIN-2025-33 pid=3730735 saturated#235(elapsed=38s new_merchants=0 remaining=2151 cooldown=240m)
[buy30727] 2026-06-06T00:13:35.911Z worker CC-MAIN-2025-30 pid=3730761 saturated#235(elapsed=36s new_merchants=0 remaining=2171 cooldown=240m)
[buy30727] 2026-06-06T00:13:35.917Z worker CC-MAIN-2025-26 pid=3730826 saturated#235(elapsed=35s new_merchants=0 remaining=744 cooldown=240m)
[buy30727] 2026-06-06T00:13:35.929Z worker CC-MAIN-2025-08 pid=3730907 saturated#235(elapsed=33s new_merchants=0 remaining=695 cooldown=240m)
[buy30727] 2026-06-06T00:13:35.969Z worker CC-MAIN-2024-51 pid=3730931 saturated#235(elapsed=32s new_merchants=0 remaining=1545 cooldown=240m)
[buy30727] 2026-06-06T00:13:35.974Z spawned CC-MAIN-2024-46 pid=3731587 baseline_merchants=92 log=/paperclip/instances/default/workspaces/3ec8f6dd-1735-4479-9825-a2c42edac34c/logs/buy30727_lane_cc_main_2024_46.log
[buy30727] 2026-06-06T00:13:37.508Z spawned CC-MAIN-2024-42 pid=3731642 baseline_merchants=91 log=/paperclip/instances/default/workspaces/3ec8f6dd-1735-4479-9825-a2c42edac34c/logs/buy30727_lane_cc_main_2024_42.log
[buy30727] 2026-06-06T00:13:39.043Z spawned CC-MAIN-2024-38 pid=3731665 baseline_merchants=36 log=/paperclip/instances/default/workspaces/3ec8f6dd-1735-4479-9825-a2c42edac34c/logs/buy30727_lane_cc_main_2024_38.log
[buy30727] 2026-06-06T00:13:40.554Z spawned CC-MAIN-2024-33 pid=3731727 baseline_merchants=88 log=/paperclip/instances/default/workspaces/3ec8f6dd-1735-4479-9825-a2c42edac34c/logs/buy30727_lane_cc_main_2024_33.log
[buy30727] 2026-06-06T00:13:42.064Z spawned CC-MAIN-2024-30 pid=3731897 baseline_merchants=17 log=/paperclip/instances/default/workspaces/3ec8f6dd-1735-4479-9825-a2c42edac34c/logs/buy30727_lane_cc_main_2024_30.log
[buy30727] 2026-06-06T00:14:13.632Z worker CC-MAIN-2024-46 pid=3731587 saturated#235(elapsed=38s new_merchants=0 remaining=1592 cooldown=240m)
[buy30727] 2026-06-06T00:14:13.657Z worker CC-MAIN-2024-42 pid=3731642 saturated#235(elapsed=36s new_merchants=0 remaining=1420 cooldown=240m)
[buy30727] 2026-06-06T00:14:13.663Z worker CC-MAIN-2024-38 pid=3731665 saturated#235(elapsed=35s new_merchants=0 remaining=581 cooldown=240m)
[buy30727] 2026-06-06T00:14:13.668Z worker CC-MAIN-2024-33 pid=3731727 saturated#235(elapsed=33s new_merchants=0 remaining=508 cooldown=240m)
[buy30727] 2026-06-06T00:14:13.671Z worker CC-MAIN-2024-30 pid=3731897 saturated#235(elapsed=32s new_merchants=0 remaining=424 cooldown=240m)
[buy30727] 2026-06-06T00:14:13.675Z spawned CC-MAIN-2024-26 pid=3732851 baseline_merchants=7 log=/paperclip/instances/default/workspaces/3ec8f6dd-1735-4479-9825-a2c42edac34c/logs/buy30727_lane_cc_main_2024_26.log
[buy30727] 2026-06-06T00:14:15.190Z spawned CC-MAIN-2024-22 pid=3732903 baseline_merchants=13 log=/paperclip/instances/default/workspaces/3ec8f6dd-1735-4479-9825-a2c42edac34c/logs/buy30727_lane_cc_main_2024_22.log
[buy30727] 2026-06-06T00:14:16.704Z spawned CC-MAIN-2024-18 pid=3732925 baseline_merchants=62 log=/paperclip/instances/default/workspaces/3ec8f6dd-1735-4479-9825-a2c42edac34c/logs/buy30727_lane_cc_main_2024_18.log
[buy30727] 2026-06-06T00:14:18.224Z spawned CC-MAIN-2024-10 pid=3732953 baseline_merchants=4 log=/paperclip/instances/default/workspaces/3ec8f6dd-1735-4479-9825-a2c42edac34c/logs/buy30727_lane_cc_main_2024_10.log
[buy30727] 2026-06-06T00:14:19.738Z spawned CC-MAIN-2023-50 pid=3733099 baseline_merchants=4 log=/paperclip/instances/default/workspaces/3ec8f6dd-1735-4479-9825-a2c42edac34c/logs/buy30727_lane_cc_main_2023_50.log
[buy30727] 2026-06-06T00:14:21.352Z tick=330 active=5 drained=20 saturated=27 known_merchants=15747 status=[CC-MAIN-2024-26:401/13353, CC-MAIN-2024-22:868/34722, CC-MAIN-2024-18:1033/47884, CC-MAIN-2024-10:794/32287, CC-MAIN-2023-50:378/14186]
[buy30727] 2026-06-06T00:14:51.437Z worker CC-MAIN-2024-26 pid=3732851 saturated#235(elapsed=38s new_merchants=0 remaining=401 cooldown=240m)
[buy30727] 2026-06-06T00:14:51.575Z worker CC-MAIN-2024-22 pid=3732903 saturated#235(elapsed=36s new_merchants=0 remaining=868 cooldown=240m)
[buy30727] 2026-06-06T00:14:51.650Z worker CC-MAIN-2024-18 pid=3732925 saturated#235(elapsed=35s new_merchants=0 remaining=1033 cooldown=240m)
[buy30727] 2026-06-06T00:14:51.702Z worker CC-MAIN-2024-10 pid=3732953 saturated#235(elapsed=33s new_merchants=0 remaining=794 cooldown=240m)
[buy30727] 2026-06-06T00:14:51.735Z worker CC-MAIN-2023-50 pid=3733099 saturated#235(elapsed=32s new_merchants=0 remaining=378 cooldown=240m)
[buy30727] 2026-06-06T00:14:51.764Z spawned CC-MAIN-2023-14 pid=3733894 baseline_merchants=53 log=/paperclip/instances/default/workspaces/3ec8f6dd-1735-4479-9825-a2c42edac34c/logs/buy30727_lane_cc_main_2023_14.log
[buy30727] 2026-06-06T00:14:53.301Z spawned CC-MAIN-2023-06 pid=3733945 baseline_merchants=45 log=/paperclip/instances/default/workspaces/3ec8f6dd-1735-4479-9825-a2c42edac34c/logs/buy30727_lane_cc_main_2023_06.log
[buy30727] 2026-06-06T00:14:54.834Z spawned CC-MAIN-2022-49 pid=3733968 baseline_merchants=5 log=/paperclip/instances/default/workspaces/3ec8f6dd-1735-4479-9825-a2c42edac34c/logs/buy30727_lane_cc_main_2022_49.log
[buy30727] 2026-06-06T00:14:56.397Z spawned CC-MAIN-2022-40 pid=3733990 baseline_merchants=3 log=/paperclip/instances/default/workspaces/3ec8f6dd-1735-4479-9825-a2c42edac34c/logs/buy30727_lane_cc_main_2022_40.log
[buy30727] 2026-06-06T00:14:57.938Z spawned CC-MAIN-2026-21 pid=3734023 baseline_merchants=853 log=/paperclip/instances/default/workspaces/3ec8f6dd-1735-4479-9825-a2c42edac34c/logs/buy30727_lane_cc_main_2026_21.log
[buy30727] 2026-06-06T00:15:29.500Z worker CC-MAIN-2023-14 pid=3733894 saturated#235(elapsed=38s new_merchants=0 remaining=248 cooldown=240m)
[buy30727] 2026-06-06T00:15:29.540Z worker CC-MAIN-2023-06 pid=3733945 saturated#235(elapsed=36s new_merchants=0 remaining=318 cooldown=240m)
[buy30727] 2026-06-06T00:15:29.562Z worker CC-MAIN-2022-49 pid=3733968 saturated#235(elapsed=35s new_merchants=0 remaining=323 cooldown=240m)
[buy30727] 2026-06-06T00:15:29.576Z worker CC-MAIN-2022-40 pid=3733990 saturated#235(elapsed=33s new_merchants=0 remaining=295 cooldown=240m)
[buy30727] 2026-06-06T00:15:29.584Z worker CC-MAIN-2026-21 pid=3734023 saturated#235(elapsed=32s new_merchants=0 remaining=862 cooldown=240m)
[buy30727] 2026-06-06T00:15:29.598Z spawned CC-MAIN-2026-17 pid=3734810 baseline_merchants=7 log=/paperclip/instances/default/workspaces/3ec8f6dd-1735-4479-9825-a2c42edac34c/logs/buy30727_lane_cc_main_2026_17.log
[buy30727] 2026-06-06T00:15:31.204Z spawned CC-MAIN-2025-18 pid=3734850 baseline_merchants=72 log=/paperclip/instances/default/workspaces/3ec8f6dd-1735-4479-9825-a2c42edac34c/logs/buy30727_lane_cc_main_2025_18.log
[buy30727] 2026-06-06T00:15:32.757Z spawned CC-MAIN-2025-05 pid=3734893 baseline_merchants=7 log=/paperclip/instances/default/workspaces/3ec8f6dd-1735-4479-9825-a2c42edac34c/logs/buy30727_lane_cc_main_2025_05.log
[buy30727] 2026-06-06T00:15:34.284Z spawned CC-MAIN-2025-47 pid=3734915 baseline_merchants=1421 log=/paperclip/instances/default/workspaces/3ec8f6dd-1735-4479-9825-a2c42edac34c/logs/buy30727_lane_cc_main_2025_47.log
[buy30727] 2026-06-06T00:15:35.855Z spawned CC-MAIN-2025-51 pid=3734939 baseline_merchants=236 log=/paperclip/instances/default/workspaces/3ec8f6dd-1735-4479-9825-a2c42edac34c/logs/buy30727_lane_cc_main_2025_51.log
[buy30727] 2026-06-06T00:16:07.429Z worker CC-MAIN-2026-17 pid=3734810 saturated#236(elapsed=38s new_merchants=0 remaining=3255 cooldown=240m)
[buy30727] 2026-06-06T00:16:07.543Z worker CC-MAIN-2025-18 pid=3734850 saturated#236(elapsed=36s new_merchants=0 remaining=2382 cooldown=240m)
[buy30727] 2026-06-06T00:16:07.550Z worker CC-MAIN-2025-05 pid=3734893 saturated#236(elapsed=35s new_merchants=0 remaining=625 cooldown=240m)
[buy30727] 2026-06-06T00:16:07.616Z worker CC-MAIN-2025-47 pid=3734915 saturated#236(elapsed=33s new_merchants=0 remaining=2294 cooldown=240m)
[buy30727] 2026-06-06T00:16:07.642Z worker CC-MAIN-2025-51 pid=3734939 saturated#236(elapsed=32s new_merchants=0 remaining=2895 cooldown=240m)
[buy30727] 2026-06-06T00:16:07.647Z spawned CC-MAIN-2025-43 pid=3736873 baseline_merchants=88 log=/paperclip/instances/default/workspaces/3ec8f6dd-1735-4479-9825-a2c42edac34c/logs/buy30727_lane_cc_main_2025_43.log
[buy30727] 2026-06-06T00:16:09.220Z spawned CC-MAIN-2025-38 pid=3736947 baseline_merchants=28 log=/paperclip/instances/default/workspaces/3ec8f6dd-1735-4479-9825-a2c42edac34c/logs/buy30727_lane_cc_main_2025_38.log
[buy30727] 2026-06-06T00:16:10.803Z spawned CC-MAIN-2025-33 pid=3737019 baseline_merchants=13 log=/paperclip/instances/default/workspaces/3ec8f6dd-1735-4479-9825-a2c42edac34c/logs/buy30727_lane_cc_main_2025_33.log
[buy30727] 2026-06-06T00:16:12.398Z spawned CC-MAIN-2025-30 pid=3737118 baseline_merchants=136 log=/paperclip/instances/default/workspaces/3ec8f6dd-1735-4479-9825-a2c42edac34c/logs/buy30727_lane_cc_main_2025_30.log
[buy30727] 2026-06-06T00:16:13.938Z spawned CC-MAIN-2025-26 pid=3737273 baseline_merchants=18 log=/paperclip/instances/default/workspaces/3ec8f6dd-1735-4479-9825-a2c42edac34c/logs/buy30727_lane_cc_main_2025_26.log
[buy30727] 2026-06-06T00:16:45.489Z worker CC-MAIN-2025-43 pid=3736873 saturated#236(elapsed=38s new_merchants=0 remaining=1897 cooldown=240m)
[buy30727] 2026-06-06T00:16:45.542Z worker CC-MAIN-2025-38 pid=3736947 saturated#236(elapsed=36s new_merchants=0 remaining=1980 cooldown=240m)
[buy30727] 2026-06-06T00:16:45.604Z worker CC-MAIN-2025-33 pid=3737019 saturated#236(elapsed=35s new_merchants=0 remaining=2151 cooldown=240m)
[buy30727] 2026-06-06T00:16:45.681Z worker CC-MAIN-2025-30 pid=3737118 saturated#236(elapsed=33s new_merchants=0 remaining=2171 cooldown=240m)
[buy30727] 2026-06-06T00:16:45.693Z worker CC-MAIN-2025-26 pid=3737273 saturated#236(elapsed=32s new_merchants=0 remaining=744 cooldown=240m)
[buy30727] 2026-06-06T00:16:45.702Z spawned CC-MAIN-2025-08 pid=3739323 baseline_merchants=7 log=/paperclip/instances/default/workspaces/3ec8f6dd-1735-4479-9825-a2c42edac34c/logs/buy30727_lane_cc_main_2025_08.log
[buy30727] 2026-06-06T00:16:47.228Z spawned CC-MAIN-2024-51 pid=3739495 baseline_merchants=427 log=/paperclip/instances/default/workspaces/3ec8f6dd-1735-4479-9825-a2c42edac34c/logs/buy30727_lane_cc_main_2024_51.log
[buy30727] 2026-06-06T00:16:48.759Z spawned CC-MAIN-2024-46 pid=3739580 baseline_merchants=92 log=/paperclip/instances/default/workspaces/3ec8f6dd-1735-4479-9825-a2c42edac34c/logs/buy30727_lane_cc_main_2024_46.log
[buy30727] 2026-06-06T00:16:50.310Z spawned CC-MAIN-2024-42 pid=3739668 baseline_merchants=91 log=/paperclip/instances/default/workspaces/3ec8f6dd-1735-4479-9825-a2c42edac34c/logs/buy30727_lane_cc_main_2024_42.log
[buy30727] 2026-06-06T00:16:51.850Z spawned CC-MAIN-2024-38 pid=3739744 baseline_merchants=36 log=/paperclip/instances/default/workspaces/3ec8f6dd-1735-4479-9825-a2c42edac34c/logs/buy30727_lane_cc_main_2024_38.log
[buy30727] 2026-06-06T00:17:23.410Z worker CC-MAIN-2025-08 pid=3739323 saturated#236(elapsed=38s new_merchants=0 remaining=695 cooldown=240m)
[buy30727] 2026-06-06T00:17:23.435Z worker CC-MAIN-2024-51 pid=3739495 saturated#236(elapsed=36s new_merchants=0 remaining=1545 cooldown=240m)
[buy30727] 2026-06-06T00:17:23.477Z worker CC-MAIN-2024-46 pid=3739580 saturated#236(elapsed=35s new_merchants=0 remaining=1592 cooldown=240m)
[buy30727] 2026-06-06T00:17:23.518Z worker CC-MAIN-2024-42 pid=3739668 saturated#236(elapsed=33s new_merchants=0 remaining=1420 cooldown=240m)
[buy30727] 2026-06-06T00:17:23.523Z worker CC-MAIN-2024-38 pid=3739744 saturated#236(elapsed=32s new_merchants=0 remaining=581 cooldown=240m)
[buy30727] 2026-06-06T00:17:23.529Z spawned CC-MAIN-2024-33 pid=3741096 baseline_merchants=88 log=/paperclip/instances/default/workspaces/3ec8f6dd-1735-4479-9825-a2c42edac34c/logs/buy30727_lane_cc_main_2024_33.log
[buy30727] 2026-06-06T00:17:25.044Z spawned CC-MAIN-2024-30 pid=3741137 baseline_merchants=17 log=/paperclip/instances/default/workspaces/3ec8f6dd-1735-4479-9825-a2c42edac34c/logs/buy30727_lane_cc_main_2024_30.log
[buy30727] 2026-06-06T00:17:26.559Z spawned CC-MAIN-2024-26 pid=3741195 baseline_merchants=7 log=/paperclip/instances/default/workspaces/3ec8f6dd-1735-4479-9825-a2c42edac34c/logs/buy30727_lane_cc_main_2024_26.log
[buy30727] 2026-06-06T00:17:28.073Z spawned CC-MAIN-2024-22 pid=3741306 baseline_merchants=13 log=/paperclip/instances/default/workspaces/3ec8f6dd-1735-4479-9825-a2c42edac34c/logs/buy30727_lane_cc_main_2024_22.log
[buy30727] 2026-06-06T00:17:29.613Z spawned CC-MAIN-2024-18 pid=3741342 baseline_merchants=62 log=/paperclip/instances/default/workspaces/3ec8f6dd-1735-4479-9825-a2c42edac34c/logs/buy30727_lane_cc_main_2024_18.log
[buy30727] 2026-06-06T00:18:02.049Z worker CC-MAIN-2024-33 pid=3741096 saturated#236(elapsed=39s new_merchants=0 remaining=508 cooldown=240m)
[buy30727] 2026-06-06T00:18:02.239Z worker CC-MAIN-2024-30 pid=3741137 saturated#236(elapsed=37s new_merchants=0 remaining=424 cooldown=240m)
[buy30727] 2026-06-06T00:18:02.245Z worker CC-MAIN-2024-26 pid=3741195 saturated#236(elapsed=36s new_merchants=0 remaining=401 cooldown=240m)
[buy30727] 2026-06-06T00:18:02.261Z worker CC-MAIN-2024-22 pid=3741306 saturated#236(elapsed=34s new_merchants=0 remaining=868 cooldown=240m)
[buy30727] 2026-06-06T00:18:02.288Z worker CC-MAIN-2024-18 pid=3741342 saturated#236(elapsed=33s new_merchants=0 remaining=1033 cooldown=240m)
[buy30727] 2026-06-06T00:18:02.292Z spawned CC-MAIN-2024-10 pid=3742330 baseline_merchants=4 log=/paperclip/instances/default/workspaces/3ec8f6dd-1735-4479-9825-a2c42edac34c/logs/buy30727_lane_cc_main_2024_10.log
[buy30727] 2026-06-06T00:18:04.054Z spawned CC-MAIN-2023-50 pid=3742363 baseline_merchants=4 log=/paperclip/instances/default/workspaces/3ec8f6dd-1735-4479-9825-a2c42edac34c/logs/buy30727_lane_cc_main_2023_50.log
[buy30727] 2026-06-06T00:18:05.569Z spawned CC-MAIN-2023-14 pid=3742396 baseline_merchants=53 log=/paperclip/instances/default/workspaces/3ec8f6dd-1735-4479-9825-a2c42edac34c/logs/buy30727_lane_cc_main_2023_14.log
[buy30727] 2026-06-06T00:18:07.087Z spawned CC-MAIN-2023-06 pid=3742460 baseline_merchants=45 log=/paperclip/instances/default/workspaces/3ec8f6dd-1735-4479-9825-a2c42edac34c/logs/buy30727_lane_cc_main_2023_06.log
